template_id,template_name,template_origin,mapping_disposition,source_seed_label,taxonomy_category,taxonomy_subcategory,taxonomy_section_item,regime,trigger_strategy,slot_schema,positive_constraints,weak_rejections,strong_rejections,confusable_uses,diagnosis_rules,diagnosis_type_labels,status
DTV3-POINT-040A2D479F57,【五29】 point-specific,GF0025_point_specific,point_specific_instantiated,,固定格式,未细分,未列小项,structural_pattern,source_literal_and_normalized_legacy_regex,"[""fixed_marker"",""internal_slot"",""construction_boundary""]","[""候选包含与权威条目 【五29】 对齐的可定位触发线索。"",""候选满足模板槽位：fixed_marker、internal_slot、construction_boundary。"",""候选按 structural_pattern 模式实现 固定格式 / 未细分 / 未列小项 所规定的语法功能。""]","[""触发线索存在，但候选边界未覆盖完整构式。"",""局部槽位可定位，但至少一个必需槽位仅得到弱支持。""]","[""触发线索只出现在标题、编号、术语或元语言说明中。"",""必需槽位缺失，且上下文不能恢复目标结构或目标功能。""]","[""相同表层形式可能实现 未细分 中的非目标功能。"",""相邻构式共享触发形式，但槽位关系或语法功能不同。""]","[{""if"":""候选边界不完整或过长"",""then"":""边界问题""},{""if"":""触发存在但必需槽位缺失"",""then"":""结构缺槽""},{""if"":""表层触发仅为元语言或非目标功能"",""then"":""表层触发但非目标""},{""if"":""槽位完整且目标功能成立"",""then"":""目标用例""}]","[""目标用例"",""边界问题"",""表层触发但非目标"",""结构缺槽"",""语义不兼容"",""其他具体构式"",""不确定/需复核""]",machine_instantiated_source_anchored
DTV3-POINT-060AD7B57121,【四71】 point-specific,GF0025_point_specific,point_specific_instantiated,,口语格式,未细分,未列小项,structural_pattern,source_literal_and_normalized_legacy_regex,"[""fixed_marker"",""internal_slot"",""construction_boundary""]","[""候选包含与权威条目 【四71】 对齐的可定位触发线索。"",""候选满足模板槽位：fixed_marker、internal_slot、construction_boundary。"",""候选按 structural_pattern 模式实现 口语格式 / 未细分 / 未列小项 所规定的语法功能。""]","[""触发线索存在，但候选边界未覆盖完整构式。"",""局部槽位可定位，但至少一个必需槽位仅得到弱支持。""]","[""触发线索只出现在标题、编号、术语或元语言说明中。"",""必需槽位缺失，且上下文不能恢复目标结构或目标功能。""]","[""相同表层形式可能实现 未细分 中的非目标功能。"",""相邻构式共享触发形式，但槽位关系或语法功能不同。""]","[{""if"":""候选边界不完整或过长"",""then"":""边界问题""},{""if"":""触发存在但必需槽位缺失"",""then"":""结构缺槽""},{""if"":""表层触发仅为元语言或非目标功能"",""then"":""表层触发但非目标""},{""if"":""槽位完整且目标功能成立"",""then"":""目标用例""}]","[""目标用例"",""边界问题"",""表层触发但非目标"",""结构缺槽"",""语义不兼容"",""其他具体构式"",""不确定/需复核""]",machine_instantiated_source_anchored
DTV3-POINT-07B44216BCBE,【四73】 point-specific,GF0025_point_specific,point_specific_instantiated,,口语格式,未细分,未列小项,structural_pattern,source_literal_and_normalized_legacy_regex,"[""fixed_marker"",""internal_slot"",""construction_boundary""]","[""候选包含与权威条目 【四73】 对齐的可定位触发线索。"",""候选满足模板槽位：fixed_marker、internal_slot、construction_boundary。"",""候选按 structural_pattern 模式实现 口语格式 / 未细分 / 未列小项 所规定的语法功能。""]","[""触发线索存在，但候选边界未覆盖完整构式。"",""局部槽位可定位，但至少一个必需槽位仅得到弱支持。""]","[""触发线索只出现在标题、编号、术语或元语言说明中。"",""必需槽位缺失，且上下文不能恢复目标结构或目标功能。""]","[""相同表层形式可能实现 未细分 中的非目标功能。"",""相邻构式共享触发形式，但槽位关系或语法功能不同。""]","[{""if"":""候选边界不完整或过长"",""then"":""边界问题""},{""if"":""触发存在但必需槽位缺失"",""then"":""结构缺槽""},{""if"":""表层触发仅为元语言或非目标功能"",""then"":""表层触发但非目标""},{""if"":""槽位完整且目标功能成立"",""then"":""目标用例""}]","[""目标用例"",""边界问题"",""表层触发但非目标"",""结构缺槽"",""语义不兼容"",""其他具体构式"",""不确定/需复核""]",machine_instantiated_source_anchored
DTV3-POINT-0860815D9C52,【七—九75】 point-specific,GF0025_point_specific,point_specific_instantiated,,口语格式,未细分,未列小项,structural_pattern,source_literal_and_normalized_legacy_regex,"[""fixed_marker"",""internal_slot"",""construction_boundary""]","[""候选包含与权威条目 【七—九75】 对齐的可定位触发线索。"",""候选满足模板槽位：fixed_marker、internal_slot、construction_boundary。"",""候选按 structural_pattern 模式实现 口语格式 / 未细分 / 未列小项 所规定的语法功能。""]","[""触发线索存在，但候选边界未覆盖完整构式。"",""局部槽位可定位，但至少一个必需槽位仅得到弱支持。""]","[""触发线索只出现在标题、编号、术语或元语言说明中。"",""必需槽位缺失，且上下文不能恢复目标结构或目标功能。""]","[""相同表层形式可能实现 未细分 中的非目标功能。"",""相邻构式共享触发形式，但槽位关系或语法功能不同。""]","[{""if"":""候选边界不完整或过长"",""then"":""边界问题""},{""if"":""触发存在但必需槽位缺失"",""then"":""结构缺槽""},{""if"":""表层触发仅为元语言或非目标功能"",""then"":""表层触发但非目标""},{""if"":""槽位完整且目标功能成立"",""then"":""目标用例""}]","[""目标用例"",""边界问题"",""表层触发但非目标"",""结构缺槽"",""语义不兼容"",""其他具体构式"",""不确定/需复核""]",machine_instantiated_source_anchored
DTV3-POINT-08FB9C1C359B,【二75】 point-specific,GF0025_point_specific,point_specific_instantiated,,提问的方法,未细分,未列小项,complex_functional,source_literal_and_normalized_legacy_regex,"[""question_scope"",""question_marker"",""requested_information""]","[""候选包含与权威条目 【二75】 对齐的可定位触发线索。"",""候选满足模板槽位：question_scope、question_marker、requested_information。"",""候选按 complex_functional 模式实现 提问的方法 / 未细分 / 未列小项 所规定的语法功能。""]","[""触发线索存在，但候选边界未覆盖完整构式。"",""局部槽位可定位，但至少一个必需槽位仅得到弱支持。""]","[""触发线索只出现在标题、编号、术语或元语言说明中。"",""必需槽位缺失，且上下文不能恢复目标结构或目标功能。""]","[""相同表层形式可能实现 未细分 中的非目标功能。"",""相邻构式共享触发形式，但槽位关系或语法功能不同。""]","[{""if"":""候选边界不完整或过长"",""then"":""边界问题""},{""if"":""触发存在但必需槽位缺失"",""then"":""结构缺槽""},{""if"":""表层触发仅为元语言或非目标功能"",""then"":""表层触发但非目标""},{""if"":""槽位完整且目标功能成立"",""then"":""目标用例""}]","[""目标用例"",""边界问题"",""表层触发但非目标"",""结构缺槽"",""语义不兼容"",""其他具体构式"",""不确定/需复核""]",machine_instantiated_source_anchored
DTV3-POINT-0A4110B4EDFD,【六60】 point-specific,GF0025_point_specific,point_specific_instantiated,,口语格式,未细分,未列小项,structural_pattern,source_literal_and_normalized_legacy_regex,"[""fixed_marker"",""internal_slot"",""construction_boundary""]","[""候选包含与权威条目 【六60】 对齐的可定位触发线索。"",""候选满足模板槽位：fixed_marker、internal_slot、construction_boundary。"",""候选按 structural_pattern 模式实现 口语格式 / 未细分 / 未列小项 所规定的语法功能。""]","[""触发线索存在，但候选边界未覆盖完整构式。"",""局部槽位可定位，但至少一个必需槽位仅得到弱支持。""]","[""触发线索只出现在标题、编号、术语或元语言说明中。"",""必需槽位缺失，且上下文不能恢复目标结构或目标功能。""]","[""相同表层形式可能实现 未细分 中的非目标功能。"",""相邻构式共享触发形式，但槽位关系或语法功能不同。""]","[{""if"":""候选边界不完整或过长"",""then"":""边界问题""},{""if"":""触发存在但必需槽位缺失"",""then"":""结构缺槽""},{""if"":""表层触发仅为元语言或非目标功能"",""then"":""表层触发但非目标""},{""if"":""槽位完整且目标功能成立"",""then"":""目标用例""}]","[""目标用例"",""边界问题"",""表层触发但非目标"",""结构缺槽"",""语义不兼容"",""其他具体构式"",""不确定/需复核""]",machine_instantiated_source_anchored
DTV3-POINT-0B97FDCF947C,【四69】 point-specific,GF0025_point_specific,point_specific_instantiated,,口语格式,未细分,未列小项,structural_pattern,source_literal_and_normalized_legacy_regex,"[""fixed_marker"",""internal_slot"",""construction_boundary""]","[""候选包含与权威条目 【四69】 对齐的可定位触发线索。"",""候选满足模板槽位：fixed_marker、internal_slot、construction_boundary。"",""候选按 structural_pattern 模式实现 口语格式 / 未细分 / 未列小项 所规定的语法功能。""]","[""触发线索存在，但候选边界未覆盖完整构式。"",""局部槽位可定位，但至少一个必需槽位仅得到弱支持。""]","[""触发线索只出现在标题、编号、术语或元语言说明中。"",""必需槽位缺失，且上下文不能恢复目标结构或目标功能。""]","[""相同表层形式可能实现 未细分 中的非目标功能。"",""相邻构式共享触发形式，但槽位关系或语法功能不同。""]","[{""if"":""候选边界不完整或过长"",""then"":""边界问题""},{""if"":""触发存在但必需槽位缺失"",""then"":""结构缺槽""},{""if"":""表层触发仅为元语言或非目标功能"",""then"":""表层触发但非目标""},{""if"":""槽位完整且目标功能成立"",""then"":""目标用例""}]","[""目标用例"",""边界问题"",""表层触发但非目标"",""结构缺槽"",""语义不兼容"",""其他具体构式"",""不确定/需复核""]",machine_instantiated_source_anchored
DTV3-POINT-0E17506B3CE3,【五58】 point-specific,GF0025_point_specific,point_specific_instantiated,,强调的方法,未细分,未列小项,complex_functional,source_literal_and_normalized_legacy_regex,"[""focus_expression"",""focus_marker"",""proposition""]","[""候选包含与权威条目 【五58】 对齐的可定位触发线索。"",""候选满足模板槽位：focus_expression、focus_marker、proposition。"",""候选按 complex_functional 模式实现 强调的方法 / 未细分 / 未列小项 所规定的语法功能。""]","[""触发线索存在，但候选边界未覆盖完整构式。"",""局部槽位可定位，但至少一个必需槽位仅得到弱支持。""]","[""触发线索只出现在标题、编号、术语或元语言说明中。"",""必需槽位缺失，且上下文不能恢复目标结构或目标功能。""]","[""相同表层形式可能实现 未细分 中的非目标功能。"",""相邻构式共享触发形式，但槽位关系或语法功能不同。""]","[{""if"":""候选边界不完整或过长"",""then"":""边界问题""},{""if"":""触发存在但必需槽位缺失"",""then"":""结构缺槽""},{""if"":""表层触发仅为元语言或非目标功能"",""then"":""表层触发但非目标""},{""if"":""槽位完整且目标功能成立"",""then"":""目标用例""}]","[""目标用例"",""边界问题"",""表层触发但非目标"",""结构缺槽"",""语义不兼容"",""其他具体构式"",""不确定/需复核""]",machine_instantiated_source_anchored
DTV3-POINT-118A8B87F2BA,【四30】 point-specific,GF0025_point_specific,point_specific_instantiated,,固定格式,未细分,未列小项,structural_pattern,source_literal_and_normalized_legacy_regex,"[""fixed_marker"",""internal_slot"",""construction_boundary""]","[""候选包含与权威条目 【四30】 对齐的可定位触发线索。"",""候选满足模板槽位：fixed_marker、internal_slot、construction_boundary。"",""候选按 structural_pattern 模式实现 固定格式 / 未细分 / 未列小项 所规定的语法功能。""]","[""触发线索存在，但候选边界未覆盖完整构式。"",""局部槽位可定位，但至少一个必需槽位仅得到弱支持。""]","[""触发线索只出现在标题、编号、术语或元语言说明中。"",""必需槽位缺失，且上下文不能恢复目标结构或目标功能。""]","[""相同表层形式可能实现 未细分 中的非目标功能。"",""相邻构式共享触发形式，但槽位关系或语法功能不同。""]","[{""if"":""候选边界不完整或过长"",""then"":""边界问题""},{""if"":""触发存在但必需槽位缺失"",""then"":""结构缺槽""},{""if"":""表层触发仅为元语言或非目标功能"",""then"":""表层触发但非目标""},{""if"":""槽位完整且目标功能成立"",""then"":""目标用例""}]","[""目标用例"",""边界问题"",""表层触发但非目标"",""结构缺槽"",""语义不兼容"",""其他具体构式"",""不确定/需复核""]",machine_instantiated_source_anchored
DTV3-POINT-1205E339752F,【三76】 point-specific,GF0025_point_specific,point_specific_instantiated,,强调的方法,未细分,未列小项,complex_functional,source_literal_and_normalized_legacy_regex,"[""focus_expression"",""focus_marker"",""proposition""]","[""候选包含与权威条目 【三76】 对齐的可定位触发线索。"",""候选满足模板槽位：focus_expression、focus_marker、proposition。"",""候选按 complex_functional 模式实现 强调的方法 / 未细分 / 未列小项 所规定的语法功能。""]","[""触发线索存在，但候选边界未覆盖完整构式。"",""局部槽位可定位，但至少一个必需槽位仅得到弱支持。""]","[""触发线索只出现在标题、编号、术语或元语言说明中。"",""必需槽位缺失，且上下文不能恢复目标结构或目标功能。""]","[""相同表层形式可能实现 未细分 中的非目标功能。"",""相邻构式共享触发形式，但槽位关系或语法功能不同。""]","[{""if"":""候选边界不完整或过长"",""then"":""边界问题""},{""if"":""触发存在但必需槽位缺失"",""then"":""结构缺槽""},{""if"":""表层触发仅为元语言或非目标功能"",""then"":""表层触发但非目标""},{""if"":""槽位完整且目标功能成立"",""then"":""目标用例""}]","[""目标用例"",""边界问题"",""表层触发但非目标"",""结构缺槽"",""语义不兼容"",""其他具体构式"",""不确定/需复核""]",machine_instantiated_source_anchored
DTV3-POINT-1431D8A12644,【六56】 point-specific,GF0025_point_specific,point_specific_instantiated,,口语格式,未细分,未列小项,structural_pattern,source_literal_and_normalized_legacy_regex,"[""fixed_marker"",""internal_slot"",""construction_boundary""]","[""候选包含与权威条目 【六56】 对齐的可定位触发线索。"",""候选满足模板槽位：fixed_marker、internal_slot、construction_boundary。"",""候选按 structural_pattern 模式实现 口语格式 / 未细分 / 未列小项 所规定的语法功能。""]","[""触发线索存在，但候选边界未覆盖完整构式。"",""局部槽位可定位，但至少一个必需槽位仅得到弱支持。""]","[""触发线索只出现在标题、编号、术语或元语言说明中。"",""必需槽位缺失，且上下文不能恢复目标结构或目标功能。""]","[""相同表层形式可能实现 未细分 中的非目标功能。"",""相邻构式共享触发形式，但槽位关系或语法功能不同。""]","[{""if"":""候选边界不完整或过长"",""then"":""边界问题""},{""if"":""触发存在但必需槽位缺失"",""then"":""结构缺槽""},{""if"":""表层触发仅为元语言或非目标功能"",""then"":""表层触发但非目标""},{""if"":""槽位完整且目标功能成立"",""then"":""目标用例""}]","[""目标用例"",""边界问题"",""表层触发但非目标"",""结构缺槽"",""语义不兼容"",""其他具体构式"",""不确定/需复核""]",machine_instantiated_source_anchored
DTV3-POINT-174813FD5E40,【六37】 point-specific,GF0025_point_specific,point_specific_instantiated,,固定格式,未细分,未列小项,structural_pattern,source_literal_and_normalized_legacy_regex,"[""fixed_marker"",""internal_slot"",""construction_boundary""]","[""候选包含与权威条目 【六37】 对齐的可定位触发线索。"",""候选满足模板槽位：fixed_marker、internal_slot、construction_boundary。"",""候选按 structural_pattern 模式实现 固定格式 / 未细分 / 未列小项 所规定的语法功能。""]","[""触发线索存在，但候选边界未覆盖完整构式。"",""局部槽位可定位，但至少一个必需槽位仅得到弱支持。""]","[""触发线索只出现在标题、编号、术语或元语言说明中。"",""必需槽位缺失，且上下文不能恢复目标结构或目标功能。""]","[""相同表层形式可能实现 未细分 中的非目标功能。"",""相邻构式共享触发形式，但槽位关系或语法功能不同。""]","[{""if"":""候选边界不完整或过长"",""then"":""边界问题""},{""if"":""触发存在但必需槽位缺失"",""then"":""结构缺槽""},{""if"":""表层触发仅为元语言或非目标功能"",""then"":""表层触发但非目标""},{""if"":""槽位完整且目标功能成立"",""then"":""目标用例""}]","[""目标用例"",""边界问题"",""表层触发但非目标"",""结构缺槽"",""语义不兼容"",""其他具体构式"",""不确定/需复核""]",machine_instantiated_source_anchored
DTV3-POINT-17EDEDB616A2,【五26】 point-specific,GF0025_point_specific,point_specific_instantiated,,固定格式,未细分,未列小项,structural_pattern,source_literal_and_normalized_legacy_regex,"[""fixed_marker"",""internal_slot"",""construction_boundary""]","[""候选包含与权威条目 【五26】 对齐的可定位触发线索。"",""候选满足模板槽位：fixed_marker、internal_slot、construction_boundary。"",""候选按 structural_pattern 模式实现 固定格式 / 未细分 / 未列小项 所规定的语法功能。""]","[""触发线索存在，但候选边界未覆盖完整构式。"",""局部槽位可定位，但至少一个必需槽位仅得到弱支持。""]","[""触发线索只出现在标题、编号、术语或元语言说明中。"",""必需槽位缺失，且上下文不能恢复目标结构或目标功能。""]","[""相同表层形式可能实现 未细分 中的非目标功能。"",""相邻构式共享触发形式，但槽位关系或语法功能不同。""]","[{""if"":""候选边界不完整或过长"",""then"":""边界问题""},{""if"":""触发存在但必需槽位缺失"",""then"":""结构缺槽""},{""if"":""表层触发仅为元语言或非目标功能"",""then"":""表层触发但非目标""},{""if"":""槽位完整且目标功能成立"",""then"":""目标用例""}]","[""目标用例"",""边界问题"",""表层触发但非目标"",""结构缺槽"",""语义不兼容"",""其他具体构式"",""不确定/需复核""]",machine_instantiated_source_anchored
DTV3-POINT-1A033788F938,【五60】 point-specific,GF0025_point_specific,point_specific_instantiated,,口语格式,未细分,未列小项,structural_pattern,source_literal_and_normalized_legacy_regex,"[""fixed_marker"",""internal_slot"",""construction_boundary""]","[""候选包含与权威条目 【五60】 对齐的可定位触发线索。"",""候选满足模板槽位：fixed_marker、internal_slot、construction_boundary。"",""候选按 structural_pattern 模式实现 口语格式 / 未细分 / 未列小项 所规定的语法功能。""]","[""触发线索存在，但候选边界未覆盖完整构式。"",""局部槽位可定位，但至少一个必需槽位仅得到弱支持。""]","[""触发线索只出现在标题、编号、术语或元语言说明中。"",""必需槽位缺失，且上下文不能恢复目标结构或目标功能。""]","[""相同表层形式可能实现 未细分 中的非目标功能。"",""相邻构式共享触发形式，但槽位关系或语法功能不同。""]","[{""if"":""候选边界不完整或过长"",""then"":""边界问题""},{""if"":""触发存在但必需槽位缺失"",""then"":""结构缺槽""},{""if"":""表层触发仅为元语言或非目标功能"",""then"":""表层触发但非目标""},{""if"":""槽位完整且目标功能成立"",""then"":""目标用例""}]","[""目标用例"",""边界问题"",""表层触发但非目标"",""结构缺槽"",""语义不兼容"",""其他具体构式"",""不确定/需复核""]",machine_instantiated_source_anchored
DTV3-POINT-1A3E54F5C89E,【三38】 point-specific,GF0025_point_specific,point_specific_instantiated,,固定格式,未细分,未列小项,structural_pattern,source_literal_and_normalized_legacy_regex,"[""fixed_marker"",""internal_slot"",""construction_boundary""]","[""候选包含与权威条目 【三38】 对齐的可定位触发线索。"",""候选满足模板槽位：fixed_marker、internal_slot、construction_boundary。"",""候选按 structural_pattern 模式实现 固定格式 / 未细分 / 未列小项 所规定的语法功能。""]","[""触发线索存在，但候选边界未覆盖完整构式。"",""局部槽位可定位，但至少一个必需槽位仅得到弱支持。""]","[""触发线索只出现在标题、编号、术语或元语言说明中。"",""必需槽位缺失，且上下文不能恢复目标结构或目标功能。""]","[""相同表层形式可能实现 未细分 中的非目标功能。"",""相邻构式共享触发形式，但槽位关系或语法功能不同。""]","[{""if"":""候选边界不完整或过长"",""then"":""边界问题""},{""if"":""触发存在但必需槽位缺失"",""then"":""结构缺槽""},{""if"":""表层触发仅为元语言或非目标功能"",""then"":""表层触发但非目标""},{""if"":""槽位完整且目标功能成立"",""then"":""目标用例""}]","[""目标用例"",""边界问题"",""表层触发但非目标"",""结构缺槽"",""语义不兼容"",""其他具体构式"",""不确定/需复核""]",machine_instantiated_source_anchored
DTV3-POINT-1B149288E6FA,【二80】 point-specific,GF0025_point_specific,point_specific_instantiated,,口语格式,未细分,未列小项,structural_pattern,source_literal_and_normalized_legacy_regex,"[""fixed_marker"",""internal_slot"",""construction_boundary""]","[""候选包含与权威条目 【二80】 对齐的可定位触发线索。"",""候选满足模板槽位：fixed_marker、internal_slot、construction_boundary。"",""候选按 structural_pattern 模式实现 口语格式 / 未细分 / 未列小项 所规定的语法功能。""]","[""触发线索存在，但候选边界未覆盖完整构式。"",""局部槽位可定位，但至少一个必需槽位仅得到弱支持。""]","[""触发线索只出现在标题、编号、术语或元语言说明中。"",""必需槽位缺失，且上下文不能恢复目标结构或目标功能。""]","[""相同表层形式可能实现 未细分 中的非目标功能。"",""相邻构式共享触发形式，但槽位关系或语法功能不同。""]","[{""if"":""候选边界不完整或过长"",""then"":""边界问题""},{""if"":""触发存在但必需槽位缺失"",""then"":""结构缺槽""},{""if"":""表层触发仅为元语言或非目标功能"",""then"":""表层触发但非目标""},{""if"":""槽位完整且目标功能成立"",""then"":""目标用例""}]","[""目标用例"",""边界问题"",""表层触发但非目标"",""结构缺槽"",""语义不兼容"",""其他具体构式"",""不确定/需复核""]",machine_instantiated_source_anchored
DTV3-POINT-1D043DFBDC40,【四70】 point-specific,GF0025_point_specific,point_specific_instantiated,,口语格式,未细分,未列小项,structural_pattern,source_literal_and_normalized_legacy_regex,"[""fixed_marker"",""internal_slot"",""construction_boundary""]","[""候选包含与权威条目 【四70】 对齐的可定位触发线索。"",""候选满足模板槽位：fixed_marker、internal_slot、construction_boundary。"",""候选按 structural_pattern 模式实现 口语格式 / 未细分 / 未列小项 所规定的语法功能。""]","[""触发线索存在，但候选边界未覆盖完整构式。"",""局部槽位可定位，但至少一个必需槽位仅得到弱支持。""]","[""触发线索只出现在标题、编号、术语或元语言说明中。"",""必需槽位缺失，且上下文不能恢复目标结构或目标功能。""]","[""相同表层形式可能实现 未细分 中的非目标功能。"",""相邻构式共享触发形式，但槽位关系或语法功能不同。""]","[{""if"":""候选边界不完整或过长"",""then"":""边界问题""},{""if"":""触发存在但必需槽位缺失"",""then"":""结构缺槽""},{""if"":""表层触发仅为元语言或非目标功能"",""then"":""表层触发但非目标""},{""if"":""槽位完整且目标功能成立"",""then"":""目标用例""}]","[""目标用例"",""边界问题"",""表层触发但非目标"",""结构缺槽"",""语义不兼容"",""其他具体构式"",""不确定/需复核""]",machine_instantiated_source_anchored
DTV3-POINT-1DE571C47EFE,【四32】 point-specific,GF0025_point_specific,point_specific_instantiated,,固定格式,未细分,未列小项,structural_pattern,source_literal_and_normalized_legacy_regex,"[""fixed_marker"",""internal_slot"",""construction_boundary""]","[""候选包含与权威条目 【四32】 对齐的可定位触发线索。"",""候选满足模板槽位：fixed_marker、internal_slot、construction_boundary。"",""候选按 structural_pattern 模式实现 固定格式 / 未细分 / 未列小项 所规定的语法功能。""]","[""触发线索存在，但候选边界未覆盖完整构式。"",""局部槽位可定位，但至少一个必需槽位仅得到弱支持。""]","[""触发线索只出现在标题、编号、术语或元语言说明中。"",""必需槽位缺失，且上下文不能恢复目标结构或目标功能。""]","[""相同表层形式可能实现 未细分 中的非目标功能。"",""相邻构式共享触发形式，但槽位关系或语法功能不同。""]","[{""if"":""候选边界不完整或过长"",""then"":""边界问题""},{""if"":""触发存在但必需槽位缺失"",""then"":""结构缺槽""},{""if"":""表层触发仅为元语言或非目标功能"",""then"":""表层触发但非目标""},{""if"":""槽位完整且目标功能成立"",""then"":""目标用例""}]","[""目标用例"",""边界问题"",""表层触发但非目标"",""结构缺槽"",""语义不兼容"",""其他具体构式"",""不确定/需复核""]",machine_instantiated_source_anchored
DTV3-POINT-1F03C84DBD88,【四76】 point-specific,GF0025_point_specific,point_specific_instantiated,,口语格式,未细分,未列小项,structural_pattern,source_literal_and_normalized_legacy_regex,"[""fixed_marker"",""internal_slot"",""construction_boundary""]","[""候选包含与权威条目 【四76】 对齐的可定位触发线索。"",""候选满足模板槽位：fixed_marker、internal_slot、construction_boundary。"",""候选按 structural_pattern 模式实现 口语格式 / 未细分 / 未列小项 所规定的语法功能。""]","[""触发线索存在，但候选边界未覆盖完整构式。"",""局部槽位可定位，但至少一个必需槽位仅得到弱支持。""]","[""触发线索只出现在标题、编号、术语或元语言说明中。"",""必需槽位缺失，且上下文不能恢复目标结构或目标功能。""]","[""相同表层形式可能实现 未细分 中的非目标功能。"",""相邻构式共享触发形式，但槽位关系或语法功能不同。""]","[{""if"":""候选边界不完整或过长"",""then"":""边界问题""},{""if"":""触发存在但必需槽位缺失"",""then"":""结构缺槽""},{""if"":""表层触发仅为元语言或非目标功能"",""then"":""表层触发但非目标""},{""if"":""槽位完整且目标功能成立"",""then"":""目标用例""}]","[""目标用例"",""边界问题"",""表层触发但非目标"",""结构缺槽"",""语义不兼容"",""其他具体构式"",""不确定/需复核""]",machine_instantiated_source_anchored
DTV3-POINT-1FCE23B30778,【四67】 point-specific,GF0025_point_specific,point_specific_instantiated,,口语格式,未细分,未列小项,structural_pattern,source_literal_and_normalized_legacy_regex,"[""fixed_marker"",""internal_slot"",""construction_boundary""]","[""候选包含与权威条目 【四67】 对齐的可定位触发线索。"",""候选满足模板槽位：fixed_marker、internal_slot、construction_boundary。"",""候选按 structural_pattern 模式实现 口语格式 / 未细分 / 未列小项 所规定的语法功能。""]","[""触发线索存在，但候选边界未覆盖完整构式。"",""局部槽位可定位，但至少一个必需槽位仅得到弱支持。""]","[""触发线索只出现在标题、编号、术语或元语言说明中。"",""必需槽位缺失，且上下文不能恢复目标结构或目标功能。""]","[""相同表层形式可能实现 未细分 中的非目标功能。"",""相邻构式共享触发形式，但槽位关系或语法功能不同。""]","[{""if"":""候选边界不完整或过长"",""then"":""边界问题""},{""if"":""触发存在但必需槽位缺失"",""then"":""结构缺槽""},{""if"":""表层触发仅为元语言或非目标功能"",""then"":""表层触发但非目标""},{""if"":""槽位完整且目标功能成立"",""then"":""目标用例""}]","[""目标用例"",""边界问题"",""表层触发但非目标"",""结构缺槽"",""语义不兼容"",""其他具体构式"",""不确定/需复核""]",machine_instantiated_source_anchored
DTV3-POINT-1FD9B8BE7191,【一45】 point-specific,GF0025_point_specific,point_specific_instantiated,,提问的方法,未细分,未列小项,complex_functional,source_literal_and_normalized_legacy_regex,"[""question_scope"",""question_marker"",""requested_information""]","[""候选包含与权威条目 【一45】 对齐的可定位触发线索。"",""候选满足模板槽位：question_scope、question_marker、requested_information。"",""候选按 complex_functional 模式实现 提问的方法 / 未细分 / 未列小项 所规定的语法功能。""]","[""触发线索存在，但候选边界未覆盖完整构式。"",""局部槽位可定位，但至少一个必需槽位仅得到弱支持。""]","[""触发线索只出现在标题、编号、术语或元语言说明中。"",""必需槽位缺失，且上下文不能恢复目标结构或目标功能。""]","[""相同表层形式可能实现 未细分 中的非目标功能。"",""相邻构式共享触发形式，但槽位关系或语法功能不同。""]","[{""if"":""候选边界不完整或过长"",""then"":""边界问题""},{""if"":""触发存在但必需槽位缺失"",""then"":""结构缺槽""},{""if"":""表层触发仅为元语言或非目标功能"",""then"":""表层触发但非目标""},{""if"":""槽位完整且目标功能成立"",""then"":""目标用例""}]","[""目标用例"",""边界问题"",""表层触发但非目标"",""结构缺槽"",""语义不兼容"",""其他具体构式"",""不确定/需复核""]",machine_instantiated_source_anchored
DTV3-POINT-24BDAB3684B9,【七—九82】 point-specific,GF0025_point_specific,point_specific_instantiated,,口语格式,未细分,未列小项,structural_pattern,source_literal_and_normalized_legacy_regex,"[""fixed_marker"",""internal_slot"",""construction_boundary""]","[""候选包含与权威条目 【七—九82】 对齐的可定位触发线索。"",""候选满足模板槽位：fixed_marker、internal_slot、construction_boundary。"",""候选按 structural_pattern 模式实现 口语格式 / 未细分 / 未列小项 所规定的语法功能。""]","[""触发线索存在，但候选边界未覆盖完整构式。"",""局部槽位可定位，但至少一个必需槽位仅得到弱支持。""]","[""触发线索只出现在标题、编号、术语或元语言说明中。"",""必需槽位缺失，且上下文不能恢复目标结构或目标功能。""]","[""相同表层形式可能实现 未细分 中的非目标功能。"",""相邻构式共享触发形式，但槽位关系或语法功能不同。""]","[{""if"":""候选边界不完整或过长"",""then"":""边界问题""},{""if"":""触发存在但必需槽位缺失"",""then"":""结构缺槽""},{""if"":""表层触发仅为元语言或非目标功能"",""then"":""表层触发但非目标""},{""if"":""槽位完整且目标功能成立"",""then"":""目标用例""}]","[""目标用例"",""边界问题"",""表层触发但非目标"",""结构缺槽"",""语义不兼容"",""其他具体构式"",""不确定/需复核""]",machine_instantiated_source_anchored
DTV3-POINT-2868596200D1,【四65】 point-specific,GF0025_point_specific,point_specific_instantiated,,强调的方法,未细分,未列小项,complex_functional,source_literal_and_normalized_legacy_regex,"[""focus_expression"",""focus_marker"",""proposition""]","[""候选包含与权威条目 【四65】 对齐的可定位触发线索。"",""候选满足模板槽位：focus_expression、focus_marker、proposition。"",""候选按 complex_functional 模式实现 强调的方法 / 未细分 / 未列小项 所规定的语法功能。""]","[""触发线索存在，但候选边界未覆盖完整构式。"",""局部槽位可定位，但至少一个必需槽位仅得到弱支持。""]","[""触发线索只出现在标题、编号、术语或元语言说明中。"",""必需槽位缺失，且上下文不能恢复目标结构或目标功能。""]","[""相同表层形式可能实现 未细分 中的非目标功能。"",""相邻构式共享触发形式，但槽位关系或语法功能不同。""]","[{""if"":""候选边界不完整或过长"",""then"":""边界问题""},{""if"":""触发存在但必需槽位缺失"",""then"":""结构缺槽""},{""if"":""表层触发仅为元语言或非目标功能"",""then"":""表层触发但非目标""},{""if"":""槽位完整且目标功能成立"",""then"":""目标用例""}]","[""目标用例"",""边界问题"",""表层触发但非目标"",""结构缺槽"",""语义不兼容"",""其他具体构式"",""不确定/需复核""]",machine_instantiated_source_anchored
DTV3-POINT-2B173EC611B8,【四29】 point-specific,GF0025_point_specific,point_specific_instantiated,,固定格式,未细分,未列小项,structural_pattern,source_literal_and_normalized_legacy_regex,"[""fixed_marker"",""internal_slot"",""construction_boundary""]","[""候选包含与权威条目 【四29】 对齐的可定位触发线索。"",""候选满足模板槽位：fixed_marker、internal_slot、construction_boundary。"",""候选按 structural_pattern 模式实现 固定格式 / 未细分 / 未列小项 所规定的语法功能。""]","[""触发线索存在，但候选边界未覆盖完整构式。"",""局部槽位可定位，但至少一个必需槽位仅得到弱支持。""]","[""触发线索只出现在标题、编号、术语或元语言说明中。"",""必需槽位缺失，且上下文不能恢复目标结构或目标功能。""]","[""相同表层形式可能实现 未细分 中的非目标功能。"",""相邻构式共享触发形式，但槽位关系或语法功能不同。""]","[{""if"":""候选边界不完整或过长"",""then"":""边界问题""},{""if"":""触发存在但必需槽位缺失"",""then"":""结构缺槽""},{""if"":""表层触发仅为元语言或非目标功能"",""then"":""表层触发但非目标""},{""if"":""槽位完整且目标功能成立"",""then"":""目标用例""}]","[""目标用例"",""边界问题"",""表层触发但非目标"",""结构缺槽"",""语义不兼容"",""其他具体构式"",""不确定/需复核""]",machine_instantiated_source_anchored
DTV3-POINT-2B19FEF1845C,【七—九80】 point-specific,GF0025_point_specific,point_specific_instantiated,,口语格式,未细分,未列小项,structural_pattern,source_literal_and_normalized_legacy_regex,"[""fixed_marker"",""internal_slot"",""construction_boundary""]","[""候选包含与权威条目 【七—九80】 对齐的可定位触发线索。"",""候选满足模板槽位：fixed_marker、internal_slot、construction_boundary。"",""候选按 structural_pattern 模式实现 口语格式 / 未细分 / 未列小项 所规定的语法功能。""]","[""触发线索存在，但候选边界未覆盖完整构式。"",""局部槽位可定位，但至少一个必需槽位仅得到弱支持。""]","[""触发线索只出现在标题、编号、术语或元语言说明中。"",""必需槽位缺失，且上下文不能恢复目标结构或目标功能。""]","[""相同表层形式可能实现 未细分 中的非目标功能。"",""相邻构式共享触发形式，但槽位关系或语法功能不同。""]","[{""if"":""候选边界不完整或过长"",""then"":""边界问题""},{""if"":""触发存在但必需槽位缺失"",""then"":""结构缺槽""},{""if"":""表层触发仅为元语言或非目标功能"",""then"":""表层触发但非目标""},{""if"":""槽位完整且目标功能成立"",""then"":""目标用例""}]","[""目标用例"",""边界问题"",""表层触发但非目标"",""结构缺槽"",""语义不兼容"",""其他具体构式"",""不确定/需复核""]",machine_instantiated_source_anchored
DTV3-POINT-2B7EB2A849B9,【六62】 point-specific,GF0025_point_specific,point_specific_instantiated,,口语格式,未细分,未列小项,structural_pattern,source_literal_and_normalized_legacy_regex,"[""fixed_marker"",""internal_slot"",""construction_boundary""]","[""候选包含与权威条目 【六62】 对齐的可定位触发线索。"",""候选满足模板槽位：fixed_marker、internal_slot、construction_boundary。"",""候选按 structural_pattern 模式实现 口语格式 / 未细分 / 未列小项 所规定的语法功能。""]","[""触发线索存在，但候选边界未覆盖完整构式。"",""局部槽位可定位，但至少一个必需槽位仅得到弱支持。""]","[""触发线索只出现在标题、编号、术语或元语言说明中。"",""必需槽位缺失，且上下文不能恢复目标结构或目标功能。""]","[""相同表层形式可能实现 未细分 中的非目标功能。"",""相邻构式共享触发形式，但槽位关系或语法功能不同。""]","[{""if"":""候选边界不完整或过长"",""then"":""边界问题""},{""if"":""触发存在但必需槽位缺失"",""then"":""结构缺槽""},{""if"":""表层触发仅为元语言或非目标功能"",""then"":""表层触发但非目标""},{""if"":""槽位完整且目标功能成立"",""then"":""目标用例""}]","[""目标用例"",""边界问题"",""表层触发但非目标"",""结构缺槽"",""语义不兼容"",""其他具体构式"",""不确定/需复核""]",machine_instantiated_source_anchored
DTV3-POINT-3184E0586DF4,【七—九28】 point-specific,GF0025_point_specific,point_specific_instantiated,,固定格式,未细分,未列小项,structural_pattern,source_literal_and_normalized_legacy_regex,"[""fixed_marker"",""internal_slot"",""construction_boundary""]","[""候选包含与权威条目 【七—九28】 对齐的可定位触发线索。"",""候选满足模板槽位：fixed_marker、internal_slot、construction_boundary。"",""候选按 structural_pattern 模式实现 固定格式 / 未细分 / 未列小项 所规定的语法功能。""]","[""触发线索存在，但候选边界未覆盖完整构式。"",""局部槽位可定位，但至少一个必需槽位仅得到弱支持。""]","[""触发线索只出现在标题、编号、术语或元语言说明中。"",""必需槽位缺失，且上下文不能恢复目标结构或目标功能。""]","[""相同表层形式可能实现 未细分 中的非目标功能。"",""相邻构式共享触发形式，但槽位关系或语法功能不同。""]","[{""if"":""候选边界不完整或过长"",""then"":""边界问题""},{""if"":""触发存在但必需槽位缺失"",""then"":""结构缺槽""},{""if"":""表层触发仅为元语言或非目标功能"",""then"":""表层触发但非目标""},{""if"":""槽位完整且目标功能成立"",""then"":""目标用例""}]","[""目标用例"",""边界问题"",""表层触发但非目标"",""结构缺槽"",""语义不兼容"",""其他具体构式"",""不确定/需复核""]",machine_instantiated_source_anchored
DTV3-POINT-33F77D14D4E7,【六64】 point-specific,GF0025_point_specific,point_specific_instantiated,,口语格式,未细分,未列小项,structural_pattern,source_literal_and_normalized_legacy_regex,"[""fixed_marker"",""internal_slot"",""construction_boundary""]","[""候选包含与权威条目 【六64】 对齐的可定位触发线索。"",""候选满足模板槽位：fixed_marker、internal_slot、construction_boundary。"",""候选按 structural_pattern 模式实现 口语格式 / 未细分 / 未列小项 所规定的语法功能。""]","[""触发线索存在，但候选边界未覆盖完整构式。"",""局部槽位可定位，但至少一个必需槽位仅得到弱支持。""]","[""触发线索只出现在标题、编号、术语或元语言说明中。"",""必需槽位缺失，且上下文不能恢复目标结构或目标功能。""]","[""相同表层形式可能实现 未细分 中的非目标功能。"",""相邻构式共享触发形式，但槽位关系或语法功能不同。""]","[{""if"":""候选边界不完整或过长"",""then"":""边界问题""},{""if"":""触发存在但必需槽位缺失"",""then"":""结构缺槽""},{""if"":""表层触发仅为元语言或非目标功能"",""then"":""表层触发但非目标""},{""if"":""槽位完整且目标功能成立"",""then"":""目标用例""}]","[""目标用例"",""边界问题"",""表层触发但非目标"",""结构缺槽"",""语义不兼容"",""其他具体构式"",""不确定/需复核""]",machine_instantiated_source_anchored
DTV3-POINT-36C163FCB251,【六36】 point-specific,GF0025_point_specific,point_specific_instantiated,,固定格式,未细分,未列小项,structural_pattern,source_literal_and_normalized_legacy_regex,"[""fixed_marker"",""internal_slot"",""construction_boundary""]","[""候选包含与权威条目 【六36】 对齐的可定位触发线索。"",""候选满足模板槽位：fixed_marker、internal_slot、construction_boundary。"",""候选按 structural_pattern 模式实现 固定格式 / 未细分 / 未列小项 所规定的语法功能。""]","[""触发线索存在，但候选边界未覆盖完整构式。"",""局部槽位可定位，但至少一个必需槽位仅得到弱支持。""]","[""触发线索只出现在标题、编号、术语或元语言说明中。"",""必需槽位缺失，且上下文不能恢复目标结构或目标功能。""]","[""相同表层形式可能实现 未细分 中的非目标功能。"",""相邻构式共享触发形式，但槽位关系或语法功能不同。""]","[{""if"":""候选边界不完整或过长"",""then"":""边界问题""},{""if"":""触发存在但必需槽位缺失"",""then"":""结构缺槽""},{""if"":""表层触发仅为元语言或非目标功能"",""then"":""表层触发但非目标""},{""if"":""槽位完整且目标功能成立"",""then"":""目标用例""}]","[""目标用例"",""边界问题"",""表层触发但非目标"",""结构缺槽"",""语义不兼容"",""其他具体构式"",""不确定/需复核""]",machine_instantiated_source_anchored
DTV3-POINT-389D37CFC136,【二45】 point-specific,GF0025_point_specific,point_specific_instantiated,,固定格式,未细分,未列小项,structural_pattern,source_literal_and_normalized_legacy_regex,"[""fixed_marker"",""internal_slot"",""construction_boundary""]","[""候选包含与权威条目 【二45】 对齐的可定位触发线索。"",""候选满足模板槽位：fixed_marker、internal_slot、construction_boundary。"",""候选按 structural_pattern 模式实现 固定格式 / 未细分 / 未列小项 所规定的语法功能。""]","[""触发线索存在，但候选边界未覆盖完整构式。"",""局部槽位可定位，但至少一个必需槽位仅得到弱支持。""]","[""触发线索只出现在标题、编号、术语或元语言说明中。"",""必需槽位缺失，且上下文不能恢复目标结构或目标功能。""]","[""相同表层形式可能实现 未细分 中的非目标功能。"",""相邻构式共享触发形式，但槽位关系或语法功能不同。""]","[{""if"":""候选边界不完整或过长"",""then"":""边界问题""},{""if"":""触发存在但必需槽位缺失"",""then"":""结构缺槽""},{""if"":""表层触发仅为元语言或非目标功能"",""then"":""表层触发但非目标""},{""if"":""槽位完整且目标功能成立"",""then"":""目标用例""}]","[""目标用例"",""边界问题"",""表层触发但非目标"",""结构缺槽"",""语义不兼容"",""其他具体构式"",""不确定/需复核""]",machine_instantiated_source_anchored
DTV3-POINT-394B3BDE8EA2,【六57】 point-specific,GF0025_point_specific,point_specific_instantiated,,口语格式,未细分,未列小项,structural_pattern,source_literal_and_normalized_legacy_regex,"[""fixed_marker"",""internal_slot"",""construction_boundary""]","[""候选包含与权威条目 【六57】 对齐的可定位触发线索。"",""候选满足模板槽位：fixed_marker、internal_slot、construction_boundary。"",""候选按 structural_pattern 模式实现 口语格式 / 未细分 / 未列小项 所规定的语法功能。""]","[""触发线索存在，但候选边界未覆盖完整构式。"",""局部槽位可定位，但至少一个必需槽位仅得到弱支持。""]","[""触发线索只出现在标题、编号、术语或元语言说明中。"",""必需槽位缺失，且上下文不能恢复目标结构或目标功能。""]","[""相同表层形式可能实现 未细分 中的非目标功能。"",""相邻构式共享触发形式，但槽位关系或语法功能不同。""]","[{""if"":""候选边界不完整或过长"",""then"":""边界问题""},{""if"":""触发存在但必需槽位缺失"",""then"":""结构缺槽""},{""if"":""表层触发仅为元语言或非目标功能"",""then"":""表层触发但非目标""},{""if"":""槽位完整且目标功能成立"",""then"":""目标用例""}]","[""目标用例"",""边界问题"",""表层触发但非目标"",""结构缺槽"",""语义不兼容"",""其他具体构式"",""不确定/需复核""]",machine_instantiated_source_anchored
DTV3-POINT-3A9734534749,【三41】 point-specific,GF0025_point_specific,point_specific_instantiated,,固定格式,未细分,未列小项,structural_pattern,source_literal_and_normalized_legacy_regex,"[""fixed_marker"",""internal_slot"",""construction_boundary""]","[""候选包含与权威条目 【三41】 对齐的可定位触发线索。"",""候选满足模板槽位：fixed_marker、internal_slot、construction_boundary。"",""候选按 structural_pattern 模式实现 固定格式 / 未细分 / 未列小项 所规定的语法功能。""]","[""触发线索存在，但候选边界未覆盖完整构式。"",""局部槽位可定位，但至少一个必需槽位仅得到弱支持。""]","[""触发线索只出现在标题、编号、术语或元语言说明中。"",""必需槽位缺失，且上下文不能恢复目标结构或目标功能。""]","[""相同表层形式可能实现 未细分 中的非目标功能。"",""相邻构式共享触发形式，但槽位关系或语法功能不同。""]","[{""if"":""候选边界不完整或过长"",""then"":""边界问题""},{""if"":""触发存在但必需槽位缺失"",""then"":""结构缺槽""},{""if"":""表层触发仅为元语言或非目标功能"",""then"":""表层触发但非目标""},{""if"":""槽位完整且目标功能成立"",""then"":""目标用例""}]","[""目标用例"",""边界问题"",""表层触发但非目标"",""结构缺槽"",""语义不兼容"",""其他具体构式"",""不确定/需复核""]",machine_instantiated_source_anchored
DTV3-POINT-3ABC66D56D80,【三79】 point-specific,GF0025_point_specific,point_specific_instantiated,,口语格式,未细分,未列小项,structural_pattern,source_literal_and_normalized_legacy_regex,"[""fixed_marker"",""internal_slot"",""construction_boundary""]","[""候选包含与权威条目 【三79】 对齐的可定位触发线索。"",""候选满足模板槽位：fixed_marker、internal_slot、construction_boundary。"",""候选按 structural_pattern 模式实现 口语格式 / 未细分 / 未列小项 所规定的语法功能。""]","[""触发线索存在，但候选边界未覆盖完整构式。"",""局部槽位可定位，但至少一个必需槽位仅得到弱支持。""]","[""触发线索只出现在标题、编号、术语或元语言说明中。"",""必需槽位缺失，且上下文不能恢复目标结构或目标功能。""]","[""相同表层形式可能实现 未细分 中的非目标功能。"",""相邻构式共享触发形式，但槽位关系或语法功能不同。""]","[{""if"":""候选边界不完整或过长"",""then"":""边界问题""},{""if"":""触发存在但必需槽位缺失"",""then"":""结构缺槽""},{""if"":""表层触发仅为元语言或非目标功能"",""then"":""表层触发但非目标""},{""if"":""槽位完整且目标功能成立"",""then"":""目标用例""}]","[""目标用例"",""边界问题"",""表层触发但非目标"",""结构缺槽"",""语义不兼容"",""其他具体构式"",""不确定/需复核""]",machine_instantiated_source_anchored
DTV3-POINT-3B3747BBA54F,【五66】 point-specific,GF0025_point_specific,point_specific_instantiated,,口语格式,未细分,未列小项,structural_pattern,source_literal_and_normalized_legacy_regex,"[""fixed_marker"",""internal_slot"",""construction_boundary""]","[""候选包含与权威条目 【五66】 对齐的可定位触发线索。"",""候选满足模板槽位：fixed_marker、internal_slot、construction_boundary。"",""候选按 structural_pattern 模式实现 口语格式 / 未细分 / 未列小项 所规定的语法功能。""]","[""触发线索存在，但候选边界未覆盖完整构式。"",""局部槽位可定位，但至少一个必需槽位仅得到弱支持。""]","[""触发线索只出现在标题、编号、术语或元语言说明中。"",""必需槽位缺失，且上下文不能恢复目标结构或目标功能。""]","[""相同表层形式可能实现 未细分 中的非目标功能。"",""相邻构式共享触发形式，但槽位关系或语法功能不同。""]","[{""if"":""候选边界不完整或过长"",""then"":""边界问题""},{""if"":""触发存在但必需槽位缺失"",""then"":""结构缺槽""},{""if"":""表层触发仅为元语言或非目标功能"",""then"":""表层触发但非目标""},{""if"":""槽位完整且目标功能成立"",""then"":""目标用例""}]","[""目标用例"",""边界问题"",""表层触发但非目标"",""结构缺槽"",""语义不兼容"",""其他具体构式"",""不确定/需复核""]",machine_instantiated_source_anchored
DTV3-POINT-4000EA6757A1,【七—九30】 point-specific,GF0025_point_specific,point_specific_instantiated,,固定格式,未细分,未列小项,structural_pattern,source_literal_and_normalized_legacy_regex,"[""fixed_marker"",""internal_slot"",""construction_boundary""]","[""候选包含与权威条目 【七—九30】 对齐的可定位触发线索。"",""候选满足模板槽位：fixed_marker、internal_slot、construction_boundary。"",""候选按 structural_pattern 模式实现 固定格式 / 未细分 / 未列小项 所规定的语法功能。""]","[""触发线索存在，但候选边界未覆盖完整构式。"",""局部槽位可定位，但至少一个必需槽位仅得到弱支持。""]","[""触发线索只出现在标题、编号、术语或元语言说明中。"",""必需槽位缺失，且上下文不能恢复目标结构或目标功能。""]","[""相同表层形式可能实现 未细分 中的非目标功能。"",""相邻构式共享触发形式，但槽位关系或语法功能不同。""]","[{""if"":""候选边界不完整或过长"",""then"":""边界问题""},{""if"":""触发存在但必需槽位缺失"",""then"":""结构缺槽""},{""if"":""表层触发仅为元语言或非目标功能"",""then"":""表层触发但非目标""},{""if"":""槽位完整且目标功能成立"",""then"":""目标用例""}]","[""目标用例"",""边界问题"",""表层触发但非目标"",""结构缺槽"",""语义不兼容"",""其他具体构式"",""不确定/需复核""]",machine_instantiated_source_anchored
DTV3-POINT-44D013CCCE3F,【二78】 point-specific,GF0025_point_specific,point_specific_instantiated,,提问的方法,未细分,未列小项,complex_functional,source_literal_and_normalized_legacy_regex,"[""question_scope"",""question_marker"",""requested_information""]","[""候选包含与权威条目 【二78】 对齐的可定位触发线索。"",""候选满足模板槽位：question_scope、question_marker、requested_information。"",""候选按 complex_functional 模式实现 提问的方法 / 未细分 / 未列小项 所规定的语法功能。""]","[""触发线索存在，但候选边界未覆盖完整构式。"",""局部槽位可定位，但至少一个必需槽位仅得到弱支持。""]","[""触发线索只出现在标题、编号、术语或元语言说明中。"",""必需槽位缺失，且上下文不能恢复目标结构或目标功能。""]","[""相同表层形式可能实现 未细分 中的非目标功能。"",""相邻构式共享触发形式，但槽位关系或语法功能不同。""]","[{""if"":""候选边界不完整或过长"",""then"":""边界问题""},{""if"":""触发存在但必需槽位缺失"",""then"":""结构缺槽""},{""if"":""表层触发仅为元语言或非目标功能"",""then"":""表层触发但非目标""},{""if"":""槽位完整且目标功能成立"",""then"":""目标用例""}]","[""目标用例"",""边界问题"",""表层触发但非目标"",""结构缺槽"",""语义不兼容"",""其他具体构式"",""不确定/需复核""]",machine_instantiated_source_anchored
DTV3-POINT-4686532895D8,【二81】 point-specific,GF0025_point_specific,point_specific_instantiated,,口语格式,未细分,未列小项,structural_pattern,source_literal_and_normalized_legacy_regex,"[""fixed_marker"",""internal_slot"",""construction_boundary""]","[""候选包含与权威条目 【二81】 对齐的可定位触发线索。"",""候选满足模板槽位：fixed_marker、internal_slot、construction_boundary。"",""候选按 structural_pattern 模式实现 口语格式 / 未细分 / 未列小项 所规定的语法功能。""]","[""触发线索存在，但候选边界未覆盖完整构式。"",""局部槽位可定位，但至少一个必需槽位仅得到弱支持。""]","[""触发线索只出现在标题、编号、术语或元语言说明中。"",""必需槽位缺失，且上下文不能恢复目标结构或目标功能。""]","[""相同表层形式可能实现 未细分 中的非目标功能。"",""相邻构式共享触发形式，但槽位关系或语法功能不同。""]","[{""if"":""候选边界不完整或过长"",""then"":""边界问题""},{""if"":""触发存在但必需槽位缺失"",""then"":""结构缺槽""},{""if"":""表层触发仅为元语言或非目标功能"",""then"":""表层触发但非目标""},{""if"":""槽位完整且目标功能成立"",""then"":""目标用例""}]","[""目标用例"",""边界问题"",""表层触发但非目标"",""结构缺槽"",""语义不兼容"",""其他具体构式"",""不确定/需复核""]",machine_instantiated_source_anchored
DTV3-POINT-48C147CED90A,【五27】 point-specific,GF0025_point_specific,point_specific_instantiated,,固定格式,未细分,未列小项,structural_pattern,source_literal_and_normalized_legacy_regex,"[""fixed_marker"",""internal_slot"",""construction_boundary""]","[""候选包含与权威条目 【五27】 对齐的可定位触发线索。"",""候选满足模板槽位：fixed_marker、internal_slot、construction_boundary。"",""候选按 structural_pattern 模式实现 固定格式 / 未细分 / 未列小项 所规定的语法功能。""]","[""触发线索存在，但候选边界未覆盖完整构式。"",""局部槽位可定位，但至少一个必需槽位仅得到弱支持。""]","[""触发线索只出现在标题、编号、术语或元语言说明中。"",""必需槽位缺失，且上下文不能恢复目标结构或目标功能。""]","[""相同表层形式可能实现 未细分 中的非目标功能。"",""相邻构式共享触发形式，但槽位关系或语法功能不同。""]","[{""if"":""候选边界不完整或过长"",""then"":""边界问题""},{""if"":""触发存在但必需槽位缺失"",""then"":""结构缺槽""},{""if"":""表层触发仅为元语言或非目标功能"",""then"":""表层触发但非目标""},{""if"":""槽位完整且目标功能成立"",""then"":""目标用例""}]","[""目标用例"",""边界问题"",""表层触发但非目标"",""结构缺槽"",""语义不兼容"",""其他具体构式"",""不确定/需复核""]",machine_instantiated_source_anchored
DTV3-POINT-4E049C2CF787,【七—九89】 point-specific,GF0025_point_specific,point_specific_instantiated,,口语格式,未细分,未列小项,structural_pattern,source_literal_and_normalized_legacy_regex,"[""fixed_marker"",""internal_slot"",""construction_boundary""]","[""候选包含与权威条目 【七—九89】 对齐的可定位触发线索。"",""候选满足模板槽位：fixed_marker、internal_slot、construction_boundary。"",""候选按 structural_pattern 模式实现 口语格式 / 未细分 / 未列小项 所规定的语法功能。""]","[""触发线索存在，但候选边界未覆盖完整构式。"",""局部槽位可定位，但至少一个必需槽位仅得到弱支持。""]","[""触发线索只出现在标题、编号、术语或元语言说明中。"",""必需槽位缺失，且上下文不能恢复目标结构或目标功能。""]","[""相同表层形式可能实现 未细分 中的非目标功能。"",""相邻构式共享触发形式，但槽位关系或语法功能不同。""]","[{""if"":""候选边界不完整或过长"",""then"":""边界问题""},{""if"":""触发存在但必需槽位缺失"",""then"":""结构缺槽""},{""if"":""表层触发仅为元语言或非目标功能"",""then"":""表层触发但非目标""},{""if"":""槽位完整且目标功能成立"",""then"":""目标用例""}]","[""目标用例"",""边界问题"",""表层触发但非目标"",""结构缺槽"",""语义不兼容"",""其他具体构式"",""不确定/需复核""]",machine_instantiated_source_anchored
DTV3-POINT-51770598377D,【二76】 point-specific,GF0025_point_specific,point_specific_instantiated,,提问的方法,未细分,未列小项,complex_functional,source_literal_and_normalized_legacy_regex,"[""question_scope"",""question_marker"",""requested_information""]","[""候选包含与权威条目 【二76】 对齐的可定位触发线索。"",""候选满足模板槽位：question_scope、question_marker、requested_information。"",""候选按 complex_functional 模式实现 提问的方法 / 未细分 / 未列小项 所规定的语法功能。""]","[""触发线索存在，但候选边界未覆盖完整构式。"",""局部槽位可定位，但至少一个必需槽位仅得到弱支持。""]","[""触发线索只出现在标题、编号、术语或元语言说明中。"",""必需槽位缺失，且上下文不能恢复目标结构或目标功能。""]","[""相同表层形式可能实现 未细分 中的非目标功能。"",""相邻构式共享触发形式，但槽位关系或语法功能不同。""]","[{""if"":""候选边界不完整或过长"",""then"":""边界问题""},{""if"":""触发存在但必需槽位缺失"",""then"":""结构缺槽""},{""if"":""表层触发仅为元语言或非目标功能"",""then"":""表层触发但非目标""},{""if"":""槽位完整且目标功能成立"",""then"":""目标用例""}]","[""目标用例"",""边界问题"",""表层触发但非目标"",""结构缺槽"",""语义不兼容"",""其他具体构式"",""不确定/需复核""]",machine_instantiated_source_anchored
DTV3-POINT-51FF2B414E11,【五28】 point-specific,GF0025_point_specific,point_specific_instantiated,,固定格式,未细分,未列小项,structural_pattern,source_literal_and_normalized_legacy_regex,"[""fixed_marker"",""internal_slot"",""construction_boundary""]","[""候选包含与权威条目 【五28】 对齐的可定位触发线索。"",""候选满足模板槽位：fixed_marker、internal_slot、construction_boundary。"",""候选按 structural_pattern 模式实现 固定格式 / 未细分 / 未列小项 所规定的语法功能。""]","[""触发线索存在，但候选边界未覆盖完整构式。"",""局部槽位可定位，但至少一个必需槽位仅得到弱支持。""]","[""触发线索只出现在标题、编号、术语或元语言说明中。"",""必需槽位缺失，且上下文不能恢复目标结构或目标功能。""]","[""相同表层形式可能实现 未细分 中的非目标功能。"",""相邻构式共享触发形式，但槽位关系或语法功能不同。""]","[{""if"":""候选边界不完整或过长"",""then"":""边界问题""},{""if"":""触发存在但必需槽位缺失"",""then"":""结构缺槽""},{""if"":""表层触发仅为元语言或非目标功能"",""then"":""表层触发但非目标""},{""if"":""槽位完整且目标功能成立"",""then"":""目标用例""}]","[""目标用例"",""边界问题"",""表层触发但非目标"",""结构缺槽"",""语义不兼容"",""其他具体构式"",""不确定/需复核""]",machine_instantiated_source_anchored
DTV3-POINT-58474C62F927,【七—九29】 point-specific,GF0025_point_specific,point_specific_instantiated,,固定格式,未细分,未列小项,structural_pattern,source_literal_and_normalized_legacy_regex,"[""fixed_marker"",""internal_slot"",""construction_boundary""]","[""候选包含与权威条目 【七—九29】 对齐的可定位触发线索。"",""候选满足模板槽位：fixed_marker、internal_slot、construction_boundary。"",""候选按 structural_pattern 模式实现 固定格式 / 未细分 / 未列小项 所规定的语法功能。""]","[""触发线索存在，但候选边界未覆盖完整构式。"",""局部槽位可定位，但至少一个必需槽位仅得到弱支持。""]","[""触发线索只出现在标题、编号、术语或元语言说明中。"",""必需槽位缺失，且上下文不能恢复目标结构或目标功能。""]","[""相同表层形式可能实现 未细分 中的非目标功能。"",""相邻构式共享触发形式，但槽位关系或语法功能不同。""]","[{""if"":""候选边界不完整或过长"",""then"":""边界问题""},{""if"":""触发存在但必需槽位缺失"",""then"":""结构缺槽""},{""if"":""表层触发仅为元语言或非目标功能"",""then"":""表层触发但非目标""},{""if"":""槽位完整且目标功能成立"",""then"":""目标用例""}]","[""目标用例"",""边界问题"",""表层触发但非目标"",""结构缺槽"",""语义不兼容"",""其他具体构式"",""不确定/需复核""]",machine_instantiated_source_anchored
DTV3-POINT-5A5F1A9EFB03,【七—九86】 point-specific,GF0025_point_specific,point_specific_instantiated,,口语格式,未细分,未列小项,structural_pattern,source_literal_and_normalized_legacy_regex,"[""fixed_marker"",""internal_slot"",""construction_boundary""]","[""候选包含与权威条目 【七—九86】 对齐的可定位触发线索。"",""候选满足模板槽位：fixed_marker、internal_slot、construction_boundary。"",""候选按 structural_pattern 模式实现 口语格式 / 未细分 / 未列小项 所规定的语法功能。""]","[""触发线索存在，但候选边界未覆盖完整构式。"",""局部槽位可定位，但至少一个必需槽位仅得到弱支持。""]","[""触发线索只出现在标题、编号、术语或元语言说明中。"",""必需槽位缺失，且上下文不能恢复目标结构或目标功能。""]","[""相同表层形式可能实现 未细分 中的非目标功能。"",""相邻构式共享触发形式，但槽位关系或语法功能不同。""]","[{""if"":""候选边界不完整或过长"",""then"":""边界问题""},{""if"":""触发存在但必需槽位缺失"",""then"":""结构缺槽""},{""if"":""表层触发仅为元语言或非目标功能"",""then"":""表层触发但非目标""},{""if"":""槽位完整且目标功能成立"",""then"":""目标用例""}]","[""目标用例"",""边界问题"",""表层触发但非目标"",""结构缺槽"",""语义不兼容"",""其他具体构式"",""不确定/需复核""]",machine_instantiated_source_anchored
DTV3-POINT-5D1D03DCB569,【七—九76】 point-specific,GF0025_point_specific,point_specific_instantiated,,口语格式,未细分,未列小项,structural_pattern,source_literal_and_normalized_legacy_regex,"[""fixed_marker"",""internal_slot"",""construction_boundary""]","[""候选包含与权威条目 【七—九76】 对齐的可定位触发线索。"",""候选满足模板槽位：fixed_marker、internal_slot、construction_boundary。"",""候选按 structural_pattern 模式实现 口语格式 / 未细分 / 未列小项 所规定的语法功能。""]","[""触发线索存在，但候选边界未覆盖完整构式。"",""局部槽位可定位，但至少一个必需槽位仅得到弱支持。""]","[""触发线索只出现在标题、编号、术语或元语言说明中。"",""必需槽位缺失，且上下文不能恢复目标结构或目标功能。""]","[""相同表层形式可能实现 未细分 中的非目标功能。"",""相邻构式共享触发形式，但槽位关系或语法功能不同。""]","[{""if"":""候选边界不完整或过长"",""then"":""边界问题""},{""if"":""触发存在但必需槽位缺失"",""then"":""结构缺槽""},{""if"":""表层触发仅为元语言或非目标功能"",""then"":""表层触发但非目标""},{""if"":""槽位完整且目标功能成立"",""then"":""目标用例""}]","[""目标用例"",""边界问题"",""表层触发但非目标"",""结构缺槽"",""语义不兼容"",""其他具体构式"",""不确定/需复核""]",machine_instantiated_source_anchored
DTV3-POINT-5EA5A1FD6078,【三78】 point-specific,GF0025_point_specific,point_specific_instantiated,,提问的方法,未细分,未列小项,complex_functional,source_literal_and_normalized_legacy_regex,"[""question_scope"",""question_marker"",""requested_information""]","[""候选包含与权威条目 【三78】 对齐的可定位触发线索。"",""候选满足模板槽位：question_scope、question_marker、requested_information。"",""候选按 complex_functional 模式实现 提问的方法 / 未细分 / 未列小项 所规定的语法功能。""]","[""触发线索存在，但候选边界未覆盖完整构式。"",""局部槽位可定位，但至少一个必需槽位仅得到弱支持。""]","[""触发线索只出现在标题、编号、术语或元语言说明中。"",""必需槽位缺失，且上下文不能恢复目标结构或目标功能。""]","[""相同表层形式可能实现 未细分 中的非目标功能。"",""相邻构式共享触发形式，但槽位关系或语法功能不同。""]","[{""if"":""候选边界不完整或过长"",""then"":""边界问题""},{""if"":""触发存在但必需槽位缺失"",""then"":""结构缺槽""},{""if"":""表层触发仅为元语言或非目标功能"",""then"":""表层触发但非目标""},{""if"":""槽位完整且目标功能成立"",""then"":""目标用例""}]","[""目标用例"",""边界问题"",""表层触发但非目标"",""结构缺槽"",""语义不兼容"",""其他具体构式"",""不确定/需复核""]",machine_instantiated_source_anchored
DTV3-POINT-619F8D6EB43C,【五59】 point-specific,GF0025_point_specific,point_specific_instantiated,,强调的方法,未细分,未列小项,complex_functional,source_literal_and_normalized_legacy_regex,"[""focus_expression"",""focus_marker"",""proposition""]","[""候选包含与权威条目 【五59】 对齐的可定位触发线索。"",""候选满足模板槽位：focus_expression、focus_marker、proposition。"",""候选按 complex_functional 模式实现 强调的方法 / 未细分 / 未列小项 所规定的语法功能。""]","[""触发线索存在，但候选边界未覆盖完整构式。"",""局部槽位可定位，但至少一个必需槽位仅得到弱支持。""]","[""触发线索只出现在标题、编号、术语或元语言说明中。"",""必需槽位缺失，且上下文不能恢复目标结构或目标功能。""]","[""相同表层形式可能实现 未细分 中的非目标功能。"",""相邻构式共享触发形式，但槽位关系或语法功能不同。""]","[{""if"":""候选边界不完整或过长"",""then"":""边界问题""},{""if"":""触发存在但必需槽位缺失"",""then"":""结构缺槽""},{""if"":""表层触发仅为元语言或非目标功能"",""then"":""表层触发但非目标""},{""if"":""槽位完整且目标功能成立"",""then"":""目标用例""}]","[""目标用例"",""边界问题"",""表层触发但非目标"",""结构缺槽"",""语义不兼容"",""其他具体构式"",""不确定/需复核""]",machine_instantiated_source_anchored
DTV3-POINT-667CA8F6B249,【四66】 point-specific,GF0025_point_specific,point_specific_instantiated,,强调的方法,未细分,未列小项,complex_functional,source_literal_and_normalized_legacy_regex,"[""focus_expression"",""focus_marker"",""proposition""]","[""候选包含与权威条目 【四66】 对齐的可定位触发线索。"",""候选满足模板槽位：focus_expression、focus_marker、proposition。"",""候选按 complex_functional 模式实现 强调的方法 / 未细分 / 未列小项 所规定的语法功能。""]","[""触发线索存在，但候选边界未覆盖完整构式。"",""局部槽位可定位，但至少一个必需槽位仅得到弱支持。""]","[""触发线索只出现在标题、编号、术语或元语言说明中。"",""必需槽位缺失，且上下文不能恢复目标结构或目标功能。""]","[""相同表层形式可能实现 未细分 中的非目标功能。"",""相邻构式共享触发形式，但槽位关系或语法功能不同。""]","[{""if"":""候选边界不完整或过长"",""then"":""边界问题""},{""if"":""触发存在但必需槽位缺失"",""then"":""结构缺槽""},{""if"":""表层触发仅为元语言或非目标功能"",""then"":""表层触发但非目标""},{""if"":""槽位完整且目标功能成立"",""then"":""目标用例""}]","[""目标用例"",""边界问题"",""表层触发但非目标"",""结构缺槽"",""语义不兼容"",""其他具体构式"",""不确定/需复核""]",machine_instantiated_source_anchored
DTV3-POINT-6A90044892E3,【五69】 point-specific,GF0025_point_specific,point_specific_instantiated,,口语格式,未细分,未列小项,structural_pattern,source_literal_and_normalized_legacy_regex,"[""fixed_marker"",""internal_slot"",""construction_boundary""]","[""候选包含与权威条目 【五69】 对齐的可定位触发线索。"",""候选满足模板槽位：fixed_marker、internal_slot、construction_boundary。"",""候选按 structural_pattern 模式实现 口语格式 / 未细分 / 未列小项 所规定的语法功能。""]","[""触发线索存在，但候选边界未覆盖完整构式。"",""局部槽位可定位，但至少一个必需槽位仅得到弱支持。""]","[""触发线索只出现在标题、编号、术语或元语言说明中。"",""必需槽位缺失，且上下文不能恢复目标结构或目标功能。""]","[""相同表层形式可能实现 未细分 中的非目标功能。"",""相邻构式共享触发形式，但槽位关系或语法功能不同。""]","[{""if"":""候选边界不完整或过长"",""then"":""边界问题""},{""if"":""触发存在但必需槽位缺失"",""then"":""结构缺槽""},{""if"":""表层触发仅为元语言或非目标功能"",""then"":""表层触发但非目标""},{""if"":""槽位完整且目标功能成立"",""then"":""目标用例""}]","[""目标用例"",""边界问题"",""表层触发但非目标"",""结构缺槽"",""语义不兼容"",""其他具体构式"",""不确定/需复核""]",machine_instantiated_source_anchored
DTV3-POINT-6BAA0FEAB1E9,【五62】 point-specific,GF0025_point_specific,point_specific_instantiated,,口语格式,未细分,未列小项,structural_pattern,source_literal_and_normalized_legacy_regex,"[""fixed_marker"",""internal_slot"",""construction_boundary""]","[""候选包含与权威条目 【五62】 对齐的可定位触发线索。"",""候选满足模板槽位：fixed_marker、internal_slot、construction_boundary。"",""候选按 structural_pattern 模式实现 口语格式 / 未细分 / 未列小项 所规定的语法功能。""]","[""触发线索存在，但候选边界未覆盖完整构式。"",""局部槽位可定位，但至少一个必需槽位仅得到弱支持。""]","[""触发线索只出现在标题、编号、术语或元语言说明中。"",""必需槽位缺失，且上下文不能恢复目标结构或目标功能。""]","[""相同表层形式可能实现 未细分 中的非目标功能。"",""相邻构式共享触发形式，但槽位关系或语法功能不同。""]","[{""if"":""候选边界不完整或过长"",""then"":""边界问题""},{""if"":""触发存在但必需槽位缺失"",""then"":""结构缺槽""},{""if"":""表层触发仅为元语言或非目标功能"",""then"":""表层触发但非目标""},{""if"":""槽位完整且目标功能成立"",""then"":""目标用例""}]","[""目标用例"",""边界问题"",""表层触发但非目标"",""结构缺槽"",""语义不兼容"",""其他具体构式"",""不确定/需复核""]",machine_instantiated_source_anchored
DTV3-POINT-6EB1BD859A25,【五63】 point-specific,GF0025_point_specific,point_specific_instantiated,,口语格式,未细分,未列小项,structural_pattern,source_literal_and_normalized_legacy_regex,"[""fixed_marker"",""internal_slot"",""construction_boundary""]","[""候选包含与权威条目 【五63】 对齐的可定位触发线索。"",""候选满足模板槽位：fixed_marker、internal_slot、construction_boundary。"",""候选按 structural_pattern 模式实现 口语格式 / 未细分 / 未列小项 所规定的语法功能。""]","[""触发线索存在，但候选边界未覆盖完整构式。"",""局部槽位可定位，但至少一个必需槽位仅得到弱支持。""]","[""触发线索只出现在标题、编号、术语或元语言说明中。"",""必需槽位缺失，且上下文不能恢复目标结构或目标功能。""]","[""相同表层形式可能实现 未细分 中的非目标功能。"",""相邻构式共享触发形式，但槽位关系或语法功能不同。""]","[{""if"":""候选边界不完整或过长"",""then"":""边界问题""},{""if"":""触发存在但必需槽位缺失"",""then"":""结构缺槽""},{""if"":""表层触发仅为元语言或非目标功能"",""then"":""表层触发但非目标""},{""if"":""槽位完整且目标功能成立"",""then"":""目标用例""}]","[""目标用例"",""边界问题"",""表层触发但非目标"",""结构缺槽"",""语义不兼容"",""其他具体构式"",""不确定/需复核""]",machine_instantiated_source_anchored
DTV3-POINT-729976D50897,【三77】 point-specific,GF0025_point_specific,point_specific_instantiated,,强调的方法,未细分,未列小项,complex_functional,source_literal_and_normalized_legacy_regex,"[""focus_expression"",""focus_marker"",""proposition""]","[""候选包含与权威条目 【三77】 对齐的可定位触发线索。"",""候选满足模板槽位：focus_expression、focus_marker、proposition。"",""候选按 complex_functional 模式实现 强调的方法 / 未细分 / 未列小项 所规定的语法功能。""]","[""触发线索存在，但候选边界未覆盖完整构式。"",""局部槽位可定位，但至少一个必需槽位仅得到弱支持。""]","[""触发线索只出现在标题、编号、术语或元语言说明中。"",""必需槽位缺失，且上下文不能恢复目标结构或目标功能。""]","[""相同表层形式可能实现 未细分 中的非目标功能。"",""相邻构式共享触发形式，但槽位关系或语法功能不同。""]","[{""if"":""候选边界不完整或过长"",""then"":""边界问题""},{""if"":""触发存在但必需槽位缺失"",""then"":""结构缺槽""},{""if"":""表层触发仅为元语言或非目标功能"",""then"":""表层触发但非目标""},{""if"":""槽位完整且目标功能成立"",""then"":""目标用例""}]","[""目标用例"",""边界问题"",""表层触发但非目标"",""结构缺槽"",""语义不兼容"",""其他具体构式"",""不确定/需复核""]",machine_instantiated_source_anchored
DTV3-POINT-73506CFEBF29,【七—九31】 point-specific,GF0025_point_specific,point_specific_instantiated,,固定格式,未细分,未列小项,structural_pattern,source_literal_and_normalized_legacy_regex,"[""fixed_marker"",""internal_slot"",""construction_boundary""]","[""候选包含与权威条目 【七—九31】 对齐的可定位触发线索。"",""候选满足模板槽位：fixed_marker、internal_slot、construction_boundary。"",""候选按 structural_pattern 模式实现 固定格式 / 未细分 / 未列小项 所规定的语法功能。""]","[""触发线索存在，但候选边界未覆盖完整构式。"",""局部槽位可定位，但至少一个必需槽位仅得到弱支持。""]","[""触发线索只出现在标题、编号、术语或元语言说明中。"",""必需槽位缺失，且上下文不能恢复目标结构或目标功能。""]","[""相同表层形式可能实现 未细分 中的非目标功能。"",""相邻构式共享触发形式，但槽位关系或语法功能不同。""]","[{""if"":""候选边界不完整或过长"",""then"":""边界问题""},{""if"":""触发存在但必需槽位缺失"",""then"":""结构缺槽""},{""if"":""表层触发仅为元语言或非目标功能"",""then"":""表层触发但非目标""},{""if"":""槽位完整且目标功能成立"",""then"":""目标用例""}]","[""目标用例"",""边界问题"",""表层触发但非目标"",""结构缺槽"",""语义不兼容"",""其他具体构式"",""不确定/需复核""]",machine_instantiated_source_anchored
DTV3-POINT-74AE4C5121BC,【六58】 point-specific,GF0025_point_specific,point_specific_instantiated,,口语格式,未细分,未列小项,structural_pattern,source_literal_and_normalized_legacy_regex,"[""fixed_marker"",""internal_slot"",""construction_boundary""]","[""候选包含与权威条目 【六58】 对齐的可定位触发线索。"",""候选满足模板槽位：fixed_marker、internal_slot、construction_boundary。"",""候选按 structural_pattern 模式实现 口语格式 / 未细分 / 未列小项 所规定的语法功能。""]","[""触发线索存在，但候选边界未覆盖完整构式。"",""局部槽位可定位，但至少一个必需槽位仅得到弱支持。""]","[""触发线索只出现在标题、编号、术语或元语言说明中。"",""必需槽位缺失，且上下文不能恢复目标结构或目标功能。""]","[""相同表层形式可能实现 未细分 中的非目标功能。"",""相邻构式共享触发形式，但槽位关系或语法功能不同。""]","[{""if"":""候选边界不完整或过长"",""then"":""边界问题""},{""if"":""触发存在但必需槽位缺失"",""then"":""结构缺槽""},{""if"":""表层触发仅为元语言或非目标功能"",""then"":""表层触发但非目标""},{""if"":""槽位完整且目标功能成立"",""then"":""目标用例""}]","[""目标用例"",""边界问题"",""表层触发但非目标"",""结构缺槽"",""语义不兼容"",""其他具体构式"",""不确定/需复核""]",machine_instantiated_source_anchored
DTV3-POINT-751CF32FFFB8,【四68】 point-specific,GF0025_point_specific,point_specific_instantiated,,口语格式,未细分,未列小项,structural_pattern,source_literal_and_normalized_legacy_regex,"[""fixed_marker"",""internal_slot"",""construction_boundary""]","[""候选包含与权威条目 【四68】 对齐的可定位触发线索。"",""候选满足模板槽位：fixed_marker、internal_slot、construction_boundary。"",""候选按 structural_pattern 模式实现 口语格式 / 未细分 / 未列小项 所规定的语法功能。""]","[""触发线索存在，但候选边界未覆盖完整构式。"",""局部槽位可定位，但至少一个必需槽位仅得到弱支持。""]","[""触发线索只出现在标题、编号、术语或元语言说明中。"",""必需槽位缺失，且上下文不能恢复目标结构或目标功能。""]","[""相同表层形式可能实现 未细分 中的非目标功能。"",""相邻构式共享触发形式，但槽位关系或语法功能不同。""]","[{""if"":""候选边界不完整或过长"",""then"":""边界问题""},{""if"":""触发存在但必需槽位缺失"",""then"":""结构缺槽""},{""if"":""表层触发仅为元语言或非目标功能"",""then"":""表层触发但非目标""},{""if"":""槽位完整且目标功能成立"",""then"":""目标用例""}]","[""目标用例"",""边界问题"",""表层触发但非目标"",""结构缺槽"",""语义不兼容"",""其他具体构式"",""不确定/需复核""]",machine_instantiated_source_anchored
DTV3-POINT-768E4C10E88E,【七—九88】 point-specific,GF0025_point_specific,point_specific_instantiated,,口语格式,未细分,未列小项,structural_pattern,source_literal_and_normalized_legacy_regex,"[""fixed_marker"",""internal_slot"",""construction_boundary""]","[""候选包含与权威条目 【七—九88】 对齐的可定位触发线索。"",""候选满足模板槽位：fixed_marker、internal_slot、construction_boundary。"",""候选按 structural_pattern 模式实现 口语格式 / 未细分 / 未列小项 所规定的语法功能。""]","[""触发线索存在，但候选边界未覆盖完整构式。"",""局部槽位可定位，但至少一个必需槽位仅得到弱支持。""]","[""触发线索只出现在标题、编号、术语或元语言说明中。"",""必需槽位缺失，且上下文不能恢复目标结构或目标功能。""]","[""相同表层形式可能实现 未细分 中的非目标功能。"",""相邻构式共享触发形式，但槽位关系或语法功能不同。""]","[{""if"":""候选边界不完整或过长"",""then"":""边界问题""},{""if"":""触发存在但必需槽位缺失"",""then"":""结构缺槽""},{""if"":""表层触发仅为元语言或非目标功能"",""then"":""表层触发但非目标""},{""if"":""槽位完整且目标功能成立"",""then"":""目标用例""}]","[""目标用例"",""边界问题"",""表层触发但非目标"",""结构缺槽"",""语义不兼容"",""其他具体构式"",""不确定/需复核""]",machine_instantiated_source_anchored
DTV3-POINT-778EA566731B,【七—九74】 point-specific,GF0025_point_specific,point_specific_instantiated,,强调的方法,未细分,未列小项,complex_functional,source_literal_and_normalized_legacy_regex,"[""focus_expression"",""focus_marker"",""proposition""]","[""候选包含与权威条目 【七—九74】 对齐的可定位触发线索。"",""候选满足模板槽位：focus_expression、focus_marker、proposition。"",""候选按 complex_functional 模式实现 强调的方法 / 未细分 / 未列小项 所规定的语法功能。""]","[""触发线索存在，但候选边界未覆盖完整构式。"",""局部槽位可定位，但至少一个必需槽位仅得到弱支持。""]","[""触发线索只出现在标题、编号、术语或元语言说明中。"",""必需槽位缺失，且上下文不能恢复目标结构或目标功能。""]","[""相同表层形式可能实现 未细分 中的非目标功能。"",""相邻构式共享触发形式，但槽位关系或语法功能不同。""]","[{""if"":""候选边界不完整或过长"",""then"":""边界问题""},{""if"":""触发存在但必需槽位缺失"",""then"":""结构缺槽""},{""if"":""表层触发仅为元语言或非目标功能"",""then"":""表层触发但非目标""},{""if"":""槽位完整且目标功能成立"",""then"":""目标用例""}]","[""目标用例"",""边界问题"",""表层触发但非目标"",""结构缺槽"",""语义不兼容"",""其他具体构式"",""不确定/需复核""]",machine_instantiated_source_anchored
DTV3-POINT-7AAEA89A6672,【三80】 point-specific,GF0025_point_specific,point_specific_instantiated,,口语格式,未细分,未列小项,structural_pattern,source_literal_and_normalized_legacy_regex,"[""fixed_marker"",""internal_slot"",""construction_boundary""]","[""候选包含与权威条目 【三80】 对齐的可定位触发线索。"",""候选满足模板槽位：fixed_marker、internal_slot、construction_boundary。"",""候选按 structural_pattern 模式实现 口语格式 / 未细分 / 未列小项 所规定的语法功能。""]","[""触发线索存在，但候选边界未覆盖完整构式。"",""局部槽位可定位，但至少一个必需槽位仅得到弱支持。""]","[""触发线索只出现在标题、编号、术语或元语言说明中。"",""必需槽位缺失，且上下文不能恢复目标结构或目标功能。""]","[""相同表层形式可能实现 未细分 中的非目标功能。"",""相邻构式共享触发形式，但槽位关系或语法功能不同。""]","[{""if"":""候选边界不完整或过长"",""then"":""边界问题""},{""if"":""触发存在但必需槽位缺失"",""then"":""结构缺槽""},{""if"":""表层触发仅为元语言或非目标功能"",""then"":""表层触发但非目标""},{""if"":""槽位完整且目标功能成立"",""then"":""目标用例""}]","[""目标用例"",""边界问题"",""表层触发但非目标"",""结构缺槽"",""语义不兼容"",""其他具体构式"",""不确定/需复核""]",machine_instantiated_source_anchored
DTV3-POINT-7B6F613C2E1A,【六66】 point-specific,GF0025_point_specific,point_specific_instantiated,,口语格式,未细分,未列小项,structural_pattern,source_literal_and_normalized_legacy_regex,"[""fixed_marker"",""internal_slot"",""construction_boundary""]","[""候选包含与权威条目 【六66】 对齐的可定位触发线索。"",""候选满足模板槽位：fixed_marker、internal_slot、construction_boundary。"",""候选按 structural_pattern 模式实现 口语格式 / 未细分 / 未列小项 所规定的语法功能。""]","[""触发线索存在，但候选边界未覆盖完整构式。"",""局部槽位可定位，但至少一个必需槽位仅得到弱支持。""]","[""触发线索只出现在标题、编号、术语或元语言说明中。"",""必需槽位缺失，且上下文不能恢复目标结构或目标功能。""]","[""相同表层形式可能实现 未细分 中的非目标功能。"",""相邻构式共享触发形式，但槽位关系或语法功能不同。""]","[{""if"":""候选边界不完整或过长"",""then"":""边界问题""},{""if"":""触发存在但必需槽位缺失"",""then"":""结构缺槽""},{""if"":""表层触发仅为元语言或非目标功能"",""then"":""表层触发但非目标""},{""if"":""槽位完整且目标功能成立"",""then"":""目标用例""}]","[""目标用例"",""边界问题"",""表层触发但非目标"",""结构缺槽"",""语义不兼容"",""其他具体构式"",""不确定/需复核""]",machine_instantiated_source_anchored
DTV3-POINT-7F0B0799974B,【二46】 point-specific,GF0025_point_specific,point_specific_instantiated,,固定格式,未细分,未列小项,structural_pattern,source_literal_and_normalized_legacy_regex,"[""fixed_marker"",""internal_slot"",""construction_boundary""]","[""候选包含与权威条目 【二46】 对齐的可定位触发线索。"",""候选满足模板槽位：fixed_marker、internal_slot、construction_boundary。"",""候选按 structural_pattern 模式实现 固定格式 / 未细分 / 未列小项 所规定的语法功能。""]","[""触发线索存在，但候选边界未覆盖完整构式。"",""局部槽位可定位，但至少一个必需槽位仅得到弱支持。""]","[""触发线索只出现在标题、编号、术语或元语言说明中。"",""必需槽位缺失，且上下文不能恢复目标结构或目标功能。""]","[""相同表层形式可能实现 未细分 中的非目标功能。"",""相邻构式共享触发形式，但槽位关系或语法功能不同。""]","[{""if"":""候选边界不完整或过长"",""then"":""边界问题""},{""if"":""触发存在但必需槽位缺失"",""then"":""结构缺槽""},{""if"":""表层触发仅为元语言或非目标功能"",""then"":""表层触发但非目标""},{""if"":""槽位完整且目标功能成立"",""then"":""目标用例""}]","[""目标用例"",""边界问题"",""表层触发但非目标"",""结构缺槽"",""语义不兼容"",""其他具体构式"",""不确定/需复核""]",machine_instantiated_source_anchored
DTV3-POINT-7FA6FA6B7F5D,【六65】 point-specific,GF0025_point_specific,point_specific_instantiated,,口语格式,未细分,未列小项,structural_pattern,source_literal_and_normalized_legacy_regex,"[""fixed_marker"",""internal_slot"",""construction_boundary""]","[""候选包含与权威条目 【六65】 对齐的可定位触发线索。"",""候选满足模板槽位：fixed_marker、internal_slot、construction_boundary。"",""候选按 structural_pattern 模式实现 口语格式 / 未细分 / 未列小项 所规定的语法功能。""]","[""触发线索存在，但候选边界未覆盖完整构式。"",""局部槽位可定位，但至少一个必需槽位仅得到弱支持。""]","[""触发线索只出现在标题、编号、术语或元语言说明中。"",""必需槽位缺失，且上下文不能恢复目标结构或目标功能。""]","[""相同表层形式可能实现 未细分 中的非目标功能。"",""相邻构式共享触发形式，但槽位关系或语法功能不同。""]","[{""if"":""候选边界不完整或过长"",""then"":""边界问题""},{""if"":""触发存在但必需槽位缺失"",""then"":""结构缺槽""},{""if"":""表层触发仅为元语言或非目标功能"",""then"":""表层触发但非目标""},{""if"":""槽位完整且目标功能成立"",""then"":""目标用例""}]","[""目标用例"",""边界问题"",""表层触发但非目标"",""结构缺槽"",""语义不兼容"",""其他具体构式"",""不确定/需复核""]",machine_instantiated_source_anchored
DTV3-POINT-81E131773F34,【七—九79】 point-specific,GF0025_point_specific,point_specific_instantiated,,口语格式,未细分,未列小项,structural_pattern,source_literal_and_normalized_legacy_regex,"[""fixed_marker"",""internal_slot"",""construction_boundary""]","[""候选包含与权威条目 【七—九79】 对齐的可定位触发线索。"",""候选满足模板槽位：fixed_marker、internal_slot、construction_boundary。"",""候选按 structural_pattern 模式实现 口语格式 / 未细分 / 未列小项 所规定的语法功能。""]","[""触发线索存在，但候选边界未覆盖完整构式。"",""局部槽位可定位，但至少一个必需槽位仅得到弱支持。""]","[""触发线索只出现在标题、编号、术语或元语言说明中。"",""必需槽位缺失，且上下文不能恢复目标结构或目标功能。""]","[""相同表层形式可能实现 未细分 中的非目标功能。"",""相邻构式共享触发形式，但槽位关系或语法功能不同。""]","[{""if"":""候选边界不完整或过长"",""then"":""边界问题""},{""if"":""触发存在但必需槽位缺失"",""then"":""结构缺槽""},{""if"":""表层触发仅为元语言或非目标功能"",""then"":""表层触发但非目标""},{""if"":""槽位完整且目标功能成立"",""then"":""目标用例""}]","[""目标用例"",""边界问题"",""表层触发但非目标"",""结构缺槽"",""语义不兼容"",""其他具体构式"",""不确定/需复核""]",machine_instantiated_source_anchored
DTV3-POINT-820C1DBBD39E,【五64】 point-specific,GF0025_point_specific,point_specific_instantiated,,口语格式,未细分,未列小项,structural_pattern,source_literal_and_normalized_legacy_regex,"[""fixed_marker"",""internal_slot"",""construction_boundary""]","[""候选包含与权威条目 【五64】 对齐的可定位触发线索。"",""候选满足模板槽位：fixed_marker、internal_slot、construction_boundary。"",""候选按 structural_pattern 模式实现 口语格式 / 未细分 / 未列小项 所规定的语法功能。""]","[""触发线索存在，但候选边界未覆盖完整构式。"",""局部槽位可定位，但至少一个必需槽位仅得到弱支持。""]","[""触发线索只出现在标题、编号、术语或元语言说明中。"",""必需槽位缺失，且上下文不能恢复目标结构或目标功能。""]","[""相同表层形式可能实现 未细分 中的非目标功能。"",""相邻构式共享触发形式，但槽位关系或语法功能不同。""]","[{""if"":""候选边界不完整或过长"",""then"":""边界问题""},{""if"":""触发存在但必需槽位缺失"",""then"":""结构缺槽""},{""if"":""表层触发仅为元语言或非目标功能"",""then"":""表层触发但非目标""},{""if"":""槽位完整且目标功能成立"",""then"":""目标用例""}]","[""目标用例"",""边界问题"",""表层触发但非目标"",""结构缺槽"",""语义不兼容"",""其他具体构式"",""不确定/需复核""]",machine_instantiated_source_anchored
DTV3-POINT-82FC2615785C,【二79】 point-specific,GF0025_point_specific,point_specific_instantiated,,提问的方法,未细分,未列小项,complex_functional,source_literal_and_normalized_legacy_regex,"[""question_scope"",""question_marker"",""requested_information""]","[""候选包含与权威条目 【二79】 对齐的可定位触发线索。"",""候选满足模板槽位：question_scope、question_marker、requested_information。"",""候选按 complex_functional 模式实现 提问的方法 / 未细分 / 未列小项 所规定的语法功能。""]","[""触发线索存在，但候选边界未覆盖完整构式。"",""局部槽位可定位，但至少一个必需槽位仅得到弱支持。""]","[""触发线索只出现在标题、编号、术语或元语言说明中。"",""必需槽位缺失，且上下文不能恢复目标结构或目标功能。""]","[""相同表层形式可能实现 未细分 中的非目标功能。"",""相邻构式共享触发形式，但槽位关系或语法功能不同。""]","[{""if"":""候选边界不完整或过长"",""then"":""边界问题""},{""if"":""触发存在但必需槽位缺失"",""then"":""结构缺槽""},{""if"":""表层触发仅为元语言或非目标功能"",""then"":""表层触发但非目标""},{""if"":""槽位完整且目标功能成立"",""then"":""目标用例""}]","[""目标用例"",""边界问题"",""表层触发但非目标"",""结构缺槽"",""语义不兼容"",""其他具体构式"",""不确定/需复核""]",machine_instantiated_source_anchored
DTV3-POINT-838078B76526,【四72】 point-specific,GF0025_point_specific,point_specific_instantiated,,口语格式,未细分,未列小项,structural_pattern,source_literal_and_normalized_legacy_regex,"[""fixed_marker"",""internal_slot"",""construction_boundary""]","[""候选包含与权威条目 【四72】 对齐的可定位触发线索。"",""候选满足模板槽位：fixed_marker、internal_slot、construction_boundary。"",""候选按 structural_pattern 模式实现 口语格式 / 未细分 / 未列小项 所规定的语法功能。""]","[""触发线索存在，但候选边界未覆盖完整构式。"",""局部槽位可定位，但至少一个必需槽位仅得到弱支持。""]","[""触发线索只出现在标题、编号、术语或元语言说明中。"",""必需槽位缺失，且上下文不能恢复目标结构或目标功能。""]","[""相同表层形式可能实现 未细分 中的非目标功能。"",""相邻构式共享触发形式，但槽位关系或语法功能不同。""]","[{""if"":""候选边界不完整或过长"",""then"":""边界问题""},{""if"":""触发存在但必需槽位缺失"",""then"":""结构缺槽""},{""if"":""表层触发仅为元语言或非目标功能"",""then"":""表层触发但非目标""},{""if"":""槽位完整且目标功能成立"",""then"":""目标用例""}]","[""目标用例"",""边界问题"",""表层触发但非目标"",""结构缺槽"",""语义不兼容"",""其他具体构式"",""不确定/需复核""]",machine_instantiated_source_anchored
DTV3-POINT-84B08A0D5DC9,【四63】 point-specific,GF0025_point_specific,point_specific_instantiated,,强调的方法,未细分,未列小项,complex_functional,source_literal_and_normalized_legacy_regex,"[""focus_expression"",""focus_marker"",""proposition""]","[""候选包含与权威条目 【四63】 对齐的可定位触发线索。"",""候选满足模板槽位：focus_expression、focus_marker、proposition。"",""候选按 complex_functional 模式实现 强调的方法 / 未细分 / 未列小项 所规定的语法功能。""]","[""触发线索存在，但候选边界未覆盖完整构式。"",""局部槽位可定位，但至少一个必需槽位仅得到弱支持。""]","[""触发线索只出现在标题、编号、术语或元语言说明中。"",""必需槽位缺失，且上下文不能恢复目标结构或目标功能。""]","[""相同表层形式可能实现 未细分 中的非目标功能。"",""相邻构式共享触发形式，但槽位关系或语法功能不同。""]","[{""if"":""候选边界不完整或过长"",""then"":""边界问题""},{""if"":""触发存在但必需槽位缺失"",""then"":""结构缺槽""},{""if"":""表层触发仅为元语言或非目标功能"",""then"":""表层触发但非目标""},{""if"":""槽位完整且目标功能成立"",""then"":""目标用例""}]","[""目标用例"",""边界问题"",""表层触发但非目标"",""结构缺槽"",""语义不兼容"",""其他具体构式"",""不确定/需复核""]",machine_instantiated_source_anchored
DTV3-POINT-857B39FBEC7B,【七—九85】 point-specific,GF0025_point_specific,point_specific_instantiated,,口语格式,未细分,未列小项,structural_pattern,source_literal_and_normalized_legacy_regex,"[""fixed_marker"",""internal_slot"",""construction_boundary""]","[""候选包含与权威条目 【七—九85】 对齐的可定位触发线索。"",""候选满足模板槽位：fixed_marker、internal_slot、construction_boundary。"",""候选按 structural_pattern 模式实现 口语格式 / 未细分 / 未列小项 所规定的语法功能。""]","[""触发线索存在，但候选边界未覆盖完整构式。"",""局部槽位可定位，但至少一个必需槽位仅得到弱支持。""]","[""触发线索只出现在标题、编号、术语或元语言说明中。"",""必需槽位缺失，且上下文不能恢复目标结构或目标功能。""]","[""相同表层形式可能实现 未细分 中的非目标功能。"",""相邻构式共享触发形式，但槽位关系或语法功能不同。""]","[{""if"":""候选边界不完整或过长"",""then"":""边界问题""},{""if"":""触发存在但必需槽位缺失"",""then"":""结构缺槽""},{""if"":""表层触发仅为元语言或非目标功能"",""then"":""表层触发但非目标""},{""if"":""槽位完整且目标功能成立"",""then"":""目标用例""}]","[""目标用例"",""边界问题"",""表层触发但非目标"",""结构缺槽"",""语义不兼容"",""其他具体构式"",""不确定/需复核""]",machine_instantiated_source_anchored
DTV3-POINT-87370966B85B,【四64】 point-specific,GF0025_point_specific,point_specific_instantiated,,强调的方法,未细分,未列小项,complex_functional,source_literal_and_normalized_legacy_regex,"[""focus_expression"",""focus_marker"",""proposition""]","[""候选包含与权威条目 【四64】 对齐的可定位触发线索。"",""候选满足模板槽位：focus_expression、focus_marker、proposition。"",""候选按 complex_functional 模式实现 强调的方法 / 未细分 / 未列小项 所规定的语法功能。""]","[""触发线索存在，但候选边界未覆盖完整构式。"",""局部槽位可定位，但至少一个必需槽位仅得到弱支持。""]","[""触发线索只出现在标题、编号、术语或元语言说明中。"",""必需槽位缺失，且上下文不能恢复目标结构或目标功能。""]","[""相同表层形式可能实现 未细分 中的非目标功能。"",""相邻构式共享触发形式，但槽位关系或语法功能不同。""]","[{""if"":""候选边界不完整或过长"",""then"":""边界问题""},{""if"":""触发存在但必需槽位缺失"",""then"":""结构缺槽""},{""if"":""表层触发仅为元语言或非目标功能"",""then"":""表层触发但非目标""},{""if"":""槽位完整且目标功能成立"",""then"":""目标用例""}]","[""目标用例"",""边界问题"",""表层触发但非目标"",""结构缺槽"",""语义不兼容"",""其他具体构式"",""不确定/需复核""]",machine_instantiated_source_anchored
DTV3-POINT-8946D79EBF24,【三39】 point-specific,GF0025_point_specific,point_specific_instantiated,,固定格式,未细分,未列小项,structural_pattern,source_literal_and_normalized_legacy_regex,"[""fixed_marker"",""internal_slot"",""construction_boundary""]","[""候选包含与权威条目 【三39】 对齐的可定位触发线索。"",""候选满足模板槽位：fixed_marker、internal_slot、construction_boundary。"",""候选按 structural_pattern 模式实现 固定格式 / 未细分 / 未列小项 所规定的语法功能。""]","[""触发线索存在，但候选边界未覆盖完整构式。"",""局部槽位可定位，但至少一个必需槽位仅得到弱支持。""]","[""触发线索只出现在标题、编号、术语或元语言说明中。"",""必需槽位缺失，且上下文不能恢复目标结构或目标功能。""]","[""相同表层形式可能实现 未细分 中的非目标功能。"",""相邻构式共享触发形式，但槽位关系或语法功能不同。""]","[{""if"":""候选边界不完整或过长"",""then"":""边界问题""},{""if"":""触发存在但必需槽位缺失"",""then"":""结构缺槽""},{""if"":""表层触发仅为元语言或非目标功能"",""then"":""表层触发但非目标""},{""if"":""槽位完整且目标功能成立"",""then"":""目标用例""}]","[""目标用例"",""边界问题"",""表层触发但非目标"",""结构缺槽"",""语义不兼容"",""其他具体构式"",""不确定/需复核""]",machine_instantiated_source_anchored
DTV3-POINT-89F28D6C8A06,【五67】 point-specific,GF0025_point_specific,point_specific_instantiated,,口语格式,未细分,未列小项,structural_pattern,source_literal_and_normalized_legacy_regex,"[""fixed_marker"",""internal_slot"",""construction_boundary""]","[""候选包含与权威条目 【五67】 对齐的可定位触发线索。"",""候选满足模板槽位：fixed_marker、internal_slot、construction_boundary。"",""候选按 structural_pattern 模式实现 口语格式 / 未细分 / 未列小项 所规定的语法功能。""]","[""触发线索存在，但候选边界未覆盖完整构式。"",""局部槽位可定位，但至少一个必需槽位仅得到弱支持。""]","[""触发线索只出现在标题、编号、术语或元语言说明中。"",""必需槽位缺失，且上下文不能恢复目标结构或目标功能。""]","[""相同表层形式可能实现 未细分 中的非目标功能。"",""相邻构式共享触发形式，但槽位关系或语法功能不同。""]","[{""if"":""候选边界不完整或过长"",""then"":""边界问题""},{""if"":""触发存在但必需槽位缺失"",""then"":""结构缺槽""},{""if"":""表层触发仅为元语言或非目标功能"",""then"":""表层触发但非目标""},{""if"":""槽位完整且目标功能成立"",""then"":""目标用例""}]","[""目标用例"",""边界问题"",""表层触发但非目标"",""结构缺槽"",""语义不兼容"",""其他具体构式"",""不确定/需复核""]",machine_instantiated_source_anchored
DTV3-POINT-8B93604B2B93,【六59】 point-specific,GF0025_point_specific,point_specific_instantiated,,口语格式,未细分,未列小项,structural_pattern,source_literal_and_normalized_legacy_regex,"[""fixed_marker"",""internal_slot"",""construction_boundary""]","[""候选包含与权威条目 【六59】 对齐的可定位触发线索。"",""候选满足模板槽位：fixed_marker、internal_slot、construction_boundary。"",""候选按 structural_pattern 模式实现 口语格式 / 未细分 / 未列小项 所规定的语法功能。""]","[""触发线索存在，但候选边界未覆盖完整构式。"",""局部槽位可定位，但至少一个必需槽位仅得到弱支持。""]","[""触发线索只出现在标题、编号、术语或元语言说明中。"",""必需槽位缺失，且上下文不能恢复目标结构或目标功能。""]","[""相同表层形式可能实现 未细分 中的非目标功能。"",""相邻构式共享触发形式，但槽位关系或语法功能不同。""]","[{""if"":""候选边界不完整或过长"",""then"":""边界问题""},{""if"":""触发存在但必需槽位缺失"",""then"":""结构缺槽""},{""if"":""表层触发仅为元语言或非目标功能"",""then"":""表层触发但非目标""},{""if"":""槽位完整且目标功能成立"",""then"":""目标用例""}]","[""目标用例"",""边界问题"",""表层触发但非目标"",""结构缺槽"",""语义不兼容"",""其他具体构式"",""不确定/需复核""]",machine_instantiated_source_anchored
DTV3-POINT-8BE8DA89448E,【五61】 point-specific,GF0025_point_specific,point_specific_instantiated,,口语格式,未细分,未列小项,structural_pattern,source_literal_and_normalized_legacy_regex,"[""fixed_marker"",""internal_slot"",""construction_boundary""]","[""候选包含与权威条目 【五61】 对齐的可定位触发线索。"",""候选满足模板槽位：fixed_marker、internal_slot、construction_boundary。"",""候选按 structural_pattern 模式实现 口语格式 / 未细分 / 未列小项 所规定的语法功能。""]","[""触发线索存在，但候选边界未覆盖完整构式。"",""局部槽位可定位，但至少一个必需槽位仅得到弱支持。""]","[""触发线索只出现在标题、编号、术语或元语言说明中。"",""必需槽位缺失，且上下文不能恢复目标结构或目标功能。""]","[""相同表层形式可能实现 未细分 中的非目标功能。"",""相邻构式共享触发形式，但槽位关系或语法功能不同。""]","[{""if"":""候选边界不完整或过长"",""then"":""边界问题""},{""if"":""触发存在但必需槽位缺失"",""then"":""结构缺槽""},{""if"":""表层触发仅为元语言或非目标功能"",""then"":""表层触发但非目标""},{""if"":""槽位完整且目标功能成立"",""then"":""目标用例""}]","[""目标用例"",""边界问题"",""表层触发但非目标"",""结构缺槽"",""语义不兼容"",""其他具体构式"",""不确定/需复核""]",machine_instantiated_source_anchored
DTV3-POINT-9180A72F67DC,【六63】 point-specific,GF0025_point_specific,point_specific_instantiated,,口语格式,未细分,未列小项,structural_pattern,source_literal_and_normalized_legacy_regex,"[""fixed_marker"",""internal_slot"",""construction_boundary""]","[""候选包含与权威条目 【六63】 对齐的可定位触发线索。"",""候选满足模板槽位：fixed_marker、internal_slot、construction_boundary。"",""候选按 structural_pattern 模式实现 口语格式 / 未细分 / 未列小项 所规定的语法功能。""]","[""触发线索存在，但候选边界未覆盖完整构式。"",""局部槽位可定位，但至少一个必需槽位仅得到弱支持。""]","[""触发线索只出现在标题、编号、术语或元语言说明中。"",""必需槽位缺失，且上下文不能恢复目标结构或目标功能。""]","[""相同表层形式可能实现 未细分 中的非目标功能。"",""相邻构式共享触发形式，但槽位关系或语法功能不同。""]","[{""if"":""候选边界不完整或过长"",""then"":""边界问题""},{""if"":""触发存在但必需槽位缺失"",""then"":""结构缺槽""},{""if"":""表层触发仅为元语言或非目标功能"",""then"":""表层触发但非目标""},{""if"":""槽位完整且目标功能成立"",""then"":""目标用例""}]","[""目标用例"",""边界问题"",""表层触发但非目标"",""结构缺槽"",""语义不兼容"",""其他具体构式"",""不确定/需复核""]",machine_instantiated_source_anchored
DTV3-POINT-976928ABFC07,【七—九87】 point-specific,GF0025_point_specific,point_specific_instantiated,,口语格式,未细分,未列小项,structural_pattern,source_literal_and_normalized_legacy_regex,"[""fixed_marker"",""internal_slot"",""construction_boundary""]","[""候选包含与权威条目 【七—九87】 对齐的可定位触发线索。"",""候选满足模板槽位：fixed_marker、internal_slot、construction_boundary。"",""候选按 structural_pattern 模式实现 口语格式 / 未细分 / 未列小项 所规定的语法功能。""]","[""触发线索存在，但候选边界未覆盖完整构式。"",""局部槽位可定位，但至少一个必需槽位仅得到弱支持。""]","[""触发线索只出现在标题、编号、术语或元语言说明中。"",""必需槽位缺失，且上下文不能恢复目标结构或目标功能。""]","[""相同表层形式可能实现 未细分 中的非目标功能。"",""相邻构式共享触发形式，但槽位关系或语法功能不同。""]","[{""if"":""候选边界不完整或过长"",""then"":""边界问题""},{""if"":""触发存在但必需槽位缺失"",""then"":""结构缺槽""},{""if"":""表层触发仅为元语言或非目标功能"",""then"":""表层触发但非目标""},{""if"":""槽位完整且目标功能成立"",""then"":""目标用例""}]","[""目标用例"",""边界问题"",""表层触发但非目标"",""结构缺槽"",""语义不兼容"",""其他具体构式"",""不确定/需复核""]",machine_instantiated_source_anchored
DTV3-POINT-998DC5A702EA,【六35】 point-specific,GF0025_point_specific,point_specific_instantiated,,固定格式,未细分,未列小项,structural_pattern,source_literal_and_normalized_legacy_regex,"[""fixed_marker"",""internal_slot"",""construction_boundary""]","[""候选包含与权威条目 【六35】 对齐的可定位触发线索。"",""候选满足模板槽位：fixed_marker、internal_slot、construction_boundary。"",""候选按 structural_pattern 模式实现 固定格式 / 未细分 / 未列小项 所规定的语法功能。""]","[""触发线索存在，但候选边界未覆盖完整构式。"",""局部槽位可定位，但至少一个必需槽位仅得到弱支持。""]","[""触发线索只出现在标题、编号、术语或元语言说明中。"",""必需槽位缺失，且上下文不能恢复目标结构或目标功能。""]","[""相同表层形式可能实现 未细分 中的非目标功能。"",""相邻构式共享触发形式，但槽位关系或语法功能不同。""]","[{""if"":""候选边界不完整或过长"",""then"":""边界问题""},{""if"":""触发存在但必需槽位缺失"",""then"":""结构缺槽""},{""if"":""表层触发仅为元语言或非目标功能"",""then"":""表层触发但非目标""},{""if"":""槽位完整且目标功能成立"",""then"":""目标用例""}]","[""目标用例"",""边界问题"",""表层触发但非目标"",""结构缺槽"",""语义不兼容"",""其他具体构式"",""不确定/需复核""]",machine_instantiated_source_anchored
DTV3-POINT-99A99A1FFA43,【四75】 point-specific,GF0025_point_specific,point_specific_instantiated,,口语格式,未细分,未列小项,structural_pattern,source_literal_and_normalized_legacy_regex,"[""fixed_marker"",""internal_slot"",""construction_boundary""]","[""候选包含与权威条目 【四75】 对齐的可定位触发线索。"",""候选满足模板槽位：fixed_marker、internal_slot、construction_boundary。"",""候选按 structural_pattern 模式实现 口语格式 / 未细分 / 未列小项 所规定的语法功能。""]","[""触发线索存在，但候选边界未覆盖完整构式。"",""局部槽位可定位，但至少一个必需槽位仅得到弱支持。""]","[""触发线索只出现在标题、编号、术语或元语言说明中。"",""必需槽位缺失，且上下文不能恢复目标结构或目标功能。""]","[""相同表层形式可能实现 未细分 中的非目标功能。"",""相邻构式共享触发形式，但槽位关系或语法功能不同。""]","[{""if"":""候选边界不完整或过长"",""then"":""边界问题""},{""if"":""触发存在但必需槽位缺失"",""then"":""结构缺槽""},{""if"":""表层触发仅为元语言或非目标功能"",""then"":""表层触发但非目标""},{""if"":""槽位完整且目标功能成立"",""then"":""目标用例""}]","[""目标用例"",""边界问题"",""表层触发但非目标"",""结构缺槽"",""语义不兼容"",""其他具体构式"",""不确定/需复核""]",machine_instantiated_source_anchored
DTV3-POINT-9C645B36E4A0,【二77】 point-specific,GF0025_point_specific,point_specific_instantiated,,提问的方法,未细分,未列小项,complex_functional,source_literal_and_normalized_legacy_regex,"[""question_scope"",""question_marker"",""requested_information""]","[""候选包含与权威条目 【二77】 对齐的可定位触发线索。"",""候选满足模板槽位：question_scope、question_marker、requested_information。"",""候选按 complex_functional 模式实现 提问的方法 / 未细分 / 未列小项 所规定的语法功能。""]","[""触发线索存在，但候选边界未覆盖完整构式。"",""局部槽位可定位，但至少一个必需槽位仅得到弱支持。""]","[""触发线索只出现在标题、编号、术语或元语言说明中。"",""必需槽位缺失，且上下文不能恢复目标结构或目标功能。""]","[""相同表层形式可能实现 未细分 中的非目标功能。"",""相邻构式共享触发形式，但槽位关系或语法功能不同。""]","[{""if"":""候选边界不完整或过长"",""then"":""边界问题""},{""if"":""触发存在但必需槽位缺失"",""then"":""结构缺槽""},{""if"":""表层触发仅为元语言或非目标功能"",""then"":""表层触发但非目标""},{""if"":""槽位完整且目标功能成立"",""then"":""目标用例""}]","[""目标用例"",""边界问题"",""表层触发但非目标"",""结构缺槽"",""语义不兼容"",""其他具体构式"",""不确定/需复核""]",machine_instantiated_source_anchored
DTV3-POINT-9F23E033AC66,【三40】 point-specific,GF0025_point_specific,point_specific_instantiated,,固定格式,未细分,未列小项,structural_pattern,source_literal_and_normalized_legacy_regex,"[""fixed_marker"",""internal_slot"",""construction_boundary""]","[""候选包含与权威条目 【三40】 对齐的可定位触发线索。"",""候选满足模板槽位：fixed_marker、internal_slot、construction_boundary。"",""候选按 structural_pattern 模式实现 固定格式 / 未细分 / 未列小项 所规定的语法功能。""]","[""触发线索存在，但候选边界未覆盖完整构式。"",""局部槽位可定位，但至少一个必需槽位仅得到弱支持。""]","[""触发线索只出现在标题、编号、术语或元语言说明中。"",""必需槽位缺失，且上下文不能恢复目标结构或目标功能。""]","[""相同表层形式可能实现 未细分 中的非目标功能。"",""相邻构式共享触发形式，但槽位关系或语法功能不同。""]","[{""if"":""候选边界不完整或过长"",""then"":""边界问题""},{""if"":""触发存在但必需槽位缺失"",""then"":""结构缺槽""},{""if"":""表层触发仅为元语言或非目标功能"",""then"":""表层触发但非目标""},{""if"":""槽位完整且目标功能成立"",""then"":""目标用例""}]","[""目标用例"",""边界问题"",""表层触发但非目标"",""结构缺槽"",""语义不兼容"",""其他具体构式"",""不确定/需复核""]",machine_instantiated_source_anchored
DTV3-POINT-9F302588C9B2,【七—九27】 point-specific,GF0025_point_specific,point_specific_instantiated,,固定格式,未细分,未列小项,structural_pattern,source_literal_and_normalized_legacy_regex,"[""fixed_marker"",""internal_slot"",""construction_boundary""]","[""候选包含与权威条目 【七—九27】 对齐的可定位触发线索。"",""候选满足模板槽位：fixed_marker、internal_slot、construction_boundary。"",""候选按 structural_pattern 模式实现 固定格式 / 未细分 / 未列小项 所规定的语法功能。""]","[""触发线索存在，但候选边界未覆盖完整构式。"",""局部槽位可定位，但至少一个必需槽位仅得到弱支持。""]","[""触发线索只出现在标题、编号、术语或元语言说明中。"",""必需槽位缺失，且上下文不能恢复目标结构或目标功能。""]","[""相同表层形式可能实现 未细分 中的非目标功能。"",""相邻构式共享触发形式，但槽位关系或语法功能不同。""]","[{""if"":""候选边界不完整或过长"",""then"":""边界问题""},{""if"":""触发存在但必需槽位缺失"",""then"":""结构缺槽""},{""if"":""表层触发仅为元语言或非目标功能"",""then"":""表层触发但非目标""},{""if"":""槽位完整且目标功能成立"",""then"":""目标用例""}]","[""目标用例"",""边界问题"",""表层触发但非目标"",""结构缺槽"",""语义不兼容"",""其他具体构式"",""不确定/需复核""]",machine_instantiated_source_anchored
DTV3-POINT-A13888A7D477,【五65】 point-specific,GF0025_point_specific,point_specific_instantiated,,口语格式,未细分,未列小项,structural_pattern,source_literal_and_normalized_legacy_regex,"[""fixed_marker"",""internal_slot"",""construction_boundary""]","[""候选包含与权威条目 【五65】 对齐的可定位触发线索。"",""候选满足模板槽位：fixed_marker、internal_slot、construction_boundary。"",""候选按 structural_pattern 模式实现 口语格式 / 未细分 / 未列小项 所规定的语法功能。""]","[""触发线索存在，但候选边界未覆盖完整构式。"",""局部槽位可定位，但至少一个必需槽位仅得到弱支持。""]","[""触发线索只出现在标题、编号、术语或元语言说明中。"",""必需槽位缺失，且上下文不能恢复目标结构或目标功能。""]","[""相同表层形式可能实现 未细分 中的非目标功能。"",""相邻构式共享触发形式，但槽位关系或语法功能不同。""]","[{""if"":""候选边界不完整或过长"",""then"":""边界问题""},{""if"":""触发存在但必需槽位缺失"",""then"":""结构缺槽""},{""if"":""表层触发仅为元语言或非目标功能"",""then"":""表层触发但非目标""},{""if"":""槽位完整且目标功能成立"",""then"":""目标用例""}]","[""目标用例"",""边界问题"",""表层触发但非目标"",""结构缺槽"",""语义不兼容"",""其他具体构式"",""不确定/需复核""]",machine_instantiated_source_anchored
DTV3-POINT-A4D5FA0E8F8A,【一47】 point-specific,GF0025_point_specific,point_specific_instantiated,,提问的方法,未细分,未列小项,complex_functional,source_literal_and_normalized_legacy_regex,"[""question_scope"",""question_marker"",""requested_information""]","[""候选包含与权威条目 【一47】 对齐的可定位触发线索。"",""候选满足模板槽位：question_scope、question_marker、requested_information。"",""候选按 complex_functional 模式实现 提问的方法 / 未细分 / 未列小项 所规定的语法功能。""]","[""触发线索存在，但候选边界未覆盖完整构式。"",""局部槽位可定位，但至少一个必需槽位仅得到弱支持。""]","[""触发线索只出现在标题、编号、术语或元语言说明中。"",""必需槽位缺失，且上下文不能恢复目标结构或目标功能。""]","[""相同表层形式可能实现 未细分 中的非目标功能。"",""相邻构式共享触发形式，但槽位关系或语法功能不同。""]","[{""if"":""候选边界不完整或过长"",""then"":""边界问题""},{""if"":""触发存在但必需槽位缺失"",""then"":""结构缺槽""},{""if"":""表层触发仅为元语言或非目标功能"",""then"":""表层触发但非目标""},{""if"":""槽位完整且目标功能成立"",""then"":""目标用例""}]","[""目标用例"",""边界问题"",""表层触发但非目标"",""结构缺槽"",""语义不兼容"",""其他具体构式"",""不确定/需复核""]",machine_instantiated_source_anchored
DTV3-POINT-A8EE41429E11,【五31】 point-specific,GF0025_point_specific,point_specific_instantiated,,固定格式,未细分,未列小项,structural_pattern,source_literal_and_normalized_legacy_regex,"[""fixed_marker"",""internal_slot"",""construction_boundary""]","[""候选包含与权威条目 【五31】 对齐的可定位触发线索。"",""候选满足模板槽位：fixed_marker、internal_slot、construction_boundary。"",""候选按 structural_pattern 模式实现 固定格式 / 未细分 / 未列小项 所规定的语法功能。""]","[""触发线索存在，但候选边界未覆盖完整构式。"",""局部槽位可定位，但至少一个必需槽位仅得到弱支持。""]","[""触发线索只出现在标题、编号、术语或元语言说明中。"",""必需槽位缺失，且上下文不能恢复目标结构或目标功能。""]","[""相同表层形式可能实现 未细分 中的非目标功能。"",""相邻构式共享触发形式，但槽位关系或语法功能不同。""]","[{""if"":""候选边界不完整或过长"",""then"":""边界问题""},{""if"":""触发存在但必需槽位缺失"",""then"":""结构缺槽""},{""if"":""表层触发仅为元语言或非目标功能"",""then"":""表层触发但非目标""},{""if"":""槽位完整且目标功能成立"",""then"":""目标用例""}]","[""目标用例"",""边界问题"",""表层触发但非目标"",""结构缺槽"",""语义不兼容"",""其他具体构式"",""不确定/需复核""]",machine_instantiated_source_anchored
DTV3-POINT-AAD634786909,【七—九84】 point-specific,GF0025_point_specific,point_specific_instantiated,,口语格式,未细分,未列小项,structural_pattern,source_literal_and_normalized_legacy_regex,"[""fixed_marker"",""internal_slot"",""construction_boundary""]","[""候选包含与权威条目 【七—九84】 对齐的可定位触发线索。"",""候选满足模板槽位：fixed_marker、internal_slot、construction_boundary。"",""候选按 structural_pattern 模式实现 口语格式 / 未细分 / 未列小项 所规定的语法功能。""]","[""触发线索存在，但候选边界未覆盖完整构式。"",""局部槽位可定位，但至少一个必需槽位仅得到弱支持。""]","[""触发线索只出现在标题、编号、术语或元语言说明中。"",""必需槽位缺失，且上下文不能恢复目标结构或目标功能。""]","[""相同表层形式可能实现 未细分 中的非目标功能。"",""相邻构式共享触发形式，但槽位关系或语法功能不同。""]","[{""if"":""候选边界不完整或过长"",""then"":""边界问题""},{""if"":""触发存在但必需槽位缺失"",""then"":""结构缺槽""},{""if"":""表层触发仅为元语言或非目标功能"",""then"":""表层触发但非目标""},{""if"":""槽位完整且目标功能成立"",""then"":""目标用例""}]","[""目标用例"",""边界问题"",""表层触发但非目标"",""结构缺槽"",""语义不兼容"",""其他具体构式"",""不确定/需复核""]",machine_instantiated_source_anchored
DTV3-POINT-AB155FCBC46C,【二47】 point-specific,GF0025_point_specific,point_specific_instantiated,,固定格式,未细分,未列小项,structural_pattern,source_literal_and_normalized_legacy_regex,"[""fixed_marker"",""internal_slot"",""construction_boundary""]","[""候选包含与权威条目 【二47】 对齐的可定位触发线索。"",""候选满足模板槽位：fixed_marker、internal_slot、construction_boundary。"",""候选按 structural_pattern 模式实现 固定格式 / 未细分 / 未列小项 所规定的语法功能。""]","[""触发线索存在，但候选边界未覆盖完整构式。"",""局部槽位可定位，但至少一个必需槽位仅得到弱支持。""]","[""触发线索只出现在标题、编号、术语或元语言说明中。"",""必需槽位缺失，且上下文不能恢复目标结构或目标功能。""]","[""相同表层形式可能实现 未细分 中的非目标功能。"",""相邻构式共享触发形式，但槽位关系或语法功能不同。""]","[{""if"":""候选边界不完整或过长"",""then"":""边界问题""},{""if"":""触发存在但必需槽位缺失"",""then"":""结构缺槽""},{""if"":""表层触发仅为元语言或非目标功能"",""then"":""表层触发但非目标""},{""if"":""槽位完整且目标功能成立"",""then"":""目标用例""}]","[""目标用例"",""边界问题"",""表层触发但非目标"",""结构缺槽"",""语义不兼容"",""其他具体构式"",""不确定/需复核""]",machine_instantiated_source_anchored
DTV3-POINT-B583F975248B,【四33】 point-specific,GF0025_point_specific,point_specific_instantiated,,固定格式,未细分,未列小项,structural_pattern,source_literal_and_normalized_legacy_regex,"[""fixed_marker"",""internal_slot"",""construction_boundary""]","[""候选包含与权威条目 【四33】 对齐的可定位触发线索。"",""候选满足模板槽位：fixed_marker、internal_slot、construction_boundary。"",""候选按 structural_pattern 模式实现 固定格式 / 未细分 / 未列小项 所规定的语法功能。""]","[""触发线索存在，但候选边界未覆盖完整构式。"",""局部槽位可定位，但至少一个必需槽位仅得到弱支持。""]","[""触发线索只出现在标题、编号、术语或元语言说明中。"",""必需槽位缺失，且上下文不能恢复目标结构或目标功能。""]","[""相同表层形式可能实现 未细分 中的非目标功能。"",""相邻构式共享触发形式，但槽位关系或语法功能不同。""]","[{""if"":""候选边界不完整或过长"",""then"":""边界问题""},{""if"":""触发存在但必需槽位缺失"",""then"":""结构缺槽""},{""if"":""表层触发仅为元语言或非目标功能"",""then"":""表层触发但非目标""},{""if"":""槽位完整且目标功能成立"",""then"":""目标用例""}]","[""目标用例"",""边界问题"",""表层触发但非目标"",""结构缺槽"",""语义不兼容"",""其他具体构式"",""不确定/需复核""]",machine_instantiated_source_anchored
DTV3-POINT-BA45DC9FF333,【六61】 point-specific,GF0025_point_specific,point_specific_instantiated,,口语格式,未细分,未列小项,structural_pattern,source_literal_and_normalized_legacy_regex,"[""fixed_marker"",""internal_slot"",""construction_boundary""]","[""候选包含与权威条目 【六61】 对齐的可定位触发线索。"",""候选满足模板槽位：fixed_marker、internal_slot、construction_boundary。"",""候选按 structural_pattern 模式实现 口语格式 / 未细分 / 未列小项 所规定的语法功能。""]","[""触发线索存在，但候选边界未覆盖完整构式。"",""局部槽位可定位，但至少一个必需槽位仅得到弱支持。""]","[""触发线索只出现在标题、编号、术语或元语言说明中。"",""必需槽位缺失，且上下文不能恢复目标结构或目标功能。""]","[""相同表层形式可能实现 未细分 中的非目标功能。"",""相邻构式共享触发形式，但槽位关系或语法功能不同。""]","[{""if"":""候选边界不完整或过长"",""then"":""边界问题""},{""if"":""触发存在但必需槽位缺失"",""then"":""结构缺槽""},{""if"":""表层触发仅为元语言或非目标功能"",""then"":""表层触发但非目标""},{""if"":""槽位完整且目标功能成立"",""then"":""目标用例""}]","[""目标用例"",""边界问题"",""表层触发但非目标"",""结构缺槽"",""语义不兼容"",""其他具体构式"",""不确定/需复核""]",machine_instantiated_source_anchored
DTV3-POINT-BE6821887CA2,【七—九78】 point-specific,GF0025_point_specific,point_specific_instantiated,,口语格式,未细分,未列小项,structural_pattern,source_literal_and_normalized_legacy_regex,"[""fixed_marker"",""internal_slot"",""construction_boundary""]","[""候选包含与权威条目 【七—九78】 对齐的可定位触发线索。"",""候选满足模板槽位：fixed_marker、internal_slot、construction_boundary。"",""候选按 structural_pattern 模式实现 口语格式 / 未细分 / 未列小项 所规定的语法功能。""]","[""触发线索存在，但候选边界未覆盖完整构式。"",""局部槽位可定位，但至少一个必需槽位仅得到弱支持。""]","[""触发线索只出现在标题、编号、术语或元语言说明中。"",""必需槽位缺失，且上下文不能恢复目标结构或目标功能。""]","[""相同表层形式可能实现 未细分 中的非目标功能。"",""相邻构式共享触发形式，但槽位关系或语法功能不同。""]","[{""if"":""候选边界不完整或过长"",""then"":""边界问题""},{""if"":""触发存在但必需槽位缺失"",""then"":""结构缺槽""},{""if"":""表层触发仅为元语言或非目标功能"",""then"":""表层触发但非目标""},{""if"":""槽位完整且目标功能成立"",""then"":""目标用例""}]","[""目标用例"",""边界问题"",""表层触发但非目标"",""结构缺槽"",""语义不兼容"",""其他具体构式"",""不确定/需复核""]",machine_instantiated_source_anchored
DTV3-POINT-C52BF7DF3BC2,【一46】 point-specific,GF0025_point_specific,point_specific_instantiated,,提问的方法,未细分,未列小项,complex_functional,source_literal_and_normalized_legacy_regex,"[""question_scope"",""question_marker"",""requested_information""]","[""候选包含与权威条目 【一46】 对齐的可定位触发线索。"",""候选满足模板槽位：question_scope、question_marker、requested_information。"",""候选按 complex_functional 模式实现 提问的方法 / 未细分 / 未列小项 所规定的语法功能。""]","[""触发线索存在，但候选边界未覆盖完整构式。"",""局部槽位可定位，但至少一个必需槽位仅得到弱支持。""]","[""触发线索只出现在标题、编号、术语或元语言说明中。"",""必需槽位缺失，且上下文不能恢复目标结构或目标功能。""]","[""相同表层形式可能实现 未细分 中的非目标功能。"",""相邻构式共享触发形式，但槽位关系或语法功能不同。""]","[{""if"":""候选边界不完整或过长"",""then"":""边界问题""},{""if"":""触发存在但必需槽位缺失"",""then"":""结构缺槽""},{""if"":""表层触发仅为元语言或非目标功能"",""then"":""表层触发但非目标""},{""if"":""槽位完整且目标功能成立"",""then"":""目标用例""}]","[""目标用例"",""边界问题"",""表层触发但非目标"",""结构缺槽"",""语义不兼容"",""其他具体构式"",""不确定/需复核""]",machine_instantiated_source_anchored
DTV3-POINT-C727DDB06F27,【七—九83】 point-specific,GF0025_point_specific,point_specific_instantiated,,口语格式,未细分,未列小项,structural_pattern,source_literal_and_normalized_legacy_regex,"[""fixed_marker"",""internal_slot"",""construction_boundary""]","[""候选包含与权威条目 【七—九83】 对齐的可定位触发线索。"",""候选满足模板槽位：fixed_marker、internal_slot、construction_boundary。"",""候选按 structural_pattern 模式实现 口语格式 / 未细分 / 未列小项 所规定的语法功能。""]","[""触发线索存在，但候选边界未覆盖完整构式。"",""局部槽位可定位，但至少一个必需槽位仅得到弱支持。""]","[""触发线索只出现在标题、编号、术语或元语言说明中。"",""必需槽位缺失，且上下文不能恢复目标结构或目标功能。""]","[""相同表层形式可能实现 未细分 中的非目标功能。"",""相邻构式共享触发形式，但槽位关系或语法功能不同。""]","[{""if"":""候选边界不完整或过长"",""then"":""边界问题""},{""if"":""触发存在但必需槽位缺失"",""then"":""结构缺槽""},{""if"":""表层触发仅为元语言或非目标功能"",""then"":""表层触发但非目标""},{""if"":""槽位完整且目标功能成立"",""then"":""目标用例""}]","[""目标用例"",""边界问题"",""表层触发但非目标"",""结构缺槽"",""语义不兼容"",""其他具体构式"",""不确定/需复核""]",machine_instantiated_source_anchored
DTV3-POINT-C75AB1795A71,【六67】 point-specific,GF0025_point_specific,point_specific_instantiated,,口语格式,未细分,未列小项,structural_pattern,source_literal_and_normalized_legacy_regex,"[""fixed_marker"",""internal_slot"",""construction_boundary""]","[""候选包含与权威条目 【六67】 对齐的可定位触发线索。"",""候选满足模板槽位：fixed_marker、internal_slot、construction_boundary。"",""候选按 structural_pattern 模式实现 口语格式 / 未细分 / 未列小项 所规定的语法功能。""]","[""触发线索存在，但候选边界未覆盖完整构式。"",""局部槽位可定位，但至少一个必需槽位仅得到弱支持。""]","[""触发线索只出现在标题、编号、术语或元语言说明中。"",""必需槽位缺失，且上下文不能恢复目标结构或目标功能。""]","[""相同表层形式可能实现 未细分 中的非目标功能。"",""相邻构式共享触发形式，但槽位关系或语法功能不同。""]","[{""if"":""候选边界不完整或过长"",""then"":""边界问题""},{""if"":""触发存在但必需槽位缺失"",""then"":""结构缺槽""},{""if"":""表层触发仅为元语言或非目标功能"",""then"":""表层触发但非目标""},{""if"":""槽位完整且目标功能成立"",""then"":""目标用例""}]","[""目标用例"",""边界问题"",""表层触发但非目标"",""结构缺槽"",""语义不兼容"",""其他具体构式"",""不确定/需复核""]",machine_instantiated_source_anchored
DTV3-POINT-C7DEBFFA17A8,【七—九81】 point-specific,GF0025_point_specific,point_specific_instantiated,,口语格式,未细分,未列小项,structural_pattern,source_literal_and_normalized_legacy_regex,"[""fixed_marker"",""internal_slot"",""construction_boundary""]","[""候选包含与权威条目 【七—九81】 对齐的可定位触发线索。"",""候选满足模板槽位：fixed_marker、internal_slot、construction_boundary。"",""候选按 structural_pattern 模式实现 口语格式 / 未细分 / 未列小项 所规定的语法功能。""]","[""触发线索存在，但候选边界未覆盖完整构式。"",""局部槽位可定位，但至少一个必需槽位仅得到弱支持。""]","[""触发线索只出现在标题、编号、术语或元语言说明中。"",""必需槽位缺失，且上下文不能恢复目标结构或目标功能。""]","[""相同表层形式可能实现 未细分 中的非目标功能。"",""相邻构式共享触发形式，但槽位关系或语法功能不同。""]","[{""if"":""候选边界不完整或过长"",""then"":""边界问题""},{""if"":""触发存在但必需槽位缺失"",""then"":""结构缺槽""},{""if"":""表层触发仅为元语言或非目标功能"",""then"":""表层触发但非目标""},{""if"":""槽位完整且目标功能成立"",""then"":""目标用例""}]","[""目标用例"",""边界问题"",""表层触发但非目标"",""结构缺槽"",""语义不兼容"",""其他具体构式"",""不确定/需复核""]",machine_instantiated_source_anchored
DTV3-POINT-CA11F9B45F98,【二74】 point-specific,GF0025_point_specific,point_specific_instantiated,,强调的方法,未细分,未列小项,complex_functional,source_literal_and_normalized_legacy_regex,"[""focus_expression"",""focus_marker"",""proposition""]","[""候选包含与权威条目 【二74】 对齐的可定位触发线索。"",""候选满足模板槽位：focus_expression、focus_marker、proposition。"",""候选按 complex_functional 模式实现 强调的方法 / 未细分 / 未列小项 所规定的语法功能。""]","[""触发线索存在，但候选边界未覆盖完整构式。"",""局部槽位可定位，但至少一个必需槽位仅得到弱支持。""]","[""触发线索只出现在标题、编号、术语或元语言说明中。"",""必需槽位缺失，且上下文不能恢复目标结构或目标功能。""]","[""相同表层形式可能实现 未细分 中的非目标功能。"",""相邻构式共享触发形式，但槽位关系或语法功能不同。""]","[{""if"":""候选边界不完整或过长"",""then"":""边界问题""},{""if"":""触发存在但必需槽位缺失"",""then"":""结构缺槽""},{""if"":""表层触发仅为元语言或非目标功能"",""then"":""表层触发但非目标""},{""if"":""槽位完整且目标功能成立"",""then"":""目标用例""}]","[""目标用例"",""边界问题"",""表层触发但非目标"",""结构缺槽"",""语义不兼容"",""其他具体构式"",""不确定/需复核""]",machine_instantiated_source_anchored
DTV3-POINT-CDCAA16D1BB4,【一48】 point-specific,GF0025_point_specific,point_specific_instantiated,,提问的方法,未细分,未列小项,complex_functional,source_literal_and_normalized_legacy_regex,"[""question_scope"",""question_marker"",""requested_information""]","[""候选包含与权威条目 【一48】 对齐的可定位触发线索。"",""候选满足模板槽位：question_scope、question_marker、requested_information。"",""候选按 complex_functional 模式实现 提问的方法 / 未细分 / 未列小项 所规定的语法功能。""]","[""触发线索存在，但候选边界未覆盖完整构式。"",""局部槽位可定位，但至少一个必需槽位仅得到弱支持。""]","[""触发线索只出现在标题、编号、术语或元语言说明中。"",""必需槽位缺失，且上下文不能恢复目标结构或目标功能。""]","[""相同表层形式可能实现 未细分 中的非目标功能。"",""相邻构式共享触发形式，但槽位关系或语法功能不同。""]","[{""if"":""候选边界不完整或过长"",""then"":""边界问题""},{""if"":""触发存在但必需槽位缺失"",""then"":""结构缺槽""},{""if"":""表层触发仅为元语言或非目标功能"",""then"":""表层触发但非目标""},{""if"":""槽位完整且目标功能成立"",""then"":""目标用例""}]","[""目标用例"",""边界问题"",""表层触发但非目标"",""结构缺槽"",""语义不兼容"",""其他具体构式"",""不确定/需复核""]",machine_instantiated_source_anchored
DTV3-POINT-CE77C642541E,【四31】 point-specific,GF0025_point_specific,point_specific_instantiated,,固定格式,未细分,未列小项,structural_pattern,source_literal_and_normalized_legacy_regex,"[""fixed_marker"",""internal_slot"",""construction_boundary""]","[""候选包含与权威条目 【四31】 对齐的可定位触发线索。"",""候选满足模板槽位：fixed_marker、internal_slot、construction_boundary。"",""候选按 structural_pattern 模式实现 固定格式 / 未细分 / 未列小项 所规定的语法功能。""]","[""触发线索存在，但候选边界未覆盖完整构式。"",""局部槽位可定位，但至少一个必需槽位仅得到弱支持。""]","[""触发线索只出现在标题、编号、术语或元语言说明中。"",""必需槽位缺失，且上下文不能恢复目标结构或目标功能。""]","[""相同表层形式可能实现 未细分 中的非目标功能。"",""相邻构式共享触发形式，但槽位关系或语法功能不同。""]","[{""if"":""候选边界不完整或过长"",""then"":""边界问题""},{""if"":""触发存在但必需槽位缺失"",""then"":""结构缺槽""},{""if"":""表层触发仅为元语言或非目标功能"",""then"":""表层触发但非目标""},{""if"":""槽位完整且目标功能成立"",""then"":""目标用例""}]","[""目标用例"",""边界问题"",""表层触发但非目标"",""结构缺槽"",""语义不兼容"",""其他具体构式"",""不确定/需复核""]",machine_instantiated_source_anchored
DTV3-POINT-CEFE280E4AAF,【五30】 point-specific,GF0025_point_specific,point_specific_instantiated,,固定格式,未细分,未列小项,structural_pattern,source_literal_and_normalized_legacy_regex,"[""fixed_marker"",""internal_slot"",""construction_boundary""]","[""候选包含与权威条目 【五30】 对齐的可定位触发线索。"",""候选满足模板槽位：fixed_marker、internal_slot、construction_boundary。"",""候选按 structural_pattern 模式实现 固定格式 / 未细分 / 未列小项 所规定的语法功能。""]","[""触发线索存在，但候选边界未覆盖完整构式。"",""局部槽位可定位，但至少一个必需槽位仅得到弱支持。""]","[""触发线索只出现在标题、编号、术语或元语言说明中。"",""必需槽位缺失，且上下文不能恢复目标结构或目标功能。""]","[""相同表层形式可能实现 未细分 中的非目标功能。"",""相邻构式共享触发形式，但槽位关系或语法功能不同。""]","[{""if"":""候选边界不完整或过长"",""then"":""边界问题""},{""if"":""触发存在但必需槽位缺失"",""then"":""结构缺槽""},{""if"":""表层触发仅为元语言或非目标功能"",""then"":""表层触发但非目标""},{""if"":""槽位完整且目标功能成立"",""then"":""目标用例""}]","[""目标用例"",""边界问题"",""表层触发但非目标"",""结构缺槽"",""语义不兼容"",""其他具体构式"",""不确定/需复核""]",machine_instantiated_source_anchored
DTV3-POINT-D0B5A43864C5,【三75】 point-specific,GF0025_point_specific,point_specific_instantiated,,强调的方法,未细分,未列小项,complex_functional,source_literal_and_normalized_legacy_regex,"[""focus_expression"",""focus_marker"",""proposition""]","[""候选包含与权威条目 【三75】 对齐的可定位触发线索。"",""候选满足模板槽位：focus_expression、focus_marker、proposition。"",""候选按 complex_functional 模式实现 强调的方法 / 未细分 / 未列小项 所规定的语法功能。""]","[""触发线索存在，但候选边界未覆盖完整构式。"",""局部槽位可定位，但至少一个必需槽位仅得到弱支持。""]","[""触发线索只出现在标题、编号、术语或元语言说明中。"",""必需槽位缺失，且上下文不能恢复目标结构或目标功能。""]","[""相同表层形式可能实现 未细分 中的非目标功能。"",""相邻构式共享触发形式，但槽位关系或语法功能不同。""]","[{""if"":""候选边界不完整或过长"",""then"":""边界问题""},{""if"":""触发存在但必需槽位缺失"",""then"":""结构缺槽""},{""if"":""表层触发仅为元语言或非目标功能"",""then"":""表层触发但非目标""},{""if"":""槽位完整且目标功能成立"",""then"":""目标用例""}]","[""目标用例"",""边界问题"",""表层触发但非目标"",""结构缺槽"",""语义不兼容"",""其他具体构式"",""不确定/需复核""]",machine_instantiated_source_anchored
DTV3-POINT-D46F3BD80D39,【三81】 point-specific,GF0025_point_specific,point_specific_instantiated,,口语格式,未细分,未列小项,structural_pattern,source_literal_and_normalized_legacy_regex,"[""fixed_marker"",""internal_slot"",""construction_boundary""]","[""候选包含与权威条目 【三81】 对齐的可定位触发线索。"",""候选满足模板槽位：fixed_marker、internal_slot、construction_boundary。"",""候选按 structural_pattern 模式实现 口语格式 / 未细分 / 未列小项 所规定的语法功能。""]","[""触发线索存在，但候选边界未覆盖完整构式。"",""局部槽位可定位，但至少一个必需槽位仅得到弱支持。""]","[""触发线索只出现在标题、编号、术语或元语言说明中。"",""必需槽位缺失，且上下文不能恢复目标结构或目标功能。""]","[""相同表层形式可能实现 未细分 中的非目标功能。"",""相邻构式共享触发形式，但槽位关系或语法功能不同。""]","[{""if"":""候选边界不完整或过长"",""then"":""边界问题""},{""if"":""触发存在但必需槽位缺失"",""then"":""结构缺槽""},{""if"":""表层触发仅为元语言或非目标功能"",""then"":""表层触发但非目标""},{""if"":""槽位完整且目标功能成立"",""then"":""目标用例""}]","[""目标用例"",""边界问题"",""表层触发但非目标"",""结构缺槽"",""语义不兼容"",""其他具体构式"",""不确定/需复核""]",machine_instantiated_source_anchored
DTV3-POINT-D6D4C2E3302B,【五57】 point-specific,GF0025_point_specific,point_specific_instantiated,,强调的方法,未细分,未列小项,complex_functional,source_literal_and_normalized_legacy_regex,"[""focus_expression"",""focus_marker"",""proposition""]","[""候选包含与权威条目 【五57】 对齐的可定位触发线索。"",""候选满足模板槽位：focus_expression、focus_marker、proposition。"",""候选按 complex_functional 模式实现 强调的方法 / 未细分 / 未列小项 所规定的语法功能。""]","[""触发线索存在，但候选边界未覆盖完整构式。"",""局部槽位可定位，但至少一个必需槽位仅得到弱支持。""]","[""触发线索只出现在标题、编号、术语或元语言说明中。"",""必需槽位缺失，且上下文不能恢复目标结构或目标功能。""]","[""相同表层形式可能实现 未细分 中的非目标功能。"",""相邻构式共享触发形式，但槽位关系或语法功能不同。""]","[{""if"":""候选边界不完整或过长"",""then"":""边界问题""},{""if"":""触发存在但必需槽位缺失"",""then"":""结构缺槽""},{""if"":""表层触发仅为元语言或非目标功能"",""then"":""表层触发但非目标""},{""if"":""槽位完整且目标功能成立"",""then"":""目标用例""}]","[""目标用例"",""边界问题"",""表层触发但非目标"",""结构缺槽"",""语义不兼容"",""其他具体构式"",""不确定/需复核""]",machine_instantiated_source_anchored
DTV3-POINT-DAC48F04092E,【五68】 point-specific,GF0025_point_specific,point_specific_instantiated,,口语格式,未细分,未列小项,structural_pattern,source_literal_and_normalized_legacy_regex,"[""fixed_marker"",""internal_slot"",""construction_boundary""]","[""候选包含与权威条目 【五68】 对齐的可定位触发线索。"",""候选满足模板槽位：fixed_marker、internal_slot、construction_boundary。"",""候选按 structural_pattern 模式实现 口语格式 / 未细分 / 未列小项 所规定的语法功能。""]","[""触发线索存在，但候选边界未覆盖完整构式。"",""局部槽位可定位，但至少一个必需槽位仅得到弱支持。""]","[""触发线索只出现在标题、编号、术语或元语言说明中。"",""必需槽位缺失，且上下文不能恢复目标结构或目标功能。""]","[""相同表层形式可能实现 未细分 中的非目标功能。"",""相邻构式共享触发形式，但槽位关系或语法功能不同。""]","[{""if"":""候选边界不完整或过长"",""then"":""边界问题""},{""if"":""触发存在但必需槽位缺失"",""then"":""结构缺槽""},{""if"":""表层触发仅为元语言或非目标功能"",""then"":""表层触发但非目标""},{""if"":""槽位完整且目标功能成立"",""then"":""目标用例""}]","[""目标用例"",""边界问题"",""表层触发但非目标"",""结构缺槽"",""语义不兼容"",""其他具体构式"",""不确定/需复核""]",machine_instantiated_source_anchored
DTV3-POINT-DCA38D8B801B,【六55】 point-specific,GF0025_point_specific,point_specific_instantiated,,强调的方法,未细分,未列小项,complex_functional,source_literal_and_normalized_legacy_regex,"[""focus_expression"",""focus_marker"",""proposition""]","[""候选包含与权威条目 【六55】 对齐的可定位触发线索。"",""候选满足模板槽位：focus_expression、focus_marker、proposition。"",""候选按 complex_functional 模式实现 强调的方法 / 未细分 / 未列小项 所规定的语法功能。""]","[""触发线索存在，但候选边界未覆盖完整构式。"",""局部槽位可定位，但至少一个必需槽位仅得到弱支持。""]","[""触发线索只出现在标题、编号、术语或元语言说明中。"",""必需槽位缺失，且上下文不能恢复目标结构或目标功能。""]","[""相同表层形式可能实现 未细分 中的非目标功能。"",""相邻构式共享触发形式，但槽位关系或语法功能不同。""]","[{""if"":""候选边界不完整或过长"",""then"":""边界问题""},{""if"":""触发存在但必需槽位缺失"",""then"":""结构缺槽""},{""if"":""表层触发仅为元语言或非目标功能"",""then"":""表层触发但非目标""},{""if"":""槽位完整且目标功能成立"",""then"":""目标用例""}]","[""目标用例"",""边界问题"",""表层触发但非目标"",""结构缺槽"",""语义不兼容"",""其他具体构式"",""不确定/需复核""]",machine_instantiated_source_anchored
DTV3-POINT-DD975727C767,【四74】 point-specific,GF0025_point_specific,point_specific_instantiated,,口语格式,未细分,未列小项,structural_pattern,source_literal_and_normalized_legacy_regex,"[""fixed_marker"",""internal_slot"",""construction_boundary""]","[""候选包含与权威条目 【四74】 对齐的可定位触发线索。"",""候选满足模板槽位：fixed_marker、internal_slot、construction_boundary。"",""候选按 structural_pattern 模式实现 口语格式 / 未细分 / 未列小项 所规定的语法功能。""]","[""触发线索存在，但候选边界未覆盖完整构式。"",""局部槽位可定位，但至少一个必需槽位仅得到弱支持。""]","[""触发线索只出现在标题、编号、术语或元语言说明中。"",""必需槽位缺失，且上下文不能恢复目标结构或目标功能。""]","[""相同表层形式可能实现 未细分 中的非目标功能。"",""相邻构式共享触发形式，但槽位关系或语法功能不同。""]","[{""if"":""候选边界不完整或过长"",""then"":""边界问题""},{""if"":""触发存在但必需槽位缺失"",""then"":""结构缺槽""},{""if"":""表层触发仅为元语言或非目标功能"",""then"":""表层触发但非目标""},{""if"":""槽位完整且目标功能成立"",""then"":""目标用例""}]","[""目标用例"",""边界问题"",""表层触发但非目标"",""结构缺槽"",""语义不兼容"",""其他具体构式"",""不确定/需复核""]",machine_instantiated_source_anchored
DTV3-POINT-E8E3BDCCB925,【七—九77】 point-specific,GF0025_point_specific,point_specific_instantiated,,口语格式,未细分,未列小项,structural_pattern,source_literal_and_normalized_legacy_regex,"[""fixed_marker"",""internal_slot"",""construction_boundary""]","[""候选包含与权威条目 【七—九77】 对齐的可定位触发线索。"",""候选满足模板槽位：fixed_marker、internal_slot、construction_boundary。"",""候选按 structural_pattern 模式实现 口语格式 / 未细分 / 未列小项 所规定的语法功能。""]","[""触发线索存在，但候选边界未覆盖完整构式。"",""局部槽位可定位，但至少一个必需槽位仅得到弱支持。""]","[""触发线索只出现在标题、编号、术语或元语言说明中。"",""必需槽位缺失，且上下文不能恢复目标结构或目标功能。""]","[""相同表层形式可能实现 未细分 中的非目标功能。"",""相邻构式共享触发形式，但槽位关系或语法功能不同。""]","[{""if"":""候选边界不完整或过长"",""then"":""边界问题""},{""if"":""触发存在但必需槽位缺失"",""then"":""结构缺槽""},{""if"":""表层触发仅为元语言或非目标功能"",""then"":""表层触发但非目标""},{""if"":""槽位完整且目标功能成立"",""then"":""目标用例""}]","[""目标用例"",""边界问题"",""表层触发但非目标"",""结构缺槽"",""语义不兼容"",""其他具体构式"",""不确定/需复核""]",machine_instantiated_source_anchored
DTV3-SEED-00A60C862C23,给/为/关于等介词框架,constraints_v0_1_seed,seed_reused,给/为/关于等介词框架候选,词类,介词,引出对象,structural_pattern,source_literal_and_normalized_legacy_regex,"[""frame_marker"",""frame_object"",""governing_predicate"",""relation_type""]","[""候选片段包含或可解释出“给/为/关于等介词框架”相关标记/结构线索。"",""候选片段满足所属语法家族的核心槽位要求：介词/框架标记、框架对象、谓词/中心事件、关系类型。"",""候选片段在原句中承担该语法点的实际语法功能，而非仅有表层词形。""]","[""结构大体可定位但边界过短或过长。"",""标记存在但核心槽位需要结合上下文复核。""]","[""候选片段只是术语、标题、编号、残片或 OCR 混杂内容。"",""只有表层标记，无法构成所属语法家族的核心结构。""]","[""只有表层标记""]","[{""if"":""核心槽位缺失"",""then"":""结构缺槽""},{""if"":""只有表层标记"",""then"":""表层触发但非目标""},{""if"":""结构成立但候选边界不准"",""then"":""边界问题""}]","[""目标用例"",""边界问题"",""表层触发但非目标"",""结构缺槽"",""语义不兼容"",""其他具体构式"",""不确定/需复核""]",machine_instantiated_source_anchored
DTV3-SEED-08BB8899E67F,比字比较句,constraints_v0_1_seed,seed_reused,比字比较候选,句子的类型,特殊句型,比较句,structural_pattern,source_literal_and_normalized_legacy_regex,"[""comparison_subject"",""comparison_marker"",""comparison_object"",""comparison_dimension""]","[""存在比较主体、比较对象和比较维度。"",""“比”引出比较对象而非其他介词功能。""]","[""差量或程度成分边界不完整，但比较关系可定位。""]","[""“比”出现在编号、比例、术语或非比较关系中。""]","[""与否定“没有”混淆""]","[{""if"":""缺少比较对象或比较维度"",""then"":""结构缺槽""},{""if"":""与否定“没有”混淆"",""then"":""表层触发但非目标""}]","[""目标用例"",""边界问题"",""表层触发但非目标"",""结构缺槽"",""语义不兼容"",""其他具体构式"",""不确定/需复核""]",machine_instantiated_source_anchored
DTV3-SEED-0D22AD2A6001,一样比较,constraints_v0_1_seed,seed_reused,一样比较候选,句子的类型,特殊句型,比较句,structural_pattern,source_literal_and_normalized_legacy_regex,"[""comparison_subject"",""comparison_marker"",""comparison_object"",""comparison_dimension""]","[""候选片段包含或可解释出“一样比较”相关标记/结构线索。"",""候选片段满足所属语法家族的核心槽位要求：比较主体、比较标记、比较对象、比较维度/谓词、差量/程度成分。"",""候选片段在原句中承担该语法点的实际语法功能，而非仅有表层词形。""]","[""结构大体可定位但边界过短或过长。"",""标记存在但核心槽位需要结合上下文复核。""]","[""候选片段只是术语、标题、编号、残片或 OCR 混杂内容。"",""只有表层标记，无法构成所属语法家族的核心结构。""]","[""只有表层标记""]","[{""if"":""核心槽位缺失"",""then"":""结构缺槽""},{""if"":""只有表层标记"",""then"":""表层触发但非目标""},{""if"":""结构成立但候选边界不准"",""then"":""边界问题""}]","[""目标用例"",""边界问题"",""表层触发但非目标"",""结构缺槽"",""语义不兼容"",""其他具体构式"",""不确定/需复核""]",machine_instantiated_source_anchored
DTV3-SEED-0DB749EE59AF,兼语结构,constraints_v0_1_seed,seed_reused,兼语结构候选,短语,结构类型,其他结构类型,structural_pattern,source_literal_and_normalized_legacy_regex,"[""predicate_1"",""shared_argument"",""predicate_2"",""event_relation""]","[""候选片段包含或可解释出“兼语结构”相关标记/结构线索。"",""候选片段满足所属语法家族的核心槽位要求：前项谓词、后项谓词、共享论元/兼语、对象、事件链关系。"",""候选片段在原句中承担该语法点的实际语法功能，而非仅有表层词形。""]","[""结构大体可定位但边界过短或过长。"",""标记存在但核心槽位需要结合上下文复核。""]","[""候选片段只是术语、标题、编号、残片或 OCR 混杂内容。"",""只有表层标记，无法构成所属语法家族的核心结构。""]","[""只有表层标记""]","[{""if"":""核心槽位缺失"",""then"":""结构缺槽""},{""if"":""只有表层标记"",""then"":""表层触发但非目标""},{""if"":""结构成立但候选边界不准"",""then"":""边界问题""}]","[""目标用例"",""边界问题"",""表层触发但非目标"",""结构缺槽"",""语义不兼容"",""其他具体构式"",""不确定/需复核""]",machine_instantiated_source_anchored
DTV3-SEED-1088F29CEF1C,越...越,constraints_v0_1_seed,seed_reused,越...越候选,固定格式,未细分,未列小项,structural_pattern,source_literal_and_normalized_legacy_regex,"[""comparison_subject"",""comparison_marker"",""comparison_object"",""comparison_dimension""]","[""候选片段包含或可解释出“越...越”相关标记/结构线索。"",""候选片段满足所属语法家族的核心槽位要求：比较主体、比较标记、比较对象、比较维度/谓词、差量/程度成分。"",""候选片段在原句中承担该语法点的实际语法功能，而非仅有表层词形。""]","[""结构大体可定位但边界过短或过长。"",""标记存在但核心槽位需要结合上下文复核。""]","[""候选片段只是术语、标题、编号、残片或 OCR 混杂内容。"",""只有表层标记，无法构成所属语法家族的核心结构。""]","[""只有表层标记""]","[{""if"":""核心槽位缺失"",""then"":""结构缺槽""},{""if"":""只有表层标记"",""then"":""表层触发但非目标""},{""if"":""结构成立但候选边界不准"",""then"":""边界问题""}]","[""目标用例"",""边界问题"",""表层触发但非目标"",""结构缺槽"",""语义不兼容"",""其他具体构式"",""不确定/需复核""]",machine_instantiated_source_anchored
DTV3-SEED-156322E23372,向/往/朝介词框架,constraints_v0_1_seed,seed_reused,向/往/朝介词框架候选,词类,介词,引出对象,structural_pattern,source_literal_and_normalized_legacy_regex,"[""frame_marker"",""frame_object"",""governing_predicate"",""relation_type""]","[""候选片段包含或可解释出“向/往/朝介词框架”相关标记/结构线索。"",""候选片段满足所属语法家族的核心槽位要求：介词/框架标记、框架对象、谓词/中心事件、关系类型。"",""候选片段在原句中承担该语法点的实际语法功能，而非仅有表层词形。""]","[""结构大体可定位但边界过短或过长。"",""标记存在但核心槽位需要结合上下文复核。""]","[""候选片段只是术语、标题、编号、残片或 OCR 混杂内容。"",""只有表层标记，无法构成所属语法家族的核心结构。""]","[""只有表层标记""]","[{""if"":""核心槽位缺失"",""then"":""结构缺槽""},{""if"":""只有表层标记"",""then"":""表层触发但非目标""},{""if"":""结构成立但候选边界不准"",""then"":""边界问题""}]","[""目标用例"",""边界问题"",""表层触发但非目标"",""结构缺槽"",""语义不兼容"",""其他具体构式"",""不确定/需复核""]",machine_instantiated_source_anchored
DTV3-SEED-15920FDA2223,双宾/给予结构,constraints_v0_1_seed,seed_reused,双宾/给予结构候选,句子的类型,特殊句型,双宾语句,structural_pattern,source_literal_and_normalized_legacy_regex,"[""predicate_1"",""shared_argument"",""predicate_2"",""event_relation""]","[""候选片段包含或可解释出“双宾/给予结构”相关标记/结构线索。"",""候选片段满足所属语法家族的核心槽位要求：前项谓词、后项谓词、共享论元/兼语、对象、事件链关系。"",""候选片段在原句中承担该语法点的实际语法功能，而非仅有表层词形。""]","[""结构大体可定位但边界过短或过长。"",""标记存在但核心槽位需要结合上下文复核。""]","[""候选片段只是术语、标题、编号、残片或 OCR 混杂内容。"",""只有表层标记，无法构成所属语法家族的核心结构。""]","[""只有表层标记""]","[{""if"":""核心槽位缺失"",""then"":""结构缺槽""},{""if"":""只有表层标记"",""then"":""表层触发但非目标""},{""if"":""结构成立但候选边界不准"",""then"":""边界问题""}]","[""目标用例"",""边界问题"",""表层触发但非目标"",""结构缺槽"",""语义不兼容"",""其他具体构式"",""不确定/需复核""]",machine_instantiated_source_anchored
DTV3-SEED-197DDF8736A0,没有比较,constraints_v0_1_seed,seed_reused,没有比较候选,句子的类型,特殊句型,比较句,structural_pattern,source_literal_and_normalized_legacy_regex,"[""comparison_subject"",""comparison_marker"",""comparison_object"",""comparison_dimension""]","[""候选片段包含或可解释出“没有比较”相关标记/结构线索。"",""候选片段满足所属语法家族的核心槽位要求：比较主体、比较标记、比较对象、比较维度/谓词、差量/程度成分。"",""候选片段在原句中承担该语法点的实际语法功能，而非仅有表层词形。""]","[""结构大体可定位但边界过短或过长。"",""标记存在但核心槽位需要结合上下文复核。""]","[""候选片段只是术语、标题、编号、残片或 OCR 混杂内容。"",""只有表层标记，无法构成所属语法家族的核心结构。""]","[""只有表层标记""]","[{""if"":""核心槽位缺失"",""then"":""结构缺槽""},{""if"":""只有表层标记"",""then"":""表层触发但非目标""},{""if"":""结构成立但候选边界不准"",""then"":""边界问题""}]","[""目标用例"",""边界问题"",""表层触发但非目标"",""结构缺槽"",""语义不兼容"",""其他具体构式"",""不确定/需复核""]",machine_instantiated_source_anchored
DTV3-SEED-1C22052DCACC,之所以...是因为,constraints_v0_1_seed,seed_reused,之所以...是因为候选,句子的类型,复句,因果复句,structural_pattern,source_literal_and_normalized_legacy_regex,"[""clause_1"",""relation_marker_1"",""clause_2"",""relation_marker_2""]","[""候选片段包含或可解释出“之所以...是因为”相关标记/结构线索。"",""候选片段满足所属语法家族的核心槽位要求：前项关联标记、前项分句、后项关联标记、后项分句、逻辑关系。"",""候选片段在原句中承担该语法点的实际语法功能，而非仅有表层词形。""]","[""结构大体可定位但边界过短或过长。"",""标记存在但核心槽位需要结合上下文复核。""]","[""候选片段只是术语、标题、编号、残片或 OCR 混杂内容。"",""只有表层标记，无法构成所属语法家族的核心结构。""]","[""只有表层标记""]","[{""if"":""核心槽位缺失"",""then"":""结构缺槽""},{""if"":""只有表层标记"",""then"":""表层触发但非目标""},{""if"":""结构成立但候选边界不准"",""then"":""边界问题""}]","[""目标用例"",""边界问题"",""表层触发但非目标"",""结构缺槽"",""语义不兼容"",""其他具体构式"",""不确定/需复核""]",machine_instantiated_source_anchored
DTV3-SEED-3283B870AA88,连动结构,constraints_v0_1_seed,seed_reused,连动结构候选,句子的类型,特殊句型,连动句,structural_pattern,source_literal_and_normalized_legacy_regex,"[""predicate_1"",""shared_argument"",""predicate_2"",""event_relation""]","[""候选片段覆盖连续动作链。"",""两个或多个谓词共享同一主体或存在事件先后/目的关系。""]","[""只截取动作链的一部分时标为边界问题。""]","[""普通动宾结构或单一谓词误触发。""]","[""只有普通动宾关系""]","[{""if"":""缺少前项或后项谓词"",""then"":""边界问题""},{""if"":""只有普通动宾关系"",""then"":""表层触发但非目标""}]","[""目标用例"",""边界问题"",""表层触发但非目标"",""结构缺槽"",""语义不兼容"",""其他具体构式"",""不确定/需复核""]",machine_instantiated_source_anchored
DTV3-SEED-40A8553D32D5,把字句,constraints_v0_1_seed,seed_reused,把字句候选,句子的类型,特殊句型,“把”字句,complex_functional,source_literal_and_normalized_legacy_regex,"[""agent"",""disposal_marker"",""patient"",""predicate"",""result_or_complement""]","[""候选片段包含处置标记“把”。"",""“把”后存在可解释为受事的名词性成分。"",""受事之后存在谓词性成分。"",""优先接受带有结果、趋向、状态变化或补足成分的处置表达。""]","[""候选片段只截到“把+受事”而缺少谓词性成分。"",""候选边界包含前置无关动作链，但核心把字结构仍可定位。""]","[""“把”只出现在术语、标题、编号或非句法用例中。"",""候选片段为残片，无法定位受事或谓词。""]","[""只因出现“把”而结构不成立""]","[{""if"":""缺少受事"",""then"":""结构缺槽""},{""if"":""缺少谓词或结果成分"",""then"":""结构缺槽""},{""if"":""只因出现“把”而结构不成立"",""then"":""表层触发但非目标""}]","[""目标用例"",""边界问题"",""表层触发但非目标"",""结构缺槽"",""语义不兼容"",""其他具体构式"",""不确定/需复核""]",machine_instantiated_source_anchored
DTV3-SEED-42692FBADAB9,对字介词框架,constraints_v0_1_seed,seed_reused,对字介词框架候选,词类,介词,引出对象,structural_pattern,source_literal_and_normalized_legacy_regex,"[""frame_marker"",""frame_object"",""governing_predicate"",""relation_type""]","[""候选片段包含或可解释出“对字介词框架”相关标记/结构线索。"",""候选片段满足所属语法家族的核心槽位要求：介词/框架标记、框架对象、谓词/中心事件、关系类型。"",""候选片段在原句中承担该语法点的实际语法功能，而非仅有表层词形。""]","[""结构大体可定位但边界过短或过长。"",""标记存在但核心槽位需要结合上下文复核。""]","[""候选片段只是术语、标题、编号、残片或 OCR 混杂内容。"",""只有表层标记，无法构成所属语法家族的核心结构。""]","[""只有表层标记""]","[{""if"":""核心槽位缺失"",""then"":""结构缺槽""},{""if"":""只有表层标记"",""then"":""表层触发但非目标""},{""if"":""结构成立但候选边界不准"",""then"":""边界问题""}]","[""目标用例"",""边界问题"",""表层触发但非目标"",""结构缺槽"",""语义不兼容"",""其他具体构式"",""不确定/需复核""]",machine_instantiated_source_anchored
DTV3-SEED-47500BB7FBA2,数量/时量补语,constraints_v0_1_seed,seed_reused,数量/时量补语候选,句子成分,补语,数量补语,complex_functional,source_literal_and_normalized_legacy_regex,"[""predicate"",""complement_marker"",""complement_core"",""object_or_extent""]","[""候选片段包含或可解释出“数量/时量补语”相关标记/结构线索。"",""候选片段满足所属语法家族的核心槽位要求：谓词、补语标记、补语核心、宾语/对象、数量/时量成分。"",""候选片段在原句中承担该语法点的实际语法功能，而非仅有表层词形。""]","[""结构大体可定位但边界过短或过长。"",""标记存在但核心槽位需要结合上下文复核。""]","[""候选片段只是术语、标题、编号、残片或 OCR 混杂内容。"",""只有表层标记，无法构成所属语法家族的核心结构。""]","[""只有表层标记""]","[{""if"":""核心槽位缺失"",""then"":""结构缺槽""},{""if"":""只有表层标记"",""then"":""表层触发但非目标""},{""if"":""结构成立但候选边界不准"",""then"":""边界问题""}]","[""目标用例"",""边界问题"",""表层触发但非目标"",""结构缺槽"",""语义不兼容"",""其他具体构式"",""不确定/需复核""]",machine_instantiated_source_anchored
DTV3-SEED-49B437CD2556,不如比较,constraints_v0_1_seed,seed_reused,不如比较候选,句子的类型,特殊句型,比较句,structural_pattern,source_literal_and_normalized_legacy_regex,"[""comparison_subject"",""comparison_marker"",""comparison_object"",""comparison_dimension""]","[""候选片段包含或可解释出“不如比较”相关标记/结构线索。"",""候选片段满足所属语法家族的核心槽位要求：比较主体、比较标记、比较对象、比较维度/谓词、差量/程度成分。"",""候选片段在原句中承担该语法点的实际语法功能，而非仅有表层词形。""]","[""结构大体可定位但边界过短或过长。"",""标记存在但核心槽位需要结合上下文复核。""]","[""候选片段只是术语、标题、编号、残片或 OCR 混杂内容。"",""只有表层标记，无法构成所属语法家族的核心结构。""]","[""只有表层标记""]","[{""if"":""核心槽位缺失"",""then"":""结构缺槽""},{""if"":""只有表层标记"",""then"":""表层触发但非目标""},{""if"":""结构成立但候选边界不准"",""then"":""边界问题""}]","[""目标用例"",""边界问题"",""表层触发但非目标"",""结构缺槽"",""语义不兼容"",""其他具体构式"",""不确定/需复核""]",machine_instantiated_source_anchored
DTV3-SEED-56D7ECE93635,向/往/朝介词框架,constraints_v0_1_seed,seed_reused,向/往/朝介词框架候选,词类,介词,引出方向、路径,structural_pattern,source_literal_and_normalized_legacy_regex,"[""frame_marker"",""frame_object"",""governing_predicate"",""relation_type""]","[""候选片段包含或可解释出“向/往/朝介词框架”相关标记/结构线索。"",""候选片段满足所属语法家族的核心槽位要求：介词/框架标记、框架对象、谓词/中心事件、关系类型。"",""候选片段在原句中承担该语法点的实际语法功能，而非仅有表层词形。""]","[""结构大体可定位但边界过短或过长。"",""标记存在但核心槽位需要结合上下文复核。""]","[""候选片段只是术语、标题、编号、残片或 OCR 混杂内容。"",""只有表层标记，无法构成所属语法家族的核心结构。""]","[""只有表层标记""]","[{""if"":""核心槽位缺失"",""then"":""结构缺槽""},{""if"":""只有表层标记"",""then"":""表层触发但非目标""},{""if"":""结构成立但候选边界不准"",""then"":""边界问题""}]","[""目标用例"",""边界问题"",""表层触发但非目标"",""结构缺槽"",""语义不兼容"",""其他具体构式"",""不确定/需复核""]",machine_instantiated_source_anchored
DTV3-SEED-5EBFFAC5542E,因为...所以,constraints_v0_1_seed,seed_reused,因为...所以候选,句子的类型,复句,因果复句,structural_pattern,source_literal_and_normalized_legacy_regex,"[""clause_1"",""relation_marker_1"",""clause_2"",""relation_marker_2""]","[""候选片段包含或可解释出“因为...所以”相关标记/结构线索。"",""候选片段满足所属语法家族的核心槽位要求：前项关联标记、前项分句、后项关联标记、后项分句、逻辑关系。"",""候选片段在原句中承担该语法点的实际语法功能，而非仅有表层词形。""]","[""结构大体可定位但边界过短或过长。"",""标记存在但核心槽位需要结合上下文复核。""]","[""候选片段只是术语、标题、编号、残片或 OCR 混杂内容。"",""只有表层标记，无法构成所属语法家族的核心结构。""]","[""只有表层标记""]","[{""if"":""核心槽位缺失"",""then"":""结构缺槽""},{""if"":""只有表层标记"",""then"":""表层触发但非目标""},{""if"":""结构成立但候选边界不准"",""then"":""边界问题""}]","[""目标用例"",""边界问题"",""表层触发但非目标"",""结构缺槽"",""语义不兼容"",""其他具体构式"",""不确定/需复核""]",machine_instantiated_source_anchored
DTV3-SEED-5FA9D1F1A513,在字介词框架,constraints_v0_1_seed,seed_reused,在字介词框架候选,词类,介词,引出时间、处所,complex_functional,source_literal_and_normalized_legacy_regex,"[""frame_marker"",""frame_object"",""governing_predicate"",""relation_type""]","[""候选片段包含或可解释出“在字介词框架”相关标记/结构线索。"",""候选片段满足所属语法家族的核心槽位要求：介词/框架标记、框架对象、谓词/中心事件、关系类型。"",""候选片段在原句中承担该语法点的实际语法功能，而非仅有表层词形。""]","[""结构大体可定位但边界过短或过长。"",""标记存在但核心槽位需要结合上下文复核。""]","[""候选片段只是术语、标题、编号、残片或 OCR 混杂内容。"",""只有表层标记，无法构成所属语法家族的核心结构。""]","[""只有表层标记""]","[{""if"":""核心槽位缺失"",""then"":""结构缺槽""},{""if"":""只有表层标记"",""then"":""表层触发但非目标""},{""if"":""结构成立但候选边界不准"",""then"":""边界问题""}]","[""目标用例"",""边界问题"",""表层触发但非目标"",""结构缺槽"",""语义不兼容"",""其他具体构式"",""不确定/需复核""]",machine_instantiated_source_anchored
DTV3-SEED-6DD5C1FDC6E0,但是,constraints_v0_1_seed,seed_reused,但是候选,句子的类型,复句,转折复句,structural_pattern,source_literal_and_normalized_legacy_regex,"[""clause_1"",""relation_marker_1"",""clause_2"",""relation_marker_2""]","[""候选片段包含或可解释出“但是”相关标记/结构线索。"",""候选片段满足所属语法家族的核心槽位要求：前项关联标记、前项分句、后项关联标记、后项分句、逻辑关系。"",""候选片段在原句中承担该语法点的实际语法功能，而非仅有表层词形。""]","[""结构大体可定位但边界过短或过长。"",""标记存在但核心槽位需要结合上下文复核。""]","[""候选片段只是术语、标题、编号、残片或 OCR 混杂内容。"",""只有表层标记，无法构成所属语法家族的核心结构。""]","[""只有表层标记""]","[{""if"":""核心槽位缺失"",""then"":""结构缺槽""},{""if"":""只有表层标记"",""then"":""表层触发但非目标""},{""if"":""结构成立但候选边界不准"",""then"":""边界问题""}]","[""目标用例"",""边界问题"",""表层触发但非目标"",""结构缺槽"",""语义不兼容"",""其他具体构式"",""不确定/需复核""]",machine_instantiated_source_anchored
DTV3-SEED-71C2957750DA,得字补语,constraints_v0_1_seed,seed_reused,得字补语候选,句子成分,补语,状态补语,complex_functional,source_literal_and_normalized_legacy_regex,"[""predicate"",""complement_marker"",""complement_core"",""object_or_extent""]","[""候选片段包含被补充说明的谓词和补语核心。"",""“得”后成分说明程度、状态、可能或结果。""]","[""只截补语核心或只截谓词，边界需要补足。""]","[""“得”读作 dei 或作为其他固定词内部成分时不判为得字补语。""]","[""表层标记出现，但候选不实现目标语法功能。""]","[{""if"":""缺少被说明的谓词"",""then"":""边界问题""},{""if"":""缺少补语核心"",""then"":""结构缺槽""}]","[""目标用例"",""边界问题"",""表层触发但非目标"",""结构缺槽"",""语义不兼容"",""其他具体构式"",""不确定/需复核""]",machine_instantiated_source_anchored
DTV3-SEED-77572C4A722C,结果补语,constraints_v0_1_seed,seed_reused,结果补语候选,句子成分,补语,结果补语,complex_functional,source_literal_and_normalized_legacy_regex,"[""predicate"",""complement_marker"",""complement_core"",""object_or_extent""]","[""候选片段包含或可解释出“结果补语”相关标记/结构线索。"",""候选片段满足所属语法家族的核心槽位要求：谓词、补语标记、补语核心、宾语/对象、数量/时量成分。"",""候选片段在原句中承担该语法点的实际语法功能，而非仅有表层词形。""]","[""结构大体可定位但边界过短或过长。"",""标记存在但核心槽位需要结合上下文复核。""]","[""候选片段只是术语、标题、编号、残片或 OCR 混杂内容。"",""只有表层标记，无法构成所属语法家族的核心结构。""]","[""只有表层标记""]","[{""if"":""核心槽位缺失"",""then"":""结构缺槽""},{""if"":""只有表层标记"",""then"":""表层触发但非目标""},{""if"":""结构成立但候选边界不准"",""then"":""边界问题""}]","[""目标用例"",""边界问题"",""表层触发但非目标"",""结构缺槽"",""语义不兼容"",""其他具体构式"",""不确定/需复核""]",machine_instantiated_source_anchored
DTV3-SEED-799BB5BE33D8,即使,constraints_v0_1_seed,seed_reused,即使候选,句子的类型,复句,让步复句,structural_pattern,source_literal_and_normalized_legacy_regex,"[""clause_1"",""relation_marker_1"",""clause_2"",""relation_marker_2""]","[""候选片段包含或可解释出“即使”相关标记/结构线索。"",""候选片段满足所属语法家族的核心槽位要求：前项关联标记、前项分句、后项关联标记、后项分句、逻辑关系。"",""候选片段在原句中承担该语法点的实际语法功能，而非仅有表层词形。""]","[""结构大体可定位但边界过短或过长。"",""标记存在但核心槽位需要结合上下文复核。""]","[""候选片段只是术语、标题、编号、残片或 OCR 混杂内容。"",""只有表层标记，无法构成所属语法家族的核心结构。""]","[""只有表层标记""]","[{""if"":""核心槽位缺失"",""then"":""结构缺槽""},{""if"":""只有表层标记"",""then"":""表层触发但非目标""},{""if"":""结构成立但候选边界不准"",""then"":""边界问题""}]","[""目标用例"",""边界问题"",""表层触发但非目标"",""结构缺槽"",""语义不兼容"",""其他具体构式"",""不确定/需复核""]",machine_instantiated_source_anchored
DTV3-SEED-7A820C66C18F,虽然...但是,constraints_v0_1_seed,seed_reused,虽然...但是候选,句子的类型,复句,转折复句,structural_pattern,source_literal_and_normalized_legacy_regex,"[""clause_1"",""relation_marker_1"",""clause_2"",""relation_marker_2""]","[""候选片段包含或可解释出“虽然...但是”相关标记/结构线索。"",""候选片段满足所属语法家族的核心槽位要求：前项关联标记、前项分句、后项关联标记、后项分句、逻辑关系。"",""候选片段在原句中承担该语法点的实际语法功能，而非仅有表层词形。""]","[""结构大体可定位但边界过短或过长。"",""标记存在但核心槽位需要结合上下文复核。""]","[""候选片段只是术语、标题、编号、残片或 OCR 混杂内容。"",""只有表层标记，无法构成所属语法家族的核心结构。""]","[""只有表层标记""]","[{""if"":""核心槽位缺失"",""then"":""结构缺槽""},{""if"":""只有表层标记"",""then"":""表层触发但非目标""},{""if"":""结构成立但候选边界不准"",""then"":""边界问题""}]","[""目标用例"",""边界问题"",""表层触发但非目标"",""结构缺槽"",""语义不兼容"",""其他具体构式"",""不确定/需复核""]",machine_instantiated_source_anchored
DTV3-SEED-858701EBCD1F,一边...一边,constraints_v0_1_seed,seed_reused,一边...一边候选,句子的类型,复句,并列复句,structural_pattern,source_literal_and_normalized_legacy_regex,"[""clause_1"",""relation_marker_1"",""clause_2"",""relation_marker_2""]","[""候选片段包含或可解释出“一边...一边”相关标记/结构线索。"",""候选片段满足所属语法家族的核心槽位要求：前项关联标记、前项分句、后项关联标记、后项分句、逻辑关系。"",""候选片段在原句中承担该语法点的实际语法功能，而非仅有表层词形。""]","[""结构大体可定位但边界过短或过长。"",""标记存在但核心槽位需要结合上下文复核。""]","[""候选片段只是术语、标题、编号、残片或 OCR 混杂内容。"",""只有表层标记，无法构成所属语法家族的核心结构。""]","[""只有表层标记""]","[{""if"":""核心槽位缺失"",""then"":""结构缺槽""},{""if"":""只有表层标记"",""then"":""表层触发但非目标""},{""if"":""结构成立但候选边界不准"",""then"":""边界问题""}]","[""目标用例"",""边界问题"",""表层触发但非目标"",""结构缺槽"",""语义不兼容"",""其他具体构式"",""不确定/需复核""]",machine_instantiated_source_anchored
DTV3-SEED-85AD664BBB8E,但是,constraints_v0_1_seed,seed_reused,但是候选,句子的类型,复句,让步复句,structural_pattern,source_literal_and_normalized_legacy_regex,"[""clause_1"",""relation_marker_1"",""clause_2"",""relation_marker_2""]","[""候选片段包含或可解释出“但是”相关标记/结构线索。"",""候选片段满足所属语法家族的核心槽位要求：前项关联标记、前项分句、后项关联标记、后项分句、逻辑关系。"",""候选片段在原句中承担该语法点的实际语法功能，而非仅有表层词形。""]","[""结构大体可定位但边界过短或过长。"",""标记存在但核心槽位需要结合上下文复核。""]","[""候选片段只是术语、标题、编号、残片或 OCR 混杂内容。"",""只有表层标记，无法构成所属语法家族的核心结构。""]","[""只有表层标记""]","[{""if"":""核心槽位缺失"",""then"":""结构缺槽""},{""if"":""只有表层标记"",""then"":""表层触发但非目标""},{""if"":""结构成立但候选边界不准"",""then"":""边界问题""}]","[""目标用例"",""边界问题"",""表层触发但非目标"",""结构缺槽"",""语义不兼容"",""其他具体构式"",""不确定/需复核""]",machine_instantiated_source_anchored
DTV3-SEED-85BDD2236207,只要,constraints_v0_1_seed,seed_reused,只要候选,句子的类型,复句,条件复句,structural_pattern,source_literal_and_normalized_legacy_regex,"[""clause_1"",""relation_marker_1"",""clause_2"",""relation_marker_2""]","[""候选片段包含或可解释出“只要”相关标记/结构线索。"",""候选片段满足所属语法家族的核心槽位要求：前项关联标记、前项分句、后项关联标记、后项分句、逻辑关系。"",""候选片段在原句中承担该语法点的实际语法功能，而非仅有表层词形。""]","[""结构大体可定位但边界过短或过长。"",""标记存在但核心槽位需要结合上下文复核。""]","[""候选片段只是术语、标题、编号、残片或 OCR 混杂内容。"",""只有表层标记，无法构成所属语法家族的核心结构。""]","[""只有表层标记""]","[{""if"":""核心槽位缺失"",""then"":""结构缺槽""},{""if"":""只有表层标记"",""then"":""表层触发但非目标""},{""if"":""结构成立但候选边界不准"",""then"":""边界问题""}]","[""目标用例"",""边界问题"",""表层触发但非目标"",""结构缺槽"",""语义不兼容"",""其他具体构式"",""不确定/需复核""]",machine_instantiated_source_anchored
DTV3-SEED-92843049D686,可能补语,constraints_v0_1_seed,seed_reused,可能补语候选,句子成分,补语,可能补语,complex_functional,source_literal_and_normalized_legacy_regex,"[""predicate"",""complement_marker"",""complement_core"",""object_or_extent""]","[""候选片段包含或可解释出“可能补语”相关标记/结构线索。"",""候选片段满足所属语法家族的核心槽位要求：谓词、补语标记、补语核心、宾语/对象、数量/时量成分。"",""候选片段在原句中承担该语法点的实际语法功能，而非仅有表层词形。""]","[""结构大体可定位但边界过短或过长。"",""标记存在但核心槽位需要结合上下文复核。""]","[""候选片段只是术语、标题、编号、残片或 OCR 混杂内容。"",""只有表层标记，无法构成所属语法家族的核心结构。""]","[""只有表层标记""]","[{""if"":""核心槽位缺失"",""then"":""结构缺槽""},{""if"":""只有表层标记"",""then"":""表层触发但非目标""},{""if"":""结构成立但候选边界不准"",""then"":""边界问题""}]","[""目标用例"",""边界问题"",""表层触发但非目标"",""结构缺槽"",""语义不兼容"",""其他具体构式"",""不确定/需复核""]",machine_instantiated_source_anchored
DTV3-SEED-96E6B9AEBCE6,所以,constraints_v0_1_seed,seed_reused,所以候选,句子的类型,复句,因果复句,structural_pattern,source_literal_and_normalized_legacy_regex,"[""clause_1"",""relation_marker_1"",""clause_2"",""relation_marker_2""]","[""候选片段包含或可解释出“所以”相关标记/结构线索。"",""候选片段满足所属语法家族的核心槽位要求：前项关联标记、前项分句、后项关联标记、后项分句、逻辑关系。"",""候选片段在原句中承担该语法点的实际语法功能，而非仅有表层词形。""]","[""结构大体可定位但边界过短或过长。"",""标记存在但核心槽位需要结合上下文复核。""]","[""候选片段只是术语、标题、编号、残片或 OCR 混杂内容。"",""只有表层标记，无法构成所属语法家族的核心结构。""]","[""只有表层标记""]","[{""if"":""核心槽位缺失"",""then"":""结构缺槽""},{""if"":""只有表层标记"",""then"":""表层触发但非目标""},{""if"":""结构成立但候选边界不准"",""then"":""边界问题""}]","[""目标用例"",""边界问题"",""表层触发但非目标"",""结构缺槽"",""语义不兼容"",""其他具体构式"",""不确定/需复核""]",machine_instantiated_source_anchored
DTV3-SEED-98961D1C53EB,从字介词框架,constraints_v0_1_seed,seed_reused,从字介词框架候选,词类,介词,引出方向、路径,structural_pattern,source_literal_and_normalized_legacy_regex,"[""frame_marker"",""frame_object"",""governing_predicate"",""relation_type""]","[""“从”引出起点、来源、时间起点或范围起点。"",""候选片段可解释为介词框架而非词内部成分。""]","[""框架对象边界不完整。""]","[""“从”不是介词标记或无框架对象。""]","[""与普通动词/词内部成分混淆""]","[{""if"":""缺少框架对象"",""then"":""结构缺槽""},{""if"":""与普通动词/词内部成分混淆"",""then"":""表层触发但非目标""}]","[""目标用例"",""边界问题"",""表层触发但非目标"",""结构缺槽"",""语义不兼容"",""其他具体构式"",""不确定/需复核""]",machine_instantiated_source_anchored
DTV3-SEED-9D89FF701AAE,把字句,constraints_v0_1_seed,seed_reused,把字句候选,句子的类型,特殊句型,“把”字句,structural_pattern,source_literal_and_normalized_legacy_regex,"[""agent"",""disposal_marker"",""patient"",""predicate"",""result_or_complement""]","[""候选片段包含处置标记“把”。"",""“把”后存在可解释为受事的名词性成分。"",""受事之后存在谓词性成分。"",""优先接受带有结果、趋向、状态变化或补足成分的处置表达。""]","[""候选片段只截到“把+受事”而缺少谓词性成分。"",""候选边界包含前置无关动作链，但核心把字结构仍可定位。""]","[""“把”只出现在术语、标题、编号或非句法用例中。"",""候选片段为残片，无法定位受事或谓词。""]","[""只因出现“把”而结构不成立""]","[{""if"":""缺少受事"",""then"":""结构缺槽""},{""if"":""缺少谓词或结果成分"",""then"":""结构缺槽""},{""if"":""只因出现“把”而结构不成立"",""then"":""表层触发但非目标""}]","[""目标用例"",""边界问题"",""表层触发但非目标"",""结构缺槽"",""语义不兼容"",""其他具体构式"",""不确定/需复核""]",machine_instantiated_source_anchored
DTV3-SEED-9DB5667C1964,既然,constraints_v0_1_seed,seed_reused,既然候选,句子的类型,复句,因果复句,structural_pattern,source_literal_and_normalized_legacy_regex,"[""clause_1"",""relation_marker_1"",""clause_2"",""relation_marker_2""]","[""候选片段包含或可解释出“既然”相关标记/结构线索。"",""候选片段满足所属语法家族的核心槽位要求：前项关联标记、前项分句、后项关联标记、后项分句、逻辑关系。"",""候选片段在原句中承担该语法点的实际语法功能，而非仅有表层词形。""]","[""结构大体可定位但边界过短或过长。"",""标记存在但核心槽位需要结合上下文复核。""]","[""候选片段只是术语、标题、编号、残片或 OCR 混杂内容。"",""只有表层标记，无法构成所属语法家族的核心结构。""]","[""只有表层标记""]","[{""if"":""核心槽位缺失"",""then"":""结构缺槽""},{""if"":""只有表层标记"",""then"":""表层触发但非目标""},{""if"":""结构成立但候选边界不准"",""then"":""边界问题""}]","[""目标用例"",""边界问题"",""表层触发但非目标"",""结构缺槽"",""语义不兼容"",""其他具体构式"",""不确定/需复核""]",machine_instantiated_source_anchored
DTV3-SEED-9DEB8FD0AD62,被字句,constraints_v0_1_seed,seed_reused,被字句候选,句子的类型,特殊句型,被动句,structural_pattern,source_literal_and_normalized_legacy_regex,"[""patient"",""passive_marker"",""agent_optional"",""predicate""]","[""存在被动标记，且句中可解释出受事和受影响事件。"",""施事可以明示，也可以省略。"",""谓词通常表达动作、影响或结果状态。""]","[""候选片段过短，但原句附近可补足被动事件。""]","[""“被”出现在术语残片、语法说明或非句法用例中。"",""只有被动标记而无可解释谓词事件。""]","[""术语或说明文字触发""]","[{""if"":""缺少被动事件谓词"",""then"":""结构缺槽""},{""if"":""术语或说明文字触发"",""then"":""表层触发但非目标""}]","[""目标用例"",""边界问题"",""表层触发但非目标"",""结构缺槽"",""语义不兼容"",""其他具体构式"",""不确定/需复核""]",machine_instantiated_source_anchored
DTV3-SEED-A1657EC584BE,从字介词框架,constraints_v0_1_seed,seed_reused,从字介词框架候选,词类,介词,引出时间、处所,complex_functional,source_literal_and_normalized_legacy_regex,"[""frame_marker"",""frame_object"",""governing_predicate"",""relation_type""]","[""“从”引出起点、来源、时间起点或范围起点。"",""候选片段可解释为介词框架而非词内部成分。""]","[""框架对象边界不完整。""]","[""“从”不是介词标记或无框架对象。""]","[""与普通动词/词内部成分混淆""]","[{""if"":""缺少框架对象"",""then"":""结构缺槽""},{""if"":""与普通动词/词内部成分混淆"",""then"":""表层触发但非目标""}]","[""目标用例"",""边界问题"",""表层触发但非目标"",""结构缺槽"",""语义不兼容"",""其他具体构式"",""不确定/需复核""]",machine_instantiated_source_anchored
DTV3-SEED-A509368B3BA4,兼语结构,constraints_v0_1_seed,seed_reused,兼语结构候选,句子的类型,特殊句型,兼语句,structural_pattern,source_literal_and_normalized_legacy_regex,"[""predicate_1"",""shared_argument"",""predicate_2"",""event_relation""]","[""候选片段包含或可解释出“兼语结构”相关标记/结构线索。"",""候选片段满足所属语法家族的核心槽位要求：前项谓词、后项谓词、共享论元/兼语、对象、事件链关系。"",""候选片段在原句中承担该语法点的实际语法功能，而非仅有表层词形。""]","[""结构大体可定位但边界过短或过长。"",""标记存在但核心槽位需要结合上下文复核。""]","[""候选片段只是术语、标题、编号、残片或 OCR 混杂内容。"",""只有表层标记，无法构成所属语法家族的核心结构。""]","[""只有表层标记""]","[{""if"":""核心槽位缺失"",""then"":""结构缺槽""},{""if"":""只有表层标记"",""then"":""表层触发但非目标""},{""if"":""结构成立但候选边界不准"",""then"":""边界问题""}]","[""目标用例"",""边界问题"",""表层触发但非目标"",""结构缺槽"",""语义不兼容"",""其他具体构式"",""不确定/需复核""]",machine_instantiated_source_anchored
DTV3-SEED-B77522531A72,连动结构,constraints_v0_1_seed,seed_reused,连动结构候选,句子的类型,特殊句型,连动句,complex_functional,source_literal_and_normalized_legacy_regex,"[""predicate_1"",""shared_argument"",""predicate_2"",""event_relation""]","[""候选片段覆盖连续动作链。"",""两个或多个谓词共享同一主体或存在事件先后/目的关系。""]","[""只截取动作链的一部分时标为边界问题。""]","[""普通动宾结构或单一谓词误触发。""]","[""只有普通动宾关系""]","[{""if"":""缺少前项或后项谓词"",""then"":""边界问题""},{""if"":""只有普通动宾关系"",""then"":""表层触发但非目标""}]","[""目标用例"",""边界问题"",""表层触发但非目标"",""结构缺槽"",""语义不兼容"",""其他具体构式"",""不确定/需复核""]",machine_instantiated_source_anchored
DTV3-SEED-BC01E1BA4D94,不但...而且,constraints_v0_1_seed,seed_reused,不但...而且候选,句子的类型,复句,递进复句,structural_pattern,source_literal_and_normalized_legacy_regex,"[""clause_1"",""relation_marker_1"",""clause_2"",""relation_marker_2""]","[""候选片段包含或可解释出“不但...而且”相关标记/结构线索。"",""候选片段满足所属语法家族的核心槽位要求：前项关联标记、前项分句、后项关联标记、后项分句、逻辑关系。"",""候选片段在原句中承担该语法点的实际语法功能，而非仅有表层词形。""]","[""结构大体可定位但边界过短或过长。"",""标记存在但核心槽位需要结合上下文复核。""]","[""候选片段只是术语、标题、编号、残片或 OCR 混杂内容。"",""只有表层标记，无法构成所属语法家族的核心结构。""]","[""只有表层标记""]","[{""if"":""核心槽位缺失"",""then"":""结构缺槽""},{""if"":""只有表层标记"",""then"":""表层触发但非目标""},{""if"":""结构成立但候选边界不准"",""then"":""边界问题""}]","[""目标用例"",""边界问题"",""表层触发但非目标"",""结构缺槽"",""语义不兼容"",""其他具体构式"",""不确定/需复核""]",machine_instantiated_source_anchored
DTV3-SEED-C49D5A1DB67A,得字补语,constraints_v0_1_seed,seed_reused,得字补语候选,句子成分,补语,程度补语,complex_functional,source_literal_and_normalized_legacy_regex,"[""predicate"",""complement_marker"",""complement_core"",""object_or_extent""]","[""候选片段包含被补充说明的谓词和补语核心。"",""“得”后成分说明程度、状态、可能或结果。""]","[""只截补语核心或只截谓词，边界需要补足。""]","[""“得”读作 dei 或作为其他固定词内部成分时不判为得字补语。""]","[""表层标记出现，但候选不实现目标语法功能。""]","[{""if"":""缺少被说明的谓词"",""then"":""边界问题""},{""if"":""缺少补语核心"",""then"":""结构缺槽""}]","[""目标用例"",""边界问题"",""表层触发但非目标"",""结构缺槽"",""语义不兼容"",""其他具体构式"",""不确定/需复核""]",machine_instantiated_source_anchored
DTV3-SEED-C7C9B744490A,趋向补语,constraints_v0_1_seed,seed_reused,趋向补语候选,句子成分,补语,趋向补语,complex_functional,source_literal_and_normalized_legacy_regex,"[""predicate"",""complement_marker"",""complement_core"",""object_or_extent""]","[""候选片段包含或可解释出“趋向补语”相关标记/结构线索。"",""候选片段满足所属语法家族的核心槽位要求：谓词、补语标记、补语核心、宾语/对象、数量/时量成分。"",""候选片段在原句中承担该语法点的实际语法功能，而非仅有表层词形。""]","[""结构大体可定位但边界过短或过长。"",""标记存在但核心槽位需要结合上下文复核。""]","[""候选片段只是术语、标题、编号、残片或 OCR 混杂内容。"",""只有表层标记，无法构成所属语法家族的核心结构。""]","[""只有表层标记""]","[{""if"":""核心槽位缺失"",""then"":""结构缺槽""},{""if"":""只有表层标记"",""then"":""表层触发但非目标""},{""if"":""结构成立但候选边界不准"",""then"":""边界问题""}]","[""目标用例"",""边界问题"",""表层触发但非目标"",""结构缺槽"",""语义不兼容"",""其他具体构式"",""不确定/需复核""]",machine_instantiated_source_anchored
DTV3-SEED-CFEFBF91186C,给/为/关于等介词框架,constraints_v0_1_seed,seed_reused,给/为/关于等介词框架候选,词类,介词,引出目的、原因,structural_pattern,source_literal_and_normalized_legacy_regex,"[""frame_marker"",""frame_object"",""governing_predicate"",""relation_type""]","[""候选片段包含或可解释出“给/为/关于等介词框架”相关标记/结构线索。"",""候选片段满足所属语法家族的核心槽位要求：介词/框架标记、框架对象、谓词/中心事件、关系类型。"",""候选片段在原句中承担该语法点的实际语法功能，而非仅有表层词形。""]","[""结构大体可定位但边界过短或过长。"",""标记存在但核心槽位需要结合上下文复核。""]","[""候选片段只是术语、标题、编号、残片或 OCR 混杂内容。"",""只有表层标记，无法构成所属语法家族的核心结构。""]","[""只有表层标记""]","[{""if"":""核心槽位缺失"",""then"":""结构缺槽""},{""if"":""只有表层标记"",""then"":""表层触发但非目标""},{""if"":""结构成立但候选边界不准"",""then"":""边界问题""}]","[""目标用例"",""边界问题"",""表层触发但非目标"",""结构缺槽"",""语义不兼容"",""其他具体构式"",""不确定/需复核""]",machine_instantiated_source_anchored
DTV3-SEED-EB1D813F07C2,如果...就,constraints_v0_1_seed,seed_reused,如果...就候选,句子的类型,复句,假设复句,structural_pattern,source_literal_and_normalized_legacy_regex,"[""clause_1"",""relation_marker_1"",""clause_2"",""relation_marker_2""]","[""存在条件分句和结果分句。"",""关联标记可以成对出现，也可在语境中省略一项但逻辑关系明确。""]","[""只截前项或后项分句时标为边界不完整。""]","[""关联词残片无法形成条件-结果关系。""]","[""逻辑关系不是条件""]","[{""if"":""缺少结果分句"",""then"":""边界问题""},{""if"":""逻辑关系不是条件"",""then"":""语义不兼容""}]","[""目标用例"",""边界问题"",""表层触发但非目标"",""结构缺槽"",""语义不兼容"",""其他具体构式"",""不确定/需复核""]",machine_instantiated_source_anchored
DTV3-SEED-EE88DB27135C,连动结构,constraints_v0_1_seed,seed_reused,连动结构候选,短语,结构类型,其他结构类型,structural_pattern,source_literal_and_normalized_legacy_regex,"[""predicate_1"",""shared_argument"",""predicate_2"",""event_relation""]","[""候选片段覆盖连续动作链。"",""两个或多个谓词共享同一主体或存在事件先后/目的关系。""]","[""只截取动作链的一部分时标为边界问题。""]","[""普通动宾结构或单一谓词误触发。""]","[""只有普通动宾关系""]","[{""if"":""缺少前项或后项谓词"",""then"":""边界问题""},{""if"":""只有普通动宾关系"",""then"":""表层触发但非目标""}]","[""目标用例"",""边界问题"",""表层触发但非目标"",""结构缺槽"",""语义不兼容"",""其他具体构式"",""不确定/需复核""]",machine_instantiated_source_anchored
DTV3-TAX-0034C6E99866,句子的类型/特殊句型/被动句,GF0025_full_taxonomy,taxonomy_instantiated,,句子的类型,特殊句型,被动句,structural_pattern,source_literal_and_normalized_legacy_regex,"[""subject_or_topic"",""predicate"",""construction_marker"",""clause_boundary""]","[""候选包含与权威条目 【五40】 对齐的可定位触发线索。"",""候选满足模板槽位：subject_or_topic、predicate、construction_marker、clause_boundary。"",""候选按 structural_pattern 模式实现 句子的类型 / 特殊句型 / 被动句 所规定的语法功能。""]","[""触发线索存在，但候选边界未覆盖完整构式。"",""局部槽位可定位，但至少一个必需槽位仅得到弱支持。""]","[""触发线索只出现在标题、编号、术语或元语言说明中。"",""必需槽位缺失，且上下文不能恢复目标结构或目标功能。""]","[""相同表层形式可能实现 特殊句型 中的非目标功能。"",""相邻构式共享触发形式，但槽位关系或语法功能不同。""]","[{""if"":""候选边界不完整或过长"",""then"":""边界问题""},{""if"":""触发存在但必需槽位缺失"",""then"":""结构缺槽""},{""if"":""表层触发仅为元语言或非目标功能"",""then"":""表层触发但非目标""},{""if"":""槽位完整且目标功能成立"",""then"":""目标用例""}]","[""目标用例"",""边界问题"",""表层触发但非目标"",""结构缺槽"",""语义不兼容"",""其他具体构式"",""不确定/需复核""]",machine_instantiated_source_anchored
DTV3-TAX-00464B86A736,句群/形式分类/不带关联词语,GF0025_full_taxonomy,taxonomy_instantiated,,句群,形式分类,不带关联词语,structural_pattern,source_literal_and_normalized_legacy_regex,"[""trigger"",""local_context"",""construction_boundary""]","[""候选包含与权威条目 【七—九91】 对齐的可定位触发线索。"",""候选满足模板槽位：trigger、local_context、construction_boundary。"",""候选按 structural_pattern 模式实现 句群 / 形式分类 / 不带关联词语 所规定的语法功能。""]","[""触发线索存在，但候选边界未覆盖完整构式。"",""局部槽位可定位，但至少一个必需槽位仅得到弱支持。""]","[""触发线索只出现在标题、编号、术语或元语言说明中。"",""必需槽位缺失，且上下文不能恢复目标结构或目标功能。""]","[""相同表层形式可能实现 形式分类 中的非目标功能。"",""相邻构式共享触发形式，但槽位关系或语法功能不同。""]","[{""if"":""候选边界不完整或过长"",""then"":""边界问题""},{""if"":""触发存在但必需槽位缺失"",""then"":""结构缺槽""},{""if"":""表层触发仅为元语言或非目标功能"",""then"":""表层触发但非目标""},{""if"":""槽位完整且目标功能成立"",""then"":""目标用例""}]","[""目标用例"",""边界问题"",""表层触发但非目标"",""结构缺槽"",""语义不兼容"",""其他具体构式"",""不确定/需复核""]",machine_instantiated_source_anchored
DTV3-TAX-0161FC1508B5,句子的类型/特殊句型/“是”字句,GF0025_full_taxonomy,taxonomy_instantiated,,句子的类型,特殊句型,“是”字句,complex_functional,source_literal_and_normalized_legacy_regex,"[""subject_or_topic"",""predicate"",""construction_marker"",""clause_boundary""]","[""候选包含与权威条目 【一36】 对齐的可定位触发线索。"",""候选满足模板槽位：subject_or_topic、predicate、construction_marker、clause_boundary。"",""候选按 complex_functional 模式实现 句子的类型 / 特殊句型 / “是”字句 所规定的语法功能。""]","[""触发线索存在，但候选边界未覆盖完整构式。"",""局部槽位可定位，但至少一个必需槽位仅得到弱支持。""]","[""触发线索只出现在标题、编号、术语或元语言说明中。"",""必需槽位缺失，且上下文不能恢复目标结构或目标功能。""]","[""相同表层形式可能实现 特殊句型 中的非目标功能。"",""相邻构式共享触发形式，但槽位关系或语法功能不同。""]","[{""if"":""候选边界不完整或过长"",""then"":""边界问题""},{""if"":""触发存在但必需槽位缺失"",""then"":""结构缺槽""},{""if"":""表层触发仅为元语言或非目标功能"",""then"":""表层触发但非目标""},{""if"":""槽位完整且目标功能成立"",""then"":""目标用例""}]","[""目标用例"",""边界问题"",""表层触发但非目标"",""结构缺槽"",""语义不兼容"",""其他具体构式"",""不确定/需复核""]",machine_instantiated_source_anchored
DTV3-TAX-02CE068CE644,句子的类型/特殊句型/存现句,GF0025_full_taxonomy,taxonomy_instantiated,,句子的类型,特殊句型,存现句,complex_functional,source_literal_and_normalized_legacy_regex,"[""subject_or_topic"",""predicate"",""construction_marker"",""clause_boundary""]","[""候选包含与权威条目 【二56】 对齐的可定位触发线索。"",""候选满足模板槽位：subject_or_topic、predicate、construction_marker、clause_boundary。"",""候选按 complex_functional 模式实现 句子的类型 / 特殊句型 / 存现句 所规定的语法功能。""]","[""触发线索存在，但候选边界未覆盖完整构式。"",""局部槽位可定位，但至少一个必需槽位仅得到弱支持。""]","[""触发线索只出现在标题、编号、术语或元语言说明中。"",""必需槽位缺失，且上下文不能恢复目标结构或目标功能。""]","[""相同表层形式可能实现 特殊句型 中的非目标功能。"",""相邻构式共享触发形式，但槽位关系或语法功能不同。""]","[{""if"":""候选边界不完整或过长"",""then"":""边界问题""},{""if"":""触发存在但必需槽位缺失"",""then"":""结构缺槽""},{""if"":""表层触发仅为元语言或非目标功能"",""then"":""表层触发但非目标""},{""if"":""槽位完整且目标功能成立"",""then"":""目标用例""}]","[""目标用例"",""边界问题"",""表层触发但非目标"",""结构缺槽"",""语义不兼容"",""其他具体构式"",""不确定/需复核""]",machine_instantiated_source_anchored
DTV3-TAX-0B6633C9BA52,词类/动词/能愿动词,GF0025_full_taxonomy,taxonomy_instantiated,,词类,动词,能愿动词,structural_pattern,source_literal_and_normalized_legacy_regex,"[""lexical_form"",""local_context"",""grammatical_function""]","[""候选包含与权威条目 【一02】 对齐的可定位触发线索。"",""候选满足模板槽位：lexical_form、local_context、grammatical_function。"",""候选按 structural_pattern 模式实现 词类 / 动词 / 能愿动词 所规定的语法功能。""]","[""触发线索存在，但候选边界未覆盖完整构式。"",""局部槽位可定位，但至少一个必需槽位仅得到弱支持。""]","[""触发线索只出现在标题、编号、术语或元语言说明中。"",""必需槽位缺失，且上下文不能恢复目标结构或目标功能。""]","[""相同表层形式可能实现 动词 中的非目标功能。"",""相邻构式共享触发形式，但槽位关系或语法功能不同。""]","[{""if"":""候选边界不完整或过长"",""then"":""边界问题""},{""if"":""触发存在但必需槽位缺失"",""then"":""结构缺槽""},{""if"":""表层触发仅为元语言或非目标功能"",""then"":""表层触发但非目标""},{""if"":""槽位完整且目标功能成立"",""then"":""目标用例""}]","[""目标用例"",""边界问题"",""表层触发但非目标"",""结构缺槽"",""语义不兼容"",""其他具体构式"",""不确定/需复核""]",machine_instantiated_source_anchored
DTV3-TAX-0BE1C83446C5,词类/数词/未列小项,GF0025_full_taxonomy,taxonomy_instantiated,,词类,数词,未列小项,structural_pattern,source_literal_and_normalized_legacy_regex,"[""lexical_form"",""local_context"",""grammatical_function""]","[""候选包含与权威条目 【一07】 对齐的可定位触发线索。"",""候选满足模板槽位：lexical_form、local_context、grammatical_function。"",""候选按 structural_pattern 模式实现 词类 / 数词 / 未列小项 所规定的语法功能。""]","[""触发线索存在，但候选边界未覆盖完整构式。"",""局部槽位可定位，但至少一个必需槽位仅得到弱支持。""]","[""触发线索只出现在标题、编号、术语或元语言说明中。"",""必需槽位缺失，且上下文不能恢复目标结构或目标功能。""]","[""相同表层形式可能实现 数词 中的非目标功能。"",""相邻构式共享触发形式，但槽位关系或语法功能不同。""]","[{""if"":""候选边界不完整或过长"",""then"":""边界问题""},{""if"":""触发存在但必需槽位缺失"",""then"":""结构缺槽""},{""if"":""表层触发仅为元语言或非目标功能"",""then"":""表层触发但非目标""},{""if"":""槽位完整且目标功能成立"",""then"":""目标用例""}]","[""目标用例"",""边界问题"",""表层触发但非目标"",""结构缺槽"",""语义不兼容"",""其他具体构式"",""不确定/需复核""]",machine_instantiated_source_anchored
DTV3-TAX-0CA3A668A649,句子成分/补语/状态补语,GF0025_full_taxonomy,taxonomy_instantiated,,句子成分,补语,状态补语,complex_functional,source_literal_and_normalized_legacy_regex,"[""candidate_expression"",""governing_predicate"",""syntactic_role""]","[""候选包含与权威条目 【七—九34】 对齐的可定位触发线索。"",""候选满足模板槽位：candidate_expression、governing_predicate、syntactic_role。"",""候选按 complex_functional 模式实现 句子成分 / 补语 / 状态补语 所规定的语法功能。""]","[""触发线索存在，但候选边界未覆盖完整构式。"",""局部槽位可定位，但至少一个必需槽位仅得到弱支持。""]","[""触发线索只出现在标题、编号、术语或元语言说明中。"",""必需槽位缺失，且上下文不能恢复目标结构或目标功能。""]","[""相同表层形式可能实现 补语 中的非目标功能。"",""相邻构式共享触发形式，但槽位关系或语法功能不同。""]","[{""if"":""候选边界不完整或过长"",""then"":""边界问题""},{""if"":""触发存在但必需槽位缺失"",""then"":""结构缺槽""},{""if"":""表层触发仅为元语言或非目标功能"",""then"":""表层触发但非目标""},{""if"":""槽位完整且目标功能成立"",""then"":""目标用例""}]","[""目标用例"",""边界问题"",""表层触发但非目标"",""结构缺槽"",""语义不兼容"",""其他具体构式"",""不确定/需复核""]",machine_instantiated_source_anchored
DTV3-TAX-1091FC162FDB,句子的类型/复句/紧缩复句,GF0025_full_taxonomy,taxonomy_instantiated,,句子的类型,复句,紧缩复句,structural_pattern,source_literal_and_normalized_legacy_regex,"[""clause_1"",""relation_marker"",""clause_2"",""logical_relation""]","[""候选包含与权威条目 【二69】 对齐的可定位触发线索。"",""候选满足模板槽位：clause_1、relation_marker、clause_2、logical_relation。"",""候选按 structural_pattern 模式实现 句子的类型 / 复句 / 紧缩复句 所规定的语法功能。""]","[""触发线索存在，但候选边界未覆盖完整构式。"",""局部槽位可定位，但至少一个必需槽位仅得到弱支持。""]","[""触发线索只出现在标题、编号、术语或元语言说明中。"",""必需槽位缺失，且上下文不能恢复目标结构或目标功能。""]","[""相同表层形式可能实现 复句 中的非目标功能。"",""相邻构式共享触发形式，但槽位关系或语法功能不同。""]","[{""if"":""候选边界不完整或过长"",""then"":""边界问题""},{""if"":""触发存在但必需槽位缺失"",""then"":""结构缺槽""},{""if"":""表层触发仅为元语言或非目标功能"",""then"":""表层触发但非目标""},{""if"":""槽位完整且目标功能成立"",""then"":""目标用例""}]","[""目标用例"",""边界问题"",""表层触发但非目标"",""结构缺槽"",""语义不兼容"",""其他具体构式"",""不确定/需复核""]",machine_instantiated_source_anchored
DTV3-TAX-1138767D2C3E,句子的类型/特殊句型/重动句,GF0025_full_taxonomy,taxonomy_instantiated,,句子的类型,特殊句型,重动句,structural_pattern,source_literal_and_normalized_legacy_regex,"[""subject_or_topic"",""predicate"",""construction_marker"",""clause_boundary""]","[""候选包含与权威条目 【三59】 对齐的可定位触发线索。"",""候选满足模板槽位：subject_or_topic、predicate、construction_marker、clause_boundary。"",""候选按 structural_pattern 模式实现 句子的类型 / 特殊句型 / 重动句 所规定的语法功能。""]","[""触发线索存在，但候选边界未覆盖完整构式。"",""局部槽位可定位，但至少一个必需槽位仅得到弱支持。""]","[""触发线索只出现在标题、编号、术语或元语言说明中。"",""必需槽位缺失，且上下文不能恢复目标结构或目标功能。""]","[""相同表层形式可能实现 特殊句型 中的非目标功能。"",""相邻构式共享触发形式，但槽位关系或语法功能不同。""]","[{""if"":""候选边界不完整或过长"",""then"":""边界问题""},{""if"":""触发存在但必需槽位缺失"",""then"":""结构缺槽""},{""if"":""表层触发仅为元语言或非目标功能"",""then"":""表层触发但非目标""},{""if"":""槽位完整且目标功能成立"",""then"":""目标用例""}]","[""目标用例"",""边界问题"",""表层触发但非目标"",""结构缺槽"",""语义不兼容"",""其他具体构式"",""不确定/需复核""]",machine_instantiated_source_anchored
DTV3-TAX-11D0BEC5BF9A,词类/助词/语气助词,GF0025_full_taxonomy,taxonomy_instantiated,,词类,助词,语气助词,structural_pattern,source_literal_and_normalized_legacy_regex,"[""lexical_form"",""local_context"",""grammatical_function""]","[""候选包含与权威条目 【一22】 对齐的可定位触发线索。"",""候选满足模板槽位：lexical_form、local_context、grammatical_function。"",""候选按 structural_pattern 模式实现 词类 / 助词 / 语气助词 所规定的语法功能。""]","[""触发线索存在，但候选边界未覆盖完整构式。"",""局部槽位可定位，但至少一个必需槽位仅得到弱支持。""]","[""触发线索只出现在标题、编号、术语或元语言说明中。"",""必需槽位缺失，且上下文不能恢复目标结构或目标功能。""]","[""相同表层形式可能实现 助词 中的非目标功能。"",""相邻构式共享触发形式，但槽位关系或语法功能不同。""]","[{""if"":""候选边界不完整或过长"",""then"":""边界问题""},{""if"":""触发存在但必需槽位缺失"",""then"":""结构缺槽""},{""if"":""表层触发仅为元语言或非目标功能"",""then"":""表层触发但非目标""},{""if"":""槽位完整且目标功能成立"",""then"":""目标用例""}]","[""目标用例"",""边界问题"",""表层触发但非目标"",""结构缺槽"",""语义不兼容"",""其他具体构式"",""不确定/需复核""]",machine_instantiated_source_anchored
DTV3-TAX-139E6033C389,句子的类型/复句/承接复句,GF0025_full_taxonomy,taxonomy_instantiated,,句子的类型,复句,承接复句,structural_pattern,source_literal_and_normalized_legacy_regex,"[""clause_1"",""relation_marker"",""clause_2"",""logical_relation""]","[""候选包含与权威条目 【二62】 对齐的可定位触发线索。"",""候选满足模板槽位：clause_1、relation_marker、clause_2、logical_relation。"",""候选按 structural_pattern 模式实现 句子的类型 / 复句 / 承接复句 所规定的语法功能。""]","[""触发线索存在，但候选边界未覆盖完整构式。"",""局部槽位可定位，但至少一个必需槽位仅得到弱支持。""]","[""触发线索只出现在标题、编号、术语或元语言说明中。"",""必需槽位缺失，且上下文不能恢复目标结构或目标功能。""]","[""相同表层形式可能实现 复句 中的非目标功能。"",""相邻构式共享触发形式，但槽位关系或语法功能不同。""]","[{""if"":""候选边界不完整或过长"",""then"":""边界问题""},{""if"":""触发存在但必需槽位缺失"",""then"":""结构缺槽""},{""if"":""表层触发仅为元语言或非目标功能"",""then"":""表层触发但非目标""},{""if"":""槽位完整且目标功能成立"",""then"":""目标用例""}]","[""目标用例"",""边界问题"",""表层触发但非目标"",""结构缺槽"",""语义不兼容"",""其他具体构式"",""不确定/需复核""]",machine_instantiated_source_anchored
DTV3-TAX-194C7F6A491B,句子的类型/句类/感叹句,GF0025_full_taxonomy,taxonomy_instantiated,,句子的类型,句类,感叹句,structural_pattern,source_literal_and_normalized_legacy_regex,"[""subject_or_topic"",""predicate"",""construction_marker"",""clause_boundary""]","[""候选包含与权威条目 【一35】 对齐的可定位触发线索。"",""候选满足模板槽位：subject_or_topic、predicate、construction_marker、clause_boundary。"",""候选按 structural_pattern 模式实现 句子的类型 / 句类 / 感叹句 所规定的语法功能。""]","[""触发线索存在，但候选边界未覆盖完整构式。"",""局部槽位可定位，但至少一个必需槽位仅得到弱支持。""]","[""触发线索只出现在标题、编号、术语或元语言说明中。"",""必需槽位缺失，且上下文不能恢复目标结构或目标功能。""]","[""相同表层形式可能实现 句类 中的非目标功能。"",""相邻构式共享触发形式，但槽位关系或语法功能不同。""]","[{""if"":""候选边界不完整或过长"",""then"":""边界问题""},{""if"":""触发存在但必需槽位缺失"",""then"":""结构缺槽""},{""if"":""表层触发仅为元语言或非目标功能"",""then"":""表层触发但非目标""},{""if"":""槽位完整且目标功能成立"",""then"":""目标用例""}]","[""目标用例"",""边界问题"",""表层触发但非目标"",""结构缺槽"",""语义不兼容"",""其他具体构式"",""不确定/需复核""]",machine_instantiated_source_anchored
DTV3-TAX-1B3B2B7206BD,句子成分/宾语/未列小项,GF0025_full_taxonomy,taxonomy_instantiated,,句子成分,宾语,未列小项,complex_functional,source_literal_and_normalized_legacy_regex,"[""candidate_expression"",""governing_predicate"",""syntactic_role""]","[""候选包含与权威条目 【一26】 对齐的可定位触发线索。"",""候选满足模板槽位：candidate_expression、governing_predicate、syntactic_role。"",""候选按 complex_functional 模式实现 句子成分 / 宾语 / 未列小项 所规定的语法功能。""]","[""触发线索存在，但候选边界未覆盖完整构式。"",""局部槽位可定位，但至少一个必需槽位仅得到弱支持。""]","[""触发线索只出现在标题、编号、术语或元语言说明中。"",""必需槽位缺失，且上下文不能恢复目标结构或目标功能。""]","[""相同表层形式可能实现 宾语 中的非目标功能。"",""相邻构式共享触发形式，但槽位关系或语法功能不同。""]","[{""if"":""候选边界不完整或过长"",""then"":""边界问题""},{""if"":""触发存在但必需槽位缺失"",""then"":""结构缺槽""},{""if"":""表层触发仅为元语言或非目标功能"",""then"":""表层触发但非目标""},{""if"":""槽位完整且目标功能成立"",""then"":""目标用例""}]","[""目标用例"",""边界问题"",""表层触发但非目标"",""结构缺槽"",""语义不兼容"",""其他具体构式"",""不确定/需复核""]",machine_instantiated_source_anchored
DTV3-TAX-1C7E1B7DB8E2,词类/副词/范围、协同副词,GF0025_full_taxonomy,taxonomy_instantiated,,词类,副词,范围、协同副词,structural_pattern,source_literal_and_normalized_legacy_regex,"[""lexical_form"",""local_context"",""grammatical_function""]","[""候选包含与权威条目 【一10】 对齐的可定位触发线索。"",""候选满足模板槽位：lexical_form、local_context、grammatical_function。"",""候选按 structural_pattern 模式实现 词类 / 副词 / 范围、协同副词 所规定的语法功能。""]","[""触发线索存在，但候选边界未覆盖完整构式。"",""局部槽位可定位，但至少一个必需槽位仅得到弱支持。""]","[""触发线索只出现在标题、编号、术语或元语言说明中。"",""必需槽位缺失，且上下文不能恢复目标结构或目标功能。""]","[""相同表层形式可能实现 副词 中的非目标功能。"",""相邻构式共享触发形式，但槽位关系或语法功能不同。""]","[{""if"":""候选边界不完整或过长"",""then"":""边界问题""},{""if"":""触发存在但必需槽位缺失"",""then"":""结构缺槽""},{""if"":""表层触发仅为元语言或非目标功能"",""then"":""表层触发但非目标""},{""if"":""槽位完整且目标功能成立"",""then"":""目标用例""}]","[""目标用例"",""边界问题"",""表层触发但非目标"",""结构缺槽"",""语义不兼容"",""其他具体构式"",""不确定/需复核""]",machine_instantiated_source_anchored
DTV3-TAX-20803346516A,词类/量词/借用量词,GF0025_full_taxonomy,taxonomy_instantiated,,词类,量词,借用量词,structural_pattern,source_literal_and_normalized_legacy_regex,"[""lexical_form"",""local_context"",""grammatical_function""]","[""候选包含与权威条目 【四04】 对齐的可定位触发线索。"",""候选满足模板槽位：lexical_form、local_context、grammatical_function。"",""候选按 structural_pattern 模式实现 词类 / 量词 / 借用量词 所规定的语法功能。""]","[""触发线索存在，但候选边界未覆盖完整构式。"",""局部槽位可定位，但至少一个必需槽位仅得到弱支持。""]","[""触发线索只出现在标题、编号、术语或元语言说明中。"",""必需槽位缺失，且上下文不能恢复目标结构或目标功能。""]","[""相同表层形式可能实现 量词 中的非目标功能。"",""相邻构式共享触发形式，但槽位关系或语法功能不同。""]","[{""if"":""候选边界不完整或过长"",""then"":""边界问题""},{""if"":""触发存在但必需槽位缺失"",""then"":""结构缺槽""},{""if"":""表层触发仅为元语言或非目标功能"",""then"":""表层触发但非目标""},{""if"":""槽位完整且目标功能成立"",""then"":""目标用例""}]","[""目标用例"",""边界问题"",""表层触发但非目标"",""结构缺槽"",""语义不兼容"",""其他具体构式"",""不确定/需复核""]",machine_instantiated_source_anchored
DTV3-TAX-249B0481958D,短语/固定短语/四字格,GF0025_full_taxonomy,taxonomy_instantiated,,短语,固定短语,四字格,structural_pattern,source_literal_and_normalized_legacy_regex,"[""phrase_head"",""dependent_or_argument"",""phrase_boundary""]","[""候选包含与权威条目 【三34】 对齐的可定位触发线索。"",""候选满足模板槽位：phrase_head、dependent_or_argument、phrase_boundary。"",""候选按 structural_pattern 模式实现 短语 / 固定短语 / 四字格 所规定的语法功能。""]","[""触发线索存在，但候选边界未覆盖完整构式。"",""局部槽位可定位，但至少一个必需槽位仅得到弱支持。""]","[""触发线索只出现在标题、编号、术语或元语言说明中。"",""必需槽位缺失，且上下文不能恢复目标结构或目标功能。""]","[""相同表层形式可能实现 固定短语 中的非目标功能。"",""相邻构式共享触发形式，但槽位关系或语法功能不同。""]","[{""if"":""候选边界不完整或过长"",""then"":""边界问题""},{""if"":""触发存在但必需槽位缺失"",""then"":""结构缺槽""},{""if"":""表层触发仅为元语言或非目标功能"",""then"":""表层触发但非目标""},{""if"":""槽位完整且目标功能成立"",""then"":""目标用例""}]","[""目标用例"",""边界问题"",""表层触发但非目标"",""结构缺槽"",""语义不兼容"",""其他具体构式"",""不确定/需复核""]",machine_instantiated_source_anchored
DTV3-TAX-2594E13CFB04,词类/副词/方式副词,GF0025_full_taxonomy,taxonomy_instantiated,,词类,副词,方式副词,structural_pattern,source_literal_and_normalized_legacy_regex,"[""lexical_form"",""local_context"",""grammatical_function""]","[""候选包含与权威条目 【二18】 对齐的可定位触发线索。"",""候选满足模板槽位：lexical_form、local_context、grammatical_function。"",""候选按 structural_pattern 模式实现 词类 / 副词 / 方式副词 所规定的语法功能。""]","[""触发线索存在，但候选边界未覆盖完整构式。"",""局部槽位可定位，但至少一个必需槽位仅得到弱支持。""]","[""触发线索只出现在标题、编号、术语或元语言说明中。"",""必需槽位缺失，且上下文不能恢复目标结构或目标功能。""]","[""相同表层形式可能实现 副词 中的非目标功能。"",""相邻构式共享触发形式，但槽位关系或语法功能不同。""]","[{""if"":""候选边界不完整或过长"",""then"":""边界问题""},{""if"":""触发存在但必需槽位缺失"",""then"":""结构缺槽""},{""if"":""表层触发仅为元语言或非目标功能"",""then"":""表层触发但非目标""},{""if"":""槽位完整且目标功能成立"",""then"":""目标用例""}]","[""目标用例"",""边界问题"",""表层触发但非目标"",""结构缺槽"",""语义不兼容"",""其他具体构式"",""不确定/需复核""]",machine_instantiated_source_anchored
DTV3-TAX-275DC5291D96,句群/形式分类/用代词复指,GF0025_full_taxonomy,taxonomy_instantiated,,句群,形式分类,用代词复指,complex_functional,source_literal_and_normalized_legacy_regex,"[""trigger"",""local_context"",""construction_boundary""]","[""候选包含与权威条目 【五70】 对齐的可定位触发线索。"",""候选满足模板槽位：trigger、local_context、construction_boundary。"",""候选按 complex_functional 模式实现 句群 / 形式分类 / 用代词复指 所规定的语法功能。""]","[""触发线索存在，但候选边界未覆盖完整构式。"",""局部槽位可定位，但至少一个必需槽位仅得到弱支持。""]","[""触发线索只出现在标题、编号、术语或元语言说明中。"",""必需槽位缺失，且上下文不能恢复目标结构或目标功能。""]","[""相同表层形式可能实现 形式分类 中的非目标功能。"",""相邻构式共享触发形式，但槽位关系或语法功能不同。""]","[{""if"":""候选边界不完整或过长"",""then"":""边界问题""},{""if"":""触发存在但必需槽位缺失"",""then"":""结构缺槽""},{""if"":""表层触发仅为元语言或非目标功能"",""then"":""表层触发但非目标""},{""if"":""槽位完整且目标功能成立"",""then"":""目标用例""}]","[""目标用例"",""边界问题"",""表层触发但非目标"",""结构缺槽"",""语义不兼容"",""其他具体构式"",""不确定/需复核""]",machine_instantiated_source_anchored
DTV3-TAX-2767CFB77F6D,词类/量词/量词重叠,GF0025_full_taxonomy,taxonomy_instantiated,,词类,量词,量词重叠,structural_pattern,source_literal_and_normalized_legacy_regex,"[""lexical_form"",""local_context"",""grammatical_function""]","[""候选包含与权威条目 【三11】 对齐的可定位触发线索。"",""候选满足模板槽位：lexical_form、local_context、grammatical_function。"",""候选按 structural_pattern 模式实现 词类 / 量词 / 量词重叠 所规定的语法功能。""]","[""触发线索存在，但候选边界未覆盖完整构式。"",""局部槽位可定位，但至少一个必需槽位仅得到弱支持。""]","[""触发线索只出现在标题、编号、术语或元语言说明中。"",""必需槽位缺失，且上下文不能恢复目标结构或目标功能。""]","[""相同表层形式可能实现 量词 中的非目标功能。"",""相邻构式共享触发形式，但槽位关系或语法功能不同。""]","[{""if"":""候选边界不完整或过长"",""then"":""边界问题""},{""if"":""触发存在但必需槽位缺失"",""then"":""结构缺槽""},{""if"":""表层触发仅为元语言或非目标功能"",""then"":""表层触发但非目标""},{""if"":""槽位完整且目标功能成立"",""then"":""目标用例""}]","[""目标用例"",""边界问题"",""表层触发但非目标"",""结构缺槽"",""语义不兼容"",""其他具体构式"",""不确定/需复核""]",machine_instantiated_source_anchored
DTV3-TAX-288EDD3E2F08,词类/量词/动量词,GF0025_full_taxonomy,taxonomy_instantiated,,词类,量词,动量词,structural_pattern,source_literal_and_normalized_legacy_regex,"[""lexical_form"",""local_context"",""grammatical_function""]","[""候选包含与权威条目 【二11】 对齐的可定位触发线索。"",""候选满足模板槽位：lexical_form、local_context、grammatical_function。"",""候选按 structural_pattern 模式实现 词类 / 量词 / 动量词 所规定的语法功能。""]","[""触发线索存在，但候选边界未覆盖完整构式。"",""局部槽位可定位，但至少一个必需槽位仅得到弱支持。""]","[""触发线索只出现在标题、编号、术语或元语言说明中。"",""必需槽位缺失，且上下文不能恢复目标结构或目标功能。""]","[""相同表层形式可能实现 量词 中的非目标功能。"",""相邻构式共享触发形式，但槽位关系或语法功能不同。""]","[{""if"":""候选边界不完整或过长"",""then"":""边界问题""},{""if"":""触发存在但必需槽位缺失"",""then"":""结构缺槽""},{""if"":""表层触发仅为元语言或非目标功能"",""then"":""表层触发但非目标""},{""if"":""槽位完整且目标功能成立"",""then"":""目标用例""}]","[""目标用例"",""边界问题"",""表层触发但非目标"",""结构缺槽"",""语义不兼容"",""其他具体构式"",""不确定/需复核""]",machine_instantiated_source_anchored
DTV3-TAX-2F14DA2C956B,句子的类型/复句/假设复句,GF0025_full_taxonomy,taxonomy_instantiated,,句子的类型,复句,假设复句,structural_pattern,source_literal_and_normalized_legacy_regex,"[""clause_1"",""relation_marker"",""clause_2"",""logical_relation""]","[""候选包含与权威条目 【二66】 对齐的可定位触发线索。"",""候选满足模板槽位：clause_1、relation_marker、clause_2、logical_relation。"",""候选按 structural_pattern 模式实现 句子的类型 / 复句 / 假设复句 所规定的语法功能。""]","[""触发线索存在，但候选边界未覆盖完整构式。"",""局部槽位可定位，但至少一个必需槽位仅得到弱支持。""]","[""触发线索只出现在标题、编号、术语或元语言说明中。"",""必需槽位缺失，且上下文不能恢复目标结构或目标功能。""]","[""相同表层形式可能实现 复句 中的非目标功能。"",""相邻构式共享触发形式，但槽位关系或语法功能不同。""]","[{""if"":""候选边界不完整或过长"",""then"":""边界问题""},{""if"":""触发存在但必需槽位缺失"",""then"":""结构缺槽""},{""if"":""表层触发仅为元语言或非目标功能"",""then"":""表层触发但非目标""},{""if"":""槽位完整且目标功能成立"",""then"":""目标用例""}]","[""目标用例"",""边界问题"",""表层触发但非目标"",""结构缺槽"",""语义不兼容"",""其他具体构式"",""不确定/需复核""]",machine_instantiated_source_anchored
DTV3-TAX-3DDA48A557C9,动作的态/动作的态/经历态,GF0025_full_taxonomy,taxonomy_instantiated,,动作的态,动作的态,经历态,complex_functional,source_literal_and_normalized_legacy_regex,"[""predicate"",""aspect_marker"",""event_state""]","[""候选包含与权威条目 【二71】 对齐的可定位触发线索。"",""候选满足模板槽位：predicate、aspect_marker、event_state。"",""候选按 complex_functional 模式实现 动作的态 / 动作的态 / 经历态 所规定的语法功能。""]","[""触发线索存在，但候选边界未覆盖完整构式。"",""局部槽位可定位，但至少一个必需槽位仅得到弱支持。""]","[""触发线索只出现在标题、编号、术语或元语言说明中。"",""必需槽位缺失，且上下文不能恢复目标结构或目标功能。""]","[""相同表层形式可能实现 动作的态 中的非目标功能。"",""相邻构式共享触发形式，但槽位关系或语法功能不同。""]","[{""if"":""候选边界不完整或过长"",""then"":""边界问题""},{""if"":""触发存在但必需槽位缺失"",""then"":""结构缺槽""},{""if"":""表层触发仅为元语言或非目标功能"",""then"":""表层触发但非目标""},{""if"":""槽位完整且目标功能成立"",""then"":""目标用例""}]","[""目标用例"",""边界问题"",""表层触发但非目标"",""结构缺槽"",""语义不兼容"",""其他具体构式"",""不确定/需复核""]",machine_instantiated_source_anchored
DTV3-TAX-3E1F8160B48A,短语/结构类型/未列小项,GF0025_full_taxonomy,taxonomy_instantiated,,短语,结构类型,未列小项,structural_pattern,source_literal_and_normalized_legacy_regex,"[""phrase_head"",""dependent_or_argument"",""phrase_boundary""]","[""候选包含与权威条目 【三33】 对齐的可定位触发线索。"",""候选满足模板槽位：phrase_head、dependent_or_argument、phrase_boundary。"",""候选按 structural_pattern 模式实现 短语 / 结构类型 / 未列小项 所规定的语法功能。""]","[""触发线索存在，但候选边界未覆盖完整构式。"",""局部槽位可定位，但至少一个必需槽位仅得到弱支持。""]","[""触发线索只出现在标题、编号、术语或元语言说明中。"",""必需槽位缺失，且上下文不能恢复目标结构或目标功能。""]","[""相同表层形式可能实现 结构类型 中的非目标功能。"",""相邻构式共享触发形式，但槽位关系或语法功能不同。""]","[{""if"":""候选边界不完整或过长"",""then"":""边界问题""},{""if"":""触发存在但必需槽位缺失"",""then"":""结构缺槽""},{""if"":""表层触发仅为元语言或非目标功能"",""then"":""表层触发但非目标""},{""if"":""槽位完整且目标功能成立"",""then"":""目标用例""}]","[""目标用例"",""边界问题"",""表层触发但非目标"",""结构缺槽"",""语义不兼容"",""其他具体构式"",""不确定/需复核""]",machine_instantiated_source_anchored
DTV3-TAX-3EA5776ABACD,动作的态/动作的态/变化态,GF0025_full_taxonomy,taxonomy_instantiated,,动作的态,动作的态,变化态,complex_functional,source_literal_and_normalized_legacy_regex,"[""predicate"",""aspect_marker"",""event_state""]","[""候选包含与权威条目 【一40】 对齐的可定位触发线索。"",""候选满足模板槽位：predicate、aspect_marker、event_state。"",""候选按 complex_functional 模式实现 动作的态 / 动作的态 / 变化态 所规定的语法功能。""]","[""触发线索存在，但候选边界未覆盖完整构式。"",""局部槽位可定位，但至少一个必需槽位仅得到弱支持。""]","[""触发线索只出现在标题、编号、术语或元语言说明中。"",""必需槽位缺失，且上下文不能恢复目标结构或目标功能。""]","[""相同表层形式可能实现 动作的态 中的非目标功能。"",""相邻构式共享触发形式，但槽位关系或语法功能不同。""]","[{""if"":""候选边界不完整或过长"",""then"":""边界问题""},{""if"":""触发存在但必需槽位缺失"",""then"":""结构缺槽""},{""if"":""表层触发仅为元语言或非目标功能"",""then"":""表层触发但非目标""},{""if"":""槽位完整且目标功能成立"",""then"":""目标用例""}]","[""目标用例"",""边界问题"",""表层触发但非目标"",""结构缺槽"",""语义不兼容"",""其他具体构式"",""不确定/需复核""]",machine_instantiated_source_anchored
DTV3-TAX-423191A16BE2,短语/固定短语/其他,GF0025_full_taxonomy,taxonomy_instantiated,,短语,固定短语,其他,structural_pattern,source_literal_and_normalized_legacy_regex,"[""phrase_head"",""dependent_or_argument"",""phrase_boundary""]","[""候选包含与权威条目 【二42】 对齐的可定位触发线索。"",""候选满足模板槽位：phrase_head、dependent_or_argument、phrase_boundary。"",""候选按 structural_pattern 模式实现 短语 / 固定短语 / 其他 所规定的语法功能。""]","[""触发线索存在，但候选边界未覆盖完整构式。"",""局部槽位可定位，但至少一个必需槽位仅得到弱支持。""]","[""触发线索只出现在标题、编号、术语或元语言说明中。"",""必需槽位缺失，且上下文不能恢复目标结构或目标功能。""]","[""相同表层形式可能实现 固定短语 中的非目标功能。"",""相邻构式共享触发形式，但槽位关系或语法功能不同。""]","[{""if"":""候选边界不完整或过长"",""then"":""边界问题""},{""if"":""触发存在但必需槽位缺失"",""then"":""结构缺槽""},{""if"":""表层触发仅为元语言或非目标功能"",""then"":""表层触发但非目标""},{""if"":""槽位完整且目标功能成立"",""then"":""目标用例""}]","[""目标用例"",""边界问题"",""表层触发但非目标"",""结构缺槽"",""语义不兼容"",""其他具体构式"",""不确定/需复核""]",machine_instantiated_source_anchored
DTV3-TAX-443ED70B27CA,句子的类型/复句/选择复句,GF0025_full_taxonomy,taxonomy_instantiated,,句子的类型,复句,选择复句,structural_pattern,source_literal_and_normalized_legacy_regex,"[""clause_1"",""relation_marker"",""clause_2"",""logical_relation""]","[""候选包含与权威条目 【二64】 对齐的可定位触发线索。"",""候选满足模板槽位：clause_1、relation_marker、clause_2、logical_relation。"",""候选按 structural_pattern 模式实现 句子的类型 / 复句 / 选择复句 所规定的语法功能。""]","[""触发线索存在，但候选边界未覆盖完整构式。"",""局部槽位可定位，但至少一个必需槽位仅得到弱支持。""]","[""触发线索只出现在标题、编号、术语或元语言说明中。"",""必需槽位缺失，且上下文不能恢复目标结构或目标功能。""]","[""相同表层形式可能实现 复句 中的非目标功能。"",""相邻构式共享触发形式，但槽位关系或语法功能不同。""]","[{""if"":""候选边界不完整或过长"",""then"":""边界问题""},{""if"":""触发存在但必需槽位缺失"",""then"":""结构缺槽""},{""if"":""表层触发仅为元语言或非目标功能"",""then"":""表层触发但非目标""},{""if"":""槽位完整且目标功能成立"",""then"":""目标用例""}]","[""目标用例"",""边界问题"",""表层触发但非目标"",""结构缺槽"",""语义不兼容"",""其他具体构式"",""不确定/需复核""]",machine_instantiated_source_anchored
DTV3-TAX-4570B4C831CD,句子的类型/复句/因果复句,GF0025_full_taxonomy,taxonomy_instantiated,,句子的类型,复句,因果复句,structural_pattern,source_literal_and_normalized_legacy_regex,"[""clause_1"",""relation_marker"",""clause_2"",""logical_relation""]","[""候选包含与权威条目 【二68】 对齐的可定位触发线索。"",""候选满足模板槽位：clause_1、relation_marker、clause_2、logical_relation。"",""候选按 structural_pattern 模式实现 句子的类型 / 复句 / 因果复句 所规定的语法功能。""]","[""触发线索存在，但候选边界未覆盖完整构式。"",""局部槽位可定位，但至少一个必需槽位仅得到弱支持。""]","[""触发线索只出现在标题、编号、术语或元语言说明中。"",""必需槽位缺失，且上下文不能恢复目标结构或目标功能。""]","[""相同表层形式可能实现 复句 中的非目标功能。"",""相邻构式共享触发形式，但槽位关系或语法功能不同。""]","[{""if"":""候选边界不完整或过长"",""then"":""边界问题""},{""if"":""触发存在但必需槽位缺失"",""then"":""结构缺槽""},{""if"":""表层触发仅为元语言或非目标功能"",""then"":""表层触发但非目标""},{""if"":""槽位完整且目标功能成立"",""then"":""目标用例""}]","[""目标用例"",""边界问题"",""表层触发但非目标"",""结构缺槽"",""语义不兼容"",""其他具体构式"",""不确定/需复核""]",machine_instantiated_source_anchored
DTV3-TAX-49DEC7322286,词类/助词/动态助词,GF0025_full_taxonomy,taxonomy_instantiated,,词类,助词,动态助词,structural_pattern,source_literal_and_normalized_legacy_regex,"[""lexical_form"",""local_context"",""grammatical_function""]","[""候选包含与权威条目 【一21】 对齐的可定位触发线索。"",""候选满足模板槽位：lexical_form、local_context、grammatical_function。"",""候选按 structural_pattern 模式实现 词类 / 助词 / 动态助词 所规定的语法功能。""]","[""触发线索存在，但候选边界未覆盖完整构式。"",""局部槽位可定位，但至少一个必需槽位仅得到弱支持。""]","[""触发线索只出现在标题、编号、术语或元语言说明中。"",""必需槽位缺失，且上下文不能恢复目标结构或目标功能。""]","[""相同表层形式可能实现 助词 中的非目标功能。"",""相邻构式共享触发形式，但槽位关系或语法功能不同。""]","[{""if"":""候选边界不完整或过长"",""then"":""边界问题""},{""if"":""触发存在但必需槽位缺失"",""then"":""结构缺槽""},{""if"":""表层触发仅为元语言或非目标功能"",""then"":""表层触发但非目标""},{""if"":""槽位完整且目标功能成立"",""then"":""目标用例""}]","[""目标用例"",""边界问题"",""表层触发但非目标"",""结构缺槽"",""语义不兼容"",""其他具体构式"",""不确定/需复核""]",machine_instantiated_source_anchored
DTV3-TAX-4A86CD596A15,短语/结构类型/其他结构类型,GF0025_full_taxonomy,taxonomy_instantiated,,短语,结构类型,其他结构类型,complex_functional,source_literal_and_normalized_legacy_regex,"[""phrase_head"",""dependent_or_argument"",""phrase_boundary""]","[""候选包含与权威条目 【三32】 对齐的可定位触发线索。"",""候选满足模板槽位：phrase_head、dependent_or_argument、phrase_boundary。"",""候选按 complex_functional 模式实现 短语 / 结构类型 / 其他结构类型 所规定的语法功能。""]","[""触发线索存在，但候选边界未覆盖完整构式。"",""局部槽位可定位，但至少一个必需槽位仅得到弱支持。""]","[""触发线索只出现在标题、编号、术语或元语言说明中。"",""必需槽位缺失，且上下文不能恢复目标结构或目标功能。""]","[""相同表层形式可能实现 结构类型 中的非目标功能。"",""相邻构式共享触发形式，但槽位关系或语法功能不同。""]","[{""if"":""候选边界不完整或过长"",""then"":""边界问题""},{""if"":""触发存在但必需槽位缺失"",""then"":""结构缺槽""},{""if"":""表层触发仅为元语言或非目标功能"",""then"":""表层触发但非目标""},{""if"":""槽位完整且目标功能成立"",""then"":""目标用例""}]","[""目标用例"",""边界问题"",""表层触发但非目标"",""结构缺槽"",""语义不兼容"",""其他具体构式"",""不确定/需复核""]",machine_instantiated_source_anchored
DTV3-TAX-4DB482B3679C,词类/助词/其他助词,GF0025_full_taxonomy,taxonomy_instantiated,,词类,助词,其他助词,structural_pattern,source_literal_and_normalized_legacy_regex,"[""lexical_form"",""local_context"",""grammatical_function""]","[""候选包含与权威条目 【二35】 对齐的可定位触发线索。"",""候选满足模板槽位：lexical_form、local_context、grammatical_function。"",""候选按 structural_pattern 模式实现 词类 / 助词 / 其他助词 所规定的语法功能。""]","[""触发线索存在，但候选边界未覆盖完整构式。"",""局部槽位可定位，但至少一个必需槽位仅得到弱支持。""]","[""触发线索只出现在标题、编号、术语或元语言说明中。"",""必需槽位缺失，且上下文不能恢复目标结构或目标功能。""]","[""相同表层形式可能实现 助词 中的非目标功能。"",""相邻构式共享触发形式，但槽位关系或语法功能不同。""]","[{""if"":""候选边界不完整或过长"",""then"":""边界问题""},{""if"":""触发存在但必需槽位缺失"",""then"":""结构缺槽""},{""if"":""表层触发仅为元语言或非目标功能"",""then"":""表层触发但非目标""},{""if"":""槽位完整且目标功能成立"",""then"":""目标用例""}]","[""目标用例"",""边界问题"",""表层触发但非目标"",""结构缺槽"",""语义不兼容"",""其他具体构式"",""不确定/需复核""]",machine_instantiated_source_anchored
DTV3-TAX-5067C013A5BC,句子成分/谓语/未列小项,GF0025_full_taxonomy,taxonomy_instantiated,,句子成分,谓语,未列小项,complex_functional,source_literal_and_normalized_legacy_regex,"[""candidate_expression"",""governing_predicate"",""syntactic_role""]","[""候选包含与权威条目 【一25】 对齐的可定位触发线索。"",""候选满足模板槽位：candidate_expression、governing_predicate、syntactic_role。"",""候选按 complex_functional 模式实现 句子成分 / 谓语 / 未列小项 所规定的语法功能。""]","[""触发线索存在，但候选边界未覆盖完整构式。"",""局部槽位可定位，但至少一个必需槽位仅得到弱支持。""]","[""触发线索只出现在标题、编号、术语或元语言说明中。"",""必需槽位缺失，且上下文不能恢复目标结构或目标功能。""]","[""相同表层形式可能实现 谓语 中的非目标功能。"",""相邻构式共享触发形式，但槽位关系或语法功能不同。""]","[{""if"":""候选边界不完整或过长"",""then"":""边界问题""},{""if"":""触发存在但必需槽位缺失"",""then"":""结构缺槽""},{""if"":""表层触发仅为元语言或非目标功能"",""then"":""表层触发但非目标""},{""if"":""槽位完整且目标功能成立"",""then"":""目标用例""}]","[""目标用例"",""边界问题"",""表层触发但非目标"",""结构缺槽"",""语义不兼容"",""其他具体构式"",""不确定/需复核""]",machine_instantiated_source_anchored
DTV3-TAX-5226A4B955B9,词类/连词/连接分句或句子,GF0025_full_taxonomy,taxonomy_instantiated,,词类,连词,连接分句或句子,structural_pattern,source_literal_and_normalized_legacy_regex,"[""lexical_form"",""local_context"",""grammatical_function""]","[""候选包含与权威条目 【二30】 对齐的可定位触发线索。"",""候选满足模板槽位：lexical_form、local_context、grammatical_function。"",""候选按 structural_pattern 模式实现 词类 / 连词 / 连接分句或句子 所规定的语法功能。""]","[""触发线索存在，但候选边界未覆盖完整构式。"",""局部槽位可定位，但至少一个必需槽位仅得到弱支持。""]","[""触发线索只出现在标题、编号、术语或元语言说明中。"",""必需槽位缺失，且上下文不能恢复目标结构或目标功能。""]","[""相同表层形式可能实现 连词 中的非目标功能。"",""相邻构式共享触发形式，但槽位关系或语法功能不同。""]","[{""if"":""候选边界不完整或过长"",""then"":""边界问题""},{""if"":""触发存在但必需槽位缺失"",""then"":""结构缺槽""},{""if"":""表层触发仅为元语言或非目标功能"",""then"":""表层触发但非目标""},{""if"":""槽位完整且目标功能成立"",""then"":""目标用例""}]","[""目标用例"",""边界问题"",""表层触发但非目标"",""结构缺槽"",""语义不兼容"",""其他具体构式"",""不确定/需复核""]",machine_instantiated_source_anchored
DTV3-TAX-531E45C67431,词类/介词/引出施事、受事,GF0025_full_taxonomy,taxonomy_instantiated,,词类,介词,引出施事、受事,structural_pattern,source_literal_and_normalized_legacy_regex,"[""lexical_form"",""local_context"",""grammatical_function""]","[""候选包含与权威条目 【三27】 对齐的可定位触发线索。"",""候选满足模板槽位：lexical_form、local_context、grammatical_function。"",""候选按 structural_pattern 模式实现 词类 / 介词 / 引出施事、受事 所规定的语法功能。""]","[""触发线索存在，但候选边界未覆盖完整构式。"",""局部槽位可定位，但至少一个必需槽位仅得到弱支持。""]","[""触发线索只出现在标题、编号、术语或元语言说明中。"",""必需槽位缺失，且上下文不能恢复目标结构或目标功能。""]","[""相同表层形式可能实现 介词 中的非目标功能。"",""相邻构式共享触发形式，但槽位关系或语法功能不同。""]","[{""if"":""候选边界不完整或过长"",""then"":""边界问题""},{""if"":""触发存在但必需槽位缺失"",""then"":""结构缺槽""},{""if"":""表层触发仅为元语言或非目标功能"",""then"":""表层触发但非目标""},{""if"":""槽位完整且目标功能成立"",""then"":""目标用例""}]","[""目标用例"",""边界问题"",""表层触发但非目标"",""结构缺槽"",""语义不兼容"",""其他具体构式"",""不确定/需复核""]",machine_instantiated_source_anchored
DTV3-TAX-58BE1FA9DBC5,短语/结构类型/基本结构类型,GF0025_full_taxonomy,taxonomy_instantiated,,短语,结构类型,基本结构类型,structural_pattern,source_literal_and_normalized_legacy_regex,"[""phrase_head"",""dependent_or_argument"",""phrase_boundary""]","[""候选包含与权威条目 【二37】 对齐的可定位触发线索。"",""候选满足模板槽位：phrase_head、dependent_or_argument、phrase_boundary。"",""候选按 structural_pattern 模式实现 短语 / 结构类型 / 基本结构类型 所规定的语法功能。""]","[""触发线索存在，但候选边界未覆盖完整构式。"",""局部槽位可定位，但至少一个必需槽位仅得到弱支持。""]","[""触发线索只出现在标题、编号、术语或元语言说明中。"",""必需槽位缺失，且上下文不能恢复目标结构或目标功能。""]","[""相同表层形式可能实现 结构类型 中的非目标功能。"",""相邻构式共享触发形式，但槽位关系或语法功能不同。""]","[{""if"":""候选边界不完整或过长"",""then"":""边界问题""},{""if"":""触发存在但必需槽位缺失"",""then"":""结构缺槽""},{""if"":""表层触发仅为元语言或非目标功能"",""then"":""表层触发但非目标""},{""if"":""槽位完整且目标功能成立"",""then"":""目标用例""}]","[""目标用例"",""边界问题"",""表层触发但非目标"",""结构缺槽"",""语义不兼容"",""其他具体构式"",""不确定/需复核""]",machine_instantiated_source_anchored
DTV3-TAX-5C8207039044,动作的态/动作的态/持续态,GF0025_full_taxonomy,taxonomy_instantiated,,动作的态,动作的态,持续态,complex_functional,source_literal_and_normalized_legacy_regex,"[""predicate"",""aspect_marker"",""event_state""]","[""候选包含与权威条目 【二70】 对齐的可定位触发线索。"",""候选满足模板槽位：predicate、aspect_marker、event_state。"",""候选按 complex_functional 模式实现 动作的态 / 动作的态 / 持续态 所规定的语法功能。""]","[""触发线索存在，但候选边界未覆盖完整构式。"",""局部槽位可定位，但至少一个必需槽位仅得到弱支持。""]","[""触发线索只出现在标题、编号、术语或元语言说明中。"",""必需槽位缺失，且上下文不能恢复目标结构或目标功能。""]","[""相同表层形式可能实现 动作的态 中的非目标功能。"",""相邻构式共享触发形式，但槽位关系或语法功能不同。""]","[{""if"":""候选边界不完整或过长"",""then"":""边界问题""},{""if"":""触发存在但必需槽位缺失"",""then"":""结构缺槽""},{""if"":""表层触发仅为元语言或非目标功能"",""then"":""表层触发但非目标""},{""if"":""槽位完整且目标功能成立"",""then"":""目标用例""}]","[""目标用例"",""边界问题"",""表层触发但非目标"",""结构缺槽"",""语义不兼容"",""其他具体构式"",""不确定/需复核""]",machine_instantiated_source_anchored
DTV3-TAX-5CC08119FCFB,词类/量词/时量词,GF0025_full_taxonomy,taxonomy_instantiated,,词类,量词,时量词,structural_pattern,source_literal_and_normalized_legacy_regex,"[""lexical_form"",""local_context"",""grammatical_function""]","[""候选包含与权威条目 【二12】 对齐的可定位触发线索。"",""候选满足模板槽位：lexical_form、local_context、grammatical_function。"",""候选按 structural_pattern 模式实现 词类 / 量词 / 时量词 所规定的语法功能。""]","[""触发线索存在，但候选边界未覆盖完整构式。"",""局部槽位可定位，但至少一个必需槽位仅得到弱支持。""]","[""触发线索只出现在标题、编号、术语或元语言说明中。"",""必需槽位缺失，且上下文不能恢复目标结构或目标功能。""]","[""相同表层形式可能实现 量词 中的非目标功能。"",""相邻构式共享触发形式，但槽位关系或语法功能不同。""]","[{""if"":""候选边界不完整或过长"",""then"":""边界问题""},{""if"":""触发存在但必需槽位缺失"",""then"":""结构缺槽""},{""if"":""表层触发仅为元语言或非目标功能"",""then"":""表层触发但非目标""},{""if"":""槽位完整且目标功能成立"",""then"":""目标用例""}]","[""目标用例"",""边界问题"",""表层触发但非目标"",""结构缺槽"",""语义不兼容"",""其他具体构式"",""不确定/需复核""]",machine_instantiated_source_anchored
DTV3-TAX-5EB36B35C713,词类/代词/疑问代词,GF0025_full_taxonomy,taxonomy_instantiated,,词类,代词,疑问代词,structural_pattern,source_literal_and_normalized_legacy_regex,"[""lexical_form"",""local_context"",""grammatical_function""]","[""候选包含与权威条目 【一04】 对齐的可定位触发线索。"",""候选满足模板槽位：lexical_form、local_context、grammatical_function。"",""候选按 structural_pattern 模式实现 词类 / 代词 / 疑问代词 所规定的语法功能。""]","[""触发线索存在，但候选边界未覆盖完整构式。"",""局部槽位可定位，但至少一个必需槽位仅得到弱支持。""]","[""触发线索只出现在标题、编号、术语或元语言说明中。"",""必需槽位缺失，且上下文不能恢复目标结构或目标功能。""]","[""相同表层形式可能实现 代词 中的非目标功能。"",""相邻构式共享触发形式，但槽位关系或语法功能不同。""]","[{""if"":""候选边界不完整或过长"",""then"":""边界问题""},{""if"":""触发存在但必需槽位缺失"",""then"":""结构缺槽""},{""if"":""表层触发仅为元语言或非目标功能"",""then"":""表层触发但非目标""},{""if"":""槽位完整且目标功能成立"",""then"":""目标用例""}]","[""目标用例"",""边界问题"",""表层触发但非目标"",""结构缺槽"",""语义不兼容"",""其他具体构式"",""不确定/需复核""]",machine_instantiated_source_anchored
DTV3-TAX-679FE98BA210,词类/介词/引出时间、处所,GF0025_full_taxonomy,taxonomy_instantiated,,词类,介词,引出时间、处所,complex_functional,source_literal_and_normalized_legacy_regex,"[""lexical_form"",""local_context"",""grammatical_function""]","[""候选包含与权威条目 【二21】 对齐的可定位触发线索。"",""候选满足模板槽位：lexical_form、local_context、grammatical_function。"",""候选按 complex_functional 模式实现 词类 / 介词 / 引出时间、处所 所规定的语法功能。""]","[""触发线索存在，但候选边界未覆盖完整构式。"",""局部槽位可定位，但至少一个必需槽位仅得到弱支持。""]","[""触发线索只出现在标题、编号、术语或元语言说明中。"",""必需槽位缺失，且上下文不能恢复目标结构或目标功能。""]","[""相同表层形式可能实现 介词 中的非目标功能。"",""相邻构式共享触发形式，但槽位关系或语法功能不同。""]","[{""if"":""候选边界不完整或过长"",""then"":""边界问题""},{""if"":""触发存在但必需槽位缺失"",""then"":""结构缺槽""},{""if"":""表层触发仅为元语言或非目标功能"",""then"":""表层触发但非目标""},{""if"":""槽位完整且目标功能成立"",""then"":""目标用例""}]","[""目标用例"",""边界问题"",""表层触发但非目标"",""结构缺槽"",""语义不兼容"",""其他具体构式"",""不确定/需复核""]",machine_instantiated_source_anchored
DTV3-TAX-6B48F706AFBB,句子的类型/句类/陈述句,GF0025_full_taxonomy,taxonomy_instantiated,,句子的类型,句类,陈述句,structural_pattern,source_literal_and_normalized_legacy_regex,"[""subject_or_topic"",""predicate"",""construction_marker"",""clause_boundary""]","[""候选包含与权威条目 【一32】 对齐的可定位触发线索。"",""候选满足模板槽位：subject_or_topic、predicate、construction_marker、clause_boundary。"",""候选按 structural_pattern 模式实现 句子的类型 / 句类 / 陈述句 所规定的语法功能。""]","[""触发线索存在，但候选边界未覆盖完整构式。"",""局部槽位可定位，但至少一个必需槽位仅得到弱支持。""]","[""触发线索只出现在标题、编号、术语或元语言说明中。"",""必需槽位缺失，且上下文不能恢复目标结构或目标功能。""]","[""相同表层形式可能实现 句类 中的非目标功能。"",""相邻构式共享触发形式，但槽位关系或语法功能不同。""]","[{""if"":""候选边界不完整或过长"",""then"":""边界问题""},{""if"":""触发存在但必需槽位缺失"",""then"":""结构缺槽""},{""if"":""表层触发仅为元语言或非目标功能"",""then"":""表层触发但非目标""},{""if"":""槽位完整且目标功能成立"",""then"":""目标用例""}]","[""目标用例"",""边界问题"",""表层触发但非目标"",""结构缺槽"",""语义不兼容"",""其他具体构式"",""不确定/需复核""]",machine_instantiated_source_anchored
DTV3-TAX-70386EB2913D,词类/连词/连接词或词组,GF0025_full_taxonomy,taxonomy_instantiated,,词类,连词,连接词或词组,structural_pattern,source_literal_and_normalized_legacy_regex,"[""lexical_form"",""local_context"",""grammatical_function""]","[""候选包含与权威条目 【一19】 对齐的可定位触发线索。"",""候选满足模板槽位：lexical_form、local_context、grammatical_function。"",""候选按 structural_pattern 模式实现 词类 / 连词 / 连接词或词组 所规定的语法功能。""]","[""触发线索存在，但候选边界未覆盖完整构式。"",""局部槽位可定位，但至少一个必需槽位仅得到弱支持。""]","[""触发线索只出现在标题、编号、术语或元语言说明中。"",""必需槽位缺失，且上下文不能恢复目标结构或目标功能。""]","[""相同表层形式可能实现 连词 中的非目标功能。"",""相邻构式共享触发形式，但槽位关系或语法功能不同。""]","[{""if"":""候选边界不完整或过长"",""then"":""边界问题""},{""if"":""触发存在但必需槽位缺失"",""then"":""结构缺槽""},{""if"":""表层触发仅为元语言或非目标功能"",""then"":""表层触发但非目标""},{""if"":""槽位完整且目标功能成立"",""then"":""目标用例""}]","[""目标用例"",""边界问题"",""表层触发但非目标"",""结构缺槽"",""语义不兼容"",""其他具体构式"",""不确定/需复核""]",machine_instantiated_source_anchored
DTV3-TAX-7339286D54C6,句子的类型/复句/条件复句,GF0025_full_taxonomy,taxonomy_instantiated,,句子的类型,复句,条件复句,structural_pattern,source_literal_and_normalized_legacy_regex,"[""clause_1"",""relation_marker"",""clause_2"",""logical_relation""]","[""候选包含与权威条目 【三70】 对齐的可定位触发线索。"",""候选满足模板槽位：clause_1、relation_marker、clause_2、logical_relation。"",""候选按 structural_pattern 模式实现 句子的类型 / 复句 / 条件复句 所规定的语法功能。""]","[""触发线索存在，但候选边界未覆盖完整构式。"",""局部槽位可定位，但至少一个必需槽位仅得到弱支持。""]","[""触发线索只出现在标题、编号、术语或元语言说明中。"",""必需槽位缺失，且上下文不能恢复目标结构或目标功能。""]","[""相同表层形式可能实现 复句 中的非目标功能。"",""相邻构式共享触发形式，但槽位关系或语法功能不同。""]","[{""if"":""候选边界不完整或过长"",""then"":""边界问题""},{""if"":""触发存在但必需槽位缺失"",""then"":""结构缺槽""},{""if"":""表层触发仅为元语言或非目标功能"",""then"":""表层触发但非目标""},{""if"":""槽位完整且目标功能成立"",""then"":""目标用例""}]","[""目标用例"",""边界问题"",""表层触发但非目标"",""结构缺槽"",""语义不兼容"",""其他具体构式"",""不确定/需复核""]",machine_instantiated_source_anchored
DTV3-TAX-73EEA1885793,词类/介词/引出目的、原因,GF0025_full_taxonomy,taxonomy_instantiated,,词类,介词,引出目的、原因,structural_pattern,source_literal_and_normalized_legacy_regex,"[""lexical_form"",""local_context"",""grammatical_function""]","[""候选包含与权威条目 【三25】 对齐的可定位触发线索。"",""候选满足模板槽位：lexical_form、local_context、grammatical_function。"",""候选按 structural_pattern 模式实现 词类 / 介词 / 引出目的、原因 所规定的语法功能。""]","[""触发线索存在，但候选边界未覆盖完整构式。"",""局部槽位可定位，但至少一个必需槽位仅得到弱支持。""]","[""触发线索只出现在标题、编号、术语或元语言说明中。"",""必需槽位缺失，且上下文不能恢复目标结构或目标功能。""]","[""相同表层形式可能实现 介词 中的非目标功能。"",""相邻构式共享触发形式，但槽位关系或语法功能不同。""]","[{""if"":""候选边界不完整或过长"",""then"":""边界问题""},{""if"":""触发存在但必需槽位缺失"",""then"":""结构缺槽""},{""if"":""表层触发仅为元语言或非目标功能"",""then"":""表层触发但非目标""},{""if"":""槽位完整且目标功能成立"",""then"":""目标用例""}]","[""目标用例"",""边界问题"",""表层触发但非目标"",""结构缺槽"",""语义不兼容"",""其他具体构式"",""不确定/需复核""]",machine_instantiated_source_anchored
DTV3-TAX-7EBA4C50F19A,词类/代词/指示代词,GF0025_full_taxonomy,taxonomy_instantiated,,词类,代词,指示代词,structural_pattern,source_literal_and_normalized_legacy_regex,"[""lexical_form"",""local_context"",""grammatical_function""]","[""候选包含与权威条目 【一06】 对齐的可定位触发线索。"",""候选满足模板槽位：lexical_form、local_context、grammatical_function。"",""候选按 structural_pattern 模式实现 词类 / 代词 / 指示代词 所规定的语法功能。""]","[""触发线索存在，但候选边界未覆盖完整构式。"",""局部槽位可定位，但至少一个必需槽位仅得到弱支持。""]","[""触发线索只出现在标题、编号、术语或元语言说明中。"",""必需槽位缺失，且上下文不能恢复目标结构或目标功能。""]","[""相同表层形式可能实现 代词 中的非目标功能。"",""相邻构式共享触发形式，但槽位关系或语法功能不同。""]","[{""if"":""候选边界不完整或过长"",""then"":""边界问题""},{""if"":""触发存在但必需槽位缺失"",""then"":""结构缺槽""},{""if"":""表层触发仅为元语言或非目标功能"",""then"":""表层触发但非目标""},{""if"":""槽位完整且目标功能成立"",""then"":""目标用例""}]","[""目标用例"",""边界问题"",""表层触发但非目标"",""结构缺槽"",""语义不兼容"",""其他具体构式"",""不确定/需复核""]",machine_instantiated_source_anchored
DTV3-TAX-80C277071DDE,句子成分/状语/未列小项,GF0025_full_taxonomy,taxonomy_instantiated,,句子成分,状语,未列小项,complex_functional,source_literal_and_normalized_legacy_regex,"[""candidate_expression"",""governing_predicate"",""syntactic_role""]","[""候选包含与权威条目 【一28】 对齐的可定位触发线索。"",""候选满足模板槽位：candidate_expression、governing_predicate、syntactic_role。"",""候选按 complex_functional 模式实现 句子成分 / 状语 / 未列小项 所规定的语法功能。""]","[""触发线索存在，但候选边界未覆盖完整构式。"",""局部槽位可定位，但至少一个必需槽位仅得到弱支持。""]","[""触发线索只出现在标题、编号、术语或元语言说明中。"",""必需槽位缺失，且上下文不能恢复目标结构或目标功能。""]","[""相同表层形式可能实现 状语 中的非目标功能。"",""相邻构式共享触发形式，但槽位关系或语法功能不同。""]","[{""if"":""候选边界不完整或过长"",""then"":""边界问题""},{""if"":""触发存在但必需槽位缺失"",""then"":""结构缺槽""},{""if"":""表层触发仅为元语言或非目标功能"",""then"":""表层触发但非目标""},{""if"":""槽位完整且目标功能成立"",""then"":""目标用例""}]","[""目标用例"",""边界问题"",""表层触发但非目标"",""结构缺槽"",""语义不兼容"",""其他具体构式"",""不确定/需复核""]",machine_instantiated_source_anchored
DTV3-TAX-834173C4ACFE,词类/助词/结构助词,GF0025_full_taxonomy,taxonomy_instantiated,,词类,助词,结构助词,structural_pattern,source_literal_and_normalized_legacy_regex,"[""lexical_form"",""local_context"",""grammatical_function""]","[""候选包含与权威条目 【一20】 对齐的可定位触发线索。"",""候选满足模板槽位：lexical_form、local_context、grammatical_function。"",""候选按 structural_pattern 模式实现 词类 / 助词 / 结构助词 所规定的语法功能。""]","[""触发线索存在，但候选边界未覆盖完整构式。"",""局部槽位可定位，但至少一个必需槽位仅得到弱支持。""]","[""触发线索只出现在标题、编号、术语或元语言说明中。"",""必需槽位缺失，且上下文不能恢复目标结构或目标功能。""]","[""相同表层形式可能实现 助词 中的非目标功能。"",""相邻构式共享触发形式，但槽位关系或语法功能不同。""]","[{""if"":""候选边界不完整或过长"",""then"":""边界问题""},{""if"":""触发存在但必需槽位缺失"",""then"":""结构缺槽""},{""if"":""表层触发仅为元语言或非目标功能"",""then"":""表层触发但非目标""},{""if"":""槽位完整且目标功能成立"",""then"":""目标用例""}]","[""目标用例"",""边界问题"",""表层触发但非目标"",""结构缺槽"",""语义不兼容"",""其他具体构式"",""不确定/需复核""]",machine_instantiated_source_anchored
DTV3-TAX-868754CA8DF9,词类/副词/否定副词,GF0025_full_taxonomy,taxonomy_instantiated,,词类,副词,否定副词,structural_pattern,source_literal_and_normalized_legacy_regex,"[""lexical_form"",""local_context"",""grammatical_function""]","[""候选包含与权威条目 【一14】 对齐的可定位触发线索。"",""候选满足模板槽位：lexical_form、local_context、grammatical_function。"",""候选按 structural_pattern 模式实现 词类 / 副词 / 否定副词 所规定的语法功能。""]","[""触发线索存在，但候选边界未覆盖完整构式。"",""局部槽位可定位，但至少一个必需槽位仅得到弱支持。""]","[""触发线索只出现在标题、编号、术语或元语言说明中。"",""必需槽位缺失，且上下文不能恢复目标结构或目标功能。""]","[""相同表层形式可能实现 副词 中的非目标功能。"",""相邻构式共享触发形式，但槽位关系或语法功能不同。""]","[{""if"":""候选边界不完整或过长"",""then"":""边界问题""},{""if"":""触发存在但必需槽位缺失"",""then"":""结构缺槽""},{""if"":""表层触发仅为元语言或非目标功能"",""then"":""表层触发但非目标""},{""if"":""槽位完整且目标功能成立"",""then"":""目标用例""}]","[""目标用例"",""边界问题"",""表层触发但非目标"",""结构缺槽"",""语义不兼容"",""其他具体构式"",""不确定/需复核""]",machine_instantiated_source_anchored
DTV3-TAX-891BB0728109,词类/助词/未列小项,GF0025_full_taxonomy,taxonomy_instantiated,,词类,助词,未列小项,structural_pattern,source_literal_and_normalized_legacy_regex,"[""lexical_form"",""local_context"",""grammatical_function""]","[""候选包含与权威条目 【二33】 对齐的可定位触发线索。"",""候选满足模板槽位：lexical_form、local_context、grammatical_function。"",""候选按 structural_pattern 模式实现 词类 / 助词 / 未列小项 所规定的语法功能。""]","[""触发线索存在，但候选边界未覆盖完整构式。"",""局部槽位可定位，但至少一个必需槽位仅得到弱支持。""]","[""触发线索只出现在标题、编号、术语或元语言说明中。"",""必需槽位缺失，且上下文不能恢复目标结构或目标功能。""]","[""相同表层形式可能实现 助词 中的非目标功能。"",""相邻构式共享触发形式，但槽位关系或语法功能不同。""]","[{""if"":""候选边界不完整或过长"",""then"":""边界问题""},{""if"":""触发存在但必需槽位缺失"",""then"":""结构缺槽""},{""if"":""表层触发仅为元语言或非目标功能"",""then"":""表层触发但非目标""},{""if"":""槽位完整且目标功能成立"",""then"":""目标用例""}]","[""目标用例"",""边界问题"",""表层触发但非目标"",""结构缺槽"",""语义不兼容"",""其他具体构式"",""不确定/需复核""]",machine_instantiated_source_anchored
DTV3-TAX-8E9C8D1B6C41,句子的类型/句型/单句,GF0025_full_taxonomy,taxonomy_instantiated,,句子的类型,句型,单句,structural_pattern,source_literal_and_normalized_legacy_regex,"[""subject_or_topic"",""predicate"",""construction_marker"",""clause_boundary""]","[""候选包含与权威条目 【一29】 对齐的可定位触发线索。"",""候选满足模板槽位：subject_or_topic、predicate、construction_marker、clause_boundary。"",""候选按 structural_pattern 模式实现 句子的类型 / 句型 / 单句 所规定的语法功能。""]","[""触发线索存在，但候选边界未覆盖完整构式。"",""局部槽位可定位，但至少一个必需槽位仅得到弱支持。""]","[""触发线索只出现在标题、编号、术语或元语言说明中。"",""必需槽位缺失，且上下文不能恢复目标结构或目标功能。""]","[""相同表层形式可能实现 句型 中的非目标功能。"",""相邻构式共享触发形式，但槽位关系或语法功能不同。""]","[{""if"":""候选边界不完整或过长"",""then"":""边界问题""},{""if"":""触发存在但必需槽位缺失"",""then"":""结构缺槽""},{""if"":""表层触发仅为元语言或非目标功能"",""then"":""表层触发但非目标""},{""if"":""槽位完整且目标功能成立"",""then"":""目标用例""}]","[""目标用例"",""边界问题"",""表层触发但非目标"",""结构缺槽"",""语义不兼容"",""其他具体构式"",""不确定/需复核""]",machine_instantiated_source_anchored
DTV3-TAX-9153EBAD9F2F,词类/叹词/未列小项,GF0025_full_taxonomy,taxonomy_instantiated,,词类,叹词,未列小项,structural_pattern,source_literal_and_normalized_legacy_regex,"[""lexical_form"",""local_context"",""grammatical_function""]","[""候选包含与权威条目 【二36】 对齐的可定位触发线索。"",""候选满足模板槽位：lexical_form、local_context、grammatical_function。"",""候选按 structural_pattern 模式实现 词类 / 叹词 / 未列小项 所规定的语法功能。""]","[""触发线索存在，但候选边界未覆盖完整构式。"",""局部槽位可定位，但至少一个必需槽位仅得到弱支持。""]","[""触发线索只出现在标题、编号、术语或元语言说明中。"",""必需槽位缺失，且上下文不能恢复目标结构或目标功能。""]","[""相同表层形式可能实现 叹词 中的非目标功能。"",""相邻构式共享触发形式，但槽位关系或语法功能不同。""]","[{""if"":""候选边界不完整或过长"",""then"":""边界问题""},{""if"":""触发存在但必需槽位缺失"",""then"":""结构缺槽""},{""if"":""表层触发仅为元语言或非目标功能"",""then"":""表层触发但非目标""},{""if"":""槽位完整且目标功能成立"",""then"":""目标用例""}]","[""目标用例"",""边界问题"",""表层触发但非目标"",""结构缺槽"",""语义不兼容"",""其他具体构式"",""不确定/需复核""]",machine_instantiated_source_anchored
DTV3-TAX-92495A46D25D,特殊表达法/数的表示法/未列小项,GF0025_full_taxonomy,taxonomy_instantiated,,特殊表达法,数的表示法,未列小项,complex_functional,source_literal_and_normalized_legacy_regex,"[""trigger"",""local_context"",""construction_boundary""]","[""候选包含与权威条目 【一43】 对齐的可定位触发线索。"",""候选满足模板槽位：trigger、local_context、construction_boundary。"",""候选按 complex_functional 模式实现 特殊表达法 / 数的表示法 / 未列小项 所规定的语法功能。""]","[""触发线索存在，但候选边界未覆盖完整构式。"",""局部槽位可定位，但至少一个必需槽位仅得到弱支持。""]","[""触发线索只出现在标题、编号、术语或元语言说明中。"",""必需槽位缺失，且上下文不能恢复目标结构或目标功能。""]","[""相同表层形式可能实现 数的表示法 中的非目标功能。"",""相邻构式共享触发形式，但槽位关系或语法功能不同。""]","[{""if"":""候选边界不完整或过长"",""then"":""边界问题""},{""if"":""触发存在但必需槽位缺失"",""then"":""结构缺槽""},{""if"":""表层触发仅为元语言或非目标功能"",""then"":""表层触发但非目标""},{""if"":""槽位完整且目标功能成立"",""then"":""目标用例""}]","[""目标用例"",""边界问题"",""表层触发但非目标"",""结构缺槽"",""语义不兼容"",""其他具体构式"",""不确定/需复核""]",machine_instantiated_source_anchored
DTV3-TAX-924F9FD236A9,句子的类型/特殊句型/“是……的”句,GF0025_full_taxonomy,taxonomy_instantiated,,句子的类型,特殊句型,“是……的”句,complex_functional,source_literal_and_normalized_legacy_regex,"[""subject_or_topic"",""predicate"",""construction_marker"",""clause_boundary""]","[""候选包含与权威条目 【二60】 对齐的可定位触发线索。"",""候选满足模板槽位：subject_or_topic、predicate、construction_marker、clause_boundary。"",""候选按 complex_functional 模式实现 句子的类型 / 特殊句型 / “是……的”句 所规定的语法功能。""]","[""触发线索存在，但候选边界未覆盖完整构式。"",""局部槽位可定位，但至少一个必需槽位仅得到弱支持。""]","[""触发线索只出现在标题、编号、术语或元语言说明中。"",""必需槽位缺失，且上下文不能恢复目标结构或目标功能。""]","[""相同表层形式可能实现 特殊句型 中的非目标功能。"",""相邻构式共享触发形式，但槽位关系或语法功能不同。""]","[{""if"":""候选边界不完整或过长"",""then"":""边界问题""},{""if"":""触发存在但必需槽位缺失"",""then"":""结构缺槽""},{""if"":""表层触发仅为元语言或非目标功能"",""then"":""表层触发但非目标""},{""if"":""槽位完整且目标功能成立"",""then"":""目标用例""}]","[""目标用例"",""边界问题"",""表层触发但非目标"",""结构缺槽"",""语义不兼容"",""其他具体构式"",""不确定/需复核""]",machine_instantiated_source_anchored
DTV3-TAX-96C5330FEA95,词类/介词/引出对象,GF0025_full_taxonomy,taxonomy_instantiated,,词类,介词,引出对象,structural_pattern,source_literal_and_normalized_legacy_regex,"[""lexical_form"",""local_context"",""grammatical_function""]","[""候选包含与权威条目 【一17】 对齐的可定位触发线索。"",""候选满足模板槽位：lexical_form、local_context、grammatical_function。"",""候选按 structural_pattern 模式实现 词类 / 介词 / 引出对象 所规定的语法功能。""]","[""触发线索存在，但候选边界未覆盖完整构式。"",""局部槽位可定位，但至少一个必需槽位仅得到弱支持。""]","[""触发线索只出现在标题、编号、术语或元语言说明中。"",""必需槽位缺失，且上下文不能恢复目标结构或目标功能。""]","[""相同表层形式可能实现 介词 中的非目标功能。"",""相邻构式共享触发形式，但槽位关系或语法功能不同。""]","[{""if"":""候选边界不完整或过长"",""then"":""边界问题""},{""if"":""触发存在但必需槽位缺失"",""then"":""结构缺槽""},{""if"":""表层触发仅为元语言或非目标功能"",""then"":""表层触发但非目标""},{""if"":""槽位完整且目标功能成立"",""then"":""目标用例""}]","[""目标用例"",""边界问题"",""表层触发但非目标"",""结构缺槽"",""语义不兼容"",""其他具体构式"",""不确定/需复核""]",machine_instantiated_source_anchored
DTV3-TAX-97C79DA11312,语素/后缀/未列小项,GF0025_full_taxonomy,taxonomy_instantiated,,语素,后缀,未列小项,structural_pattern,source_literal_and_normalized_legacy_regex,"[""morpheme"",""host_form"",""word_boundary""]","[""候选包含与权威条目 【三02】 对齐的可定位触发线索。"",""候选满足模板槽位：morpheme、host_form、word_boundary。"",""候选按 structural_pattern 模式实现 语素 / 后缀 / 未列小项 所规定的语法功能。""]","[""触发线索存在，但候选边界未覆盖完整构式。"",""局部槽位可定位，但至少一个必需槽位仅得到弱支持。""]","[""触发线索只出现在标题、编号、术语或元语言说明中。"",""必需槽位缺失，且上下文不能恢复目标结构或目标功能。""]","[""相同表层形式可能实现 后缀 中的非目标功能。"",""相邻构式共享触发形式，但槽位关系或语法功能不同。""]","[{""if"":""候选边界不完整或过长"",""then"":""边界问题""},{""if"":""触发存在但必需槽位缺失"",""then"":""结构缺槽""},{""if"":""表层触发仅为元语言或非目标功能"",""then"":""表层触发但非目标""},{""if"":""槽位完整且目标功能成立"",""then"":""目标用例""}]","[""目标用例"",""边界问题"",""表层触发但非目标"",""结构缺槽"",""语义不兼容"",""其他具体构式"",""不确定/需复核""]",machine_instantiated_source_anchored
DTV3-TAX-9BBE19E6E943,词类/副词/情态副词,GF0025_full_taxonomy,taxonomy_instantiated,,词类,副词,情态副词,structural_pattern,source_literal_and_normalized_legacy_regex,"[""lexical_form"",""local_context"",""grammatical_function""]","[""候选包含与权威条目 【二19】 对齐的可定位触发线索。"",""候选满足模板槽位：lexical_form、local_context、grammatical_function。"",""候选按 structural_pattern 模式实现 词类 / 副词 / 情态副词 所规定的语法功能。""]","[""触发线索存在，但候选边界未覆盖完整构式。"",""局部槽位可定位，但至少一个必需槽位仅得到弱支持。""]","[""触发线索只出现在标题、编号、术语或元语言说明中。"",""必需槽位缺失，且上下文不能恢复目标结构或目标功能。""]","[""相同表层形式可能实现 副词 中的非目标功能。"",""相邻构式共享触发形式，但槽位关系或语法功能不同。""]","[{""if"":""候选边界不完整或过长"",""then"":""边界问题""},{""if"":""触发存在但必需槽位缺失"",""then"":""结构缺槽""},{""if"":""表层触发仅为元语言或非目标功能"",""then"":""表层触发但非目标""},{""if"":""槽位完整且目标功能成立"",""then"":""目标用例""}]","[""目标用例"",""边界问题"",""表层触发但非目标"",""结构缺槽"",""语义不兼容"",""其他具体构式"",""不确定/需复核""]",machine_instantiated_source_anchored
DTV3-TAX-9FAD0B023CAE,词类/副词/程度副词,GF0025_full_taxonomy,taxonomy_instantiated,,词类,副词,程度副词,structural_pattern,source_literal_and_normalized_legacy_regex,"[""lexical_form"",""local_context"",""grammatical_function""]","[""候选包含与权威条目 【一09】 对齐的可定位触发线索。"",""候选满足模板槽位：lexical_form、local_context、grammatical_function。"",""候选按 structural_pattern 模式实现 词类 / 副词 / 程度副词 所规定的语法功能。""]","[""触发线索存在，但候选边界未覆盖完整构式。"",""局部槽位可定位，但至少一个必需槽位仅得到弱支持。""]","[""触发线索只出现在标题、编号、术语或元语言说明中。"",""必需槽位缺失，且上下文不能恢复目标结构或目标功能。""]","[""相同表层形式可能实现 副词 中的非目标功能。"",""相邻构式共享触发形式，但槽位关系或语法功能不同。""]","[{""if"":""候选边界不完整或过长"",""then"":""边界问题""},{""if"":""触发存在但必需槽位缺失"",""then"":""结构缺槽""},{""if"":""表层触发仅为元语言或非目标功能"",""then"":""表层触发但非目标""},{""if"":""槽位完整且目标功能成立"",""then"":""目标用例""}]","[""目标用例"",""边界问题"",""表层触发但非目标"",""结构缺槽"",""语义不兼容"",""其他具体构式"",""不确定/需复核""]",machine_instantiated_source_anchored
DTV3-TAX-A3D548257754,句群/形式分类/带省略成分,GF0025_full_taxonomy,taxonomy_instantiated,,句群,形式分类,带省略成分,complex_functional,source_literal_and_normalized_legacy_regex,"[""trigger"",""local_context"",""construction_boundary""]","[""候选包含与权威条目 【五71】 对齐的可定位触发线索。"",""候选满足模板槽位：trigger、local_context、construction_boundary。"",""候选按 complex_functional 模式实现 句群 / 形式分类 / 带省略成分 所规定的语法功能。""]","[""触发线索存在，但候选边界未覆盖完整构式。"",""局部槽位可定位，但至少一个必需槽位仅得到弱支持。""]","[""触发线索只出现在标题、编号、术语或元语言说明中。"",""必需槽位缺失，且上下文不能恢复目标结构或目标功能。""]","[""相同表层形式可能实现 形式分类 中的非目标功能。"",""相邻构式共享触发形式，但槽位关系或语法功能不同。""]","[{""if"":""候选边界不完整或过长"",""then"":""边界问题""},{""if"":""触发存在但必需槽位缺失"",""then"":""结构缺槽""},{""if"":""表层触发仅为元语言或非目标功能"",""then"":""表层触发但非目标""},{""if"":""槽位完整且目标功能成立"",""then"":""目标用例""}]","[""目标用例"",""边界问题"",""表层触发但非目标"",""结构缺槽"",""语义不兼容"",""其他具体构式"",""不确定/需复核""]",machine_instantiated_source_anchored
DTV3-TAX-A44299343DC2,特殊表达法/时间表示法/未列小项,GF0025_full_taxonomy,taxonomy_instantiated,,特殊表达法,时间表示法,未列小项,complex_functional,source_literal_and_normalized_legacy_regex,"[""trigger"",""local_context"",""construction_boundary""]","[""候选包含与权威条目 【一44】 对齐的可定位触发线索。"",""候选满足模板槽位：trigger、local_context、construction_boundary。"",""候选按 complex_functional 模式实现 特殊表达法 / 时间表示法 / 未列小项 所规定的语法功能。""]","[""触发线索存在，但候选边界未覆盖完整构式。"",""局部槽位可定位，但至少一个必需槽位仅得到弱支持。""]","[""触发线索只出现在标题、编号、术语或元语言说明中。"",""必需槽位缺失，且上下文不能恢复目标结构或目标功能。""]","[""相同表层形式可能实现 时间表示法 中的非目标功能。"",""相邻构式共享触发形式，但槽位关系或语法功能不同。""]","[{""if"":""候选边界不完整或过长"",""then"":""边界问题""},{""if"":""触发存在但必需槽位缺失"",""then"":""结构缺槽""},{""if"":""表层触发仅为元语言或非目标功能"",""then"":""表层触发但非目标""},{""if"":""槽位完整且目标功能成立"",""then"":""目标用例""}]","[""目标用例"",""边界问题"",""表层触发但非目标"",""结构缺槽"",""语义不兼容"",""其他具体构式"",""不确定/需复核""]",machine_instantiated_source_anchored
DTV3-TAX-A5230521300C,句子的类型/复句/并列复句,GF0025_full_taxonomy,taxonomy_instantiated,,句子的类型,复句,并列复句,structural_pattern,source_literal_and_normalized_legacy_regex,"[""clause_1"",""relation_marker"",""clause_2"",""logical_relation""]","[""候选包含与权威条目 【一39】 对齐的可定位触发线索。"",""候选满足模板槽位：clause_1、relation_marker、clause_2、logical_relation。"",""候选按 structural_pattern 模式实现 句子的类型 / 复句 / 并列复句 所规定的语法功能。""]","[""触发线索存在，但候选边界未覆盖完整构式。"",""局部槽位可定位，但至少一个必需槽位仅得到弱支持。""]","[""触发线索只出现在标题、编号、术语或元语言说明中。"",""必需槽位缺失，且上下文不能恢复目标结构或目标功能。""]","[""相同表层形式可能实现 复句 中的非目标功能。"",""相邻构式共享触发形式，但槽位关系或语法功能不同。""]","[{""if"":""候选边界不完整或过长"",""then"":""边界问题""},{""if"":""触发存在但必需槽位缺失"",""then"":""结构缺槽""},{""if"":""表层触发仅为元语言或非目标功能"",""then"":""表层触发但非目标""},{""if"":""槽位完整且目标功能成立"",""then"":""目标用例""}]","[""目标用例"",""边界问题"",""表层触发但非目标"",""结构缺槽"",""语义不兼容"",""其他具体构式"",""不确定/需复核""]",machine_instantiated_source_anchored
DTV3-TAX-A5F02C447E10,句子成分/主语/未列小项,GF0025_full_taxonomy,taxonomy_instantiated,,句子成分,主语,未列小项,complex_functional,source_literal_and_normalized_legacy_regex,"[""candidate_expression"",""governing_predicate"",""syntactic_role""]","[""候选包含与权威条目 【一24】 对齐的可定位触发线索。"",""候选满足模板槽位：candidate_expression、governing_predicate、syntactic_role。"",""候选按 complex_functional 模式实现 句子成分 / 主语 / 未列小项 所规定的语法功能。""]","[""触发线索存在，但候选边界未覆盖完整构式。"",""局部槽位可定位，但至少一个必需槽位仅得到弱支持。""]","[""触发线索只出现在标题、编号、术语或元语言说明中。"",""必需槽位缺失，且上下文不能恢复目标结构或目标功能。""]","[""相同表层形式可能实现 主语 中的非目标功能。"",""相邻构式共享触发形式，但槽位关系或语法功能不同。""]","[{""if"":""候选边界不完整或过长"",""then"":""边界问题""},{""if"":""触发存在但必需槽位缺失"",""then"":""结构缺槽""},{""if"":""表层触发仅为元语言或非目标功能"",""then"":""表层触发但非目标""},{""if"":""槽位完整且目标功能成立"",""then"":""目标用例""}]","[""目标用例"",""边界问题"",""表层触发但非目标"",""结构缺槽"",""语义不兼容"",""其他具体构式"",""不确定/需复核""]",machine_instantiated_source_anchored
DTV3-TAX-A8DEA45A511A,词类/副词/时间副词,GF0025_full_taxonomy,taxonomy_instantiated,,词类,副词,时间副词,complex_functional,source_literal_and_normalized_legacy_regex,"[""lexical_form"",""local_context"",""grammatical_function""]","[""候选包含与权威条目 【一11】 对齐的可定位触发线索。"",""候选满足模板槽位：lexical_form、local_context、grammatical_function。"",""候选按 complex_functional 模式实现 词类 / 副词 / 时间副词 所规定的语法功能。""]","[""触发线索存在，但候选边界未覆盖完整构式。"",""局部槽位可定位，但至少一个必需槽位仅得到弱支持。""]","[""触发线索只出现在标题、编号、术语或元语言说明中。"",""必需槽位缺失，且上下文不能恢复目标结构或目标功能。""]","[""相同表层形式可能实现 副词 中的非目标功能。"",""相邻构式共享触发形式，但槽位关系或语法功能不同。""]","[{""if"":""候选边界不完整或过长"",""then"":""边界问题""},{""if"":""触发存在但必需槽位缺失"",""then"":""结构缺槽""},{""if"":""表层触发仅为元语言或非目标功能"",""then"":""表层触发但非目标""},{""if"":""槽位完整且目标功能成立"",""then"":""目标用例""}]","[""目标用例"",""边界问题"",""表层触发但非目标"",""结构缺槽"",""语义不兼容"",""其他具体构式"",""不确定/需复核""]",machine_instantiated_source_anchored
DTV3-TAX-AA3655E9E3EB,词类/量词/名量词,GF0025_full_taxonomy,taxonomy_instantiated,,词类,量词,名量词,structural_pattern,source_literal_and_normalized_legacy_regex,"[""lexical_form"",""local_context"",""grammatical_function""]","[""候选包含与权威条目 【一08】 对齐的可定位触发线索。"",""候选满足模板槽位：lexical_form、local_context、grammatical_function。"",""候选按 structural_pattern 模式实现 词类 / 量词 / 名量词 所规定的语法功能。""]","[""触发线索存在，但候选边界未覆盖完整构式。"",""局部槽位可定位，但至少一个必需槽位仅得到弱支持。""]","[""触发线索只出现在标题、编号、术语或元语言说明中。"",""必需槽位缺失，且上下文不能恢复目标结构或目标功能。""]","[""相同表层形式可能实现 量词 中的非目标功能。"",""相邻构式共享触发形式，但槽位关系或语法功能不同。""]","[{""if"":""候选边界不完整或过长"",""then"":""边界问题""},{""if"":""触发存在但必需槽位缺失"",""then"":""结构缺槽""},{""if"":""表层触发仅为元语言或非目标功能"",""then"":""表层触发但非目标""},{""if"":""槽位完整且目标功能成立"",""then"":""目标用例""}]","[""目标用例"",""边界问题"",""表层触发但非目标"",""结构缺槽"",""语义不兼容"",""其他具体构式"",""不确定/需复核""]",machine_instantiated_source_anchored
DTV3-TAX-AA3C3E796FB2,句子的类型/复句/解说复句,GF0025_full_taxonomy,taxonomy_instantiated,,句子的类型,复句,解说复句,structural_pattern,source_literal_and_normalized_legacy_regex,"[""clause_1"",""relation_marker"",""clause_2"",""logical_relation""]","[""候选包含与权威条目 【七—九70】 对齐的可定位触发线索。"",""候选满足模板槽位：clause_1、relation_marker、clause_2、logical_relation。"",""候选按 structural_pattern 模式实现 句子的类型 / 复句 / 解说复句 所规定的语法功能。""]","[""触发线索存在，但候选边界未覆盖完整构式。"",""局部槽位可定位，但至少一个必需槽位仅得到弱支持。""]","[""触发线索只出现在标题、编号、术语或元语言说明中。"",""必需槽位缺失，且上下文不能恢复目标结构或目标功能。""]","[""相同表层形式可能实现 复句 中的非目标功能。"",""相邻构式共享触发形式，但槽位关系或语法功能不同。""]","[{""if"":""候选边界不完整或过长"",""then"":""边界问题""},{""if"":""触发存在但必需槽位缺失"",""then"":""结构缺槽""},{""if"":""表层触发仅为元语言或非目标功能"",""then"":""表层触发但非目标""},{""if"":""槽位完整且目标功能成立"",""then"":""目标用例""}]","[""目标用例"",""边界问题"",""表层触发但非目标"",""结构缺槽"",""语义不兼容"",""其他具体构式"",""不确定/需复核""]",machine_instantiated_source_anchored
DTV3-TAX-AA489E6A94FB,句群/意义分类/未列小项,GF0025_full_taxonomy,taxonomy_instantiated,,句群,意义分类,未列小项,complex_functional,source_literal_and_normalized_legacy_regex,"[""trigger"",""local_context"",""construction_boundary""]","[""候选包含与权威条目 【七—九92】 对齐的可定位触发线索。"",""候选满足模板槽位：trigger、local_context、construction_boundary。"",""候选按 complex_functional 模式实现 句群 / 意义分类 / 未列小项 所规定的语法功能。""]","[""触发线索存在，但候选边界未覆盖完整构式。"",""局部槽位可定位，但至少一个必需槽位仅得到弱支持。""]","[""触发线索只出现在标题、编号、术语或元语言说明中。"",""必需槽位缺失，且上下文不能恢复目标结构或目标功能。""]","[""相同表层形式可能实现 意义分类 中的非目标功能。"",""相邻构式共享触发形式，但槽位关系或语法功能不同。""]","[{""if"":""候选边界不完整或过长"",""then"":""边界问题""},{""if"":""触发存在但必需槽位缺失"",""then"":""结构缺槽""},{""if"":""表层触发仅为元语言或非目标功能"",""then"":""表层触发但非目标""},{""if"":""槽位完整且目标功能成立"",""then"":""目标用例""}]","[""目标用例"",""边界问题"",""表层触发但非目标"",""结构缺槽"",""语义不兼容"",""其他具体构式"",""不确定/需复核""]",machine_instantiated_source_anchored
DTV3-TAX-AC9DFAD69E1A,短语/结构类型/其他结构类型,GF0025_full_taxonomy,taxonomy_instantiated,,短语,结构类型,其他结构类型,structural_pattern,source_literal_and_normalized_legacy_regex,"[""phrase_head"",""dependent_or_argument"",""phrase_boundary""]","[""候选包含与权威条目 【一23】 对齐的可定位触发线索。"",""候选满足模板槽位：phrase_head、dependent_or_argument、phrase_boundary。"",""候选按 structural_pattern 模式实现 短语 / 结构类型 / 其他结构类型 所规定的语法功能。""]","[""触发线索存在，但候选边界未覆盖完整构式。"",""局部槽位可定位，但至少一个必需槽位仅得到弱支持。""]","[""触发线索只出现在标题、编号、术语或元语言说明中。"",""必需槽位缺失，且上下文不能恢复目标结构或目标功能。""]","[""相同表层形式可能实现 结构类型 中的非目标功能。"",""相邻构式共享触发形式，但槽位关系或语法功能不同。""]","[{""if"":""候选边界不完整或过长"",""then"":""边界问题""},{""if"":""触发存在但必需槽位缺失"",""then"":""结构缺槽""},{""if"":""表层触发仅为元语言或非目标功能"",""then"":""表层触发但非目标""},{""if"":""槽位完整且目标功能成立"",""then"":""目标用例""}]","[""目标用例"",""边界问题"",""表层触发但非目标"",""结构缺槽"",""语义不兼容"",""其他具体构式"",""不确定/需复核""]",machine_instantiated_source_anchored
DTV3-TAX-AD89E45C5965,句子的类型/复句/转折复句,GF0025_full_taxonomy,taxonomy_instantiated,,句子的类型,复句,转折复句,structural_pattern,source_literal_and_normalized_legacy_regex,"[""clause_1"",""relation_marker"",""clause_2"",""logical_relation""]","[""候选包含与权威条目 【二65】 对齐的可定位触发线索。"",""候选满足模板槽位：clause_1、relation_marker、clause_2、logical_relation。"",""候选按 structural_pattern 模式实现 句子的类型 / 复句 / 转折复句 所规定的语法功能。""]","[""触发线索存在，但候选边界未覆盖完整构式。"",""局部槽位可定位，但至少一个必需槽位仅得到弱支持。""]","[""触发线索只出现在标题、编号、术语或元语言说明中。"",""必需槽位缺失，且上下文不能恢复目标结构或目标功能。""]","[""相同表层形式可能实现 复句 中的非目标功能。"",""相邻构式共享触发形式，但槽位关系或语法功能不同。""]","[{""if"":""候选边界不完整或过长"",""then"":""边界问题""},{""if"":""触发存在但必需槽位缺失"",""then"":""结构缺槽""},{""if"":""表层触发仅为元语言或非目标功能"",""then"":""表层触发但非目标""},{""if"":""槽位完整且目标功能成立"",""then"":""目标用例""}]","[""目标用例"",""边界问题"",""表层触发但非目标"",""结构缺槽"",""语义不兼容"",""其他具体构式"",""不确定/需复核""]",machine_instantiated_source_anchored
DTV3-TAX-AF5CB707E947,词类/介词/引出凭借、依据,GF0025_full_taxonomy,taxonomy_instantiated,,词类,介词,引出凭借、依据,structural_pattern,source_literal_and_normalized_legacy_regex,"[""lexical_form"",""local_context"",""grammatical_function""]","[""候选包含与权威条目 【三29】 对齐的可定位触发线索。"",""候选满足模板槽位：lexical_form、local_context、grammatical_function。"",""候选按 structural_pattern 模式实现 词类 / 介词 / 引出凭借、依据 所规定的语法功能。""]","[""触发线索存在，但候选边界未覆盖完整构式。"",""局部槽位可定位，但至少一个必需槽位仅得到弱支持。""]","[""触发线索只出现在标题、编号、术语或元语言说明中。"",""必需槽位缺失，且上下文不能恢复目标结构或目标功能。""]","[""相同表层形式可能实现 介词 中的非目标功能。"",""相邻构式共享触发形式，但槽位关系或语法功能不同。""]","[{""if"":""候选边界不完整或过长"",""then"":""边界问题""},{""if"":""触发存在但必需槽位缺失"",""then"":""结构缺槽""},{""if"":""表层触发仅为元语言或非目标功能"",""then"":""表层触发但非目标""},{""if"":""槽位完整且目标功能成立"",""then"":""目标用例""}]","[""目标用例"",""边界问题"",""表层触发但非目标"",""结构缺槽"",""语义不兼容"",""其他具体构式"",""不确定/需复核""]",machine_instantiated_source_anchored
DTV3-TAX-B093B478BA72,词类/代词/人称代词,GF0025_full_taxonomy,taxonomy_instantiated,,词类,代词,人称代词,structural_pattern,source_literal_and_normalized_legacy_regex,"[""lexical_form"",""local_context"",""grammatical_function""]","[""候选包含与权威条目 【一05】 对齐的可定位触发线索。"",""候选满足模板槽位：lexical_form、local_context、grammatical_function。"",""候选按 structural_pattern 模式实现 词类 / 代词 / 人称代词 所规定的语法功能。""]","[""触发线索存在，但候选边界未覆盖完整构式。"",""局部槽位可定位，但至少一个必需槽位仅得到弱支持。""]","[""触发线索只出现在标题、编号、术语或元语言说明中。"",""必需槽位缺失，且上下文不能恢复目标结构或目标功能。""]","[""相同表层形式可能实现 代词 中的非目标功能。"",""相邻构式共享触发形式，但槽位关系或语法功能不同。""]","[{""if"":""候选边界不完整或过长"",""then"":""边界问题""},{""if"":""触发存在但必需槽位缺失"",""then"":""结构缺槽""},{""if"":""表层触发仅为元语言或非目标功能"",""then"":""表层触发但非目标""},{""if"":""槽位完整且目标功能成立"",""then"":""目标用例""}]","[""目标用例"",""边界问题"",""表层触发但非目标"",""结构缺槽"",""语义不兼容"",""其他具体构式"",""不确定/需复核""]",machine_instantiated_source_anchored
DTV3-TAX-BA0BD71EAED0,句群/形式分类/带关联词语,GF0025_full_taxonomy,taxonomy_instantiated,,句群,形式分类,带关联词语,structural_pattern,source_literal_and_normalized_legacy_regex,"[""trigger"",""local_context"",""construction_boundary""]","[""候选包含与权威条目 【七—九90】 对齐的可定位触发线索。"",""候选满足模板槽位：trigger、local_context、construction_boundary。"",""候选按 structural_pattern 模式实现 句群 / 形式分类 / 带关联词语 所规定的语法功能。""]","[""触发线索存在，但候选边界未覆盖完整构式。"",""局部槽位可定位，但至少一个必需槽位仅得到弱支持。""]","[""触发线索只出现在标题、编号、术语或元语言说明中。"",""必需槽位缺失，且上下文不能恢复目标结构或目标功能。""]","[""相同表层形式可能实现 形式分类 中的非目标功能。"",""相邻构式共享触发形式，但槽位关系或语法功能不同。""]","[{""if"":""候选边界不完整或过长"",""then"":""边界问题""},{""if"":""触发存在但必需槽位缺失"",""then"":""结构缺槽""},{""if"":""表层触发仅为元语言或非目标功能"",""then"":""表层触发但非目标""},{""if"":""槽位完整且目标功能成立"",""then"":""目标用例""}]","[""目标用例"",""边界问题"",""表层触发但非目标"",""结构缺槽"",""语义不兼容"",""其他具体构式"",""不确定/需复核""]",machine_instantiated_source_anchored
DTV3-TAX-BC02F0262E7C,动作的态/动作的态/完成态,GF0025_full_taxonomy,taxonomy_instantiated,,动作的态,动作的态,完成态,complex_functional,source_literal_and_normalized_legacy_regex,"[""predicate"",""aspect_marker"",""event_state""]","[""候选包含与权威条目 【一41】 对齐的可定位触发线索。"",""候选满足模板槽位：predicate、aspect_marker、event_state。"",""候选按 complex_functional 模式实现 动作的态 / 动作的态 / 完成态 所规定的语法功能。""]","[""触发线索存在，但候选边界未覆盖完整构式。"",""局部槽位可定位，但至少一个必需槽位仅得到弱支持。""]","[""触发线索只出现在标题、编号、术语或元语言说明中。"",""必需槽位缺失，且上下文不能恢复目标结构或目标功能。""]","[""相同表层形式可能实现 动作的态 中的非目标功能。"",""相邻构式共享触发形式，但槽位关系或语法功能不同。""]","[{""if"":""候选边界不完整或过长"",""then"":""边界问题""},{""if"":""触发存在但必需槽位缺失"",""then"":""结构缺槽""},{""if"":""表层触发仅为元语言或非目标功能"",""then"":""表层触发但非目标""},{""if"":""槽位完整且目标功能成立"",""then"":""目标用例""}]","[""目标用例"",""边界问题"",""表层触发但非目标"",""结构缺槽"",""语义不兼容"",""其他具体构式"",""不确定/需复核""]",machine_instantiated_source_anchored
DTV3-TAX-BCDDAF4C5A0A,短语/功能类型/未列小项,GF0025_full_taxonomy,taxonomy_instantiated,,短语,功能类型,未列小项,complex_functional,source_literal_and_normalized_legacy_regex,"[""phrase_head"",""dependent_or_argument"",""phrase_boundary""]","[""候选包含与权威条目 【二39】 对齐的可定位触发线索。"",""候选满足模板槽位：phrase_head、dependent_or_argument、phrase_boundary。"",""候选按 complex_functional 模式实现 短语 / 功能类型 / 未列小项 所规定的语法功能。""]","[""触发线索存在，但候选边界未覆盖完整构式。"",""局部槽位可定位，但至少一个必需槽位仅得到弱支持。""]","[""触发线索只出现在标题、编号、术语或元语言说明中。"",""必需槽位缺失，且上下文不能恢复目标结构或目标功能。""]","[""相同表层形式可能实现 功能类型 中的非目标功能。"",""相邻构式共享触发形式，但槽位关系或语法功能不同。""]","[{""if"":""候选边界不完整或过长"",""then"":""边界问题""},{""if"":""触发存在但必需槽位缺失"",""then"":""结构缺槽""},{""if"":""表层触发仅为元语言或非目标功能"",""then"":""表层触发但非目标""},{""if"":""槽位完整且目标功能成立"",""then"":""目标用例""}]","[""目标用例"",""边界问题"",""表层触发但非目标"",""结构缺槽"",""语义不兼容"",""其他具体构式"",""不确定/需复核""]",machine_instantiated_source_anchored
DTV3-TAX-C050FBB65597,词类/形容词/形容词重叠,GF0025_full_taxonomy,taxonomy_instantiated,,词类,形容词,形容词重叠,structural_pattern,source_literal_and_normalized_legacy_regex,"[""lexical_form"",""local_context"",""grammatical_function""]","[""候选包含与权威条目 【二08】 对齐的可定位触发线索。"",""候选满足模板槽位：lexical_form、local_context、grammatical_function。"",""候选按 structural_pattern 模式实现 词类 / 形容词 / 形容词重叠 所规定的语法功能。""]","[""触发线索存在，但候选边界未覆盖完整构式。"",""局部槽位可定位，但至少一个必需槽位仅得到弱支持。""]","[""触发线索只出现在标题、编号、术语或元语言说明中。"",""必需槽位缺失，且上下文不能恢复目标结构或目标功能。""]","[""相同表层形式可能实现 形容词 中的非目标功能。"",""相邻构式共享触发形式，但槽位关系或语法功能不同。""]","[{""if"":""候选边界不完整或过长"",""then"":""边界问题""},{""if"":""触发存在但必需槽位缺失"",""then"":""结构缺槽""},{""if"":""表层触发仅为元语言或非目标功能"",""then"":""表层触发但非目标""},{""if"":""槽位完整且目标功能成立"",""then"":""目标用例""}]","[""目标用例"",""边界问题"",""表层触发但非目标"",""结构缺槽"",""语义不兼容"",""其他具体构式"",""不确定/需复核""]",machine_instantiated_source_anchored
DTV3-TAX-C0EF03284441,句子成分/补语/程度补语,GF0025_full_taxonomy,taxonomy_instantiated,,句子成分,补语,程度补语,complex_functional,source_literal_and_normalized_legacy_regex,"[""candidate_expression"",""governing_predicate"",""syntactic_role""]","[""候选包含与权威条目 【五36】 对齐的可定位触发线索。"",""候选满足模板槽位：candidate_expression、governing_predicate、syntactic_role。"",""候选按 complex_functional 模式实现 句子成分 / 补语 / 程度补语 所规定的语法功能。""]","[""触发线索存在，但候选边界未覆盖完整构式。"",""局部槽位可定位，但至少一个必需槽位仅得到弱支持。""]","[""触发线索只出现在标题、编号、术语或元语言说明中。"",""必需槽位缺失，且上下文不能恢复目标结构或目标功能。""]","[""相同表层形式可能实现 补语 中的非目标功能。"",""相邻构式共享触发形式，但槽位关系或语法功能不同。""]","[{""if"":""候选边界不完整或过长"",""then"":""边界问题""},{""if"":""触发存在但必需槽位缺失"",""then"":""结构缺槽""},{""if"":""表层触发仅为元语言或非目标功能"",""then"":""表层触发但非目标""},{""if"":""槽位完整且目标功能成立"",""then"":""目标用例""}]","[""目标用例"",""边界问题"",""表层触发但非目标"",""结构缺槽"",""语义不兼容"",""其他具体构式"",""不确定/需复核""]",machine_instantiated_source_anchored
DTV3-TAX-C71D2E0A75A7,词类/名词/方位名词,GF0025_full_taxonomy,taxonomy_instantiated,,词类,名词,方位名词,complex_functional,source_literal_and_normalized_legacy_regex,"[""lexical_form"",""local_context"",""grammatical_function""]","[""候选包含与权威条目 【一01】 对齐的可定位触发线索。"",""候选满足模板槽位：lexical_form、local_context、grammatical_function。"",""候选按 complex_functional 模式实现 词类 / 名词 / 方位名词 所规定的语法功能。""]","[""触发线索存在，但候选边界未覆盖完整构式。"",""局部槽位可定位，但至少一个必需槽位仅得到弱支持。""]","[""触发线索只出现在标题、编号、术语或元语言说明中。"",""必需槽位缺失，且上下文不能恢复目标结构或目标功能。""]","[""相同表层形式可能实现 名词 中的非目标功能。"",""相邻构式共享触发形式，但槽位关系或语法功能不同。""]","[{""if"":""候选边界不完整或过长"",""then"":""边界问题""},{""if"":""触发存在但必需槽位缺失"",""then"":""结构缺槽""},{""if"":""表层触发仅为元语言或非目标功能"",""then"":""表层触发但非目标""},{""if"":""槽位完整且目标功能成立"",""then"":""目标用例""}]","[""目标用例"",""边界问题"",""表层触发但非目标"",""结构缺槽"",""语义不兼容"",""其他具体构式"",""不确定/需复核""]",machine_instantiated_source_anchored
DTV3-TAX-C90409728D84,词类/副词/频率、重复副词,GF0025_full_taxonomy,taxonomy_instantiated,,词类,副词,频率、重复副词,structural_pattern,source_literal_and_normalized_legacy_regex,"[""lexical_form"",""local_context"",""grammatical_function""]","[""候选包含与权威条目 【一12】 对齐的可定位触发线索。"",""候选满足模板槽位：lexical_form、local_context、grammatical_function。"",""候选按 structural_pattern 模式实现 词类 / 副词 / 频率、重复副词 所规定的语法功能。""]","[""触发线索存在，但候选边界未覆盖完整构式。"",""局部槽位可定位，但至少一个必需槽位仅得到弱支持。""]","[""触发线索只出现在标题、编号、术语或元语言说明中。"",""必需槽位缺失，且上下文不能恢复目标结构或目标功能。""]","[""相同表层形式可能实现 副词 中的非目标功能。"",""相邻构式共享触发形式，但槽位关系或语法功能不同。""]","[{""if"":""候选边界不完整或过长"",""then"":""边界问题""},{""if"":""触发存在但必需槽位缺失"",""then"":""结构缺槽""},{""if"":""表层触发仅为元语言或非目标功能"",""then"":""表层触发但非目标""},{""if"":""槽位完整且目标功能成立"",""then"":""目标用例""}]","[""目标用例"",""边界问题"",""表层触发但非目标"",""结构缺槽"",""语义不兼容"",""其他具体构式"",""不确定/需复核""]",machine_instantiated_source_anchored
DTV3-TAX-CC7D17721DA3,词类/副词/关联副词,GF0025_full_taxonomy,taxonomy_instantiated,,词类,副词,关联副词,structural_pattern,source_literal_and_normalized_legacy_regex,"[""lexical_form"",""local_context"",""grammatical_function""]","[""候选包含与权威条目 【一13】 对齐的可定位触发线索。"",""候选满足模板槽位：lexical_form、local_context、grammatical_function。"",""候选按 structural_pattern 模式实现 词类 / 副词 / 关联副词 所规定的语法功能。""]","[""触发线索存在，但候选边界未覆盖完整构式。"",""局部槽位可定位，但至少一个必需槽位仅得到弱支持。""]","[""触发线索只出现在标题、编号、术语或元语言说明中。"",""必需槽位缺失，且上下文不能恢复目标结构或目标功能。""]","[""相同表层形式可能实现 副词 中的非目标功能。"",""相邻构式共享触发形式，但槽位关系或语法功能不同。""]","[{""if"":""候选边界不完整或过长"",""then"":""边界问题""},{""if"":""触发存在但必需槽位缺失"",""then"":""结构缺槽""},{""if"":""表层触发仅为元语言或非目标功能"",""then"":""表层触发但非目标""},{""if"":""槽位完整且目标功能成立"",""then"":""目标用例""}]","[""目标用例"",""边界问题"",""表层触发但非目标"",""结构缺槽"",""语义不兼容"",""其他具体构式"",""不确定/需复核""]",machine_instantiated_source_anchored
DTV3-TAX-CCEFFBAABCC2,语素/前缀/未列小项,GF0025_full_taxonomy,taxonomy_instantiated,,语素,前缀,未列小项,structural_pattern,source_literal_and_normalized_legacy_regex,"[""morpheme"",""host_form"",""word_boundary""]","[""候选包含与权威条目 【三01】 对齐的可定位触发线索。"",""候选满足模板槽位：morpheme、host_form、word_boundary。"",""候选按 structural_pattern 模式实现 语素 / 前缀 / 未列小项 所规定的语法功能。""]","[""触发线索存在，但候选边界未覆盖完整构式。"",""局部槽位可定位，但至少一个必需槽位仅得到弱支持。""]","[""触发线索只出现在标题、编号、术语或元语言说明中。"",""必需槽位缺失，且上下文不能恢复目标结构或目标功能。""]","[""相同表层形式可能实现 前缀 中的非目标功能。"",""相邻构式共享触发形式，但槽位关系或语法功能不同。""]","[{""if"":""候选边界不完整或过长"",""then"":""边界问题""},{""if"":""触发存在但必需槽位缺失"",""then"":""结构缺槽""},{""if"":""表层触发仅为元语言或非目标功能"",""then"":""表层触发但非目标""},{""if"":""槽位完整且目标功能成立"",""then"":""目标用例""}]","[""目标用例"",""边界问题"",""表层触发但非目标"",""结构缺槽"",""语义不兼容"",""其他具体构式"",""不确定/需复核""]",machine_instantiated_source_anchored
DTV3-TAX-CE72822A7F69,句子的类型/复句/目的复句,GF0025_full_taxonomy,taxonomy_instantiated,,句子的类型,复句,目的复句,structural_pattern,source_literal_and_normalized_legacy_regex,"[""clause_1"",""relation_marker"",""clause_2"",""logical_relation""]","[""候选包含与权威条目 【三72】 对齐的可定位触发线索。"",""候选满足模板槽位：clause_1、relation_marker、clause_2、logical_relation。"",""候选按 structural_pattern 模式实现 句子的类型 / 复句 / 目的复句 所规定的语法功能。""]","[""触发线索存在，但候选边界未覆盖完整构式。"",""局部槽位可定位，但至少一个必需槽位仅得到弱支持。""]","[""触发线索只出现在标题、编号、术语或元语言说明中。"",""必需槽位缺失，且上下文不能恢复目标结构或目标功能。""]","[""相同表层形式可能实现 复句 中的非目标功能。"",""相邻构式共享触发形式，但槽位关系或语法功能不同。""]","[{""if"":""候选边界不完整或过长"",""then"":""边界问题""},{""if"":""触发存在但必需槽位缺失"",""then"":""结构缺槽""},{""if"":""表层触发仅为元语言或非目标功能"",""then"":""表层触发但非目标""},{""if"":""槽位完整且目标功能成立"",""then"":""目标用例""}]","[""目标用例"",""边界问题"",""表层触发但非目标"",""结构缺槽"",""语义不兼容"",""其他具体构式"",""不确定/需复核""]",machine_instantiated_source_anchored
DTV3-TAX-D1298CFA7770,句子的类型/句类/疑问句,GF0025_full_taxonomy,taxonomy_instantiated,,句子的类型,句类,疑问句,structural_pattern,source_literal_and_normalized_legacy_regex,"[""subject_or_topic"",""predicate"",""construction_marker"",""clause_boundary""]","[""候选包含与权威条目 【一33】 对齐的可定位触发线索。"",""候选满足模板槽位：subject_or_topic、predicate、construction_marker、clause_boundary。"",""候选按 structural_pattern 模式实现 句子的类型 / 句类 / 疑问句 所规定的语法功能。""]","[""触发线索存在，但候选边界未覆盖完整构式。"",""局部槽位可定位，但至少一个必需槽位仅得到弱支持。""]","[""触发线索只出现在标题、编号、术语或元语言说明中。"",""必需槽位缺失，且上下文不能恢复目标结构或目标功能。""]","[""相同表层形式可能实现 句类 中的非目标功能。"",""相邻构式共享触发形式，但槽位关系或语法功能不同。""]","[{""if"":""候选边界不完整或过长"",""then"":""边界问题""},{""if"":""触发存在但必需槽位缺失"",""then"":""结构缺槽""},{""if"":""表层触发仅为元语言或非目标功能"",""then"":""表层触发但非目标""},{""if"":""槽位完整且目标功能成立"",""then"":""目标用例""}]","[""目标用例"",""边界问题"",""表层触发但非目标"",""结构缺槽"",""语义不兼容"",""其他具体构式"",""不确定/需复核""]",machine_instantiated_source_anchored
DTV3-TAX-D2D5548A403A,词类/动词/离合词,GF0025_full_taxonomy,taxonomy_instantiated,,词类,动词,离合词,structural_pattern,source_literal_and_normalized_legacy_regex,"[""lexical_form"",""local_context"",""grammatical_function""]","[""候选包含与权威条目 【三05】 对齐的可定位触发线索。"",""候选满足模板槽位：lexical_form、local_context、grammatical_function。"",""候选按 structural_pattern 模式实现 词类 / 动词 / 离合词 所规定的语法功能。""]","[""触发线索存在，但候选边界未覆盖完整构式。"",""局部槽位可定位，但至少一个必需槽位仅得到弱支持。""]","[""触发线索只出现在标题、编号、术语或元语言说明中。"",""必需槽位缺失，且上下文不能恢复目标结构或目标功能。""]","[""相同表层形式可能实现 动词 中的非目标功能。"",""相邻构式共享触发形式，但槽位关系或语法功能不同。""]","[{""if"":""候选边界不完整或过长"",""then"":""边界问题""},{""if"":""触发存在但必需槽位缺失"",""then"":""结构缺槽""},{""if"":""表层触发仅为元语言或非目标功能"",""then"":""表层触发但非目标""},{""if"":""槽位完整且目标功能成立"",""then"":""目标用例""}]","[""目标用例"",""边界问题"",""表层触发但非目标"",""结构缺槽"",""语义不兼容"",""其他具体构式"",""不确定/需复核""]",machine_instantiated_source_anchored
DTV3-TAX-D2E82690FE45,句子的类型/特殊句型/比较句,GF0025_full_taxonomy,taxonomy_instantiated,,句子的类型,特殊句型,比较句,structural_pattern,source_literal_and_normalized_legacy_regex,"[""subject_or_topic"",""predicate"",""construction_marker"",""clause_boundary""]","[""候选包含与权威条目 【二58】 对齐的可定位触发线索。"",""候选满足模板槽位：subject_or_topic、predicate、construction_marker、clause_boundary。"",""候选按 structural_pattern 模式实现 句子的类型 / 特殊句型 / 比较句 所规定的语法功能。""]","[""触发线索存在，但候选边界未覆盖完整构式。"",""局部槽位可定位，但至少一个必需槽位仅得到弱支持。""]","[""触发线索只出现在标题、编号、术语或元语言说明中。"",""必需槽位缺失，且上下文不能恢复目标结构或目标功能。""]","[""相同表层形式可能实现 特殊句型 中的非目标功能。"",""相邻构式共享触发形式，但槽位关系或语法功能不同。""]","[{""if"":""候选边界不完整或过长"",""then"":""边界问题""},{""if"":""触发存在但必需槽位缺失"",""then"":""结构缺槽""},{""if"":""表层触发仅为元语言或非目标功能"",""then"":""表层触发但非目标""},{""if"":""槽位完整且目标功能成立"",""then"":""目标用例""}]","[""目标用例"",""边界问题"",""表层触发但非目标"",""结构缺槽"",""语义不兼容"",""其他具体构式"",""不确定/需复核""]",machine_instantiated_source_anchored
DTV3-TAX-D7DF1EEF2A21,词类/介词/引出方向、路径,GF0025_full_taxonomy,taxonomy_instantiated,,词类,介词,引出方向、路径,structural_pattern,source_literal_and_normalized_legacy_regex,"[""lexical_form"",""local_context"",""grammatical_function""]","[""候选包含与权威条目 【六14】 对齐的可定位触发线索。"",""候选满足模板槽位：lexical_form、local_context、grammatical_function。"",""候选按 structural_pattern 模式实现 词类 / 介词 / 引出方向、路径 所规定的语法功能。""]","[""触发线索存在，但候选边界未覆盖完整构式。"",""局部槽位可定位，但至少一个必需槽位仅得到弱支持。""]","[""触发线索只出现在标题、编号、术语或元语言说明中。"",""必需槽位缺失，且上下文不能恢复目标结构或目标功能。""]","[""相同表层形式可能实现 介词 中的非目标功能。"",""相邻构式共享触发形式，但槽位关系或语法功能不同。""]","[{""if"":""候选边界不完整或过长"",""then"":""边界问题""},{""if"":""触发存在但必需槽位缺失"",""then"":""结构缺槽""},{""if"":""表层触发仅为元语言或非目标功能"",""then"":""表层触发但非目标""},{""if"":""槽位完整且目标功能成立"",""then"":""目标用例""}]","[""目标用例"",""边界问题"",""表层触发但非目标"",""结构缺槽"",""语义不兼容"",""其他具体构式"",""不确定/需复核""]",machine_instantiated_source_anchored
DTV3-TAX-DFC884C9C86A,动作的态/动作的态/进行态,GF0025_full_taxonomy,taxonomy_instantiated,,动作的态,动作的态,进行态,structural_pattern,source_literal_and_normalized_legacy_regex,"[""predicate"",""aspect_marker"",""event_state""]","[""候选包含与权威条目 【一42】 对齐的可定位触发线索。"",""候选满足模板槽位：predicate、aspect_marker、event_state。"",""候选按 structural_pattern 模式实现 动作的态 / 动作的态 / 进行态 所规定的语法功能。""]","[""触发线索存在，但候选边界未覆盖完整构式。"",""局部槽位可定位，但至少一个必需槽位仅得到弱支持。""]","[""触发线索只出现在标题、编号、术语或元语言说明中。"",""必需槽位缺失，且上下文不能恢复目标结构或目标功能。""]","[""相同表层形式可能实现 动作的态 中的非目标功能。"",""相邻构式共享触发形式，但槽位关系或语法功能不同。""]","[{""if"":""候选边界不完整或过长"",""then"":""边界问题""},{""if"":""触发存在但必需槽位缺失"",""then"":""结构缺槽""},{""if"":""表层触发仅为元语言或非目标功能"",""then"":""表层触发但非目标""},{""if"":""槽位完整且目标功能成立"",""then"":""目标用例""}]","[""目标用例"",""边界问题"",""表层触发但非目标"",""结构缺槽"",""语义不兼容"",""其他具体构式"",""不确定/需复核""]",machine_instantiated_source_anchored
DTV3-TAX-E09F518D0AB1,词类/动词/动词重叠,GF0025_full_taxonomy,taxonomy_instantiated,,词类,动词,动词重叠,structural_pattern,source_literal_and_normalized_legacy_regex,"[""lexical_form"",""local_context"",""grammatical_function""]","[""候选包含与权威条目 【二04】 对齐的可定位触发线索。"",""候选满足模板槽位：lexical_form、local_context、grammatical_function。"",""候选按 structural_pattern 模式实现 词类 / 动词 / 动词重叠 所规定的语法功能。""]","[""触发线索存在，但候选边界未覆盖完整构式。"",""局部槽位可定位，但至少一个必需槽位仅得到弱支持。""]","[""触发线索只出现在标题、编号、术语或元语言说明中。"",""必需槽位缺失，且上下文不能恢复目标结构或目标功能。""]","[""相同表层形式可能实现 动词 中的非目标功能。"",""相邻构式共享触发形式，但槽位关系或语法功能不同。""]","[{""if"":""候选边界不完整或过长"",""then"":""边界问题""},{""if"":""触发存在但必需槽位缺失"",""then"":""结构缺槽""},{""if"":""表层触发仅为元语言或非目标功能"",""then"":""表层触发但非目标""},{""if"":""槽位完整且目标功能成立"",""then"":""目标用例""}]","[""目标用例"",""边界问题"",""表层触发但非目标"",""结构缺槽"",""语义不兼容"",""其他具体构式"",""不确定/需复核""]",machine_instantiated_source_anchored
DTV3-TAX-E3F2045A4AA0,句子的类型/特殊句型/“有”字句,GF0025_full_taxonomy,taxonomy_instantiated,,句子的类型,特殊句型,“有”字句,complex_functional,source_literal_and_normalized_legacy_regex,"[""subject_or_topic"",""predicate"",""construction_marker"",""clause_boundary""]","[""候选包含与权威条目 【一37】 对齐的可定位触发线索。"",""候选满足模板槽位：subject_or_topic、predicate、construction_marker、clause_boundary。"",""候选按 complex_functional 模式实现 句子的类型 / 特殊句型 / “有”字句 所规定的语法功能。""]","[""触发线索存在，但候选边界未覆盖完整构式。"",""局部槽位可定位，但至少一个必需槽位仅得到弱支持。""]","[""触发线索只出现在标题、编号、术语或元语言说明中。"",""必需槽位缺失，且上下文不能恢复目标结构或目标功能。""]","[""相同表层形式可能实现 特殊句型 中的非目标功能。"",""相邻构式共享触发形式，但槽位关系或语法功能不同。""]","[{""if"":""候选边界不完整或过长"",""then"":""边界问题""},{""if"":""触发存在但必需槽位缺失"",""then"":""结构缺槽""},{""if"":""表层触发仅为元语言或非目标功能"",""then"":""表层触发但非目标""},{""if"":""槽位完整且目标功能成立"",""then"":""目标用例""}]","[""目标用例"",""边界问题"",""表层触发但非目标"",""结构缺槽"",""语义不兼容"",""其他具体构式"",""不确定/需复核""]",machine_instantiated_source_anchored
DTV3-TAX-E45313FFF62B,词类/拟声词/未列小项,GF0025_full_taxonomy,taxonomy_instantiated,,词类,拟声词,未列小项,structural_pattern,source_literal_and_normalized_legacy_regex,"[""lexical_form"",""local_context"",""grammatical_function""]","[""候选包含与权威条目 【三31】 对齐的可定位触发线索。"",""候选满足模板槽位：lexical_form、local_context、grammatical_function。"",""候选按 structural_pattern 模式实现 词类 / 拟声词 / 未列小项 所规定的语法功能。""]","[""触发线索存在，但候选边界未覆盖完整构式。"",""局部槽位可定位，但至少一个必需槽位仅得到弱支持。""]","[""触发线索只出现在标题、编号、术语或元语言说明中。"",""必需槽位缺失，且上下文不能恢复目标结构或目标功能。""]","[""相同表层形式可能实现 拟声词 中的非目标功能。"",""相邻构式共享触发形式，但槽位关系或语法功能不同。""]","[{""if"":""候选边界不完整或过长"",""then"":""边界问题""},{""if"":""触发存在但必需槽位缺失"",""then"":""结构缺槽""},{""if"":""表层触发仅为元语言或非目标功能"",""then"":""表层触发但非目标""},{""if"":""槽位完整且目标功能成立"",""then"":""目标用例""}]","[""目标用例"",""边界问题"",""表层触发但非目标"",""结构缺槽"",""语义不兼容"",""其他具体构式"",""不确定/需复核""]",machine_instantiated_source_anchored
DTV3-TAX-E770A1142994,句子的类型/复句/让步复句,GF0025_full_taxonomy,taxonomy_instantiated,,句子的类型,复句,让步复句,structural_pattern,source_literal_and_normalized_legacy_regex,"[""clause_1"",""relation_marker"",""clause_2"",""logical_relation""]","[""候选包含与权威条目 【四57】 对齐的可定位触发线索。"",""候选满足模板槽位：clause_1、relation_marker、clause_2、logical_relation。"",""候选按 structural_pattern 模式实现 句子的类型 / 复句 / 让步复句 所规定的语法功能。""]","[""触发线索存在，但候选边界未覆盖完整构式。"",""局部槽位可定位，但至少一个必需槽位仅得到弱支持。""]","[""触发线索只出现在标题、编号、术语或元语言说明中。"",""必需槽位缺失，且上下文不能恢复目标结构或目标功能。""]","[""相同表层形式可能实现 复句 中的非目标功能。"",""相邻构式共享触发形式，但槽位关系或语法功能不同。""]","[{""if"":""候选边界不完整或过长"",""then"":""边界问题""},{""if"":""触发存在但必需槽位缺失"",""then"":""结构缺槽""},{""if"":""表层触发仅为元语言或非目标功能"",""then"":""表层触发但非目标""},{""if"":""槽位完整且目标功能成立"",""then"":""目标用例""}]","[""目标用例"",""边界问题"",""表层触发但非目标"",""结构缺槽"",""语义不兼容"",""其他具体构式"",""不确定/需复核""]",machine_instantiated_source_anchored
DTV3-TAX-E96770519FFC,句子的类型/复句/多重复句,GF0025_full_taxonomy,taxonomy_instantiated,,句子的类型,复句,多重复句,structural_pattern,source_literal_and_normalized_legacy_regex,"[""clause_1"",""relation_marker"",""clause_2"",""logical_relation""]","[""候选包含与权威条目 【五56】 对齐的可定位触发线索。"",""候选满足模板槽位：clause_1、relation_marker、clause_2、logical_relation。"",""候选按 structural_pattern 模式实现 句子的类型 / 复句 / 多重复句 所规定的语法功能。""]","[""触发线索存在，但候选边界未覆盖完整构式。"",""局部槽位可定位，但至少一个必需槽位仅得到弱支持。""]","[""触发线索只出现在标题、编号、术语或元语言说明中。"",""必需槽位缺失，且上下文不能恢复目标结构或目标功能。""]","[""相同表层形式可能实现 复句 中的非目标功能。"",""相邻构式共享触发形式，但槽位关系或语法功能不同。""]","[{""if"":""候选边界不完整或过长"",""then"":""边界问题""},{""if"":""触发存在但必需槽位缺失"",""then"":""结构缺槽""},{""if"":""表层触发仅为元语言或非目标功能"",""then"":""表层触发但非目标""},{""if"":""槽位完整且目标功能成立"",""then"":""目标用例""}]","[""目标用例"",""边界问题"",""表层触发但非目标"",""结构缺槽"",""语义不兼容"",""其他具体构式"",""不确定/需复核""]",machine_instantiated_source_anchored
DTV3-TAX-F195974A2CD0,句子的类型/复句/递进复句,GF0025_full_taxonomy,taxonomy_instantiated,,句子的类型,复句,递进复句,structural_pattern,source_literal_and_normalized_legacy_regex,"[""clause_1"",""relation_marker"",""clause_2"",""logical_relation""]","[""候选包含与权威条目 【二63】 对齐的可定位触发线索。"",""候选满足模板槽位：clause_1、relation_marker、clause_2、logical_relation。"",""候选按 structural_pattern 模式实现 句子的类型 / 复句 / 递进复句 所规定的语法功能。""]","[""触发线索存在，但候选边界未覆盖完整构式。"",""局部槽位可定位，但至少一个必需槽位仅得到弱支持。""]","[""触发线索只出现在标题、编号、术语或元语言说明中。"",""必需槽位缺失，且上下文不能恢复目标结构或目标功能。""]","[""相同表层形式可能实现 复句 中的非目标功能。"",""相邻构式共享触发形式，但槽位关系或语法功能不同。""]","[{""if"":""候选边界不完整或过长"",""then"":""边界问题""},{""if"":""触发存在但必需槽位缺失"",""then"":""结构缺槽""},{""if"":""表层触发仅为元语言或非目标功能"",""then"":""表层触发但非目标""},{""if"":""槽位完整且目标功能成立"",""then"":""目标用例""}]","[""目标用例"",""边界问题"",""表层触发但非目标"",""结构缺槽"",""语义不兼容"",""其他具体构式"",""不确定/需复核""]",machine_instantiated_source_anchored
DTV3-TAX-F3833B2E170A,句子的类型/句类/祈使句,GF0025_full_taxonomy,taxonomy_instantiated,,句子的类型,句类,祈使句,structural_pattern,source_literal_and_normalized_legacy_regex,"[""subject_or_topic"",""predicate"",""construction_marker"",""clause_boundary""]","[""候选包含与权威条目 【一34】 对齐的可定位触发线索。"",""候选满足模板槽位：subject_or_topic、predicate、construction_marker、clause_boundary。"",""候选按 structural_pattern 模式实现 句子的类型 / 句类 / 祈使句 所规定的语法功能。""]","[""触发线索存在，但候选边界未覆盖完整构式。"",""局部槽位可定位，但至少一个必需槽位仅得到弱支持。""]","[""触发线索只出现在标题、编号、术语或元语言说明中。"",""必需槽位缺失，且上下文不能恢复目标结构或目标功能。""]","[""相同表层形式可能实现 句类 中的非目标功能。"",""相邻构式共享触发形式，但槽位关系或语法功能不同。""]","[{""if"":""候选边界不完整或过长"",""then"":""边界问题""},{""if"":""触发存在但必需槽位缺失"",""then"":""结构缺槽""},{""if"":""表层触发仅为元语言或非目标功能"",""then"":""表层触发但非目标""},{""if"":""槽位完整且目标功能成立"",""then"":""目标用例""}]","[""目标用例"",""边界问题"",""表层触发但非目标"",""结构缺槽"",""语义不兼容"",""其他具体构式"",""不确定/需复核""]",machine_instantiated_source_anchored
DTV3-TAX-F383E272F5D1,词类/副词/语气副词,GF0025_full_taxonomy,taxonomy_instantiated,,词类,副词,语气副词,structural_pattern,source_literal_and_normalized_legacy_regex,"[""lexical_form"",""local_context"",""grammatical_function""]","[""候选包含与权威条目 【二20】 对齐的可定位触发线索。"",""候选满足模板槽位：lexical_form、local_context、grammatical_function。"",""候选按 structural_pattern 模式实现 词类 / 副词 / 语气副词 所规定的语法功能。""]","[""触发线索存在，但候选边界未覆盖完整构式。"",""局部槽位可定位，但至少一个必需槽位仅得到弱支持。""]","[""触发线索只出现在标题、编号、术语或元语言说明中。"",""必需槽位缺失，且上下文不能恢复目标结构或目标功能。""]","[""相同表层形式可能实现 副词 中的非目标功能。"",""相邻构式共享触发形式，但槽位关系或语法功能不同。""]","[{""if"":""候选边界不完整或过长"",""then"":""边界问题""},{""if"":""触发存在但必需槽位缺失"",""then"":""结构缺槽""},{""if"":""表层触发仅为元语言或非目标功能"",""then"":""表层触发但非目标""},{""if"":""槽位完整且目标功能成立"",""then"":""目标用例""}]","[""目标用例"",""边界问题"",""表层触发但非目标"",""结构缺槽"",""语义不兼容"",""其他具体构式"",""不确定/需复核""]",machine_instantiated_source_anchored
DTV3-TAX-FB9BA6E1BF34,词类/介词/表示排除,GF0025_full_taxonomy,taxonomy_instantiated,,词类,介词,表示排除,complex_functional,source_literal_and_normalized_legacy_regex,"[""lexical_form"",""local_context"",""grammatical_function""]","[""候选包含与权威条目 【三28】 对齐的可定位触发线索。"",""候选满足模板槽位：lexical_form、local_context、grammatical_function。"",""候选按 complex_functional 模式实现 词类 / 介词 / 表示排除 所规定的语法功能。""]","[""触发线索存在，但候选边界未覆盖完整构式。"",""局部槽位可定位，但至少一个必需槽位仅得到弱支持。""]","[""触发线索只出现在标题、编号、术语或元语言说明中。"",""必需槽位缺失，且上下文不能恢复目标结构或目标功能。""]","[""相同表层形式可能实现 介词 中的非目标功能。"",""相邻构式共享触发形式，但槽位关系或语法功能不同。""]","[{""if"":""候选边界不完整或过长"",""then"":""边界问题""},{""if"":""触发存在但必需槽位缺失"",""then"":""结构缺槽""},{""if"":""表层触发仅为元语言或非目标功能"",""then"":""表层触发但非目标""},{""if"":""槽位完整且目标功能成立"",""then"":""目标用例""}]","[""目标用例"",""边界问题"",""表层触发但非目标"",""结构缺槽"",""语义不兼容"",""其他具体构式"",""不确定/需复核""]",machine_instantiated_source_anchored
DTV3-TAX-FE0DC117518D,句子成分/定语/未列小项,GF0025_full_taxonomy,taxonomy_instantiated,,句子成分,定语,未列小项,complex_functional,source_literal_and_normalized_legacy_regex,"[""candidate_expression"",""governing_predicate"",""syntactic_role""]","[""候选包含与权威条目 【一27】 对齐的可定位触发线索。"",""候选满足模板槽位：candidate_expression、governing_predicate、syntactic_role。"",""候选按 complex_functional 模式实现 句子成分 / 定语 / 未列小项 所规定的语法功能。""]","[""触发线索存在，但候选边界未覆盖完整构式。"",""局部槽位可定位，但至少一个必需槽位仅得到弱支持。""]","[""触发线索只出现在标题、编号、术语或元语言说明中。"",""必需槽位缺失，且上下文不能恢复目标结构或目标功能。""]","[""相同表层形式可能实现 定语 中的非目标功能。"",""相邻构式共享触发形式，但槽位关系或语法功能不同。""]","[{""if"":""候选边界不完整或过长"",""then"":""边界问题""},{""if"":""触发存在但必需槽位缺失"",""then"":""结构缺槽""},{""if"":""表层触发仅为元语言或非目标功能"",""then"":""表层触发但非目标""},{""if"":""槽位完整且目标功能成立"",""then"":""目标用例""}]","[""目标用例"",""边界问题"",""表层触发但非目标"",""结构缺槽"",""语义不兼容"",""其他具体构式"",""不确定/需复核""]",machine_instantiated_source_anchored
