diagnostic_unit_id,unit_record_type,diagnostic_profile_id,profile_record_type,runtime_binding_id,standard_point_id,official_label,level,level_ordinal,category,subcategory,section_item,unit_index,unit_path,unit_text,unit_scope,split_kind,split_marker,template_id,mapping_disposition,reused_seed_label,seed_compatibility_score,regime,trigger_pattern,candidate_pattern,candidate_match_mode,candidate_pattern_source,unit_specialization_pattern,slot_schema,positive_constraints,weak_rejections,strong_rejections,confusable_uses,diagnosis_type_labels,structured_output_fields,legacy_regex_normalized,regex_normalization_status,source_id,source_pdf_page,page_anchor,page_anchor_status,authority_status,catalog_correction_applied,catalog_correction_provenance,compilation_status,source_grounding_status,review_status,static_audit_status,profile_status
DUV3-GF0025-2021-1-001-01,DiagnosticUnit,DPV3-GF0025-2021-1-001-01,DiagnosticProfile,RBV3-GF0025-2021-1-001-01,GF0025-2021-1-001,【一01】,1,1,词类,名词,方位名词,1,01,上、下、里、外、前、后、左、右、东、南、西、北；上边、下边、 里边、外边、前边、后边、左边、右边、东边、南边、西边、北边,,unsplit_official_entry,,DTV3-TAX-C71D2E0A75A7,taxonomy_instantiated,,0,complex_functional,(?:上边|下边|外边|里边|上|下|东|前|北|南|右|后|外|左|西|里),^([上下里外前后左右东南西北]|上边|下边|里边|外边|前边|后边|左边|右边|东边|南边|西边|北边)$,fullmatch,normalized_legacy_regex,,"[""lexical_form"",""local_context"",""grammatical_function""]","[""候选包含与权威条目 【一01】 对齐的可定位触发线索。"",""候选满足模板槽位：lexical_form、local_context、grammatical_function。"",""候选按 complex_functional 模式实现 词类 / 名词 / 方位名词 所规定的语法功能。""]","[""触发线索存在，但候选边界未覆盖完整构式。"",""局部槽位可定位，但至少一个必需槽位仅得到弱支持。""]","[""触发线索只出现在标题、编号、术语或元语言说明中。"",""必需槽位缺失，且上下文不能恢复目标结构或目标功能。""]","[""相同表层形式可能实现 名词 中的非目标功能。"",""相邻构式共享触发形式，但槽位关系或语法功能不同。""]","[""目标用例"",""边界问题"",""表层触发但非目标"",""结构缺槽"",""语义不兼容"",""其他具体构式"",""不确定/需复核""]","[""target_status"",""candidate_boundary"",""slot_status"",""structural_functional_status"",""licensed_evidence"",""runtime_evidence"",""rule_source_trace""]",^([上下里外前后左右东南西北]|上边|下边|里边|外边|前边|后边|左边|右边|东边|南边|西边|北边)$,normalized_compiles,REF-GF0025-2021,176,GF0025-2021 PDF p.176,ocr_detected,verified_inventory,false,[],machine_compiled,source_anchored,not_claimed,static_audit_passed,machine_compiled_source_anchored_static_audited
DUV3-GF0025-2021-1-002-01,DiagnosticUnit,DPV3-GF0025-2021-1-002-01,DiagnosticProfile,RBV3-GF0025-2021-1-002-01,GF0025-2021-1-002,【一02】,1,2,词类,动词,能愿动词,1,01,会、能,,unsplit_official_entry,,DTV3-TAX-0B6633C9BA52,taxonomy_instantiated,,0,structural_pattern,(?:会|能),^[会能]$,fullmatch,normalized_legacy_regex,,"[""lexical_form"",""local_context"",""grammatical_function""]","[""候选包含与权威条目 【一02】 对齐的可定位触发线索。"",""候选满足模板槽位：lexical_form、local_context、grammatical_function。"",""候选按 structural_pattern 模式实现 词类 / 动词 / 能愿动词 所规定的语法功能。""]","[""触发线索存在，但候选边界未覆盖完整构式。"",""局部槽位可定位，但至少一个必需槽位仅得到弱支持。""]","[""触发线索只出现在标题、编号、术语或元语言说明中。"",""必需槽位缺失，且上下文不能恢复目标结构或目标功能。""]","[""相同表层形式可能实现 动词 中的非目标功能。"",""相邻构式共享触发形式，但槽位关系或语法功能不同。""]","[""目标用例"",""边界问题"",""表层触发但非目标"",""结构缺槽"",""语义不兼容"",""其他具体构式"",""不确定/需复核""]","[""target_status"",""candidate_boundary"",""slot_status"",""structural_functional_status"",""licensed_evidence"",""runtime_evidence"",""rule_source_trace""]",^[会能]$,normalized_compiles,REF-GF0025-2021,176,GF0025-2021 PDF p.176,ocr_detected,verified_inventory,false,[],machine_compiled,source_anchored,not_claimed,static_audit_passed,machine_compiled_source_anchored_static_audited
DUV3-GF0025-2021-1-003-01,DiagnosticUnit,DPV3-GF0025-2021-1-003-01,DiagnosticProfile,RBV3-GF0025-2021-1-003-01,GF0025-2021-1-003,【一03】,1,3,词类,动词,能愿动词,1,01,想、要,,unsplit_official_entry,,DTV3-TAX-0B6633C9BA52,taxonomy_instantiated,,0,structural_pattern,(?:想|要),^[想要]$,fullmatch,normalized_legacy_regex,,"[""lexical_form"",""local_context"",""grammatical_function""]","[""候选包含与权威条目 【一03】 对齐的可定位触发线索。"",""候选满足模板槽位：lexical_form、local_context、grammatical_function。"",""候选按 structural_pattern 模式实现 词类 / 动词 / 能愿动词 所规定的语法功能。""]","[""触发线索存在，但候选边界未覆盖完整构式。"",""局部槽位可定位，但至少一个必需槽位仅得到弱支持。""]","[""触发线索只出现在标题、编号、术语或元语言说明中。"",""必需槽位缺失，且上下文不能恢复目标结构或目标功能。""]","[""相同表层形式可能实现 动词 中的非目标功能。"",""相邻构式共享触发形式，但槽位关系或语法功能不同。""]","[""目标用例"",""边界问题"",""表层触发但非目标"",""结构缺槽"",""语义不兼容"",""其他具体构式"",""不确定/需复核""]","[""target_status"",""candidate_boundary"",""slot_status"",""structural_functional_status"",""licensed_evidence"",""runtime_evidence"",""rule_source_trace""]",^[想要]$,normalized_compiles,REF-GF0025-2021,176,GF0025-2021 PDF p.176,ocr_detected,verified_inventory,false,[],machine_compiled,source_anchored,not_claimed,static_audit_passed,machine_compiled_source_anchored_static_audited
DUV3-GF0025-2021-1-004-01,DiagnosticUnit,DPV3-GF0025-2021-1-004-01,DiagnosticProfile,RBV3-GF0025-2021-1-004-01,GF0025-2021-1-004,【一04】,1,4,词类,代词,疑问代词,1,01,多、多少、几、哪、哪儿、哪里、哪些、什么、谁、怎么,,unsplit_official_entry,,DTV3-TAX-5EB36B35C713,taxonomy_instantiated,,0,structural_pattern,(?:什么|哪些|哪儿|哪里|多少|怎么|几|哪|多|谁),^(多|多少|几|哪|哪儿|哪里|哪些|什么|谁|怎么)$,fullmatch,normalized_legacy_regex,,"[""lexical_form"",""local_context"",""grammatical_function""]","[""候选包含与权威条目 【一04】 对齐的可定位触发线索。"",""候选满足模板槽位：lexical_form、local_context、grammatical_function。"",""候选按 structural_pattern 模式实现 词类 / 代词 / 疑问代词 所规定的语法功能。""]","[""触发线索存在，但候选边界未覆盖完整构式。"",""局部槽位可定位，但至少一个必需槽位仅得到弱支持。""]","[""触发线索只出现在标题、编号、术语或元语言说明中。"",""必需槽位缺失，且上下文不能恢复目标结构或目标功能。""]","[""相同表层形式可能实现 代词 中的非目标功能。"",""相邻构式共享触发形式，但槽位关系或语法功能不同。""]","[""目标用例"",""边界问题"",""表层触发但非目标"",""结构缺槽"",""语义不兼容"",""其他具体构式"",""不确定/需复核""]","[""target_status"",""candidate_boundary"",""slot_status"",""structural_functional_status"",""licensed_evidence"",""runtime_evidence"",""rule_source_trace""]",^(多|多少|几|哪|哪儿|哪里|哪些|什么|谁|怎么)$,normalized_compiles,REF-GF0025-2021,176,GF0025-2021 PDF p.176,ocr_detected,verified_inventory,false,[],machine_compiled,source_anchored,not_claimed,static_audit_passed,machine_compiled_source_anchored_static_audited
DUV3-GF0025-2021-1-005-01,DiagnosticUnit,DPV3-GF0025-2021-1-005-01,DiagnosticProfile,RBV3-GF0025-2021-1-005-01,GF0025-2021-1-005,【一05】,1,5,词类,代词,人称代词,1,01,我、你、您、他、她、我们、你们、他们、她们,,unsplit_official_entry,,DTV3-TAX-B093B478BA72,taxonomy_instantiated,,0,structural_pattern,(?:他们|你们|她们|我们|他|你|她|您|我),^([我你您他她]|我们|你们|他们|她们)$,fullmatch,normalized_legacy_regex,,"[""lexical_form"",""local_context"",""grammatical_function""]","[""候选包含与权威条目 【一05】 对齐的可定位触发线索。"",""候选满足模板槽位：lexical_form、local_context、grammatical_function。"",""候选按 structural_pattern 模式实现 词类 / 代词 / 人称代词 所规定的语法功能。""]","[""触发线索存在，但候选边界未覆盖完整构式。"",""局部槽位可定位，但至少一个必需槽位仅得到弱支持。""]","[""触发线索只出现在标题、编号、术语或元语言说明中。"",""必需槽位缺失，且上下文不能恢复目标结构或目标功能。""]","[""相同表层形式可能实现 代词 中的非目标功能。"",""相邻构式共享触发形式，但槽位关系或语法功能不同。""]","[""目标用例"",""边界问题"",""表层触发但非目标"",""结构缺槽"",""语义不兼容"",""其他具体构式"",""不确定/需复核""]","[""target_status"",""candidate_boundary"",""slot_status"",""structural_functional_status"",""licensed_evidence"",""runtime_evidence"",""rule_source_trace""]",^([我你您他她]|我们|你们|他们|她们)$,normalized_compiles,REF-GF0025-2021,177,GF0025-2021 PDF p.177,ocr_detected,verified_inventory,false,[],machine_compiled,source_anchored,not_claimed,static_audit_passed,machine_compiled_source_anchored_static_audited
DUV3-GF0025-2021-1-006-01,DiagnosticUnit,DPV3-GF0025-2021-1-006-01,DiagnosticProfile,RBV3-GF0025-2021-1-006-01,GF0025-2021-1-006,【一06】,1,6,词类,代词,指示代词,1,01,这、那、这儿、那儿、这里、那里、这些、那些、别的、有的,,unsplit_official_entry,,DTV3-TAX-7EBA4C50F19A,taxonomy_instantiated,,0,structural_pattern,(?:别的|有的|这些|这儿|这里|那些|那儿|那里|这|那),^(这|那|这儿|那儿|这里|那里|这些|那些|别的|有的)$,fullmatch,normalized_legacy_regex,,"[""lexical_form"",""local_context"",""grammatical_function""]","[""候选包含与权威条目 【一06】 对齐的可定位触发线索。"",""候选满足模板槽位：lexical_form、local_context、grammatical_function。"",""候选按 structural_pattern 模式实现 词类 / 代词 / 指示代词 所规定的语法功能。""]","[""触发线索存在，但候选边界未覆盖完整构式。"",""局部槽位可定位，但至少一个必需槽位仅得到弱支持。""]","[""触发线索只出现在标题、编号、术语或元语言说明中。"",""必需槽位缺失，且上下文不能恢复目标结构或目标功能。""]","[""相同表层形式可能实现 代词 中的非目标功能。"",""相邻构式共享触发形式，但槽位关系或语法功能不同。""]","[""目标用例"",""边界问题"",""表层触发但非目标"",""结构缺槽"",""语义不兼容"",""其他具体构式"",""不确定/需复核""]","[""target_status"",""candidate_boundary"",""slot_status"",""structural_functional_status"",""licensed_evidence"",""runtime_evidence"",""rule_source_trace""]",^(这|那|这儿|那儿|这里|那里|这些|那些|别的|有的)$,normalized_compiles,REF-GF0025-2021,177,GF0025-2021 PDF p.177,ocr_detected,verified_inventory,false,[],machine_compiled,source_anchored,not_claimed,static_audit_passed,machine_compiled_source_anchored_static_audited
DUV3-GF0025-2021-1-007-01,DiagnosticUnit,DPV3-GF0025-2021-1-007-01,DiagnosticProfile,RBV3-GF0025-2021-1-007-01,GF0025-2021-1-007,【一07】,1,7,词类,数词,,1,01,一、二/两、三、四、五、六、七、八、九、零；十、百；半,,unsplit_official_entry,,DTV3-TAX-0BE1C83446C5,taxonomy_instantiated,,0,structural_pattern,(?:一|七|三|两|九|二|五|八|六|十|半|四|百|零),^[一二两三四五六七八九零十百半]$,fullmatch,normalized_legacy_regex,,"[""lexical_form"",""local_context"",""grammatical_function""]","[""候选包含与权威条目 【一07】 对齐的可定位触发线索。"",""候选满足模板槽位：lexical_form、local_context、grammatical_function。"",""候选按 structural_pattern 模式实现 词类 / 数词 / 未列小项 所规定的语法功能。""]","[""触发线索存在，但候选边界未覆盖完整构式。"",""局部槽位可定位，但至少一个必需槽位仅得到弱支持。""]","[""触发线索只出现在标题、编号、术语或元语言说明中。"",""必需槽位缺失，且上下文不能恢复目标结构或目标功能。""]","[""相同表层形式可能实现 数词 中的非目标功能。"",""相邻构式共享触发形式，但槽位关系或语法功能不同。""]","[""目标用例"",""边界问题"",""表层触发但非目标"",""结构缺槽"",""语义不兼容"",""其他具体构式"",""不确定/需复核""]","[""target_status"",""candidate_boundary"",""slot_status"",""structural_functional_status"",""licensed_evidence"",""runtime_evidence"",""rule_source_trace""]",^[一二两三四五六七八九零十百半]$,normalized_compiles,REF-GF0025-2021,177,GF0025-2021 PDF p.177,ocr_detected,verified_inventory,false,[],machine_compiled,source_anchored,not_claimed,static_audit_passed,machine_compiled_source_anchored_static_audited
DUV3-GF0025-2021-1-008-01,DiagnosticUnit,DPV3-GF0025-2021-1-008-01,DiagnosticProfile,RBV3-GF0025-2021-1-008-01,GF0025-2021-1-008,【一08】,1,8,词类,量词,名量词,1,01,杯、本、个、家、间、口、块、页,,unsplit_official_entry,,DTV3-TAX-AA3655E9E3EB,taxonomy_instantiated,,0,structural_pattern,(?:个|口|块|家|本|杯|间|页),^[杯本个家间口块页]$,fullmatch,normalized_legacy_regex,,"[""lexical_form"",""local_context"",""grammatical_function""]","[""候选包含与权威条目 【一08】 对齐的可定位触发线索。"",""候选满足模板槽位：lexical_form、local_context、grammatical_function。"",""候选按 structural_pattern 模式实现 词类 / 量词 / 名量词 所规定的语法功能。""]","[""触发线索存在，但候选边界未覆盖完整构式。"",""局部槽位可定位，但至少一个必需槽位仅得到弱支持。""]","[""触发线索只出现在标题、编号、术语或元语言说明中。"",""必需槽位缺失，且上下文不能恢复目标结构或目标功能。""]","[""相同表层形式可能实现 量词 中的非目标功能。"",""相邻构式共享触发形式，但槽位关系或语法功能不同。""]","[""目标用例"",""边界问题"",""表层触发但非目标"",""结构缺槽"",""语义不兼容"",""其他具体构式"",""不确定/需复核""]","[""target_status"",""candidate_boundary"",""slot_status"",""structural_functional_status"",""licensed_evidence"",""runtime_evidence"",""rule_source_trace""]",^[杯本个家间口块页]$,normalized_compiles,REF-GF0025-2021,177,GF0025-2021 PDF p.177,ocr_detected,verified_inventory,false,[],machine_compiled,source_anchored,not_claimed,static_audit_passed,machine_compiled_source_anchored_static_audited
DUV3-GF0025-2021-1-009-01,DiagnosticUnit,DPV3-GF0025-2021-1-009-01,DiagnosticProfile,RBV3-GF0025-2021-1-009-01,GF0025-2021-1-009,【一09】,1,9,词类,副词,程度副词,1,01,非常、很、太、真、最,,unsplit_official_entry,,DTV3-TAX-9FAD0B023CAE,taxonomy_instantiated,,0,structural_pattern,(?:非常|太|很|最|真),^(非常|[很太真最])$,fullmatch,normalized_legacy_regex,,"[""lexical_form"",""local_context"",""grammatical_function""]","[""候选包含与权威条目 【一09】 对齐的可定位触发线索。"",""候选满足模板槽位：lexical_form、local_context、grammatical_function。"",""候选按 structural_pattern 模式实现 词类 / 副词 / 程度副词 所规定的语法功能。""]","[""触发线索存在，但候选边界未覆盖完整构式。"",""局部槽位可定位，但至少一个必需槽位仅得到弱支持。""]","[""触发线索只出现在标题、编号、术语或元语言说明中。"",""必需槽位缺失，且上下文不能恢复目标结构或目标功能。""]","[""相同表层形式可能实现 副词 中的非目标功能。"",""相邻构式共享触发形式，但槽位关系或语法功能不同。""]","[""目标用例"",""边界问题"",""表层触发但非目标"",""结构缺槽"",""语义不兼容"",""其他具体构式"",""不确定/需复核""]","[""target_status"",""candidate_boundary"",""slot_status"",""structural_functional_status"",""licensed_evidence"",""runtime_evidence"",""rule_source_trace""]",^(非常|[很太真最])$,normalized_compiles,REF-GF0025-2021,177,GF0025-2021 PDF p.177,ocr_detected,verified_inventory,false,[],machine_compiled,source_anchored,not_claimed,static_audit_passed,machine_compiled_source_anchored_static_audited
DUV3-GF0025-2021-1-010-01,DiagnosticUnit,DPV3-GF0025-2021-1-010-01,DiagnosticProfile,RBV3-GF0025-2021-1-010-01,GF0025-2021-1-010,【一10】,1,10,词类,副词,范围、协同副词,1,01,都1、一块儿、一起,,unsplit_official_entry,,DTV3-TAX-1C7E1B7DB8E2,taxonomy_instantiated,,0,structural_pattern,(?:一块儿|一起|都),^(都|一块儿|一起)$,fullmatch,normalized_legacy_regex,,"[""lexical_form"",""local_context"",""grammatical_function""]","[""候选包含与权威条目 【一10】 对齐的可定位触发线索。"",""候选满足模板槽位：lexical_form、local_context、grammatical_function。"",""候选按 structural_pattern 模式实现 词类 / 副词 / 范围、协同副词 所规定的语法功能。""]","[""触发线索存在，但候选边界未覆盖完整构式。"",""局部槽位可定位，但至少一个必需槽位仅得到弱支持。""]","[""触发线索只出现在标题、编号、术语或元语言说明中。"",""必需槽位缺失，且上下文不能恢复目标结构或目标功能。""]","[""相同表层形式可能实现 副词 中的非目标功能。"",""相邻构式共享触发形式，但槽位关系或语法功能不同。""]","[""目标用例"",""边界问题"",""表层触发但非目标"",""结构缺槽"",""语义不兼容"",""其他具体构式"",""不确定/需复核""]","[""target_status"",""candidate_boundary"",""slot_status"",""structural_functional_status"",""licensed_evidence"",""runtime_evidence"",""rule_source_trace""]",^(都|一块儿|一起)$,normalized_compiles,REF-GF0025-2021,,GF0025-2021 PDF pp.176–259,appendix_span_verified,verified_inventory,false,[],machine_compiled,source_anchored,not_claimed,static_audit_passed,machine_compiled_source_anchored_static_audited
DUV3-GF0025-2021-1-011-01,DiagnosticUnit,DPV3-GF0025-2021-1-011-01,DiagnosticProfile,RBV3-GF0025-2021-1-011-01,GF0025-2021-1-011,【一11】,1,11,词类,副词,时间副词,1,01,马上、先、有时、在、正、正在,,unsplit_official_entry,,DTV3-TAX-A8DEA45A511A,taxonomy_instantiated,,0,complex_functional,(?:有时|正在|马上|先|在|正),^(马上|先|有时|在|正|正在)$,fullmatch,normalized_legacy_regex,,"[""lexical_form"",""local_context"",""grammatical_function""]","[""候选包含与权威条目 【一11】 对齐的可定位触发线索。"",""候选满足模板槽位：lexical_form、local_context、grammatical_function。"",""候选按 complex_functional 模式实现 词类 / 副词 / 时间副词 所规定的语法功能。""]","[""触发线索存在，但候选边界未覆盖完整构式。"",""局部槽位可定位，但至少一个必需槽位仅得到弱支持。""]","[""触发线索只出现在标题、编号、术语或元语言说明中。"",""必需槽位缺失，且上下文不能恢复目标结构或目标功能。""]","[""相同表层形式可能实现 副词 中的非目标功能。"",""相邻构式共享触发形式，但槽位关系或语法功能不同。""]","[""目标用例"",""边界问题"",""表层触发但非目标"",""结构缺槽"",""语义不兼容"",""其他具体构式"",""不确定/需复核""]","[""target_status"",""candidate_boundary"",""slot_status"",""structural_functional_status"",""licensed_evidence"",""runtime_evidence"",""rule_source_trace""]",^(马上|先|有时|在|正|正在)$,normalized_compiles,REF-GF0025-2021,178,GF0025-2021 PDF p.178,ocr_detected,verified_inventory,false,[],machine_compiled,source_anchored,not_claimed,static_audit_passed,machine_compiled_source_anchored_static_audited
DUV3-GF0025-2021-1-012-01,DiagnosticUnit,DPV3-GF0025-2021-1-012-01,DiagnosticProfile,RBV3-GF0025-2021-1-012-01,GF0025-2021-1-012,【一12】,1,12,词类,副词,频率、重复副词,1,01,常、常常、再1,,unsplit_official_entry,,DTV3-TAX-C90409728D84,taxonomy_instantiated,,0,structural_pattern,(?:常常|再|常),^(常|常常|再)$,fullmatch,normalized_legacy_regex,,"[""lexical_form"",""local_context"",""grammatical_function""]","[""候选包含与权威条目 【一12】 对齐的可定位触发线索。"",""候选满足模板槽位：lexical_form、local_context、grammatical_function。"",""候选按 structural_pattern 模式实现 词类 / 副词 / 频率、重复副词 所规定的语法功能。""]","[""触发线索存在，但候选边界未覆盖完整构式。"",""局部槽位可定位，但至少一个必需槽位仅得到弱支持。""]","[""触发线索只出现在标题、编号、术语或元语言说明中。"",""必需槽位缺失，且上下文不能恢复目标结构或目标功能。""]","[""相同表层形式可能实现 副词 中的非目标功能。"",""相邻构式共享触发形式，但槽位关系或语法功能不同。""]","[""目标用例"",""边界问题"",""表层触发但非目标"",""结构缺槽"",""语义不兼容"",""其他具体构式"",""不确定/需复核""]","[""target_status"",""candidate_boundary"",""slot_status"",""structural_functional_status"",""licensed_evidence"",""runtime_evidence"",""rule_source_trace""]",^(常|常常|再)$,normalized_compiles,REF-GF0025-2021,178,GF0025-2021 PDF p.178,ocr_detected,verified_inventory,false,[],machine_compiled,source_anchored,not_claimed,static_audit_passed,machine_compiled_source_anchored_static_audited
DUV3-GF0025-2021-1-013-01,DiagnosticUnit,DPV3-GF0025-2021-1-013-01,DiagnosticProfile,RBV3-GF0025-2021-1-013-01,GF0025-2021-1-013,【一13】,1,13,词类,副词,关联副词,1,01,还1、也,,unsplit_official_entry,,DTV3-TAX-CC7D17721DA3,taxonomy_instantiated,,0,structural_pattern,(?:也|还),^[还也]$,fullmatch,normalized_legacy_regex,,"[""lexical_form"",""local_context"",""grammatical_function""]","[""候选包含与权威条目 【一13】 对齐的可定位触发线索。"",""候选满足模板槽位：lexical_form、local_context、grammatical_function。"",""候选按 structural_pattern 模式实现 词类 / 副词 / 关联副词 所规定的语法功能。""]","[""触发线索存在，但候选边界未覆盖完整构式。"",""局部槽位可定位，但至少一个必需槽位仅得到弱支持。""]","[""触发线索只出现在标题、编号、术语或元语言说明中。"",""必需槽位缺失，且上下文不能恢复目标结构或目标功能。""]","[""相同表层形式可能实现 副词 中的非目标功能。"",""相邻构式共享触发形式，但槽位关系或语法功能不同。""]","[""目标用例"",""边界问题"",""表层触发但非目标"",""结构缺槽"",""语义不兼容"",""其他具体构式"",""不确定/需复核""]","[""target_status"",""candidate_boundary"",""slot_status"",""structural_functional_status"",""licensed_evidence"",""runtime_evidence"",""rule_source_trace""]",^[还也]$,normalized_compiles,REF-GF0025-2021,178,GF0025-2021 PDF p.178,ocr_detected,verified_inventory,false,[],machine_compiled,source_anchored,not_claimed,static_audit_passed,machine_compiled_source_anchored_static_audited
DUV3-GF0025-2021-1-014-01,DiagnosticUnit,DPV3-GF0025-2021-1-014-01,DiagnosticProfile,RBV3-GF0025-2021-1-014-01,GF0025-2021-1-014,【一14】,1,14,词类,副词,否定副词,1,01,别、不、没、没有,,unsplit_official_entry,,DTV3-TAX-868754CA8DF9,taxonomy_instantiated,,0,structural_pattern,(?:没有|不|别|没),^(别|不|没|没有)$,fullmatch,normalized_legacy_regex,,"[""lexical_form"",""local_context"",""grammatical_function""]","[""候选包含与权威条目 【一14】 对齐的可定位触发线索。"",""候选满足模板槽位：lexical_form、local_context、grammatical_function。"",""候选按 structural_pattern 模式实现 词类 / 副词 / 否定副词 所规定的语法功能。""]","[""触发线索存在，但候选边界未覆盖完整构式。"",""局部槽位可定位，但至少一个必需槽位仅得到弱支持。""]","[""触发线索只出现在标题、编号、术语或元语言说明中。"",""必需槽位缺失，且上下文不能恢复目标结构或目标功能。""]","[""相同表层形式可能实现 副词 中的非目标功能。"",""相邻构式共享触发形式，但槽位关系或语法功能不同。""]","[""目标用例"",""边界问题"",""表层触发但非目标"",""结构缺槽"",""语义不兼容"",""其他具体构式"",""不确定/需复核""]","[""target_status"",""candidate_boundary"",""slot_status"",""structural_functional_status"",""licensed_evidence"",""runtime_evidence"",""rule_source_trace""]",^(别|不|没|没有)$,normalized_compiles,REF-GF0025-2021,,GF0025-2021 PDF pp.176–259,appendix_span_verified,verified_inventory,false,[],machine_compiled,source_anchored,not_claimed,static_audit_passed,machine_compiled_source_anchored_static_audited
DUV3-GF0025-2021-1-015-01,DiagnosticUnit,DPV3-GF0025-2021-1-015-01,DiagnosticProfile,RBV3-GF0025-2021-1-015-01,GF0025-2021-1-015,【一15】,1,15,词类,介词,引出时间、处所,1,01,从1,,unsplit_official_entry,,DTV3-SEED-A1657EC584BE,seed_reused,从字介词框架候选,110,complex_functional,(?:从1|从),^从$,fullmatch,normalized_legacy_regex,,"[""frame_marker"",""frame_object"",""governing_predicate"",""relation_type""]","[""“从”引出起点、来源、时间起点或范围起点。"",""候选片段可解释为介词框架而非词内部成分。""]","[""框架对象边界不完整。""]","[""“从”不是介词标记或无框架对象。""]","[""与普通动词/词内部成分混淆""]","[""目标用例"",""边界问题"",""表层触发但非目标"",""结构缺槽"",""语义不兼容"",""其他具体构式"",""不确定/需复核""]","[""target_status"",""candidate_boundary"",""slot_status"",""structural_functional_status"",""licensed_evidence"",""runtime_evidence"",""rule_source_trace""]",^从$,normalized_compiles,REF-GF0025-2021,,GF0025-2021 PDF pp.176–259,appendix_span_verified,verified_inventory,false,[],machine_compiled,source_anchored,not_claimed,static_audit_passed,machine_compiled_source_anchored_static_audited
DUV3-GF0025-2021-1-016-01,DiagnosticUnit,DPV3-GF0025-2021-1-016-01,DiagnosticProfile,RBV3-GF0025-2021-1-016-01,GF0025-2021-1-016,【一16】,1,16,词类,介词,引出时间、处所,1,01,在,,unsplit_official_entry,,DTV3-SEED-5FA9D1F1A513,seed_reused,在字介词框架候选,110,complex_functional,(?:在),^在$,fullmatch,normalized_legacy_regex,,"[""frame_marker"",""frame_object"",""governing_predicate"",""relation_type""]","[""候选片段包含或可解释出“在字介词框架”相关标记/结构线索。"",""候选片段满足所属语法家族的核心槽位要求：介词/框架标记、框架对象、谓词/中心事件、关系类型。"",""候选片段在原句中承担该语法点的实际语法功能，而非仅有表层词形。""]","[""结构大体可定位但边界过短或过长。"",""标记存在但核心槽位需要结合上下文复核。""]","[""候选片段只是术语、标题、编号、残片或 OCR 混杂内容。"",""只有表层标记，无法构成所属语法家族的核心结构。""]","[""只有表层标记""]","[""目标用例"",""边界问题"",""表层触发但非目标"",""结构缺槽"",""语义不兼容"",""其他具体构式"",""不确定/需复核""]","[""target_status"",""candidate_boundary"",""slot_status"",""structural_functional_status"",""licensed_evidence"",""runtime_evidence"",""rule_source_trace""]",^在$,normalized_compiles,REF-GF0025-2021,178,GF0025-2021 PDF p.178,ocr_detected,verified_inventory,false,[],machine_compiled,source_anchored,not_claimed,static_audit_passed,machine_compiled_source_anchored_static_audited
DUV3-GF0025-2021-1-017-01,DiagnosticUnit,DPV3-GF0025-2021-1-017-01,DiagnosticProfile,RBV3-GF0025-2021-1-017-01,GF0025-2021-1-017,【一17】,1,17,词类,介词,引出对象,1,01,跟1、和1,,unsplit_official_entry,,DTV3-TAX-96C5330FEA95,taxonomy_instantiated,,0,structural_pattern,(?:和|跟),^[跟和]$,fullmatch,normalized_legacy_regex,,"[""lexical_form"",""local_context"",""grammatical_function""]","[""候选包含与权威条目 【一17】 对齐的可定位触发线索。"",""候选满足模板槽位：lexical_form、local_context、grammatical_function。"",""候选按 structural_pattern 模式实现 词类 / 介词 / 引出对象 所规定的语法功能。""]","[""触发线索存在，但候选边界未覆盖完整构式。"",""局部槽位可定位，但至少一个必需槽位仅得到弱支持。""]","[""触发线索只出现在标题、编号、术语或元语言说明中。"",""必需槽位缺失，且上下文不能恢复目标结构或目标功能。""]","[""相同表层形式可能实现 介词 中的非目标功能。"",""相邻构式共享触发形式，但槽位关系或语法功能不同。""]","[""目标用例"",""边界问题"",""表层触发但非目标"",""结构缺槽"",""语义不兼容"",""其他具体构式"",""不确定/需复核""]","[""target_status"",""candidate_boundary"",""slot_status"",""structural_functional_status"",""licensed_evidence"",""runtime_evidence"",""rule_source_trace""]",^[跟和]$,normalized_compiles,REF-GF0025-2021,178,GF0025-2021 PDF p.178,ocr_detected,verified_inventory,false,[],machine_compiled,source_anchored,not_claimed,static_audit_passed,machine_compiled_source_anchored_static_audited
DUV3-GF0025-2021-1-018-01,DiagnosticUnit,DPV3-GF0025-2021-1-018-01,DiagnosticProfile,RBV3-GF0025-2021-1-018-01,GF0025-2021-1-018,【一18】,1,18,词类,介词,引出对象,1,01,比,,unsplit_official_entry,,DTV3-TAX-96C5330FEA95,taxonomy_instantiated,,0,structural_pattern,(?:比),^比$,fullmatch,normalized_legacy_regex,,"[""lexical_form"",""local_context"",""grammatical_function""]","[""候选包含与权威条目 【一18】 对齐的可定位触发线索。"",""候选满足模板槽位：lexical_form、local_context、grammatical_function。"",""候选按 structural_pattern 模式实现 词类 / 介词 / 引出对象 所规定的语法功能。""]","[""触发线索存在，但候选边界未覆盖完整构式。"",""局部槽位可定位，但至少一个必需槽位仅得到弱支持。""]","[""触发线索只出现在标题、编号、术语或元语言说明中。"",""必需槽位缺失，且上下文不能恢复目标结构或目标功能。""]","[""相同表层形式可能实现 介词 中的非目标功能。"",""相邻构式共享触发形式，但槽位关系或语法功能不同。""]","[""目标用例"",""边界问题"",""表层触发但非目标"",""结构缺槽"",""语义不兼容"",""其他具体构式"",""不确定/需复核""]","[""target_status"",""candidate_boundary"",""slot_status"",""structural_functional_status"",""licensed_evidence"",""runtime_evidence"",""rule_source_trace""]",^比$,normalized_compiles,REF-GF0025-2021,179,GF0025-2021 PDF p.179,ocr_detected,verified_inventory,false,[],machine_compiled,source_anchored,not_claimed,static_audit_passed,machine_compiled_source_anchored_static_audited
DUV3-GF0025-2021-1-019-01,DiagnosticUnit,DPV3-GF0025-2021-1-019-01,DiagnosticProfile,RBV3-GF0025-2021-1-019-01,GF0025-2021-1-019,【一19】,1,19,词类,连词,连接词或词组,1,01,跟2、还是、和2,,unsplit_official_entry,,DTV3-TAX-70386EB2913D,taxonomy_instantiated,,0,structural_pattern,(?:还是|和|跟),^(跟|还是|和)$,fullmatch,normalized_legacy_regex,,"[""lexical_form"",""local_context"",""grammatical_function""]","[""候选包含与权威条目 【一19】 对齐的可定位触发线索。"",""候选满足模板槽位：lexical_form、local_context、grammatical_function。"",""候选按 structural_pattern 模式实现 词类 / 连词 / 连接词或词组 所规定的语法功能。""]","[""触发线索存在，但候选边界未覆盖完整构式。"",""局部槽位可定位，但至少一个必需槽位仅得到弱支持。""]","[""触发线索只出现在标题、编号、术语或元语言说明中。"",""必需槽位缺失，且上下文不能恢复目标结构或目标功能。""]","[""相同表层形式可能实现 连词 中的非目标功能。"",""相邻构式共享触发形式，但槽位关系或语法功能不同。""]","[""目标用例"",""边界问题"",""表层触发但非目标"",""结构缺槽"",""语义不兼容"",""其他具体构式"",""不确定/需复核""]","[""target_status"",""candidate_boundary"",""slot_status"",""structural_functional_status"",""licensed_evidence"",""runtime_evidence"",""rule_source_trace""]",^(跟|还是|和)$,normalized_compiles,REF-GF0025-2021,179,GF0025-2021 PDF p.179,ocr_detected,verified_inventory,false,[],machine_compiled,source_anchored,not_claimed,static_audit_passed,machine_compiled_source_anchored_static_audited
DUV3-GF0025-2021-1-020-01,DiagnosticUnit,DPV3-GF0025-2021-1-020-01,DiagnosticProfile,RBV3-GF0025-2021-1-020-01,GF0025-2021-1-020,【一20】,1,20,词类,助词,结构助词,1,01,的1、地,,unsplit_official_entry,,DTV3-TAX-834173C4ACFE,taxonomy_instantiated,,0,structural_pattern,(?:地|的),^[的地]$,fullmatch,normalized_legacy_regex,,"[""lexical_form"",""local_context"",""grammatical_function""]","[""候选包含与权威条目 【一20】 对齐的可定位触发线索。"",""候选满足模板槽位：lexical_form、local_context、grammatical_function。"",""候选按 structural_pattern 模式实现 词类 / 助词 / 结构助词 所规定的语法功能。""]","[""触发线索存在，但候选边界未覆盖完整构式。"",""局部槽位可定位，但至少一个必需槽位仅得到弱支持。""]","[""触发线索只出现在标题、编号、术语或元语言说明中。"",""必需槽位缺失，且上下文不能恢复目标结构或目标功能。""]","[""相同表层形式可能实现 助词 中的非目标功能。"",""相邻构式共享触发形式，但槽位关系或语法功能不同。""]","[""目标用例"",""边界问题"",""表层触发但非目标"",""结构缺槽"",""语义不兼容"",""其他具体构式"",""不确定/需复核""]","[""target_status"",""candidate_boundary"",""slot_status"",""structural_functional_status"",""licensed_evidence"",""runtime_evidence"",""rule_source_trace""]",^[的地]$,normalized_compiles,REF-GF0025-2021,179,GF0025-2021 PDF p.179,ocr_detected,verified_inventory,false,[],machine_compiled,source_anchored,not_claimed,static_audit_passed,machine_compiled_source_anchored_static_audited
DUV3-GF0025-2021-1-021-01,DiagnosticUnit,DPV3-GF0025-2021-1-021-01,DiagnosticProfile,RBV3-GF0025-2021-1-021-01,GF0025-2021-1-021,【一21】,1,21,词类,助词,动态助词,1,01,了1,,unsplit_official_entry,,DTV3-TAX-49DEC7322286,taxonomy_instantiated,,0,structural_pattern,(?:了1|了),^了$,fullmatch,normalized_legacy_regex,,"[""lexical_form"",""local_context"",""grammatical_function""]","[""候选包含与权威条目 【一21】 对齐的可定位触发线索。"",""候选满足模板槽位：lexical_form、local_context、grammatical_function。"",""候选按 structural_pattern 模式实现 词类 / 助词 / 动态助词 所规定的语法功能。""]","[""触发线索存在，但候选边界未覆盖完整构式。"",""局部槽位可定位，但至少一个必需槽位仅得到弱支持。""]","[""触发线索只出现在标题、编号、术语或元语言说明中。"",""必需槽位缺失，且上下文不能恢复目标结构或目标功能。""]","[""相同表层形式可能实现 助词 中的非目标功能。"",""相邻构式共享触发形式，但槽位关系或语法功能不同。""]","[""目标用例"",""边界问题"",""表层触发但非目标"",""结构缺槽"",""语义不兼容"",""其他具体构式"",""不确定/需复核""]","[""target_status"",""candidate_boundary"",""slot_status"",""structural_functional_status"",""licensed_evidence"",""runtime_evidence"",""rule_source_trace""]",^了$,normalized_compiles,REF-GF0025-2021,179,GF0025-2021 PDF p.179,ocr_detected,verified_inventory,false,[],machine_compiled,source_anchored,not_claimed,static_audit_passed,machine_compiled_source_anchored_static_audited
DUV3-GF0025-2021-1-022-01,DiagnosticUnit,DPV3-GF0025-2021-1-022-01,DiagnosticProfile,RBV3-GF0025-2021-1-022-01,GF0025-2021-1-022,【一22】,1,22,词类,助词,语气助词,1,01,吧1、了2、吗、呢,,unsplit_official_entry,,DTV3-TAX-11D0BEC5BF9A,taxonomy_instantiated,,0,structural_pattern,(?:了|吗|吧|呢),^[吧了吗呢]$,fullmatch,normalized_legacy_regex,,"[""lexical_form"",""local_context"",""grammatical_function""]","[""候选包含与权威条目 【一22】 对齐的可定位触发线索。"",""候选满足模板槽位：lexical_form、local_context、grammatical_function。"",""候选按 structural_pattern 模式实现 词类 / 助词 / 语气助词 所规定的语法功能。""]","[""触发线索存在，但候选边界未覆盖完整构式。"",""局部槽位可定位，但至少一个必需槽位仅得到弱支持。""]","[""触发线索只出现在标题、编号、术语或元语言说明中。"",""必需槽位缺失，且上下文不能恢复目标结构或目标功能。""]","[""相同表层形式可能实现 助词 中的非目标功能。"",""相邻构式共享触发形式，但槽位关系或语法功能不同。""]","[""目标用例"",""边界问题"",""表层触发但非目标"",""结构缺槽"",""语义不兼容"",""其他具体构式"",""不确定/需复核""]","[""target_status"",""candidate_boundary"",""slot_status"",""structural_functional_status"",""licensed_evidence"",""runtime_evidence"",""rule_source_trace""]",^[吧了吗呢]$,normalized_compiles,REF-GF0025-2021,179,GF0025-2021 PDF p.179,ocr_detected,verified_inventory,false,[],machine_compiled,source_anchored,not_claimed,static_audit_passed,machine_compiled_source_anchored_static_audited
DUV3-GF0025-2021-1-023-01,DiagnosticUnit,DPV3-GF0025-2021-1-023-01,DiagnosticProfile,RBV3-GF0025-2021-1-023-01,GF0025-2021-1-023,【一23】,1,23,短语,结构类型,其他结构类型,1,01,"数量短语""个，杯，本，包，块""",,unsplit_official_entry,,DTV3-TAX-AC9DFAD69E1A,taxonomy_instantiated,,0,structural_pattern,(?:个，杯，本，包，块|数量短语|个|包|块|本|杯),[个|杯|本|包|块]$,search,normalized_legacy_regex,,"[""phrase_head"",""dependent_or_argument"",""phrase_boundary""]","[""候选包含与权威条目 【一23】 对齐的可定位触发线索。"",""候选满足模板槽位：phrase_head、dependent_or_argument、phrase_boundary。"",""候选按 structural_pattern 模式实现 短语 / 结构类型 / 其他结构类型 所规定的语法功能。""]","[""触发线索存在，但候选边界未覆盖完整构式。"",""局部槽位可定位，但至少一个必需槽位仅得到弱支持。""]","[""触发线索只出现在标题、编号、术语或元语言说明中。"",""必需槽位缺失，且上下文不能恢复目标结构或目标功能。""]","[""相同表层形式可能实现 结构类型 中的非目标功能。"",""相邻构式共享触发形式，但槽位关系或语法功能不同。""]","[""目标用例"",""边界问题"",""表层触发但非目标"",""结构缺槽"",""语义不兼容"",""其他具体构式"",""不确定/需复核""]","[""target_status"",""candidate_boundary"",""slot_status"",""structural_functional_status"",""licensed_evidence"",""runtime_evidence"",""rule_source_trace""]",[个|杯|本|包|块]$,normalized_compiles,REF-GF0025-2021,179,GF0025-2021 PDF p.179,ocr_detected,verified_inventory,false,[],machine_compiled,source_anchored,not_claimed,static_audit_passed,machine_compiled_source_anchored_static_audited
DUV3-GF0025-2021-1-024-01,DiagnosticUnit,DPV3-GF0025-2021-1-024-01,DiagnosticProfile,RBV3-GF0025-2021-1-024-01,GF0025-2021-1-024,【一24】,1,24,句子成分,主语,,1,01,名词、代词或名词性短语作主语,,unsplit_official_entry,,DTV3-TAX-A5F02C447E10,taxonomy_instantiated,,0,complex_functional,(?:代词或名词性短语作主语|名词),(?:代词或名词性短语作主语|名词),search,source_literal_retrieval_trigger,,"[""candidate_expression"",""governing_predicate"",""syntactic_role""]","[""候选包含与权威条目 【一24】 对齐的可定位触发线索。"",""候选满足模板槽位：candidate_expression、governing_predicate、syntactic_role。"",""候选按 complex_functional 模式实现 句子成分 / 主语 / 未列小项 所规定的语法功能。""]","[""触发线索存在，但候选边界未覆盖完整构式。"",""局部槽位可定位，但至少一个必需槽位仅得到弱支持。""]","[""触发线索只出现在标题、编号、术语或元语言说明中。"",""必需槽位缺失，且上下文不能恢复目标结构或目标功能。""]","[""相同表层形式可能实现 主语 中的非目标功能。"",""相邻构式共享触发形式，但槽位关系或语法功能不同。""]","[""目标用例"",""边界问题"",""表层触发但非目标"",""结构缺槽"",""语义不兼容"",""其他具体构式"",""不确定/需复核""]","[""target_status"",""candidate_boundary"",""slot_status"",""structural_functional_status"",""licensed_evidence"",""runtime_evidence"",""rule_source_trace""]",,not_available_source_literal_runtime,REF-GF0025-2021,179,GF0025-2021 PDF p.179,ocr_detected,verified_inventory,false,[],machine_compiled,source_anchored,not_claimed,static_audit_passed,machine_compiled_source_anchored_static_audited
DUV3-GF0025-2021-1-025-01,DiagnosticUnit,DPV3-GF0025-2021-1-025-01,DiagnosticProfile,RBV3-GF0025-2021-1-025-01,GF0025-2021-1-025,【一25】,1,25,句子成分,谓语,,1,01,动词或动词性短语、形容词或形容词性短语作谓语,,unsplit_official_entry,,DTV3-TAX-5067C013A5BC,taxonomy_instantiated,,0,complex_functional,(?:形容词或形容词性短语作谓语|动词或动词性短语),(?:形容词或形容词性短语作谓语|动词或动词性短语),search,source_literal_retrieval_trigger,,"[""candidate_expression"",""governing_predicate"",""syntactic_role""]","[""候选包含与权威条目 【一25】 对齐的可定位触发线索。"",""候选满足模板槽位：candidate_expression、governing_predicate、syntactic_role。"",""候选按 complex_functional 模式实现 句子成分 / 谓语 / 未列小项 所规定的语法功能。""]","[""触发线索存在，但候选边界未覆盖完整构式。"",""局部槽位可定位，但至少一个必需槽位仅得到弱支持。""]","[""触发线索只出现在标题、编号、术语或元语言说明中。"",""必需槽位缺失，且上下文不能恢复目标结构或目标功能。""]","[""相同表层形式可能实现 谓语 中的非目标功能。"",""相邻构式共享触发形式，但槽位关系或语法功能不同。""]","[""目标用例"",""边界问题"",""表层触发但非目标"",""结构缺槽"",""语义不兼容"",""其他具体构式"",""不确定/需复核""]","[""target_status"",""candidate_boundary"",""slot_status"",""structural_functional_status"",""licensed_evidence"",""runtime_evidence"",""rule_source_trace""]",,not_available_source_literal_runtime,REF-GF0025-2021,180,GF0025-2021 PDF p.180,ocr_detected,verified_inventory,false,[],machine_compiled,source_anchored,not_claimed,static_audit_passed,machine_compiled_source_anchored_static_audited
DUV3-GF0025-2021-1-026-01,DiagnosticUnit,DPV3-GF0025-2021-1-026-01,DiagnosticProfile,RBV3-GF0025-2021-1-026-01,GF0025-2021-1-026,【一26】,1,26,句子成分,宾语,,1,01,名词、代词或名词性短语作宾语,,unsplit_official_entry,,DTV3-TAX-1B3B2B7206BD,taxonomy_instantiated,,0,complex_functional,(?:代词或名词性短语作宾语|名词),(?:代词或名词性短语作宾语|名词),search,source_literal_retrieval_trigger,,"[""candidate_expression"",""governing_predicate"",""syntactic_role""]","[""候选包含与权威条目 【一26】 对齐的可定位触发线索。"",""候选满足模板槽位：candidate_expression、governing_predicate、syntactic_role。"",""候选按 complex_functional 模式实现 句子成分 / 宾语 / 未列小项 所规定的语法功能。""]","[""触发线索存在，但候选边界未覆盖完整构式。"",""局部槽位可定位，但至少一个必需槽位仅得到弱支持。""]","[""触发线索只出现在标题、编号、术语或元语言说明中。"",""必需槽位缺失，且上下文不能恢复目标结构或目标功能。""]","[""相同表层形式可能实现 宾语 中的非目标功能。"",""相邻构式共享触发形式，但槽位关系或语法功能不同。""]","[""目标用例"",""边界问题"",""表层触发但非目标"",""结构缺槽"",""语义不兼容"",""其他具体构式"",""不确定/需复核""]","[""target_status"",""candidate_boundary"",""slot_status"",""structural_functional_status"",""licensed_evidence"",""runtime_evidence"",""rule_source_trace""]",,not_available_source_literal_runtime,REF-GF0025-2021,180,GF0025-2021 PDF p.180,ocr_detected,verified_inventory,false,[],machine_compiled,source_anchored,not_claimed,static_audit_passed,machine_compiled_source_anchored_static_audited
DUV3-GF0025-2021-1-027-01,DiagnosticUnit,DPV3-GF0025-2021-1-027-01,DiagnosticProfile,RBV3-GF0025-2021-1-027-01,GF0025-2021-1-027,【一27】,1,27,句子成分,定语,,1,01,名词性词语、形容词性词语、数量短语作定语,,unsplit_official_entry,,DTV3-TAX-FE0DC117518D,taxonomy_instantiated,,0,complex_functional,(?:数量短语作定语|形容词性词语|名词性词语),(?:数量短语作定语|形容词性词语|名词性词语),search,source_literal_retrieval_trigger,,"[""candidate_expression"",""governing_predicate"",""syntactic_role""]","[""候选包含与权威条目 【一27】 对齐的可定位触发线索。"",""候选满足模板槽位：candidate_expression、governing_predicate、syntactic_role。"",""候选按 complex_functional 模式实现 句子成分 / 定语 / 未列小项 所规定的语法功能。""]","[""触发线索存在，但候选边界未覆盖完整构式。"",""局部槽位可定位，但至少一个必需槽位仅得到弱支持。""]","[""触发线索只出现在标题、编号、术语或元语言说明中。"",""必需槽位缺失，且上下文不能恢复目标结构或目标功能。""]","[""相同表层形式可能实现 定语 中的非目标功能。"",""相邻构式共享触发形式，但槽位关系或语法功能不同。""]","[""目标用例"",""边界问题"",""表层触发但非目标"",""结构缺槽"",""语义不兼容"",""其他具体构式"",""不确定/需复核""]","[""target_status"",""candidate_boundary"",""slot_status"",""structural_functional_status"",""licensed_evidence"",""runtime_evidence"",""rule_source_trace""]",,not_available_source_literal_runtime,REF-GF0025-2021,180,GF0025-2021 PDF p.180,ocr_detected,verified_inventory,false,[],machine_compiled,source_anchored,not_claimed,static_audit_passed,machine_compiled_source_anchored_static_audited
DUV3-GF0025-2021-1-028-01,DiagnosticUnit,DPV3-GF0025-2021-1-028-01,DiagnosticProfile,RBV3-GF0025-2021-1-028-01,GF0025-2021-1-028,【一28】,1,28,句子成分,状语,,1,01,副词、形容词作状语； 表示时间、处所的词语作状语,,unsplit_official_entry,,DTV3-TAX-80C277071DDE,taxonomy_instantiated,,0,complex_functional,(?:处所的词语作状语|形容词作状语|副词|时间),(?:处所的词语作状语|形容词作状语|副词|时间),search,source_literal_retrieval_trigger,,"[""candidate_expression"",""governing_predicate"",""syntactic_role""]","[""候选包含与权威条目 【一28】 对齐的可定位触发线索。"",""候选满足模板槽位：candidate_expression、governing_predicate、syntactic_role。"",""候选按 complex_functional 模式实现 句子成分 / 状语 / 未列小项 所规定的语法功能。""]","[""触发线索存在，但候选边界未覆盖完整构式。"",""局部槽位可定位，但至少一个必需槽位仅得到弱支持。""]","[""触发线索只出现在标题、编号、术语或元语言说明中。"",""必需槽位缺失，且上下文不能恢复目标结构或目标功能。""]","[""相同表层形式可能实现 状语 中的非目标功能。"",""相邻构式共享触发形式，但槽位关系或语法功能不同。""]","[""目标用例"",""边界问题"",""表层触发但非目标"",""结构缺槽"",""语义不兼容"",""其他具体构式"",""不确定/需复核""]","[""target_status"",""candidate_boundary"",""slot_status"",""structural_functional_status"",""licensed_evidence"",""runtime_evidence"",""rule_source_trace""]",,not_available_source_literal_runtime,REF-GF0025-2021,180,GF0025-2021 PDF p.180,ocr_detected,verified_inventory,false,[],machine_compiled,source_anchored,not_claimed,static_audit_passed,machine_compiled_source_anchored_static_audited
DUV3-GF0025-2021-1-029-01,DiagnosticUnit,DPV3-GF0025-2021-1-029-01,DiagnosticProfile,RBV3-GF0025-2021-1-029-01,GF0025-2021-1-029,【一29】,1,29,句子的类型,句型,单句,1,01,主谓句1：动词谓语句,,unsplit_official_entry,,DTV3-TAX-8E9C8D1B6C41,taxonomy_instantiated,,0,structural_pattern,(?:动词谓语句|主谓句),(?:动词谓语句|主谓句),search,source_literal_retrieval_trigger,,"[""subject_or_topic"",""predicate"",""construction_marker"",""clause_boundary""]","[""候选包含与权威条目 【一29】 对齐的可定位触发线索。"",""候选满足模板槽位：subject_or_topic、predicate、construction_marker、clause_boundary。"",""候选按 structural_pattern 模式实现 句子的类型 / 句型 / 单句 所规定的语法功能。""]","[""触发线索存在，但候选边界未覆盖完整构式。"",""局部槽位可定位，但至少一个必需槽位仅得到弱支持。""]","[""触发线索只出现在标题、编号、术语或元语言说明中。"",""必需槽位缺失，且上下文不能恢复目标结构或目标功能。""]","[""相同表层形式可能实现 句型 中的非目标功能。"",""相邻构式共享触发形式，但槽位关系或语法功能不同。""]","[""目标用例"",""边界问题"",""表层触发但非目标"",""结构缺槽"",""语义不兼容"",""其他具体构式"",""不确定/需复核""]","[""target_status"",""candidate_boundary"",""slot_status"",""structural_functional_status"",""licensed_evidence"",""runtime_evidence"",""rule_source_trace""]",,not_available_source_literal_runtime,REF-GF0025-2021,180,GF0025-2021 PDF p.180,ocr_detected,verified_inventory,false,[],machine_compiled,source_anchored,not_claimed,static_audit_passed,machine_compiled_source_anchored_static_audited
DUV3-GF0025-2021-1-030-01,DiagnosticUnit,DPV3-GF0025-2021-1-030-01,DiagnosticProfile,RBV3-GF0025-2021-1-030-01,GF0025-2021-1-030,【一30】,1,30,句子的类型,句型,单句,1,01,主谓句2：形容词谓语句,,unsplit_official_entry,,DTV3-TAX-8E9C8D1B6C41,taxonomy_instantiated,,0,structural_pattern,(?:形容词谓语句|主谓句),(?:形容词谓语句|主谓句),search,source_literal_retrieval_trigger,,"[""subject_or_topic"",""predicate"",""construction_marker"",""clause_boundary""]","[""候选包含与权威条目 【一30】 对齐的可定位触发线索。"",""候选满足模板槽位：subject_or_topic、predicate、construction_marker、clause_boundary。"",""候选按 structural_pattern 模式实现 句子的类型 / 句型 / 单句 所规定的语法功能。""]","[""触发线索存在，但候选边界未覆盖完整构式。"",""局部槽位可定位，但至少一个必需槽位仅得到弱支持。""]","[""触发线索只出现在标题、编号、术语或元语言说明中。"",""必需槽位缺失，且上下文不能恢复目标结构或目标功能。""]","[""相同表层形式可能实现 句型 中的非目标功能。"",""相邻构式共享触发形式，但槽位关系或语法功能不同。""]","[""目标用例"",""边界问题"",""表层触发但非目标"",""结构缺槽"",""语义不兼容"",""其他具体构式"",""不确定/需复核""]","[""target_status"",""candidate_boundary"",""slot_status"",""structural_functional_status"",""licensed_evidence"",""runtime_evidence"",""rule_source_trace""]",,not_available_source_literal_runtime,REF-GF0025-2021,181,GF0025-2021 PDF p.181,ocr_detected,verified_inventory,false,[],machine_compiled,source_anchored,not_claimed,static_audit_passed,machine_compiled_source_anchored_static_audited
DUV3-GF0025-2021-1-031-01,DiagnosticUnit,DPV3-GF0025-2021-1-031-01,DiagnosticProfile,RBV3-GF0025-2021-1-031-01,GF0025-2021-1-031,【一31】,1,31,句子的类型,句型,单句,1,01,非主谓句,,unsplit_official_entry,,DTV3-TAX-8E9C8D1B6C41,taxonomy_instantiated,,0,structural_pattern,(?:非主谓句),(?:非主谓句),search,source_literal_retrieval_trigger,,"[""subject_or_topic"",""predicate"",""construction_marker"",""clause_boundary""]","[""候选包含与权威条目 【一31】 对齐的可定位触发线索。"",""候选满足模板槽位：subject_or_topic、predicate、construction_marker、clause_boundary。"",""候选按 structural_pattern 模式实现 句子的类型 / 句型 / 单句 所规定的语法功能。""]","[""触发线索存在，但候选边界未覆盖完整构式。"",""局部槽位可定位，但至少一个必需槽位仅得到弱支持。""]","[""触发线索只出现在标题、编号、术语或元语言说明中。"",""必需槽位缺失，且上下文不能恢复目标结构或目标功能。""]","[""相同表层形式可能实现 句型 中的非目标功能。"",""相邻构式共享触发形式，但槽位关系或语法功能不同。""]","[""目标用例"",""边界问题"",""表层触发但非目标"",""结构缺槽"",""语义不兼容"",""其他具体构式"",""不确定/需复核""]","[""target_status"",""candidate_boundary"",""slot_status"",""structural_functional_status"",""licensed_evidence"",""runtime_evidence"",""rule_source_trace""]",,not_available_source_literal_runtime,REF-GF0025-2021,,GF0025-2021 PDF pp.176–259,appendix_span_verified,verified_inventory,false,[],machine_compiled,source_anchored,not_claimed,static_audit_passed,machine_compiled_source_anchored_static_audited
DUV3-GF0025-2021-1-032-01,DiagnosticUnit,DPV3-GF0025-2021-1-032-01,DiagnosticProfile,RBV3-GF0025-2021-1-032-01,GF0025-2021-1-032,【一32】,1,32,句子的类型,句类,陈述句,1,01,陈述句,,unsplit_official_entry,,DTV3-TAX-6B48F706AFBB,taxonomy_instantiated,,0,structural_pattern,(?:陈述句),。,search,normalized_legacy_regex,,"[""subject_or_topic"",""predicate"",""construction_marker"",""clause_boundary""]","[""候选包含与权威条目 【一32】 对齐的可定位触发线索。"",""候选满足模板槽位：subject_or_topic、predicate、construction_marker、clause_boundary。"",""候选按 structural_pattern 模式实现 句子的类型 / 句类 / 陈述句 所规定的语法功能。""]","[""触发线索存在，但候选边界未覆盖完整构式。"",""局部槽位可定位，但至少一个必需槽位仅得到弱支持。""]","[""触发线索只出现在标题、编号、术语或元语言说明中。"",""必需槽位缺失，且上下文不能恢复目标结构或目标功能。""]","[""相同表层形式可能实现 句类 中的非目标功能。"",""相邻构式共享触发形式，但槽位关系或语法功能不同。""]","[""目标用例"",""边界问题"",""表层触发但非目标"",""结构缺槽"",""语义不兼容"",""其他具体构式"",""不确定/需复核""]","[""target_status"",""candidate_boundary"",""slot_status"",""structural_functional_status"",""licensed_evidence"",""runtime_evidence"",""rule_source_trace""]",。,normalized_compiles,REF-GF0025-2021,181,GF0025-2021 PDF p.181,ocr_detected,verified_inventory,false,[],machine_compiled,source_anchored,not_claimed,static_audit_passed,machine_compiled_source_anchored_static_audited
DUV3-GF0025-2021-1-033-01,DiagnosticUnit,DPV3-GF0025-2021-1-033-01,DiagnosticProfile,RBV3-GF0025-2021-1-033-01,GF0025-2021-1-033,【一33】,1,33,句子的类型,句类,疑问句,1,01,是非问句:...是...吗？,,numbered_usage,（1）,DTV3-TAX-D1298CFA7770,taxonomy_instantiated,,0,structural_pattern,(?:是非问句|吗|是),.+是.+吗？|.+什么？|.+是*.+还是.+？|.+没有？,search,normalized_legacy_regex_with_unit_specialization,(?:是非问句|吗|是),"[""subject_or_topic"",""predicate"",""construction_marker"",""clause_boundary""]","[""候选包含与权威条目 【一33】 对齐的可定位触发线索。"",""候选满足模板槽位：subject_or_topic、predicate、construction_marker、clause_boundary。"",""候选按 structural_pattern 模式实现 句子的类型 / 句类 / 疑问句 所规定的语法功能。""]","[""触发线索存在，但候选边界未覆盖完整构式。"",""局部槽位可定位，但至少一个必需槽位仅得到弱支持。""]","[""触发线索只出现在标题、编号、术语或元语言说明中。"",""必需槽位缺失，且上下文不能恢复目标结构或目标功能。""]","[""相同表层形式可能实现 句类 中的非目标功能。"",""相邻构式共享触发形式，但槽位关系或语法功能不同。""]","[""目标用例"",""边界问题"",""表层触发但非目标"",""结构缺槽"",""语义不兼容"",""其他具体构式"",""不确定/需复核""]","[""target_status"",""candidate_boundary"",""slot_status"",""structural_functional_status"",""licensed_evidence"",""runtime_evidence"",""rule_source_trace""]",.+是.+吗？|.+什么？|.+是*.+还是.+？|.+没有？,normalized_compiles,REF-GF0025-2021,181,GF0025-2021 PDF p.181,ocr_detected,verified_inventory,false,[],machine_compiled,source_anchored,not_claimed,static_audit_passed,machine_compiled_source_anchored_static_audited
DUV3-GF0025-2021-1-033-02,DiagnosticUnit,DPV3-GF0025-2021-1-033-02,DiagnosticProfile,RBV3-GF0025-2021-1-033-02,GF0025-2021-1-033,【一33】,1,33,句子的类型,句类,疑问句,2,02,特指问句：…什么？,,numbered_usage,（2）,DTV3-TAX-D1298CFA7770,taxonomy_instantiated,,0,structural_pattern,(?:特指问句|什么),.+是.+吗？|.+什么？|.+是*.+还是.+？|.+没有？,search,normalized_legacy_regex_with_unit_specialization,(?:特指问句|什么),"[""subject_or_topic"",""predicate"",""construction_marker"",""clause_boundary""]","[""候选包含与权威条目 【一33】 对齐的可定位触发线索。"",""候选满足模板槽位：subject_or_topic、predicate、construction_marker、clause_boundary。"",""候选按 structural_pattern 模式实现 句子的类型 / 句类 / 疑问句 所规定的语法功能。""]","[""触发线索存在，但候选边界未覆盖完整构式。"",""局部槽位可定位，但至少一个必需槽位仅得到弱支持。""]","[""触发线索只出现在标题、编号、术语或元语言说明中。"",""必需槽位缺失，且上下文不能恢复目标结构或目标功能。""]","[""相同表层形式可能实现 句类 中的非目标功能。"",""相邻构式共享触发形式，但槽位关系或语法功能不同。""]","[""目标用例"",""边界问题"",""表层触发但非目标"",""结构缺槽"",""语义不兼容"",""其他具体构式"",""不确定/需复核""]","[""target_status"",""candidate_boundary"",""slot_status"",""structural_functional_status"",""licensed_evidence"",""runtime_evidence"",""rule_source_trace""]",.+是.+吗？|.+什么？|.+是*.+还是.+？|.+没有？,normalized_compiles,REF-GF0025-2021,181,GF0025-2021 PDF p.181,ocr_detected,verified_inventory,false,[],machine_compiled,source_anchored,not_claimed,static_audit_passed,machine_compiled_source_anchored_static_audited
DUV3-GF0025-2021-1-033-03,DiagnosticUnit,DPV3-GF0025-2021-1-033-03,DiagnosticProfile,RBV3-GF0025-2021-1-033-03,GF0025-2021-1-033,【一33】,1,33,句子的类型,句类,疑问句,3,03,选择问句:…(是)…还是…?,,numbered_usage,（3）,DTV3-TAX-D1298CFA7770,taxonomy_instantiated,,0,structural_pattern,(?:选择问句|还是|是),.+是.+吗？|.+什么？|.+是*.+还是.+？|.+没有？,search,normalized_legacy_regex_with_unit_specialization,(?:选择问句|还是|是),"[""subject_or_topic"",""predicate"",""construction_marker"",""clause_boundary""]","[""候选包含与权威条目 【一33】 对齐的可定位触发线索。"",""候选满足模板槽位：subject_or_topic、predicate、construction_marker、clause_boundary。"",""候选按 structural_pattern 模式实现 句子的类型 / 句类 / 疑问句 所规定的语法功能。""]","[""触发线索存在，但候选边界未覆盖完整构式。"",""局部槽位可定位，但至少一个必需槽位仅得到弱支持。""]","[""触发线索只出现在标题、编号、术语或元语言说明中。"",""必需槽位缺失，且上下文不能恢复目标结构或目标功能。""]","[""相同表层形式可能实现 句类 中的非目标功能。"",""相邻构式共享触发形式，但槽位关系或语法功能不同。""]","[""目标用例"",""边界问题"",""表层触发但非目标"",""结构缺槽"",""语义不兼容"",""其他具体构式"",""不确定/需复核""]","[""target_status"",""candidate_boundary"",""slot_status"",""structural_functional_status"",""licensed_evidence"",""runtime_evidence"",""rule_source_trace""]",.+是.+吗？|.+什么？|.+是*.+还是.+？|.+没有？,normalized_compiles,REF-GF0025-2021,181,GF0025-2021 PDF p.181,ocr_detected,verified_inventory,false,[],machine_compiled,source_anchored,not_claimed,static_audit_passed,machine_compiled_source_anchored_static_audited
DUV3-GF0025-2021-1-033-04,DiagnosticUnit,DPV3-GF0025-2021-1-033-04,DiagnosticProfile,RBV3-GF0025-2021-1-033-04,GF0025-2021-1-033,【一33】,1,33,句子的类型,句类,疑问句,4,04,正反问句：.没有？/,,numbered_usage,（4）,DTV3-TAX-D1298CFA7770,taxonomy_instantiated,,0,structural_pattern,(?:正反问句|没有),.+是.+吗？|.+什么？|.+是*.+还是.+？|.+没有？,search,normalized_legacy_regex_with_unit_specialization,(?:正反问句|没有),"[""subject_or_topic"",""predicate"",""construction_marker"",""clause_boundary""]","[""候选包含与权威条目 【一33】 对齐的可定位触发线索。"",""候选满足模板槽位：subject_or_topic、predicate、construction_marker、clause_boundary。"",""候选按 structural_pattern 模式实现 句子的类型 / 句类 / 疑问句 所规定的语法功能。""]","[""触发线索存在，但候选边界未覆盖完整构式。"",""局部槽位可定位，但至少一个必需槽位仅得到弱支持。""]","[""触发线索只出现在标题、编号、术语或元语言说明中。"",""必需槽位缺失，且上下文不能恢复目标结构或目标功能。""]","[""相同表层形式可能实现 句类 中的非目标功能。"",""相邻构式共享触发形式，但槽位关系或语法功能不同。""]","[""目标用例"",""边界问题"",""表层触发但非目标"",""结构缺槽"",""语义不兼容"",""其他具体构式"",""不确定/需复核""]","[""target_status"",""candidate_boundary"",""slot_status"",""structural_functional_status"",""licensed_evidence"",""runtime_evidence"",""rule_source_trace""]",.+是.+吗？|.+什么？|.+是*.+还是.+？|.+没有？,normalized_compiles,REF-GF0025-2021,181,GF0025-2021 PDF p.181,ocr_detected,verified_inventory,false,[],machine_compiled,source_anchored,not_claimed,static_audit_passed,machine_compiled_source_anchored_static_audited
DUV3-GF0025-2021-1-034-01,DiagnosticUnit,DPV3-GF0025-2021-1-034-01,DiagnosticProfile,RBV3-GF0025-2021-1-034-01,GF0025-2021-1-034,【一34】,1,34,句子的类型,句类,祈使句,1,01,祈使句,,unsplit_official_entry,,DTV3-TAX-F3833B2E170A,taxonomy_instantiated,,0,structural_pattern,(?:祈使句),！,search,normalized_legacy_regex,,"[""subject_or_topic"",""predicate"",""construction_marker"",""clause_boundary""]","[""候选包含与权威条目 【一34】 对齐的可定位触发线索。"",""候选满足模板槽位：subject_or_topic、predicate、construction_marker、clause_boundary。"",""候选按 structural_pattern 模式实现 句子的类型 / 句类 / 祈使句 所规定的语法功能。""]","[""触发线索存在，但候选边界未覆盖完整构式。"",""局部槽位可定位，但至少一个必需槽位仅得到弱支持。""]","[""触发线索只出现在标题、编号、术语或元语言说明中。"",""必需槽位缺失，且上下文不能恢复目标结构或目标功能。""]","[""相同表层形式可能实现 句类 中的非目标功能。"",""相邻构式共享触发形式，但槽位关系或语法功能不同。""]","[""目标用例"",""边界问题"",""表层触发但非目标"",""结构缺槽"",""语义不兼容"",""其他具体构式"",""不确定/需复核""]","[""target_status"",""candidate_boundary"",""slot_status"",""structural_functional_status"",""licensed_evidence"",""runtime_evidence"",""rule_source_trace""]",！,normalized_compiles,REF-GF0025-2021,181,GF0025-2021 PDF p.181,ocr_detected,verified_inventory,false,[],machine_compiled,source_anchored,not_claimed,static_audit_passed,machine_compiled_source_anchored_static_audited
DUV3-GF0025-2021-1-035-01,DiagnosticUnit,DPV3-GF0025-2021-1-035-01,DiagnosticProfile,RBV3-GF0025-2021-1-035-01,GF0025-2021-1-035,【一35】,1,35,句子的类型,句类,感叹句,1,01,感叹句,,unsplit_official_entry,,DTV3-TAX-194C7F6A491B,taxonomy_instantiated,,0,structural_pattern,(?:感叹句),！,search,normalized_legacy_regex,,"[""subject_or_topic"",""predicate"",""construction_marker"",""clause_boundary""]","[""候选包含与权威条目 【一35】 对齐的可定位触发线索。"",""候选满足模板槽位：subject_or_topic、predicate、construction_marker、clause_boundary。"",""候选按 structural_pattern 模式实现 句子的类型 / 句类 / 感叹句 所规定的语法功能。""]","[""触发线索存在，但候选边界未覆盖完整构式。"",""局部槽位可定位，但至少一个必需槽位仅得到弱支持。""]","[""触发线索只出现在标题、编号、术语或元语言说明中。"",""必需槽位缺失，且上下文不能恢复目标结构或目标功能。""]","[""相同表层形式可能实现 句类 中的非目标功能。"",""相邻构式共享触发形式，但槽位关系或语法功能不同。""]","[""目标用例"",""边界问题"",""表层触发但非目标"",""结构缺槽"",""语义不兼容"",""其他具体构式"",""不确定/需复核""]","[""target_status"",""candidate_boundary"",""slot_status"",""structural_functional_status"",""licensed_evidence"",""runtime_evidence"",""rule_source_trace""]",！,normalized_compiles,REF-GF0025-2021,181,GF0025-2021 PDF p.181,ocr_detected,verified_inventory,false,[],machine_compiled,source_anchored,not_claimed,static_audit_passed,machine_compiled_source_anchored_static_audited
DUV3-GF0025-2021-1-036-01,DiagnosticUnit,DPV3-GF0025-2021-1-036-01,DiagnosticProfile,RBV3-GF0025-2021-1-036-01,GF0025-2021-1-036,【一36】,1,36,句子的类型,特殊句型,“是”字句,1,01,表示等同或类属,,numbered_usage,（1）,DTV3-TAX-0161FC1508B5,taxonomy_instantiated,,0,complex_functional,(?:表示等同或类属|等同或类属),(?:表示等同或类属|等同或类属),search,source_literal_retrieval_trigger,,"[""subject_or_topic"",""predicate"",""construction_marker"",""clause_boundary""]","[""候选包含与权威条目 【一36】 对齐的可定位触发线索。"",""候选满足模板槽位：subject_or_topic、predicate、construction_marker、clause_boundary。"",""候选按 complex_functional 模式实现 句子的类型 / 特殊句型 / “是”字句 所规定的语法功能。""]","[""触发线索存在，但候选边界未覆盖完整构式。"",""局部槽位可定位，但至少一个必需槽位仅得到弱支持。""]","[""触发线索只出现在标题、编号、术语或元语言说明中。"",""必需槽位缺失，且上下文不能恢复目标结构或目标功能。""]","[""相同表层形式可能实现 特殊句型 中的非目标功能。"",""相邻构式共享触发形式，但槽位关系或语法功能不同。""]","[""目标用例"",""边界问题"",""表层触发但非目标"",""结构缺槽"",""语义不兼容"",""其他具体构式"",""不确定/需复核""]","[""target_status"",""candidate_boundary"",""slot_status"",""structural_functional_status"",""licensed_evidence"",""runtime_evidence"",""rule_source_trace""]",,not_available_source_literal_runtime,REF-GF0025-2021,182,GF0025-2021 PDF p.182,ocr_detected,verified_inventory,false,[],machine_compiled,source_anchored,not_claimed,static_audit_passed,machine_compiled_source_anchored_static_audited
DUV3-GF0025-2021-1-036-02,DiagnosticUnit,DPV3-GF0025-2021-1-036-02,DiagnosticProfile,RBV3-GF0025-2021-1-036-02,GF0025-2021-1-036,【一36】,1,36,句子的类型,特殊句型,“是”字句,2,02,表示说明或特征,,numbered_usage,（2）,DTV3-TAX-0161FC1508B5,taxonomy_instantiated,,0,complex_functional,(?:表示说明或特征|说明或特征),(?:表示说明或特征|说明或特征),search,source_literal_retrieval_trigger,,"[""subject_or_topic"",""predicate"",""construction_marker"",""clause_boundary""]","[""候选包含与权威条目 【一36】 对齐的可定位触发线索。"",""候选满足模板槽位：subject_or_topic、predicate、construction_marker、clause_boundary。"",""候选按 complex_functional 模式实现 句子的类型 / 特殊句型 / “是”字句 所规定的语法功能。""]","[""触发线索存在，但候选边界未覆盖完整构式。"",""局部槽位可定位，但至少一个必需槽位仅得到弱支持。""]","[""触发线索只出现在标题、编号、术语或元语言说明中。"",""必需槽位缺失，且上下文不能恢复目标结构或目标功能。""]","[""相同表层形式可能实现 特殊句型 中的非目标功能。"",""相邻构式共享触发形式，但槽位关系或语法功能不同。""]","[""目标用例"",""边界问题"",""表层触发但非目标"",""结构缺槽"",""语义不兼容"",""其他具体构式"",""不确定/需复核""]","[""target_status"",""candidate_boundary"",""slot_status"",""structural_functional_status"",""licensed_evidence"",""runtime_evidence"",""rule_source_trace""]",,not_available_source_literal_runtime,REF-GF0025-2021,182,GF0025-2021 PDF p.182,ocr_detected,verified_inventory,false,[],machine_compiled,source_anchored,not_claimed,static_audit_passed,machine_compiled_source_anchored_static_audited
DUV3-GF0025-2021-1-036-03,DiagnosticUnit,DPV3-GF0025-2021-1-036-03,DiagnosticProfile,RBV3-GF0025-2021-1-036-03,GF0025-2021-1-036,【一36】,1,36,句子的类型,特殊句型,“是”字句,3,03,表示存在,,numbered_usage,（3）,DTV3-TAX-0161FC1508B5,taxonomy_instantiated,,0,complex_functional,(?:表示存在|存在),(?:表示存在|存在),search,source_literal_retrieval_trigger,,"[""subject_or_topic"",""predicate"",""construction_marker"",""clause_boundary""]","[""候选包含与权威条目 【一36】 对齐的可定位触发线索。"",""候选满足模板槽位：subject_or_topic、predicate、construction_marker、clause_boundary。"",""候选按 complex_functional 模式实现 句子的类型 / 特殊句型 / “是”字句 所规定的语法功能。""]","[""触发线索存在，但候选边界未覆盖完整构式。"",""局部槽位可定位，但至少一个必需槽位仅得到弱支持。""]","[""触发线索只出现在标题、编号、术语或元语言说明中。"",""必需槽位缺失，且上下文不能恢复目标结构或目标功能。""]","[""相同表层形式可能实现 特殊句型 中的非目标功能。"",""相邻构式共享触发形式，但槽位关系或语法功能不同。""]","[""目标用例"",""边界问题"",""表层触发但非目标"",""结构缺槽"",""语义不兼容"",""其他具体构式"",""不确定/需复核""]","[""target_status"",""candidate_boundary"",""slot_status"",""structural_functional_status"",""licensed_evidence"",""runtime_evidence"",""rule_source_trace""]",,not_available_source_literal_runtime,REF-GF0025-2021,182,GF0025-2021 PDF p.182,ocr_detected,verified_inventory,false,[],machine_compiled,source_anchored,not_claimed,static_audit_passed,machine_compiled_source_anchored_static_audited
DUV3-GF0025-2021-1-037-01,DiagnosticUnit,DPV3-GF0025-2021-1-037-01,DiagnosticProfile,RBV3-GF0025-2021-1-037-01,GF0025-2021-1-037,【一37】,1,37,句子的类型,特殊句型,“有”字句,1,01,表示领有,“有”字句1,numbered_usage,（1）,DTV3-TAX-E3F2045A4AA0,taxonomy_instantiated,,0,complex_functional,(?:表示领有|领有),(?:表示领有|领有),search,source_literal_retrieval_trigger,,"[""subject_or_topic"",""predicate"",""construction_marker"",""clause_boundary""]","[""候选包含与权威条目 【一37】 对齐的可定位触发线索。"",""候选满足模板槽位：subject_or_topic、predicate、construction_marker、clause_boundary。"",""候选按 complex_functional 模式实现 句子的类型 / 特殊句型 / “有”字句 所规定的语法功能。""]","[""触发线索存在，但候选边界未覆盖完整构式。"",""局部槽位可定位，但至少一个必需槽位仅得到弱支持。""]","[""触发线索只出现在标题、编号、术语或元语言说明中。"",""必需槽位缺失，且上下文不能恢复目标结构或目标功能。""]","[""相同表层形式可能实现 特殊句型 中的非目标功能。"",""相邻构式共享触发形式，但槽位关系或语法功能不同。""]","[""目标用例"",""边界问题"",""表层触发但非目标"",""结构缺槽"",""语义不兼容"",""其他具体构式"",""不确定/需复核""]","[""target_status"",""candidate_boundary"",""slot_status"",""structural_functional_status"",""licensed_evidence"",""runtime_evidence"",""rule_source_trace""]",,not_available_source_literal_runtime,REF-GF0025-2021,182,GF0025-2021 PDF p.182,ocr_detected,verified_inventory,false,[],machine_compiled,source_anchored,not_claimed,static_audit_passed,machine_compiled_source_anchored_static_audited
DUV3-GF0025-2021-1-037-02,DiagnosticUnit,DPV3-GF0025-2021-1-037-02,DiagnosticProfile,RBV3-GF0025-2021-1-037-02,GF0025-2021-1-037,【一37】,1,37,句子的类型,特殊句型,“有”字句,2,02,表示存在,“有”字句1,numbered_usage,（2）,DTV3-TAX-E3F2045A4AA0,taxonomy_instantiated,,0,complex_functional,(?:表示存在|存在),(?:表示存在|存在),search,source_literal_retrieval_trigger,,"[""subject_or_topic"",""predicate"",""construction_marker"",""clause_boundary""]","[""候选包含与权威条目 【一37】 对齐的可定位触发线索。"",""候选满足模板槽位：subject_or_topic、predicate、construction_marker、clause_boundary。"",""候选按 complex_functional 模式实现 句子的类型 / 特殊句型 / “有”字句 所规定的语法功能。""]","[""触发线索存在，但候选边界未覆盖完整构式。"",""局部槽位可定位，但至少一个必需槽位仅得到弱支持。""]","[""触发线索只出现在标题、编号、术语或元语言说明中。"",""必需槽位缺失，且上下文不能恢复目标结构或目标功能。""]","[""相同表层形式可能实现 特殊句型 中的非目标功能。"",""相邻构式共享触发形式，但槽位关系或语法功能不同。""]","[""目标用例"",""边界问题"",""表层触发但非目标"",""结构缺槽"",""语义不兼容"",""其他具体构式"",""不确定/需复核""]","[""target_status"",""candidate_boundary"",""slot_status"",""structural_functional_status"",""licensed_evidence"",""runtime_evidence"",""rule_source_trace""]",,not_available_source_literal_runtime,REF-GF0025-2021,182,GF0025-2021 PDF p.182,ocr_detected,verified_inventory,false,[],machine_compiled,source_anchored,not_claimed,static_audit_passed,machine_compiled_source_anchored_static_audited
DUV3-GF0025-2021-1-038-01,DiagnosticUnit,DPV3-GF0025-2021-1-038-01,DiagnosticProfile,RBV3-GF0025-2021-1-038-01,GF0025-2021-1-038,【一38】,1,38,句子的类型,特殊句型,比较句,1,01,A比B +形容词,比较句1,numbered_usage,（1）,DTV3-SEED-08BB8899E67F,seed_reused,比字比较候选,120,structural_pattern,(?:形容词|比),(?:形容词|比),search,source_literal_retrieval_trigger,,"[""comparison_subject"",""comparison_marker"",""comparison_object"",""comparison_dimension""]","[""存在比较主体、比较对象和比较维度。"",""“比”引出比较对象而非其他介词功能。""]","[""差量或程度成分边界不完整，但比较关系可定位。""]","[""“比”出现在编号、比例、术语或非比较关系中。""]","[""与否定“没有”混淆""]","[""目标用例"",""边界问题"",""表层触发但非目标"",""结构缺槽"",""语义不兼容"",""其他具体构式"",""不确定/需复核""]","[""target_status"",""candidate_boundary"",""slot_status"",""structural_functional_status"",""licensed_evidence"",""runtime_evidence"",""rule_source_trace""]",,not_available_source_literal_runtime,REF-GF0025-2021,182,GF0025-2021 PDF p.182,ocr_detected,verified_inventory,false,[],machine_compiled,source_anchored,not_claimed,static_audit_passed,machine_compiled_source_anchored_static_audited
DUV3-GF0025-2021-1-038-02,DiagnosticUnit,DPV3-GF0025-2021-1-038-02,DiagnosticProfile,RBV3-GF0025-2021-1-038-02,GF0025-2021-1-038,【一38】,1,38,句子的类型,特殊句型,比较句,2,02,A没有B +形容词,比较句1,numbered_usage,（2）,DTV3-SEED-197DDF8736A0,seed_reused,没有比较候选,120,structural_pattern,(?:形容词|没有),(?:形容词|没有),search,source_literal_retrieval_trigger,,"[""comparison_subject"",""comparison_marker"",""comparison_object"",""comparison_dimension""]","[""候选片段包含或可解释出“没有比较”相关标记/结构线索。"",""候选片段满足所属语法家族的核心槽位要求：比较主体、比较标记、比较对象、比较维度/谓词、差量/程度成分。"",""候选片段在原句中承担该语法点的实际语法功能，而非仅有表层词形。""]","[""结构大体可定位但边界过短或过长。"",""标记存在但核心槽位需要结合上下文复核。""]","[""候选片段只是术语、标题、编号、残片或 OCR 混杂内容。"",""只有表层标记，无法构成所属语法家族的核心结构。""]","[""只有表层标记""]","[""目标用例"",""边界问题"",""表层触发但非目标"",""结构缺槽"",""语义不兼容"",""其他具体构式"",""不确定/需复核""]","[""target_status"",""candidate_boundary"",""slot_status"",""structural_functional_status"",""licensed_evidence"",""runtime_evidence"",""rule_source_trace""]",,not_available_source_literal_runtime,REF-GF0025-2021,182,GF0025-2021 PDF p.182,ocr_detected,verified_inventory,false,[],machine_compiled,source_anchored,not_claimed,static_audit_passed,machine_compiled_source_anchored_static_audited
DUV3-GF0025-2021-1-039-01,DiagnosticUnit,DPV3-GF0025-2021-1-039-01,DiagnosticProfile,RBV3-GF0025-2021-1-039-01,GF0025-2021-1-039,【一39】,1,39,句子的类型,复句,并列复句,1,01,不用关联词语,,numbered_usage,（1）,DTV3-TAX-A5230521300C,taxonomy_instantiated,,0,structural_pattern,(?:不用关联词语),一边.+，一边.+|.+，也.+,search,normalized_legacy_regex,,"[""clause_1"",""relation_marker"",""clause_2"",""logical_relation""]","[""候选包含与权威条目 【一39】 对齐的可定位触发线索。"",""候选满足模板槽位：clause_1、relation_marker、clause_2、logical_relation。"",""候选按 structural_pattern 模式实现 句子的类型 / 复句 / 并列复句 所规定的语法功能。""]","[""触发线索存在，但候选边界未覆盖完整构式。"",""局部槽位可定位，但至少一个必需槽位仅得到弱支持。""]","[""触发线索只出现在标题、编号、术语或元语言说明中。"",""必需槽位缺失，且上下文不能恢复目标结构或目标功能。""]","[""相同表层形式可能实现 复句 中的非目标功能。"",""相邻构式共享触发形式，但槽位关系或语法功能不同。""]","[""目标用例"",""边界问题"",""表层触发但非目标"",""结构缺槽"",""语义不兼容"",""其他具体构式"",""不确定/需复核""]","[""target_status"",""candidate_boundary"",""slot_status"",""structural_functional_status"",""licensed_evidence"",""runtime_evidence"",""rule_source_trace""]",一边.+，一边.+|.+，也.+,normalized_compiles,REF-GF0025-2021,,GF0025-2021 PDF pp.176–259,appendix_span_verified,verified_inventory,false,[],machine_compiled,source_anchored,not_claimed,static_audit_passed,machine_compiled_source_anchored_static_audited
DUV3-GF0025-2021-1-039-02,DiagnosticUnit,DPV3-GF0025-2021-1-039-02,DiagnosticProfile,RBV3-GF0025-2021-1-039-02,GF0025-2021-1-039,【一39】,1,39,句子的类型,复句,并列复句,2,02,用关联词语：一边……，一边……；……，也……,,numbered_usage,（2）,DTV3-SEED-858701EBCD1F,seed_reused,一边...一边候选,125,structural_pattern,(?:用关联词语|一边|也),一边.+，一边.+|.+，也.+,search,normalized_legacy_regex_with_unit_specialization,(?:用关联词语|一边|也),"[""clause_1"",""relation_marker_1"",""clause_2"",""relation_marker_2""]","[""候选片段包含或可解释出“一边...一边”相关标记/结构线索。"",""候选片段满足所属语法家族的核心槽位要求：前项关联标记、前项分句、后项关联标记、后项分句、逻辑关系。"",""候选片段在原句中承担该语法点的实际语法功能，而非仅有表层词形。""]","[""结构大体可定位但边界过短或过长。"",""标记存在但核心槽位需要结合上下文复核。""]","[""候选片段只是术语、标题、编号、残片或 OCR 混杂内容。"",""只有表层标记，无法构成所属语法家族的核心结构。""]","[""只有表层标记""]","[""目标用例"",""边界问题"",""表层触发但非目标"",""结构缺槽"",""语义不兼容"",""其他具体构式"",""不确定/需复核""]","[""target_status"",""candidate_boundary"",""slot_status"",""structural_functional_status"",""licensed_evidence"",""runtime_evidence"",""rule_source_trace""]",一边.+，一边.+|.+，也.+,normalized_compiles,REF-GF0025-2021,,GF0025-2021 PDF pp.176–259,appendix_span_verified,verified_inventory,false,[],machine_compiled,source_anchored,not_claimed,static_audit_passed,machine_compiled_source_anchored_static_audited
DUV3-GF0025-2021-1-040-01,DiagnosticUnit,DPV3-GF0025-2021-1-040-01,DiagnosticProfile,RBV3-GF0025-2021-1-040-01,GF0025-2021-1-040,【一40】,1,40,动作的态,动作的态,变化态,1,01,用语气助词“了2”表示,,unsplit_official_entry,,DTV3-TAX-3EA5776ABACD,taxonomy_instantiated,,0,complex_functional,(?:用语气助词|了2|了),了$,search,normalized_legacy_regex,,"[""predicate"",""aspect_marker"",""event_state""]","[""候选包含与权威条目 【一40】 对齐的可定位触发线索。"",""候选满足模板槽位：predicate、aspect_marker、event_state。"",""候选按 complex_functional 模式实现 动作的态 / 动作的态 / 变化态 所规定的语法功能。""]","[""触发线索存在，但候选边界未覆盖完整构式。"",""局部槽位可定位，但至少一个必需槽位仅得到弱支持。""]","[""触发线索只出现在标题、编号、术语或元语言说明中。"",""必需槽位缺失，且上下文不能恢复目标结构或目标功能。""]","[""相同表层形式可能实现 动作的态 中的非目标功能。"",""相邻构式共享触发形式，但槽位关系或语法功能不同。""]","[""目标用例"",""边界问题"",""表层触发但非目标"",""结构缺槽"",""语义不兼容"",""其他具体构式"",""不确定/需复核""]","[""target_status"",""candidate_boundary"",""slot_status"",""structural_functional_status"",""licensed_evidence"",""runtime_evidence"",""rule_source_trace""]",了$,normalized_compiles,REF-GF0025-2021,183,GF0025-2021 PDF p.183,ocr_detected,verified_inventory,false,[],machine_compiled,source_anchored,not_claimed,static_audit_passed,machine_compiled_source_anchored_static_audited
DUV3-GF0025-2021-1-041-01,DiagnosticUnit,DPV3-GF0025-2021-1-041-01,DiagnosticProfile,RBV3-GF0025-2021-1-041-01,GF0025-2021-1-041,【一41】,1,41,动作的态,动作的态,完成态,1,01,用动态助词“了1”表示,,unsplit_official_entry,,DTV3-TAX-BC02F0262E7C,taxonomy_instantiated,,0,complex_functional,(?:用动态助词|了1|了),了$,search,normalized_legacy_regex,,"[""predicate"",""aspect_marker"",""event_state""]","[""候选包含与权威条目 【一41】 对齐的可定位触发线索。"",""候选满足模板槽位：predicate、aspect_marker、event_state。"",""候选按 complex_functional 模式实现 动作的态 / 动作的态 / 完成态 所规定的语法功能。""]","[""触发线索存在，但候选边界未覆盖完整构式。"",""局部槽位可定位，但至少一个必需槽位仅得到弱支持。""]","[""触发线索只出现在标题、编号、术语或元语言说明中。"",""必需槽位缺失，且上下文不能恢复目标结构或目标功能。""]","[""相同表层形式可能实现 动作的态 中的非目标功能。"",""相邻构式共享触发形式，但槽位关系或语法功能不同。""]","[""目标用例"",""边界问题"",""表层触发但非目标"",""结构缺槽"",""语义不兼容"",""其他具体构式"",""不确定/需复核""]","[""target_status"",""candidate_boundary"",""slot_status"",""structural_functional_status"",""licensed_evidence"",""runtime_evidence"",""rule_source_trace""]",了$,normalized_compiles,REF-GF0025-2021,183,GF0025-2021 PDF p.183,ocr_detected,verified_inventory,false,[],machine_compiled,source_anchored,not_claimed,static_audit_passed,machine_compiled_source_anchored_static_audited
DUV3-GF0025-2021-1-042-01,DiagnosticUnit,DPV3-GF0025-2021-1-042-01,DiagnosticProfile,RBV3-GF0025-2021-1-042-01,GF0025-2021-1-042,【一42】,1,42,动作的态,动作的态,进行态,1,01,……在/正在+动词,,numbered_usage,（1）,DTV3-TAX-DFC884C9C86A,taxonomy_instantiated,,0,structural_pattern,(?:动词|正在|在),(?:动词|正在|在),search,source_literal_retrieval_trigger,,"[""predicate"",""aspect_marker"",""event_state""]","[""候选包含与权威条目 【一42】 对齐的可定位触发线索。"",""候选满足模板槽位：predicate、aspect_marker、event_state。"",""候选按 structural_pattern 模式实现 动作的态 / 动作的态 / 进行态 所规定的语法功能。""]","[""触发线索存在，但候选边界未覆盖完整构式。"",""局部槽位可定位，但至少一个必需槽位仅得到弱支持。""]","[""触发线索只出现在标题、编号、术语或元语言说明中。"",""必需槽位缺失，且上下文不能恢复目标结构或目标功能。""]","[""相同表层形式可能实现 动作的态 中的非目标功能。"",""相邻构式共享触发形式，但槽位关系或语法功能不同。""]","[""目标用例"",""边界问题"",""表层触发但非目标"",""结构缺槽"",""语义不兼容"",""其他具体构式"",""不确定/需复核""]","[""target_status"",""candidate_boundary"",""slot_status"",""structural_functional_status"",""licensed_evidence"",""runtime_evidence"",""rule_source_trace""]",,not_available_source_literal_runtime,REF-GF0025-2021,183,GF0025-2021 PDF p.183,ocr_detected,verified_inventory,false,[],machine_compiled,source_anchored,not_claimed,static_audit_passed,machine_compiled_source_anchored_static_audited
DUV3-GF0025-2021-1-042-02,DiagnosticUnit,DPV3-GF0025-2021-1-042-02,DiagnosticProfile,RBV3-GF0025-2021-1-042-02,GF0025-2021-1-042,【一42】,1,42,动作的态,动作的态,进行态,2,02,……在/正/正在+动词……+呢,,numbered_usage,（2）,DTV3-TAX-DFC884C9C86A,taxonomy_instantiated,,0,structural_pattern,(?:动词|正在|呢|在|正),(?:动词|正在|呢|在|正),search,source_literal_retrieval_trigger,,"[""predicate"",""aspect_marker"",""event_state""]","[""候选包含与权威条目 【一42】 对齐的可定位触发线索。"",""候选满足模板槽位：predicate、aspect_marker、event_state。"",""候选按 structural_pattern 模式实现 动作的态 / 动作的态 / 进行态 所规定的语法功能。""]","[""触发线索存在，但候选边界未覆盖完整构式。"",""局部槽位可定位，但至少一个必需槽位仅得到弱支持。""]","[""触发线索只出现在标题、编号、术语或元语言说明中。"",""必需槽位缺失，且上下文不能恢复目标结构或目标功能。""]","[""相同表层形式可能实现 动作的态 中的非目标功能。"",""相邻构式共享触发形式，但槽位关系或语法功能不同。""]","[""目标用例"",""边界问题"",""表层触发但非目标"",""结构缺槽"",""语义不兼容"",""其他具体构式"",""不确定/需复核""]","[""target_status"",""candidate_boundary"",""slot_status"",""structural_functional_status"",""licensed_evidence"",""runtime_evidence"",""rule_source_trace""]",,not_available_source_literal_runtime,REF-GF0025-2021,183,GF0025-2021 PDF p.183,ocr_detected,verified_inventory,false,[],machine_compiled,source_anchored,not_claimed,static_audit_passed,machine_compiled_source_anchored_static_audited
DUV3-GF0025-2021-1-042-03,DiagnosticUnit,DPV3-GF0025-2021-1-042-03,DiagnosticProfile,RBV3-GF0025-2021-1-042-03,GF0025-2021-1-042,【一42】,1,42,动作的态,动作的态,进行态,3,03,……呢,,numbered_usage,（3）,DTV3-TAX-DFC884C9C86A,taxonomy_instantiated,,0,structural_pattern,(?:……呢|呢),(?:……呢|呢),search,source_literal_retrieval_trigger,,"[""predicate"",""aspect_marker"",""event_state""]","[""候选包含与权威条目 【一42】 对齐的可定位触发线索。"",""候选满足模板槽位：predicate、aspect_marker、event_state。"",""候选按 structural_pattern 模式实现 动作的态 / 动作的态 / 进行态 所规定的语法功能。""]","[""触发线索存在，但候选边界未覆盖完整构式。"",""局部槽位可定位，但至少一个必需槽位仅得到弱支持。""]","[""触发线索只出现在标题、编号、术语或元语言说明中。"",""必需槽位缺失，且上下文不能恢复目标结构或目标功能。""]","[""相同表层形式可能实现 动作的态 中的非目标功能。"",""相邻构式共享触发形式，但槽位关系或语法功能不同。""]","[""目标用例"",""边界问题"",""表层触发但非目标"",""结构缺槽"",""语义不兼容"",""其他具体构式"",""不确定/需复核""]","[""target_status"",""candidate_boundary"",""slot_status"",""structural_functional_status"",""licensed_evidence"",""runtime_evidence"",""rule_source_trace""]",,not_available_source_literal_runtime,REF-GF0025-2021,183,GF0025-2021 PDF p.183,ocr_detected,verified_inventory,false,[],machine_compiled,source_anchored,not_claimed,static_audit_passed,machine_compiled_source_anchored_static_audited
DUV3-GF0025-2021-1-043-01,DiagnosticUnit,DPV3-GF0025-2021-1-043-01,DiagnosticProfile,RBV3-GF0025-2021-1-043-01,GF0025-2021-1-043,【一43】,1,43,特殊表达法,数的表示法,,1,01,钱数表示法,,unsplit_official_entry,,DTV3-TAX-92495A46D25D,taxonomy_instantiated,,0,complex_functional,(?:钱数表示法|钱数|法),(?:钱数表示法|钱数|法),search,source_literal_retrieval_trigger,,"[""trigger"",""local_context"",""construction_boundary""]","[""候选包含与权威条目 【一43】 对齐的可定位触发线索。"",""候选满足模板槽位：trigger、local_context、construction_boundary。"",""候选按 complex_functional 模式实现 特殊表达法 / 数的表示法 / 未列小项 所规定的语法功能。""]","[""触发线索存在，但候选边界未覆盖完整构式。"",""局部槽位可定位，但至少一个必需槽位仅得到弱支持。""]","[""触发线索只出现在标题、编号、术语或元语言说明中。"",""必需槽位缺失，且上下文不能恢复目标结构或目标功能。""]","[""相同表层形式可能实现 数的表示法 中的非目标功能。"",""相邻构式共享触发形式，但槽位关系或语法功能不同。""]","[""目标用例"",""边界问题"",""表层触发但非目标"",""结构缺槽"",""语义不兼容"",""其他具体构式"",""不确定/需复核""]","[""target_status"",""candidate_boundary"",""slot_status"",""structural_functional_status"",""licensed_evidence"",""runtime_evidence"",""rule_source_trace""]",,not_available_source_literal_runtime,REF-GF0025-2021,183,GF0025-2021 PDF p.183,ocr_detected,verified_inventory,false,[],machine_compiled,source_anchored,not_claimed,static_audit_passed,machine_compiled_source_anchored_static_audited
DUV3-GF0025-2021-1-044-01,DiagnosticUnit,DPV3-GF0025-2021-1-044-01,DiagnosticProfile,RBV3-GF0025-2021-1-044-01,GF0025-2021-1-044,【一44】,1,44,特殊表达法,时间表示法,,1,01,年、月、日、星期表示法,,numbered_usage,（1）,DTV3-TAX-A44299343DC2,taxonomy_instantiated,,0,complex_functional,(?:星期|年|日|月|法),((19|20)\d{2})年([1-9]|1[012])月([1-9]|[12]\d|3[01])(日|号)|([一二三四五六七八九十]|十一|十二)月([二三]?十?[一二三四五六七八九]|[二三]?十)(日|号)|星期[一二三四五六日]|([一二两三四五六七八九十]|十一|十二|[1-9]|1[012])点((零[一二三四五六七八九]|[二三四五]十([一二三四五六七八九])?)分|半|整|[一三]刻)?|(0?\d|1\d|2[0-4]):(0?\d|[1-5]\d),search,normalized_legacy_regex_with_unit_specialization,(?:星期|年|日|月|法),"[""trigger"",""local_context"",""construction_boundary""]","[""候选包含与权威条目 【一44】 对齐的可定位触发线索。"",""候选满足模板槽位：trigger、local_context、construction_boundary。"",""候选按 complex_functional 模式实现 特殊表达法 / 时间表示法 / 未列小项 所规定的语法功能。""]","[""触发线索存在，但候选边界未覆盖完整构式。"",""局部槽位可定位，但至少一个必需槽位仅得到弱支持。""]","[""触发线索只出现在标题、编号、术语或元语言说明中。"",""必需槽位缺失，且上下文不能恢复目标结构或目标功能。""]","[""相同表层形式可能实现 时间表示法 中的非目标功能。"",""相邻构式共享触发形式，但槽位关系或语法功能不同。""]","[""目标用例"",""边界问题"",""表层触发但非目标"",""结构缺槽"",""语义不兼容"",""其他具体构式"",""不确定/需复核""]","[""target_status"",""candidate_boundary"",""slot_status"",""structural_functional_status"",""licensed_evidence"",""runtime_evidence"",""rule_source_trace""]",((19|20)\d{2})年([1-9]|1[012])月([1-9]|[12]\d|3[01])(日|号)|([一二三四五六七八九十]|十一|十二)月([二三]?十?[一二三四五六七八九]|[二三]?十)(日|号)|星期[一二三四五六日]|([一二两三四五六七八九十]|十一|十二|[1-9]|1[012])点((零[一二三四五六七八九]|[二三四五]十([一二三四五六七八九])?)分|半|整|[一三]刻)?|(0?\d|1\d|2[0-4]):(0?\d|[1-5]\d),normalized_compiles,REF-GF0025-2021,184,GF0025-2021 PDF p.184,ocr_detected,verified_inventory,false,[],machine_compiled,source_anchored,not_claimed,static_audit_passed,machine_compiled_source_anchored_static_audited
DUV3-GF0025-2021-1-044-02,DiagnosticUnit,DPV3-GF0025-2021-1-044-02,DiagnosticProfile,RBV3-GF0025-2021-1-044-02,GF0025-2021-1-044,【一44】,1,44,特殊表达法,时间表示法,,2,02,钟点表示法,,numbered_usage,（2）,DTV3-TAX-A44299343DC2,taxonomy_instantiated,,0,complex_functional,(?:钟点表示法|钟点|法),((19|20)\d{2})年([1-9]|1[012])月([1-9]|[12]\d|3[01])(日|号)|([一二三四五六七八九十]|十一|十二)月([二三]?十?[一二三四五六七八九]|[二三]?十)(日|号)|星期[一二三四五六日]|([一二两三四五六七八九十]|十一|十二|[1-9]|1[012])点((零[一二三四五六七八九]|[二三四五]十([一二三四五六七八九])?)分|半|整|[一三]刻)?|(0?\d|1\d|2[0-4]):(0?\d|[1-5]\d),search,normalized_legacy_regex,,"[""trigger"",""local_context"",""construction_boundary""]","[""候选包含与权威条目 【一44】 对齐的可定位触发线索。"",""候选满足模板槽位：trigger、local_context、construction_boundary。"",""候选按 complex_functional 模式实现 特殊表达法 / 时间表示法 / 未列小项 所规定的语法功能。""]","[""触发线索存在，但候选边界未覆盖完整构式。"",""局部槽位可定位，但至少一个必需槽位仅得到弱支持。""]","[""触发线索只出现在标题、编号、术语或元语言说明中。"",""必需槽位缺失，且上下文不能恢复目标结构或目标功能。""]","[""相同表层形式可能实现 时间表示法 中的非目标功能。"",""相邻构式共享触发形式，但槽位关系或语法功能不同。""]","[""目标用例"",""边界问题"",""表层触发但非目标"",""结构缺槽"",""语义不兼容"",""其他具体构式"",""不确定/需复核""]","[""target_status"",""candidate_boundary"",""slot_status"",""structural_functional_status"",""licensed_evidence"",""runtime_evidence"",""rule_source_trace""]",((19|20)\d{2})年([1-9]|1[012])月([1-9]|[12]\d|3[01])(日|号)|([一二三四五六七八九十]|十一|十二)月([二三]?十?[一二三四五六七八九]|[二三]?十)(日|号)|星期[一二三四五六日]|([一二两三四五六七八九十]|十一|十二|[1-9]|1[012])点((零[一二三四五六七八九]|[二三四五]十([一二三四五六七八九])?)分|半|整|[一三]刻)?|(0?\d|1\d|2[0-4]):(0?\d|[1-5]\d),normalized_compiles,REF-GF0025-2021,184,GF0025-2021 PDF p.184,ocr_detected,verified_inventory,false,[],machine_compiled,source_anchored,not_claimed,static_audit_passed,machine_compiled_source_anchored_static_audited
DUV3-GF0025-2021-1-045-01,DiagnosticUnit,DPV3-GF0025-2021-1-045-01,DiagnosticProfile,RBV3-GF0025-2021-1-045-01,GF0025-2021-1-045,【一45】,1,45,提问的方法,未细分,,1,01,用“吗”提问,,unsplit_official_entry,,DTV3-POINT-1FD9B8BE7191,point_specific_instantiated,,0,complex_functional,(?:用“吗”提问|提问|吗|用),吗？,search,normalized_legacy_regex,,"[""question_scope"",""question_marker"",""requested_information""]","[""候选包含与权威条目 【一45】 对齐的可定位触发线索。"",""候选满足模板槽位：question_scope、question_marker、requested_information。"",""候选按 complex_functional 模式实现 提问的方法 / 未细分 / 未列小项 所规定的语法功能。""]","[""触发线索存在，但候选边界未覆盖完整构式。"",""局部槽位可定位，但至少一个必需槽位仅得到弱支持。""]","[""触发线索只出现在标题、编号、术语或元语言说明中。"",""必需槽位缺失，且上下文不能恢复目标结构或目标功能。""]","[""相同表层形式可能实现 未细分 中的非目标功能。"",""相邻构式共享触发形式，但槽位关系或语法功能不同。""]","[""目标用例"",""边界问题"",""表层触发但非目标"",""结构缺槽"",""语义不兼容"",""其他具体构式"",""不确定/需复核""]","[""target_status"",""candidate_boundary"",""slot_status"",""structural_functional_status"",""licensed_evidence"",""runtime_evidence"",""rule_source_trace""]",吗？,normalized_compiles,REF-GF0025-2021,184,GF0025-2021 PDF p.184,ocr_detected,verified_inventory,false,[],machine_compiled,source_anchored,not_claimed,static_audit_passed,machine_compiled_source_anchored_static_audited
DUV3-GF0025-2021-1-046-01,DiagnosticUnit,DPV3-GF0025-2021-1-046-01,DiagnosticProfile,RBV3-GF0025-2021-1-046-01,GF0025-2021-1-046,【一46】,1,46,提问的方法,未细分,,1,01,用“多、多少、几、哪、哪儿、哪里、哪些、什么、谁、怎么”提问,,unsplit_official_entry,,DTV3-POINT-C52BF7DF3BC2,point_specific_instantiated,,0,complex_functional,(?:什么|哪些|哪儿|哪里|多少|怎么|提问|几|哪|多|用|谁),(多|多少|几|哪|哪儿|哪里|哪些|什么|谁|怎么).+？,search,normalized_legacy_regex,,"[""question_scope"",""question_marker"",""requested_information""]","[""候选包含与权威条目 【一46】 对齐的可定位触发线索。"",""候选满足模板槽位：question_scope、question_marker、requested_information。"",""候选按 complex_functional 模式实现 提问的方法 / 未细分 / 未列小项 所规定的语法功能。""]","[""触发线索存在，但候选边界未覆盖完整构式。"",""局部槽位可定位，但至少一个必需槽位仅得到弱支持。""]","[""触发线索只出现在标题、编号、术语或元语言说明中。"",""必需槽位缺失，且上下文不能恢复目标结构或目标功能。""]","[""相同表层形式可能实现 未细分 中的非目标功能。"",""相邻构式共享触发形式，但槽位关系或语法功能不同。""]","[""目标用例"",""边界问题"",""表层触发但非目标"",""结构缺槽"",""语义不兼容"",""其他具体构式"",""不确定/需复核""]","[""target_status"",""candidate_boundary"",""slot_status"",""structural_functional_status"",""licensed_evidence"",""runtime_evidence"",""rule_source_trace""]",(多|多少|几|哪|哪儿|哪里|哪些|什么|谁|怎么).+？,normalized_compiles,REF-GF0025-2021,184,GF0025-2021 PDF p.184,ocr_detected,verified_inventory,false,[],machine_compiled,source_anchored,not_claimed,static_audit_passed,machine_compiled_source_anchored_static_audited
DUV3-GF0025-2021-1-047-01,DiagnosticUnit,DPV3-GF0025-2021-1-047-01,DiagnosticProfile,RBV3-GF0025-2021-1-047-01,GF0025-2021-1-047,【一47】,1,47,提问的方法,未细分,,1,01,用“还是”提问,,unsplit_official_entry,,DTV3-POINT-A4D5FA0E8F8A,point_specific_instantiated,,0,complex_functional,(?:用“还是”提问|提问|还是|用),还是.+？,search,normalized_legacy_regex,,"[""question_scope"",""question_marker"",""requested_information""]","[""候选包含与权威条目 【一47】 对齐的可定位触发线索。"",""候选满足模板槽位：question_scope、question_marker、requested_information。"",""候选按 complex_functional 模式实现 提问的方法 / 未细分 / 未列小项 所规定的语法功能。""]","[""触发线索存在，但候选边界未覆盖完整构式。"",""局部槽位可定位，但至少一个必需槽位仅得到弱支持。""]","[""触发线索只出现在标题、编号、术语或元语言说明中。"",""必需槽位缺失，且上下文不能恢复目标结构或目标功能。""]","[""相同表层形式可能实现 未细分 中的非目标功能。"",""相邻构式共享触发形式，但槽位关系或语法功能不同。""]","[""目标用例"",""边界问题"",""表层触发但非目标"",""结构缺槽"",""语义不兼容"",""其他具体构式"",""不确定/需复核""]","[""target_status"",""candidate_boundary"",""slot_status"",""structural_functional_status"",""licensed_evidence"",""runtime_evidence"",""rule_source_trace""]",还是.+？,normalized_compiles,REF-GF0025-2021,184,GF0025-2021 PDF p.184,ocr_detected,verified_inventory,false,[],machine_compiled,source_anchored,not_claimed,static_audit_passed,machine_compiled_source_anchored_static_audited
DUV3-GF0025-2021-1-048-01,DiagnosticUnit,DPV3-GF0025-2021-1-048-01,DiagnosticProfile,RBV3-GF0025-2021-1-048-01,GF0025-2021-1-048,【一48】,1,48,提问的方法,未细分,,1,01,用正反疑问形式提问：...没有？/ A不A？,,unsplit_official_entry,,DTV3-POINT-CDCAA16D1BB4,point_specific_instantiated,,0,complex_functional,(?:用正反疑问形式提问|没有|不),.+没有？|([一-龥])不\1？,search,normalized_legacy_regex,,"[""question_scope"",""question_marker"",""requested_information""]","[""候选包含与权威条目 【一48】 对齐的可定位触发线索。"",""候选满足模板槽位：question_scope、question_marker、requested_information。"",""候选按 complex_functional 模式实现 提问的方法 / 未细分 / 未列小项 所规定的语法功能。""]","[""触发线索存在，但候选边界未覆盖完整构式。"",""局部槽位可定位，但至少一个必需槽位仅得到弱支持。""]","[""触发线索只出现在标题、编号、术语或元语言说明中。"",""必需槽位缺失，且上下文不能恢复目标结构或目标功能。""]","[""相同表层形式可能实现 未细分 中的非目标功能。"",""相邻构式共享触发形式，但槽位关系或语法功能不同。""]","[""目标用例"",""边界问题"",""表层触发但非目标"",""结构缺槽"",""语义不兼容"",""其他具体构式"",""不确定/需复核""]","[""target_status"",""candidate_boundary"",""slot_status"",""structural_functional_status"",""licensed_evidence"",""runtime_evidence"",""rule_source_trace""]",.+没有？|([一-龥])不\1？,normalized_compiles,REF-GF0025-2021,184,GF0025-2021 PDF p.184,ocr_detected,verified_inventory,false,[],machine_compiled,source_anchored,not_claimed,static_audit_passed,machine_compiled_source_anchored_static_audited
DUV3-GF0025-2021-2-001-01,DiagnosticUnit,DPV3-GF0025-2021-2-001-01,DiagnosticProfile,RBV3-GF0025-2021-2-001-01,GF0025-2021-2-001,【二01】,2,1,词类,动词,能愿动词,1,01,可能,,numbered_usage,（1）,DTV3-TAX-0B6633C9BA52,taxonomy_instantiated,,0,structural_pattern,(?:可能),^(可能|可以)$,fullmatch,normalized_legacy_regex_with_unit_specialization,(?:可能),"[""lexical_form"",""local_context"",""grammatical_function""]","[""候选包含与权威条目 【二01】 对齐的可定位触发线索。"",""候选满足模板槽位：lexical_form、local_context、grammatical_function。"",""候选按 structural_pattern 模式实现 词类 / 动词 / 能愿动词 所规定的语法功能。""]","[""触发线索存在，但候选边界未覆盖完整构式。"",""局部槽位可定位，但至少一个必需槽位仅得到弱支持。""]","[""触发线索只出现在标题、编号、术语或元语言说明中。"",""必需槽位缺失，且上下文不能恢复目标结构或目标功能。""]","[""相同表层形式可能实现 动词 中的非目标功能。"",""相邻构式共享触发形式，但槽位关系或语法功能不同。""]","[""目标用例"",""边界问题"",""表层触发但非目标"",""结构缺槽"",""语义不兼容"",""其他具体构式"",""不确定/需复核""]","[""target_status"",""candidate_boundary"",""slot_status"",""structural_functional_status"",""licensed_evidence"",""runtime_evidence"",""rule_source_trace""]",^(可能|可以)$,normalized_compiles,REF-GF0025-2021,185,GF0025-2021 PDF p.185,ocr_detected,verified_inventory,false,[],machine_compiled,source_anchored,not_claimed,static_audit_passed,machine_compiled_source_anchored_static_audited
DUV3-GF0025-2021-2-001-02,DiagnosticUnit,DPV3-GF0025-2021-2-001-02,DiagnosticProfile,RBV3-GF0025-2021-2-001-02,GF0025-2021-2-001,【二01】,2,1,词类,动词,能愿动词,2,02,可以,,numbered_usage,（2）,DTV3-TAX-0B6633C9BA52,taxonomy_instantiated,,0,structural_pattern,(?:可以),^(可能|可以)$,fullmatch,normalized_legacy_regex_with_unit_specialization,(?:可以),"[""lexical_form"",""local_context"",""grammatical_function""]","[""候选包含与权威条目 【二01】 对齐的可定位触发线索。"",""候选满足模板槽位：lexical_form、local_context、grammatical_function。"",""候选按 structural_pattern 模式实现 词类 / 动词 / 能愿动词 所规定的语法功能。""]","[""触发线索存在，但候选边界未覆盖完整构式。"",""局部槽位可定位，但至少一个必需槽位仅得到弱支持。""]","[""触发线索只出现在标题、编号、术语或元语言说明中。"",""必需槽位缺失，且上下文不能恢复目标结构或目标功能。""]","[""相同表层形式可能实现 动词 中的非目标功能。"",""相邻构式共享触发形式，但槽位关系或语法功能不同。""]","[""目标用例"",""边界问题"",""表层触发但非目标"",""结构缺槽"",""语义不兼容"",""其他具体构式"",""不确定/需复核""]","[""target_status"",""candidate_boundary"",""slot_status"",""structural_functional_status"",""licensed_evidence"",""runtime_evidence"",""rule_source_trace""]",^(可能|可以)$,normalized_compiles,REF-GF0025-2021,185,GF0025-2021 PDF p.185,ocr_detected,verified_inventory,false,[],machine_compiled,source_anchored,not_claimed,static_audit_passed,machine_compiled_source_anchored_static_audited
DUV3-GF0025-2021-2-002-01,DiagnosticUnit,DPV3-GF0025-2021-2-002-01,DiagnosticProfile,RBV3-GF0025-2021-2-002-01,GF0025-2021-2-002,【二02】,2,2,词类,动词,能愿动词,1,01,该、应该,,unsplit_official_entry,,DTV3-TAX-0B6633C9BA52,taxonomy_instantiated,,0,structural_pattern,(?:应该|该),^(该|应该)$,fullmatch,normalized_legacy_regex,,"[""lexical_form"",""local_context"",""grammatical_function""]","[""候选包含与权威条目 【二02】 对齐的可定位触发线索。"",""候选满足模板槽位：lexical_form、local_context、grammatical_function。"",""候选按 structural_pattern 模式实现 词类 / 动词 / 能愿动词 所规定的语法功能。""]","[""触发线索存在，但候选边界未覆盖完整构式。"",""局部槽位可定位，但至少一个必需槽位仅得到弱支持。""]","[""触发线索只出现在标题、编号、术语或元语言说明中。"",""必需槽位缺失，且上下文不能恢复目标结构或目标功能。""]","[""相同表层形式可能实现 动词 中的非目标功能。"",""相邻构式共享触发形式，但槽位关系或语法功能不同。""]","[""目标用例"",""边界问题"",""表层触发但非目标"",""结构缺槽"",""语义不兼容"",""其他具体构式"",""不确定/需复核""]","[""target_status"",""candidate_boundary"",""slot_status"",""structural_functional_status"",""licensed_evidence"",""runtime_evidence"",""rule_source_trace""]",^(该|应该)$,normalized_compiles,REF-GF0025-2021,185,GF0025-2021 PDF p.185,ocr_detected,verified_inventory,false,[],machine_compiled,source_anchored,not_claimed,static_audit_passed,machine_compiled_source_anchored_static_audited
DUV3-GF0025-2021-2-003-01,DiagnosticUnit,DPV3-GF0025-2021-2-003-01,DiagnosticProfile,RBV3-GF0025-2021-2-003-01,GF0025-2021-2-003,【二03】,2,3,词类,动词,能愿动词,1,01,愿意,,unsplit_official_entry,,DTV3-TAX-0B6633C9BA52,taxonomy_instantiated,,0,structural_pattern,(?:愿意),^愿意$,fullmatch,normalized_legacy_regex,,"[""lexical_form"",""local_context"",""grammatical_function""]","[""候选包含与权威条目 【二03】 对齐的可定位触发线索。"",""候选满足模板槽位：lexical_form、local_context、grammatical_function。"",""候选按 structural_pattern 模式实现 词类 / 动词 / 能愿动词 所规定的语法功能。""]","[""触发线索存在，但候选边界未覆盖完整构式。"",""局部槽位可定位，但至少一个必需槽位仅得到弱支持。""]","[""触发线索只出现在标题、编号、术语或元语言说明中。"",""必需槽位缺失，且上下文不能恢复目标结构或目标功能。""]","[""相同表层形式可能实现 动词 中的非目标功能。"",""相邻构式共享触发形式，但槽位关系或语法功能不同。""]","[""目标用例"",""边界问题"",""表层触发但非目标"",""结构缺槽"",""语义不兼容"",""其他具体构式"",""不确定/需复核""]","[""target_status"",""candidate_boundary"",""slot_status"",""structural_functional_status"",""licensed_evidence"",""runtime_evidence"",""rule_source_trace""]",^愿意$,normalized_compiles,REF-GF0025-2021,185,GF0025-2021 PDF p.185,ocr_detected,verified_inventory,false,[],machine_compiled,source_anchored,not_claimed,static_audit_passed,machine_compiled_source_anchored_static_audited
DUV3-GF0025-2021-2-004-01,DiagnosticUnit,DPV3-GF0025-2021-2-004-01,DiagnosticProfile,RBV3-GF0025-2021-2-004-01,GF0025-2021-2-004,【二04】,2,4,词类,动词,动词重叠,1,01,动词重叠：AA、A一A、A了A、ABAB,,unsplit_official_entry,,DTV3-TAX-E09F518D0AB1,taxonomy_instantiated,,0,structural_pattern,(?:动词重叠|一|了),([一-龥])\1|([一-龥])一\1|([一-龥])了\1|([一-龥])([一-龥])\1\2,search,normalized_legacy_regex,,"[""lexical_form"",""local_context"",""grammatical_function""]","[""候选包含与权威条目 【二04】 对齐的可定位触发线索。"",""候选满足模板槽位：lexical_form、local_context、grammatical_function。"",""候选按 structural_pattern 模式实现 词类 / 动词 / 动词重叠 所规定的语法功能。""]","[""触发线索存在，但候选边界未覆盖完整构式。"",""局部槽位可定位，但至少一个必需槽位仅得到弱支持。""]","[""触发线索只出现在标题、编号、术语或元语言说明中。"",""必需槽位缺失，且上下文不能恢复目标结构或目标功能。""]","[""相同表层形式可能实现 动词 中的非目标功能。"",""相邻构式共享触发形式，但槽位关系或语法功能不同。""]","[""目标用例"",""边界问题"",""表层触发但非目标"",""结构缺槽"",""语义不兼容"",""其他具体构式"",""不确定/需复核""]","[""target_status"",""candidate_boundary"",""slot_status"",""structural_functional_status"",""licensed_evidence"",""runtime_evidence"",""rule_source_trace""]",([一-龥])\1|([一-龥])一\1|([一-龥])了\1|([一-龥])([一-龥])\1\2,normalized_compiles,REF-GF0025-2021,185,GF0025-2021 PDF p.185,ocr_detected,verified_inventory,false,[],machine_compiled,source_anchored,not_claimed,static_audit_passed,machine_compiled_source_anchored_static_audited
DUV3-GF0025-2021-2-005-01,DiagnosticUnit,DPV3-GF0025-2021-2-005-01,DiagnosticProfile,RBV3-GF0025-2021-2-005-01,GF0025-2021-2-005,【二05】,2,5,词类,代词,疑问代词,1,01,多久、为什么、怎么样、怎样,,unsplit_official_entry,,DTV3-TAX-5EB36B35C713,taxonomy_instantiated,,0,structural_pattern,(?:为什么|怎么样|多久|怎样),^(多久|为什么|怎么样|怎样)$,fullmatch,normalized_legacy_regex,,"[""lexical_form"",""local_context"",""grammatical_function""]","[""候选包含与权威条目 【二05】 对齐的可定位触发线索。"",""候选满足模板槽位：lexical_form、local_context、grammatical_function。"",""候选按 structural_pattern 模式实现 词类 / 代词 / 疑问代词 所规定的语法功能。""]","[""触发线索存在，但候选边界未覆盖完整构式。"",""局部槽位可定位，但至少一个必需槽位仅得到弱支持。""]","[""触发线索只出现在标题、编号、术语或元语言说明中。"",""必需槽位缺失，且上下文不能恢复目标结构或目标功能。""]","[""相同表层形式可能实现 代词 中的非目标功能。"",""相邻构式共享触发形式，但槽位关系或语法功能不同。""]","[""目标用例"",""边界问题"",""表层触发但非目标"",""结构缺槽"",""语义不兼容"",""其他具体构式"",""不确定/需复核""]","[""target_status"",""candidate_boundary"",""slot_status"",""structural_functional_status"",""licensed_evidence"",""runtime_evidence"",""rule_source_trace""]",^(多久|为什么|怎么样|怎样)$,normalized_compiles,REF-GF0025-2021,185,GF0025-2021 PDF p.185,ocr_detected,verified_inventory,false,[],machine_compiled,source_anchored,not_claimed,static_audit_passed,machine_compiled_source_anchored_static_audited
DUV3-GF0025-2021-2-006-01,DiagnosticUnit,DPV3-GF0025-2021-2-006-01,DiagnosticProfile,RBV3-GF0025-2021-2-006-01,GF0025-2021-2-006,【二06】,2,6,词类,代词,人称代词,1,01,别人、大家、它、它们、咱、咱们、自己,,unsplit_official_entry,,DTV3-TAX-B093B478BA72,taxonomy_instantiated,,0,structural_pattern,(?:别人|咱们|大家|它们|自己|咱|它),^(别人|大家|它|它们|咱|咱们|自己)$,fullmatch,normalized_legacy_regex,,"[""lexical_form"",""local_context"",""grammatical_function""]","[""候选包含与权威条目 【二06】 对齐的可定位触发线索。"",""候选满足模板槽位：lexical_form、local_context、grammatical_function。"",""候选按 structural_pattern 模式实现 词类 / 代词 / 人称代词 所规定的语法功能。""]","[""触发线索存在，但候选边界未覆盖完整构式。"",""局部槽位可定位，但至少一个必需槽位仅得到弱支持。""]","[""触发线索只出现在标题、编号、术语或元语言说明中。"",""必需槽位缺失，且上下文不能恢复目标结构或目标功能。""]","[""相同表层形式可能实现 代词 中的非目标功能。"",""相邻构式共享触发形式，但槽位关系或语法功能不同。""]","[""目标用例"",""边界问题"",""表层触发但非目标"",""结构缺槽"",""语义不兼容"",""其他具体构式"",""不确定/需复核""]","[""target_status"",""candidate_boundary"",""slot_status"",""structural_functional_status"",""licensed_evidence"",""runtime_evidence"",""rule_source_trace""]",^(别人|大家|它|它们|咱|咱们|自己)$,normalized_compiles,REF-GF0025-2021,185,GF0025-2021 PDF p.185,ocr_detected,verified_inventory,false,[],machine_compiled,source_anchored,not_claimed,static_audit_passed,machine_compiled_source_anchored_static_audited
DUV3-GF0025-2021-2-007-01,DiagnosticUnit,DPV3-GF0025-2021-2-007-01,DiagnosticProfile,RBV3-GF0025-2021-2-007-01,GF0025-2021-2-007,【二07】,2,7,词类,代词,指示代词,1,01,那么、那样、这么、这样,,unsplit_official_entry,,DTV3-TAX-7EBA4C50F19A,taxonomy_instantiated,,0,structural_pattern,(?:这么|这样|那么|那样),^(那么|那样|这么|这样)$,fullmatch,normalized_legacy_regex,,"[""lexical_form"",""local_context"",""grammatical_function""]","[""候选包含与权威条目 【二07】 对齐的可定位触发线索。"",""候选满足模板槽位：lexical_form、local_context、grammatical_function。"",""候选按 structural_pattern 模式实现 词类 / 代词 / 指示代词 所规定的语法功能。""]","[""触发线索存在，但候选边界未覆盖完整构式。"",""局部槽位可定位，但至少一个必需槽位仅得到弱支持。""]","[""触发线索只出现在标题、编号、术语或元语言说明中。"",""必需槽位缺失，且上下文不能恢复目标结构或目标功能。""]","[""相同表层形式可能实现 代词 中的非目标功能。"",""相邻构式共享触发形式，但槽位关系或语法功能不同。""]","[""目标用例"",""边界问题"",""表层触发但非目标"",""结构缺槽"",""语义不兼容"",""其他具体构式"",""不确定/需复核""]","[""target_status"",""candidate_boundary"",""slot_status"",""structural_functional_status"",""licensed_evidence"",""runtime_evidence"",""rule_source_trace""]",^(那么|那样|这么|这样)$,normalized_compiles,REF-GF0025-2021,186,GF0025-2021 PDF p.186,ocr_detected,verified_inventory,false,[],machine_compiled,source_anchored,not_claimed,static_audit_passed,machine_compiled_source_anchored_static_audited
DUV3-GF0025-2021-2-008-01,DiagnosticUnit,DPV3-GF0025-2021-2-008-01,DiagnosticProfile,RBV3-GF0025-2021-2-008-01,GF0025-2021-2-008,【二08】,2,8,词类,形容词,形容词重叠,1,01,AA、AABB,,unsplit_official_entry,,DTV3-TAX-C050FBB65597,taxonomy_instantiated,,0,structural_pattern,(?:形容词重叠),^([一-龥])\1$|^([一-龥])\1([一-龥])\2$,fullmatch,normalized_legacy_regex,,"[""lexical_form"",""local_context"",""grammatical_function""]","[""候选包含与权威条目 【二08】 对齐的可定位触发线索。"",""候选满足模板槽位：lexical_form、local_context、grammatical_function。"",""候选按 structural_pattern 模式实现 词类 / 形容词 / 形容词重叠 所规定的语法功能。""]","[""触发线索存在，但候选边界未覆盖完整构式。"",""局部槽位可定位，但至少一个必需槽位仅得到弱支持。""]","[""触发线索只出现在标题、编号、术语或元语言说明中。"",""必需槽位缺失，且上下文不能恢复目标结构或目标功能。""]","[""相同表层形式可能实现 形容词 中的非目标功能。"",""相邻构式共享触发形式，但槽位关系或语法功能不同。""]","[""目标用例"",""边界问题"",""表层触发但非目标"",""结构缺槽"",""语义不兼容"",""其他具体构式"",""不确定/需复核""]","[""target_status"",""candidate_boundary"",""slot_status"",""structural_functional_status"",""licensed_evidence"",""runtime_evidence"",""rule_source_trace""]",^([一-龥])\1$|^([一-龥])\1([一-龥])\2$,normalized_compiles,REF-GF0025-2021,186,GF0025-2021 PDF p.186,ocr_detected,verified_inventory,false,[],machine_compiled,source_anchored,not_claimed,static_audit_passed,machine_compiled_source_anchored_static_audited
DUV3-GF0025-2021-2-009-01,DiagnosticUnit,DPV3-GF0025-2021-2-009-01,DiagnosticProfile,RBV3-GF0025-2021-2-009-01,GF0025-2021-2-009,【二09】,2,9,词类,数词,,1,01,千、万、亿,,unsplit_official_entry,,DTV3-TAX-0BE1C83446C5,taxonomy_instantiated,,0,structural_pattern,(?:万|亿|千),^[千万亿]$,fullmatch,normalized_legacy_regex,,"[""lexical_form"",""local_context"",""grammatical_function""]","[""候选包含与权威条目 【二09】 对齐的可定位触发线索。"",""候选满足模板槽位：lexical_form、local_context、grammatical_function。"",""候选按 structural_pattern 模式实现 词类 / 数词 / 未列小项 所规定的语法功能。""]","[""触发线索存在，但候选边界未覆盖完整构式。"",""局部槽位可定位，但至少一个必需槽位仅得到弱支持。""]","[""触发线索只出现在标题、编号、术语或元语言说明中。"",""必需槽位缺失，且上下文不能恢复目标结构或目标功能。""]","[""相同表层形式可能实现 数词 中的非目标功能。"",""相邻构式共享触发形式，但槽位关系或语法功能不同。""]","[""目标用例"",""边界问题"",""表层触发但非目标"",""结构缺槽"",""语义不兼容"",""其他具体构式"",""不确定/需复核""]","[""target_status"",""candidate_boundary"",""slot_status"",""structural_functional_status"",""licensed_evidence"",""runtime_evidence"",""rule_source_trace""]",^[千万亿]$,normalized_compiles,REF-GF0025-2021,186,GF0025-2021 PDF p.186,ocr_detected,verified_inventory,false,[],machine_compiled,source_anchored,not_claimed,static_audit_passed,machine_compiled_source_anchored_static_audited
DUV3-GF0025-2021-2-010-01,DiagnosticUnit,DPV3-GF0025-2021-2-010-01,DiagnosticProfile,RBV3-GF0025-2021-2-010-01,GF0025-2021-2-010,【二10】,2,10,词类,量词,名量词,1,01,层、封、件、条、位,,unsplit_official_entry,,DTV3-TAX-AA3655E9E3EB,taxonomy_instantiated,,0,structural_pattern,(?:件|位|封|层|条),^[层封件条位]$,fullmatch,normalized_legacy_regex,,"[""lexical_form"",""local_context"",""grammatical_function""]","[""候选包含与权威条目 【二10】 对齐的可定位触发线索。"",""候选满足模板槽位：lexical_form、local_context、grammatical_function。"",""候选按 structural_pattern 模式实现 词类 / 量词 / 名量词 所规定的语法功能。""]","[""触发线索存在，但候选边界未覆盖完整构式。"",""局部槽位可定位，但至少一个必需槽位仅得到弱支持。""]","[""触发线索只出现在标题、编号、术语或元语言说明中。"",""必需槽位缺失，且上下文不能恢复目标结构或目标功能。""]","[""相同表层形式可能实现 量词 中的非目标功能。"",""相邻构式共享触发形式，但槽位关系或语法功能不同。""]","[""目标用例"",""边界问题"",""表层触发但非目标"",""结构缺槽"",""语义不兼容"",""其他具体构式"",""不确定/需复核""]","[""target_status"",""candidate_boundary"",""slot_status"",""structural_functional_status"",""licensed_evidence"",""runtime_evidence"",""rule_source_trace""]",^[层封件条位]$,normalized_compiles,REF-GF0025-2021,186,GF0025-2021 PDF p.186,ocr_detected,verified_inventory,false,[],machine_compiled,source_anchored,not_claimed,static_audit_passed,machine_compiled_source_anchored_static_audited
DUV3-GF0025-2021-2-011-01,DiagnosticUnit,DPV3-GF0025-2021-2-011-01,DiagnosticProfile,RBV3-GF0025-2021-2-011-01,GF0025-2021-2-011,【二11】,2,11,词类,量词,动量词,1,01,遍、次、场、回、下,,unsplit_official_entry,,DTV3-TAX-288EDD3E2F08,taxonomy_instantiated,,0,structural_pattern,(?:下|回|场|次|遍),^[遍次场回下]$,fullmatch,normalized_legacy_regex,,"[""lexical_form"",""local_context"",""grammatical_function""]","[""候选包含与权威条目 【二11】 对齐的可定位触发线索。"",""候选满足模板槽位：lexical_form、local_context、grammatical_function。"",""候选按 structural_pattern 模式实现 词类 / 量词 / 动量词 所规定的语法功能。""]","[""触发线索存在，但候选边界未覆盖完整构式。"",""局部槽位可定位，但至少一个必需槽位仅得到弱支持。""]","[""触发线索只出现在标题、编号、术语或元语言说明中。"",""必需槽位缺失，且上下文不能恢复目标结构或目标功能。""]","[""相同表层形式可能实现 量词 中的非目标功能。"",""相邻构式共享触发形式，但槽位关系或语法功能不同。""]","[""目标用例"",""边界问题"",""表层触发但非目标"",""结构缺槽"",""语义不兼容"",""其他具体构式"",""不确定/需复核""]","[""target_status"",""candidate_boundary"",""slot_status"",""structural_functional_status"",""licensed_evidence"",""runtime_evidence"",""rule_source_trace""]",^[遍次场回下]$,normalized_compiles,REF-GF0025-2021,186,GF0025-2021 PDF p.186,ocr_detected,verified_inventory,false,[],machine_compiled,source_anchored,not_claimed,static_audit_passed,machine_compiled_source_anchored_static_audited
DUV3-GF0025-2021-2-012-01,DiagnosticUnit,DPV3-GF0025-2021-2-012-01,DiagnosticProfile,RBV3-GF0025-2021-2-012-01,GF0025-2021-2-012,【二12】,2,12,词类,量词,时量词,1,01,分钟、年、天、周,,unsplit_official_entry,,DTV3-TAX-5CC08119FCFB,taxonomy_instantiated,,0,structural_pattern,(?:分钟|周|天|年),^(分钟|年|天|周)$,fullmatch,normalized_legacy_regex,,"[""lexical_form"",""local_context"",""grammatical_function""]","[""候选包含与权威条目 【二12】 对齐的可定位触发线索。"",""候选满足模板槽位：lexical_form、local_context、grammatical_function。"",""候选按 structural_pattern 模式实现 词类 / 量词 / 时量词 所规定的语法功能。""]","[""触发线索存在，但候选边界未覆盖完整构式。"",""局部槽位可定位，但至少一个必需槽位仅得到弱支持。""]","[""触发线索只出现在标题、编号、术语或元语言说明中。"",""必需槽位缺失，且上下文不能恢复目标结构或目标功能。""]","[""相同表层形式可能实现 量词 中的非目标功能。"",""相邻构式共享触发形式，但槽位关系或语法功能不同。""]","[""目标用例"",""边界问题"",""表层触发但非目标"",""结构缺槽"",""语义不兼容"",""其他具体构式"",""不确定/需复核""]","[""target_status"",""candidate_boundary"",""slot_status"",""structural_functional_status"",""licensed_evidence"",""runtime_evidence"",""rule_source_trace""]",^(分钟|年|天|周)$,normalized_compiles,REF-GF0025-2021,,GF0025-2021 PDF pp.176–259,appendix_span_verified,verified_inventory,false,[],machine_compiled,source_anchored,not_claimed,static_audit_passed,machine_compiled_source_anchored_static_audited
DUV3-GF0025-2021-2-013-01,DiagnosticUnit,DPV3-GF0025-2021-2-013-01,DiagnosticProfile,RBV3-GF0025-2021-2-013-01,GF0025-2021-2-013,【二13】,2,13,词类,副词,程度副词,1,01,多、多么、好、更、十分、特别、挺、有（一）点儿,,unsplit_official_entry,,DTV3-TAX-9FAD0B023CAE,taxonomy_instantiated,,0,structural_pattern,(?:十分|多么|点儿|特别|一|多|好|挺|更|有),^(多|多么|好|更|十分|特别|挺|有一*点儿)$,fullmatch,normalized_legacy_regex,,"[""lexical_form"",""local_context"",""grammatical_function""]","[""候选包含与权威条目 【二13】 对齐的可定位触发线索。"",""候选满足模板槽位：lexical_form、local_context、grammatical_function。"",""候选按 structural_pattern 模式实现 词类 / 副词 / 程度副词 所规定的语法功能。""]","[""触发线索存在，但候选边界未覆盖完整构式。"",""局部槽位可定位，但至少一个必需槽位仅得到弱支持。""]","[""触发线索只出现在标题、编号、术语或元语言说明中。"",""必需槽位缺失，且上下文不能恢复目标结构或目标功能。""]","[""相同表层形式可能实现 副词 中的非目标功能。"",""相邻构式共享触发形式，但槽位关系或语法功能不同。""]","[""目标用例"",""边界问题"",""表层触发但非目标"",""结构缺槽"",""语义不兼容"",""其他具体构式"",""不确定/需复核""]","[""target_status"",""candidate_boundary"",""slot_status"",""structural_functional_status"",""licensed_evidence"",""runtime_evidence"",""rule_source_trace""]",^(多|多么|好|更|十分|特别|挺|有一*点儿)$,normalized_compiles,REF-GF0025-2021,186,GF0025-2021 PDF p.186,ocr_detected,verified_inventory,false,[],machine_compiled,source_anchored,not_claimed,static_audit_passed,machine_compiled_source_anchored_static_audited
DUV3-GF0025-2021-2-014-01,DiagnosticUnit,DPV3-GF0025-2021-2-014-01,DiagnosticProfile,RBV3-GF0025-2021-2-014-01,GF0025-2021-2-014,【二14】,2,14,词类,副词,范围、协同副词,1,01,全、一共、只,,unsplit_official_entry,,DTV3-TAX-1C7E1B7DB8E2,taxonomy_instantiated,,0,structural_pattern,(?:一共|全|只),^(全|一共|只)$,fullmatch,normalized_legacy_regex,,"[""lexical_form"",""local_context"",""grammatical_function""]","[""候选包含与权威条目 【二14】 对齐的可定位触发线索。"",""候选满足模板槽位：lexical_form、local_context、grammatical_function。"",""候选按 structural_pattern 模式实现 词类 / 副词 / 范围、协同副词 所规定的语法功能。""]","[""触发线索存在，但候选边界未覆盖完整构式。"",""局部槽位可定位，但至少一个必需槽位仅得到弱支持。""]","[""触发线索只出现在标题、编号、术语或元语言说明中。"",""必需槽位缺失，且上下文不能恢复目标结构或目标功能。""]","[""相同表层形式可能实现 副词 中的非目标功能。"",""相邻构式共享触发形式，但槽位关系或语法功能不同。""]","[""目标用例"",""边界问题"",""表层触发但非目标"",""结构缺槽"",""语义不兼容"",""其他具体构式"",""不确定/需复核""]","[""target_status"",""candidate_boundary"",""slot_status"",""structural_functional_status"",""licensed_evidence"",""runtime_evidence"",""rule_source_trace""]",^(全|一共|只)$,normalized_compiles,REF-GF0025-2021,,GF0025-2021 PDF pp.176–259,appendix_span_verified,verified_inventory,false,[],machine_compiled,source_anchored,not_claimed,static_audit_passed,machine_compiled_source_anchored_static_audited
DUV3-GF0025-2021-2-015-01,DiagnosticUnit,DPV3-GF0025-2021-2-015-01,DiagnosticProfile,RBV3-GF0025-2021-2-015-01,GF0025-2021-2-015,【二15】,2,15,词类,副词,时间副词,1,01,刚、刚刚、还2、忽然、一直、已经,,unsplit_official_entry,,DTV3-TAX-A8DEA45A511A,taxonomy_instantiated,,0,complex_functional,(?:一直|刚刚|已经|忽然|刚|还),^(刚|刚刚|还|忽然|一直|已经)$,fullmatch,normalized_legacy_regex,,"[""lexical_form"",""local_context"",""grammatical_function""]","[""候选包含与权威条目 【二15】 对齐的可定位触发线索。"",""候选满足模板槽位：lexical_form、local_context、grammatical_function。"",""候选按 complex_functional 模式实现 词类 / 副词 / 时间副词 所规定的语法功能。""]","[""触发线索存在，但候选边界未覆盖完整构式。"",""局部槽位可定位，但至少一个必需槽位仅得到弱支持。""]","[""触发线索只出现在标题、编号、术语或元语言说明中。"",""必需槽位缺失，且上下文不能恢复目标结构或目标功能。""]","[""相同表层形式可能实现 副词 中的非目标功能。"",""相邻构式共享触发形式，但槽位关系或语法功能不同。""]","[""目标用例"",""边界问题"",""表层触发但非目标"",""结构缺槽"",""语义不兼容"",""其他具体构式"",""不确定/需复核""]","[""target_status"",""candidate_boundary"",""slot_status"",""structural_functional_status"",""licensed_evidence"",""runtime_evidence"",""rule_source_trace""]",^(刚|刚刚|还|忽然|一直|已经)$,normalized_compiles,REF-GF0025-2021,,GF0025-2021 PDF pp.176–259,appendix_span_verified,verified_inventory,false,[],machine_compiled,source_anchored,not_claimed,static_audit_passed,machine_compiled_source_anchored_static_audited
DUV3-GF0025-2021-2-016-01,DiagnosticUnit,DPV3-GF0025-2021-2-016-01,DiagnosticProfile,RBV3-GF0025-2021-2-016-01,GF0025-2021-2-016,【二16】,2,16,词类,副词,频率、重复副词,1,01,重新、经常、老、老是、又,,unsplit_official_entry,,DTV3-TAX-C90409728D84,taxonomy_instantiated,,0,structural_pattern,(?:经常|老是|重新|又|老),^(重新|经常|老|老是|又)$,fullmatch,normalized_legacy_regex,,"[""lexical_form"",""local_context"",""grammatical_function""]","[""候选包含与权威条目 【二16】 对齐的可定位触发线索。"",""候选满足模板槽位：lexical_form、local_context、grammatical_function。"",""候选按 structural_pattern 模式实现 词类 / 副词 / 频率、重复副词 所规定的语法功能。""]","[""触发线索存在，但候选边界未覆盖完整构式。"",""局部槽位可定位，但至少一个必需槽位仅得到弱支持。""]","[""触发线索只出现在标题、编号、术语或元语言说明中。"",""必需槽位缺失，且上下文不能恢复目标结构或目标功能。""]","[""相同表层形式可能实现 副词 中的非目标功能。"",""相邻构式共享触发形式，但槽位关系或语法功能不同。""]","[""目标用例"",""边界问题"",""表层触发但非目标"",""结构缺槽"",""语义不兼容"",""其他具体构式"",""不确定/需复核""]","[""target_status"",""candidate_boundary"",""slot_status"",""structural_functional_status"",""licensed_evidence"",""runtime_evidence"",""rule_source_trace""]",^(重新|经常|老|老是|又)$,normalized_compiles,REF-GF0025-2021,187,GF0025-2021 PDF p.187,ocr_detected,verified_inventory,false,[],machine_compiled,source_anchored,not_claimed,static_audit_passed,machine_compiled_source_anchored_static_audited
DUV3-GF0025-2021-2-017-01,DiagnosticUnit,DPV3-GF0025-2021-2-017-01,DiagnosticProfile,RBV3-GF0025-2021-2-017-01,GF0025-2021-2-017,【二17】,2,17,词类,副词,关联副词,1,01,就1,,unsplit_official_entry,,DTV3-TAX-CC7D17721DA3,taxonomy_instantiated,,0,structural_pattern,(?:就1|就),^就$,fullmatch,normalized_legacy_regex,,"[""lexical_form"",""local_context"",""grammatical_function""]","[""候选包含与权威条目 【二17】 对齐的可定位触发线索。"",""候选满足模板槽位：lexical_form、local_context、grammatical_function。"",""候选按 structural_pattern 模式实现 词类 / 副词 / 关联副词 所规定的语法功能。""]","[""触发线索存在，但候选边界未覆盖完整构式。"",""局部槽位可定位，但至少一个必需槽位仅得到弱支持。""]","[""触发线索只出现在标题、编号、术语或元语言说明中。"",""必需槽位缺失，且上下文不能恢复目标结构或目标功能。""]","[""相同表层形式可能实现 副词 中的非目标功能。"",""相邻构式共享触发形式，但槽位关系或语法功能不同。""]","[""目标用例"",""边界问题"",""表层触发但非目标"",""结构缺槽"",""语义不兼容"",""其他具体构式"",""不确定/需复核""]","[""target_status"",""candidate_boundary"",""slot_status"",""structural_functional_status"",""licensed_evidence"",""runtime_evidence"",""rule_source_trace""]",^就$,normalized_compiles,REF-GF0025-2021,187,GF0025-2021 PDF p.187,ocr_detected,verified_inventory,false,[],machine_compiled,source_anchored,not_claimed,static_audit_passed,machine_compiled_source_anchored_static_audited
DUV3-GF0025-2021-2-018-01,DiagnosticUnit,DPV3-GF0025-2021-2-018-01,DiagnosticProfile,RBV3-GF0025-2021-2-018-01,GF0025-2021-2-018,【二18】,2,18,词类,副词,方式副词,1,01,故意,,unsplit_official_entry,,DTV3-TAX-2594E13CFB04,taxonomy_instantiated,,0,structural_pattern,(?:故意),^故意$,fullmatch,normalized_legacy_regex,,"[""lexical_form"",""local_context"",""grammatical_function""]","[""候选包含与权威条目 【二18】 对齐的可定位触发线索。"",""候选满足模板槽位：lexical_form、local_context、grammatical_function。"",""候选按 structural_pattern 模式实现 词类 / 副词 / 方式副词 所规定的语法功能。""]","[""触发线索存在，但候选边界未覆盖完整构式。"",""局部槽位可定位，但至少一个必需槽位仅得到弱支持。""]","[""触发线索只出现在标题、编号、术语或元语言说明中。"",""必需槽位缺失，且上下文不能恢复目标结构或目标功能。""]","[""相同表层形式可能实现 副词 中的非目标功能。"",""相邻构式共享触发形式，但槽位关系或语法功能不同。""]","[""目标用例"",""边界问题"",""表层触发但非目标"",""结构缺槽"",""语义不兼容"",""其他具体构式"",""不确定/需复核""]","[""target_status"",""candidate_boundary"",""slot_status"",""structural_functional_status"",""licensed_evidence"",""runtime_evidence"",""rule_source_trace""]",^故意$,normalized_compiles,REF-GF0025-2021,,GF0025-2021 PDF pp.176–259,appendix_span_verified,verified_inventory,false,[],machine_compiled,source_anchored,not_claimed,static_audit_passed,machine_compiled_source_anchored_static_audited
DUV3-GF0025-2021-2-019-01,DiagnosticUnit,DPV3-GF0025-2021-2-019-01,DiagnosticProfile,RBV3-GF0025-2021-2-019-01,GF0025-2021-2-019,【二19】,2,19,词类,副词,情态副词,1,01,必须、差不多、好像、也许,,unsplit_official_entry,,DTV3-TAX-9BBE19E6E943,taxonomy_instantiated,,0,structural_pattern,(?:差不多|也许|好像|必须),^(必须|差不多|好像|也许)$,fullmatch,normalized_legacy_regex,,"[""lexical_form"",""local_context"",""grammatical_function""]","[""候选包含与权威条目 【二19】 对齐的可定位触发线索。"",""候选满足模板槽位：lexical_form、local_context、grammatical_function。"",""候选按 structural_pattern 模式实现 词类 / 副词 / 情态副词 所规定的语法功能。""]","[""触发线索存在，但候选边界未覆盖完整构式。"",""局部槽位可定位，但至少一个必需槽位仅得到弱支持。""]","[""触发线索只出现在标题、编号、术语或元语言说明中。"",""必需槽位缺失，且上下文不能恢复目标结构或目标功能。""]","[""相同表层形式可能实现 副词 中的非目标功能。"",""相邻构式共享触发形式，但槽位关系或语法功能不同。""]","[""目标用例"",""边界问题"",""表层触发但非目标"",""结构缺槽"",""语义不兼容"",""其他具体构式"",""不确定/需复核""]","[""target_status"",""candidate_boundary"",""slot_status"",""structural_functional_status"",""licensed_evidence"",""runtime_evidence"",""rule_source_trace""]",^(必须|差不多|好像|也许)$,normalized_compiles,REF-GF0025-2021,187,GF0025-2021 PDF p.187,ocr_detected,verified_inventory,false,[],machine_compiled,source_anchored,not_claimed,static_audit_passed,machine_compiled_source_anchored_static_audited
DUV3-GF0025-2021-2-020-01,DiagnosticUnit,DPV3-GF0025-2021-2-020-01,DiagnosticProfile,RBV3-GF0025-2021-2-020-01,GF0025-2021-2-020,【二20】,2,20,词类,副词,语气副词,1,01,才1、都2、就2、正好,,unsplit_official_entry,,DTV3-TAX-F383E272F5D1,taxonomy_instantiated,,0,structural_pattern,(?:正好|就|才|都),^(才|都|就|正好)$,fullmatch,normalized_legacy_regex,,"[""lexical_form"",""local_context"",""grammatical_function""]","[""候选包含与权威条目 【二20】 对齐的可定位触发线索。"",""候选满足模板槽位：lexical_form、local_context、grammatical_function。"",""候选按 structural_pattern 模式实现 词类 / 副词 / 语气副词 所规定的语法功能。""]","[""触发线索存在，但候选边界未覆盖完整构式。"",""局部槽位可定位，但至少一个必需槽位仅得到弱支持。""]","[""触发线索只出现在标题、编号、术语或元语言说明中。"",""必需槽位缺失，且上下文不能恢复目标结构或目标功能。""]","[""相同表层形式可能实现 副词 中的非目标功能。"",""相邻构式共享触发形式，但槽位关系或语法功能不同。""]","[""目标用例"",""边界问题"",""表层触发但非目标"",""结构缺槽"",""语义不兼容"",""其他具体构式"",""不确定/需复核""]","[""target_status"",""candidate_boundary"",""slot_status"",""structural_functional_status"",""licensed_evidence"",""runtime_evidence"",""rule_source_trace""]",^(才|都|就|正好)$,normalized_compiles,REF-GF0025-2021,188,GF0025-2021 PDF p.188,ocr_detected,verified_inventory,false,[],machine_compiled,source_anchored,not_claimed,static_audit_passed,machine_compiled_source_anchored_static_audited
DUV3-GF0025-2021-2-021-01,DiagnosticUnit,DPV3-GF0025-2021-2-021-01,DiagnosticProfile,RBV3-GF0025-2021-2-021-01,GF0025-2021-2-021,【二21】,2,21,词类,介词,引出时间、处所,1,01,当,,unsplit_official_entry,,DTV3-TAX-679FE98BA210,taxonomy_instantiated,,0,complex_functional,(?:当),^当$,fullmatch,normalized_legacy_regex,,"[""lexical_form"",""local_context"",""grammatical_function""]","[""候选包含与权威条目 【二21】 对齐的可定位触发线索。"",""候选满足模板槽位：lexical_form、local_context、grammatical_function。"",""候选按 complex_functional 模式实现 词类 / 介词 / 引出时间、处所 所规定的语法功能。""]","[""触发线索存在，但候选边界未覆盖完整构式。"",""局部槽位可定位，但至少一个必需槽位仅得到弱支持。""]","[""触发线索只出现在标题、编号、术语或元语言说明中。"",""必需槽位缺失，且上下文不能恢复目标结构或目标功能。""]","[""相同表层形式可能实现 介词 中的非目标功能。"",""相邻构式共享触发形式，但槽位关系或语法功能不同。""]","[""目标用例"",""边界问题"",""表层触发但非目标"",""结构缺槽"",""语义不兼容"",""其他具体构式"",""不确定/需复核""]","[""target_status"",""candidate_boundary"",""slot_status"",""structural_functional_status"",""licensed_evidence"",""runtime_evidence"",""rule_source_trace""]",^当$,normalized_compiles,REF-GF0025-2021,188,GF0025-2021 PDF p.188,ocr_detected,verified_inventory,false,[],machine_compiled,source_anchored,not_claimed,static_audit_passed,machine_compiled_source_anchored_static_audited
DUV3-GF0025-2021-2-022-01,DiagnosticUnit,DPV3-GF0025-2021-2-022-01,DiagnosticProfile,RBV3-GF0025-2021-2-022-01,GF0025-2021-2-022,【二22】,2,22,词类,介词,引出方向、路径,1,01,往,,unsplit_official_entry,,DTV3-SEED-56D7ECE93635,seed_reused,向/往/朝介词框架候选,110,structural_pattern,(?:往),^往$,fullmatch,normalized_legacy_regex,,"[""frame_marker"",""frame_object"",""governing_predicate"",""relation_type""]","[""候选片段包含或可解释出“向/往/朝介词框架”相关标记/结构线索。"",""候选片段满足所属语法家族的核心槽位要求：介词/框架标记、框架对象、谓词/中心事件、关系类型。"",""候选片段在原句中承担该语法点的实际语法功能，而非仅有表层词形。""]","[""结构大体可定位但边界过短或过长。"",""标记存在但核心槽位需要结合上下文复核。""]","[""候选片段只是术语、标题、编号、残片或 OCR 混杂内容。"",""只有表层标记，无法构成所属语法家族的核心结构。""]","[""只有表层标记""]","[""目标用例"",""边界问题"",""表层触发但非目标"",""结构缺槽"",""语义不兼容"",""其他具体构式"",""不确定/需复核""]","[""target_status"",""candidate_boundary"",""slot_status"",""structural_functional_status"",""licensed_evidence"",""runtime_evidence"",""rule_source_trace""]",^往$,normalized_compiles,REF-GF0025-2021,188,GF0025-2021 PDF p.188,ocr_detected,verified_inventory,false,[],machine_compiled,source_anchored,not_claimed,static_audit_passed,machine_compiled_source_anchored_static_audited
DUV3-GF0025-2021-2-023-01,DiagnosticUnit,DPV3-GF0025-2021-2-023-01,DiagnosticProfile,RBV3-GF0025-2021-2-023-01,GF0025-2021-2-023,【二23】,2,23,词类,介词,引出方向、路径,1,01,向1,,unsplit_official_entry,,DTV3-SEED-56D7ECE93635,seed_reused,向/往/朝介词框架候选,110,structural_pattern,(?:向1|向),^向$,fullmatch,normalized_legacy_regex,,"[""frame_marker"",""frame_object"",""governing_predicate"",""relation_type""]","[""候选片段包含或可解释出“向/往/朝介词框架”相关标记/结构线索。"",""候选片段满足所属语法家族的核心槽位要求：介词/框架标记、框架对象、谓词/中心事件、关系类型。"",""候选片段在原句中承担该语法点的实际语法功能，而非仅有表层词形。""]","[""结构大体可定位但边界过短或过长。"",""标记存在但核心槽位需要结合上下文复核。""]","[""候选片段只是术语、标题、编号、残片或 OCR 混杂内容。"",""只有表层标记，无法构成所属语法家族的核心结构。""]","[""只有表层标记""]","[""目标用例"",""边界问题"",""表层触发但非目标"",""结构缺槽"",""语义不兼容"",""其他具体构式"",""不确定/需复核""]","[""target_status"",""candidate_boundary"",""slot_status"",""structural_functional_status"",""licensed_evidence"",""runtime_evidence"",""rule_source_trace""]",^向$,normalized_compiles,REF-GF0025-2021,188,GF0025-2021 PDF p.188,ocr_detected,verified_inventory,false,[],machine_compiled,source_anchored,not_claimed,static_audit_passed,machine_compiled_source_anchored_static_audited
DUV3-GF0025-2021-2-024-01,DiagnosticUnit,DPV3-GF0025-2021-2-024-01,DiagnosticProfile,RBV3-GF0025-2021-2-024-01,GF0025-2021-2-024,【二24】,2,24,词类,介词,引出方向、路径,1,01,从2,,unsplit_official_entry,,DTV3-SEED-98961D1C53EB,seed_reused,从字介词框架候选,110,structural_pattern,(?:从2|从),^从$,fullmatch,normalized_legacy_regex,,"[""frame_marker"",""frame_object"",""governing_predicate"",""relation_type""]","[""“从”引出起点、来源、时间起点或范围起点。"",""候选片段可解释为介词框架而非词内部成分。""]","[""框架对象边界不完整。""]","[""“从”不是介词标记或无框架对象。""]","[""与普通动词/词内部成分混淆""]","[""目标用例"",""边界问题"",""表层触发但非目标"",""结构缺槽"",""语义不兼容"",""其他具体构式"",""不确定/需复核""]","[""target_status"",""candidate_boundary"",""slot_status"",""structural_functional_status"",""licensed_evidence"",""runtime_evidence"",""rule_source_trace""]",^从$,normalized_compiles,REF-GF0025-2021,188,GF0025-2021 PDF p.188,ocr_detected,verified_inventory,false,[],machine_compiled,source_anchored,not_claimed,static_audit_passed,machine_compiled_source_anchored_static_audited
DUV3-GF0025-2021-2-025-01,DiagnosticUnit,DPV3-GF0025-2021-2-025-01,DiagnosticProfile,RBV3-GF0025-2021-2-025-01,GF0025-2021-2-025,【二25】,2,25,词类,介词,引出对象,1,01,对,,unsplit_official_entry,,DTV3-SEED-42692FBADAB9,seed_reused,对字介词框架候选,110,structural_pattern,(?:对),^对$,fullmatch,normalized_legacy_regex,,"[""frame_marker"",""frame_object"",""governing_predicate"",""relation_type""]","[""候选片段包含或可解释出“对字介词框架”相关标记/结构线索。"",""候选片段满足所属语法家族的核心槽位要求：介词/框架标记、框架对象、谓词/中心事件、关系类型。"",""候选片段在原句中承担该语法点的实际语法功能，而非仅有表层词形。""]","[""结构大体可定位但边界过短或过长。"",""标记存在但核心槽位需要结合上下文复核。""]","[""候选片段只是术语、标题、编号、残片或 OCR 混杂内容。"",""只有表层标记，无法构成所属语法家族的核心结构。""]","[""只有表层标记""]","[""目标用例"",""边界问题"",""表层触发但非目标"",""结构缺槽"",""语义不兼容"",""其他具体构式"",""不确定/需复核""]","[""target_status"",""candidate_boundary"",""slot_status"",""structural_functional_status"",""licensed_evidence"",""runtime_evidence"",""rule_source_trace""]",^对$,normalized_compiles,REF-GF0025-2021,188,GF0025-2021 PDF p.188,ocr_detected,verified_inventory,false,[],machine_compiled,source_anchored,not_claimed,static_audit_passed,machine_compiled_source_anchored_static_audited
DUV3-GF0025-2021-2-026-01,DiagnosticUnit,DPV3-GF0025-2021-2-026-01,DiagnosticProfile,RBV3-GF0025-2021-2-026-01,GF0025-2021-2-026,【二26】,2,26,词类,介词,引出对象,1,01,给,,unsplit_official_entry,,DTV3-SEED-00A60C862C23,seed_reused,给/为/关于等介词框架候选,110,structural_pattern,(?:给),^给$,fullmatch,normalized_legacy_regex,,"[""frame_marker"",""frame_object"",""governing_predicate"",""relation_type""]","[""候选片段包含或可解释出“给/为/关于等介词框架”相关标记/结构线索。"",""候选片段满足所属语法家族的核心槽位要求：介词/框架标记、框架对象、谓词/中心事件、关系类型。"",""候选片段在原句中承担该语法点的实际语法功能，而非仅有表层词形。""]","[""结构大体可定位但边界过短或过长。"",""标记存在但核心槽位需要结合上下文复核。""]","[""候选片段只是术语、标题、编号、残片或 OCR 混杂内容。"",""只有表层标记，无法构成所属语法家族的核心结构。""]","[""只有表层标记""]","[""目标用例"",""边界问题"",""表层触发但非目标"",""结构缺槽"",""语义不兼容"",""其他具体构式"",""不确定/需复核""]","[""target_status"",""candidate_boundary"",""slot_status"",""structural_functional_status"",""licensed_evidence"",""runtime_evidence"",""rule_source_trace""]",^给$,normalized_compiles,REF-GF0025-2021,188,GF0025-2021 PDF p.188,ocr_detected,verified_inventory,false,[],machine_compiled,source_anchored,not_claimed,static_audit_passed,machine_compiled_source_anchored_static_audited
DUV3-GF0025-2021-2-027-01,DiagnosticUnit,DPV3-GF0025-2021-2-027-01,DiagnosticProfile,RBV3-GF0025-2021-2-027-01,GF0025-2021-2-027,【二27】,2,27,词类,介词,引出对象,1,01,离,,unsplit_official_entry,,DTV3-TAX-96C5330FEA95,taxonomy_instantiated,,0,structural_pattern,(?:离),^离$,fullmatch,normalized_legacy_regex,,"[""lexical_form"",""local_context"",""grammatical_function""]","[""候选包含与权威条目 【二27】 对齐的可定位触发线索。"",""候选满足模板槽位：lexical_form、local_context、grammatical_function。"",""候选按 structural_pattern 模式实现 词类 / 介词 / 引出对象 所规定的语法功能。""]","[""触发线索存在，但候选边界未覆盖完整构式。"",""局部槽位可定位，但至少一个必需槽位仅得到弱支持。""]","[""触发线索只出现在标题、编号、术语或元语言说明中。"",""必需槽位缺失，且上下文不能恢复目标结构或目标功能。""]","[""相同表层形式可能实现 介词 中的非目标功能。"",""相邻构式共享触发形式，但槽位关系或语法功能不同。""]","[""目标用例"",""边界问题"",""表层触发但非目标"",""结构缺槽"",""语义不兼容"",""其他具体构式"",""不确定/需复核""]","[""target_status"",""candidate_boundary"",""slot_status"",""structural_functional_status"",""licensed_evidence"",""runtime_evidence"",""rule_source_trace""]",^离$,normalized_compiles,REF-GF0025-2021,188,GF0025-2021 PDF p.188,ocr_detected,verified_inventory,false,[],machine_compiled,source_anchored,not_claimed,static_audit_passed,machine_compiled_source_anchored_static_audited
DUV3-GF0025-2021-2-028-01,DiagnosticUnit,DPV3-GF0025-2021-2-028-01,DiagnosticProfile,RBV3-GF0025-2021-2-028-01,GF0025-2021-2-028,【二28】,2,28,词类,介词,引出目的、原因,1,01,为1,,unsplit_official_entry,,DTV3-SEED-CFEFBF91186C,seed_reused,给/为/关于等介词框架候选,110,structural_pattern,(?:为1|为),^为$,fullmatch,normalized_legacy_regex,,"[""frame_marker"",""frame_object"",""governing_predicate"",""relation_type""]","[""候选片段包含或可解释出“给/为/关于等介词框架”相关标记/结构线索。"",""候选片段满足所属语法家族的核心槽位要求：介词/框架标记、框架对象、谓词/中心事件、关系类型。"",""候选片段在原句中承担该语法点的实际语法功能，而非仅有表层词形。""]","[""结构大体可定位但边界过短或过长。"",""标记存在但核心槽位需要结合上下文复核。""]","[""候选片段只是术语、标题、编号、残片或 OCR 混杂内容。"",""只有表层标记，无法构成所属语法家族的核心结构。""]","[""只有表层标记""]","[""目标用例"",""边界问题"",""表层触发但非目标"",""结构缺槽"",""语义不兼容"",""其他具体构式"",""不确定/需复核""]","[""target_status"",""candidate_boundary"",""slot_status"",""structural_functional_status"",""licensed_evidence"",""runtime_evidence"",""rule_source_trace""]",^为$,normalized_compiles,REF-GF0025-2021,189,GF0025-2021 PDF p.189,ocr_detected,verified_inventory,false,[],machine_compiled,source_anchored,not_claimed,static_audit_passed,machine_compiled_source_anchored_static_audited
DUV3-GF0025-2021-2-029-01,DiagnosticUnit,DPV3-GF0025-2021-2-029-01,DiagnosticProfile,RBV3-GF0025-2021-2-029-01,GF0025-2021-2-029,【二29】,2,29,词类,连词,连接词或词组,1,01,或、或者,,unsplit_official_entry,,DTV3-TAX-70386EB2913D,taxonomy_instantiated,,0,structural_pattern,(?:或者|或),^(或|或者)$,fullmatch,normalized_legacy_regex,,"[""lexical_form"",""local_context"",""grammatical_function""]","[""候选包含与权威条目 【二29】 对齐的可定位触发线索。"",""候选满足模板槽位：lexical_form、local_context、grammatical_function。"",""候选按 structural_pattern 模式实现 词类 / 连词 / 连接词或词组 所规定的语法功能。""]","[""触发线索存在，但候选边界未覆盖完整构式。"",""局部槽位可定位，但至少一个必需槽位仅得到弱支持。""]","[""触发线索只出现在标题、编号、术语或元语言说明中。"",""必需槽位缺失，且上下文不能恢复目标结构或目标功能。""]","[""相同表层形式可能实现 连词 中的非目标功能。"",""相邻构式共享触发形式，但槽位关系或语法功能不同。""]","[""目标用例"",""边界问题"",""表层触发但非目标"",""结构缺槽"",""语义不兼容"",""其他具体构式"",""不确定/需复核""]","[""target_status"",""candidate_boundary"",""slot_status"",""structural_functional_status"",""licensed_evidence"",""runtime_evidence"",""rule_source_trace""]",^(或|或者)$,normalized_compiles,REF-GF0025-2021,189,GF0025-2021 PDF p.189,ocr_detected,verified_inventory,false,[],machine_compiled,source_anchored,not_claimed,static_audit_passed,machine_compiled_source_anchored_static_audited
DUV3-GF0025-2021-2-030-01,DiagnosticUnit,DPV3-GF0025-2021-2-030-01,DiagnosticProfile,RBV3-GF0025-2021-2-030-01,GF0025-2021-2-030,【二30】,2,30,词类,连词,连接分句或句子,1,01,不过、但、但是、而且、那、如果、虽然、只要,,unsplit_official_entry,,DTV3-TAX-5226A4B955B9,taxonomy_instantiated,,0,structural_pattern,(?:不过|但是|只要|如果|而且|虽然|但|那),^(不过|但|但是|而且|那|如果|虽然|只要)$,fullmatch,normalized_legacy_regex,,"[""lexical_form"",""local_context"",""grammatical_function""]","[""候选包含与权威条目 【二30】 对齐的可定位触发线索。"",""候选满足模板槽位：lexical_form、local_context、grammatical_function。"",""候选按 structural_pattern 模式实现 词类 / 连词 / 连接分句或句子 所规定的语法功能。""]","[""触发线索存在，但候选边界未覆盖完整构式。"",""局部槽位可定位，但至少一个必需槽位仅得到弱支持。""]","[""触发线索只出现在标题、编号、术语或元语言说明中。"",""必需槽位缺失，且上下文不能恢复目标结构或目标功能。""]","[""相同表层形式可能实现 连词 中的非目标功能。"",""相邻构式共享触发形式，但槽位关系或语法功能不同。""]","[""目标用例"",""边界问题"",""表层触发但非目标"",""结构缺槽"",""语义不兼容"",""其他具体构式"",""不确定/需复核""]","[""target_status"",""candidate_boundary"",""slot_status"",""structural_functional_status"",""licensed_evidence"",""runtime_evidence"",""rule_source_trace""]",^(不过|但|但是|而且|那|如果|虽然|只要)$,normalized_compiles,REF-GF0025-2021,189,GF0025-2021 PDF p.189,ocr_detected,verified_inventory,false,[],machine_compiled,source_anchored,not_claimed,static_audit_passed,machine_compiled_source_anchored_static_audited
DUV3-GF0025-2021-2-031-01,DiagnosticUnit,DPV3-GF0025-2021-2-031-01,DiagnosticProfile,RBV3-GF0025-2021-2-031-01,GF0025-2021-2-031,【二31】,2,31,词类,助词,结构助词,1,01,得,,unsplit_official_entry,,DTV3-TAX-834173C4ACFE,taxonomy_instantiated,,0,structural_pattern,(?:得),^得$,fullmatch,normalized_legacy_regex,,"[""lexical_form"",""local_context"",""grammatical_function""]","[""候选包含与权威条目 【二31】 对齐的可定位触发线索。"",""候选满足模板槽位：lexical_form、local_context、grammatical_function。"",""候选按 structural_pattern 模式实现 词类 / 助词 / 结构助词 所规定的语法功能。""]","[""触发线索存在，但候选边界未覆盖完整构式。"",""局部槽位可定位，但至少一个必需槽位仅得到弱支持。""]","[""触发线索只出现在标题、编号、术语或元语言说明中。"",""必需槽位缺失，且上下文不能恢复目标结构或目标功能。""]","[""相同表层形式可能实现 助词 中的非目标功能。"",""相邻构式共享触发形式，但槽位关系或语法功能不同。""]","[""目标用例"",""边界问题"",""表层触发但非目标"",""结构缺槽"",""语义不兼容"",""其他具体构式"",""不确定/需复核""]","[""target_status"",""candidate_boundary"",""slot_status"",""structural_functional_status"",""licensed_evidence"",""runtime_evidence"",""rule_source_trace""]",^得$,normalized_compiles,REF-GF0025-2021,189,GF0025-2021 PDF p.189,ocr_detected,verified_inventory,false,[],machine_compiled,source_anchored,not_claimed,static_audit_passed,machine_compiled_source_anchored_static_audited
DUV3-GF0025-2021-2-032-01,DiagnosticUnit,DPV3-GF0025-2021-2-032-01,DiagnosticProfile,RBV3-GF0025-2021-2-032-01,GF0025-2021-2-032,【二32】,2,32,词类,助词,动态助词,1,01,过,,unsplit_official_entry,,DTV3-TAX-49DEC7322286,taxonomy_instantiated,,0,structural_pattern,(?:过),^过$,fullmatch,normalized_legacy_regex,,"[""lexical_form"",""local_context"",""grammatical_function""]","[""候选包含与权威条目 【二32】 对齐的可定位触发线索。"",""候选满足模板槽位：lexical_form、local_context、grammatical_function。"",""候选按 structural_pattern 模式实现 词类 / 助词 / 动态助词 所规定的语法功能。""]","[""触发线索存在，但候选边界未覆盖完整构式。"",""局部槽位可定位，但至少一个必需槽位仅得到弱支持。""]","[""触发线索只出现在标题、编号、术语或元语言说明中。"",""必需槽位缺失，且上下文不能恢复目标结构或目标功能。""]","[""相同表层形式可能实现 助词 中的非目标功能。"",""相邻构式共享触发形式，但槽位关系或语法功能不同。""]","[""目标用例"",""边界问题"",""表层触发但非目标"",""结构缺槽"",""语义不兼容"",""其他具体构式"",""不确定/需复核""]","[""target_status"",""candidate_boundary"",""slot_status"",""structural_functional_status"",""licensed_evidence"",""runtime_evidence"",""rule_source_trace""]",^过$,normalized_compiles,REF-GF0025-2021,189,GF0025-2021 PDF p.189,ocr_detected,verified_inventory,false,[],machine_compiled,source_anchored,not_claimed,static_audit_passed,machine_compiled_source_anchored_static_audited
DUV3-GF0025-2021-2-033-01,DiagnosticUnit,DPV3-GF0025-2021-2-033-01,DiagnosticProfile,RBV3-GF0025-2021-2-033-01,GF0025-2021-2-033,【二33】,2,33,词类,助词,,1,01,着,,unsplit_official_entry,,DTV3-TAX-891BB0728109,taxonomy_instantiated,,0,structural_pattern,(?:着),^着$,fullmatch,normalized_legacy_regex,,"[""lexical_form"",""local_context"",""grammatical_function""]","[""候选包含与权威条目 【二33】 对齐的可定位触发线索。"",""候选满足模板槽位：lexical_form、local_context、grammatical_function。"",""候选按 structural_pattern 模式实现 词类 / 助词 / 未列小项 所规定的语法功能。""]","[""触发线索存在，但候选边界未覆盖完整构式。"",""局部槽位可定位，但至少一个必需槽位仅得到弱支持。""]","[""触发线索只出现在标题、编号、术语或元语言说明中。"",""必需槽位缺失，且上下文不能恢复目标结构或目标功能。""]","[""相同表层形式可能实现 助词 中的非目标功能。"",""相邻构式共享触发形式，但槽位关系或语法功能不同。""]","[""目标用例"",""边界问题"",""表层触发但非目标"",""结构缺槽"",""语义不兼容"",""其他具体构式"",""不确定/需复核""]","[""target_status"",""candidate_boundary"",""slot_status"",""structural_functional_status"",""licensed_evidence"",""runtime_evidence"",""rule_source_trace""]",^着$,normalized_compiles,REF-GF0025-2021,189,GF0025-2021 PDF p.189,ocr_detected,verified_inventory,false,[],machine_compiled,source_anchored,not_claimed,static_audit_passed,machine_compiled_source_anchored_static_audited
DUV3-GF0025-2021-2-034-01,DiagnosticUnit,DPV3-GF0025-2021-2-034-01,DiagnosticProfile,RBV3-GF0025-2021-2-034-01,GF0025-2021-2-034,【二34】,2,34,词类,助词,语气助词,1,01,啊1、吧2、的2,,unsplit_official_entry,,DTV3-TAX-11D0BEC5BF9A,taxonomy_instantiated,,0,structural_pattern,(?:吧|啊|的),^(啊|吧|的)$,fullmatch,normalized_legacy_regex,,"[""lexical_form"",""local_context"",""grammatical_function""]","[""候选包含与权威条目 【二34】 对齐的可定位触发线索。"",""候选满足模板槽位：lexical_form、local_context、grammatical_function。"",""候选按 structural_pattern 模式实现 词类 / 助词 / 语气助词 所规定的语法功能。""]","[""触发线索存在，但候选边界未覆盖完整构式。"",""局部槽位可定位，但至少一个必需槽位仅得到弱支持。""]","[""触发线索只出现在标题、编号、术语或元语言说明中。"",""必需槽位缺失，且上下文不能恢复目标结构或目标功能。""]","[""相同表层形式可能实现 助词 中的非目标功能。"",""相邻构式共享触发形式，但槽位关系或语法功能不同。""]","[""目标用例"",""边界问题"",""表层触发但非目标"",""结构缺槽"",""语义不兼容"",""其他具体构式"",""不确定/需复核""]","[""target_status"",""candidate_boundary"",""slot_status"",""structural_functional_status"",""licensed_evidence"",""runtime_evidence"",""rule_source_trace""]",^(啊|吧|的)$,normalized_compiles,REF-GF0025-2021,189,GF0025-2021 PDF p.189,ocr_detected,verified_inventory,false,[],machine_compiled,source_anchored,not_claimed,static_audit_passed,machine_compiled_source_anchored_static_audited
DUV3-GF0025-2021-2-035-01,DiagnosticUnit,DPV3-GF0025-2021-2-035-01,DiagnosticProfile,RBV3-GF0025-2021-2-035-01,GF0025-2021-2-035,【二35】,2,35,词类,助词,其他助词,1,01,的话、等,,unsplit_official_entry,,DTV3-TAX-4DB482B3679C,taxonomy_instantiated,,0,structural_pattern,(?:的话|等),^(的话|等)$,fullmatch,normalized_legacy_regex,,"[""lexical_form"",""local_context"",""grammatical_function""]","[""候选包含与权威条目 【二35】 对齐的可定位触发线索。"",""候选满足模板槽位：lexical_form、local_context、grammatical_function。"",""候选按 structural_pattern 模式实现 词类 / 助词 / 其他助词 所规定的语法功能。""]","[""触发线索存在，但候选边界未覆盖完整构式。"",""局部槽位可定位，但至少一个必需槽位仅得到弱支持。""]","[""触发线索只出现在标题、编号、术语或元语言说明中。"",""必需槽位缺失，且上下文不能恢复目标结构或目标功能。""]","[""相同表层形式可能实现 助词 中的非目标功能。"",""相邻构式共享触发形式，但槽位关系或语法功能不同。""]","[""目标用例"",""边界问题"",""表层触发但非目标"",""结构缺槽"",""语义不兼容"",""其他具体构式"",""不确定/需复核""]","[""target_status"",""candidate_boundary"",""slot_status"",""structural_functional_status"",""licensed_evidence"",""runtime_evidence"",""rule_source_trace""]",^(的话|等)$,normalized_compiles,REF-GF0025-2021,189,GF0025-2021 PDF p.189,ocr_detected,verified_inventory,false,[],machine_compiled,source_anchored,not_claimed,static_audit_passed,machine_compiled_source_anchored_static_audited
DUV3-GF0025-2021-2-036-01,DiagnosticUnit,DPV3-GF0025-2021-2-036-01,DiagnosticProfile,RBV3-GF0025-2021-2-036-01,GF0025-2021-2-036,【二36】,2,36,词类,叹词,,1,01,喂,,unsplit_official_entry,,DTV3-TAX-9153EBAD9F2F,taxonomy_instantiated,,0,structural_pattern,(?:喂),^喂$,fullmatch,normalized_legacy_regex,,"[""lexical_form"",""local_context"",""grammatical_function""]","[""候选包含与权威条目 【二36】 对齐的可定位触发线索。"",""候选满足模板槽位：lexical_form、local_context、grammatical_function。"",""候选按 structural_pattern 模式实现 词类 / 叹词 / 未列小项 所规定的语法功能。""]","[""触发线索存在，但候选边界未覆盖完整构式。"",""局部槽位可定位，但至少一个必需槽位仅得到弱支持。""]","[""触发线索只出现在标题、编号、术语或元语言说明中。"",""必需槽位缺失，且上下文不能恢复目标结构或目标功能。""]","[""相同表层形式可能实现 叹词 中的非目标功能。"",""相邻构式共享触发形式，但槽位关系或语法功能不同。""]","[""目标用例"",""边界问题"",""表层触发但非目标"",""结构缺槽"",""语义不兼容"",""其他具体构式"",""不确定/需复核""]","[""target_status"",""candidate_boundary"",""slot_status"",""structural_functional_status"",""licensed_evidence"",""runtime_evidence"",""rule_source_trace""]",^喂$,normalized_compiles,REF-GF0025-2021,190,GF0025-2021 PDF p.190,ocr_detected,verified_inventory,false,[],machine_compiled,source_anchored,not_claimed,static_audit_passed,machine_compiled_source_anchored_static_audited
DUV3-GF0025-2021-2-037-01,DiagnosticUnit,DPV3-GF0025-2021-2-037-01,DiagnosticProfile,RBV3-GF0025-2021-2-037-01,GF0025-2021-2-037,【二37】,2,37,短语,结构类型,基本结构类型,1,01,联合短语,基本结构类型,numbered_usage,（1）,DTV3-TAX-58BE1FA9DBC5,taxonomy_instantiated,,0,structural_pattern,(?:联合短语),(?:联合短语),search,source_literal_retrieval_trigger,,"[""phrase_head"",""dependent_or_argument"",""phrase_boundary""]","[""候选包含与权威条目 【二37】 对齐的可定位触发线索。"",""候选满足模板槽位：phrase_head、dependent_or_argument、phrase_boundary。"",""候选按 structural_pattern 模式实现 短语 / 结构类型 / 基本结构类型 所规定的语法功能。""]","[""触发线索存在，但候选边界未覆盖完整构式。"",""局部槽位可定位，但至少一个必需槽位仅得到弱支持。""]","[""触发线索只出现在标题、编号、术语或元语言说明中。"",""必需槽位缺失，且上下文不能恢复目标结构或目标功能。""]","[""相同表层形式可能实现 结构类型 中的非目标功能。"",""相邻构式共享触发形式，但槽位关系或语法功能不同。""]","[""目标用例"",""边界问题"",""表层触发但非目标"",""结构缺槽"",""语义不兼容"",""其他具体构式"",""不确定/需复核""]","[""target_status"",""candidate_boundary"",""slot_status"",""structural_functional_status"",""licensed_evidence"",""runtime_evidence"",""rule_source_trace""]",,not_available_source_literal_runtime,REF-GF0025-2021,190,GF0025-2021 PDF p.190,ocr_detected,verified_inventory,false,[],machine_compiled,source_anchored,not_claimed,static_audit_passed,machine_compiled_source_anchored_static_audited
DUV3-GF0025-2021-2-037-02,DiagnosticUnit,DPV3-GF0025-2021-2-037-02,DiagnosticProfile,RBV3-GF0025-2021-2-037-02,GF0025-2021-2-037,【二37】,2,37,短语,结构类型,基本结构类型,2,02,偏正短语,基本结构类型,numbered_usage,（2）,DTV3-TAX-58BE1FA9DBC5,taxonomy_instantiated,,0,structural_pattern,(?:偏正短语),(?:偏正短语),search,source_literal_retrieval_trigger,,"[""phrase_head"",""dependent_or_argument"",""phrase_boundary""]","[""候选包含与权威条目 【二37】 对齐的可定位触发线索。"",""候选满足模板槽位：phrase_head、dependent_or_argument、phrase_boundary。"",""候选按 structural_pattern 模式实现 短语 / 结构类型 / 基本结构类型 所规定的语法功能。""]","[""触发线索存在，但候选边界未覆盖完整构式。"",""局部槽位可定位，但至少一个必需槽位仅得到弱支持。""]","[""触发线索只出现在标题、编号、术语或元语言说明中。"",""必需槽位缺失，且上下文不能恢复目标结构或目标功能。""]","[""相同表层形式可能实现 结构类型 中的非目标功能。"",""相邻构式共享触发形式，但槽位关系或语法功能不同。""]","[""目标用例"",""边界问题"",""表层触发但非目标"",""结构缺槽"",""语义不兼容"",""其他具体构式"",""不确定/需复核""]","[""target_status"",""candidate_boundary"",""slot_status"",""structural_functional_status"",""licensed_evidence"",""runtime_evidence"",""rule_source_trace""]",,not_available_source_literal_runtime,REF-GF0025-2021,190,GF0025-2021 PDF p.190,ocr_detected,verified_inventory,false,[],machine_compiled,source_anchored,not_claimed,static_audit_passed,machine_compiled_source_anchored_static_audited
DUV3-GF0025-2021-2-037-03,DiagnosticUnit,DPV3-GF0025-2021-2-037-03,DiagnosticProfile,RBV3-GF0025-2021-2-037-03,GF0025-2021-2-037,【二37】,2,37,短语,结构类型,基本结构类型,3,03,动宾短语,基本结构类型,numbered_usage,（3）,DTV3-TAX-58BE1FA9DBC5,taxonomy_instantiated,,0,structural_pattern,(?:动宾短语),(?:动宾短语),search,source_literal_retrieval_trigger,,"[""phrase_head"",""dependent_or_argument"",""phrase_boundary""]","[""候选包含与权威条目 【二37】 对齐的可定位触发线索。"",""候选满足模板槽位：phrase_head、dependent_or_argument、phrase_boundary。"",""候选按 structural_pattern 模式实现 短语 / 结构类型 / 基本结构类型 所规定的语法功能。""]","[""触发线索存在，但候选边界未覆盖完整构式。"",""局部槽位可定位，但至少一个必需槽位仅得到弱支持。""]","[""触发线索只出现在标题、编号、术语或元语言说明中。"",""必需槽位缺失，且上下文不能恢复目标结构或目标功能。""]","[""相同表层形式可能实现 结构类型 中的非目标功能。"",""相邻构式共享触发形式，但槽位关系或语法功能不同。""]","[""目标用例"",""边界问题"",""表层触发但非目标"",""结构缺槽"",""语义不兼容"",""其他具体构式"",""不确定/需复核""]","[""target_status"",""candidate_boundary"",""slot_status"",""structural_functional_status"",""licensed_evidence"",""runtime_evidence"",""rule_source_trace""]",,not_available_source_literal_runtime,REF-GF0025-2021,190,GF0025-2021 PDF p.190,ocr_detected,verified_inventory,false,[],machine_compiled,source_anchored,not_claimed,static_audit_passed,machine_compiled_source_anchored_static_audited
DUV3-GF0025-2021-2-037-04,DiagnosticUnit,DPV3-GF0025-2021-2-037-04,DiagnosticProfile,RBV3-GF0025-2021-2-037-04,GF0025-2021-2-037,【二37】,2,37,短语,结构类型,基本结构类型,4,04,动补短语,基本结构类型,numbered_usage,（4）,DTV3-TAX-58BE1FA9DBC5,taxonomy_instantiated,,0,structural_pattern,(?:动补短语),(?:动补短语),search,source_literal_retrieval_trigger,,"[""phrase_head"",""dependent_or_argument"",""phrase_boundary""]","[""候选包含与权威条目 【二37】 对齐的可定位触发线索。"",""候选满足模板槽位：phrase_head、dependent_or_argument、phrase_boundary。"",""候选按 structural_pattern 模式实现 短语 / 结构类型 / 基本结构类型 所规定的语法功能。""]","[""触发线索存在，但候选边界未覆盖完整构式。"",""局部槽位可定位，但至少一个必需槽位仅得到弱支持。""]","[""触发线索只出现在标题、编号、术语或元语言说明中。"",""必需槽位缺失，且上下文不能恢复目标结构或目标功能。""]","[""相同表层形式可能实现 结构类型 中的非目标功能。"",""相邻构式共享触发形式，但槽位关系或语法功能不同。""]","[""目标用例"",""边界问题"",""表层触发但非目标"",""结构缺槽"",""语义不兼容"",""其他具体构式"",""不确定/需复核""]","[""target_status"",""candidate_boundary"",""slot_status"",""structural_functional_status"",""licensed_evidence"",""runtime_evidence"",""rule_source_trace""]",,not_available_source_literal_runtime,REF-GF0025-2021,190,GF0025-2021 PDF p.190,ocr_detected,verified_inventory,false,[],machine_compiled,source_anchored,not_claimed,static_audit_passed,machine_compiled_source_anchored_static_audited
DUV3-GF0025-2021-2-037-05,DiagnosticUnit,DPV3-GF0025-2021-2-037-05,DiagnosticProfile,RBV3-GF0025-2021-2-037-05,GF0025-2021-2-037,【二37】,2,37,短语,结构类型,基本结构类型,5,05,主谓短语,基本结构类型,numbered_usage,（5）,DTV3-TAX-58BE1FA9DBC5,taxonomy_instantiated,,0,structural_pattern,(?:主谓短语),(?:主谓短语),search,source_literal_retrieval_trigger,,"[""phrase_head"",""dependent_or_argument"",""phrase_boundary""]","[""候选包含与权威条目 【二37】 对齐的可定位触发线索。"",""候选满足模板槽位：phrase_head、dependent_or_argument、phrase_boundary。"",""候选按 structural_pattern 模式实现 短语 / 结构类型 / 基本结构类型 所规定的语法功能。""]","[""触发线索存在，但候选边界未覆盖完整构式。"",""局部槽位可定位，但至少一个必需槽位仅得到弱支持。""]","[""触发线索只出现在标题、编号、术语或元语言说明中。"",""必需槽位缺失，且上下文不能恢复目标结构或目标功能。""]","[""相同表层形式可能实现 结构类型 中的非目标功能。"",""相邻构式共享触发形式，但槽位关系或语法功能不同。""]","[""目标用例"",""边界问题"",""表层触发但非目标"",""结构缺槽"",""语义不兼容"",""其他具体构式"",""不确定/需复核""]","[""target_status"",""candidate_boundary"",""slot_status"",""structural_functional_status"",""licensed_evidence"",""runtime_evidence"",""rule_source_trace""]",,not_available_source_literal_runtime,REF-GF0025-2021,190,GF0025-2021 PDF p.190,ocr_detected,verified_inventory,false,[],machine_compiled,source_anchored,not_claimed,static_audit_passed,machine_compiled_source_anchored_static_audited
DUV3-GF0025-2021-2-038-01,DiagnosticUnit,DPV3-GF0025-2021-2-038-01,DiagnosticProfile,RBV3-GF0025-2021-2-038-01,GF0025-2021-2-038,【二38】,2,38,短语,结构类型,其他结构类型,1,01,“的”字短语,其他结构类型1,numbered_usage,（1）,DTV3-TAX-AC9DFAD69E1A,taxonomy_instantiated,,0,structural_pattern,(?:“的”字短语|字短语|的),(?:“的”字短语|字短语|的),search,source_literal_retrieval_trigger,,"[""phrase_head"",""dependent_or_argument"",""phrase_boundary""]","[""候选包含与权威条目 【二38】 对齐的可定位触发线索。"",""候选满足模板槽位：phrase_head、dependent_or_argument、phrase_boundary。"",""候选按 structural_pattern 模式实现 短语 / 结构类型 / 其他结构类型 所规定的语法功能。""]","[""触发线索存在，但候选边界未覆盖完整构式。"",""局部槽位可定位，但至少一个必需槽位仅得到弱支持。""]","[""触发线索只出现在标题、编号、术语或元语言说明中。"",""必需槽位缺失，且上下文不能恢复目标结构或目标功能。""]","[""相同表层形式可能实现 结构类型 中的非目标功能。"",""相邻构式共享触发形式，但槽位关系或语法功能不同。""]","[""目标用例"",""边界问题"",""表层触发但非目标"",""结构缺槽"",""语义不兼容"",""其他具体构式"",""不确定/需复核""]","[""target_status"",""candidate_boundary"",""slot_status"",""structural_functional_status"",""licensed_evidence"",""runtime_evidence"",""rule_source_trace""]",,not_available_source_literal_runtime,REF-GF0025-2021,190,GF0025-2021 PDF p.190,ocr_detected,verified_inventory,false,[],machine_compiled,source_anchored,not_claimed,static_audit_passed,machine_compiled_source_anchored_static_audited
DUV3-GF0025-2021-2-038-02,DiagnosticUnit,DPV3-GF0025-2021-2-038-02,DiagnosticProfile,RBV3-GF0025-2021-2-038-02,GF0025-2021-2-038,【二38】,2,38,短语,结构类型,其他结构类型,2,02,连谓短语,其他结构类型1,numbered_usage,（2）,DTV3-SEED-EE88DB27135C,seed_reused,连动结构候选,120,structural_pattern,(?:连谓短语),(?:连谓短语),search,source_literal_retrieval_trigger,,"[""predicate_1"",""shared_argument"",""predicate_2"",""event_relation""]","[""候选片段覆盖连续动作链。"",""两个或多个谓词共享同一主体或存在事件先后/目的关系。""]","[""只截取动作链的一部分时标为边界问题。""]","[""普通动宾结构或单一谓词误触发。""]","[""只有普通动宾关系""]","[""目标用例"",""边界问题"",""表层触发但非目标"",""结构缺槽"",""语义不兼容"",""其他具体构式"",""不确定/需复核""]","[""target_status"",""candidate_boundary"",""slot_status"",""structural_functional_status"",""licensed_evidence"",""runtime_evidence"",""rule_source_trace""]",,not_available_source_literal_runtime,REF-GF0025-2021,190,GF0025-2021 PDF p.190,ocr_detected,verified_inventory,false,[],machine_compiled,source_anchored,not_claimed,static_audit_passed,machine_compiled_source_anchored_static_audited
DUV3-GF0025-2021-2-039-01,DiagnosticUnit,DPV3-GF0025-2021-2-039-01,DiagnosticProfile,RBV3-GF0025-2021-2-039-01,GF0025-2021-2-039,【二39】,2,39,短语,功能类型,,1,01,名词性短语,,unsplit_official_entry,,DTV3-TAX-BCDDAF4C5A0A,taxonomy_instantiated,,0,complex_functional,(?:名词性短语),(?:名词性短语),search,source_literal_retrieval_trigger,,"[""phrase_head"",""dependent_or_argument"",""phrase_boundary""]","[""候选包含与权威条目 【二39】 对齐的可定位触发线索。"",""候选满足模板槽位：phrase_head、dependent_or_argument、phrase_boundary。"",""候选按 complex_functional 模式实现 短语 / 功能类型 / 未列小项 所规定的语法功能。""]","[""触发线索存在，但候选边界未覆盖完整构式。"",""局部槽位可定位，但至少一个必需槽位仅得到弱支持。""]","[""触发线索只出现在标题、编号、术语或元语言说明中。"",""必需槽位缺失，且上下文不能恢复目标结构或目标功能。""]","[""相同表层形式可能实现 功能类型 中的非目标功能。"",""相邻构式共享触发形式，但槽位关系或语法功能不同。""]","[""目标用例"",""边界问题"",""表层触发但非目标"",""结构缺槽"",""语义不兼容"",""其他具体构式"",""不确定/需复核""]","[""target_status"",""candidate_boundary"",""slot_status"",""structural_functional_status"",""licensed_evidence"",""runtime_evidence"",""rule_source_trace""]",,not_available_source_literal_runtime,REF-GF0025-2021,190,GF0025-2021 PDF p.190,ocr_detected,verified_inventory,false,[],machine_compiled,source_anchored,not_claimed,static_audit_passed,machine_compiled_source_anchored_static_audited
DUV3-GF0025-2021-2-040-01,DiagnosticUnit,DPV3-GF0025-2021-2-040-01,DiagnosticProfile,RBV3-GF0025-2021-2-040-01,GF0025-2021-2-040,【二40】,2,40,短语,功能类型,,1,01,动词性短语,,unsplit_official_entry,,DTV3-TAX-BCDDAF4C5A0A,taxonomy_instantiated,,0,complex_functional,(?:动词性短语),(?:动词性短语),search,source_literal_retrieval_trigger,,"[""phrase_head"",""dependent_or_argument"",""phrase_boundary""]","[""候选包含与权威条目 【二40】 对齐的可定位触发线索。"",""候选满足模板槽位：phrase_head、dependent_or_argument、phrase_boundary。"",""候选按 complex_functional 模式实现 短语 / 功能类型 / 未列小项 所规定的语法功能。""]","[""触发线索存在，但候选边界未覆盖完整构式。"",""局部槽位可定位，但至少一个必需槽位仅得到弱支持。""]","[""触发线索只出现在标题、编号、术语或元语言说明中。"",""必需槽位缺失，且上下文不能恢复目标结构或目标功能。""]","[""相同表层形式可能实现 功能类型 中的非目标功能。"",""相邻构式共享触发形式，但槽位关系或语法功能不同。""]","[""目标用例"",""边界问题"",""表层触发但非目标"",""结构缺槽"",""语义不兼容"",""其他具体构式"",""不确定/需复核""]","[""target_status"",""candidate_boundary"",""slot_status"",""structural_functional_status"",""licensed_evidence"",""runtime_evidence"",""rule_source_trace""]",,not_available_source_literal_runtime,REF-GF0025-2021,190,GF0025-2021 PDF p.190,ocr_detected,verified_inventory,false,[],machine_compiled,source_anchored,not_claimed,static_audit_passed,machine_compiled_source_anchored_static_audited
DUV3-GF0025-2021-2-041-01,DiagnosticUnit,DPV3-GF0025-2021-2-041-01,DiagnosticProfile,RBV3-GF0025-2021-2-041-01,GF0025-2021-2-041,【二41】,2,41,短语,功能类型,,1,01,形容词性短语,,unsplit_official_entry,,DTV3-TAX-BCDDAF4C5A0A,taxonomy_instantiated,,0,complex_functional,(?:形容词性短语),(?:形容词性短语),search,source_literal_retrieval_trigger,,"[""phrase_head"",""dependent_or_argument"",""phrase_boundary""]","[""候选包含与权威条目 【二41】 对齐的可定位触发线索。"",""候选满足模板槽位：phrase_head、dependent_or_argument、phrase_boundary。"",""候选按 complex_functional 模式实现 短语 / 功能类型 / 未列小项 所规定的语法功能。""]","[""触发线索存在，但候选边界未覆盖完整构式。"",""局部槽位可定位，但至少一个必需槽位仅得到弱支持。""]","[""触发线索只出现在标题、编号、术语或元语言说明中。"",""必需槽位缺失，且上下文不能恢复目标结构或目标功能。""]","[""相同表层形式可能实现 功能类型 中的非目标功能。"",""相邻构式共享触发形式，但槽位关系或语法功能不同。""]","[""目标用例"",""边界问题"",""表层触发但非目标"",""结构缺槽"",""语义不兼容"",""其他具体构式"",""不确定/需复核""]","[""target_status"",""candidate_boundary"",""slot_status"",""structural_functional_status"",""licensed_evidence"",""runtime_evidence"",""rule_source_trace""]",,not_available_source_literal_runtime,REF-GF0025-2021,190,GF0025-2021 PDF p.190,ocr_detected,verified_inventory,false,[],machine_compiled,source_anchored,not_claimed,static_audit_passed,machine_compiled_source_anchored_static_audited
DUV3-GF0025-2021-2-042-01,DiagnosticUnit,DPV3-GF0025-2021-2-042-01,DiagnosticProfile,RBV3-GF0025-2021-2-042-01,GF0025-2021-2-042,【二42】,2,42,短语,固定短语,其他,1,01,不一会儿,,unsplit_official_entry,,DTV3-TAX-423191A16BE2,taxonomy_instantiated,,0,structural_pattern,(?:不一会儿),不一会儿,search,normalized_legacy_regex,,"[""phrase_head"",""dependent_or_argument"",""phrase_boundary""]","[""候选包含与权威条目 【二42】 对齐的可定位触发线索。"",""候选满足模板槽位：phrase_head、dependent_or_argument、phrase_boundary。"",""候选按 structural_pattern 模式实现 短语 / 固定短语 / 其他 所规定的语法功能。""]","[""触发线索存在，但候选边界未覆盖完整构式。"",""局部槽位可定位，但至少一个必需槽位仅得到弱支持。""]","[""触发线索只出现在标题、编号、术语或元语言说明中。"",""必需槽位缺失，且上下文不能恢复目标结构或目标功能。""]","[""相同表层形式可能实现 固定短语 中的非目标功能。"",""相邻构式共享触发形式，但槽位关系或语法功能不同。""]","[""目标用例"",""边界问题"",""表层触发但非目标"",""结构缺槽"",""语义不兼容"",""其他具体构式"",""不确定/需复核""]","[""target_status"",""candidate_boundary"",""slot_status"",""structural_functional_status"",""licensed_evidence"",""runtime_evidence"",""rule_source_trace""]",不一会儿,normalized_compiles,REF-GF0025-2021,191,GF0025-2021 PDF p.191,ocr_detected,verified_inventory,false,[],machine_compiled,source_anchored,not_claimed,static_audit_passed,machine_compiled_source_anchored_static_audited
DUV3-GF0025-2021-2-043-01,DiagnosticUnit,DPV3-GF0025-2021-2-043-01,DiagnosticProfile,RBV3-GF0025-2021-2-043-01,GF0025-2021-2-043,【二43】,2,43,短语,固定短语,其他,1,01,什么的,,unsplit_official_entry,,DTV3-TAX-423191A16BE2,taxonomy_instantiated,,0,structural_pattern,(?:什么的),什么的,search,normalized_legacy_regex,,"[""phrase_head"",""dependent_or_argument"",""phrase_boundary""]","[""候选包含与权威条目 【二43】 对齐的可定位触发线索。"",""候选满足模板槽位：phrase_head、dependent_or_argument、phrase_boundary。"",""候选按 structural_pattern 模式实现 短语 / 固定短语 / 其他 所规定的语法功能。""]","[""触发线索存在，但候选边界未覆盖完整构式。"",""局部槽位可定位，但至少一个必需槽位仅得到弱支持。""]","[""触发线索只出现在标题、编号、术语或元语言说明中。"",""必需槽位缺失，且上下文不能恢复目标结构或目标功能。""]","[""相同表层形式可能实现 固定短语 中的非目标功能。"",""相邻构式共享触发形式，但槽位关系或语法功能不同。""]","[""目标用例"",""边界问题"",""表层触发但非目标"",""结构缺槽"",""语义不兼容"",""其他具体构式"",""不确定/需复核""]","[""target_status"",""candidate_boundary"",""slot_status"",""structural_functional_status"",""licensed_evidence"",""runtime_evidence"",""rule_source_trace""]",什么的,normalized_compiles,REF-GF0025-2021,191,GF0025-2021 PDF p.191,ocr_detected,verified_inventory,false,[],machine_compiled,source_anchored,not_claimed,static_audit_passed,machine_compiled_source_anchored_static_audited
DUV3-GF0025-2021-2-044-01,DiagnosticUnit,DPV3-GF0025-2021-2-044-01,DiagnosticProfile,RBV3-GF0025-2021-2-044-01,GF0025-2021-2-044,【二44】,2,44,短语,固定短语,其他,1,01,越来越,,unsplit_official_entry,,DTV3-TAX-423191A16BE2,taxonomy_instantiated,,0,structural_pattern,(?:越来越),越来越,search,normalized_legacy_regex,,"[""phrase_head"",""dependent_or_argument"",""phrase_boundary""]","[""候选包含与权威条目 【二44】 对齐的可定位触发线索。"",""候选满足模板槽位：phrase_head、dependent_or_argument、phrase_boundary。"",""候选按 structural_pattern 模式实现 短语 / 固定短语 / 其他 所规定的语法功能。""]","[""触发线索存在，但候选边界未覆盖完整构式。"",""局部槽位可定位，但至少一个必需槽位仅得到弱支持。""]","[""触发线索只出现在标题、编号、术语或元语言说明中。"",""必需槽位缺失，且上下文不能恢复目标结构或目标功能。""]","[""相同表层形式可能实现 固定短语 中的非目标功能。"",""相邻构式共享触发形式，但槽位关系或语法功能不同。""]","[""目标用例"",""边界问题"",""表层触发但非目标"",""结构缺槽"",""语义不兼容"",""其他具体构式"",""不确定/需复核""]","[""target_status"",""candidate_boundary"",""slot_status"",""structural_functional_status"",""licensed_evidence"",""runtime_evidence"",""rule_source_trace""]",越来越,normalized_compiles,REF-GF0025-2021,191,GF0025-2021 PDF p.191,ocr_detected,verified_inventory,false,[],machine_compiled,source_anchored,not_claimed,static_audit_passed,machine_compiled_source_anchored_static_audited
DUV3-GF0025-2021-2-045-01,DiagnosticUnit,DPV3-GF0025-2021-2-045-01,DiagnosticProfile,RBV3-GF0025-2021-2-045-01,GF0025-2021-2-045,【二45】,2,45,固定格式,未细分,,1,01,还是……吧,,unsplit_official_entry,,DTV3-POINT-389D37CFC136,point_specific_instantiated,,0,structural_pattern,(?:还是……吧|还是|吧),还是.+吧,search,normalized_legacy_regex,,"[""fixed_marker"",""internal_slot"",""construction_boundary""]","[""候选包含与权威条目 【二45】 对齐的可定位触发线索。"",""候选满足模板槽位：fixed_marker、internal_slot、construction_boundary。"",""候选按 structural_pattern 模式实现 固定格式 / 未细分 / 未列小项 所规定的语法功能。""]","[""触发线索存在，但候选边界未覆盖完整构式。"",""局部槽位可定位，但至少一个必需槽位仅得到弱支持。""]","[""触发线索只出现在标题、编号、术语或元语言说明中。"",""必需槽位缺失，且上下文不能恢复目标结构或目标功能。""]","[""相同表层形式可能实现 未细分 中的非目标功能。"",""相邻构式共享触发形式，但槽位关系或语法功能不同。""]","[""目标用例"",""边界问题"",""表层触发但非目标"",""结构缺槽"",""语义不兼容"",""其他具体构式"",""不确定/需复核""]","[""target_status"",""candidate_boundary"",""slot_status"",""structural_functional_status"",""licensed_evidence"",""runtime_evidence"",""rule_source_trace""]",还是.+吧,normalized_compiles,REF-GF0025-2021,191,GF0025-2021 PDF p.191,ocr_detected,verified_inventory,false,[],machine_compiled,source_anchored,not_claimed,static_audit_passed,machine_compiled_source_anchored_static_audited
DUV3-GF0025-2021-2-046-01,DiagnosticUnit,DPV3-GF0025-2021-2-046-01,DiagnosticProfile,RBV3-GF0025-2021-2-046-01,GF0025-2021-2-046,【二46】,2,46,固定格式,未细分,,1,01,又……又……,,unsplit_official_entry,,DTV3-POINT-7F0B0799974B,point_specific_instantiated,,0,structural_pattern,(?:又……又……|又),又.+又.+,search,normalized_legacy_regex,,"[""fixed_marker"",""internal_slot"",""construction_boundary""]","[""候选包含与权威条目 【二46】 对齐的可定位触发线索。"",""候选满足模板槽位：fixed_marker、internal_slot、construction_boundary。"",""候选按 structural_pattern 模式实现 固定格式 / 未细分 / 未列小项 所规定的语法功能。""]","[""触发线索存在，但候选边界未覆盖完整构式。"",""局部槽位可定位，但至少一个必需槽位仅得到弱支持。""]","[""触发线索只出现在标题、编号、术语或元语言说明中。"",""必需槽位缺失，且上下文不能恢复目标结构或目标功能。""]","[""相同表层形式可能实现 未细分 中的非目标功能。"",""相邻构式共享触发形式，但槽位关系或语法功能不同。""]","[""目标用例"",""边界问题"",""表层触发但非目标"",""结构缺槽"",""语义不兼容"",""其他具体构式"",""不确定/需复核""]","[""target_status"",""candidate_boundary"",""slot_status"",""structural_functional_status"",""licensed_evidence"",""runtime_evidence"",""rule_source_trace""]",又.+又.+,normalized_compiles,REF-GF0025-2021,,GF0025-2021 PDF pp.176–259,appendix_span_verified,verified_inventory,false,[],machine_compiled,source_anchored,not_claimed,static_audit_passed,machine_compiled_source_anchored_static_audited
DUV3-GF0025-2021-2-047-01,DiagnosticUnit,DPV3-GF0025-2021-2-047-01,DiagnosticProfile,RBV3-GF0025-2021-2-047-01,GF0025-2021-2-047,【二47】,2,47,固定格式,未细分,,1,01,（在）……以前/以后/前/后,,unsplit_official_entry,,DTV3-POINT-AB155FCBC46C,point_specific_instantiated,,0,structural_pattern,(?:以前|以后|前|后|在),在*.+(以前|以后|前|后),search,normalized_legacy_regex,,"[""fixed_marker"",""internal_slot"",""construction_boundary""]","[""候选包含与权威条目 【二47】 对齐的可定位触发线索。"",""候选满足模板槽位：fixed_marker、internal_slot、construction_boundary。"",""候选按 structural_pattern 模式实现 固定格式 / 未细分 / 未列小项 所规定的语法功能。""]","[""触发线索存在，但候选边界未覆盖完整构式。"",""局部槽位可定位，但至少一个必需槽位仅得到弱支持。""]","[""触发线索只出现在标题、编号、术语或元语言说明中。"",""必需槽位缺失，且上下文不能恢复目标结构或目标功能。""]","[""相同表层形式可能实现 未细分 中的非目标功能。"",""相邻构式共享触发形式，但槽位关系或语法功能不同。""]","[""目标用例"",""边界问题"",""表层触发但非目标"",""结构缺槽"",""语义不兼容"",""其他具体构式"",""不确定/需复核""]","[""target_status"",""candidate_boundary"",""slot_status"",""structural_functional_status"",""licensed_evidence"",""runtime_evidence"",""rule_source_trace""]",在*.+(以前|以后|前|后),normalized_compiles,REF-GF0025-2021,,GF0025-2021 PDF pp.176–259,appendix_span_verified,verified_inventory,false,[],machine_compiled,source_anchored,not_claimed,static_audit_passed,machine_compiled_source_anchored_static_audited
DUV3-GF0025-2021-2-048-01,DiagnosticUnit,DPV3-GF0025-2021-2-048-01,DiagnosticProfile,RBV3-GF0025-2021-2-048-01,GF0025-2021-2-048,【二48】,2,48,句子成分,谓语,,1,01,名词、代词、数词、数量短语、名词性短语作谓语,,unsplit_official_entry,,DTV3-TAX-5067C013A5BC,taxonomy_instantiated,,0,complex_functional,(?:名词性短语作谓语|数量短语|代词|名词|数词),(?:名词性短语作谓语|数量短语|代词|名词|数词),search,source_literal_retrieval_trigger,,"[""candidate_expression"",""governing_predicate"",""syntactic_role""]","[""候选包含与权威条目 【二48】 对齐的可定位触发线索。"",""候选满足模板槽位：candidate_expression、governing_predicate、syntactic_role。"",""候选按 complex_functional 模式实现 句子成分 / 谓语 / 未列小项 所规定的语法功能。""]","[""触发线索存在，但候选边界未覆盖完整构式。"",""局部槽位可定位，但至少一个必需槽位仅得到弱支持。""]","[""触发线索只出现在标题、编号、术语或元语言说明中。"",""必需槽位缺失，且上下文不能恢复目标结构或目标功能。""]","[""相同表层形式可能实现 谓语 中的非目标功能。"",""相邻构式共享触发形式，但槽位关系或语法功能不同。""]","[""目标用例"",""边界问题"",""表层触发但非目标"",""结构缺槽"",""语义不兼容"",""其他具体构式"",""不确定/需复核""]","[""target_status"",""candidate_boundary"",""slot_status"",""structural_functional_status"",""licensed_evidence"",""runtime_evidence"",""rule_source_trace""]",,not_available_source_literal_runtime,REF-GF0025-2021,191,GF0025-2021 PDF p.191,ocr_detected,verified_inventory,false,[],machine_compiled,source_anchored,not_claimed,static_audit_passed,machine_compiled_source_anchored_static_audited
DUV3-GF0025-2021-2-049-01,DiagnosticUnit,DPV3-GF0025-2021-2-049-01,DiagnosticProfile,RBV3-GF0025-2021-2-049-01,GF0025-2021-2-049,【二49】,2,49,句子成分,补语,结果补语,1,01,结果补语1：动词+错/懂/干净/好/会/清楚/完,,unsplit_official_entry,,DTV3-SEED-77572C4A722C,seed_reused,结果补语候选,120,complex_functional,(?:结果补语|动词|干净|清楚|结果|会|好|完|懂|错),(?:结果补语|动词|干净|清楚|结果|会|好|完|懂|错),search,source_literal_retrieval_trigger,,"[""predicate"",""complement_marker"",""complement_core"",""object_or_extent""]","[""候选片段包含或可解释出“结果补语”相关标记/结构线索。"",""候选片段满足所属语法家族的核心槽位要求：谓词、补语标记、补语核心、宾语/对象、数量/时量成分。"",""候选片段在原句中承担该语法点的实际语法功能，而非仅有表层词形。""]","[""结构大体可定位但边界过短或过长。"",""标记存在但核心槽位需要结合上下文复核。""]","[""候选片段只是术语、标题、编号、残片或 OCR 混杂内容。"",""只有表层标记，无法构成所属语法家族的核心结构。""]","[""只有表层标记""]","[""目标用例"",""边界问题"",""表层触发但非目标"",""结构缺槽"",""语义不兼容"",""其他具体构式"",""不确定/需复核""]","[""target_status"",""candidate_boundary"",""slot_status"",""structural_functional_status"",""licensed_evidence"",""runtime_evidence"",""rule_source_trace""]",,not_available_source_literal_runtime,REF-GF0025-2021,192,GF0025-2021 PDF p.192,ocr_detected,verified_inventory,false,[],machine_compiled,source_anchored,not_claimed,static_audit_passed,machine_compiled_source_anchored_static_audited
DUV3-GF0025-2021-2-050-01,DiagnosticUnit,DPV3-GF0025-2021-2-050-01,DiagnosticProfile,RBV3-GF0025-2021-2-050-01,GF0025-2021-2-050,【二50】,2,50,句子成分,补语,趋向补语,1,01,动词+来/去,趋向补语1 简单趋向补语的趋向意义用法,numbered_usage,（1）,DTV3-SEED-C7C9B744490A,seed_reused,趋向补语候选,120,complex_functional,(?:动词|去|来),(?:动词|去|来),search,source_literal_retrieval_trigger,,"[""predicate"",""complement_marker"",""complement_core"",""object_or_extent""]","[""候选片段包含或可解释出“趋向补语”相关标记/结构线索。"",""候选片段满足所属语法家族的核心槽位要求：谓词、补语标记、补语核心、宾语/对象、数量/时量成分。"",""候选片段在原句中承担该语法点的实际语法功能，而非仅有表层词形。""]","[""结构大体可定位但边界过短或过长。"",""标记存在但核心槽位需要结合上下文复核。""]","[""候选片段只是术语、标题、编号、残片或 OCR 混杂内容。"",""只有表层标记，无法构成所属语法家族的核心结构。""]","[""只有表层标记""]","[""目标用例"",""边界问题"",""表层触发但非目标"",""结构缺槽"",""语义不兼容"",""其他具体构式"",""不确定/需复核""]","[""target_status"",""candidate_boundary"",""slot_status"",""structural_functional_status"",""licensed_evidence"",""runtime_evidence"",""rule_source_trace""]",,not_available_source_literal_runtime,REF-GF0025-2021,192,GF0025-2021 PDF p.192,ocr_detected,verified_inventory,false,[],machine_compiled,source_anchored,not_claimed,static_audit_passed,machine_compiled_source_anchored_static_audited
DUV3-GF0025-2021-2-050-02,DiagnosticUnit,DPV3-GF0025-2021-2-050-02,DiagnosticProfile,RBV3-GF0025-2021-2-050-02,GF0025-2021-2-050,【二50】,2,50,句子成分,补语,趋向补语,2,02,动词+上/下/进/出/起/过/回/开,趋向补语1 简单趋向补语的趋向意义用法,numbered_usage,（2）,DTV3-SEED-C7C9B744490A,seed_reused,趋向补语候选,120,complex_functional,(?:动词|上|下|出|回|开|起|过|进),(?:动词|上|下|出|回|开|起|过|进),search,source_literal_retrieval_trigger,,"[""predicate"",""complement_marker"",""complement_core"",""object_or_extent""]","[""候选片段包含或可解释出“趋向补语”相关标记/结构线索。"",""候选片段满足所属语法家族的核心槽位要求：谓词、补语标记、补语核心、宾语/对象、数量/时量成分。"",""候选片段在原句中承担该语法点的实际语法功能，而非仅有表层词形。""]","[""结构大体可定位但边界过短或过长。"",""标记存在但核心槽位需要结合上下文复核。""]","[""候选片段只是术语、标题、编号、残片或 OCR 混杂内容。"",""只有表层标记，无法构成所属语法家族的核心结构。""]","[""只有表层标记""]","[""目标用例"",""边界问题"",""表层触发但非目标"",""结构缺槽"",""语义不兼容"",""其他具体构式"",""不确定/需复核""]","[""target_status"",""candidate_boundary"",""slot_status"",""structural_functional_status"",""licensed_evidence"",""runtime_evidence"",""rule_source_trace""]",,not_available_source_literal_runtime,REF-GF0025-2021,192,GF0025-2021 PDF p.192,ocr_detected,verified_inventory,false,[],machine_compiled,source_anchored,not_claimed,static_audit_passed,machine_compiled_source_anchored_static_audited
DUV3-GF0025-2021-2-051-01,DiagnosticUnit,DPV3-GF0025-2021-2-051-01,DiagnosticProfile,RBV3-GF0025-2021-2-051-01,GF0025-2021-2-051,【二51】,2,51,句子成分,补语,状态补语,1,01,状态补语1：动词+得+形容词性词语,,unsplit_official_entry,,DTV3-SEED-71C2957750DA,seed_reused,得字补语候选,95,complex_functional,(?:形容词性词语|状态补语|动词|得),(?:形容词性词语|状态补语|动词|得),search,source_literal_retrieval_trigger,,"[""predicate"",""complement_marker"",""complement_core"",""object_or_extent""]","[""候选片段包含被补充说明的谓词和补语核心。"",""“得”后成分说明程度、状态、可能或结果。""]","[""只截补语核心或只截谓词，边界需要补足。""]","[""“得”读作 dei 或作为其他固定词内部成分时不判为得字补语。""]","[""表层标记出现，但候选不实现目标语法功能。""]","[""目标用例"",""边界问题"",""表层触发但非目标"",""结构缺槽"",""语义不兼容"",""其他具体构式"",""不确定/需复核""]","[""target_status"",""candidate_boundary"",""slot_status"",""structural_functional_status"",""licensed_evidence"",""runtime_evidence"",""rule_source_trace""]",,not_available_source_literal_runtime,REF-GF0025-2021,,GF0025-2021 PDF pp.176–259,appendix_span_verified,verified_inventory,false,[],machine_compiled,source_anchored,not_claimed,static_audit_passed,machine_compiled_source_anchored_static_audited
DUV3-GF0025-2021-2-052-01,DiagnosticUnit,DPV3-GF0025-2021-2-052-01,DiagnosticProfile,RBV3-GF0025-2021-2-052-01,GF0025-2021-2-052,【二52】,2,52,句子成分,补语,数量补语,1,01,数量补语1：动词+动量补语,,unsplit_official_entry,,DTV3-SEED-47500BB7FBA2,seed_reused,数量/时量补语候选,120,complex_functional,(?:动量补语|数量补语|动词|数量),(?:动量补语|数量补语|动词|数量),search,source_literal_retrieval_trigger,,"[""predicate"",""complement_marker"",""complement_core"",""object_or_extent""]","[""候选片段包含或可解释出“数量/时量补语”相关标记/结构线索。"",""候选片段满足所属语法家族的核心槽位要求：谓词、补语标记、补语核心、宾语/对象、数量/时量成分。"",""候选片段在原句中承担该语法点的实际语法功能，而非仅有表层词形。""]","[""结构大体可定位但边界过短或过长。"",""标记存在但核心槽位需要结合上下文复核。""]","[""候选片段只是术语、标题、编号、残片或 OCR 混杂内容。"",""只有表层标记，无法构成所属语法家族的核心结构。""]","[""只有表层标记""]","[""目标用例"",""边界问题"",""表层触发但非目标"",""结构缺槽"",""语义不兼容"",""其他具体构式"",""不确定/需复核""]","[""target_status"",""candidate_boundary"",""slot_status"",""structural_functional_status"",""licensed_evidence"",""runtime_evidence"",""rule_source_trace""]",,not_available_source_literal_runtime,REF-GF0025-2021,192,GF0025-2021 PDF p.192,ocr_detected,verified_inventory,false,[],machine_compiled,source_anchored,not_claimed,static_audit_passed,machine_compiled_source_anchored_static_audited
DUV3-GF0025-2021-2-053-01,DiagnosticUnit,DPV3-GF0025-2021-2-053-01,DiagnosticProfile,RBV3-GF0025-2021-2-053-01,GF0025-2021-2-053,【二53】,2,53,句子成分,补语,数量补语,1,01,数量补语2：形容词+数量补语,,unsplit_official_entry,,DTV3-SEED-47500BB7FBA2,seed_reused,数量/时量补语候选,120,complex_functional,(?:数量补语|形容词|数量),(?:数量补语|形容词|数量),search,source_literal_retrieval_trigger,,"[""predicate"",""complement_marker"",""complement_core"",""object_or_extent""]","[""候选片段包含或可解释出“数量/时量补语”相关标记/结构线索。"",""候选片段满足所属语法家族的核心槽位要求：谓词、补语标记、补语核心、宾语/对象、数量/时量成分。"",""候选片段在原句中承担该语法点的实际语法功能，而非仅有表层词形。""]","[""结构大体可定位但边界过短或过长。"",""标记存在但核心槽位需要结合上下文复核。""]","[""候选片段只是术语、标题、编号、残片或 OCR 混杂内容。"",""只有表层标记，无法构成所属语法家族的核心结构。""]","[""只有表层标记""]","[""目标用例"",""边界问题"",""表层触发但非目标"",""结构缺槽"",""语义不兼容"",""其他具体构式"",""不确定/需复核""]","[""target_status"",""candidate_boundary"",""slot_status"",""structural_functional_status"",""licensed_evidence"",""runtime_evidence"",""rule_source_trace""]",,not_available_source_literal_runtime,REF-GF0025-2021,193,GF0025-2021 PDF p.193,ocr_detected,verified_inventory,false,[],machine_compiled,source_anchored,not_claimed,static_audit_passed,machine_compiled_source_anchored_static_audited
DUV3-GF0025-2021-2-054-01,DiagnosticUnit,DPV3-GF0025-2021-2-054-01,DiagnosticProfile,RBV3-GF0025-2021-2-054-01,GF0025-2021-2-054,【二54】,2,54,句子的类型,句型,单句,1,01,主谓句3：名词谓语句,,unsplit_official_entry,,DTV3-TAX-8E9C8D1B6C41,taxonomy_instantiated,,0,structural_pattern,(?:名词谓语句|主谓句),(?:名词谓语句|主谓句),search,source_literal_retrieval_trigger,,"[""subject_or_topic"",""predicate"",""construction_marker"",""clause_boundary""]","[""候选包含与权威条目 【二54】 对齐的可定位触发线索。"",""候选满足模板槽位：subject_or_topic、predicate、construction_marker、clause_boundary。"",""候选按 structural_pattern 模式实现 句子的类型 / 句型 / 单句 所规定的语法功能。""]","[""触发线索存在，但候选边界未覆盖完整构式。"",""局部槽位可定位，但至少一个必需槽位仅得到弱支持。""]","[""触发线索只出现在标题、编号、术语或元语言说明中。"",""必需槽位缺失，且上下文不能恢复目标结构或目标功能。""]","[""相同表层形式可能实现 句型 中的非目标功能。"",""相邻构式共享触发形式，但槽位关系或语法功能不同。""]","[""目标用例"",""边界问题"",""表层触发但非目标"",""结构缺槽"",""语义不兼容"",""其他具体构式"",""不确定/需复核""]","[""target_status"",""candidate_boundary"",""slot_status"",""structural_functional_status"",""licensed_evidence"",""runtime_evidence"",""rule_source_trace""]",,not_available_source_literal_runtime,REF-GF0025-2021,193,GF0025-2021 PDF p.193,ocr_detected,verified_inventory,false,[],machine_compiled,source_anchored,not_claimed,static_audit_passed,machine_compiled_source_anchored_static_audited
DUV3-GF0025-2021-2-055-01,DiagnosticUnit,DPV3-GF0025-2021-2-055-01,DiagnosticProfile,RBV3-GF0025-2021-2-055-01,GF0025-2021-2-055,【二55】,2,55,句子的类型,特殊句型,“有”字句,1,01,表示评价、达到,“有”字句2,numbered_usage,（1）,DTV3-TAX-E3F2045A4AA0,taxonomy_instantiated,,0,complex_functional,(?:评价|达到),(?:评价|达到),search,source_literal_retrieval_trigger,,"[""subject_or_topic"",""predicate"",""construction_marker"",""clause_boundary""]","[""候选包含与权威条目 【二55】 对齐的可定位触发线索。"",""候选满足模板槽位：subject_or_topic、predicate、construction_marker、clause_boundary。"",""候选按 complex_functional 模式实现 句子的类型 / 特殊句型 / “有”字句 所规定的语法功能。""]","[""触发线索存在，但候选边界未覆盖完整构式。"",""局部槽位可定位，但至少一个必需槽位仅得到弱支持。""]","[""触发线索只出现在标题、编号、术语或元语言说明中。"",""必需槽位缺失，且上下文不能恢复目标结构或目标功能。""]","[""相同表层形式可能实现 特殊句型 中的非目标功能。"",""相邻构式共享触发形式，但槽位关系或语法功能不同。""]","[""目标用例"",""边界问题"",""表层触发但非目标"",""结构缺槽"",""语义不兼容"",""其他具体构式"",""不确定/需复核""]","[""target_status"",""candidate_boundary"",""slot_status"",""structural_functional_status"",""licensed_evidence"",""runtime_evidence"",""rule_source_trace""]",,not_available_source_literal_runtime,REF-GF0025-2021,193,GF0025-2021 PDF p.193,ocr_detected,verified_inventory,false,[],machine_compiled,source_anchored,not_claimed,static_audit_passed,machine_compiled_source_anchored_static_audited
DUV3-GF0025-2021-2-055-02,DiagnosticUnit,DPV3-GF0025-2021-2-055-02,DiagnosticProfile,RBV3-GF0025-2021-2-055-02,GF0025-2021-2-055,【二55】,2,55,句子的类型,特殊句型,“有”字句,2,02,表示比较（见“比较句 2-（4）”）,“有”字句2,numbered_usage,（2）,DTV3-TAX-E3F2045A4AA0,taxonomy_instantiated,,0,complex_functional,(?:比较句\ 2\-（4）|比较句|比较|见),(?:比较句\ 2\-（4）|比较句|比较|见),search,source_literal_retrieval_trigger,,"[""subject_or_topic"",""predicate"",""construction_marker"",""clause_boundary""]","[""候选包含与权威条目 【二55】 对齐的可定位触发线索。"",""候选满足模板槽位：subject_or_topic、predicate、construction_marker、clause_boundary。"",""候选按 complex_functional 模式实现 句子的类型 / 特殊句型 / “有”字句 所规定的语法功能。""]","[""触发线索存在，但候选边界未覆盖完整构式。"",""局部槽位可定位，但至少一个必需槽位仅得到弱支持。""]","[""触发线索只出现在标题、编号、术语或元语言说明中。"",""必需槽位缺失，且上下文不能恢复目标结构或目标功能。""]","[""相同表层形式可能实现 特殊句型 中的非目标功能。"",""相邻构式共享触发形式，但槽位关系或语法功能不同。""]","[""目标用例"",""边界问题"",""表层触发但非目标"",""结构缺槽"",""语义不兼容"",""其他具体构式"",""不确定/需复核""]","[""target_status"",""candidate_boundary"",""slot_status"",""structural_functional_status"",""licensed_evidence"",""runtime_evidence"",""rule_source_trace""]",,not_available_source_literal_runtime,REF-GF0025-2021,193,GF0025-2021 PDF p.193,ocr_detected,verified_inventory,false,[],machine_compiled,source_anchored,not_claimed,static_audit_passed,machine_compiled_source_anchored_static_audited
DUV3-GF0025-2021-2-056-01,DiagnosticUnit,DPV3-GF0025-2021-2-056-01,DiagnosticProfile,RBV3-GF0025-2021-2-056-01,GF0025-2021-2-056,【二56】,2,56,句子的类型,特殊句型,存现句,1,01,处所+有+数量短语+名词（见“‘有’字句1-（2）”）,存现句1：表示存在,numbered_usage,（1）,DTV3-TAX-02CE068CE644,taxonomy_instantiated,,0,complex_functional,(?:‘有’字句1\-（2）|数量短语|名词|处所|字句|有|见),(?:‘有’字句1\-（2）|数量短语|名词|处所|字句|有|见),search,source_literal_retrieval_trigger,,"[""subject_or_topic"",""predicate"",""construction_marker"",""clause_boundary""]","[""候选包含与权威条目 【二56】 对齐的可定位触发线索。"",""候选满足模板槽位：subject_or_topic、predicate、construction_marker、clause_boundary。"",""候选按 complex_functional 模式实现 句子的类型 / 特殊句型 / 存现句 所规定的语法功能。""]","[""触发线索存在，但候选边界未覆盖完整构式。"",""局部槽位可定位，但至少一个必需槽位仅得到弱支持。""]","[""触发线索只出现在标题、编号、术语或元语言说明中。"",""必需槽位缺失，且上下文不能恢复目标结构或目标功能。""]","[""相同表层形式可能实现 特殊句型 中的非目标功能。"",""相邻构式共享触发形式，但槽位关系或语法功能不同。""]","[""目标用例"",""边界问题"",""表层触发但非目标"",""结构缺槽"",""语义不兼容"",""其他具体构式"",""不确定/需复核""]","[""target_status"",""candidate_boundary"",""slot_status"",""structural_functional_status"",""licensed_evidence"",""runtime_evidence"",""rule_source_trace""]",,not_available_source_literal_runtime,REF-GF0025-2021,193,GF0025-2021 PDF p.193,ocr_detected,verified_inventory,false,[],machine_compiled,source_anchored,not_claimed,static_audit_passed,machine_compiled_source_anchored_static_audited
DUV3-GF0025-2021-2-056-02,DiagnosticUnit,DPV3-GF0025-2021-2-056-02,DiagnosticProfile,RBV3-GF0025-2021-2-056-02,GF0025-2021-2-056,【二56】,2,56,句子的类型,特殊句型,存现句,2,02,处所+动词+着（+数量短语）+名词,存现句1：表示存在,numbered_usage,（2）,DTV3-TAX-02CE068CE644,taxonomy_instantiated,,0,complex_functional,(?:数量短语|动词|名词|处所|着),(?:数量短语|动词|名词|处所|着),search,source_literal_retrieval_trigger,,"[""subject_or_topic"",""predicate"",""construction_marker"",""clause_boundary""]","[""候选包含与权威条目 【二56】 对齐的可定位触发线索。"",""候选满足模板槽位：subject_or_topic、predicate、construction_marker、clause_boundary。"",""候选按 complex_functional 模式实现 句子的类型 / 特殊句型 / 存现句 所规定的语法功能。""]","[""触发线索存在，但候选边界未覆盖完整构式。"",""局部槽位可定位，但至少一个必需槽位仅得到弱支持。""]","[""触发线索只出现在标题、编号、术语或元语言说明中。"",""必需槽位缺失，且上下文不能恢复目标结构或目标功能。""]","[""相同表层形式可能实现 特殊句型 中的非目标功能。"",""相邻构式共享触发形式，但槽位关系或语法功能不同。""]","[""目标用例"",""边界问题"",""表层触发但非目标"",""结构缺槽"",""语义不兼容"",""其他具体构式"",""不确定/需复核""]","[""target_status"",""candidate_boundary"",""slot_status"",""structural_functional_status"",""licensed_evidence"",""runtime_evidence"",""rule_source_trace""]",,not_available_source_literal_runtime,REF-GF0025-2021,193,GF0025-2021 PDF p.193,ocr_detected,verified_inventory,false,[],machine_compiled,source_anchored,not_claimed,static_audit_passed,machine_compiled_source_anchored_static_audited
DUV3-GF0025-2021-2-057-01,DiagnosticUnit,DPV3-GF0025-2021-2-057-01,DiagnosticProfile,RBV3-GF0025-2021-2-057-01,GF0025-2021-2-057,【二57】,2,57,句子的类型,特殊句型,连动句,1,01,连动句1：表示前后动作先后发生,,unsplit_official_entry,,DTV3-SEED-B77522531A72,seed_reused,连动结构候选,120,complex_functional,(?:前后动作先后发生|连动句),(?:前后动作先后发生|连动句),search,source_literal_retrieval_trigger,,"[""predicate_1"",""shared_argument"",""predicate_2"",""event_relation""]","[""候选片段覆盖连续动作链。"",""两个或多个谓词共享同一主体或存在事件先后/目的关系。""]","[""只截取动作链的一部分时标为边界问题。""]","[""普通动宾结构或单一谓词误触发。""]","[""只有普通动宾关系""]","[""目标用例"",""边界问题"",""表层触发但非目标"",""结构缺槽"",""语义不兼容"",""其他具体构式"",""不确定/需复核""]","[""target_status"",""candidate_boundary"",""slot_status"",""structural_functional_status"",""licensed_evidence"",""runtime_evidence"",""rule_source_trace""]",,not_available_source_literal_runtime,REF-GF0025-2021,193,GF0025-2021 PDF p.193,ocr_detected,verified_inventory,false,[],machine_compiled,source_anchored,not_claimed,static_audit_passed,machine_compiled_source_anchored_static_audited
DUV3-GF0025-2021-2-058-01,DiagnosticUnit,DPV3-GF0025-2021-2-058-01,DiagnosticProfile,RBV3-GF0025-2021-2-058-01,GF0025-2021-2-058,【二58】,2,58,句子的类型,特殊句型,比较句,1,01,A比B +形容词+数量补语,比较句2,numbered_usage,（1）,DTV3-SEED-08BB8899E67F,seed_reused,比字比较候选,120,structural_pattern,(?:数量补语|形容词|比),(?:数量补语|形容词|比),search,source_literal_retrieval_trigger,,"[""comparison_subject"",""comparison_marker"",""comparison_object"",""comparison_dimension""]","[""存在比较主体、比较对象和比较维度。"",""“比”引出比较对象而非其他介词功能。""]","[""差量或程度成分边界不完整，但比较关系可定位。""]","[""“比”出现在编号、比例、术语或非比较关系中。""]","[""与否定“没有”混淆""]","[""目标用例"",""边界问题"",""表层触发但非目标"",""结构缺槽"",""语义不兼容"",""其他具体构式"",""不确定/需复核""]","[""target_status"",""candidate_boundary"",""slot_status"",""structural_functional_status"",""licensed_evidence"",""runtime_evidence"",""rule_source_trace""]",,not_available_source_literal_runtime,REF-GF0025-2021,,GF0025-2021 PDF pp.176–259,appendix_span_verified,verified_inventory,false,[],machine_compiled,source_anchored,not_claimed,static_audit_passed,machine_compiled_source_anchored_static_audited
DUV3-GF0025-2021-2-058-02,DiagnosticUnit,DPV3-GF0025-2021-2-058-02,DiagnosticProfile,RBV3-GF0025-2021-2-058-02,GF0025-2021-2-058,【二58】,2,58,句子的类型,特殊句型,比较句,2,02,A比B +更/还+形容词,比较句2,numbered_usage,（2）,DTV3-SEED-08BB8899E67F,seed_reused,比字比较候选,120,structural_pattern,(?:形容词|更|比|还),(?:形容词|更|比|还),search,source_literal_retrieval_trigger,,"[""comparison_subject"",""comparison_marker"",""comparison_object"",""comparison_dimension""]","[""存在比较主体、比较对象和比较维度。"",""“比”引出比较对象而非其他介词功能。""]","[""差量或程度成分边界不完整，但比较关系可定位。""]","[""“比”出现在编号、比例、术语或非比较关系中。""]","[""与否定“没有”混淆""]","[""目标用例"",""边界问题"",""表层触发但非目标"",""结构缺槽"",""语义不兼容"",""其他具体构式"",""不确定/需复核""]","[""target_status"",""candidate_boundary"",""slot_status"",""structural_functional_status"",""licensed_evidence"",""runtime_evidence"",""rule_source_trace""]",,not_available_source_literal_runtime,REF-GF0025-2021,,GF0025-2021 PDF pp.176–259,appendix_span_verified,verified_inventory,false,[],machine_compiled,source_anchored,not_claimed,static_audit_passed,machine_compiled_source_anchored_static_audited
DUV3-GF0025-2021-2-058-03,DiagnosticUnit,DPV3-GF0025-2021-2-058-03,DiagnosticProfile,RBV3-GF0025-2021-2-058-03,GF0025-2021-2-058,【二58】,2,58,句子的类型,特殊句型,比较句,3,03,A不如B（+形容词）,比较句2,numbered_usage,（3）,DTV3-SEED-49B437CD2556,seed_reused,不如比较候选,120,structural_pattern,(?:形容词|不如),(?:形容词|不如),search,source_literal_retrieval_trigger,,"[""comparison_subject"",""comparison_marker"",""comparison_object"",""comparison_dimension""]","[""候选片段包含或可解释出“不如比较”相关标记/结构线索。"",""候选片段满足所属语法家族的核心槽位要求：比较主体、比较标记、比较对象、比较维度/谓词、差量/程度成分。"",""候选片段在原句中承担该语法点的实际语法功能，而非仅有表层词形。""]","[""结构大体可定位但边界过短或过长。"",""标记存在但核心槽位需要结合上下文复核。""]","[""候选片段只是术语、标题、编号、残片或 OCR 混杂内容。"",""只有表层标记，无法构成所属语法家族的核心结构。""]","[""只有表层标记""]","[""目标用例"",""边界问题"",""表层触发但非目标"",""结构缺槽"",""语义不兼容"",""其他具体构式"",""不确定/需复核""]","[""target_status"",""candidate_boundary"",""slot_status"",""structural_functional_status"",""licensed_evidence"",""runtime_evidence"",""rule_source_trace""]",,not_available_source_literal_runtime,REF-GF0025-2021,,GF0025-2021 PDF pp.176–259,appendix_span_verified,verified_inventory,false,[],machine_compiled,source_anchored,not_claimed,static_audit_passed,machine_compiled_source_anchored_static_audited
DUV3-GF0025-2021-2-058-04,DiagnosticUnit,DPV3-GF0025-2021-2-058-04,DiagnosticProfile,RBV3-GF0025-2021-2-058-04,GF0025-2021-2-058,【二58】,2,58,句子的类型,特殊句型,比较句,4,04,A有B（+这么/那么）+形容词,比较句2,numbered_usage,（4）,DTV3-TAX-D2E82690FE45,taxonomy_instantiated,,0,structural_pattern,(?:形容词|这么|那么|有),(?:形容词|这么|那么|有),search,source_literal_retrieval_trigger,,"[""subject_or_topic"",""predicate"",""construction_marker"",""clause_boundary""]","[""候选包含与权威条目 【二58】 对齐的可定位触发线索。"",""候选满足模板槽位：subject_or_topic、predicate、construction_marker、clause_boundary。"",""候选按 structural_pattern 模式实现 句子的类型 / 特殊句型 / 比较句 所规定的语法功能。""]","[""触发线索存在，但候选边界未覆盖完整构式。"",""局部槽位可定位，但至少一个必需槽位仅得到弱支持。""]","[""触发线索只出现在标题、编号、术语或元语言说明中。"",""必需槽位缺失，且上下文不能恢复目标结构或目标功能。""]","[""相同表层形式可能实现 特殊句型 中的非目标功能。"",""相邻构式共享触发形式，但槽位关系或语法功能不同。""]","[""目标用例"",""边界问题"",""表层触发但非目标"",""结构缺槽"",""语义不兼容"",""其他具体构式"",""不确定/需复核""]","[""target_status"",""candidate_boundary"",""slot_status"",""structural_functional_status"",""licensed_evidence"",""runtime_evidence"",""rule_source_trace""]",,not_available_source_literal_runtime,REF-GF0025-2021,,GF0025-2021 PDF pp.176–259,appendix_span_verified,verified_inventory,false,[],machine_compiled,source_anchored,not_claimed,static_audit_passed,machine_compiled_source_anchored_static_audited
DUV3-GF0025-2021-2-059-01,DiagnosticUnit,DPV3-GF0025-2021-2-059-01,DiagnosticProfile,RBV3-GF0025-2021-2-059-01,GF0025-2021-2-059,【二59】,2,59,句子的类型,特殊句型,比较句,1,01,A跟B一样/相同,比较句3,numbered_usage,（1）,DTV3-SEED-0D22AD2A6001,seed_reused,一样比较候选,120,structural_pattern,(?:一样|相同|跟),.+和.+(一样|相同),search,normalized_legacy_regex_with_unit_specialization,(?:一样|相同|跟),"[""comparison_subject"",""comparison_marker"",""comparison_object"",""comparison_dimension""]","[""候选片段包含或可解释出“一样比较”相关标记/结构线索。"",""候选片段满足所属语法家族的核心槽位要求：比较主体、比较标记、比较对象、比较维度/谓词、差量/程度成分。"",""候选片段在原句中承担该语法点的实际语法功能，而非仅有表层词形。""]","[""结构大体可定位但边界过短或过长。"",""标记存在但核心槽位需要结合上下文复核。""]","[""候选片段只是术语、标题、编号、残片或 OCR 混杂内容。"",""只有表层标记，无法构成所属语法家族的核心结构。""]","[""只有表层标记""]","[""目标用例"",""边界问题"",""表层触发但非目标"",""结构缺槽"",""语义不兼容"",""其他具体构式"",""不确定/需复核""]","[""target_status"",""candidate_boundary"",""slot_status"",""structural_functional_status"",""licensed_evidence"",""runtime_evidence"",""rule_source_trace""]",.+和.+(一样|相同),normalized_compiles,REF-GF0025-2021,194,GF0025-2021 PDF p.194,ocr_detected,verified_inventory,false,[],machine_compiled,source_anchored,not_claimed,static_audit_passed,machine_compiled_source_anchored_static_audited
DUV3-GF0025-2021-2-059-02,DiagnosticUnit,DPV3-GF0025-2021-2-059-02,DiagnosticProfile,RBV3-GF0025-2021-2-059-02,GF0025-2021-2-059,【二59】,2,59,句子的类型,特殊句型,比较句,2,02,A跟B一样+形容词,比较句3,numbered_usage,（2）,DTV3-SEED-0D22AD2A6001,seed_reused,一样比较候选,120,structural_pattern,(?:形容词|一样|跟),.+和.+(一样|相同),search,normalized_legacy_regex_with_unit_specialization,(?:形容词|一样|跟),"[""comparison_subject"",""comparison_marker"",""comparison_object"",""comparison_dimension""]","[""候选片段包含或可解释出“一样比较”相关标记/结构线索。"",""候选片段满足所属语法家族的核心槽位要求：比较主体、比较标记、比较对象、比较维度/谓词、差量/程度成分。"",""候选片段在原句中承担该语法点的实际语法功能，而非仅有表层词形。""]","[""结构大体可定位但边界过短或过长。"",""标记存在但核心槽位需要结合上下文复核。""]","[""候选片段只是术语、标题、编号、残片或 OCR 混杂内容。"",""只有表层标记，无法构成所属语法家族的核心结构。""]","[""只有表层标记""]","[""目标用例"",""边界问题"",""表层触发但非目标"",""结构缺槽"",""语义不兼容"",""其他具体构式"",""不确定/需复核""]","[""target_status"",""candidate_boundary"",""slot_status"",""structural_functional_status"",""licensed_evidence"",""runtime_evidence"",""rule_source_trace""]",.+和.+(一样|相同),normalized_compiles,REF-GF0025-2021,194,GF0025-2021 PDF p.194,ocr_detected,verified_inventory,false,[],machine_compiled,source_anchored,not_claimed,static_audit_passed,machine_compiled_source_anchored_static_audited
DUV3-GF0025-2021-2-060-01,DiagnosticUnit,DPV3-GF0025-2021-2-060-01,DiagnosticProfile,RBV3-GF0025-2021-2-060-01,GF0025-2021-2-060,【二60】,2,60,句子的类型,特殊句型,“是……的”句,1,01,“是……的”句1：强调时间、地点、方式、动作者,,unsplit_official_entry,,DTV3-TAX-924F9FD236A9,taxonomy_instantiated,,0,complex_functional,(?:强调时间|动作者|地点|方式|句|是|的),(?:强调时间|动作者|地点|方式|句|是|的),search,source_literal_retrieval_trigger,,"[""subject_or_topic"",""predicate"",""construction_marker"",""clause_boundary""]","[""候选包含与权威条目 【二60】 对齐的可定位触发线索。"",""候选满足模板槽位：subject_or_topic、predicate、construction_marker、clause_boundary。"",""候选按 complex_functional 模式实现 句子的类型 / 特殊句型 / “是……的”句 所规定的语法功能。""]","[""触发线索存在，但候选边界未覆盖完整构式。"",""局部槽位可定位，但至少一个必需槽位仅得到弱支持。""]","[""触发线索只出现在标题、编号、术语或元语言说明中。"",""必需槽位缺失，且上下文不能恢复目标结构或目标功能。""]","[""相同表层形式可能实现 特殊句型 中的非目标功能。"",""相邻构式共享触发形式，但槽位关系或语法功能不同。""]","[""目标用例"",""边界问题"",""表层触发但非目标"",""结构缺槽"",""语义不兼容"",""其他具体构式"",""不确定/需复核""]","[""target_status"",""candidate_boundary"",""slot_status"",""structural_functional_status"",""licensed_evidence"",""runtime_evidence"",""rule_source_trace""]",,not_available_source_literal_runtime,REF-GF0025-2021,194,GF0025-2021 PDF p.194,ocr_detected,verified_inventory,false,[],machine_compiled,source_anchored,not_claimed,static_audit_passed,machine_compiled_source_anchored_static_audited
DUV3-GF0025-2021-2-061-01,DiagnosticUnit,DPV3-GF0025-2021-2-061-01,DiagnosticProfile,RBV3-GF0025-2021-2-061-01,GF0025-2021-2-061,【二61】,2,61,句子的类型,特殊句型,双宾语句,1,01,主语+动词+宾语1+宾语2,,numbered_usage,（1）,DTV3-SEED-15920FDA2223,seed_reused,双宾/给予结构候选,120,structural_pattern,(?:主语|动词|宾语),(?:主语|动词|宾语),search,source_literal_retrieval_trigger,,"[""predicate_1"",""shared_argument"",""predicate_2"",""event_relation""]","[""候选片段包含或可解释出“双宾/给予结构”相关标记/结构线索。"",""候选片段满足所属语法家族的核心槽位要求：前项谓词、后项谓词、共享论元/兼语、对象、事件链关系。"",""候选片段在原句中承担该语法点的实际语法功能，而非仅有表层词形。""]","[""结构大体可定位但边界过短或过长。"",""标记存在但核心槽位需要结合上下文复核。""]","[""候选片段只是术语、标题、编号、残片或 OCR 混杂内容。"",""只有表层标记，无法构成所属语法家族的核心结构。""]","[""只有表层标记""]","[""目标用例"",""边界问题"",""表层触发但非目标"",""结构缺槽"",""语义不兼容"",""其他具体构式"",""不确定/需复核""]","[""target_status"",""candidate_boundary"",""slot_status"",""structural_functional_status"",""licensed_evidence"",""runtime_evidence"",""rule_source_trace""]",,not_available_source_literal_runtime,REF-GF0025-2021,194,GF0025-2021 PDF p.194,ocr_detected,verified_inventory,false,[],machine_compiled,source_anchored,not_claimed,static_audit_passed,machine_compiled_source_anchored_static_audited
DUV3-GF0025-2021-2-061-02,DiagnosticUnit,DPV3-GF0025-2021-2-061-02,DiagnosticProfile,RBV3-GF0025-2021-2-061-02,GF0025-2021-2-061,【二61】,2,61,句子的类型,特殊句型,双宾语句,2,02,主语+动词+给+宾语1+宾语2,,numbered_usage,（2）,DTV3-SEED-15920FDA2223,seed_reused,双宾/给予结构候选,120,structural_pattern,(?:主语|动词|宾语|给),(?:主语|动词|宾语|给),search,source_literal_retrieval_trigger,,"[""predicate_1"",""shared_argument"",""predicate_2"",""event_relation""]","[""候选片段包含或可解释出“双宾/给予结构”相关标记/结构线索。"",""候选片段满足所属语法家族的核心槽位要求：前项谓词、后项谓词、共享论元/兼语、对象、事件链关系。"",""候选片段在原句中承担该语法点的实际语法功能，而非仅有表层词形。""]","[""结构大体可定位但边界过短或过长。"",""标记存在但核心槽位需要结合上下文复核。""]","[""候选片段只是术语、标题、编号、残片或 OCR 混杂内容。"",""只有表层标记，无法构成所属语法家族的核心结构。""]","[""只有表层标记""]","[""目标用例"",""边界问题"",""表层触发但非目标"",""结构缺槽"",""语义不兼容"",""其他具体构式"",""不确定/需复核""]","[""target_status"",""candidate_boundary"",""slot_status"",""structural_functional_status"",""licensed_evidence"",""runtime_evidence"",""rule_source_trace""]",,not_available_source_literal_runtime,REF-GF0025-2021,194,GF0025-2021 PDF p.194,ocr_detected,verified_inventory,false,[],machine_compiled,source_anchored,not_claimed,static_audit_passed,machine_compiled_source_anchored_static_audited
DUV3-GF0025-2021-2-062-01,DiagnosticUnit,DPV3-GF0025-2021-2-062-01,DiagnosticProfile,RBV3-GF0025-2021-2-062-01,GF0025-2021-2-062,【二62】,2,62,句子的类型,复句,承接复句,1,01,不用关联词语,,numbered_usage,（1）,DTV3-TAX-139E6033C389,taxonomy_instantiated,,0,structural_pattern,(?:不用关联词语),先.+，(再|然后).+,search,normalized_legacy_regex,,"[""clause_1"",""relation_marker"",""clause_2"",""logical_relation""]","[""候选包含与权威条目 【二62】 对齐的可定位触发线索。"",""候选满足模板槽位：clause_1、relation_marker、clause_2、logical_relation。"",""候选按 structural_pattern 模式实现 句子的类型 / 复句 / 承接复句 所规定的语法功能。""]","[""触发线索存在，但候选边界未覆盖完整构式。"",""局部槽位可定位，但至少一个必需槽位仅得到弱支持。""]","[""触发线索只出现在标题、编号、术语或元语言说明中。"",""必需槽位缺失，且上下文不能恢复目标结构或目标功能。""]","[""相同表层形式可能实现 复句 中的非目标功能。"",""相邻构式共享触发形式，但槽位关系或语法功能不同。""]","[""目标用例"",""边界问题"",""表层触发但非目标"",""结构缺槽"",""语义不兼容"",""其他具体构式"",""不确定/需复核""]","[""target_status"",""candidate_boundary"",""slot_status"",""structural_functional_status"",""licensed_evidence"",""runtime_evidence"",""rule_source_trace""]",先.+，(再|然后).+,normalized_compiles,REF-GF0025-2021,194,GF0025-2021 PDF p.194,ocr_detected,verified_inventory,false,[],machine_compiled,source_anchored,not_claimed,static_audit_passed,machine_compiled_source_anchored_static_audited
DUV3-GF0025-2021-2-062-02,DiagnosticUnit,DPV3-GF0025-2021-2-062-02,DiagnosticProfile,RBV3-GF0025-2021-2-062-02,GF0025-2021-2-062,【二62】,2,62,句子的类型,复句,承接复句,2,02,用关联词语：先……，再/然后……,,numbered_usage,（2）,DTV3-TAX-139E6033C389,taxonomy_instantiated,,0,structural_pattern,(?:用关联词语|然后|先|再),先.+，(再|然后).+,search,normalized_legacy_regex_with_unit_specialization,(?:用关联词语|然后|先|再),"[""clause_1"",""relation_marker"",""clause_2"",""logical_relation""]","[""候选包含与权威条目 【二62】 对齐的可定位触发线索。"",""候选满足模板槽位：clause_1、relation_marker、clause_2、logical_relation。"",""候选按 structural_pattern 模式实现 句子的类型 / 复句 / 承接复句 所规定的语法功能。""]","[""触发线索存在，但候选边界未覆盖完整构式。"",""局部槽位可定位，但至少一个必需槽位仅得到弱支持。""]","[""触发线索只出现在标题、编号、术语或元语言说明中。"",""必需槽位缺失，且上下文不能恢复目标结构或目标功能。""]","[""相同表层形式可能实现 复句 中的非目标功能。"",""相邻构式共享触发形式，但槽位关系或语法功能不同。""]","[""目标用例"",""边界问题"",""表层触发但非目标"",""结构缺槽"",""语义不兼容"",""其他具体构式"",""不确定/需复核""]","[""target_status"",""candidate_boundary"",""slot_status"",""structural_functional_status"",""licensed_evidence"",""runtime_evidence"",""rule_source_trace""]",先.+，(再|然后).+,normalized_compiles,REF-GF0025-2021,194,GF0025-2021 PDF p.194,ocr_detected,verified_inventory,false,[],machine_compiled,source_anchored,not_claimed,static_audit_passed,machine_compiled_source_anchored_static_audited
DUV3-GF0025-2021-2-063-01,DiagnosticUnit,DPV3-GF0025-2021-2-063-01,DiagnosticProfile,RBV3-GF0025-2021-2-063-01,GF0025-2021-2-063,【二63】,2,63,句子的类型,复句,递进复句,1,01,不用关联词语,,numbered_usage,（1）,DTV3-TAX-F195974A2CD0,taxonomy_instantiated,,0,structural_pattern,(?:不用关联词语),.+，(更|还).+|不但.+，而且.+,search,normalized_legacy_regex,,"[""clause_1"",""relation_marker"",""clause_2"",""logical_relation""]","[""候选包含与权威条目 【二63】 对齐的可定位触发线索。"",""候选满足模板槽位：clause_1、relation_marker、clause_2、logical_relation。"",""候选按 structural_pattern 模式实现 句子的类型 / 复句 / 递进复句 所规定的语法功能。""]","[""触发线索存在，但候选边界未覆盖完整构式。"",""局部槽位可定位，但至少一个必需槽位仅得到弱支持。""]","[""触发线索只出现在标题、编号、术语或元语言说明中。"",""必需槽位缺失，且上下文不能恢复目标结构或目标功能。""]","[""相同表层形式可能实现 复句 中的非目标功能。"",""相邻构式共享触发形式，但槽位关系或语法功能不同。""]","[""目标用例"",""边界问题"",""表层触发但非目标"",""结构缺槽"",""语义不兼容"",""其他具体构式"",""不确定/需复核""]","[""target_status"",""candidate_boundary"",""slot_status"",""structural_functional_status"",""licensed_evidence"",""runtime_evidence"",""rule_source_trace""]",.+，(更|还).+|不但.+，而且.+,normalized_compiles,REF-GF0025-2021,195,GF0025-2021 PDF p.195,ocr_detected,verified_inventory,false,[],machine_compiled,source_anchored,not_claimed,static_audit_passed,machine_compiled_source_anchored_static_audited
DUV3-GF0025-2021-2-063-02,DiagnosticUnit,DPV3-GF0025-2021-2-063-02,DiagnosticProfile,RBV3-GF0025-2021-2-063-02,GF0025-2021-2-063,【二63】,2,63,句子的类型,复句,递进复句,2,02,用关联词语：……，更/还……；不但……，而且……,,numbered_usage,（2）,DTV3-SEED-BC01E1BA4D94,seed_reused,不但...而且候选,125,structural_pattern,(?:用关联词语|不但|而且|更|还),.+，(更|还).+|不但.+，而且.+,search,normalized_legacy_regex_with_unit_specialization,(?:用关联词语|不但|而且|更|还),"[""clause_1"",""relation_marker_1"",""clause_2"",""relation_marker_2""]","[""候选片段包含或可解释出“不但...而且”相关标记/结构线索。"",""候选片段满足所属语法家族的核心槽位要求：前项关联标记、前项分句、后项关联标记、后项分句、逻辑关系。"",""候选片段在原句中承担该语法点的实际语法功能，而非仅有表层词形。""]","[""结构大体可定位但边界过短或过长。"",""标记存在但核心槽位需要结合上下文复核。""]","[""候选片段只是术语、标题、编号、残片或 OCR 混杂内容。"",""只有表层标记，无法构成所属语法家族的核心结构。""]","[""只有表层标记""]","[""目标用例"",""边界问题"",""表层触发但非目标"",""结构缺槽"",""语义不兼容"",""其他具体构式"",""不确定/需复核""]","[""target_status"",""candidate_boundary"",""slot_status"",""structural_functional_status"",""licensed_evidence"",""runtime_evidence"",""rule_source_trace""]",.+，(更|还).+|不但.+，而且.+,normalized_compiles,REF-GF0025-2021,195,GF0025-2021 PDF p.195,ocr_detected,verified_inventory,false,[],machine_compiled,source_anchored,not_claimed,static_audit_passed,machine_compiled_source_anchored_static_audited
DUV3-GF0025-2021-2-064-01,DiagnosticUnit,DPV3-GF0025-2021-2-064-01,DiagnosticProfile,RBV3-GF0025-2021-2-064-01,GF0025-2021-2-064,【二64】,2,64,句子的类型,复句,选择复句,1,01,不用关联词语,,numbered_usage,（1）,DTV3-TAX-443ED70B27CA,taxonomy_instantiated,,0,structural_pattern,(?:不用关联词语),是*.+，还是.+,search,normalized_legacy_regex,,"[""clause_1"",""relation_marker"",""clause_2"",""logical_relation""]","[""候选包含与权威条目 【二64】 对齐的可定位触发线索。"",""候选满足模板槽位：clause_1、relation_marker、clause_2、logical_relation。"",""候选按 structural_pattern 模式实现 句子的类型 / 复句 / 选择复句 所规定的语法功能。""]","[""触发线索存在，但候选边界未覆盖完整构式。"",""局部槽位可定位，但至少一个必需槽位仅得到弱支持。""]","[""触发线索只出现在标题、编号、术语或元语言说明中。"",""必需槽位缺失，且上下文不能恢复目标结构或目标功能。""]","[""相同表层形式可能实现 复句 中的非目标功能。"",""相邻构式共享触发形式，但槽位关系或语法功能不同。""]","[""目标用例"",""边界问题"",""表层触发但非目标"",""结构缺槽"",""语义不兼容"",""其他具体构式"",""不确定/需复核""]","[""target_status"",""candidate_boundary"",""slot_status"",""structural_functional_status"",""licensed_evidence"",""runtime_evidence"",""rule_source_trace""]",是*.+，还是.+,normalized_compiles,REF-GF0025-2021,195,GF0025-2021 PDF p.195,ocr_detected,verified_inventory,false,[],machine_compiled,source_anchored,not_claimed,static_audit_passed,machine_compiled_source_anchored_static_audited
DUV3-GF0025-2021-2-064-02,DiagnosticUnit,DPV3-GF0025-2021-2-064-02,DiagnosticProfile,RBV3-GF0025-2021-2-064-02,GF0025-2021-2-064,【二64】,2,64,句子的类型,复句,选择复句,2,02,用关联词语：（是）……，还是……,,numbered_usage,（2）,DTV3-TAX-443ED70B27CA,taxonomy_instantiated,,0,structural_pattern,(?:用关联词语|还是|是),是*.+，还是.+,search,normalized_legacy_regex_with_unit_specialization,(?:用关联词语|还是|是),"[""clause_1"",""relation_marker"",""clause_2"",""logical_relation""]","[""候选包含与权威条目 【二64】 对齐的可定位触发线索。"",""候选满足模板槽位：clause_1、relation_marker、clause_2、logical_relation。"",""候选按 structural_pattern 模式实现 句子的类型 / 复句 / 选择复句 所规定的语法功能。""]","[""触发线索存在，但候选边界未覆盖完整构式。"",""局部槽位可定位，但至少一个必需槽位仅得到弱支持。""]","[""触发线索只出现在标题、编号、术语或元语言说明中。"",""必需槽位缺失，且上下文不能恢复目标结构或目标功能。""]","[""相同表层形式可能实现 复句 中的非目标功能。"",""相邻构式共享触发形式，但槽位关系或语法功能不同。""]","[""目标用例"",""边界问题"",""表层触发但非目标"",""结构缺槽"",""语义不兼容"",""其他具体构式"",""不确定/需复核""]","[""target_status"",""candidate_boundary"",""slot_status"",""structural_functional_status"",""licensed_evidence"",""runtime_evidence"",""rule_source_trace""]",是*.+，还是.+,normalized_compiles,REF-GF0025-2021,195,GF0025-2021 PDF p.195,ocr_detected,verified_inventory,false,[],machine_compiled,source_anchored,not_claimed,static_audit_passed,machine_compiled_source_anchored_static_audited
DUV3-GF0025-2021-2-065-01,DiagnosticUnit,DPV3-GF0025-2021-2-065-01,DiagnosticProfile,RBV3-GF0025-2021-2-065-01,GF0025-2021-2-065,【二65】,2,65,句子的类型,复句,转折复句,1,01,不用关联词语,,numbered_usage,（1）,DTV3-TAX-AD89E45C5965,taxonomy_instantiated,,0,structural_pattern,(?:不用关联词语),虽然.+，(但是|可是).+|.+，不过.+,search,normalized_legacy_regex,,"[""clause_1"",""relation_marker"",""clause_2"",""logical_relation""]","[""候选包含与权威条目 【二65】 对齐的可定位触发线索。"",""候选满足模板槽位：clause_1、relation_marker、clause_2、logical_relation。"",""候选按 structural_pattern 模式实现 句子的类型 / 复句 / 转折复句 所规定的语法功能。""]","[""触发线索存在，但候选边界未覆盖完整构式。"",""局部槽位可定位，但至少一个必需槽位仅得到弱支持。""]","[""触发线索只出现在标题、编号、术语或元语言说明中。"",""必需槽位缺失，且上下文不能恢复目标结构或目标功能。""]","[""相同表层形式可能实现 复句 中的非目标功能。"",""相邻构式共享触发形式，但槽位关系或语法功能不同。""]","[""目标用例"",""边界问题"",""表层触发但非目标"",""结构缺槽"",""语义不兼容"",""其他具体构式"",""不确定/需复核""]","[""target_status"",""candidate_boundary"",""slot_status"",""structural_functional_status"",""licensed_evidence"",""runtime_evidence"",""rule_source_trace""]",虽然.+，(但是|可是).+|.+，不过.+,normalized_compiles,REF-GF0025-2021,195,GF0025-2021 PDF p.195,ocr_detected,verified_inventory,false,[],machine_compiled,source_anchored,not_claimed,static_audit_passed,machine_compiled_source_anchored_static_audited
DUV3-GF0025-2021-2-065-02,DiagnosticUnit,DPV3-GF0025-2021-2-065-02,DiagnosticProfile,RBV3-GF0025-2021-2-065-02,GF0025-2021-2-065,【二65】,2,65,句子的类型,复句,转折复句,2,02,用关联词语：虽然……，但是/可是……；……，不过……,,numbered_usage,（2）,DTV3-SEED-7A820C66C18F,seed_reused,虽然...但是候选,125,structural_pattern,(?:用关联词语|不过|但是|可是|虽然),虽然.+，(但是|可是).+|.+，不过.+,search,normalized_legacy_regex_with_unit_specialization,(?:用关联词语|不过|但是|可是|虽然),"[""clause_1"",""relation_marker_1"",""clause_2"",""relation_marker_2""]","[""候选片段包含或可解释出“虽然...但是”相关标记/结构线索。"",""候选片段满足所属语法家族的核心槽位要求：前项关联标记、前项分句、后项关联标记、后项分句、逻辑关系。"",""候选片段在原句中承担该语法点的实际语法功能，而非仅有表层词形。""]","[""结构大体可定位但边界过短或过长。"",""标记存在但核心槽位需要结合上下文复核。""]","[""候选片段只是术语、标题、编号、残片或 OCR 混杂内容。"",""只有表层标记，无法构成所属语法家族的核心结构。""]","[""只有表层标记""]","[""目标用例"",""边界问题"",""表层触发但非目标"",""结构缺槽"",""语义不兼容"",""其他具体构式"",""不确定/需复核""]","[""target_status"",""candidate_boundary"",""slot_status"",""structural_functional_status"",""licensed_evidence"",""runtime_evidence"",""rule_source_trace""]",虽然.+，(但是|可是).+|.+，不过.+,normalized_compiles,REF-GF0025-2021,195,GF0025-2021 PDF p.195,ocr_detected,verified_inventory,false,[],machine_compiled,source_anchored,not_claimed,static_audit_passed,machine_compiled_source_anchored_static_audited
DUV3-GF0025-2021-2-066-01,DiagnosticUnit,DPV3-GF0025-2021-2-066-01,DiagnosticProfile,RBV3-GF0025-2021-2-066-01,GF0025-2021-2-066,【二66】,2,66,句子的类型,复句,假设复句,1,01,不用关联词语,,numbered_usage,（1）,DTV3-TAX-2F14DA2C956B,taxonomy_instantiated,,0,structural_pattern,(?:不用关联词语),如果.+，就.+|.+的话，就.+,search,normalized_legacy_regex,,"[""clause_1"",""relation_marker"",""clause_2"",""logical_relation""]","[""候选包含与权威条目 【二66】 对齐的可定位触发线索。"",""候选满足模板槽位：clause_1、relation_marker、clause_2、logical_relation。"",""候选按 structural_pattern 模式实现 句子的类型 / 复句 / 假设复句 所规定的语法功能。""]","[""触发线索存在，但候选边界未覆盖完整构式。"",""局部槽位可定位，但至少一个必需槽位仅得到弱支持。""]","[""触发线索只出现在标题、编号、术语或元语言说明中。"",""必需槽位缺失，且上下文不能恢复目标结构或目标功能。""]","[""相同表层形式可能实现 复句 中的非目标功能。"",""相邻构式共享触发形式，但槽位关系或语法功能不同。""]","[""目标用例"",""边界问题"",""表层触发但非目标"",""结构缺槽"",""语义不兼容"",""其他具体构式"",""不确定/需复核""]","[""target_status"",""candidate_boundary"",""slot_status"",""structural_functional_status"",""licensed_evidence"",""runtime_evidence"",""rule_source_trace""]",如果.+，就.+|.+的话，就.+,normalized_compiles,REF-GF0025-2021,195,GF0025-2021 PDF p.195,ocr_detected,verified_inventory,false,[],machine_compiled,source_anchored,not_claimed,static_audit_passed,machine_compiled_source_anchored_static_audited
DUV3-GF0025-2021-2-066-02,DiagnosticUnit,DPV3-GF0025-2021-2-066-02,DiagnosticProfile,RBV3-GF0025-2021-2-066-02,GF0025-2021-2-066,【二66】,2,66,句子的类型,复句,假设复句,2,02,用关联词语：如果……，就……；……的话，就……,,numbered_usage,（2）,DTV3-SEED-EB1D813F07C2,seed_reused,如果...就候选,125,structural_pattern,(?:用关联词语|如果|的话|就),如果.+，就.+|.+的话，就.+,search,normalized_legacy_regex_with_unit_specialization,(?:用关联词语|如果|的话|就),"[""clause_1"",""relation_marker_1"",""clause_2"",""relation_marker_2""]","[""存在条件分句和结果分句。"",""关联标记可以成对出现，也可在语境中省略一项但逻辑关系明确。""]","[""只截前项或后项分句时标为边界不完整。""]","[""关联词残片无法形成条件-结果关系。""]","[""逻辑关系不是条件""]","[""目标用例"",""边界问题"",""表层触发但非目标"",""结构缺槽"",""语义不兼容"",""其他具体构式"",""不确定/需复核""]","[""target_status"",""candidate_boundary"",""slot_status"",""structural_functional_status"",""licensed_evidence"",""runtime_evidence"",""rule_source_trace""]",如果.+，就.+|.+的话，就.+,normalized_compiles,REF-GF0025-2021,195,GF0025-2021 PDF p.195,ocr_detected,verified_inventory,false,[],machine_compiled,source_anchored,not_claimed,static_audit_passed,machine_compiled_source_anchored_static_audited
DUV3-GF0025-2021-2-067-01,DiagnosticUnit,DPV3-GF0025-2021-2-067-01,DiagnosticProfile,RBV3-GF0025-2021-2-067-01,GF0025-2021-2-067,【二67】,2,67,句子的类型,复句,条件复句,1,01,只要……，就……,,unsplit_official_entry,,DTV3-SEED-85BDD2236207,seed_reused,只要候选,105,structural_pattern,(?:只要|就),只要.+，就.+,search,normalized_legacy_regex,,"[""clause_1"",""relation_marker_1"",""clause_2"",""relation_marker_2""]","[""候选片段包含或可解释出“只要”相关标记/结构线索。"",""候选片段满足所属语法家族的核心槽位要求：前项关联标记、前项分句、后项关联标记、后项分句、逻辑关系。"",""候选片段在原句中承担该语法点的实际语法功能，而非仅有表层词形。""]","[""结构大体可定位但边界过短或过长。"",""标记存在但核心槽位需要结合上下文复核。""]","[""候选片段只是术语、标题、编号、残片或 OCR 混杂内容。"",""只有表层标记，无法构成所属语法家族的核心结构。""]","[""只有表层标记""]","[""目标用例"",""边界问题"",""表层触发但非目标"",""结构缺槽"",""语义不兼容"",""其他具体构式"",""不确定/需复核""]","[""target_status"",""candidate_boundary"",""slot_status"",""structural_functional_status"",""licensed_evidence"",""runtime_evidence"",""rule_source_trace""]",只要.+，就.+,normalized_compiles,REF-GF0025-2021,195,GF0025-2021 PDF p.195,ocr_detected,verified_inventory,false,[],machine_compiled,source_anchored,not_claimed,static_audit_passed,machine_compiled_source_anchored_static_audited
DUV3-GF0025-2021-2-068-01,DiagnosticUnit,DPV3-GF0025-2021-2-068-01,DiagnosticProfile,RBV3-GF0025-2021-2-068-01,GF0025-2021-2-068,【二68】,2,68,句子的类型,复句,因果复句,1,01,不用关联词语,,numbered_usage,（1）,DTV3-TAX-4570B4C831CD,taxonomy_instantiated,,0,structural_pattern,(?:不用关联词语),因为.+，所以.+,search,normalized_legacy_regex,,"[""clause_1"",""relation_marker"",""clause_2"",""logical_relation""]","[""候选包含与权威条目 【二68】 对齐的可定位触发线索。"",""候选满足模板槽位：clause_1、relation_marker、clause_2、logical_relation。"",""候选按 structural_pattern 模式实现 句子的类型 / 复句 / 因果复句 所规定的语法功能。""]","[""触发线索存在，但候选边界未覆盖完整构式。"",""局部槽位可定位，但至少一个必需槽位仅得到弱支持。""]","[""触发线索只出现在标题、编号、术语或元语言说明中。"",""必需槽位缺失，且上下文不能恢复目标结构或目标功能。""]","[""相同表层形式可能实现 复句 中的非目标功能。"",""相邻构式共享触发形式，但槽位关系或语法功能不同。""]","[""目标用例"",""边界问题"",""表层触发但非目标"",""结构缺槽"",""语义不兼容"",""其他具体构式"",""不确定/需复核""]","[""target_status"",""candidate_boundary"",""slot_status"",""structural_functional_status"",""licensed_evidence"",""runtime_evidence"",""rule_source_trace""]",因为.+，所以.+,normalized_compiles,REF-GF0025-2021,195,GF0025-2021 PDF p.195,ocr_detected,verified_inventory,false,[],machine_compiled,source_anchored,not_claimed,static_audit_passed,machine_compiled_source_anchored_static_audited
DUV3-GF0025-2021-2-068-02,DiagnosticUnit,DPV3-GF0025-2021-2-068-02,DiagnosticProfile,RBV3-GF0025-2021-2-068-02,GF0025-2021-2-068,【二68】,2,68,句子的类型,复句,因果复句,2,02,用关联词语：因为……，所以……,,numbered_usage,（2）,DTV3-SEED-5EBFFAC5542E,seed_reused,因为...所以候选,125,structural_pattern,(?:用关联词语|因为|所以),因为.+，所以.+,search,normalized_legacy_regex_with_unit_specialization,(?:用关联词语|因为|所以),"[""clause_1"",""relation_marker_1"",""clause_2"",""relation_marker_2""]","[""候选片段包含或可解释出“因为...所以”相关标记/结构线索。"",""候选片段满足所属语法家族的核心槽位要求：前项关联标记、前项分句、后项关联标记、后项分句、逻辑关系。"",""候选片段在原句中承担该语法点的实际语法功能，而非仅有表层词形。""]","[""结构大体可定位但边界过短或过长。"",""标记存在但核心槽位需要结合上下文复核。""]","[""候选片段只是术语、标题、编号、残片或 OCR 混杂内容。"",""只有表层标记，无法构成所属语法家族的核心结构。""]","[""只有表层标记""]","[""目标用例"",""边界问题"",""表层触发但非目标"",""结构缺槽"",""语义不兼容"",""其他具体构式"",""不确定/需复核""]","[""target_status"",""candidate_boundary"",""slot_status"",""structural_functional_status"",""licensed_evidence"",""runtime_evidence"",""rule_source_trace""]",因为.+，所以.+,normalized_compiles,REF-GF0025-2021,195,GF0025-2021 PDF p.195,ocr_detected,verified_inventory,false,[],machine_compiled,source_anchored,not_claimed,static_audit_passed,machine_compiled_source_anchored_static_audited
DUV3-GF0025-2021-2-069-01,DiagnosticUnit,DPV3-GF0025-2021-2-069-01,DiagnosticProfile,RBV3-GF0025-2021-2-069-01,GF0025-2021-2-069,【二69】,2,69,句子的类型,复句,紧缩复句,1,01,一……就……,,unsplit_official_entry,,DTV3-TAX-1091FC162FDB,taxonomy_instantiated,,0,structural_pattern,(?:一……就……|一|就),一.+就.+,search,normalized_legacy_regex,,"[""clause_1"",""relation_marker"",""clause_2"",""logical_relation""]","[""候选包含与权威条目 【二69】 对齐的可定位触发线索。"",""候选满足模板槽位：clause_1、relation_marker、clause_2、logical_relation。"",""候选按 structural_pattern 模式实现 句子的类型 / 复句 / 紧缩复句 所规定的语法功能。""]","[""触发线索存在，但候选边界未覆盖完整构式。"",""局部槽位可定位，但至少一个必需槽位仅得到弱支持。""]","[""触发线索只出现在标题、编号、术语或元语言说明中。"",""必需槽位缺失，且上下文不能恢复目标结构或目标功能。""]","[""相同表层形式可能实现 复句 中的非目标功能。"",""相邻构式共享触发形式，但槽位关系或语法功能不同。""]","[""目标用例"",""边界问题"",""表层触发但非目标"",""结构缺槽"",""语义不兼容"",""其他具体构式"",""不确定/需复核""]","[""target_status"",""candidate_boundary"",""slot_status"",""structural_functional_status"",""licensed_evidence"",""runtime_evidence"",""rule_source_trace""]",一.+就.+,normalized_compiles,REF-GF0025-2021,196,GF0025-2021 PDF p.196,ocr_detected,verified_inventory,false,[],machine_compiled,source_anchored,not_claimed,static_audit_passed,machine_compiled_source_anchored_static_audited
DUV3-GF0025-2021-2-070-01,DiagnosticUnit,DPV3-GF0025-2021-2-070-01,DiagnosticProfile,RBV3-GF0025-2021-2-070-01,GF0025-2021-2-070,【二70】,2,70,动作的态,动作的态,持续态,1,01,表示状态的持续,动词+着,numbered_usage,（1）,DTV3-TAX-5C8207039044,taxonomy_instantiated,,0,complex_functional,(?:表示状态的持续|状态的持续),(?:表示状态的持续|状态的持续),search,source_literal_retrieval_trigger,,"[""predicate"",""aspect_marker"",""event_state""]","[""候选包含与权威条目 【二70】 对齐的可定位触发线索。"",""候选满足模板槽位：predicate、aspect_marker、event_state。"",""候选按 complex_functional 模式实现 动作的态 / 动作的态 / 持续态 所规定的语法功能。""]","[""触发线索存在，但候选边界未覆盖完整构式。"",""局部槽位可定位，但至少一个必需槽位仅得到弱支持。""]","[""触发线索只出现在标题、编号、术语或元语言说明中。"",""必需槽位缺失，且上下文不能恢复目标结构或目标功能。""]","[""相同表层形式可能实现 动作的态 中的非目标功能。"",""相邻构式共享触发形式，但槽位关系或语法功能不同。""]","[""目标用例"",""边界问题"",""表层触发但非目标"",""结构缺槽"",""语义不兼容"",""其他具体构式"",""不确定/需复核""]","[""target_status"",""candidate_boundary"",""slot_status"",""structural_functional_status"",""licensed_evidence"",""runtime_evidence"",""rule_source_trace""]",,not_available_source_literal_runtime,REF-GF0025-2021,196,GF0025-2021 PDF p.196,ocr_detected,verified_inventory,false,[],machine_compiled,source_anchored,not_claimed,static_audit_passed,machine_compiled_source_anchored_static_audited
DUV3-GF0025-2021-2-070-02,DiagnosticUnit,DPV3-GF0025-2021-2-070-02,DiagnosticProfile,RBV3-GF0025-2021-2-070-02,GF0025-2021-2-070,【二70】,2,70,动作的态,动作的态,持续态,2,02,表示动作的持续,动词+着,numbered_usage,（2）,DTV3-TAX-5C8207039044,taxonomy_instantiated,,0,complex_functional,(?:表示动作的持续|动作的持续),(?:表示动作的持续|动作的持续),search,source_literal_retrieval_trigger,,"[""predicate"",""aspect_marker"",""event_state""]","[""候选包含与权威条目 【二70】 对齐的可定位触发线索。"",""候选满足模板槽位：predicate、aspect_marker、event_state。"",""候选按 complex_functional 模式实现 动作的态 / 动作的态 / 持续态 所规定的语法功能。""]","[""触发线索存在，但候选边界未覆盖完整构式。"",""局部槽位可定位，但至少一个必需槽位仅得到弱支持。""]","[""触发线索只出现在标题、编号、术语或元语言说明中。"",""必需槽位缺失，且上下文不能恢复目标结构或目标功能。""]","[""相同表层形式可能实现 动作的态 中的非目标功能。"",""相邻构式共享触发形式，但槽位关系或语法功能不同。""]","[""目标用例"",""边界问题"",""表层触发但非目标"",""结构缺槽"",""语义不兼容"",""其他具体构式"",""不确定/需复核""]","[""target_status"",""candidate_boundary"",""slot_status"",""structural_functional_status"",""licensed_evidence"",""runtime_evidence"",""rule_source_trace""]",,not_available_source_literal_runtime,REF-GF0025-2021,196,GF0025-2021 PDF p.196,ocr_detected,verified_inventory,false,[],machine_compiled,source_anchored,not_claimed,static_audit_passed,machine_compiled_source_anchored_static_audited
DUV3-GF0025-2021-2-071-01,DiagnosticUnit,DPV3-GF0025-2021-2-071-01,DiagnosticProfile,RBV3-GF0025-2021-2-071-01,GF0025-2021-2-071,【二71】,2,71,动作的态,动作的态,经历态,1,01,用动态助词“过”表示,,unsplit_official_entry,,DTV3-TAX-3DDA48A557C9,taxonomy_instantiated,,0,complex_functional,(?:用动态助词|过),(?:用动态助词|过),search,source_literal_retrieval_trigger,,"[""predicate"",""aspect_marker"",""event_state""]","[""候选包含与权威条目 【二71】 对齐的可定位触发线索。"",""候选满足模板槽位：predicate、aspect_marker、event_state。"",""候选按 complex_functional 模式实现 动作的态 / 动作的态 / 经历态 所规定的语法功能。""]","[""触发线索存在，但候选边界未覆盖完整构式。"",""局部槽位可定位，但至少一个必需槽位仅得到弱支持。""]","[""触发线索只出现在标题、编号、术语或元语言说明中。"",""必需槽位缺失，且上下文不能恢复目标结构或目标功能。""]","[""相同表层形式可能实现 动作的态 中的非目标功能。"",""相邻构式共享触发形式，但槽位关系或语法功能不同。""]","[""目标用例"",""边界问题"",""表层触发但非目标"",""结构缺槽"",""语义不兼容"",""其他具体构式"",""不确定/需复核""]","[""target_status"",""candidate_boundary"",""slot_status"",""structural_functional_status"",""licensed_evidence"",""runtime_evidence"",""rule_source_trace""]",,not_available_source_literal_runtime,REF-GF0025-2021,196,GF0025-2021 PDF p.196,ocr_detected,verified_inventory,false,[],machine_compiled,source_anchored,not_claimed,static_audit_passed,machine_compiled_source_anchored_static_audited
DUV3-GF0025-2021-2-072-01,DiagnosticUnit,DPV3-GF0025-2021-2-072-01,DiagnosticProfile,RBV3-GF0025-2021-2-072-01,GF0025-2021-2-072,【二72】,2,72,特殊表达法,数的表示法,,1,01,序数表示法,,unsplit_official_entry,,DTV3-TAX-92495A46D25D,taxonomy_instantiated,,0,complex_functional,(?:序数表示法|序数|法),(?:序数表示法|序数|法),search,source_literal_retrieval_trigger,,"[""trigger"",""local_context"",""construction_boundary""]","[""候选包含与权威条目 【二72】 对齐的可定位触发线索。"",""候选满足模板槽位：trigger、local_context、construction_boundary。"",""候选按 complex_functional 模式实现 特殊表达法 / 数的表示法 / 未列小项 所规定的语法功能。""]","[""触发线索存在，但候选边界未覆盖完整构式。"",""局部槽位可定位，但至少一个必需槽位仅得到弱支持。""]","[""触发线索只出现在标题、编号、术语或元语言说明中。"",""必需槽位缺失，且上下文不能恢复目标结构或目标功能。""]","[""相同表层形式可能实现 数的表示法 中的非目标功能。"",""相邻构式共享触发形式，但槽位关系或语法功能不同。""]","[""目标用例"",""边界问题"",""表层触发但非目标"",""结构缺槽"",""语义不兼容"",""其他具体构式"",""不确定/需复核""]","[""target_status"",""candidate_boundary"",""slot_status"",""structural_functional_status"",""licensed_evidence"",""runtime_evidence"",""rule_source_trace""]",,not_available_source_literal_runtime,REF-GF0025-2021,196,GF0025-2021 PDF p.196,ocr_detected,verified_inventory,false,[],machine_compiled,source_anchored,not_claimed,static_audit_passed,machine_compiled_source_anchored_static_audited
DUV3-GF0025-2021-2-073-01,DiagnosticUnit,DPV3-GF0025-2021-2-073-01,DiagnosticProfile,RBV3-GF0025-2021-2-073-01,GF0025-2021-2-073,【二73】,2,73,特殊表达法,数的表示法,,1,01,数词+多+量词,概数表示法1,numbered_usage,（1）,DTV3-TAX-92495A46D25D,taxonomy_instantiated,,0,complex_functional,(?:数词|量词|多),(?:数词|量词|多),search,source_literal_retrieval_trigger,,"[""trigger"",""local_context"",""construction_boundary""]","[""候选包含与权威条目 【二73】 对齐的可定位触发线索。"",""候选满足模板槽位：trigger、local_context、construction_boundary。"",""候选按 complex_functional 模式实现 特殊表达法 / 数的表示法 / 未列小项 所规定的语法功能。""]","[""触发线索存在，但候选边界未覆盖完整构式。"",""局部槽位可定位，但至少一个必需槽位仅得到弱支持。""]","[""触发线索只出现在标题、编号、术语或元语言说明中。"",""必需槽位缺失，且上下文不能恢复目标结构或目标功能。""]","[""相同表层形式可能实现 数的表示法 中的非目标功能。"",""相邻构式共享触发形式，但槽位关系或语法功能不同。""]","[""目标用例"",""边界问题"",""表层触发但非目标"",""结构缺槽"",""语义不兼容"",""其他具体构式"",""不确定/需复核""]","[""target_status"",""candidate_boundary"",""slot_status"",""structural_functional_status"",""licensed_evidence"",""runtime_evidence"",""rule_source_trace""]",,not_available_source_literal_runtime,REF-GF0025-2021,196,GF0025-2021 PDF p.196,ocr_detected,verified_inventory,false,[],machine_compiled,source_anchored,not_claimed,static_audit_passed,machine_compiled_source_anchored_static_audited
DUV3-GF0025-2021-2-073-02,DiagnosticUnit,DPV3-GF0025-2021-2-073-02,DiagnosticProfile,RBV3-GF0025-2021-2-073-02,GF0025-2021-2-073,【二73】,2,73,特殊表达法,数的表示法,,2,02,数词+量词+多,概数表示法1,numbered_usage,（2）,DTV3-TAX-92495A46D25D,taxonomy_instantiated,,0,complex_functional,(?:数词|量词|多),(?:数词|量词|多),search,source_literal_retrieval_trigger,,"[""trigger"",""local_context"",""construction_boundary""]","[""候选包含与权威条目 【二73】 对齐的可定位触发线索。"",""候选满足模板槽位：trigger、local_context、construction_boundary。"",""候选按 complex_functional 模式实现 特殊表达法 / 数的表示法 / 未列小项 所规定的语法功能。""]","[""触发线索存在，但候选边界未覆盖完整构式。"",""局部槽位可定位，但至少一个必需槽位仅得到弱支持。""]","[""触发线索只出现在标题、编号、术语或元语言说明中。"",""必需槽位缺失，且上下文不能恢复目标结构或目标功能。""]","[""相同表层形式可能实现 数的表示法 中的非目标功能。"",""相邻构式共享触发形式，但槽位关系或语法功能不同。""]","[""目标用例"",""边界问题"",""表层触发但非目标"",""结构缺槽"",""语义不兼容"",""其他具体构式"",""不确定/需复核""]","[""target_status"",""candidate_boundary"",""slot_status"",""structural_functional_status"",""licensed_evidence"",""runtime_evidence"",""rule_source_trace""]",,not_available_source_literal_runtime,REF-GF0025-2021,196,GF0025-2021 PDF p.196,ocr_detected,verified_inventory,false,[],machine_compiled,source_anchored,not_claimed,static_audit_passed,machine_compiled_source_anchored_static_audited
DUV3-GF0025-2021-2-074-01,DiagnosticUnit,DPV3-GF0025-2021-2-074-01,DiagnosticProfile,RBV3-GF0025-2021-2-074-01,GF0025-2021-2-074,【二74】,2,74,强调的方法,未细分,,1,01,用“就”表示强调,,unsplit_official_entry,,DTV3-POINT-CA11F9B45F98,point_specific_instantiated,,0,complex_functional,(?:用“就”表示强调|强调|就|用),(?:用“就”表示强调|强调|就|用),search,source_literal_retrieval_trigger,,"[""focus_expression"",""focus_marker"",""proposition""]","[""候选包含与权威条目 【二74】 对齐的可定位触发线索。"",""候选满足模板槽位：focus_expression、focus_marker、proposition。"",""候选按 complex_functional 模式实现 强调的方法 / 未细分 / 未列小项 所规定的语法功能。""]","[""触发线索存在，但候选边界未覆盖完整构式。"",""局部槽位可定位，但至少一个必需槽位仅得到弱支持。""]","[""触发线索只出现在标题、编号、术语或元语言说明中。"",""必需槽位缺失，且上下文不能恢复目标结构或目标功能。""]","[""相同表层形式可能实现 未细分 中的非目标功能。"",""相邻构式共享触发形式，但槽位关系或语法功能不同。""]","[""目标用例"",""边界问题"",""表层触发但非目标"",""结构缺槽"",""语义不兼容"",""其他具体构式"",""不确定/需复核""]","[""target_status"",""candidate_boundary"",""slot_status"",""structural_functional_status"",""licensed_evidence"",""runtime_evidence"",""rule_source_trace""]",,not_available_source_literal_runtime,REF-GF0025-2021,196,GF0025-2021 PDF p.196,ocr_detected,verified_inventory,false,[],machine_compiled,source_anchored,not_claimed,static_audit_passed,machine_compiled_source_anchored_static_audited
DUV3-GF0025-2021-2-075-01,DiagnosticUnit,DPV3-GF0025-2021-2-075-01,DiagnosticProfile,RBV3-GF0025-2021-2-075-01,GF0025-2021-2-075,【二75】,2,75,提问的方法,未细分,,1,01,用“好吗/可以吗/行吗/怎么样”提问,,unsplit_official_entry,,DTV3-POINT-08FB9C1C359B,point_specific_instantiated,,0,complex_functional,(?:可以吗|怎么样|好吗|提问|行吗|吗|用),(好吗|可以吗|行吗|怎么样)？,search,normalized_legacy_regex,,"[""question_scope"",""question_marker"",""requested_information""]","[""候选包含与权威条目 【二75】 对齐的可定位触发线索。"",""候选满足模板槽位：question_scope、question_marker、requested_information。"",""候选按 complex_functional 模式实现 提问的方法 / 未细分 / 未列小项 所规定的语法功能。""]","[""触发线索存在，但候选边界未覆盖完整构式。"",""局部槽位可定位，但至少一个必需槽位仅得到弱支持。""]","[""触发线索只出现在标题、编号、术语或元语言说明中。"",""必需槽位缺失，且上下文不能恢复目标结构或目标功能。""]","[""相同表层形式可能实现 未细分 中的非目标功能。"",""相邻构式共享触发形式，但槽位关系或语法功能不同。""]","[""目标用例"",""边界问题"",""表层触发但非目标"",""结构缺槽"",""语义不兼容"",""其他具体构式"",""不确定/需复核""]","[""target_status"",""candidate_boundary"",""slot_status"",""structural_functional_status"",""licensed_evidence"",""runtime_evidence"",""rule_source_trace""]",(好吗|可以吗|行吗|怎么样)？,normalized_compiles,REF-GF0025-2021,196,GF0025-2021 PDF p.196,ocr_detected,verified_inventory,false,[],machine_compiled,source_anchored,not_claimed,static_audit_passed,machine_compiled_source_anchored_static_audited
DUV3-GF0025-2021-2-076-01,DiagnosticUnit,DPV3-GF0025-2021-2-076-01,DiagnosticProfile,RBV3-GF0025-2021-2-076-01,GF0025-2021-2-076,【二76】,2,76,提问的方法,未细分,,1,01,用“什么时候、什么样、为什么、怎么样、怎样”提问,,unsplit_official_entry,,DTV3-POINT-51770598377D,point_specific_instantiated,,0,complex_functional,(?:什么时候|为什么|什么样|怎么样|怎样|提问|用),(什么时候|什么样|为什么|怎么样|怎样).+？,search,normalized_legacy_regex,,"[""question_scope"",""question_marker"",""requested_information""]","[""候选包含与权威条目 【二76】 对齐的可定位触发线索。"",""候选满足模板槽位：question_scope、question_marker、requested_information。"",""候选按 complex_functional 模式实现 提问的方法 / 未细分 / 未列小项 所规定的语法功能。""]","[""触发线索存在，但候选边界未覆盖完整构式。"",""局部槽位可定位，但至少一个必需槽位仅得到弱支持。""]","[""触发线索只出现在标题、编号、术语或元语言说明中。"",""必需槽位缺失，且上下文不能恢复目标结构或目标功能。""]","[""相同表层形式可能实现 未细分 中的非目标功能。"",""相邻构式共享触发形式，但槽位关系或语法功能不同。""]","[""目标用例"",""边界问题"",""表层触发但非目标"",""结构缺槽"",""语义不兼容"",""其他具体构式"",""不确定/需复核""]","[""target_status"",""candidate_boundary"",""slot_status"",""structural_functional_status"",""licensed_evidence"",""runtime_evidence"",""rule_source_trace""]",(什么时候|什么样|为什么|怎么样|怎样).+？,normalized_compiles,REF-GF0025-2021,197,GF0025-2021 PDF p.197,ocr_detected,verified_inventory,false,[],machine_compiled,source_anchored,not_claimed,static_audit_passed,machine_compiled_source_anchored_static_audited
DUV3-GF0025-2021-2-077-01,DiagnosticUnit,DPV3-GF0025-2021-2-077-01,DiagnosticProfile,RBV3-GF0025-2021-2-077-01,GF0025-2021-2-077,【二77】,2,77,提问的方法,未细分,,1,01,用“呢”构成的省略式疑问句“代词/名词+呢？”提问,,unsplit_official_entry,,DTV3-POINT-9C645B36E4A0,point_specific_instantiated,,0,complex_functional,(?:构成的省略式疑问句|代词|名词|呢？|提问|呢|用),呢？,search,normalized_legacy_regex,,"[""question_scope"",""question_marker"",""requested_information""]","[""候选包含与权威条目 【二77】 对齐的可定位触发线索。"",""候选满足模板槽位：question_scope、question_marker、requested_information。"",""候选按 complex_functional 模式实现 提问的方法 / 未细分 / 未列小项 所规定的语法功能。""]","[""触发线索存在，但候选边界未覆盖完整构式。"",""局部槽位可定位，但至少一个必需槽位仅得到弱支持。""]","[""触发线索只出现在标题、编号、术语或元语言说明中。"",""必需槽位缺失，且上下文不能恢复目标结构或目标功能。""]","[""相同表层形式可能实现 未细分 中的非目标功能。"",""相邻构式共享触发形式，但槽位关系或语法功能不同。""]","[""目标用例"",""边界问题"",""表层触发但非目标"",""结构缺槽"",""语义不兼容"",""其他具体构式"",""不确定/需复核""]","[""target_status"",""candidate_boundary"",""slot_status"",""structural_functional_status"",""licensed_evidence"",""runtime_evidence"",""rule_source_trace""]",呢？,normalized_compiles,REF-GF0025-2021,197,GF0025-2021 PDF p.197,ocr_detected,verified_inventory,false,[],machine_compiled,source_anchored,not_claimed,static_audit_passed,machine_compiled_source_anchored_static_audited
DUV3-GF0025-2021-2-078-01,DiagnosticUnit,DPV3-GF0025-2021-2-078-01,DiagnosticProfile,RBV3-GF0025-2021-2-078-01,GF0025-2021-2-078,【二78】,2,78,提问的方法,未细分,,1,01,用“是不是”提问,,unsplit_official_entry,,DTV3-POINT-44D013CCCE3F,point_specific_instantiated,,0,complex_functional,(?:用“是不是”提问|是不是|提问|用),是不是.+？,search,normalized_legacy_regex,,"[""question_scope"",""question_marker"",""requested_information""]","[""候选包含与权威条目 【二78】 对齐的可定位触发线索。"",""候选满足模板槽位：question_scope、question_marker、requested_information。"",""候选按 complex_functional 模式实现 提问的方法 / 未细分 / 未列小项 所规定的语法功能。""]","[""触发线索存在，但候选边界未覆盖完整构式。"",""局部槽位可定位，但至少一个必需槽位仅得到弱支持。""]","[""触发线索只出现在标题、编号、术语或元语言说明中。"",""必需槽位缺失，且上下文不能恢复目标结构或目标功能。""]","[""相同表层形式可能实现 未细分 中的非目标功能。"",""相邻构式共享触发形式，但槽位关系或语法功能不同。""]","[""目标用例"",""边界问题"",""表层触发但非目标"",""结构缺槽"",""语义不兼容"",""其他具体构式"",""不确定/需复核""]","[""target_status"",""candidate_boundary"",""slot_status"",""structural_functional_status"",""licensed_evidence"",""runtime_evidence"",""rule_source_trace""]",是不是.+？,normalized_compiles,REF-GF0025-2021,197,GF0025-2021 PDF p.197,ocr_detected,verified_inventory,false,[],machine_compiled,source_anchored,not_claimed,static_audit_passed,machine_compiled_source_anchored_static_audited
DUV3-GF0025-2021-2-079-01,DiagnosticUnit,DPV3-GF0025-2021-2-079-01,DiagnosticProfile,RBV3-GF0025-2021-2-079-01,GF0025-2021-2-079,【二79】,2,79,提问的方法,未细分,,1,01,用“吧”提问,,unsplit_official_entry,,DTV3-POINT-82FC2615785C,point_specific_instantiated,,0,complex_functional,(?:用“吧”提问|提问|吧|用),吧？,search,normalized_legacy_regex,,"[""question_scope"",""question_marker"",""requested_information""]","[""候选包含与权威条目 【二79】 对齐的可定位触发线索。"",""候选满足模板槽位：question_scope、question_marker、requested_information。"",""候选按 complex_functional 模式实现 提问的方法 / 未细分 / 未列小项 所规定的语法功能。""]","[""触发线索存在，但候选边界未覆盖完整构式。"",""局部槽位可定位，但至少一个必需槽位仅得到弱支持。""]","[""触发线索只出现在标题、编号、术语或元语言说明中。"",""必需槽位缺失，且上下文不能恢复目标结构或目标功能。""]","[""相同表层形式可能实现 未细分 中的非目标功能。"",""相邻构式共享触发形式，但槽位关系或语法功能不同。""]","[""目标用例"",""边界问题"",""表层触发但非目标"",""结构缺槽"",""语义不兼容"",""其他具体构式"",""不确定/需复核""]","[""target_status"",""candidate_boundary"",""slot_status"",""structural_functional_status"",""licensed_evidence"",""runtime_evidence"",""rule_source_trace""]",吧？,normalized_compiles,REF-GF0025-2021,197,GF0025-2021 PDF p.197,ocr_detected,verified_inventory,false,[],machine_compiled,source_anchored,not_claimed,static_audit_passed,machine_compiled_source_anchored_static_audited
DUV3-GF0025-2021-2-080-01,DiagnosticUnit,DPV3-GF0025-2021-2-080-01,DiagnosticProfile,RBV3-GF0025-2021-2-080-01,GF0025-2021-2-080,【二80】,2,80,口语格式,未细分,,1,01,该……了,,unsplit_official_entry,,DTV3-POINT-1B149288E6FA,point_specific_instantiated,,0,structural_pattern,(?:该……了|了|该),该.+了,search,normalized_legacy_regex,,"[""fixed_marker"",""internal_slot"",""construction_boundary""]","[""候选包含与权威条目 【二80】 对齐的可定位触发线索。"",""候选满足模板槽位：fixed_marker、internal_slot、construction_boundary。"",""候选按 structural_pattern 模式实现 口语格式 / 未细分 / 未列小项 所规定的语法功能。""]","[""触发线索存在，但候选边界未覆盖完整构式。"",""局部槽位可定位，但至少一个必需槽位仅得到弱支持。""]","[""触发线索只出现在标题、编号、术语或元语言说明中。"",""必需槽位缺失，且上下文不能恢复目标结构或目标功能。""]","[""相同表层形式可能实现 未细分 中的非目标功能。"",""相邻构式共享触发形式，但槽位关系或语法功能不同。""]","[""目标用例"",""边界问题"",""表层触发但非目标"",""结构缺槽"",""语义不兼容"",""其他具体构式"",""不确定/需复核""]","[""target_status"",""candidate_boundary"",""slot_status"",""structural_functional_status"",""licensed_evidence"",""runtime_evidence"",""rule_source_trace""]",该.+了,normalized_compiles,REF-GF0025-2021,197,GF0025-2021 PDF p.197,ocr_detected,verified_inventory,false,[],machine_compiled,source_anchored,not_claimed,static_audit_passed,machine_compiled_source_anchored_static_audited
DUV3-GF0025-2021-2-081-01,DiagnosticUnit,DPV3-GF0025-2021-2-081-01,DiagnosticProfile,RBV3-GF0025-2021-2-081-01,GF0025-2021-2-081,【二81】,2,81,口语格式,未细分,,1,01,要/快要/就要……了,,unsplit_official_entry,,DTV3-POINT-4686532895D8,point_specific_instantiated,,0,structural_pattern,(?:就要|快要|了|要),要.+了|快要.+了|就要.+了,search,normalized_legacy_regex,,"[""fixed_marker"",""internal_slot"",""construction_boundary""]","[""候选包含与权威条目 【二81】 对齐的可定位触发线索。"",""候选满足模板槽位：fixed_marker、internal_slot、construction_boundary。"",""候选按 structural_pattern 模式实现 口语格式 / 未细分 / 未列小项 所规定的语法功能。""]","[""触发线索存在，但候选边界未覆盖完整构式。"",""局部槽位可定位，但至少一个必需槽位仅得到弱支持。""]","[""触发线索只出现在标题、编号、术语或元语言说明中。"",""必需槽位缺失，且上下文不能恢复目标结构或目标功能。""]","[""相同表层形式可能实现 未细分 中的非目标功能。"",""相邻构式共享触发形式，但槽位关系或语法功能不同。""]","[""目标用例"",""边界问题"",""表层触发但非目标"",""结构缺槽"",""语义不兼容"",""其他具体构式"",""不确定/需复核""]","[""target_status"",""candidate_boundary"",""slot_status"",""structural_functional_status"",""licensed_evidence"",""runtime_evidence"",""rule_source_trace""]",要.+了|快要.+了|就要.+了,normalized_compiles,REF-GF0025-2021,,GF0025-2021 PDF pp.176–259,appendix_span_verified,verified_inventory,false,[],machine_compiled,source_anchored,not_claimed,static_audit_passed,machine_compiled_source_anchored_static_audited
DUV3-GF0025-2021-3-001-01,DiagnosticUnit,DPV3-GF0025-2021-3-001-01,DiagnosticProfile,RBV3-GF0025-2021-3-001-01,GF0025-2021-3-001,【三01】,3,1,语素,前缀,,1,01,第-、老-、小-,,unsplit_official_entry,,DTV3-TAX-CCEFFBAABCC2,taxonomy_instantiated,,0,structural_pattern,(?:小|第|老),^[第老小],search,normalized_legacy_regex,,"[""morpheme"",""host_form"",""word_boundary""]","[""候选包含与权威条目 【三01】 对齐的可定位触发线索。"",""候选满足模板槽位：morpheme、host_form、word_boundary。"",""候选按 structural_pattern 模式实现 语素 / 前缀 / 未列小项 所规定的语法功能。""]","[""触发线索存在，但候选边界未覆盖完整构式。"",""局部槽位可定位，但至少一个必需槽位仅得到弱支持。""]","[""触发线索只出现在标题、编号、术语或元语言说明中。"",""必需槽位缺失，且上下文不能恢复目标结构或目标功能。""]","[""相同表层形式可能实现 前缀 中的非目标功能。"",""相邻构式共享触发形式，但槽位关系或语法功能不同。""]","[""目标用例"",""边界问题"",""表层触发但非目标"",""结构缺槽"",""语义不兼容"",""其他具体构式"",""不确定/需复核""]","[""target_status"",""candidate_boundary"",""slot_status"",""structural_functional_status"",""licensed_evidence"",""runtime_evidence"",""rule_source_trace""]",^[第老小],normalized_compiles,REF-GF0025-2021,197,GF0025-2021 PDF p.197,ocr_detected,verified_inventory,false,[],machine_compiled,source_anchored,not_claimed,static_audit_passed,machine_compiled_source_anchored_static_audited
DUV3-GF0025-2021-3-002-01,DiagnosticUnit,DPV3-GF0025-2021-3-002-01,DiagnosticProfile,RBV3-GF0025-2021-3-002-01,GF0025-2021-3-002,【三02】,3,2,语素,后缀,,1,01,儿、家、们、头、子,,unsplit_official_entry,,DTV3-TAX-97C79DA11312,taxonomy_instantiated,,0,structural_pattern,(?:们|儿|头|子|家),[儿家们头子]$,search,normalized_legacy_regex,,"[""morpheme"",""host_form"",""word_boundary""]","[""候选包含与权威条目 【三02】 对齐的可定位触发线索。"",""候选满足模板槽位：morpheme、host_form、word_boundary。"",""候选按 structural_pattern 模式实现 语素 / 后缀 / 未列小项 所规定的语法功能。""]","[""触发线索存在，但候选边界未覆盖完整构式。"",""局部槽位可定位，但至少一个必需槽位仅得到弱支持。""]","[""触发线索只出现在标题、编号、术语或元语言说明中。"",""必需槽位缺失，且上下文不能恢复目标结构或目标功能。""]","[""相同表层形式可能实现 后缀 中的非目标功能。"",""相邻构式共享触发形式，但槽位关系或语法功能不同。""]","[""目标用例"",""边界问题"",""表层触发但非目标"",""结构缺槽"",""语义不兼容"",""其他具体构式"",""不确定/需复核""]","[""target_status"",""candidate_boundary"",""slot_status"",""structural_functional_status"",""licensed_evidence"",""runtime_evidence"",""rule_source_trace""]",[儿家们头子]$,normalized_compiles,REF-GF0025-2021,198,GF0025-2021 PDF p.198,ocr_detected,verified_inventory,true,"[{""standard_point_id"":""GF0025-2021-3-002"",""field_name"":""grammar_point"",""original_value"":""#NAME?"",""corrected_value"":""儿、家、们、头、子"",""authority_source_id"":""REF-GF0025-2021"",""authority_pdf_page"":""198"",""evidence_note"":""GF0025-2021 Appendix A, PDF p.198 lists 【三02】 后缀: 儿、家、们、头、子."",""verification_status"":""manually_verified_against_official_page""},{""standard_point_id"":""GF0025-2021-3-002"",""field_name"":""canonical_label"",""original_value"":""#NAME?"",""corrected_value"":""儿、家、们、头、子"",""authority_source_id"":""REF-GF0025-2021"",""authority_pdf_page"":""198"",""evidence_note"":""GF0025-2021 Appendix A, PDF p.198 lists 【三02】 后缀: 儿、家、们、头、子."",""verification_status"":""manually_verified_against_official_page""},{""standard_point_id"":""GF0025-2021-3-002"",""field_name"":""standard_text"",""original_value"":""#NAME?"",""corrected_value"":""儿、家、们、头、子"",""authority_source_id"":""REF-GF0025-2021"",""authority_pdf_page"":""198"",""evidence_note"":""GF0025-2021 Appendix A, PDF p.198 lists 【三02】 后缀: 儿、家、们、头、子."",""verification_status"":""manually_verified_against_official_page""}]",machine_compiled,source_anchored,not_claimed,static_audit_passed,machine_compiled_source_anchored_static_audited
DUV3-GF0025-2021-3-003-01,DiagnosticUnit,DPV3-GF0025-2021-3-003-01,DiagnosticProfile,RBV3-GF0025-2021-3-003-01,GF0025-2021-3-003,【三03】,3,3,词类,动词,能愿动词,1,01,敢,,unsplit_official_entry,,DTV3-TAX-0B6633C9BA52,taxonomy_instantiated,,0,structural_pattern,(?:敢),^敢$,fullmatch,normalized_legacy_regex,,"[""lexical_form"",""local_context"",""grammatical_function""]","[""候选包含与权威条目 【三03】 对齐的可定位触发线索。"",""候选满足模板槽位：lexical_form、local_context、grammatical_function。"",""候选按 structural_pattern 模式实现 词类 / 动词 / 能愿动词 所规定的语法功能。""]","[""触发线索存在，但候选边界未覆盖完整构式。"",""局部槽位可定位，但至少一个必需槽位仅得到弱支持。""]","[""触发线索只出现在标题、编号、术语或元语言说明中。"",""必需槽位缺失，且上下文不能恢复目标结构或目标功能。""]","[""相同表层形式可能实现 动词 中的非目标功能。"",""相邻构式共享触发形式，但槽位关系或语法功能不同。""]","[""目标用例"",""边界问题"",""表层触发但非目标"",""结构缺槽"",""语义不兼容"",""其他具体构式"",""不确定/需复核""]","[""target_status"",""candidate_boundary"",""slot_status"",""structural_functional_status"",""licensed_evidence"",""runtime_evidence"",""rule_source_trace""]",^敢$,normalized_compiles,REF-GF0025-2021,,GF0025-2021 PDF pp.176–259,appendix_span_verified,verified_inventory,false,[],machine_compiled,source_anchored,not_claimed,static_audit_passed,machine_compiled_source_anchored_static_audited
DUV3-GF0025-2021-3-004-01,DiagnosticUnit,DPV3-GF0025-2021-3-004-01,DiagnosticProfile,RBV3-GF0025-2021-3-004-01,GF0025-2021-3-004,【三04】,3,4,词类,动词,能愿动词,1,01,需要,,unsplit_official_entry,,DTV3-TAX-0B6633C9BA52,taxonomy_instantiated,,0,structural_pattern,(?:需要),^需要$,fullmatch,normalized_legacy_regex,,"[""lexical_form"",""local_context"",""grammatical_function""]","[""候选包含与权威条目 【三04】 对齐的可定位触发线索。"",""候选满足模板槽位：lexical_form、local_context、grammatical_function。"",""候选按 structural_pattern 模式实现 词类 / 动词 / 能愿动词 所规定的语法功能。""]","[""触发线索存在，但候选边界未覆盖完整构式。"",""局部槽位可定位，但至少一个必需槽位仅得到弱支持。""]","[""触发线索只出现在标题、编号、术语或元语言说明中。"",""必需槽位缺失，且上下文不能恢复目标结构或目标功能。""]","[""相同表层形式可能实现 动词 中的非目标功能。"",""相邻构式共享触发形式，但槽位关系或语法功能不同。""]","[""目标用例"",""边界问题"",""表层触发但非目标"",""结构缺槽"",""语义不兼容"",""其他具体构式"",""不确定/需复核""]","[""target_status"",""candidate_boundary"",""slot_status"",""structural_functional_status"",""licensed_evidence"",""runtime_evidence"",""rule_source_trace""]",^需要$,normalized_compiles,REF-GF0025-2021,198,GF0025-2021 PDF p.198,ocr_detected,verified_inventory,false,[],machine_compiled,source_anchored,not_claimed,static_audit_passed,machine_compiled_source_anchored_static_audited
DUV3-GF0025-2021-3-005-01,DiagnosticUnit,DPV3-GF0025-2021-3-005-01,DiagnosticProfile,RBV3-GF0025-2021-3-005-01,GF0025-2021-3-005,【三05】,3,5,词类,动词,离合词,1,01,动宾式离合词：帮忙、点头、放假、干杯、见面、结婚、看病、睡觉、洗澡、理发、说话,,unsplit_official_entry,,DTV3-TAX-D2D5548A403A,taxonomy_instantiated,,0,structural_pattern,(?:动宾式离合词|帮忙|干杯|放假|洗澡|点头|理发|看病|睡觉|结婚|见面|说话),^(帮忙|点头|放假|干杯|见面|结婚|看病|睡觉|洗澡|理发|说话)$,fullmatch,normalized_legacy_regex,,"[""lexical_form"",""local_context"",""grammatical_function""]","[""候选包含与权威条目 【三05】 对齐的可定位触发线索。"",""候选满足模板槽位：lexical_form、local_context、grammatical_function。"",""候选按 structural_pattern 模式实现 词类 / 动词 / 离合词 所规定的语法功能。""]","[""触发线索存在，但候选边界未覆盖完整构式。"",""局部槽位可定位，但至少一个必需槽位仅得到弱支持。""]","[""触发线索只出现在标题、编号、术语或元语言说明中。"",""必需槽位缺失，且上下文不能恢复目标结构或目标功能。""]","[""相同表层形式可能实现 动词 中的非目标功能。"",""相邻构式共享触发形式，但槽位关系或语法功能不同。""]","[""目标用例"",""边界问题"",""表层触发但非目标"",""结构缺槽"",""语义不兼容"",""其他具体构式"",""不确定/需复核""]","[""target_status"",""candidate_boundary"",""slot_status"",""structural_functional_status"",""licensed_evidence"",""runtime_evidence"",""rule_source_trace""]",^(帮忙|点头|放假|干杯|见面|结婚|看病|睡觉|洗澡|理发|说话)$,normalized_compiles,REF-GF0025-2021,,GF0025-2021 PDF pp.176–259,appendix_span_verified,verified_inventory,false,[],machine_compiled,source_anchored,not_claimed,static_audit_passed,machine_compiled_source_anchored_static_audited
DUV3-GF0025-2021-3-006-01,DiagnosticUnit,DPV3-GF0025-2021-3-006-01,DiagnosticProfile,RBV3-GF0025-2021-3-006-01,GF0025-2021-3-006,【三06】,3,6,词类,动词,离合词,1,01,动补式离合词：打开、看见、离开、完成,,unsplit_official_entry,,DTV3-TAX-D2D5548A403A,taxonomy_instantiated,,0,structural_pattern,(?:动补式离合词|完成|打开|看见|离开),^(打开|看见|离开|完成)$,fullmatch,normalized_legacy_regex,,"[""lexical_form"",""local_context"",""grammatical_function""]","[""候选包含与权威条目 【三06】 对齐的可定位触发线索。"",""候选满足模板槽位：lexical_form、local_context、grammatical_function。"",""候选按 structural_pattern 模式实现 词类 / 动词 / 离合词 所规定的语法功能。""]","[""触发线索存在，但候选边界未覆盖完整构式。"",""局部槽位可定位，但至少一个必需槽位仅得到弱支持。""]","[""触发线索只出现在标题、编号、术语或元语言说明中。"",""必需槽位缺失，且上下文不能恢复目标结构或目标功能。""]","[""相同表层形式可能实现 动词 中的非目标功能。"",""相邻构式共享触发形式，但槽位关系或语法功能不同。""]","[""目标用例"",""边界问题"",""表层触发但非目标"",""结构缺槽"",""语义不兼容"",""其他具体构式"",""不确定/需复核""]","[""target_status"",""candidate_boundary"",""slot_status"",""structural_functional_status"",""licensed_evidence"",""runtime_evidence"",""rule_source_trace""]",^(打开|看见|离开|完成)$,normalized_compiles,REF-GF0025-2021,198,GF0025-2021 PDF p.198,ocr_detected,verified_inventory,false,[],machine_compiled,source_anchored,not_claimed,static_audit_passed,machine_compiled_source_anchored_static_audited
DUV3-GF0025-2021-3-007-01-01,DiagnosticUnit,DPV3-GF0025-2021-3-007-01-01,DiagnosticProfile,RBV3-GF0025-2021-3-007-01-01,GF0025-2021-3-007,【三07】,3,7,词类,代词,疑问代词,1,01.01,疑问代词+都……,疑问代词的非疑问用法 / 任指用法,nested_numbered_usage,①,DTV3-TAX-5EB36B35C713,taxonomy_instantiated,,0,structural_pattern,(?:疑问代词|都),(?:疑问代词|都),search,source_literal_retrieval_trigger,,"[""lexical_form"",""local_context"",""grammatical_function""]","[""候选包含与权威条目 【三07】 对齐的可定位触发线索。"",""候选满足模板槽位：lexical_form、local_context、grammatical_function。"",""候选按 structural_pattern 模式实现 词类 / 代词 / 疑问代词 所规定的语法功能。""]","[""触发线索存在，但候选边界未覆盖完整构式。"",""局部槽位可定位，但至少一个必需槽位仅得到弱支持。""]","[""触发线索只出现在标题、编号、术语或元语言说明中。"",""必需槽位缺失，且上下文不能恢复目标结构或目标功能。""]","[""相同表层形式可能实现 代词 中的非目标功能。"",""相邻构式共享触发形式，但槽位关系或语法功能不同。""]","[""目标用例"",""边界问题"",""表层触发但非目标"",""结构缺槽"",""语义不兼容"",""其他具体构式"",""不确定/需复核""]","[""target_status"",""candidate_boundary"",""slot_status"",""structural_functional_status"",""licensed_evidence"",""runtime_evidence"",""rule_source_trace""]",,not_available_source_literal_runtime,REF-GF0025-2021,198,GF0025-2021 PDF p.198,ocr_detected,verified_inventory,false,[],machine_compiled,source_anchored,not_claimed,static_audit_passed,machine_compiled_source_anchored_static_audited
DUV3-GF0025-2021-3-007-01-02,DiagnosticUnit,DPV3-GF0025-2021-3-007-01-02,DiagnosticProfile,RBV3-GF0025-2021-3-007-01-02,GF0025-2021-3-007,【三07】,3,7,词类,代词,疑问代词,2,01.02,疑问代词……疑问代词……,疑问代词的非疑问用法 / 任指用法,nested_numbered_usage,②,DTV3-TAX-5EB36B35C713,taxonomy_instantiated,,0,structural_pattern,(?:疑问代词),(?:疑问代词),search,source_literal_retrieval_trigger,,"[""lexical_form"",""local_context"",""grammatical_function""]","[""候选包含与权威条目 【三07】 对齐的可定位触发线索。"",""候选满足模板槽位：lexical_form、local_context、grammatical_function。"",""候选按 structural_pattern 模式实现 词类 / 代词 / 疑问代词 所规定的语法功能。""]","[""触发线索存在，但候选边界未覆盖完整构式。"",""局部槽位可定位，但至少一个必需槽位仅得到弱支持。""]","[""触发线索只出现在标题、编号、术语或元语言说明中。"",""必需槽位缺失，且上下文不能恢复目标结构或目标功能。""]","[""相同表层形式可能实现 代词 中的非目标功能。"",""相邻构式共享触发形式，但槽位关系或语法功能不同。""]","[""目标用例"",""边界问题"",""表层触发但非目标"",""结构缺槽"",""语义不兼容"",""其他具体构式"",""不确定/需复核""]","[""target_status"",""candidate_boundary"",""slot_status"",""structural_functional_status"",""licensed_evidence"",""runtime_evidence"",""rule_source_trace""]",,not_available_source_literal_runtime,REF-GF0025-2021,198,GF0025-2021 PDF p.198,ocr_detected,verified_inventory,false,[],machine_compiled,source_anchored,not_claimed,static_audit_passed,machine_compiled_source_anchored_static_audited
DUV3-GF0025-2021-3-007-02,DiagnosticUnit,DPV3-GF0025-2021-3-007-02,DiagnosticProfile,RBV3-GF0025-2021-3-007-02,GF0025-2021-3-007,【三07】,3,7,词类,代词,疑问代词,3,02,不定指用法,疑问代词的非疑问用法,numbered_usage,（2）,DTV3-TAX-5EB36B35C713,taxonomy_instantiated,,0,structural_pattern,(?:不定指用法|不定指),(?:不定指用法|不定指),search,source_literal_retrieval_trigger,,"[""lexical_form"",""local_context"",""grammatical_function""]","[""候选包含与权威条目 【三07】 对齐的可定位触发线索。"",""候选满足模板槽位：lexical_form、local_context、grammatical_function。"",""候选按 structural_pattern 模式实现 词类 / 代词 / 疑问代词 所规定的语法功能。""]","[""触发线索存在，但候选边界未覆盖完整构式。"",""局部槽位可定位，但至少一个必需槽位仅得到弱支持。""]","[""触发线索只出现在标题、编号、术语或元语言说明中。"",""必需槽位缺失，且上下文不能恢复目标结构或目标功能。""]","[""相同表层形式可能实现 代词 中的非目标功能。"",""相邻构式共享触发形式，但槽位关系或语法功能不同。""]","[""目标用例"",""边界问题"",""表层触发但非目标"",""结构缺槽"",""语义不兼容"",""其他具体构式"",""不确定/需复核""]","[""target_status"",""candidate_boundary"",""slot_status"",""structural_functional_status"",""licensed_evidence"",""runtime_evidence"",""rule_source_trace""]",,not_available_source_literal_runtime,REF-GF0025-2021,198,GF0025-2021 PDF p.198,ocr_detected,verified_inventory,false,[],machine_compiled,source_anchored,not_claimed,static_audit_passed,machine_compiled_source_anchored_static_audited
DUV3-GF0025-2021-3-008-01,DiagnosticUnit,DPV3-GF0025-2021-3-008-01,DiagnosticProfile,RBV3-GF0025-2021-3-008-01,GF0025-2021-3-008,【三08】,3,8,词类,代词,指示代词,1,01,各、各位、各种、每、任何,,unsplit_official_entry,,DTV3-TAX-7EBA4C50F19A,taxonomy_instantiated,,0,structural_pattern,(?:任何|各位|各种|各|每),^(各|各位|各种|每|任何)$,fullmatch,normalized_legacy_regex,,"[""lexical_form"",""local_context"",""grammatical_function""]","[""候选包含与权威条目 【三08】 对齐的可定位触发线索。"",""候选满足模板槽位：lexical_form、local_context、grammatical_function。"",""候选按 structural_pattern 模式实现 词类 / 代词 / 指示代词 所规定的语法功能。""]","[""触发线索存在，但候选边界未覆盖完整构式。"",""局部槽位可定位，但至少一个必需槽位仅得到弱支持。""]","[""触发线索只出现在标题、编号、术语或元语言说明中。"",""必需槽位缺失，且上下文不能恢复目标结构或目标功能。""]","[""相同表层形式可能实现 代词 中的非目标功能。"",""相邻构式共享触发形式，但槽位关系或语法功能不同。""]","[""目标用例"",""边界问题"",""表层触发但非目标"",""结构缺槽"",""语义不兼容"",""其他具体构式"",""不确定/需复核""]","[""target_status"",""candidate_boundary"",""slot_status"",""structural_functional_status"",""licensed_evidence"",""runtime_evidence"",""rule_source_trace""]",^(各|各位|各种|每|任何)$,normalized_compiles,REF-GF0025-2021,199,GF0025-2021 PDF p.199,ocr_detected,verified_inventory,false,[],machine_compiled,source_anchored,not_claimed,static_audit_passed,machine_compiled_source_anchored_static_audited
DUV3-GF0025-2021-3-009-01,DiagnosticUnit,DPV3-GF0025-2021-3-009-01,DiagnosticProfile,RBV3-GF0025-2021-3-009-01,GF0025-2021-3-009,【三09】,3,9,词类,量词,名量词,1,01,把、行、架、群、束、双、台、张、支、只、种,,unsplit_official_entry,,DTV3-TAX-AA3655E9E3EB,taxonomy_instantiated,,0,structural_pattern,(?:双|只|台|张|把|支|束|架|种|群|行),^(把|行|架|群|束|双|台|张|支|只|种)$,fullmatch,normalized_legacy_regex,,"[""lexical_form"",""local_context"",""grammatical_function""]","[""候选包含与权威条目 【三09】 对齐的可定位触发线索。"",""候选满足模板槽位：lexical_form、local_context、grammatical_function。"",""候选按 structural_pattern 模式实现 词类 / 量词 / 名量词 所规定的语法功能。""]","[""触发线索存在，但候选边界未覆盖完整构式。"",""局部槽位可定位，但至少一个必需槽位仅得到弱支持。""]","[""触发线索只出现在标题、编号、术语或元语言说明中。"",""必需槽位缺失，且上下文不能恢复目标结构或目标功能。""]","[""相同表层形式可能实现 量词 中的非目标功能。"",""相邻构式共享触发形式，但槽位关系或语法功能不同。""]","[""目标用例"",""边界问题"",""表层触发但非目标"",""结构缺槽"",""语义不兼容"",""其他具体构式"",""不确定/需复核""]","[""target_status"",""candidate_boundary"",""slot_status"",""structural_functional_status"",""licensed_evidence"",""runtime_evidence"",""rule_source_trace""]",^(把|行|架|群|束|双|台|张|支|只|种)$,normalized_compiles,REF-GF0025-2021,199,GF0025-2021 PDF p.199,ocr_detected,verified_inventory,false,[],machine_compiled,source_anchored,not_claimed,static_audit_passed,machine_compiled_source_anchored_static_audited
DUV3-GF0025-2021-3-010-01,DiagnosticUnit,DPV3-GF0025-2021-3-010-01,DiagnosticProfile,RBV3-GF0025-2021-3-010-01,GF0025-2021-3-010,【三10】,3,10,词类,量词,动量词,1,01,顿、口、眼,,unsplit_official_entry,,DTV3-TAX-288EDD3E2F08,taxonomy_instantiated,,0,structural_pattern,(?:口|眼|顿),^(顿|口|眼)$,fullmatch,normalized_legacy_regex,,"[""lexical_form"",""local_context"",""grammatical_function""]","[""候选包含与权威条目 【三10】 对齐的可定位触发线索。"",""候选满足模板槽位：lexical_form、local_context、grammatical_function。"",""候选按 structural_pattern 模式实现 词类 / 量词 / 动量词 所规定的语法功能。""]","[""触发线索存在，但候选边界未覆盖完整构式。"",""局部槽位可定位，但至少一个必需槽位仅得到弱支持。""]","[""触发线索只出现在标题、编号、术语或元语言说明中。"",""必需槽位缺失，且上下文不能恢复目标结构或目标功能。""]","[""相同表层形式可能实现 量词 中的非目标功能。"",""相邻构式共享触发形式，但槽位关系或语法功能不同。""]","[""目标用例"",""边界问题"",""表层触发但非目标"",""结构缺槽"",""语义不兼容"",""其他具体构式"",""不确定/需复核""]","[""target_status"",""candidate_boundary"",""slot_status"",""structural_functional_status"",""licensed_evidence"",""runtime_evidence"",""rule_source_trace""]",^(顿|口|眼)$,normalized_compiles,REF-GF0025-2021,,GF0025-2021 PDF pp.176–259,appendix_span_verified,verified_inventory,false,[],machine_compiled,source_anchored,not_claimed,static_audit_passed,machine_compiled_source_anchored_static_audited
DUV3-GF0025-2021-3-011-01,DiagnosticUnit,DPV3-GF0025-2021-3-011-01,DiagnosticProfile,RBV3-GF0025-2021-3-011-01,GF0025-2021-3-011,【三11】,3,11,词类,量词,量词重叠,1,01,量词重叠：AA,,unsplit_official_entry,,DTV3-TAX-2767CFB77F6D,taxonomy_instantiated,,0,structural_pattern,(?:量词重叠),([个杯本包块])\1,search,normalized_legacy_regex,,"[""lexical_form"",""local_context"",""grammatical_function""]","[""候选包含与权威条目 【三11】 对齐的可定位触发线索。"",""候选满足模板槽位：lexical_form、local_context、grammatical_function。"",""候选按 structural_pattern 模式实现 词类 / 量词 / 量词重叠 所规定的语法功能。""]","[""触发线索存在，但候选边界未覆盖完整构式。"",""局部槽位可定位，但至少一个必需槽位仅得到弱支持。""]","[""触发线索只出现在标题、编号、术语或元语言说明中。"",""必需槽位缺失，且上下文不能恢复目标结构或目标功能。""]","[""相同表层形式可能实现 量词 中的非目标功能。"",""相邻构式共享触发形式，但槽位关系或语法功能不同。""]","[""目标用例"",""边界问题"",""表层触发但非目标"",""结构缺槽"",""语义不兼容"",""其他具体构式"",""不确定/需复核""]","[""target_status"",""candidate_boundary"",""slot_status"",""structural_functional_status"",""licensed_evidence"",""runtime_evidence"",""rule_source_trace""]",([个杯本包块])\1,normalized_compiles,REF-GF0025-2021,,GF0025-2021 PDF pp.176–259,appendix_span_verified,verified_inventory,false,[],machine_compiled,source_anchored,not_claimed,static_audit_passed,machine_compiled_source_anchored_static_audited
DUV3-GF0025-2021-3-012-01,DiagnosticUnit,DPV3-GF0025-2021-3-012-01,DiagnosticProfile,RBV3-GF0025-2021-3-012-01,GF0025-2021-3-012,【三12】,3,12,词类,副词,程度副词,1,01,比较、更加、还3、相当,,unsplit_official_entry,,DTV3-TAX-9FAD0B023CAE,taxonomy_instantiated,,0,structural_pattern,(?:更加|比较|相当|还),^(比较|更加|还|相当)$,fullmatch,normalized_legacy_regex,,"[""lexical_form"",""local_context"",""grammatical_function""]","[""候选包含与权威条目 【三12】 对齐的可定位触发线索。"",""候选满足模板槽位：lexical_form、local_context、grammatical_function。"",""候选按 structural_pattern 模式实现 词类 / 副词 / 程度副词 所规定的语法功能。""]","[""触发线索存在，但候选边界未覆盖完整构式。"",""局部槽位可定位，但至少一个必需槽位仅得到弱支持。""]","[""触发线索只出现在标题、编号、术语或元语言说明中。"",""必需槽位缺失，且上下文不能恢复目标结构或目标功能。""]","[""相同表层形式可能实现 副词 中的非目标功能。"",""相邻构式共享触发形式，但槽位关系或语法功能不同。""]","[""目标用例"",""边界问题"",""表层触发但非目标"",""结构缺槽"",""语义不兼容"",""其他具体构式"",""不确定/需复核""]","[""target_status"",""candidate_boundary"",""slot_status"",""structural_functional_status"",""licensed_evidence"",""runtime_evidence"",""rule_source_trace""]",^(比较|更加|还|相当)$,normalized_compiles,REF-GF0025-2021,,GF0025-2021 PDF pp.176–259,appendix_span_verified,verified_inventory,false,[],machine_compiled,source_anchored,not_claimed,static_audit_passed,machine_compiled_source_anchored_static_audited
DUV3-GF0025-2021-3-013-01,DiagnosticUnit,DPV3-GF0025-2021-3-013-01,DiagnosticProfile,RBV3-GF0025-2021-3-013-01,GF0025-2021-3-013,【三13】,3,13,词类,副词,范围、协同副词,1,01,光、仅、仅仅、就3、至少,,unsplit_official_entry,,DTV3-TAX-1C7E1B7DB8E2,taxonomy_instantiated,,0,structural_pattern,(?:仅仅|至少|仅|光|就),^(光|仅|仅仅|就|至少)$,fullmatch,normalized_legacy_regex,,"[""lexical_form"",""local_context"",""grammatical_function""]","[""候选包含与权威条目 【三13】 对齐的可定位触发线索。"",""候选满足模板槽位：lexical_form、local_context、grammatical_function。"",""候选按 structural_pattern 模式实现 词类 / 副词 / 范围、协同副词 所规定的语法功能。""]","[""触发线索存在，但候选边界未覆盖完整构式。"",""局部槽位可定位，但至少一个必需槽位仅得到弱支持。""]","[""触发线索只出现在标题、编号、术语或元语言说明中。"",""必需槽位缺失，且上下文不能恢复目标结构或目标功能。""]","[""相同表层形式可能实现 副词 中的非目标功能。"",""相邻构式共享触发形式，但槽位关系或语法功能不同。""]","[""目标用例"",""边界问题"",""表层触发但非目标"",""结构缺槽"",""语义不兼容"",""其他具体构式"",""不确定/需复核""]","[""target_status"",""candidate_boundary"",""slot_status"",""structural_functional_status"",""licensed_evidence"",""runtime_evidence"",""rule_source_trace""]",^(光|仅|仅仅|就|至少)$,normalized_compiles,REF-GF0025-2021,,GF0025-2021 PDF pp.176–259,appendix_span_verified,verified_inventory,false,[],machine_compiled,source_anchored,not_claimed,static_audit_passed,machine_compiled_source_anchored_static_audited
DUV3-GF0025-2021-3-014-01,DiagnosticUnit,DPV3-GF0025-2021-3-014-01,DiagnosticProfile,RBV3-GF0025-2021-3-014-01,GF0025-2021-3-014,【三14】,3,14,词类,副词,时间副词,1,01,本来、才2、曾经、从来、赶紧、赶快、立刻、连忙、始终、已、早已,,unsplit_official_entry,,DTV3-TAX-A8DEA45A511A,taxonomy_instantiated,,0,complex_functional,(?:从来|始终|早已|曾经|本来|立刻|赶快|赶紧|连忙|已|才),^(本来|才|曾经|从来|赶紧|赶快|立刻|连忙|始终|已|早已)$,fullmatch,normalized_legacy_regex,,"[""lexical_form"",""local_context"",""grammatical_function""]","[""候选包含与权威条目 【三14】 对齐的可定位触发线索。"",""候选满足模板槽位：lexical_form、local_context、grammatical_function。"",""候选按 complex_functional 模式实现 词类 / 副词 / 时间副词 所规定的语法功能。""]","[""触发线索存在，但候选边界未覆盖完整构式。"",""局部槽位可定位，但至少一个必需槽位仅得到弱支持。""]","[""触发线索只出现在标题、编号、术语或元语言说明中。"",""必需槽位缺失，且上下文不能恢复目标结构或目标功能。""]","[""相同表层形式可能实现 副词 中的非目标功能。"",""相邻构式共享触发形式，但槽位关系或语法功能不同。""]","[""目标用例"",""边界问题"",""表层触发但非目标"",""结构缺槽"",""语义不兼容"",""其他具体构式"",""不确定/需复核""]","[""target_status"",""candidate_boundary"",""slot_status"",""structural_functional_status"",""licensed_evidence"",""runtime_evidence"",""rule_source_trace""]",^(本来|才|曾经|从来|赶紧|赶快|立刻|连忙|始终|已|早已)$,normalized_compiles,REF-GF0025-2021,,GF0025-2021 PDF pp.176–259,appendix_span_verified,verified_inventory,false,[],machine_compiled,source_anchored,not_claimed,static_audit_passed,machine_compiled_source_anchored_static_audited
DUV3-GF0025-2021-3-015-01,DiagnosticUnit,DPV3-GF0025-2021-3-015-01,DiagnosticProfile,RBV3-GF0025-2021-3-015-01,GF0025-2021-3-015,【三15】,3,15,词类,副词,频率、重复副词,1,01,通常、往往、总、总是,,unsplit_official_entry,,DTV3-TAX-C90409728D84,taxonomy_instantiated,,0,structural_pattern,(?:往往|总是|通常|总),^(通常|往往|总|总是)$,fullmatch,normalized_legacy_regex,,"[""lexical_form"",""local_context"",""grammatical_function""]","[""候选包含与权威条目 【三15】 对齐的可定位触发线索。"",""候选满足模板槽位：lexical_form、local_context、grammatical_function。"",""候选按 structural_pattern 模式实现 词类 / 副词 / 频率、重复副词 所规定的语法功能。""]","[""触发线索存在，但候选边界未覆盖完整构式。"",""局部槽位可定位，但至少一个必需槽位仅得到弱支持。""]","[""触发线索只出现在标题、编号、术语或元语言说明中。"",""必需槽位缺失，且上下文不能恢复目标结构或目标功能。""]","[""相同表层形式可能实现 副词 中的非目标功能。"",""相邻构式共享触发形式，但槽位关系或语法功能不同。""]","[""目标用例"",""边界问题"",""表层触发但非目标"",""结构缺槽"",""语义不兼容"",""其他具体构式"",""不确定/需复核""]","[""target_status"",""candidate_boundary"",""slot_status"",""structural_functional_status"",""licensed_evidence"",""runtime_evidence"",""rule_source_trace""]",^(通常|往往|总|总是)$,normalized_compiles,REF-GF0025-2021,,GF0025-2021 PDF pp.176–259,appendix_span_verified,verified_inventory,false,[],machine_compiled,source_anchored,not_claimed,static_audit_passed,machine_compiled_source_anchored_static_audited
DUV3-GF0025-2021-3-016-01,DiagnosticUnit,DPV3-GF0025-2021-3-016-01,DiagnosticProfile,RBV3-GF0025-2021-3-016-01,GF0025-2021-3-016,【三16】,3,16,词类,副词,关联副词,1,01,再2,,unsplit_official_entry,,DTV3-TAX-CC7D17721DA3,taxonomy_instantiated,,0,structural_pattern,(?:再2|再),^再$,fullmatch,normalized_legacy_regex,,"[""lexical_form"",""local_context"",""grammatical_function""]","[""候选包含与权威条目 【三16】 对齐的可定位触发线索。"",""候选满足模板槽位：lexical_form、local_context、grammatical_function。"",""候选按 structural_pattern 模式实现 词类 / 副词 / 关联副词 所规定的语法功能。""]","[""触发线索存在，但候选边界未覆盖完整构式。"",""局部槽位可定位，但至少一个必需槽位仅得到弱支持。""]","[""触发线索只出现在标题、编号、术语或元语言说明中。"",""必需槽位缺失，且上下文不能恢复目标结构或目标功能。""]","[""相同表层形式可能实现 副词 中的非目标功能。"",""相邻构式共享触发形式，但槽位关系或语法功能不同。""]","[""目标用例"",""边界问题"",""表层触发但非目标"",""结构缺槽"",""语义不兼容"",""其他具体构式"",""不确定/需复核""]","[""target_status"",""candidate_boundary"",""slot_status"",""structural_functional_status"",""licensed_evidence"",""runtime_evidence"",""rule_source_trace""]",^再$,normalized_compiles,REF-GF0025-2021,200,GF0025-2021 PDF p.200,ocr_detected,verified_inventory,false,[],machine_compiled,source_anchored,not_claimed,static_audit_passed,machine_compiled_source_anchored_static_audited
DUV3-GF0025-2021-3-017-01,DiagnosticUnit,DPV3-GF0025-2021-3-017-01,DiagnosticProfile,RBV3-GF0025-2021-3-017-01,GF0025-2021-3-017,【三17】,3,17,词类,副词,方式副词,1,01,互相、尽量、亲自、相互,,unsplit_official_entry,,DTV3-TAX-2594E13CFB04,taxonomy_instantiated,,0,structural_pattern,(?:互相|亲自|尽量|相互),^(互相|尽量|亲自|相互)$,fullmatch,normalized_legacy_regex,,"[""lexical_form"",""local_context"",""grammatical_function""]","[""候选包含与权威条目 【三17】 对齐的可定位触发线索。"",""候选满足模板槽位：lexical_form、local_context、grammatical_function。"",""候选按 structural_pattern 模式实现 词类 / 副词 / 方式副词 所规定的语法功能。""]","[""触发线索存在，但候选边界未覆盖完整构式。"",""局部槽位可定位，但至少一个必需槽位仅得到弱支持。""]","[""触发线索只出现在标题、编号、术语或元语言说明中。"",""必需槽位缺失，且上下文不能恢复目标结构或目标功能。""]","[""相同表层形式可能实现 副词 中的非目标功能。"",""相邻构式共享触发形式，但槽位关系或语法功能不同。""]","[""目标用例"",""边界问题"",""表层触发但非目标"",""结构缺槽"",""语义不兼容"",""其他具体构式"",""不确定/需复核""]","[""target_status"",""candidate_boundary"",""slot_status"",""structural_functional_status"",""licensed_evidence"",""runtime_evidence"",""rule_source_trace""]",^(互相|尽量|亲自|相互)$,normalized_compiles,REF-GF0025-2021,,GF0025-2021 PDF pp.176–259,appendix_span_verified,verified_inventory,false,[],machine_compiled,source_anchored,not_claimed,static_audit_passed,machine_compiled_source_anchored_static_audited
DUV3-GF0025-2021-3-018-01,DiagnosticUnit,DPV3-GF0025-2021-3-018-01,DiagnosticProfile,RBV3-GF0025-2021-3-018-01,GF0025-2021-3-018,【三18】,3,18,词类,副词,情态副词,1,01,大概、恐怕,,unsplit_official_entry,,DTV3-TAX-9BBE19E6E943,taxonomy_instantiated,,0,structural_pattern,(?:大概|恐怕),^(大概|恐怕)$,fullmatch,normalized_legacy_regex,,"[""lexical_form"",""local_context"",""grammatical_function""]","[""候选包含与权威条目 【三18】 对齐的可定位触发线索。"",""候选满足模板槽位：lexical_form、local_context、grammatical_function。"",""候选按 structural_pattern 模式实现 词类 / 副词 / 情态副词 所规定的语法功能。""]","[""触发线索存在，但候选边界未覆盖完整构式。"",""局部槽位可定位，但至少一个必需槽位仅得到弱支持。""]","[""触发线索只出现在标题、编号、术语或元语言说明中。"",""必需槽位缺失，且上下文不能恢复目标结构或目标功能。""]","[""相同表层形式可能实现 副词 中的非目标功能。"",""相邻构式共享触发形式，但槽位关系或语法功能不同。""]","[""目标用例"",""边界问题"",""表层触发但非目标"",""结构缺槽"",""语义不兼容"",""其他具体构式"",""不确定/需复核""]","[""target_status"",""candidate_boundary"",""slot_status"",""structural_functional_status"",""licensed_evidence"",""runtime_evidence"",""rule_source_trace""]",^(大概|恐怕)$,normalized_compiles,REF-GF0025-2021,,GF0025-2021 PDF pp.176–259,appendix_span_verified,verified_inventory,false,[],machine_compiled,source_anchored,not_claimed,static_audit_passed,machine_compiled_source_anchored_static_audited
DUV3-GF0025-2021-3-019-01,DiagnosticUnit,DPV3-GF0025-2021-3-019-01,DiagnosticProfile,RBV3-GF0025-2021-3-019-01,GF0025-2021-3-019,【三19】,3,19,词类,副词,语气副词,1,01,白、并1、当然、到底、反正、根本、果然、简直、绝对、难道、其实、千万、确实、只好、终于,,unsplit_official_entry,,DTV3-TAX-F383E272F5D1,taxonomy_instantiated,,0,structural_pattern,(?:其实|到底|千万|反正|只好|当然|果然|根本|确实|简直|终于|绝对|难道|并|白),^(白|并|当然|到底|反正|根本|果然|简直|绝对|难道|其实|千万|确实|只好|终于)$,fullmatch,normalized_legacy_regex,,"[""lexical_form"",""local_context"",""grammatical_function""]","[""候选包含与权威条目 【三19】 对齐的可定位触发线索。"",""候选满足模板槽位：lexical_form、local_context、grammatical_function。"",""候选按 structural_pattern 模式实现 词类 / 副词 / 语气副词 所规定的语法功能。""]","[""触发线索存在，但候选边界未覆盖完整构式。"",""局部槽位可定位，但至少一个必需槽位仅得到弱支持。""]","[""触发线索只出现在标题、编号、术语或元语言说明中。"",""必需槽位缺失，且上下文不能恢复目标结构或目标功能。""]","[""相同表层形式可能实现 副词 中的非目标功能。"",""相邻构式共享触发形式，但槽位关系或语法功能不同。""]","[""目标用例"",""边界问题"",""表层触发但非目标"",""结构缺槽"",""语义不兼容"",""其他具体构式"",""不确定/需复核""]","[""target_status"",""candidate_boundary"",""slot_status"",""structural_functional_status"",""licensed_evidence"",""runtime_evidence"",""rule_source_trace""]",^(白|并|当然|到底|反正|根本|果然|简直|绝对|难道|其实|千万|确实|只好|终于)$,normalized_compiles,REF-GF0025-2021,201,GF0025-2021 PDF p.201,ocr_detected,verified_inventory,false,[],machine_compiled,source_anchored,not_claimed,static_audit_passed,machine_compiled_source_anchored_static_audited
DUV3-GF0025-2021-3-020-01,DiagnosticUnit,DPV3-GF0025-2021-3-020-01,DiagnosticProfile,RBV3-GF0025-2021-3-020-01,GF0025-2021-3-020,【三20】,3,20,词类,介词,引出时间、处所,1,01,由1,,unsplit_official_entry,,DTV3-TAX-679FE98BA210,taxonomy_instantiated,,0,complex_functional,(?:由1|由),^由$,fullmatch,normalized_legacy_regex,,"[""lexical_form"",""local_context"",""grammatical_function""]","[""候选包含与权威条目 【三20】 对齐的可定位触发线索。"",""候选满足模板槽位：lexical_form、local_context、grammatical_function。"",""候选按 complex_functional 模式实现 词类 / 介词 / 引出时间、处所 所规定的语法功能。""]","[""触发线索存在，但候选边界未覆盖完整构式。"",""局部槽位可定位，但至少一个必需槽位仅得到弱支持。""]","[""触发线索只出现在标题、编号、术语或元语言说明中。"",""必需槽位缺失，且上下文不能恢复目标结构或目标功能。""]","[""相同表层形式可能实现 介词 中的非目标功能。"",""相邻构式共享触发形式，但槽位关系或语法功能不同。""]","[""目标用例"",""边界问题"",""表层触发但非目标"",""结构缺槽"",""语义不兼容"",""其他具体构式"",""不确定/需复核""]","[""target_status"",""candidate_boundary"",""slot_status"",""structural_functional_status"",""licensed_evidence"",""runtime_evidence"",""rule_source_trace""]",^由$,normalized_compiles,REF-GF0025-2021,201,GF0025-2021 PDF p.201,ocr_detected,verified_inventory,false,[],machine_compiled,source_anchored,not_claimed,static_audit_passed,machine_compiled_source_anchored_static_audited
DUV3-GF0025-2021-3-021-01,DiagnosticUnit,DPV3-GF0025-2021-3-021-01,DiagnosticProfile,RBV3-GF0025-2021-3-021-01,GF0025-2021-3-021,【三21】,3,21,词类,介词,引出时间、处所,1,01,自从,,unsplit_official_entry,,DTV3-TAX-679FE98BA210,taxonomy_instantiated,,0,complex_functional,(?:自从),^自从$,fullmatch,normalized_legacy_regex,,"[""lexical_form"",""local_context"",""grammatical_function""]","[""候选包含与权威条目 【三21】 对齐的可定位触发线索。"",""候选满足模板槽位：lexical_form、local_context、grammatical_function。"",""候选按 complex_functional 模式实现 词类 / 介词 / 引出时间、处所 所规定的语法功能。""]","[""触发线索存在，但候选边界未覆盖完整构式。"",""局部槽位可定位，但至少一个必需槽位仅得到弱支持。""]","[""触发线索只出现在标题、编号、术语或元语言说明中。"",""必需槽位缺失，且上下文不能恢复目标结构或目标功能。""]","[""相同表层形式可能实现 介词 中的非目标功能。"",""相邻构式共享触发形式，但槽位关系或语法功能不同。""]","[""目标用例"",""边界问题"",""表层触发但非目标"",""结构缺槽"",""语义不兼容"",""其他具体构式"",""不确定/需复核""]","[""target_status"",""candidate_boundary"",""slot_status"",""structural_functional_status"",""licensed_evidence"",""runtime_evidence"",""rule_source_trace""]",^自从$,normalized_compiles,REF-GF0025-2021,201,GF0025-2021 PDF p.201,ocr_detected,verified_inventory,false,[],machine_compiled,source_anchored,not_claimed,static_audit_passed,machine_compiled_source_anchored_static_audited
DUV3-GF0025-2021-3-022-01,DiagnosticUnit,DPV3-GF0025-2021-3-022-01,DiagnosticProfile,RBV3-GF0025-2021-3-022-01,GF0025-2021-3-022,【三22】,3,22,词类,介词,引出方向、路径,1,01,朝,,unsplit_official_entry,,DTV3-SEED-56D7ECE93635,seed_reused,向/往/朝介词框架候选,110,structural_pattern,(?:朝),^朝$,fullmatch,normalized_legacy_regex,,"[""frame_marker"",""frame_object"",""governing_predicate"",""relation_type""]","[""候选片段包含或可解释出“向/往/朝介词框架”相关标记/结构线索。"",""候选片段满足所属语法家族的核心槽位要求：介词/框架标记、框架对象、谓词/中心事件、关系类型。"",""候选片段在原句中承担该语法点的实际语法功能，而非仅有表层词形。""]","[""结构大体可定位但边界过短或过长。"",""标记存在但核心槽位需要结合上下文复核。""]","[""候选片段只是术语、标题、编号、残片或 OCR 混杂内容。"",""只有表层标记，无法构成所属语法家族的核心结构。""]","[""只有表层标记""]","[""目标用例"",""边界问题"",""表层触发但非目标"",""结构缺槽"",""语义不兼容"",""其他具体构式"",""不确定/需复核""]","[""target_status"",""candidate_boundary"",""slot_status"",""structural_functional_status"",""licensed_evidence"",""runtime_evidence"",""rule_source_trace""]",^朝$,normalized_compiles,REF-GF0025-2021,201,GF0025-2021 PDF p.201,ocr_detected,verified_inventory,false,[],machine_compiled,source_anchored,not_claimed,static_audit_passed,machine_compiled_source_anchored_static_audited
DUV3-GF0025-2021-3-023-01,DiagnosticUnit,DPV3-GF0025-2021-3-023-01,DiagnosticProfile,RBV3-GF0025-2021-3-023-01,GF0025-2021-3-023,【三23】,3,23,词类,介词,引出对象,1,01,为2,,unsplit_official_entry,,DTV3-SEED-00A60C862C23,seed_reused,给/为/关于等介词框架候选,110,structural_pattern,(?:为2|为),^为$,fullmatch,normalized_legacy_regex,,"[""frame_marker"",""frame_object"",""governing_predicate"",""relation_type""]","[""候选片段包含或可解释出“给/为/关于等介词框架”相关标记/结构线索。"",""候选片段满足所属语法家族的核心槽位要求：介词/框架标记、框架对象、谓词/中心事件、关系类型。"",""候选片段在原句中承担该语法点的实际语法功能，而非仅有表层词形。""]","[""结构大体可定位但边界过短或过长。"",""标记存在但核心槽位需要结合上下文复核。""]","[""候选片段只是术语、标题、编号、残片或 OCR 混杂内容。"",""只有表层标记，无法构成所属语法家族的核心结构。""]","[""只有表层标记""]","[""目标用例"",""边界问题"",""表层触发但非目标"",""结构缺槽"",""语义不兼容"",""其他具体构式"",""不确定/需复核""]","[""target_status"",""candidate_boundary"",""slot_status"",""structural_functional_status"",""licensed_evidence"",""runtime_evidence"",""rule_source_trace""]",^为$,normalized_compiles,REF-GF0025-2021,201,GF0025-2021 PDF p.201,ocr_detected,verified_inventory,false,[],machine_compiled,source_anchored,not_claimed,static_audit_passed,machine_compiled_source_anchored_static_audited
DUV3-GF0025-2021-3-024-01,DiagnosticUnit,DPV3-GF0025-2021-3-024-01,DiagnosticProfile,RBV3-GF0025-2021-3-024-01,GF0025-2021-3-024,【三24】,3,24,词类,介词,引出对象,1,01,向2,,unsplit_official_entry,,DTV3-SEED-156322E23372,seed_reused,向/往/朝介词框架候选,110,structural_pattern,(?:向2|向),^向$,fullmatch,normalized_legacy_regex,,"[""frame_marker"",""frame_object"",""governing_predicate"",""relation_type""]","[""候选片段包含或可解释出“向/往/朝介词框架”相关标记/结构线索。"",""候选片段满足所属语法家族的核心槽位要求：介词/框架标记、框架对象、谓词/中心事件、关系类型。"",""候选片段在原句中承担该语法点的实际语法功能，而非仅有表层词形。""]","[""结构大体可定位但边界过短或过长。"",""标记存在但核心槽位需要结合上下文复核。""]","[""候选片段只是术语、标题、编号、残片或 OCR 混杂内容。"",""只有表层标记，无法构成所属语法家族的核心结构。""]","[""只有表层标记""]","[""目标用例"",""边界问题"",""表层触发但非目标"",""结构缺槽"",""语义不兼容"",""其他具体构式"",""不确定/需复核""]","[""target_status"",""candidate_boundary"",""slot_status"",""structural_functional_status"",""licensed_evidence"",""runtime_evidence"",""rule_source_trace""]",^向$,normalized_compiles,REF-GF0025-2021,202,GF0025-2021 PDF p.202,ocr_detected,verified_inventory,false,[],machine_compiled,source_anchored,not_claimed,static_audit_passed,machine_compiled_source_anchored_static_audited
DUV3-GF0025-2021-3-025-01,DiagnosticUnit,DPV3-GF0025-2021-3-025-01,DiagnosticProfile,RBV3-GF0025-2021-3-025-01,GF0025-2021-3-025,【三25】,3,25,词类,介词,引出目的、原因,1,01,由于1、因为,,unsplit_official_entry,,DTV3-TAX-73EEA1885793,taxonomy_instantiated,,0,structural_pattern,(?:因为|由于),^(由于|因为)$,fullmatch,normalized_legacy_regex,,"[""lexical_form"",""local_context"",""grammatical_function""]","[""候选包含与权威条目 【三25】 对齐的可定位触发线索。"",""候选满足模板槽位：lexical_form、local_context、grammatical_function。"",""候选按 structural_pattern 模式实现 词类 / 介词 / 引出目的、原因 所规定的语法功能。""]","[""触发线索存在，但候选边界未覆盖完整构式。"",""局部槽位可定位，但至少一个必需槽位仅得到弱支持。""]","[""触发线索只出现在标题、编号、术语或元语言说明中。"",""必需槽位缺失，且上下文不能恢复目标结构或目标功能。""]","[""相同表层形式可能实现 介词 中的非目标功能。"",""相邻构式共享触发形式，但槽位关系或语法功能不同。""]","[""目标用例"",""边界问题"",""表层触发但非目标"",""结构缺槽"",""语义不兼容"",""其他具体构式"",""不确定/需复核""]","[""target_status"",""candidate_boundary"",""slot_status"",""structural_functional_status"",""licensed_evidence"",""runtime_evidence"",""rule_source_trace""]",^(由于|因为)$,normalized_compiles,REF-GF0025-2021,202,GF0025-2021 PDF p.202,ocr_detected,verified_inventory,false,[],machine_compiled,source_anchored,not_claimed,static_audit_passed,machine_compiled_source_anchored_static_audited
DUV3-GF0025-2021-3-026-01,DiagnosticUnit,DPV3-GF0025-2021-3-026-01,DiagnosticProfile,RBV3-GF0025-2021-3-026-01,GF0025-2021-3-026,【三26】,3,26,词类,介词,引出目的、原因,1,01,为了,,unsplit_official_entry,,DTV3-SEED-CFEFBF91186C,seed_reused,给/为/关于等介词框架候选,110,structural_pattern,(?:为了|为),^为了$,fullmatch,normalized_legacy_regex,,"[""frame_marker"",""frame_object"",""governing_predicate"",""relation_type""]","[""候选片段包含或可解释出“给/为/关于等介词框架”相关标记/结构线索。"",""候选片段满足所属语法家族的核心槽位要求：介词/框架标记、框架对象、谓词/中心事件、关系类型。"",""候选片段在原句中承担该语法点的实际语法功能，而非仅有表层词形。""]","[""结构大体可定位但边界过短或过长。"",""标记存在但核心槽位需要结合上下文复核。""]","[""候选片段只是术语、标题、编号、残片或 OCR 混杂内容。"",""只有表层标记，无法构成所属语法家族的核心结构。""]","[""只有表层标记""]","[""目标用例"",""边界问题"",""表层触发但非目标"",""结构缺槽"",""语义不兼容"",""其他具体构式"",""不确定/需复核""]","[""target_status"",""candidate_boundary"",""slot_status"",""structural_functional_status"",""licensed_evidence"",""runtime_evidence"",""rule_source_trace""]",^为了$,normalized_compiles,REF-GF0025-2021,202,GF0025-2021 PDF p.202,ocr_detected,verified_inventory,false,[],machine_compiled,source_anchored,not_claimed,static_audit_passed,machine_compiled_source_anchored_static_audited
DUV3-GF0025-2021-3-027-01,DiagnosticUnit,DPV3-GF0025-2021-3-027-01,DiagnosticProfile,RBV3-GF0025-2021-3-027-01,GF0025-2021-3-027,【三27】,3,27,词类,介词,引出施事、受事,1,01,把、被、叫、让,,unsplit_official_entry,,DTV3-TAX-531E45C67431,taxonomy_instantiated,,0,structural_pattern,(?:叫|把|被|让),^(把|被|叫|让)$,fullmatch,normalized_legacy_regex,,"[""lexical_form"",""local_context"",""grammatical_function""]","[""候选包含与权威条目 【三27】 对齐的可定位触发线索。"",""候选满足模板槽位：lexical_form、local_context、grammatical_function。"",""候选按 structural_pattern 模式实现 词类 / 介词 / 引出施事、受事 所规定的语法功能。""]","[""触发线索存在，但候选边界未覆盖完整构式。"",""局部槽位可定位，但至少一个必需槽位仅得到弱支持。""]","[""触发线索只出现在标题、编号、术语或元语言说明中。"",""必需槽位缺失，且上下文不能恢复目标结构或目标功能。""]","[""相同表层形式可能实现 介词 中的非目标功能。"",""相邻构式共享触发形式，但槽位关系或语法功能不同。""]","[""目标用例"",""边界问题"",""表层触发但非目标"",""结构缺槽"",""语义不兼容"",""其他具体构式"",""不确定/需复核""]","[""target_status"",""candidate_boundary"",""slot_status"",""structural_functional_status"",""licensed_evidence"",""runtime_evidence"",""rule_source_trace""]",^(把|被|叫|让)$,normalized_compiles,REF-GF0025-2021,202,GF0025-2021 PDF p.202,ocr_detected,verified_inventory,false,[],machine_compiled,source_anchored,not_claimed,static_audit_passed,machine_compiled_source_anchored_static_audited
DUV3-GF0025-2021-3-028-01,DiagnosticUnit,DPV3-GF0025-2021-3-028-01,DiagnosticProfile,RBV3-GF0025-2021-3-028-01,GF0025-2021-3-028,【三28】,3,28,词类,介词,表示排除,1,01,除了,,unsplit_official_entry,,DTV3-TAX-FB9BA6E1BF34,taxonomy_instantiated,,0,complex_functional,(?:除了),^除了$,fullmatch,normalized_legacy_regex,,"[""lexical_form"",""local_context"",""grammatical_function""]","[""候选包含与权威条目 【三28】 对齐的可定位触发线索。"",""候选满足模板槽位：lexical_form、local_context、grammatical_function。"",""候选按 complex_functional 模式实现 词类 / 介词 / 表示排除 所规定的语法功能。""]","[""触发线索存在，但候选边界未覆盖完整构式。"",""局部槽位可定位，但至少一个必需槽位仅得到弱支持。""]","[""触发线索只出现在标题、编号、术语或元语言说明中。"",""必需槽位缺失，且上下文不能恢复目标结构或目标功能。""]","[""相同表层形式可能实现 介词 中的非目标功能。"",""相邻构式共享触发形式，但槽位关系或语法功能不同。""]","[""目标用例"",""边界问题"",""表层触发但非目标"",""结构缺槽"",""语义不兼容"",""其他具体构式"",""不确定/需复核""]","[""target_status"",""candidate_boundary"",""slot_status"",""structural_functional_status"",""licensed_evidence"",""runtime_evidence"",""rule_source_trace""]",^除了$,normalized_compiles,REF-GF0025-2021,202,GF0025-2021 PDF p.202,ocr_detected,verified_inventory,false,[],machine_compiled,source_anchored,not_claimed,static_audit_passed,machine_compiled_source_anchored_static_audited
DUV3-GF0025-2021-3-029-01,DiagnosticUnit,DPV3-GF0025-2021-3-029-01,DiagnosticProfile,RBV3-GF0025-2021-3-029-01,GF0025-2021-3-029,【三29】,3,29,词类,介词,引出凭借、依据,1,01,按、按照,,unsplit_official_entry,,DTV3-TAX-AF5CB707E947,taxonomy_instantiated,,0,structural_pattern,(?:按照|按),^(按|按照)$,fullmatch,normalized_legacy_regex,,"[""lexical_form"",""local_context"",""grammatical_function""]","[""候选包含与权威条目 【三29】 对齐的可定位触发线索。"",""候选满足模板槽位：lexical_form、local_context、grammatical_function。"",""候选按 structural_pattern 模式实现 词类 / 介词 / 引出凭借、依据 所规定的语法功能。""]","[""触发线索存在，但候选边界未覆盖完整构式。"",""局部槽位可定位，但至少一个必需槽位仅得到弱支持。""]","[""触发线索只出现在标题、编号、术语或元语言说明中。"",""必需槽位缺失，且上下文不能恢复目标结构或目标功能。""]","[""相同表层形式可能实现 介词 中的非目标功能。"",""相邻构式共享触发形式，但槽位关系或语法功能不同。""]","[""目标用例"",""边界问题"",""表层触发但非目标"",""结构缺槽"",""语义不兼容"",""其他具体构式"",""不确定/需复核""]","[""target_status"",""candidate_boundary"",""slot_status"",""structural_functional_status"",""licensed_evidence"",""runtime_evidence"",""rule_source_trace""]",^(按|按照)$,normalized_compiles,REF-GF0025-2021,202,GF0025-2021 PDF p.202,ocr_detected,verified_inventory,false,[],machine_compiled,source_anchored,not_claimed,static_audit_passed,machine_compiled_source_anchored_static_audited
DUV3-GF0025-2021-3-030-01,DiagnosticUnit,DPV3-GF0025-2021-3-030-01,DiagnosticProfile,RBV3-GF0025-2021-3-030-01,GF0025-2021-3-030,【三30】,3,30,词类,连词,连接分句或句子,1,01,并且、不光、不仅、另外、要是、因此、由于2、只有,,unsplit_official_entry,,DTV3-TAX-5226A4B955B9,taxonomy_instantiated,,0,structural_pattern,(?:不仅|不光|另外|只有|因此|并且|由于|要是),^(并且|不光|不仅|另外|要是|因此|由于|只有)$,fullmatch,normalized_legacy_regex,,"[""lexical_form"",""local_context"",""grammatical_function""]","[""候选包含与权威条目 【三30】 对齐的可定位触发线索。"",""候选满足模板槽位：lexical_form、local_context、grammatical_function。"",""候选按 structural_pattern 模式实现 词类 / 连词 / 连接分句或句子 所规定的语法功能。""]","[""触发线索存在，但候选边界未覆盖完整构式。"",""局部槽位可定位，但至少一个必需槽位仅得到弱支持。""]","[""触发线索只出现在标题、编号、术语或元语言说明中。"",""必需槽位缺失，且上下文不能恢复目标结构或目标功能。""]","[""相同表层形式可能实现 连词 中的非目标功能。"",""相邻构式共享触发形式，但槽位关系或语法功能不同。""]","[""目标用例"",""边界问题"",""表层触发但非目标"",""结构缺槽"",""语义不兼容"",""其他具体构式"",""不确定/需复核""]","[""target_status"",""candidate_boundary"",""slot_status"",""structural_functional_status"",""licensed_evidence"",""runtime_evidence"",""rule_source_trace""]",^(并且|不光|不仅|另外|要是|因此|由于|只有)$,normalized_compiles,REF-GF0025-2021,202,GF0025-2021 PDF p.202,ocr_detected,verified_inventory,false,[],machine_compiled,source_anchored,not_claimed,static_audit_passed,machine_compiled_source_anchored_static_audited
DUV3-GF0025-2021-3-031-01,DiagnosticUnit,DPV3-GF0025-2021-3-031-01,DiagnosticProfile,RBV3-GF0025-2021-3-031-01,GF0025-2021-3-031,【三31】,3,31,词类,拟声词,,1,01,哈哈,,unsplit_official_entry,,DTV3-TAX-E45313FFF62B,taxonomy_instantiated,,0,structural_pattern,(?:哈哈),^哈哈$,fullmatch,normalized_legacy_regex,,"[""lexical_form"",""local_context"",""grammatical_function""]","[""候选包含与权威条目 【三31】 对齐的可定位触发线索。"",""候选满足模板槽位：lexical_form、local_context、grammatical_function。"",""候选按 structural_pattern 模式实现 词类 / 拟声词 / 未列小项 所规定的语法功能。""]","[""触发线索存在，但候选边界未覆盖完整构式。"",""局部槽位可定位，但至少一个必需槽位仅得到弱支持。""]","[""触发线索只出现在标题、编号、术语或元语言说明中。"",""必需槽位缺失，且上下文不能恢复目标结构或目标功能。""]","[""相同表层形式可能实现 拟声词 中的非目标功能。"",""相邻构式共享触发形式，但槽位关系或语法功能不同。""]","[""目标用例"",""边界问题"",""表层触发但非目标"",""结构缺槽"",""语义不兼容"",""其他具体构式"",""不确定/需复核""]","[""target_status"",""candidate_boundary"",""slot_status"",""structural_functional_status"",""licensed_evidence"",""runtime_evidence"",""rule_source_trace""]",^哈哈$,normalized_compiles,REF-GF0025-2021,203,GF0025-2021 PDF p.203,ocr_detected,verified_inventory,false,[],machine_compiled,source_anchored,not_claimed,static_audit_passed,machine_compiled_source_anchored_static_audited
DUV3-GF0025-2021-3-032-01,DiagnosticUnit,DPV3-GF0025-2021-3-032-01,DiagnosticProfile,RBV3-GF0025-2021-3-032-01,GF0025-2021-3-032,【三32】,3,32,短语,结构类型,其他结构类型,1,01,介宾短语,其他结构类型2,numbered_usage,（1）,DTV3-TAX-AC9DFAD69E1A,taxonomy_instantiated,,0,structural_pattern,(?:介宾短语),(?:介宾短语),search,source_literal_retrieval_trigger,,"[""phrase_head"",""dependent_or_argument"",""phrase_boundary""]","[""候选包含与权威条目 【三32】 对齐的可定位触发线索。"",""候选满足模板槽位：phrase_head、dependent_or_argument、phrase_boundary。"",""候选按 structural_pattern 模式实现 短语 / 结构类型 / 其他结构类型 所规定的语法功能。""]","[""触发线索存在，但候选边界未覆盖完整构式。"",""局部槽位可定位，但至少一个必需槽位仅得到弱支持。""]","[""触发线索只出现在标题、编号、术语或元语言说明中。"",""必需槽位缺失，且上下文不能恢复目标结构或目标功能。""]","[""相同表层形式可能实现 结构类型 中的非目标功能。"",""相邻构式共享触发形式，但槽位关系或语法功能不同。""]","[""目标用例"",""边界问题"",""表层触发但非目标"",""结构缺槽"",""语义不兼容"",""其他具体构式"",""不确定/需复核""]","[""target_status"",""candidate_boundary"",""slot_status"",""structural_functional_status"",""licensed_evidence"",""runtime_evidence"",""rule_source_trace""]",,not_available_source_literal_runtime,REF-GF0025-2021,203,GF0025-2021 PDF p.203,ocr_detected,verified_inventory,false,[],machine_compiled,source_anchored,not_claimed,static_audit_passed,machine_compiled_source_anchored_static_audited
DUV3-GF0025-2021-3-032-02,DiagnosticUnit,DPV3-GF0025-2021-3-032-02,DiagnosticProfile,RBV3-GF0025-2021-3-032-02,GF0025-2021-3-032,【三32】,3,32,短语,结构类型,其他结构类型,2,02,方位短语,其他结构类型2,numbered_usage,（2）,DTV3-TAX-4A86CD596A15,taxonomy_instantiated,,0,complex_functional,(?:方位短语),(?:方位短语),search,source_literal_retrieval_trigger,,"[""phrase_head"",""dependent_or_argument"",""phrase_boundary""]","[""候选包含与权威条目 【三32】 对齐的可定位触发线索。"",""候选满足模板槽位：phrase_head、dependent_or_argument、phrase_boundary。"",""候选按 complex_functional 模式实现 短语 / 结构类型 / 其他结构类型 所规定的语法功能。""]","[""触发线索存在，但候选边界未覆盖完整构式。"",""局部槽位可定位，但至少一个必需槽位仅得到弱支持。""]","[""触发线索只出现在标题、编号、术语或元语言说明中。"",""必需槽位缺失，且上下文不能恢复目标结构或目标功能。""]","[""相同表层形式可能实现 结构类型 中的非目标功能。"",""相邻构式共享触发形式，但槽位关系或语法功能不同。""]","[""目标用例"",""边界问题"",""表层触发但非目标"",""结构缺槽"",""语义不兼容"",""其他具体构式"",""不确定/需复核""]","[""target_status"",""candidate_boundary"",""slot_status"",""structural_functional_status"",""licensed_evidence"",""runtime_evidence"",""rule_source_trace""]",,not_available_source_literal_runtime,REF-GF0025-2021,203,GF0025-2021 PDF p.203,ocr_detected,verified_inventory,false,[],machine_compiled,source_anchored,not_claimed,static_audit_passed,machine_compiled_source_anchored_static_audited
DUV3-GF0025-2021-3-032-03,DiagnosticUnit,DPV3-GF0025-2021-3-032-03,DiagnosticProfile,RBV3-GF0025-2021-3-032-03,GF0025-2021-3-032,【三32】,3,32,短语,结构类型,其他结构类型,3,03,兼语短语,其他结构类型2,numbered_usage,（3）,DTV3-SEED-0DB749EE59AF,seed_reused,兼语结构候选,120,structural_pattern,(?:兼语短语|兼语),(?:兼语短语|兼语),search,source_literal_retrieval_trigger,,"[""predicate_1"",""shared_argument"",""predicate_2"",""event_relation""]","[""候选片段包含或可解释出“兼语结构”相关标记/结构线索。"",""候选片段满足所属语法家族的核心槽位要求：前项谓词、后项谓词、共享论元/兼语、对象、事件链关系。"",""候选片段在原句中承担该语法点的实际语法功能，而非仅有表层词形。""]","[""结构大体可定位但边界过短或过长。"",""标记存在但核心槽位需要结合上下文复核。""]","[""候选片段只是术语、标题、编号、残片或 OCR 混杂内容。"",""只有表层标记，无法构成所属语法家族的核心结构。""]","[""只有表层标记""]","[""目标用例"",""边界问题"",""表层触发但非目标"",""结构缺槽"",""语义不兼容"",""其他具体构式"",""不确定/需复核""]","[""target_status"",""candidate_boundary"",""slot_status"",""structural_functional_status"",""licensed_evidence"",""runtime_evidence"",""rule_source_trace""]",,not_available_source_literal_runtime,REF-GF0025-2021,203,GF0025-2021 PDF p.203,ocr_detected,verified_inventory,false,[],machine_compiled,source_anchored,not_claimed,static_audit_passed,machine_compiled_source_anchored_static_audited
DUV3-GF0025-2021-3-032-04,DiagnosticUnit,DPV3-GF0025-2021-3-032-04,DiagnosticProfile,RBV3-GF0025-2021-3-032-04,GF0025-2021-3-032,【三32】,3,32,短语,结构类型,其他结构类型,4,04,同位短语,其他结构类型2,numbered_usage,（4）,DTV3-TAX-AC9DFAD69E1A,taxonomy_instantiated,,0,structural_pattern,(?:同位短语),(?:同位短语),search,source_literal_retrieval_trigger,,"[""phrase_head"",""dependent_or_argument"",""phrase_boundary""]","[""候选包含与权威条目 【三32】 对齐的可定位触发线索。"",""候选满足模板槽位：phrase_head、dependent_or_argument、phrase_boundary。"",""候选按 structural_pattern 模式实现 短语 / 结构类型 / 其他结构类型 所规定的语法功能。""]","[""触发线索存在，但候选边界未覆盖完整构式。"",""局部槽位可定位，但至少一个必需槽位仅得到弱支持。""]","[""触发线索只出现在标题、编号、术语或元语言说明中。"",""必需槽位缺失，且上下文不能恢复目标结构或目标功能。""]","[""相同表层形式可能实现 结构类型 中的非目标功能。"",""相邻构式共享触发形式，但槽位关系或语法功能不同。""]","[""目标用例"",""边界问题"",""表层触发但非目标"",""结构缺槽"",""语义不兼容"",""其他具体构式"",""不确定/需复核""]","[""target_status"",""candidate_boundary"",""slot_status"",""structural_functional_status"",""licensed_evidence"",""runtime_evidence"",""rule_source_trace""]",,not_available_source_literal_runtime,REF-GF0025-2021,203,GF0025-2021 PDF p.203,ocr_detected,verified_inventory,false,[],machine_compiled,source_anchored,not_claimed,static_audit_passed,machine_compiled_source_anchored_static_audited
DUV3-GF0025-2021-3-033-01,DiagnosticUnit,DPV3-GF0025-2021-3-033-01,DiagnosticProfile,RBV3-GF0025-2021-3-033-01,GF0025-2021-3-033,【三33】,3,33,短语,结构类型,,1,01,数量重叠：数词+量词+数词+量词,,unsplit_official_entry,,DTV3-TAX-3E1F8160B48A,taxonomy_instantiated,,0,structural_pattern,(?:数量重叠|数词|量词),[一两二三四五六七八九][个杯本包块][一两二三四五六七八九][个杯本包块],search,normalized_legacy_regex,,"[""phrase_head"",""dependent_or_argument"",""phrase_boundary""]","[""候选包含与权威条目 【三33】 对齐的可定位触发线索。"",""候选满足模板槽位：phrase_head、dependent_or_argument、phrase_boundary。"",""候选按 structural_pattern 模式实现 短语 / 结构类型 / 未列小项 所规定的语法功能。""]","[""触发线索存在，但候选边界未覆盖完整构式。"",""局部槽位可定位，但至少一个必需槽位仅得到弱支持。""]","[""触发线索只出现在标题、编号、术语或元语言说明中。"",""必需槽位缺失，且上下文不能恢复目标结构或目标功能。""]","[""相同表层形式可能实现 结构类型 中的非目标功能。"",""相邻构式共享触发形式，但槽位关系或语法功能不同。""]","[""目标用例"",""边界问题"",""表层触发但非目标"",""结构缺槽"",""语义不兼容"",""其他具体构式"",""不确定/需复核""]","[""target_status"",""candidate_boundary"",""slot_status"",""structural_functional_status"",""licensed_evidence"",""runtime_evidence"",""rule_source_trace""]",[一两二三四五六七八九][个杯本包块][一两二三四五六七八九][个杯本包块],normalized_compiles,REF-GF0025-2021,,GF0025-2021 PDF pp.176–259,appendix_span_verified,verified_inventory,false,[],machine_compiled,source_anchored,not_claimed,static_audit_passed,machine_compiled_source_anchored_static_audited
DUV3-GF0025-2021-3-034-01,DiagnosticUnit,DPV3-GF0025-2021-3-034-01,DiagnosticProfile,RBV3-GF0025-2021-3-034-01,GF0025-2021-3-034,【三34】,3,34,短语,固定短语,四字格,1,01,不A不B,,unsplit_official_entry,,DTV3-TAX-249B0481958D,taxonomy_instantiated,,0,structural_pattern,(?:不A不B|不),不[一-龥]不[一-龥],search,normalized_legacy_regex,,"[""phrase_head"",""dependent_or_argument"",""phrase_boundary""]","[""候选包含与权威条目 【三34】 对齐的可定位触发线索。"",""候选满足模板槽位：phrase_head、dependent_or_argument、phrase_boundary。"",""候选按 structural_pattern 模式实现 短语 / 固定短语 / 四字格 所规定的语法功能。""]","[""触发线索存在，但候选边界未覆盖完整构式。"",""局部槽位可定位，但至少一个必需槽位仅得到弱支持。""]","[""触发线索只出现在标题、编号、术语或元语言说明中。"",""必需槽位缺失，且上下文不能恢复目标结构或目标功能。""]","[""相同表层形式可能实现 固定短语 中的非目标功能。"",""相邻构式共享触发形式，但槽位关系或语法功能不同。""]","[""目标用例"",""边界问题"",""表层触发但非目标"",""结构缺槽"",""语义不兼容"",""其他具体构式"",""不确定/需复核""]","[""target_status"",""candidate_boundary"",""slot_status"",""structural_functional_status"",""licensed_evidence"",""runtime_evidence"",""rule_source_trace""]",不[一-龥]不[一-龥],normalized_compiles,REF-GF0025-2021,203,GF0025-2021 PDF p.203,ocr_detected,verified_inventory,false,[],machine_compiled,source_anchored,not_claimed,static_audit_passed,machine_compiled_source_anchored_static_audited
DUV3-GF0025-2021-3-035-01,DiagnosticUnit,DPV3-GF0025-2021-3-035-01,DiagnosticProfile,RBV3-GF0025-2021-3-035-01,GF0025-2021-3-035,【三35】,3,35,短语,固定短语,其他,1,01,看起来,,unsplit_official_entry,,DTV3-TAX-423191A16BE2,taxonomy_instantiated,,0,structural_pattern,(?:看起来),看起来,search,normalized_legacy_regex,,"[""phrase_head"",""dependent_or_argument"",""phrase_boundary""]","[""候选包含与权威条目 【三35】 对齐的可定位触发线索。"",""候选满足模板槽位：phrase_head、dependent_or_argument、phrase_boundary。"",""候选按 structural_pattern 模式实现 短语 / 固定短语 / 其他 所规定的语法功能。""]","[""触发线索存在，但候选边界未覆盖完整构式。"",""局部槽位可定位，但至少一个必需槽位仅得到弱支持。""]","[""触发线索只出现在标题、编号、术语或元语言说明中。"",""必需槽位缺失，且上下文不能恢复目标结构或目标功能。""]","[""相同表层形式可能实现 固定短语 中的非目标功能。"",""相邻构式共享触发形式，但槽位关系或语法功能不同。""]","[""目标用例"",""边界问题"",""表层触发但非目标"",""结构缺槽"",""语义不兼容"",""其他具体构式"",""不确定/需复核""]","[""target_status"",""candidate_boundary"",""slot_status"",""structural_functional_status"",""licensed_evidence"",""runtime_evidence"",""rule_source_trace""]",看起来,normalized_compiles,REF-GF0025-2021,203,GF0025-2021 PDF p.203,ocr_detected,verified_inventory,false,[],machine_compiled,source_anchored,not_claimed,static_audit_passed,machine_compiled_source_anchored_static_audited
DUV3-GF0025-2021-3-036-01,DiagnosticUnit,DPV3-GF0025-2021-3-036-01,DiagnosticProfile,RBV3-GF0025-2021-3-036-01,GF0025-2021-3-036,【三36】,3,36,短语,固定短语,其他,1,01,看上去,,unsplit_official_entry,,DTV3-TAX-423191A16BE2,taxonomy_instantiated,,0,structural_pattern,(?:看上去),看上去,search,normalized_legacy_regex,,"[""phrase_head"",""dependent_or_argument"",""phrase_boundary""]","[""候选包含与权威条目 【三36】 对齐的可定位触发线索。"",""候选满足模板槽位：phrase_head、dependent_or_argument、phrase_boundary。"",""候选按 structural_pattern 模式实现 短语 / 固定短语 / 其他 所规定的语法功能。""]","[""触发线索存在，但候选边界未覆盖完整构式。"",""局部槽位可定位，但至少一个必需槽位仅得到弱支持。""]","[""触发线索只出现在标题、编号、术语或元语言说明中。"",""必需槽位缺失，且上下文不能恢复目标结构或目标功能。""]","[""相同表层形式可能实现 固定短语 中的非目标功能。"",""相邻构式共享触发形式，但槽位关系或语法功能不同。""]","[""目标用例"",""边界问题"",""表层触发但非目标"",""结构缺槽"",""语义不兼容"",""其他具体构式"",""不确定/需复核""]","[""target_status"",""candidate_boundary"",""slot_status"",""structural_functional_status"",""licensed_evidence"",""runtime_evidence"",""rule_source_trace""]",看上去,normalized_compiles,REF-GF0025-2021,203,GF0025-2021 PDF p.203,ocr_detected,verified_inventory,false,[],machine_compiled,source_anchored,not_claimed,static_audit_passed,machine_compiled_source_anchored_static_audited
DUV3-GF0025-2021-3-037-01,DiagnosticUnit,DPV3-GF0025-2021-3-037-01,DiagnosticProfile,RBV3-GF0025-2021-3-037-01,GF0025-2021-3-037,【三37】,3,37,短语,固定短语,其他,1,01,有的是,,unsplit_official_entry,,DTV3-TAX-423191A16BE2,taxonomy_instantiated,,0,structural_pattern,(?:有的是),有的是,search,normalized_legacy_regex,,"[""phrase_head"",""dependent_or_argument"",""phrase_boundary""]","[""候选包含与权威条目 【三37】 对齐的可定位触发线索。"",""候选满足模板槽位：phrase_head、dependent_or_argument、phrase_boundary。"",""候选按 structural_pattern 模式实现 短语 / 固定短语 / 其他 所规定的语法功能。""]","[""触发线索存在，但候选边界未覆盖完整构式。"",""局部槽位可定位，但至少一个必需槽位仅得到弱支持。""]","[""触发线索只出现在标题、编号、术语或元语言说明中。"",""必需槽位缺失，且上下文不能恢复目标结构或目标功能。""]","[""相同表层形式可能实现 固定短语 中的非目标功能。"",""相邻构式共享触发形式，但槽位关系或语法功能不同。""]","[""目标用例"",""边界问题"",""表层触发但非目标"",""结构缺槽"",""语义不兼容"",""其他具体构式"",""不确定/需复核""]","[""target_status"",""candidate_boundary"",""slot_status"",""structural_functional_status"",""licensed_evidence"",""runtime_evidence"",""rule_source_trace""]",有的是,normalized_compiles,REF-GF0025-2021,204,GF0025-2021 PDF p.204,ocr_detected,verified_inventory,false,[],machine_compiled,source_anchored,not_claimed,static_audit_passed,machine_compiled_source_anchored_static_audited
DUV3-GF0025-2021-3-038-01,DiagnosticUnit,DPV3-GF0025-2021-3-038-01,DiagnosticProfile,RBV3-GF0025-2021-3-038-01,GF0025-2021-3-038,【三38】,3,38,固定格式,未细分,,1,01,除了……（以外），……还/也/都……,,unsplit_official_entry,,DTV3-POINT-1A3E54F5C89E,point_specific_instantiated,,0,structural_pattern,(?:以外|除了|也|还|都),除了.+(以外)*，.+(还|也|都).+,search,normalized_legacy_regex,,"[""fixed_marker"",""internal_slot"",""construction_boundary""]","[""候选包含与权威条目 【三38】 对齐的可定位触发线索。"",""候选满足模板槽位：fixed_marker、internal_slot、construction_boundary。"",""候选按 structural_pattern 模式实现 固定格式 / 未细分 / 未列小项 所规定的语法功能。""]","[""触发线索存在，但候选边界未覆盖完整构式。"",""局部槽位可定位，但至少一个必需槽位仅得到弱支持。""]","[""触发线索只出现在标题、编号、术语或元语言说明中。"",""必需槽位缺失，且上下文不能恢复目标结构或目标功能。""]","[""相同表层形式可能实现 未细分 中的非目标功能。"",""相邻构式共享触发形式，但槽位关系或语法功能不同。""]","[""目标用例"",""边界问题"",""表层触发但非目标"",""结构缺槽"",""语义不兼容"",""其他具体构式"",""不确定/需复核""]","[""target_status"",""candidate_boundary"",""slot_status"",""structural_functional_status"",""licensed_evidence"",""runtime_evidence"",""rule_source_trace""]",除了.+(以外)*，.+(还|也|都).+,normalized_compiles,REF-GF0025-2021,,GF0025-2021 PDF pp.176–259,appendix_span_verified,verified_inventory,false,[],machine_compiled,source_anchored,not_claimed,static_audit_passed,machine_compiled_source_anchored_static_audited
DUV3-GF0025-2021-3-039-01,DiagnosticUnit,DPV3-GF0025-2021-3-039-01,DiagnosticProfile,RBV3-GF0025-2021-3-039-01,GF0025-2021-3-039,【三39】,3,39,固定格式,未细分,,1,01,从……起,,unsplit_official_entry,,DTV3-POINT-8946D79EBF24,point_specific_instantiated,,0,structural_pattern,(?:从……起|从|起),从.+起,search,normalized_legacy_regex,,"[""fixed_marker"",""internal_slot"",""construction_boundary""]","[""候选包含与权威条目 【三39】 对齐的可定位触发线索。"",""候选满足模板槽位：fixed_marker、internal_slot、construction_boundary。"",""候选按 structural_pattern 模式实现 固定格式 / 未细分 / 未列小项 所规定的语法功能。""]","[""触发线索存在，但候选边界未覆盖完整构式。"",""局部槽位可定位，但至少一个必需槽位仅得到弱支持。""]","[""触发线索只出现在标题、编号、术语或元语言说明中。"",""必需槽位缺失，且上下文不能恢复目标结构或目标功能。""]","[""相同表层形式可能实现 未细分 中的非目标功能。"",""相邻构式共享触发形式，但槽位关系或语法功能不同。""]","[""目标用例"",""边界问题"",""表层触发但非目标"",""结构缺槽"",""语义不兼容"",""其他具体构式"",""不确定/需复核""]","[""target_status"",""candidate_boundary"",""slot_status"",""structural_functional_status"",""licensed_evidence"",""runtime_evidence"",""rule_source_trace""]",从.+起,normalized_compiles,REF-GF0025-2021,204,GF0025-2021 PDF p.204,ocr_detected,verified_inventory,false,[],machine_compiled,source_anchored,not_claimed,static_audit_passed,machine_compiled_source_anchored_static_audited
DUV3-GF0025-2021-3-040-01,DiagnosticUnit,DPV3-GF0025-2021-3-040-01,DiagnosticProfile,RBV3-GF0025-2021-3-040-01,GF0025-2021-3-040,【三40】,3,40,固定格式,未细分,,1,01,对……来说,,unsplit_official_entry,,DTV3-POINT-9F23E033AC66,point_specific_instantiated,,0,structural_pattern,(?:对……来说|来说|对),对.+来说,search,normalized_legacy_regex,,"[""fixed_marker"",""internal_slot"",""construction_boundary""]","[""候选包含与权威条目 【三40】 对齐的可定位触发线索。"",""候选满足模板槽位：fixed_marker、internal_slot、construction_boundary。"",""候选按 structural_pattern 模式实现 固定格式 / 未细分 / 未列小项 所规定的语法功能。""]","[""触发线索存在，但候选边界未覆盖完整构式。"",""局部槽位可定位，但至少一个必需槽位仅得到弱支持。""]","[""触发线索只出现在标题、编号、术语或元语言说明中。"",""必需槽位缺失，且上下文不能恢复目标结构或目标功能。""]","[""相同表层形式可能实现 未细分 中的非目标功能。"",""相邻构式共享触发形式，但槽位关系或语法功能不同。""]","[""目标用例"",""边界问题"",""表层触发但非目标"",""结构缺槽"",""语义不兼容"",""其他具体构式"",""不确定/需复核""]","[""target_status"",""candidate_boundary"",""slot_status"",""structural_functional_status"",""licensed_evidence"",""runtime_evidence"",""rule_source_trace""]",对.+来说,normalized_compiles,REF-GF0025-2021,204,GF0025-2021 PDF p.204,ocr_detected,verified_inventory,false,[],machine_compiled,source_anchored,not_claimed,static_audit_passed,machine_compiled_source_anchored_static_audited
DUV3-GF0025-2021-3-041-01,DiagnosticUnit,DPV3-GF0025-2021-3-041-01,DiagnosticProfile,RBV3-GF0025-2021-3-041-01,GF0025-2021-3-041,【三41】,3,41,固定格式,未细分,,1,01,一……也/都+不/没……,,unsplit_official_entry,,DTV3-POINT-3A9734534749,point_specific_instantiated,,0,structural_pattern,(?:一|不|也|没|都),一.+(也|都)(不|没).+,search,normalized_legacy_regex,,"[""fixed_marker"",""internal_slot"",""construction_boundary""]","[""候选包含与权威条目 【三41】 对齐的可定位触发线索。"",""候选满足模板槽位：fixed_marker、internal_slot、construction_boundary。"",""候选按 structural_pattern 模式实现 固定格式 / 未细分 / 未列小项 所规定的语法功能。""]","[""触发线索存在，但候选边界未覆盖完整构式。"",""局部槽位可定位，但至少一个必需槽位仅得到弱支持。""]","[""触发线索只出现在标题、编号、术语或元语言说明中。"",""必需槽位缺失，且上下文不能恢复目标结构或目标功能。""]","[""相同表层形式可能实现 未细分 中的非目标功能。"",""相邻构式共享触发形式，但槽位关系或语法功能不同。""]","[""目标用例"",""边界问题"",""表层触发但非目标"",""结构缺槽"",""语义不兼容"",""其他具体构式"",""不确定/需复核""]","[""target_status"",""candidate_boundary"",""slot_status"",""structural_functional_status"",""licensed_evidence"",""runtime_evidence"",""rule_source_trace""]",一.+(也|都)(不|没).+,normalized_compiles,REF-GF0025-2021,,GF0025-2021 PDF pp.176–259,appendix_span_verified,verified_inventory,false,[],machine_compiled,source_anchored,not_claimed,static_audit_passed,machine_compiled_source_anchored_static_audited
DUV3-GF0025-2021-3-042-01,DiagnosticUnit,DPV3-GF0025-2021-3-042-01,DiagnosticProfile,RBV3-GF0025-2021-3-042-01,GF0025-2021-3-042,【三42】,3,42,固定格式,未细分,,1,01,越……越……,,unsplit_official_entry,,DTV3-SEED-1088F29CEF1C,seed_reused,越...越候选,120,structural_pattern,(?:越……越……|越),越.+越.+,search,normalized_legacy_regex,,"[""comparison_subject"",""comparison_marker"",""comparison_object"",""comparison_dimension""]","[""候选片段包含或可解释出“越...越”相关标记/结构线索。"",""候选片段满足所属语法家族的核心槽位要求：比较主体、比较标记、比较对象、比较维度/谓词、差量/程度成分。"",""候选片段在原句中承担该语法点的实际语法功能，而非仅有表层词形。""]","[""结构大体可定位但边界过短或过长。"",""标记存在但核心槽位需要结合上下文复核。""]","[""候选片段只是术语、标题、编号、残片或 OCR 混杂内容。"",""只有表层标记，无法构成所属语法家族的核心结构。""]","[""只有表层标记""]","[""目标用例"",""边界问题"",""表层触发但非目标"",""结构缺槽"",""语义不兼容"",""其他具体构式"",""不确定/需复核""]","[""target_status"",""candidate_boundary"",""slot_status"",""structural_functional_status"",""licensed_evidence"",""runtime_evidence"",""rule_source_trace""]",越.+越.+,normalized_compiles,REF-GF0025-2021,,GF0025-2021 PDF pp.176–259,appendix_span_verified,verified_inventory,false,[],machine_compiled,source_anchored,not_claimed,static_audit_passed,machine_compiled_source_anchored_static_audited
DUV3-GF0025-2021-3-043-01,DiagnosticUnit,DPV3-GF0025-2021-3-043-01,DiagnosticProfile,RBV3-GF0025-2021-3-043-01,GF0025-2021-3-043,【三43】,3,43,句子成分,主语,,1,01,动词或动词性短语、形容词或形容词性短语作主语,,unsplit_official_entry,,DTV3-TAX-A5F02C447E10,taxonomy_instantiated,,0,complex_functional,(?:形容词或形容词性短语作主语|动词或动词性短语),(?:形容词或形容词性短语作主语|动词或动词性短语),search,source_literal_retrieval_trigger,,"[""candidate_expression"",""governing_predicate"",""syntactic_role""]","[""候选包含与权威条目 【三43】 对齐的可定位触发线索。"",""候选满足模板槽位：candidate_expression、governing_predicate、syntactic_role。"",""候选按 complex_functional 模式实现 句子成分 / 主语 / 未列小项 所规定的语法功能。""]","[""触发线索存在，但候选边界未覆盖完整构式。"",""局部槽位可定位，但至少一个必需槽位仅得到弱支持。""]","[""触发线索只出现在标题、编号、术语或元语言说明中。"",""必需槽位缺失，且上下文不能恢复目标结构或目标功能。""]","[""相同表层形式可能实现 主语 中的非目标功能。"",""相邻构式共享触发形式，但槽位关系或语法功能不同。""]","[""目标用例"",""边界问题"",""表层触发但非目标"",""结构缺槽"",""语义不兼容"",""其他具体构式"",""不确定/需复核""]","[""target_status"",""candidate_boundary"",""slot_status"",""structural_functional_status"",""licensed_evidence"",""runtime_evidence"",""rule_source_trace""]",,not_available_source_literal_runtime,REF-GF0025-2021,204,GF0025-2021 PDF p.204,ocr_detected,verified_inventory,false,[],machine_compiled,source_anchored,not_claimed,static_audit_passed,machine_compiled_source_anchored_static_audited
DUV3-GF0025-2021-3-044-01,DiagnosticUnit,DPV3-GF0025-2021-3-044-01,DiagnosticProfile,RBV3-GF0025-2021-3-044-01,GF0025-2021-3-044,【三44】,3,44,句子成分,宾语,,1,01,动词或动词性短语、形容词或形容词性短语和主谓短语作宾语,,unsplit_official_entry,,DTV3-TAX-1B3B2B7206BD,taxonomy_instantiated,,0,complex_functional,(?:动词或动词性短语),(?:动词或动词性短语),search,source_literal_retrieval_trigger,,"[""candidate_expression"",""governing_predicate"",""syntactic_role""]","[""候选包含与权威条目 【三44】 对齐的可定位触发线索。"",""候选满足模板槽位：candidate_expression、governing_predicate、syntactic_role。"",""候选按 complex_functional 模式实现 句子成分 / 宾语 / 未列小项 所规定的语法功能。""]","[""触发线索存在，但候选边界未覆盖完整构式。"",""局部槽位可定位，但至少一个必需槽位仅得到弱支持。""]","[""触发线索只出现在标题、编号、术语或元语言说明中。"",""必需槽位缺失，且上下文不能恢复目标结构或目标功能。""]","[""相同表层形式可能实现 宾语 中的非目标功能。"",""相邻构式共享触发形式，但槽位关系或语法功能不同。""]","[""目标用例"",""边界问题"",""表层触发但非目标"",""结构缺槽"",""语义不兼容"",""其他具体构式"",""不确定/需复核""]","[""target_status"",""candidate_boundary"",""slot_status"",""structural_functional_status"",""licensed_evidence"",""runtime_evidence"",""rule_source_trace""]",,not_available_source_literal_runtime,REF-GF0025-2021,204,GF0025-2021 PDF p.204,ocr_detected,verified_inventory,false,[],machine_compiled,source_anchored,not_claimed,static_audit_passed,machine_compiled_source_anchored_static_audited
DUV3-GF0025-2021-3-045-01,DiagnosticUnit,DPV3-GF0025-2021-3-045-01,DiagnosticProfile,RBV3-GF0025-2021-3-045-01,GF0025-2021-3-045,【三45】,3,45,句子成分,定语,,1,01,动词或动词性短语、主谓短语作定语,,unsplit_official_entry,,DTV3-TAX-FE0DC117518D,taxonomy_instantiated,,0,complex_functional,(?:动词或动词性短语|主谓短语作定语),(?:动词或动词性短语|主谓短语作定语),search,source_literal_retrieval_trigger,,"[""candidate_expression"",""governing_predicate"",""syntactic_role""]","[""候选包含与权威条目 【三45】 对齐的可定位触发线索。"",""候选满足模板槽位：candidate_expression、governing_predicate、syntactic_role。"",""候选按 complex_functional 模式实现 句子成分 / 定语 / 未列小项 所规定的语法功能。""]","[""触发线索存在，但候选边界未覆盖完整构式。"",""局部槽位可定位，但至少一个必需槽位仅得到弱支持。""]","[""触发线索只出现在标题、编号、术语或元语言说明中。"",""必需槽位缺失，且上下文不能恢复目标结构或目标功能。""]","[""相同表层形式可能实现 定语 中的非目标功能。"",""相邻构式共享触发形式，但槽位关系或语法功能不同。""]","[""目标用例"",""边界问题"",""表层触发但非目标"",""结构缺槽"",""语义不兼容"",""其他具体构式"",""不确定/需复核""]","[""target_status"",""candidate_boundary"",""slot_status"",""structural_functional_status"",""licensed_evidence"",""runtime_evidence"",""rule_source_trace""]",,not_available_source_literal_runtime,REF-GF0025-2021,205,GF0025-2021 PDF p.205,ocr_detected,verified_inventory,false,[],machine_compiled,source_anchored,not_claimed,static_audit_passed,machine_compiled_source_anchored_static_audited
DUV3-GF0025-2021-3-046-01,DiagnosticUnit,DPV3-GF0025-2021-3-046-01,DiagnosticProfile,RBV3-GF0025-2021-3-046-01,GF0025-2021-3-046,【三46】,3,46,句子成分,补语,结果补语,1,01,结果补语2：动词+到/住/走,,unsplit_official_entry,,DTV3-SEED-77572C4A722C,seed_reused,结果补语候选,120,complex_functional,(?:结果补语|动词|结果|住|到|走),(?:结果补语|动词|结果|住|到|走),search,source_literal_retrieval_trigger,,"[""predicate"",""complement_marker"",""complement_core"",""object_or_extent""]","[""候选片段包含或可解释出“结果补语”相关标记/结构线索。"",""候选片段满足所属语法家族的核心槽位要求：谓词、补语标记、补语核心、宾语/对象、数量/时量成分。"",""候选片段在原句中承担该语法点的实际语法功能，而非仅有表层词形。""]","[""结构大体可定位但边界过短或过长。"",""标记存在但核心槽位需要结合上下文复核。""]","[""候选片段只是术语、标题、编号、残片或 OCR 混杂内容。"",""只有表层标记，无法构成所属语法家族的核心结构。""]","[""只有表层标记""]","[""目标用例"",""边界问题"",""表层触发但非目标"",""结构缺槽"",""语义不兼容"",""其他具体构式"",""不确定/需复核""]","[""target_status"",""candidate_boundary"",""slot_status"",""structural_functional_status"",""licensed_evidence"",""runtime_evidence"",""rule_source_trace""]",,not_available_source_literal_runtime,REF-GF0025-2021,205,GF0025-2021 PDF p.205,ocr_detected,verified_inventory,false,[],machine_compiled,source_anchored,not_claimed,static_audit_passed,machine_compiled_source_anchored_static_audited
DUV3-GF0025-2021-3-047-01,DiagnosticUnit,DPV3-GF0025-2021-3-047-01,DiagnosticProfile,RBV3-GF0025-2021-3-047-01,GF0025-2021-3-047,【三47】,3,47,句子成分,补语,趋向补语,1,01,趋向补语2 复合趋向补语的趋向意义用法：动词+出来/出去/过来/过去/回来/回去/进来/进去/ 起来/上来/上去/下来/下去,,unsplit_official_entry,,DTV3-SEED-C7C9B744490A,seed_reused,趋向补语候选,120,complex_functional,(?:复合趋向补语的趋向意义|趋向补语|上去|上来|下来|出去|出来|动词|回去|回来|起来|趋向|过去|过来|进去|进来),(?:复合趋向补语的趋向意义|趋向补语|上去|上来|下来|出去|出来|动词|回去|回来|起来|趋向|过去|过来|进去|进来),search,source_literal_retrieval_trigger,,"[""predicate"",""complement_marker"",""complement_core"",""object_or_extent""]","[""候选片段包含或可解释出“趋向补语”相关标记/结构线索。"",""候选片段满足所属语法家族的核心槽位要求：谓词、补语标记、补语核心、宾语/对象、数量/时量成分。"",""候选片段在原句中承担该语法点的实际语法功能，而非仅有表层词形。""]","[""结构大体可定位但边界过短或过长。"",""标记存在但核心槽位需要结合上下文复核。""]","[""候选片段只是术语、标题、编号、残片或 OCR 混杂内容。"",""只有表层标记，无法构成所属语法家族的核心结构。""]","[""只有表层标记""]","[""目标用例"",""边界问题"",""表层触发但非目标"",""结构缺槽"",""语义不兼容"",""其他具体构式"",""不确定/需复核""]","[""target_status"",""candidate_boundary"",""slot_status"",""structural_functional_status"",""licensed_evidence"",""runtime_evidence"",""rule_source_trace""]",,not_available_source_literal_runtime,REF-GF0025-2021,205,GF0025-2021 PDF p.205,ocr_detected,verified_inventory,false,[],machine_compiled,source_anchored,not_claimed,static_audit_passed,machine_compiled_source_anchored_static_audited
DUV3-GF0025-2021-3-048-01,DiagnosticUnit,DPV3-GF0025-2021-3-048-01,DiagnosticProfile,RBV3-GF0025-2021-3-048-01,GF0025-2021-3-048,【三48】,3,48,句子成分,补语,可能补语,1,01,可能补语1：动词+得/不+动词/形容词；动词+得/不+了,,unsplit_official_entry,,DTV3-SEED-92843049D686,seed_reused,可能补语候选,120,complex_functional,(?:可能补语|形容词|动词|可能|不|了|得),(?:可能补语|形容词|动词|可能|不|了|得),search,source_literal_retrieval_trigger,,"[""predicate"",""complement_marker"",""complement_core"",""object_or_extent""]","[""候选片段包含或可解释出“可能补语”相关标记/结构线索。"",""候选片段满足所属语法家族的核心槽位要求：谓词、补语标记、补语核心、宾语/对象、数量/时量成分。"",""候选片段在原句中承担该语法点的实际语法功能，而非仅有表层词形。""]","[""结构大体可定位但边界过短或过长。"",""标记存在但核心槽位需要结合上下文复核。""]","[""候选片段只是术语、标题、编号、残片或 OCR 混杂内容。"",""只有表层标记，无法构成所属语法家族的核心结构。""]","[""只有表层标记""]","[""目标用例"",""边界问题"",""表层触发但非目标"",""结构缺槽"",""语义不兼容"",""其他具体构式"",""不确定/需复核""]","[""target_status"",""candidate_boundary"",""slot_status"",""structural_functional_status"",""licensed_evidence"",""runtime_evidence"",""rule_source_trace""]",,not_available_source_literal_runtime,REF-GF0025-2021,,GF0025-2021 PDF pp.176–259,appendix_span_verified,verified_inventory,false,[],machine_compiled,source_anchored,not_claimed,static_audit_passed,machine_compiled_source_anchored_static_audited
DUV3-GF0025-2021-3-049-01,DiagnosticUnit,DPV3-GF0025-2021-3-049-01,DiagnosticProfile,RBV3-GF0025-2021-3-049-01,GF0025-2021-3-049,【三49】,3,49,句子成分,补语,程度补语,1,01,程度补语1：形容词/心理动词+得很/极了/死了,,unsplit_official_entry,,DTV3-SEED-C49D5A1DB67A,seed_reused,得字补语候选,95,complex_functional,(?:心理动词|程度补语|形容词|得很|极了|死了|得),(?:心理动词|程度补语|形容词|得很|极了|死了|得),search,source_literal_retrieval_trigger,,"[""predicate"",""complement_marker"",""complement_core"",""object_or_extent""]","[""候选片段包含被补充说明的谓词和补语核心。"",""“得”后成分说明程度、状态、可能或结果。""]","[""只截补语核心或只截谓词，边界需要补足。""]","[""“得”读作 dei 或作为其他固定词内部成分时不判为得字补语。""]","[""表层标记出现，但候选不实现目标语法功能。""]","[""目标用例"",""边界问题"",""表层触发但非目标"",""结构缺槽"",""语义不兼容"",""其他具体构式"",""不确定/需复核""]","[""target_status"",""candidate_boundary"",""slot_status"",""structural_functional_status"",""licensed_evidence"",""runtime_evidence"",""rule_source_trace""]",,not_available_source_literal_runtime,REF-GF0025-2021,206,GF0025-2021 PDF p.206,ocr_detected,verified_inventory,false,[],machine_compiled,source_anchored,not_claimed,static_audit_passed,machine_compiled_source_anchored_static_audited
DUV3-GF0025-2021-3-050-01,DiagnosticUnit,DPV3-GF0025-2021-3-050-01,DiagnosticProfile,RBV3-GF0025-2021-3-050-01,GF0025-2021-3-050,【三50】,3,50,句子成分,补语,数量补语,1,01,数量补语 3（动词+动量补语）：宾语和动量补语共现,,unsplit_official_entry,,DTV3-SEED-47500BB7FBA2,seed_reused,数量/时量补语候选,120,complex_functional,(?:宾语和动量补语共现|动量补语|数量补语|动词|数量),(?:宾语和动量补语共现|动量补语|数量补语|动词|数量),search,source_literal_retrieval_trigger,,"[""predicate"",""complement_marker"",""complement_core"",""object_or_extent""]","[""候选片段包含或可解释出“数量/时量补语”相关标记/结构线索。"",""候选片段满足所属语法家族的核心槽位要求：谓词、补语标记、补语核心、宾语/对象、数量/时量成分。"",""候选片段在原句中承担该语法点的实际语法功能，而非仅有表层词形。""]","[""结构大体可定位但边界过短或过长。"",""标记存在但核心槽位需要结合上下文复核。""]","[""候选片段只是术语、标题、编号、残片或 OCR 混杂内容。"",""只有表层标记，无法构成所属语法家族的核心结构。""]","[""只有表层标记""]","[""目标用例"",""边界问题"",""表层触发但非目标"",""结构缺槽"",""语义不兼容"",""其他具体构式"",""不确定/需复核""]","[""target_status"",""candidate_boundary"",""slot_status"",""structural_functional_status"",""licensed_evidence"",""runtime_evidence"",""rule_source_trace""]",,not_available_source_literal_runtime,REF-GF0025-2021,,GF0025-2021 PDF pp.176–259,appendix_span_verified,verified_inventory,false,[],machine_compiled,source_anchored,not_claimed,static_audit_passed,machine_compiled_source_anchored_static_audited
DUV3-GF0025-2021-3-051-01,DiagnosticUnit,DPV3-GF0025-2021-3-051-01,DiagnosticProfile,RBV3-GF0025-2021-3-051-01,GF0025-2021-3-051,【三51】,3,51,句子成分,补语,数量补语,1,01,数量补语4（动词+时量补语）：表示动作持续的时间,,unsplit_official_entry,,DTV3-SEED-47500BB7FBA2,seed_reused,数量/时量补语候选,120,complex_functional,(?:动作持续的时间|数量补语|时量补语|动词|数量|时量),(?:动作持续的时间|数量补语|时量补语|动词|数量|时量),search,source_literal_retrieval_trigger,,"[""predicate"",""complement_marker"",""complement_core"",""object_or_extent""]","[""候选片段包含或可解释出“数量/时量补语”相关标记/结构线索。"",""候选片段满足所属语法家族的核心槽位要求：谓词、补语标记、补语核心、宾语/对象、数量/时量成分。"",""候选片段在原句中承担该语法点的实际语法功能，而非仅有表层词形。""]","[""结构大体可定位但边界过短或过长。"",""标记存在但核心槽位需要结合上下文复核。""]","[""候选片段只是术语、标题、编号、残片或 OCR 混杂内容。"",""只有表层标记，无法构成所属语法家族的核心结构。""]","[""只有表层标记""]","[""目标用例"",""边界问题"",""表层触发但非目标"",""结构缺槽"",""语义不兼容"",""其他具体构式"",""不确定/需复核""]","[""target_status"",""candidate_boundary"",""slot_status"",""structural_functional_status"",""licensed_evidence"",""runtime_evidence"",""rule_source_trace""]",,not_available_source_literal_runtime,REF-GF0025-2021,,GF0025-2021 PDF pp.176–259,appendix_span_verified,verified_inventory,false,[],machine_compiled,source_anchored,not_claimed,static_audit_passed,machine_compiled_source_anchored_static_audited
DUV3-GF0025-2021-3-052-01,DiagnosticUnit,DPV3-GF0025-2021-3-052-01,DiagnosticProfile,RBV3-GF0025-2021-3-052-01,GF0025-2021-3-052,【三52】,3,52,句子成分,补语,数量补语,1,01,数量补语5（动词+时量补语）：表示动作结束后到某个时间点的间隔时间,,unsplit_official_entry,,DTV3-SEED-47500BB7FBA2,seed_reused,数量/时量补语候选,120,complex_functional,(?:动作结束后到某个时间点的间隔时间|数量补语|时量补语|动词|数量|时量),(?:动作结束后到某个时间点的间隔时间|数量补语|时量补语|动词|数量|时量),search,source_literal_retrieval_trigger,,"[""predicate"",""complement_marker"",""complement_core"",""object_or_extent""]","[""候选片段包含或可解释出“数量/时量补语”相关标记/结构线索。"",""候选片段满足所属语法家族的核心槽位要求：谓词、补语标记、补语核心、宾语/对象、数量/时量成分。"",""候选片段在原句中承担该语法点的实际语法功能，而非仅有表层词形。""]","[""结构大体可定位但边界过短或过长。"",""标记存在但核心槽位需要结合上下文复核。""]","[""候选片段只是术语、标题、编号、残片或 OCR 混杂内容。"",""只有表层标记，无法构成所属语法家族的核心结构。""]","[""只有表层标记""]","[""目标用例"",""边界问题"",""表层触发但非目标"",""结构缺槽"",""语义不兼容"",""其他具体构式"",""不确定/需复核""]","[""target_status"",""candidate_boundary"",""slot_status"",""structural_functional_status"",""licensed_evidence"",""runtime_evidence"",""rule_source_trace""]",,not_available_source_literal_runtime,REF-GF0025-2021,,GF0025-2021 PDF pp.176–259,appendix_span_verified,verified_inventory,false,[],machine_compiled,source_anchored,not_claimed,static_audit_passed,machine_compiled_source_anchored_static_audited
DUV3-GF0025-2021-3-053-01,DiagnosticUnit,DPV3-GF0025-2021-3-053-01,DiagnosticProfile,RBV3-GF0025-2021-3-053-01,GF0025-2021-3-053,【三53】,3,53,句子的类型,句型,单句,1,01,主谓句4：主谓谓语句,,unsplit_official_entry,,DTV3-TAX-8E9C8D1B6C41,taxonomy_instantiated,,0,structural_pattern,(?:主谓谓语句|主谓句),(?:主谓谓语句|主谓句),search,source_literal_retrieval_trigger,,"[""subject_or_topic"",""predicate"",""construction_marker"",""clause_boundary""]","[""候选包含与权威条目 【三53】 对齐的可定位触发线索。"",""候选满足模板槽位：subject_or_topic、predicate、construction_marker、clause_boundary。"",""候选按 structural_pattern 模式实现 句子的类型 / 句型 / 单句 所规定的语法功能。""]","[""触发线索存在，但候选边界未覆盖完整构式。"",""局部槽位可定位，但至少一个必需槽位仅得到弱支持。""]","[""触发线索只出现在标题、编号、术语或元语言说明中。"",""必需槽位缺失，且上下文不能恢复目标结构或目标功能。""]","[""相同表层形式可能实现 句型 中的非目标功能。"",""相邻构式共享触发形式，但槽位关系或语法功能不同。""]","[""目标用例"",""边界问题"",""表层触发但非目标"",""结构缺槽"",""语义不兼容"",""其他具体构式"",""不确定/需复核""]","[""target_status"",""candidate_boundary"",""slot_status"",""structural_functional_status"",""licensed_evidence"",""runtime_evidence"",""rule_source_trace""]",,not_available_source_literal_runtime,REF-GF0025-2021,,GF0025-2021 PDF pp.176–259,appendix_span_verified,verified_inventory,false,[],machine_compiled,source_anchored,not_claimed,static_audit_passed,machine_compiled_source_anchored_static_audited
DUV3-GF0025-2021-3-054-01,DiagnosticUnit,DPV3-GF0025-2021-3-054-01,DiagnosticProfile,RBV3-GF0025-2021-3-054-01,GF0025-2021-3-054,【三54】,3,54,句子的类型,特殊句型,“把”字句,1,01,主语+把+宾语+动词+在/到+处所,“把”字句1：表处置,numbered_usage,（1）,DTV3-SEED-40A8553D32D5,seed_reused,把字句候选,120,complex_functional,(?:主语|动词|处所|宾语|到|在|把),.+把.+(在|到).+|.+把.+给.+,search,normalized_legacy_regex_with_unit_specialization,(?:主语|动词|处所|宾语|到|在|把),"[""agent"",""disposal_marker"",""patient"",""predicate"",""result_or_complement""]","[""候选片段包含处置标记“把”。"",""“把”后存在可解释为受事的名词性成分。"",""受事之后存在谓词性成分。"",""优先接受带有结果、趋向、状态变化或补足成分的处置表达。""]","[""候选片段只截到“把+受事”而缺少谓词性成分。"",""候选边界包含前置无关动作链，但核心把字结构仍可定位。""]","[""“把”只出现在术语、标题、编号或非句法用例中。"",""候选片段为残片，无法定位受事或谓词。""]","[""只因出现“把”而结构不成立""]","[""目标用例"",""边界问题"",""表层触发但非目标"",""结构缺槽"",""语义不兼容"",""其他具体构式"",""不确定/需复核""]","[""target_status"",""candidate_boundary"",""slot_status"",""structural_functional_status"",""licensed_evidence"",""runtime_evidence"",""rule_source_trace""]",.+把.+(在|到).+|.+把.+给.+,normalized_compiles,REF-GF0025-2021,206,GF0025-2021 PDF p.206,ocr_detected,verified_inventory,false,[],machine_compiled,source_anchored,not_claimed,static_audit_passed,machine_compiled_source_anchored_static_audited
DUV3-GF0025-2021-3-054-02,DiagnosticUnit,DPV3-GF0025-2021-3-054-02,DiagnosticProfile,RBV3-GF0025-2021-3-054-02,GF0025-2021-3-054,【三54】,3,54,句子的类型,特殊句型,“把”字句,2,02,主语+把+宾语1 +动词（+给）+宾语2,“把”字句1：表处置,numbered_usage,（2）,DTV3-SEED-9D89FF701AAE,seed_reused,把字句候选,120,structural_pattern,(?:主语|动词|宾语|把|给),.+把.+(在|到).+|.+把.+给.+,search,normalized_legacy_regex_with_unit_specialization,(?:主语|动词|宾语|把|给),"[""agent"",""disposal_marker"",""patient"",""predicate"",""result_or_complement""]","[""候选片段包含处置标记“把”。"",""“把”后存在可解释为受事的名词性成分。"",""受事之后存在谓词性成分。"",""优先接受带有结果、趋向、状态变化或补足成分的处置表达。""]","[""候选片段只截到“把+受事”而缺少谓词性成分。"",""候选边界包含前置无关动作链，但核心把字结构仍可定位。""]","[""“把”只出现在术语、标题、编号或非句法用例中。"",""候选片段为残片，无法定位受事或谓词。""]","[""只因出现“把”而结构不成立""]","[""目标用例"",""边界问题"",""表层触发但非目标"",""结构缺槽"",""语义不兼容"",""其他具体构式"",""不确定/需复核""]","[""target_status"",""candidate_boundary"",""slot_status"",""structural_functional_status"",""licensed_evidence"",""runtime_evidence"",""rule_source_trace""]",.+把.+(在|到).+|.+把.+给.+,normalized_compiles,REF-GF0025-2021,206,GF0025-2021 PDF p.206,ocr_detected,verified_inventory,false,[],machine_compiled,source_anchored,not_claimed,static_audit_passed,machine_compiled_source_anchored_static_audited
DUV3-GF0025-2021-3-054-03,DiagnosticUnit,DPV3-GF0025-2021-3-054-03,DiagnosticProfile,RBV3-GF0025-2021-3-054-03,GF0025-2021-3-054,【三54】,3,54,句子的类型,特殊句型,“把”字句,3,03,主语+把+宾语+动词+结果补语/趋向补语/状态补语,“把”字句1：表处置,numbered_usage,（3）,DTV3-SEED-9D89FF701AAE,seed_reused,把字句候选,120,structural_pattern,(?:状态补语|结果补语|趋向补语|主语|动词|宾语|把),.+把.+(在|到).+|.+把.+给.+,search,normalized_legacy_regex_with_unit_specialization,(?:状态补语|结果补语|趋向补语|主语|动词|宾语|把),"[""agent"",""disposal_marker"",""patient"",""predicate"",""result_or_complement""]","[""候选片段包含处置标记“把”。"",""“把”后存在可解释为受事的名词性成分。"",""受事之后存在谓词性成分。"",""优先接受带有结果、趋向、状态变化或补足成分的处置表达。""]","[""候选片段只截到“把+受事”而缺少谓词性成分。"",""候选边界包含前置无关动作链，但核心把字结构仍可定位。""]","[""“把”只出现在术语、标题、编号或非句法用例中。"",""候选片段为残片，无法定位受事或谓词。""]","[""只因出现“把”而结构不成立""]","[""目标用例"",""边界问题"",""表层触发但非目标"",""结构缺槽"",""语义不兼容"",""其他具体构式"",""不确定/需复核""]","[""target_status"",""candidate_boundary"",""slot_status"",""structural_functional_status"",""licensed_evidence"",""runtime_evidence"",""rule_source_trace""]",.+把.+(在|到).+|.+把.+给.+,normalized_compiles,REF-GF0025-2021,206,GF0025-2021 PDF p.206,ocr_detected,verified_inventory,false,[],machine_compiled,source_anchored,not_claimed,static_audit_passed,machine_compiled_source_anchored_static_audited
DUV3-GF0025-2021-3-055-01,DiagnosticUnit,DPV3-GF0025-2021-3-055-01,DiagnosticProfile,RBV3-GF0025-2021-3-055-01,GF0025-2021-3-055,【三55】,3,55,句子的类型,特殊句型,被动句,1,01,被动句1：主语+被/叫/让+宾语+动词+其他成分,,unsplit_official_entry,,DTV3-SEED-9DEB8FD0AD62,seed_reused,被字句候选,120,structural_pattern,(?:被动句|主语|动词|宾语|成分|叫|被|让),.+(被|叫|让).+,search,normalized_legacy_regex,,"[""patient"",""passive_marker"",""agent_optional"",""predicate""]","[""存在被动标记，且句中可解释出受事和受影响事件。"",""施事可以明示，也可以省略。"",""谓词通常表达动作、影响或结果状态。""]","[""候选片段过短，但原句附近可补足被动事件。""]","[""“被”出现在术语残片、语法说明或非句法用例中。"",""只有被动标记而无可解释谓词事件。""]","[""术语或说明文字触发""]","[""目标用例"",""边界问题"",""表层触发但非目标"",""结构缺槽"",""语义不兼容"",""其他具体构式"",""不确定/需复核""]","[""target_status"",""candidate_boundary"",""slot_status"",""structural_functional_status"",""licensed_evidence"",""runtime_evidence"",""rule_source_trace""]",.+(被|叫|让).+,normalized_compiles,REF-GF0025-2021,,GF0025-2021 PDF pp.176–259,appendix_span_verified,verified_inventory,false,[],machine_compiled,source_anchored,not_claimed,static_audit_passed,machine_compiled_source_anchored_static_audited
DUV3-GF0025-2021-3-056-01,DiagnosticUnit,DPV3-GF0025-2021-3-056-01,DiagnosticProfile,RBV3-GF0025-2021-3-056-01,GF0025-2021-3-056,【三56】,3,56,句子的类型,特殊句型,连动句,1,01,前一动作是后一动作的方式,连动句2,numbered_usage,（1）,DTV3-SEED-3283B870AA88,seed_reused,连动结构候选,120,structural_pattern,(?:前一动作是后一动作的方式),(?:前一动作是后一动作的方式),search,source_literal_retrieval_trigger,,"[""predicate_1"",""shared_argument"",""predicate_2"",""event_relation""]","[""候选片段覆盖连续动作链。"",""两个或多个谓词共享同一主体或存在事件先后/目的关系。""]","[""只截取动作链的一部分时标为边界问题。""]","[""普通动宾结构或单一谓词误触发。""]","[""只有普通动宾关系""]","[""目标用例"",""边界问题"",""表层触发但非目标"",""结构缺槽"",""语义不兼容"",""其他具体构式"",""不确定/需复核""]","[""target_status"",""candidate_boundary"",""slot_status"",""structural_functional_status"",""licensed_evidence"",""runtime_evidence"",""rule_source_trace""]",,not_available_source_literal_runtime,REF-GF0025-2021,207,GF0025-2021 PDF p.207,ocr_detected,verified_inventory,false,[],machine_compiled,source_anchored,not_claimed,static_audit_passed,machine_compiled_source_anchored_static_audited
DUV3-GF0025-2021-3-056-02,DiagnosticUnit,DPV3-GF0025-2021-3-056-02,DiagnosticProfile,RBV3-GF0025-2021-3-056-02,GF0025-2021-3-056,【三56】,3,56,句子的类型,特殊句型,连动句,2,02,后一动作是前一动作的目的,连动句2,numbered_usage,（2）,DTV3-SEED-3283B870AA88,seed_reused,连动结构候选,120,structural_pattern,(?:后一动作是前一动作的目的),(?:后一动作是前一动作的目的),search,source_literal_retrieval_trigger,,"[""predicate_1"",""shared_argument"",""predicate_2"",""event_relation""]","[""候选片段覆盖连续动作链。"",""两个或多个谓词共享同一主体或存在事件先后/目的关系。""]","[""只截取动作链的一部分时标为边界问题。""]","[""普通动宾结构或单一谓词误触发。""]","[""只有普通动宾关系""]","[""目标用例"",""边界问题"",""表层触发但非目标"",""结构缺槽"",""语义不兼容"",""其他具体构式"",""不确定/需复核""]","[""target_status"",""candidate_boundary"",""slot_status"",""structural_functional_status"",""licensed_evidence"",""runtime_evidence"",""rule_source_trace""]",,not_available_source_literal_runtime,REF-GF0025-2021,207,GF0025-2021 PDF p.207,ocr_detected,verified_inventory,false,[],machine_compiled,source_anchored,not_claimed,static_audit_passed,machine_compiled_source_anchored_static_audited
DUV3-GF0025-2021-3-057-01,DiagnosticUnit,DPV3-GF0025-2021-3-057-01,DiagnosticProfile,RBV3-GF0025-2021-3-057-01,GF0025-2021-3-057,【三57】,3,57,句子的类型,特殊句型,兼语句,1,01,兼语句1 表使令：主语+叫/派/请/让……+宾语1 +动词+宾语2,,unsplit_official_entry,,DTV3-SEED-A509368B3BA4,seed_reused,兼语结构候选,120,structural_pattern,(?:兼语句|表使令|主语|兼语|动词|宾语|叫|派|让|请),(?:兼语句|表使令|主语|兼语|动词|宾语|叫|派|让|请),search,source_literal_retrieval_trigger,,"[""predicate_1"",""shared_argument"",""predicate_2"",""event_relation""]","[""候选片段包含或可解释出“兼语结构”相关标记/结构线索。"",""候选片段满足所属语法家族的核心槽位要求：前项谓词、后项谓词、共享论元/兼语、对象、事件链关系。"",""候选片段在原句中承担该语法点的实际语法功能，而非仅有表层词形。""]","[""结构大体可定位但边界过短或过长。"",""标记存在但核心槽位需要结合上下文复核。""]","[""候选片段只是术语、标题、编号、残片或 OCR 混杂内容。"",""只有表层标记，无法构成所属语法家族的核心结构。""]","[""只有表层标记""]","[""目标用例"",""边界问题"",""表层触发但非目标"",""结构缺槽"",""语义不兼容"",""其他具体构式"",""不确定/需复核""]","[""target_status"",""candidate_boundary"",""slot_status"",""structural_functional_status"",""licensed_evidence"",""runtime_evidence"",""rule_source_trace""]",,not_available_source_literal_runtime,REF-GF0025-2021,207,GF0025-2021 PDF p.207,ocr_detected,verified_inventory,false,[],machine_compiled,source_anchored,not_claimed,static_audit_passed,machine_compiled_source_anchored_static_audited
DUV3-GF0025-2021-3-058-01,DiagnosticUnit,DPV3-GF0025-2021-3-058-01,DiagnosticProfile,RBV3-GF0025-2021-3-058-01,GF0025-2021-3-058,【三58】,3,58,句子的类型,特殊句型,比较句,1,01,A比B +动词+得+形容词,比较句4,numbered_usage,（1）,DTV3-SEED-08BB8899E67F,seed_reused,比字比较候选,120,structural_pattern,(?:形容词|动词|得|比),.+比.+得.+|.+不比.+|.+得比.+|.+比.+[多少早晚].+,search,normalized_legacy_regex_with_unit_specialization,(?:形容词|动词|得|比),"[""comparison_subject"",""comparison_marker"",""comparison_object"",""comparison_dimension""]","[""存在比较主体、比较对象和比较维度。"",""“比”引出比较对象而非其他介词功能。""]","[""差量或程度成分边界不完整，但比较关系可定位。""]","[""“比”出现在编号、比例、术语或非比较关系中。""]","[""与否定“没有”混淆""]","[""目标用例"",""边界问题"",""表层触发但非目标"",""结构缺槽"",""语义不兼容"",""其他具体构式"",""不确定/需复核""]","[""target_status"",""candidate_boundary"",""slot_status"",""structural_functional_status"",""licensed_evidence"",""runtime_evidence"",""rule_source_trace""]",.+比.+得.+|.+不比.+|.+得比.+|.+比.+[多少早晚].+,normalized_compiles,REF-GF0025-2021,207,GF0025-2021 PDF p.207,ocr_detected,verified_inventory,false,[],machine_compiled,source_anchored,not_claimed,static_audit_passed,machine_compiled_source_anchored_static_audited
DUV3-GF0025-2021-3-058-02,DiagnosticUnit,DPV3-GF0025-2021-3-058-02,DiagnosticProfile,RBV3-GF0025-2021-3-058-02,GF0025-2021-3-058,【三58】,3,58,句子的类型,特殊句型,比较句,2,02,A不比B +形容词,比较句4,numbered_usage,（2）,DTV3-SEED-08BB8899E67F,seed_reused,比字比较候选,120,structural_pattern,(?:形容词|不比|比),.+比.+得.+|.+不比.+|.+得比.+|.+比.+[多少早晚].+,search,normalized_legacy_regex_with_unit_specialization,(?:形容词|不比|比),"[""comparison_subject"",""comparison_marker"",""comparison_object"",""comparison_dimension""]","[""存在比较主体、比较对象和比较维度。"",""“比”引出比较对象而非其他介词功能。""]","[""差量或程度成分边界不完整，但比较关系可定位。""]","[""“比”出现在编号、比例、术语或非比较关系中。""]","[""与否定“没有”混淆""]","[""目标用例"",""边界问题"",""表层触发但非目标"",""结构缺槽"",""语义不兼容"",""其他具体构式"",""不确定/需复核""]","[""target_status"",""candidate_boundary"",""slot_status"",""structural_functional_status"",""licensed_evidence"",""runtime_evidence"",""rule_source_trace""]",.+比.+得.+|.+不比.+|.+得比.+|.+比.+[多少早晚].+,normalized_compiles,REF-GF0025-2021,207,GF0025-2021 PDF p.207,ocr_detected,verified_inventory,false,[],machine_compiled,source_anchored,not_claimed,static_audit_passed,machine_compiled_source_anchored_static_audited
DUV3-GF0025-2021-3-058-03,DiagnosticUnit,DPV3-GF0025-2021-3-058-03,DiagnosticProfile,RBV3-GF0025-2021-3-058-03,GF0025-2021-3-058,【三58】,3,58,句子的类型,特殊句型,比较句,3,03,A +动词+得+比+ B +形容词,比较句4,numbered_usage,（3）,DTV3-SEED-08BB8899E67F,seed_reused,比字比较候选,120,structural_pattern,(?:形容词|动词|得|比),.+比.+得.+|.+不比.+|.+得比.+|.+比.+[多少早晚].+,search,normalized_legacy_regex_with_unit_specialization,(?:形容词|动词|得|比),"[""comparison_subject"",""comparison_marker"",""comparison_object"",""comparison_dimension""]","[""存在比较主体、比较对象和比较维度。"",""“比”引出比较对象而非其他介词功能。""]","[""差量或程度成分边界不完整，但比较关系可定位。""]","[""“比”出现在编号、比例、术语或非比较关系中。""]","[""与否定“没有”混淆""]","[""目标用例"",""边界问题"",""表层触发但非目标"",""结构缺槽"",""语义不兼容"",""其他具体构式"",""不确定/需复核""]","[""target_status"",""candidate_boundary"",""slot_status"",""structural_functional_status"",""licensed_evidence"",""runtime_evidence"",""rule_source_trace""]",.+比.+得.+|.+不比.+|.+得比.+|.+比.+[多少早晚].+,normalized_compiles,REF-GF0025-2021,207,GF0025-2021 PDF p.207,ocr_detected,verified_inventory,false,[],machine_compiled,source_anchored,not_claimed,static_audit_passed,machine_compiled_source_anchored_static_audited
DUV3-GF0025-2021-3-058-04,DiagnosticUnit,DPV3-GF0025-2021-3-058-04,DiagnosticProfile,RBV3-GF0025-2021-3-058-04,GF0025-2021-3-058,【三58】,3,58,句子的类型,特殊句型,比较句,4,04,A比B +多/少/早/晚+动词+数量短语,比较句4,numbered_usage,（4）,DTV3-SEED-08BB8899E67F,seed_reused,比字比较候选,120,structural_pattern,(?:数量短语|动词|多|少|早|晚|比),.+比.+得.+|.+不比.+|.+得比.+|.+比.+[多少早晚].+,search,normalized_legacy_regex_with_unit_specialization,(?:数量短语|动词|多|少|早|晚|比),"[""comparison_subject"",""comparison_marker"",""comparison_object"",""comparison_dimension""]","[""存在比较主体、比较对象和比较维度。"",""“比”引出比较对象而非其他介词功能。""]","[""差量或程度成分边界不完整，但比较关系可定位。""]","[""“比”出现在编号、比例、术语或非比较关系中。""]","[""与否定“没有”混淆""]","[""目标用例"",""边界问题"",""表层触发但非目标"",""结构缺槽"",""语义不兼容"",""其他具体构式"",""不确定/需复核""]","[""target_status"",""candidate_boundary"",""slot_status"",""structural_functional_status"",""licensed_evidence"",""runtime_evidence"",""rule_source_trace""]",.+比.+得.+|.+不比.+|.+得比.+|.+比.+[多少早晚].+,normalized_compiles,REF-GF0025-2021,207,GF0025-2021 PDF p.207,ocr_detected,verified_inventory,false,[],machine_compiled,source_anchored,not_claimed,static_audit_passed,machine_compiled_source_anchored_static_audited
DUV3-GF0025-2021-3-059-01,DiagnosticUnit,DPV3-GF0025-2021-3-059-01,DiagnosticProfile,RBV3-GF0025-2021-3-059-01,GF0025-2021-3-059,【三59】,3,59,句子的类型,特殊句型,重动句,1,01,主语+动词+宾语+动词+补语,,unsplit_official_entry,,DTV3-TAX-1138767D2C3E,taxonomy_instantiated,,0,structural_pattern,(?:主语|动词|宾语|补语),(?:主语|动词|宾语|补语),search,source_literal_retrieval_trigger,,"[""subject_or_topic"",""predicate"",""construction_marker"",""clause_boundary""]","[""候选包含与权威条目 【三59】 对齐的可定位触发线索。"",""候选满足模板槽位：subject_or_topic、predicate、construction_marker、clause_boundary。"",""候选按 structural_pattern 模式实现 句子的类型 / 特殊句型 / 重动句 所规定的语法功能。""]","[""触发线索存在，但候选边界未覆盖完整构式。"",""局部槽位可定位，但至少一个必需槽位仅得到弱支持。""]","[""触发线索只出现在标题、编号、术语或元语言说明中。"",""必需槽位缺失，且上下文不能恢复目标结构或目标功能。""]","[""相同表层形式可能实现 特殊句型 中的非目标功能。"",""相邻构式共享触发形式，但槽位关系或语法功能不同。""]","[""目标用例"",""边界问题"",""表层触发但非目标"",""结构缺槽"",""语义不兼容"",""其他具体构式"",""不确定/需复核""]","[""target_status"",""candidate_boundary"",""slot_status"",""structural_functional_status"",""licensed_evidence"",""runtime_evidence"",""rule_source_trace""]",,not_available_source_literal_runtime,REF-GF0025-2021,,GF0025-2021 PDF pp.176–259,appendix_span_verified,verified_inventory,false,[],machine_compiled,source_anchored,not_claimed,static_audit_passed,machine_compiled_source_anchored_static_audited
DUV3-GF0025-2021-3-060-01,DiagnosticUnit,DPV3-GF0025-2021-3-060-01,DiagnosticProfile,RBV3-GF0025-2021-3-060-01,GF0025-2021-3-060,【三60】,3,60,句子的类型,复句,并列复句,1,01,（也）……，也……,,unsplit_official_entry,,DTV3-TAX-A5230521300C,taxonomy_instantiated,,0,structural_pattern,(?:也),也*.+，也.+,search,normalized_legacy_regex,,"[""clause_1"",""relation_marker"",""clause_2"",""logical_relation""]","[""候选包含与权威条目 【三60】 对齐的可定位触发线索。"",""候选满足模板槽位：clause_1、relation_marker、clause_2、logical_relation。"",""候选按 structural_pattern 模式实现 句子的类型 / 复句 / 并列复句 所规定的语法功能。""]","[""触发线索存在，但候选边界未覆盖完整构式。"",""局部槽位可定位，但至少一个必需槽位仅得到弱支持。""]","[""触发线索只出现在标题、编号、术语或元语言说明中。"",""必需槽位缺失，且上下文不能恢复目标结构或目标功能。""]","[""相同表层形式可能实现 复句 中的非目标功能。"",""相邻构式共享触发形式，但槽位关系或语法功能不同。""]","[""目标用例"",""边界问题"",""表层触发但非目标"",""结构缺槽"",""语义不兼容"",""其他具体构式"",""不确定/需复核""]","[""target_status"",""candidate_boundary"",""slot_status"",""structural_functional_status"",""licensed_evidence"",""runtime_evidence"",""rule_source_trace""]",也*.+，也.+,normalized_compiles,REF-GF0025-2021,,GF0025-2021 PDF pp.176–259,appendix_span_verified,verified_inventory,false,[],machine_compiled,source_anchored,not_claimed,static_audit_passed,machine_compiled_source_anchored_static_audited
DUV3-GF0025-2021-3-061-01,DiagnosticUnit,DPV3-GF0025-2021-3-061-01,DiagnosticProfile,RBV3-GF0025-2021-3-061-01,GF0025-2021-3-061,【三61】,3,61,句子的类型,复句,并列复句,1,01,一会儿……，一会儿……,,unsplit_official_entry,,DTV3-TAX-A5230521300C,taxonomy_instantiated,,0,structural_pattern,(?:一会儿),一会儿.+，一会儿.+,search,normalized_legacy_regex,,"[""clause_1"",""relation_marker"",""clause_2"",""logical_relation""]","[""候选包含与权威条目 【三61】 对齐的可定位触发线索。"",""候选满足模板槽位：clause_1、relation_marker、clause_2、logical_relation。"",""候选按 structural_pattern 模式实现 句子的类型 / 复句 / 并列复句 所规定的语法功能。""]","[""触发线索存在，但候选边界未覆盖完整构式。"",""局部槽位可定位，但至少一个必需槽位仅得到弱支持。""]","[""触发线索只出现在标题、编号、术语或元语言说明中。"",""必需槽位缺失，且上下文不能恢复目标结构或目标功能。""]","[""相同表层形式可能实现 复句 中的非目标功能。"",""相邻构式共享触发形式，但槽位关系或语法功能不同。""]","[""目标用例"",""边界问题"",""表层触发但非目标"",""结构缺槽"",""语义不兼容"",""其他具体构式"",""不确定/需复核""]","[""target_status"",""candidate_boundary"",""slot_status"",""structural_functional_status"",""licensed_evidence"",""runtime_evidence"",""rule_source_trace""]",一会儿.+，一会儿.+,normalized_compiles,REF-GF0025-2021,,GF0025-2021 PDF pp.176–259,appendix_span_verified,verified_inventory,false,[],machine_compiled,source_anchored,not_claimed,static_audit_passed,machine_compiled_source_anchored_static_audited
DUV3-GF0025-2021-3-062-01,DiagnosticUnit,DPV3-GF0025-2021-3-062-01,DiagnosticProfile,RBV3-GF0025-2021-3-062-01,GF0025-2021-3-062,【三62】,3,62,句子的类型,复句,并列复句,1,01,一方面……，另一方面……,,unsplit_official_entry,,DTV3-TAX-A5230521300C,taxonomy_instantiated,,0,structural_pattern,(?:另一方面|一方面),一方面.+，另一方面.+,search,normalized_legacy_regex,,"[""clause_1"",""relation_marker"",""clause_2"",""logical_relation""]","[""候选包含与权威条目 【三62】 对齐的可定位触发线索。"",""候选满足模板槽位：clause_1、relation_marker、clause_2、logical_relation。"",""候选按 structural_pattern 模式实现 句子的类型 / 复句 / 并列复句 所规定的语法功能。""]","[""触发线索存在，但候选边界未覆盖完整构式。"",""局部槽位可定位，但至少一个必需槽位仅得到弱支持。""]","[""触发线索只出现在标题、编号、术语或元语言说明中。"",""必需槽位缺失，且上下文不能恢复目标结构或目标功能。""]","[""相同表层形式可能实现 复句 中的非目标功能。"",""相邻构式共享触发形式，但槽位关系或语法功能不同。""]","[""目标用例"",""边界问题"",""表层触发但非目标"",""结构缺槽"",""语义不兼容"",""其他具体构式"",""不确定/需复核""]","[""target_status"",""candidate_boundary"",""slot_status"",""structural_functional_status"",""licensed_evidence"",""runtime_evidence"",""rule_source_trace""]",一方面.+，另一方面.+,normalized_compiles,REF-GF0025-2021,208,GF0025-2021 PDF p.208,ocr_detected,verified_inventory,false,[],machine_compiled,source_anchored,not_claimed,static_audit_passed,machine_compiled_source_anchored_static_audited
DUV3-GF0025-2021-3-063-01,DiagnosticUnit,DPV3-GF0025-2021-3-063-01,DiagnosticProfile,RBV3-GF0025-2021-3-063-01,GF0025-2021-3-063,【三63】,3,63,句子的类型,复句,并列复句,1,01,又……，又……,,unsplit_official_entry,,DTV3-TAX-A5230521300C,taxonomy_instantiated,,0,structural_pattern,(?:又),又.+，又.+,search,normalized_legacy_regex,,"[""clause_1"",""relation_marker"",""clause_2"",""logical_relation""]","[""候选包含与权威条目 【三63】 对齐的可定位触发线索。"",""候选满足模板槽位：clause_1、relation_marker、clause_2、logical_relation。"",""候选按 structural_pattern 模式实现 句子的类型 / 复句 / 并列复句 所规定的语法功能。""]","[""触发线索存在，但候选边界未覆盖完整构式。"",""局部槽位可定位，但至少一个必需槽位仅得到弱支持。""]","[""触发线索只出现在标题、编号、术语或元语言说明中。"",""必需槽位缺失，且上下文不能恢复目标结构或目标功能。""]","[""相同表层形式可能实现 复句 中的非目标功能。"",""相邻构式共享触发形式，但槽位关系或语法功能不同。""]","[""目标用例"",""边界问题"",""表层触发但非目标"",""结构缺槽"",""语义不兼容"",""其他具体构式"",""不确定/需复核""]","[""target_status"",""candidate_boundary"",""slot_status"",""structural_functional_status"",""licensed_evidence"",""runtime_evidence"",""rule_source_trace""]",又.+，又.+,normalized_compiles,REF-GF0025-2021,,GF0025-2021 PDF pp.176–259,appendix_span_verified,verified_inventory,false,[],machine_compiled,source_anchored,not_claimed,static_audit_passed,machine_compiled_source_anchored_static_audited
DUV3-GF0025-2021-3-064-01,DiagnosticUnit,DPV3-GF0025-2021-3-064-01,DiagnosticProfile,RBV3-GF0025-2021-3-064-01,GF0025-2021-3-064,【三64】,3,64,句子的类型,复句,承接复句,1,01,首先……，然后……,,unsplit_official_entry,,DTV3-TAX-139E6033C389,taxonomy_instantiated,,0,structural_pattern,(?:然后|首先),首先.+，然后.+,search,normalized_legacy_regex,,"[""clause_1"",""relation_marker"",""clause_2"",""logical_relation""]","[""候选包含与权威条目 【三64】 对齐的可定位触发线索。"",""候选满足模板槽位：clause_1、relation_marker、clause_2、logical_relation。"",""候选按 structural_pattern 模式实现 句子的类型 / 复句 / 承接复句 所规定的语法功能。""]","[""触发线索存在，但候选边界未覆盖完整构式。"",""局部槽位可定位，但至少一个必需槽位仅得到弱支持。""]","[""触发线索只出现在标题、编号、术语或元语言说明中。"",""必需槽位缺失，且上下文不能恢复目标结构或目标功能。""]","[""相同表层形式可能实现 复句 中的非目标功能。"",""相邻构式共享触发形式，但槽位关系或语法功能不同。""]","[""目标用例"",""边界问题"",""表层触发但非目标"",""结构缺槽"",""语义不兼容"",""其他具体构式"",""不确定/需复核""]","[""target_status"",""candidate_boundary"",""slot_status"",""structural_functional_status"",""licensed_evidence"",""runtime_evidence"",""rule_source_trace""]",首先.+，然后.+,normalized_compiles,REF-GF0025-2021,208,GF0025-2021 PDF p.208,ocr_detected,verified_inventory,false,[],machine_compiled,source_anchored,not_claimed,static_audit_passed,machine_compiled_source_anchored_static_audited
DUV3-GF0025-2021-3-065-01,DiagnosticUnit,DPV3-GF0025-2021-3-065-01,DiagnosticProfile,RBV3-GF0025-2021-3-065-01,GF0025-2021-3-065,【三65】,3,65,句子的类型,复句,递进复句,1,01,……，并且……,,unsplit_official_entry,,DTV3-TAX-F195974A2CD0,taxonomy_instantiated,,0,structural_pattern,(?:并且),.+，并且.+,search,normalized_legacy_regex,,"[""clause_1"",""relation_marker"",""clause_2"",""logical_relation""]","[""候选包含与权威条目 【三65】 对齐的可定位触发线索。"",""候选满足模板槽位：clause_1、relation_marker、clause_2、logical_relation。"",""候选按 structural_pattern 模式实现 句子的类型 / 复句 / 递进复句 所规定的语法功能。""]","[""触发线索存在，但候选边界未覆盖完整构式。"",""局部槽位可定位，但至少一个必需槽位仅得到弱支持。""]","[""触发线索只出现在标题、编号、术语或元语言说明中。"",""必需槽位缺失，且上下文不能恢复目标结构或目标功能。""]","[""相同表层形式可能实现 复句 中的非目标功能。"",""相邻构式共享触发形式，但槽位关系或语法功能不同。""]","[""目标用例"",""边界问题"",""表层触发但非目标"",""结构缺槽"",""语义不兼容"",""其他具体构式"",""不确定/需复核""]","[""target_status"",""candidate_boundary"",""slot_status"",""structural_functional_status"",""licensed_evidence"",""runtime_evidence"",""rule_source_trace""]",.+，并且.+,normalized_compiles,REF-GF0025-2021,208,GF0025-2021 PDF p.208,ocr_detected,verified_inventory,false,[],machine_compiled,source_anchored,not_claimed,static_audit_passed,machine_compiled_source_anchored_static_audited
DUV3-GF0025-2021-3-066-01,DiagnosticUnit,DPV3-GF0025-2021-3-066-01,DiagnosticProfile,RBV3-GF0025-2021-3-066-01,GF0025-2021-3-066,【三66】,3,66,句子的类型,复句,递进复句,1,01,不仅/不光……，还/而且……,,unsplit_official_entry,,DTV3-TAX-F195974A2CD0,taxonomy_instantiated,,0,structural_pattern,(?:不仅|不光|而且|还),(不仅|不光).+，(还|而且).+,search,normalized_legacy_regex,,"[""clause_1"",""relation_marker"",""clause_2"",""logical_relation""]","[""候选包含与权威条目 【三66】 对齐的可定位触发线索。"",""候选满足模板槽位：clause_1、relation_marker、clause_2、logical_relation。"",""候选按 structural_pattern 模式实现 句子的类型 / 复句 / 递进复句 所规定的语法功能。""]","[""触发线索存在，但候选边界未覆盖完整构式。"",""局部槽位可定位，但至少一个必需槽位仅得到弱支持。""]","[""触发线索只出现在标题、编号、术语或元语言说明中。"",""必需槽位缺失，且上下文不能恢复目标结构或目标功能。""]","[""相同表层形式可能实现 复句 中的非目标功能。"",""相邻构式共享触发形式，但槽位关系或语法功能不同。""]","[""目标用例"",""边界问题"",""表层触发但非目标"",""结构缺槽"",""语义不兼容"",""其他具体构式"",""不确定/需复核""]","[""target_status"",""candidate_boundary"",""slot_status"",""structural_functional_status"",""licensed_evidence"",""runtime_evidence"",""rule_source_trace""]",(不仅|不光).+，(还|而且).+,normalized_compiles,REF-GF0025-2021,209,GF0025-2021 PDF p.209,ocr_detected,verified_inventory,false,[],machine_compiled,source_anchored,not_claimed,static_audit_passed,machine_compiled_source_anchored_static_audited
DUV3-GF0025-2021-3-067-01,DiagnosticUnit,DPV3-GF0025-2021-3-067-01,DiagnosticProfile,RBV3-GF0025-2021-3-067-01,GF0025-2021-3-067,【三67】,3,67,句子的类型,复句,选择复句,1,01,不是……，就是……,,unsplit_official_entry,,DTV3-TAX-443ED70B27CA,taxonomy_instantiated,,0,structural_pattern,(?:不是|就是),不是.+，就是.+,search,normalized_legacy_regex,,"[""clause_1"",""relation_marker"",""clause_2"",""logical_relation""]","[""候选包含与权威条目 【三67】 对齐的可定位触发线索。"",""候选满足模板槽位：clause_1、relation_marker、clause_2、logical_relation。"",""候选按 structural_pattern 模式实现 句子的类型 / 复句 / 选择复句 所规定的语法功能。""]","[""触发线索存在，但候选边界未覆盖完整构式。"",""局部槽位可定位，但至少一个必需槽位仅得到弱支持。""]","[""触发线索只出现在标题、编号、术语或元语言说明中。"",""必需槽位缺失，且上下文不能恢复目标结构或目标功能。""]","[""相同表层形式可能实现 复句 中的非目标功能。"",""相邻构式共享触发形式，但槽位关系或语法功能不同。""]","[""目标用例"",""边界问题"",""表层触发但非目标"",""结构缺槽"",""语义不兼容"",""其他具体构式"",""不确定/需复核""]","[""target_status"",""candidate_boundary"",""slot_status"",""structural_functional_status"",""licensed_evidence"",""runtime_evidence"",""rule_source_trace""]",不是.+，就是.+,normalized_compiles,REF-GF0025-2021,209,GF0025-2021 PDF p.209,ocr_detected,verified_inventory,false,[],machine_compiled,source_anchored,not_claimed,static_audit_passed,machine_compiled_source_anchored_static_audited
DUV3-GF0025-2021-3-068-01,DiagnosticUnit,DPV3-GF0025-2021-3-068-01,DiagnosticProfile,RBV3-GF0025-2021-3-068-01,GF0025-2021-3-068,【三68】,3,68,句子的类型,复句,转折复句,1,01,……X是X，就是/不过……,,unsplit_official_entry,,DTV3-TAX-AD89E45C5965,taxonomy_instantiated,,0,structural_pattern,(?:不过|就是|是),.+([一-龥]+)是\1，(就是|不过).+,search,normalized_legacy_regex,,"[""clause_1"",""relation_marker"",""clause_2"",""logical_relation""]","[""候选包含与权威条目 【三68】 对齐的可定位触发线索。"",""候选满足模板槽位：clause_1、relation_marker、clause_2、logical_relation。"",""候选按 structural_pattern 模式实现 句子的类型 / 复句 / 转折复句 所规定的语法功能。""]","[""触发线索存在，但候选边界未覆盖完整构式。"",""局部槽位可定位，但至少一个必需槽位仅得到弱支持。""]","[""触发线索只出现在标题、编号、术语或元语言说明中。"",""必需槽位缺失，且上下文不能恢复目标结构或目标功能。""]","[""相同表层形式可能实现 复句 中的非目标功能。"",""相邻构式共享触发形式，但槽位关系或语法功能不同。""]","[""目标用例"",""边界问题"",""表层触发但非目标"",""结构缺槽"",""语义不兼容"",""其他具体构式"",""不确定/需复核""]","[""target_status"",""candidate_boundary"",""slot_status"",""structural_functional_status"",""licensed_evidence"",""runtime_evidence"",""rule_source_trace""]",.+([一-龥]+)是\1，(就是|不过).+,normalized_compiles,REF-GF0025-2021,209,GF0025-2021 PDF p.209,ocr_detected,verified_inventory,false,[],machine_compiled,source_anchored,not_claimed,static_audit_passed,machine_compiled_source_anchored_static_audited
DUV3-GF0025-2021-3-069-01,DiagnosticUnit,DPV3-GF0025-2021-3-069-01,DiagnosticProfile,RBV3-GF0025-2021-3-069-01,GF0025-2021-3-069,【三69】,3,69,句子的类型,复句,假设复句,1,01,要是……，就……,,unsplit_official_entry,,DTV3-TAX-2F14DA2C956B,taxonomy_instantiated,,0,structural_pattern,(?:要是|就),要是.+，就.+,search,normalized_legacy_regex,,"[""clause_1"",""relation_marker"",""clause_2"",""logical_relation""]","[""候选包含与权威条目 【三69】 对齐的可定位触发线索。"",""候选满足模板槽位：clause_1、relation_marker、clause_2、logical_relation。"",""候选按 structural_pattern 模式实现 句子的类型 / 复句 / 假设复句 所规定的语法功能。""]","[""触发线索存在，但候选边界未覆盖完整构式。"",""局部槽位可定位，但至少一个必需槽位仅得到弱支持。""]","[""触发线索只出现在标题、编号、术语或元语言说明中。"",""必需槽位缺失，且上下文不能恢复目标结构或目标功能。""]","[""相同表层形式可能实现 复句 中的非目标功能。"",""相邻构式共享触发形式，但槽位关系或语法功能不同。""]","[""目标用例"",""边界问题"",""表层触发但非目标"",""结构缺槽"",""语义不兼容"",""其他具体构式"",""不确定/需复核""]","[""target_status"",""candidate_boundary"",""slot_status"",""structural_functional_status"",""licensed_evidence"",""runtime_evidence"",""rule_source_trace""]",要是.+，就.+,normalized_compiles,REF-GF0025-2021,209,GF0025-2021 PDF p.209,ocr_detected,verified_inventory,false,[],machine_compiled,source_anchored,not_claimed,static_audit_passed,machine_compiled_source_anchored_static_audited
DUV3-GF0025-2021-3-070-01,DiagnosticUnit,DPV3-GF0025-2021-3-070-01,DiagnosticProfile,RBV3-GF0025-2021-3-070-01,GF0025-2021-3-070,【三70】,3,70,句子的类型,复句,条件复句,1,01,只有……，才……,,unsplit_official_entry,,DTV3-TAX-7339286D54C6,taxonomy_instantiated,,0,structural_pattern,(?:只有|才),只有.+，才.+,search,normalized_legacy_regex,,"[""clause_1"",""relation_marker"",""clause_2"",""logical_relation""]","[""候选包含与权威条目 【三70】 对齐的可定位触发线索。"",""候选满足模板槽位：clause_1、relation_marker、clause_2、logical_relation。"",""候选按 structural_pattern 模式实现 句子的类型 / 复句 / 条件复句 所规定的语法功能。""]","[""触发线索存在，但候选边界未覆盖完整构式。"",""局部槽位可定位，但至少一个必需槽位仅得到弱支持。""]","[""触发线索只出现在标题、编号、术语或元语言说明中。"",""必需槽位缺失，且上下文不能恢复目标结构或目标功能。""]","[""相同表层形式可能实现 复句 中的非目标功能。"",""相邻构式共享触发形式，但槽位关系或语法功能不同。""]","[""目标用例"",""边界问题"",""表层触发但非目标"",""结构缺槽"",""语义不兼容"",""其他具体构式"",""不确定/需复核""]","[""target_status"",""candidate_boundary"",""slot_status"",""structural_functional_status"",""licensed_evidence"",""runtime_evidence"",""rule_source_trace""]",只有.+，才.+,normalized_compiles,REF-GF0025-2021,,GF0025-2021 PDF pp.176–259,appendix_span_verified,verified_inventory,false,[],machine_compiled,source_anchored,not_claimed,static_audit_passed,machine_compiled_source_anchored_static_audited
DUV3-GF0025-2021-3-071-01,DiagnosticUnit,DPV3-GF0025-2021-3-071-01,DiagnosticProfile,RBV3-GF0025-2021-3-071-01,GF0025-2021-3-071,【三71】,3,71,句子的类型,复句,因果复句,1,01,（由于）……，所以/因此……,,unsplit_official_entry,,DTV3-SEED-96E6B9AEBCE6,seed_reused,所以候选,105,structural_pattern,(?:因此|所以|由于),(由于)*.+，(所以|因此).+,search,normalized_legacy_regex,,"[""clause_1"",""relation_marker_1"",""clause_2"",""relation_marker_2""]","[""候选片段包含或可解释出“所以”相关标记/结构线索。"",""候选片段满足所属语法家族的核心槽位要求：前项关联标记、前项分句、后项关联标记、后项分句、逻辑关系。"",""候选片段在原句中承担该语法点的实际语法功能，而非仅有表层词形。""]","[""结构大体可定位但边界过短或过长。"",""标记存在但核心槽位需要结合上下文复核。""]","[""候选片段只是术语、标题、编号、残片或 OCR 混杂内容。"",""只有表层标记，无法构成所属语法家族的核心结构。""]","[""只有表层标记""]","[""目标用例"",""边界问题"",""表层触发但非目标"",""结构缺槽"",""语义不兼容"",""其他具体构式"",""不确定/需复核""]","[""target_status"",""candidate_boundary"",""slot_status"",""structural_functional_status"",""licensed_evidence"",""runtime_evidence"",""rule_source_trace""]",(由于)*.+，(所以|因此).+,normalized_compiles,REF-GF0025-2021,209,GF0025-2021 PDF p.209,ocr_detected,verified_inventory,false,[],machine_compiled,source_anchored,not_claimed,static_audit_passed,machine_compiled_source_anchored_static_audited
DUV3-GF0025-2021-3-072-01,DiagnosticUnit,DPV3-GF0025-2021-3-072-01,DiagnosticProfile,RBV3-GF0025-2021-3-072-01,GF0025-2021-3-072,【三72】,3,72,句子的类型,复句,目的复句,1,01,为了……，……,,unsplit_official_entry,,DTV3-TAX-CE72822A7F69,taxonomy_instantiated,,0,structural_pattern,(?:为了),为了.+，.+,search,normalized_legacy_regex,,"[""clause_1"",""relation_marker"",""clause_2"",""logical_relation""]","[""候选包含与权威条目 【三72】 对齐的可定位触发线索。"",""候选满足模板槽位：clause_1、relation_marker、clause_2、logical_relation。"",""候选按 structural_pattern 模式实现 句子的类型 / 复句 / 目的复句 所规定的语法功能。""]","[""触发线索存在，但候选边界未覆盖完整构式。"",""局部槽位可定位，但至少一个必需槽位仅得到弱支持。""]","[""触发线索只出现在标题、编号、术语或元语言说明中。"",""必需槽位缺失，且上下文不能恢复目标结构或目标功能。""]","[""相同表层形式可能实现 复句 中的非目标功能。"",""相邻构式共享触发形式，但槽位关系或语法功能不同。""]","[""目标用例"",""边界问题"",""表层触发但非目标"",""结构缺槽"",""语义不兼容"",""其他具体构式"",""不确定/需复核""]","[""target_status"",""candidate_boundary"",""slot_status"",""structural_functional_status"",""licensed_evidence"",""runtime_evidence"",""rule_source_trace""]",为了.+，.+,normalized_compiles,REF-GF0025-2021,209,GF0025-2021 PDF p.209,ocr_detected,verified_inventory,false,[],machine_compiled,source_anchored,not_claimed,static_audit_passed,machine_compiled_source_anchored_static_audited
DUV3-GF0025-2021-3-073-01,DiagnosticUnit,DPV3-GF0025-2021-3-073-01,DiagnosticProfile,RBV3-GF0025-2021-3-073-01,GF0025-2021-3-073,【三73】,3,73,句子的类型,复句,紧缩复句,1,01,……了……（就）……,,unsplit_official_entry,,DTV3-TAX-1091FC162FDB,taxonomy_instantiated,,0,structural_pattern,(?:了|就),.+了.+就*.+,search,normalized_legacy_regex,,"[""clause_1"",""relation_marker"",""clause_2"",""logical_relation""]","[""候选包含与权威条目 【三73】 对齐的可定位触发线索。"",""候选满足模板槽位：clause_1、relation_marker、clause_2、logical_relation。"",""候选按 structural_pattern 模式实现 句子的类型 / 复句 / 紧缩复句 所规定的语法功能。""]","[""触发线索存在，但候选边界未覆盖完整构式。"",""局部槽位可定位，但至少一个必需槽位仅得到弱支持。""]","[""触发线索只出现在标题、编号、术语或元语言说明中。"",""必需槽位缺失，且上下文不能恢复目标结构或目标功能。""]","[""相同表层形式可能实现 复句 中的非目标功能。"",""相邻构式共享触发形式，但槽位关系或语法功能不同。""]","[""目标用例"",""边界问题"",""表层触发但非目标"",""结构缺槽"",""语义不兼容"",""其他具体构式"",""不确定/需复核""]","[""target_status"",""candidate_boundary"",""slot_status"",""structural_functional_status"",""licensed_evidence"",""runtime_evidence"",""rule_source_trace""]",.+了.+就*.+,normalized_compiles,REF-GF0025-2021,,GF0025-2021 PDF pp.176–259,appendix_span_verified,verified_inventory,false,[],machine_compiled,source_anchored,not_claimed,static_audit_passed,machine_compiled_source_anchored_static_audited
DUV3-GF0025-2021-3-074-01,DiagnosticUnit,DPV3-GF0025-2021-3-074-01,DiagnosticProfile,RBV3-GF0025-2021-3-074-01,GF0025-2021-3-074,【三74】,3,74,特殊表达法,数的表示法,,1,01,用“大概、大约、几”表示概数,概数表示法2,numbered_usage,（1）,DTV3-TAX-92495A46D25D,taxonomy_instantiated,,0,complex_functional,(?:大概|大约|概数|几|用),(?:大概|大约|概数|几|用),search,source_literal_retrieval_trigger,,"[""trigger"",""local_context"",""construction_boundary""]","[""候选包含与权威条目 【三74】 对齐的可定位触发线索。"",""候选满足模板槽位：trigger、local_context、construction_boundary。"",""候选按 complex_functional 模式实现 特殊表达法 / 数的表示法 / 未列小项 所规定的语法功能。""]","[""触发线索存在，但候选边界未覆盖完整构式。"",""局部槽位可定位，但至少一个必需槽位仅得到弱支持。""]","[""触发线索只出现在标题、编号、术语或元语言说明中。"",""必需槽位缺失，且上下文不能恢复目标结构或目标功能。""]","[""相同表层形式可能实现 数的表示法 中的非目标功能。"",""相邻构式共享触发形式，但槽位关系或语法功能不同。""]","[""目标用例"",""边界问题"",""表层触发但非目标"",""结构缺槽"",""语义不兼容"",""其他具体构式"",""不确定/需复核""]","[""target_status"",""candidate_boundary"",""slot_status"",""structural_functional_status"",""licensed_evidence"",""runtime_evidence"",""rule_source_trace""]",,not_available_source_literal_runtime,REF-GF0025-2021,,GF0025-2021 PDF pp.176–259,appendix_span_verified,verified_inventory,false,[],machine_compiled,source_anchored,not_claimed,static_audit_passed,machine_compiled_source_anchored_static_audited
DUV3-GF0025-2021-3-074-02,DiagnosticUnit,DPV3-GF0025-2021-3-074-02,DiagnosticProfile,RBV3-GF0025-2021-3-074-02,GF0025-2021-3-074,【三74】,3,74,特殊表达法,数的表示法,,2,02,相邻数词连用表示概数,概数表示法2,numbered_usage,（2）,DTV3-TAX-92495A46D25D,taxonomy_instantiated,,0,complex_functional,(?:相邻数词连用|概数),(?:相邻数词连用|概数),search,source_literal_retrieval_trigger,,"[""trigger"",""local_context"",""construction_boundary""]","[""候选包含与权威条目 【三74】 对齐的可定位触发线索。"",""候选满足模板槽位：trigger、local_context、construction_boundary。"",""候选按 complex_functional 模式实现 特殊表达法 / 数的表示法 / 未列小项 所规定的语法功能。""]","[""触发线索存在，但候选边界未覆盖完整构式。"",""局部槽位可定位，但至少一个必需槽位仅得到弱支持。""]","[""触发线索只出现在标题、编号、术语或元语言说明中。"",""必需槽位缺失，且上下文不能恢复目标结构或目标功能。""]","[""相同表层形式可能实现 数的表示法 中的非目标功能。"",""相邻构式共享触发形式，但槽位关系或语法功能不同。""]","[""目标用例"",""边界问题"",""表层触发但非目标"",""结构缺槽"",""语义不兼容"",""其他具体构式"",""不确定/需复核""]","[""target_status"",""candidate_boundary"",""slot_status"",""structural_functional_status"",""licensed_evidence"",""runtime_evidence"",""rule_source_trace""]",,not_available_source_literal_runtime,REF-GF0025-2021,,GF0025-2021 PDF pp.176–259,appendix_span_verified,verified_inventory,false,[],machine_compiled,source_anchored,not_claimed,static_audit_passed,machine_compiled_source_anchored_static_audited
DUV3-GF0025-2021-3-074-03,DiagnosticUnit,DPV3-GF0025-2021-3-074-03,DiagnosticProfile,RBV3-GF0025-2021-3-074-03,GF0025-2021-3-074,【三74】,3,74,特殊表达法,数的表示法,,3,03,用“左右、前后”表示概数,概数表示法2,numbered_usage,（3）,DTV3-TAX-92495A46D25D,taxonomy_instantiated,,0,complex_functional,(?:前后|左右|概数|用),(?:前后|左右|概数|用),search,source_literal_retrieval_trigger,,"[""trigger"",""local_context"",""construction_boundary""]","[""候选包含与权威条目 【三74】 对齐的可定位触发线索。"",""候选满足模板槽位：trigger、local_context、construction_boundary。"",""候选按 complex_functional 模式实现 特殊表达法 / 数的表示法 / 未列小项 所规定的语法功能。""]","[""触发线索存在，但候选边界未覆盖完整构式。"",""局部槽位可定位，但至少一个必需槽位仅得到弱支持。""]","[""触发线索只出现在标题、编号、术语或元语言说明中。"",""必需槽位缺失，且上下文不能恢复目标结构或目标功能。""]","[""相同表层形式可能实现 数的表示法 中的非目标功能。"",""相邻构式共享触发形式，但槽位关系或语法功能不同。""]","[""目标用例"",""边界问题"",""表层触发但非目标"",""结构缺槽"",""语义不兼容"",""其他具体构式"",""不确定/需复核""]","[""target_status"",""candidate_boundary"",""slot_status"",""structural_functional_status"",""licensed_evidence"",""runtime_evidence"",""rule_source_trace""]",,not_available_source_literal_runtime,REF-GF0025-2021,,GF0025-2021 PDF pp.176–259,appendix_span_verified,verified_inventory,false,[],machine_compiled,source_anchored,not_claimed,static_audit_passed,machine_compiled_source_anchored_static_audited
DUV3-GF0025-2021-3-075-01,DiagnosticUnit,DPV3-GF0025-2021-3-075-01,DiagnosticProfile,RBV3-GF0025-2021-3-075-01,GF0025-2021-3-075,【三75】,3,75,强调的方法,未细分,,1,01,用“一点儿也不……”表示强调,,unsplit_official_entry,,DTV3-POINT-D0B5A43864C5,point_specific_instantiated,,0,complex_functional,(?:一点儿也不|强调|用),一点儿也不,search,normalized_legacy_regex,,"[""focus_expression"",""focus_marker"",""proposition""]","[""候选包含与权威条目 【三75】 对齐的可定位触发线索。"",""候选满足模板槽位：focus_expression、focus_marker、proposition。"",""候选按 complex_functional 模式实现 强调的方法 / 未细分 / 未列小项 所规定的语法功能。""]","[""触发线索存在，但候选边界未覆盖完整构式。"",""局部槽位可定位，但至少一个必需槽位仅得到弱支持。""]","[""触发线索只出现在标题、编号、术语或元语言说明中。"",""必需槽位缺失，且上下文不能恢复目标结构或目标功能。""]","[""相同表层形式可能实现 未细分 中的非目标功能。"",""相邻构式共享触发形式，但槽位关系或语法功能不同。""]","[""目标用例"",""边界问题"",""表层触发但非目标"",""结构缺槽"",""语义不兼容"",""其他具体构式"",""不确定/需复核""]","[""target_status"",""candidate_boundary"",""slot_status"",""structural_functional_status"",""licensed_evidence"",""runtime_evidence"",""rule_source_trace""]",一点儿也不,normalized_compiles,REF-GF0025-2021,210,GF0025-2021 PDF p.210,ocr_detected,verified_inventory,false,[],machine_compiled,source_anchored,not_claimed,static_audit_passed,machine_compiled_source_anchored_static_audited
DUV3-GF0025-2021-3-076-01,DiagnosticUnit,DPV3-GF0025-2021-3-076-01,DiagnosticProfile,RBV3-GF0025-2021-3-076-01,GF0025-2021-3-076,【三76】,3,76,强调的方法,未细分,,1,01,用反问句表示强调 反问句1：不是……吗？/难道……吗？,,unsplit_official_entry,,DTV3-POINT-1205E339752F,point_specific_instantiated,,0,complex_functional,(?:用反问句|反问句|不是|强调|难道|吗),(不是|难道).+吗？,search,normalized_legacy_regex,,"[""focus_expression"",""focus_marker"",""proposition""]","[""候选包含与权威条目 【三76】 对齐的可定位触发线索。"",""候选满足模板槽位：focus_expression、focus_marker、proposition。"",""候选按 complex_functional 模式实现 强调的方法 / 未细分 / 未列小项 所规定的语法功能。""]","[""触发线索存在，但候选边界未覆盖完整构式。"",""局部槽位可定位，但至少一个必需槽位仅得到弱支持。""]","[""触发线索只出现在标题、编号、术语或元语言说明中。"",""必需槽位缺失，且上下文不能恢复目标结构或目标功能。""]","[""相同表层形式可能实现 未细分 中的非目标功能。"",""相邻构式共享触发形式，但槽位关系或语法功能不同。""]","[""目标用例"",""边界问题"",""表层触发但非目标"",""结构缺槽"",""语义不兼容"",""其他具体构式"",""不确定/需复核""]","[""target_status"",""candidate_boundary"",""slot_status"",""structural_functional_status"",""licensed_evidence"",""runtime_evidence"",""rule_source_trace""]",(不是|难道).+吗？,normalized_compiles,REF-GF0025-2021,210,GF0025-2021 PDF p.210,ocr_detected,verified_inventory,false,[],machine_compiled,source_anchored,not_claimed,static_audit_passed,machine_compiled_source_anchored_static_audited
DUV3-GF0025-2021-3-077-01,DiagnosticUnit,DPV3-GF0025-2021-3-077-01,DiagnosticProfile,RBV3-GF0025-2021-3-077-01,GF0025-2021-3-077,【三77】,3,77,强调的方法,未细分,,1,01,用“是”表示强调,,unsplit_official_entry,,DTV3-POINT-729976D50897,point_specific_instantiated,,0,complex_functional,(?:用“是”表示强调|强调|是|用),(?:用“是”表示强调|强调|是|用),search,source_literal_retrieval_trigger,,"[""focus_expression"",""focus_marker"",""proposition""]","[""候选包含与权威条目 【三77】 对齐的可定位触发线索。"",""候选满足模板槽位：focus_expression、focus_marker、proposition。"",""候选按 complex_functional 模式实现 强调的方法 / 未细分 / 未列小项 所规定的语法功能。""]","[""触发线索存在，但候选边界未覆盖完整构式。"",""局部槽位可定位，但至少一个必需槽位仅得到弱支持。""]","[""触发线索只出现在标题、编号、术语或元语言说明中。"",""必需槽位缺失，且上下文不能恢复目标结构或目标功能。""]","[""相同表层形式可能实现 未细分 中的非目标功能。"",""相邻构式共享触发形式，但槽位关系或语法功能不同。""]","[""目标用例"",""边界问题"",""表层触发但非目标"",""结构缺槽"",""语义不兼容"",""其他具体构式"",""不确定/需复核""]","[""target_status"",""candidate_boundary"",""slot_status"",""structural_functional_status"",""licensed_evidence"",""runtime_evidence"",""rule_source_trace""]",,not_available_source_literal_runtime,REF-GF0025-2021,210,GF0025-2021 PDF p.210,ocr_detected,verified_inventory,false,[],machine_compiled,source_anchored,not_claimed,static_audit_passed,machine_compiled_source_anchored_static_audited
DUV3-GF0025-2021-3-078-01,DiagnosticUnit,DPV3-GF0025-2021-3-078-01,DiagnosticProfile,RBV3-GF0025-2021-3-078-01,GF0025-2021-3-078,【三78】,3,78,提问的方法,未细分,,1,01,用疑问语调表示疑问,,unsplit_official_entry,,DTV3-POINT-5EA5A1FD6078,point_specific_instantiated,,0,complex_functional,(?:用疑问语调|疑问),？,search,normalized_legacy_regex,,"[""question_scope"",""question_marker"",""requested_information""]","[""候选包含与权威条目 【三78】 对齐的可定位触发线索。"",""候选满足模板槽位：question_scope、question_marker、requested_information。"",""候选按 complex_functional 模式实现 提问的方法 / 未细分 / 未列小项 所规定的语法功能。""]","[""触发线索存在，但候选边界未覆盖完整构式。"",""局部槽位可定位，但至少一个必需槽位仅得到弱支持。""]","[""触发线索只出现在标题、编号、术语或元语言说明中。"",""必需槽位缺失，且上下文不能恢复目标结构或目标功能。""]","[""相同表层形式可能实现 未细分 中的非目标功能。"",""相邻构式共享触发形式，但槽位关系或语法功能不同。""]","[""目标用例"",""边界问题"",""表层触发但非目标"",""结构缺槽"",""语义不兼容"",""其他具体构式"",""不确定/需复核""]","[""target_status"",""candidate_boundary"",""slot_status"",""structural_functional_status"",""licensed_evidence"",""runtime_evidence"",""rule_source_trace""]",？,normalized_compiles,REF-GF0025-2021,210,GF0025-2021 PDF p.210,ocr_detected,verified_inventory,false,[],machine_compiled,source_anchored,not_claimed,static_audit_passed,machine_compiled_source_anchored_static_audited
DUV3-GF0025-2021-3-079-01,DiagnosticUnit,DPV3-GF0025-2021-3-079-01,DiagnosticProfile,RBV3-GF0025-2021-3-079-01,GF0025-2021-3-079,【三79】,3,79,口语格式,未细分,,1,01,都……了,,unsplit_official_entry,,DTV3-POINT-3ABC66D56D80,point_specific_instantiated,,0,structural_pattern,(?:都……了|了|都),都.+了,search,normalized_legacy_regex,,"[""fixed_marker"",""internal_slot"",""construction_boundary""]","[""候选包含与权威条目 【三79】 对齐的可定位触发线索。"",""候选满足模板槽位：fixed_marker、internal_slot、construction_boundary。"",""候选按 structural_pattern 模式实现 口语格式 / 未细分 / 未列小项 所规定的语法功能。""]","[""触发线索存在，但候选边界未覆盖完整构式。"",""局部槽位可定位，但至少一个必需槽位仅得到弱支持。""]","[""触发线索只出现在标题、编号、术语或元语言说明中。"",""必需槽位缺失，且上下文不能恢复目标结构或目标功能。""]","[""相同表层形式可能实现 未细分 中的非目标功能。"",""相邻构式共享触发形式，但槽位关系或语法功能不同。""]","[""目标用例"",""边界问题"",""表层触发但非目标"",""结构缺槽"",""语义不兼容"",""其他具体构式"",""不确定/需复核""]","[""target_status"",""candidate_boundary"",""slot_status"",""structural_functional_status"",""licensed_evidence"",""runtime_evidence"",""rule_source_trace""]",都.+了,normalized_compiles,REF-GF0025-2021,,GF0025-2021 PDF pp.176–259,appendix_span_verified,verified_inventory,false,[],machine_compiled,source_anchored,not_claimed,static_audit_passed,machine_compiled_source_anchored_static_audited
DUV3-GF0025-2021-3-080-01,DiagnosticUnit,DPV3-GF0025-2021-3-080-01,DiagnosticProfile,RBV3-GF0025-2021-3-080-01,GF0025-2021-3-080,【三80】,3,80,口语格式,未细分,,1,01,X就X（点儿）吧,,unsplit_official_entry,,DTV3-POINT-7AAEA89A6672,point_specific_instantiated,,0,structural_pattern,(?:点儿|吧|就),"([一-龥]{1,2})就\1(点儿)*吧",search,normalized_legacy_regex,,"[""fixed_marker"",""internal_slot"",""construction_boundary""]","[""候选包含与权威条目 【三80】 对齐的可定位触发线索。"",""候选满足模板槽位：fixed_marker、internal_slot、construction_boundary。"",""候选按 structural_pattern 模式实现 口语格式 / 未细分 / 未列小项 所规定的语法功能。""]","[""触发线索存在，但候选边界未覆盖完整构式。"",""局部槽位可定位，但至少一个必需槽位仅得到弱支持。""]","[""触发线索只出现在标题、编号、术语或元语言说明中。"",""必需槽位缺失，且上下文不能恢复目标结构或目标功能。""]","[""相同表层形式可能实现 未细分 中的非目标功能。"",""相邻构式共享触发形式，但槽位关系或语法功能不同。""]","[""目标用例"",""边界问题"",""表层触发但非目标"",""结构缺槽"",""语义不兼容"",""其他具体构式"",""不确定/需复核""]","[""target_status"",""candidate_boundary"",""slot_status"",""structural_functional_status"",""licensed_evidence"",""runtime_evidence"",""rule_source_trace""]","([一-龥]{1,2})就\1(点儿)*吧",normalized_compiles,REF-GF0025-2021,210,GF0025-2021 PDF p.210,ocr_detected,verified_inventory,false,[],machine_compiled,source_anchored,not_claimed,static_audit_passed,machine_compiled_source_anchored_static_audited
DUV3-GF0025-2021-3-081-01,DiagnosticUnit,DPV3-GF0025-2021-3-081-01,DiagnosticProfile,RBV3-GF0025-2021-3-081-01,GF0025-2021-3-081,【三81】,3,81,口语格式,未细分,,1,01,X什么（啊）,,unsplit_official_entry,,DTV3-POINT-D46F3BD80D39,point_specific_instantiated,,0,structural_pattern,(?:什么|啊),[一-龥]+什么(啊)*,search,normalized_legacy_regex,,"[""fixed_marker"",""internal_slot"",""construction_boundary""]","[""候选包含与权威条目 【三81】 对齐的可定位触发线索。"",""候选满足模板槽位：fixed_marker、internal_slot、construction_boundary。"",""候选按 structural_pattern 模式实现 口语格式 / 未细分 / 未列小项 所规定的语法功能。""]","[""触发线索存在，但候选边界未覆盖完整构式。"",""局部槽位可定位，但至少一个必需槽位仅得到弱支持。""]","[""触发线索只出现在标题、编号、术语或元语言说明中。"",""必需槽位缺失，且上下文不能恢复目标结构或目标功能。""]","[""相同表层形式可能实现 未细分 中的非目标功能。"",""相邻构式共享触发形式，但槽位关系或语法功能不同。""]","[""目标用例"",""边界问题"",""表层触发但非目标"",""结构缺槽"",""语义不兼容"",""其他具体构式"",""不确定/需复核""]","[""target_status"",""candidate_boundary"",""slot_status"",""structural_functional_status"",""licensed_evidence"",""runtime_evidence"",""rule_source_trace""]",[一-龥]+什么(啊)*,normalized_compiles,REF-GF0025-2021,211,GF0025-2021 PDF p.211,ocr_detected,verified_inventory,false,[],machine_compiled,source_anchored,not_claimed,static_audit_passed,machine_compiled_source_anchored_static_audited
DUV3-GF0025-2021-4-001-01,DiagnosticUnit,DPV3-GF0025-2021-4-001-01,DiagnosticProfile,RBV3-GF0025-2021-4-001-01,GF0025-2021-4-001,【四01】,4,1,词类,动词,能愿动词,1,01,得,,unsplit_official_entry,,DTV3-TAX-0B6633C9BA52,taxonomy_instantiated,,0,structural_pattern,(?:得),^得$,fullmatch,normalized_legacy_regex,,"[""lexical_form"",""local_context"",""grammatical_function""]","[""候选包含与权威条目 【四01】 对齐的可定位触发线索。"",""候选满足模板槽位：lexical_form、local_context、grammatical_function。"",""候选按 structural_pattern 模式实现 词类 / 动词 / 能愿动词 所规定的语法功能。""]","[""触发线索存在，但候选边界未覆盖完整构式。"",""局部槽位可定位，但至少一个必需槽位仅得到弱支持。""]","[""触发线索只出现在标题、编号、术语或元语言说明中。"",""必需槽位缺失，且上下文不能恢复目标结构或目标功能。""]","[""相同表层形式可能实现 动词 中的非目标功能。"",""相邻构式共享触发形式，但槽位关系或语法功能不同。""]","[""目标用例"",""边界问题"",""表层触发但非目标"",""结构缺槽"",""语义不兼容"",""其他具体构式"",""不确定/需复核""]","[""target_status"",""candidate_boundary"",""slot_status"",""structural_functional_status"",""licensed_evidence"",""runtime_evidence"",""rule_source_trace""]",^得$,normalized_compiles,REF-GF0025-2021,211,GF0025-2021 PDF p.211,ocr_detected,verified_inventory,false,[],machine_compiled,source_anchored,not_claimed,static_audit_passed,machine_compiled_source_anchored_static_audited
DUV3-GF0025-2021-4-002-01,DiagnosticUnit,DPV3-GF0025-2021-4-002-01,DiagnosticProfile,RBV3-GF0025-2021-4-002-01,GF0025-2021-4-002,【四02】,4,2,词类,代词,人称代词,1,01,人家,,unsplit_official_entry,,DTV3-TAX-B093B478BA72,taxonomy_instantiated,,0,structural_pattern,(?:人家),^人家$,fullmatch,normalized_legacy_regex,,"[""lexical_form"",""local_context"",""grammatical_function""]","[""候选包含与权威条目 【四02】 对齐的可定位触发线索。"",""候选满足模板槽位：lexical_form、local_context、grammatical_function。"",""候选按 structural_pattern 模式实现 词类 / 代词 / 人称代词 所规定的语法功能。""]","[""触发线索存在，但候选边界未覆盖完整构式。"",""局部槽位可定位，但至少一个必需槽位仅得到弱支持。""]","[""触发线索只出现在标题、编号、术语或元语言说明中。"",""必需槽位缺失，且上下文不能恢复目标结构或目标功能。""]","[""相同表层形式可能实现 代词 中的非目标功能。"",""相邻构式共享触发形式，但槽位关系或语法功能不同。""]","[""目标用例"",""边界问题"",""表层触发但非目标"",""结构缺槽"",""语义不兼容"",""其他具体构式"",""不确定/需复核""]","[""target_status"",""candidate_boundary"",""slot_status"",""structural_functional_status"",""licensed_evidence"",""runtime_evidence"",""rule_source_trace""]",^人家$,normalized_compiles,REF-GF0025-2021,211,GF0025-2021 PDF p.211,ocr_detected,verified_inventory,false,[],machine_compiled,source_anchored,not_claimed,static_audit_passed,machine_compiled_source_anchored_static_audited
DUV3-GF0025-2021-4-003-01,DiagnosticUnit,DPV3-GF0025-2021-4-003-01,DiagnosticProfile,RBV3-GF0025-2021-4-003-01,GF0025-2021-4-003,【四03】,4,3,词类,量词,名量词,1,01,打、袋、根、卷、棵、批,,unsplit_official_entry,,DTV3-TAX-AA3655E9E3EB,taxonomy_instantiated,,0,structural_pattern,(?:卷|打|批|根|棵|袋),^(打|袋|根|卷|棵|批)$,fullmatch,normalized_legacy_regex,,"[""lexical_form"",""local_context"",""grammatical_function""]","[""候选包含与权威条目 【四03】 对齐的可定位触发线索。"",""候选满足模板槽位：lexical_form、local_context、grammatical_function。"",""候选按 structural_pattern 模式实现 词类 / 量词 / 名量词 所规定的语法功能。""]","[""触发线索存在，但候选边界未覆盖完整构式。"",""局部槽位可定位，但至少一个必需槽位仅得到弱支持。""]","[""触发线索只出现在标题、编号、术语或元语言说明中。"",""必需槽位缺失，且上下文不能恢复目标结构或目标功能。""]","[""相同表层形式可能实现 量词 中的非目标功能。"",""相邻构式共享触发形式，但槽位关系或语法功能不同。""]","[""目标用例"",""边界问题"",""表层触发但非目标"",""结构缺槽"",""语义不兼容"",""其他具体构式"",""不确定/需复核""]","[""target_status"",""candidate_boundary"",""slot_status"",""structural_functional_status"",""licensed_evidence"",""runtime_evidence"",""rule_source_trace""]",^(打|袋|根|卷|棵|批)$,normalized_compiles,REF-GF0025-2021,211,GF0025-2021 PDF p.211,ocr_detected,verified_inventory,false,[],machine_compiled,source_anchored,not_claimed,static_audit_passed,machine_compiled_source_anchored_static_audited
DUV3-GF0025-2021-4-004-01,DiagnosticUnit,DPV3-GF0025-2021-4-004-01,DiagnosticProfile,RBV3-GF0025-2021-4-004-01,GF0025-2021-4-004,【四04】,4,4,词类,量词,借用量词,1,01,名量词：碗、脸、手、屋子、桌子,,numbered_usage,（1）,DTV3-TAX-20803346516A,taxonomy_instantiated,,0,structural_pattern,(?:名量词|屋子|桌子|手|碗|脸),^(碗|脸|手|屋子|桌子|刀|针)$,fullmatch,normalized_legacy_regex_with_unit_specialization,(?:名量词|屋子|桌子|手|碗|脸),"[""lexical_form"",""local_context"",""grammatical_function""]","[""候选包含与权威条目 【四04】 对齐的可定位触发线索。"",""候选满足模板槽位：lexical_form、local_context、grammatical_function。"",""候选按 structural_pattern 模式实现 词类 / 量词 / 借用量词 所规定的语法功能。""]","[""触发线索存在，但候选边界未覆盖完整构式。"",""局部槽位可定位，但至少一个必需槽位仅得到弱支持。""]","[""触发线索只出现在标题、编号、术语或元语言说明中。"",""必需槽位缺失，且上下文不能恢复目标结构或目标功能。""]","[""相同表层形式可能实现 量词 中的非目标功能。"",""相邻构式共享触发形式，但槽位关系或语法功能不同。""]","[""目标用例"",""边界问题"",""表层触发但非目标"",""结构缺槽"",""语义不兼容"",""其他具体构式"",""不确定/需复核""]","[""target_status"",""candidate_boundary"",""slot_status"",""structural_functional_status"",""licensed_evidence"",""runtime_evidence"",""rule_source_trace""]",^(碗|脸|手|屋子|桌子|刀|针)$,normalized_compiles,REF-GF0025-2021,211,GF0025-2021 PDF p.211,ocr_detected,verified_inventory,false,[],machine_compiled,source_anchored,not_claimed,static_audit_passed,machine_compiled_source_anchored_static_audited
DUV3-GF0025-2021-4-004-02,DiagnosticUnit,DPV3-GF0025-2021-4-004-02,DiagnosticProfile,RBV3-GF0025-2021-4-004-02,GF0025-2021-4-004,【四04】,4,4,词类,量词,借用量词,2,02,动量词：刀、针,,numbered_usage,（2）,DTV3-TAX-20803346516A,taxonomy_instantiated,,0,structural_pattern,(?:动量词|刀|针),^(碗|脸|手|屋子|桌子|刀|针)$,fullmatch,normalized_legacy_regex_with_unit_specialization,(?:动量词|刀|针),"[""lexical_form"",""local_context"",""grammatical_function""]","[""候选包含与权威条目 【四04】 对齐的可定位触发线索。"",""候选满足模板槽位：lexical_form、local_context、grammatical_function。"",""候选按 structural_pattern 模式实现 词类 / 量词 / 借用量词 所规定的语法功能。""]","[""触发线索存在，但候选边界未覆盖完整构式。"",""局部槽位可定位，但至少一个必需槽位仅得到弱支持。""]","[""触发线索只出现在标题、编号、术语或元语言说明中。"",""必需槽位缺失，且上下文不能恢复目标结构或目标功能。""]","[""相同表层形式可能实现 量词 中的非目标功能。"",""相邻构式共享触发形式，但槽位关系或语法功能不同。""]","[""目标用例"",""边界问题"",""表层触发但非目标"",""结构缺槽"",""语义不兼容"",""其他具体构式"",""不确定/需复核""]","[""target_status"",""candidate_boundary"",""slot_status"",""structural_functional_status"",""licensed_evidence"",""runtime_evidence"",""rule_source_trace""]",^(碗|脸|手|屋子|桌子|刀|针)$,normalized_compiles,REF-GF0025-2021,211,GF0025-2021 PDF p.211,ocr_detected,verified_inventory,false,[],machine_compiled,source_anchored,not_claimed,static_audit_passed,machine_compiled_source_anchored_static_audited
DUV3-GF0025-2021-4-005-01,DiagnosticUnit,DPV3-GF0025-2021-4-005-01,DiagnosticProfile,RBV3-GF0025-2021-4-005-01,GF0025-2021-4-005,【四05】,4,5,词类,副词,程度副词,1,01,格外、极、极其,,unsplit_official_entry,,DTV3-TAX-9FAD0B023CAE,taxonomy_instantiated,,0,structural_pattern,(?:极其|格外|极),^(格外|极|极其)$,fullmatch,normalized_legacy_regex,,"[""lexical_form"",""local_context"",""grammatical_function""]","[""候选包含与权威条目 【四05】 对齐的可定位触发线索。"",""候选满足模板槽位：lexical_form、local_context、grammatical_function。"",""候选按 structural_pattern 模式实现 词类 / 副词 / 程度副词 所规定的语法功能。""]","[""触发线索存在，但候选边界未覆盖完整构式。"",""局部槽位可定位，但至少一个必需槽位仅得到弱支持。""]","[""触发线索只出现在标题、编号、术语或元语言说明中。"",""必需槽位缺失，且上下文不能恢复目标结构或目标功能。""]","[""相同表层形式可能实现 副词 中的非目标功能。"",""相邻构式共享触发形式，但槽位关系或语法功能不同。""]","[""目标用例"",""边界问题"",""表层触发但非目标"",""结构缺槽"",""语义不兼容"",""其他具体构式"",""不确定/需复核""]","[""target_status"",""candidate_boundary"",""slot_status"",""structural_functional_status"",""licensed_evidence"",""runtime_evidence"",""rule_source_trace""]",^(格外|极|极其)$,normalized_compiles,REF-GF0025-2021,211,GF0025-2021 PDF p.211,ocr_detected,verified_inventory,false,[],machine_compiled,source_anchored,not_claimed,static_audit_passed,machine_compiled_source_anchored_static_audited
DUV3-GF0025-2021-4-006-01,DiagnosticUnit,DPV3-GF0025-2021-4-006-01,DiagnosticProfile,RBV3-GF0025-2021-4-006-01,GF0025-2021-4-006,【四06】,4,6,词类,副词,范围、协同副词,1,01,共,,unsplit_official_entry,,DTV3-TAX-1C7E1B7DB8E2,taxonomy_instantiated,,0,structural_pattern,(?:共),^共$,fullmatch,normalized_legacy_regex,,"[""lexical_form"",""local_context"",""grammatical_function""]","[""候选包含与权威条目 【四06】 对齐的可定位触发线索。"",""候选满足模板槽位：lexical_form、local_context、grammatical_function。"",""候选按 structural_pattern 模式实现 词类 / 副词 / 范围、协同副词 所规定的语法功能。""]","[""触发线索存在，但候选边界未覆盖完整构式。"",""局部槽位可定位，但至少一个必需槽位仅得到弱支持。""]","[""触发线索只出现在标题、编号、术语或元语言说明中。"",""必需槽位缺失，且上下文不能恢复目标结构或目标功能。""]","[""相同表层形式可能实现 副词 中的非目标功能。"",""相邻构式共享触发形式，但槽位关系或语法功能不同。""]","[""目标用例"",""边界问题"",""表层触发但非目标"",""结构缺槽"",""语义不兼容"",""其他具体构式"",""不确定/需复核""]","[""target_status"",""candidate_boundary"",""slot_status"",""structural_functional_status"",""licensed_evidence"",""runtime_evidence"",""rule_source_trace""]",^共$,normalized_compiles,REF-GF0025-2021,211,GF0025-2021 PDF p.211,ocr_detected,verified_inventory,false,[],machine_compiled,source_anchored,not_claimed,static_audit_passed,machine_compiled_source_anchored_static_audited
DUV3-GF0025-2021-4-007-01,DiagnosticUnit,DPV3-GF0025-2021-4-007-01,DiagnosticProfile,RBV3-GF0025-2021-4-007-01,GF0025-2021-4-007,【四07】,4,7,词类,副词,时间副词,1,01,按时、即将、急忙、渐渐、尽快,,unsplit_official_entry,,DTV3-TAX-A8DEA45A511A,taxonomy_instantiated,,0,complex_functional,(?:即将|尽快|急忙|按时|渐渐),^(按时|即将|急忙|渐渐|尽快)$,fullmatch,normalized_legacy_regex,,"[""lexical_form"",""local_context"",""grammatical_function""]","[""候选包含与权威条目 【四07】 对齐的可定位触发线索。"",""候选满足模板槽位：lexical_form、local_context、grammatical_function。"",""候选按 complex_functional 模式实现 词类 / 副词 / 时间副词 所规定的语法功能。""]","[""触发线索存在，但候选边界未覆盖完整构式。"",""局部槽位可定位，但至少一个必需槽位仅得到弱支持。""]","[""触发线索只出现在标题、编号、术语或元语言说明中。"",""必需槽位缺失，且上下文不能恢复目标结构或目标功能。""]","[""相同表层形式可能实现 副词 中的非目标功能。"",""相邻构式共享触发形式，但槽位关系或语法功能不同。""]","[""目标用例"",""边界问题"",""表层触发但非目标"",""结构缺槽"",""语义不兼容"",""其他具体构式"",""不确定/需复核""]","[""target_status"",""candidate_boundary"",""slot_status"",""structural_functional_status"",""licensed_evidence"",""runtime_evidence"",""rule_source_trace""]",^(按时|即将|急忙|渐渐|尽快)$,normalized_compiles,REF-GF0025-2021,212,GF0025-2021 PDF p.212,ocr_detected,verified_inventory,false,[],machine_compiled,source_anchored,not_claimed,static_audit_passed,machine_compiled_source_anchored_static_audited
DUV3-GF0025-2021-4-008-01,DiagnosticUnit,DPV3-GF0025-2021-4-008-01,DiagnosticProfile,RBV3-GF0025-2021-4-008-01,GF0025-2021-4-008,【四08】,4,8,词类,副词,频率、重复副词,1,01,一再、再三,,unsplit_official_entry,,DTV3-TAX-C90409728D84,taxonomy_instantiated,,0,structural_pattern,(?:一再|再三),^(一再|再三)$,fullmatch,normalized_legacy_regex,,"[""lexical_form"",""local_context"",""grammatical_function""]","[""候选包含与权威条目 【四08】 对齐的可定位触发线索。"",""候选满足模板槽位：lexical_form、local_context、grammatical_function。"",""候选按 structural_pattern 模式实现 词类 / 副词 / 频率、重复副词 所规定的语法功能。""]","[""触发线索存在，但候选边界未覆盖完整构式。"",""局部槽位可定位，但至少一个必需槽位仅得到弱支持。""]","[""触发线索只出现在标题、编号、术语或元语言说明中。"",""必需槽位缺失，且上下文不能恢复目标结构或目标功能。""]","[""相同表层形式可能实现 副词 中的非目标功能。"",""相邻构式共享触发形式，但槽位关系或语法功能不同。""]","[""目标用例"",""边界问题"",""表层触发但非目标"",""结构缺槽"",""语义不兼容"",""其他具体构式"",""不确定/需复核""]","[""target_status"",""candidate_boundary"",""slot_status"",""structural_functional_status"",""licensed_evidence"",""runtime_evidence"",""rule_source_trace""]",^(一再|再三)$,normalized_compiles,REF-GF0025-2021,212,GF0025-2021 PDF p.212,ocr_detected,verified_inventory,false,[],machine_compiled,source_anchored,not_claimed,static_audit_passed,machine_compiled_source_anchored_static_audited
DUV3-GF0025-2021-4-009-01,DiagnosticUnit,DPV3-GF0025-2021-4-009-01,DiagnosticProfile,RBV3-GF0025-2021-4-009-01,GF0025-2021-4-009,【四09】,4,9,词类,副词,关联副词,1,01,却,,unsplit_official_entry,,DTV3-TAX-CC7D17721DA3,taxonomy_instantiated,,0,structural_pattern,(?:却),^却$,fullmatch,normalized_legacy_regex,,"[""lexical_form"",""local_context"",""grammatical_function""]","[""候选包含与权威条目 【四09】 对齐的可定位触发线索。"",""候选满足模板槽位：lexical_form、local_context、grammatical_function。"",""候选按 structural_pattern 模式实现 词类 / 副词 / 关联副词 所规定的语法功能。""]","[""触发线索存在，但候选边界未覆盖完整构式。"",""局部槽位可定位，但至少一个必需槽位仅得到弱支持。""]","[""触发线索只出现在标题、编号、术语或元语言说明中。"",""必需槽位缺失，且上下文不能恢复目标结构或目标功能。""]","[""相同表层形式可能实现 副词 中的非目标功能。"",""相邻构式共享触发形式，但槽位关系或语法功能不同。""]","[""目标用例"",""边界问题"",""表层触发但非目标"",""结构缺槽"",""语义不兼容"",""其他具体构式"",""不确定/需复核""]","[""target_status"",""candidate_boundary"",""slot_status"",""structural_functional_status"",""licensed_evidence"",""runtime_evidence"",""rule_source_trace""]",^却$,normalized_compiles,REF-GF0025-2021,212,GF0025-2021 PDF p.212,ocr_detected,verified_inventory,false,[],machine_compiled,source_anchored,not_claimed,static_audit_passed,machine_compiled_source_anchored_static_audited
DUV3-GF0025-2021-4-010-01,DiagnosticUnit,DPV3-GF0025-2021-4-010-01,DiagnosticProfile,RBV3-GF0025-2021-4-010-01,GF0025-2021-4-010,【四10】,4,10,词类,副词,否定副词,1,01,未必,,unsplit_official_entry,,DTV3-TAX-868754CA8DF9,taxonomy_instantiated,,0,structural_pattern,(?:未必),^未必$,fullmatch,normalized_legacy_regex,,"[""lexical_form"",""local_context"",""grammatical_function""]","[""候选包含与权威条目 【四10】 对齐的可定位触发线索。"",""候选满足模板槽位：lexical_form、local_context、grammatical_function。"",""候选按 structural_pattern 模式实现 词类 / 副词 / 否定副词 所规定的语法功能。""]","[""触发线索存在，但候选边界未覆盖完整构式。"",""局部槽位可定位，但至少一个必需槽位仅得到弱支持。""]","[""触发线索只出现在标题、编号、术语或元语言说明中。"",""必需槽位缺失，且上下文不能恢复目标结构或目标功能。""]","[""相同表层形式可能实现 副词 中的非目标功能。"",""相邻构式共享触发形式，但槽位关系或语法功能不同。""]","[""目标用例"",""边界问题"",""表层触发但非目标"",""结构缺槽"",""语义不兼容"",""其他具体构式"",""不确定/需复核""]","[""target_status"",""candidate_boundary"",""slot_status"",""structural_functional_status"",""licensed_evidence"",""runtime_evidence"",""rule_source_trace""]",^未必$,normalized_compiles,REF-GF0025-2021,,GF0025-2021 PDF pp.176–259,appendix_span_verified,verified_inventory,false,[],machine_compiled,source_anchored,not_claimed,static_audit_passed,machine_compiled_source_anchored_static_audited
DUV3-GF0025-2021-4-011-01,DiagnosticUnit,DPV3-GF0025-2021-4-011-01,DiagnosticProfile,RBV3-GF0025-2021-4-011-01,GF0025-2021-4-011,【四11】,4,11,词类,副词,情态副词,1,01,几乎、似乎,,unsplit_official_entry,,DTV3-TAX-9BBE19E6E943,taxonomy_instantiated,,0,structural_pattern,(?:似乎|几乎),^(几乎|似乎)$,fullmatch,normalized_legacy_regex,,"[""lexical_form"",""local_context"",""grammatical_function""]","[""候选包含与权威条目 【四11】 对齐的可定位触发线索。"",""候选满足模板槽位：lexical_form、local_context、grammatical_function。"",""候选按 structural_pattern 模式实现 词类 / 副词 / 情态副词 所规定的语法功能。""]","[""触发线索存在，但候选边界未覆盖完整构式。"",""局部槽位可定位，但至少一个必需槽位仅得到弱支持。""]","[""触发线索只出现在标题、编号、术语或元语言说明中。"",""必需槽位缺失，且上下文不能恢复目标结构或目标功能。""]","[""相同表层形式可能实现 副词 中的非目标功能。"",""相邻构式共享触发形式，但槽位关系或语法功能不同。""]","[""目标用例"",""边界问题"",""表层触发但非目标"",""结构缺槽"",""语义不兼容"",""其他具体构式"",""不确定/需复核""]","[""target_status"",""candidate_boundary"",""slot_status"",""structural_functional_status"",""licensed_evidence"",""runtime_evidence"",""rule_source_trace""]",^(几乎|似乎)$,normalized_compiles,REF-GF0025-2021,212,GF0025-2021 PDF p.212,ocr_detected,verified_inventory,false,[],machine_compiled,source_anchored,not_claimed,static_audit_passed,machine_compiled_source_anchored_static_audited
DUV3-GF0025-2021-4-012-01,DiagnosticUnit,DPV3-GF0025-2021-4-012-01,DiagnosticProfile,RBV3-GF0025-2021-4-012-01,GF0025-2021-4-012,【四12】,4,12,词类,副词,语气副词,1,01,的确、反而、还4、竟然、究竟,,unsplit_official_entry,,DTV3-TAX-F383E272F5D1,taxonomy_instantiated,,0,structural_pattern,(?:反而|的确|究竟|竟然|还),^(的确|反而|还|竟然|究竟)$,fullmatch,normalized_legacy_regex,,"[""lexical_form"",""local_context"",""grammatical_function""]","[""候选包含与权威条目 【四12】 对齐的可定位触发线索。"",""候选满足模板槽位：lexical_form、local_context、grammatical_function。"",""候选按 structural_pattern 模式实现 词类 / 副词 / 语气副词 所规定的语法功能。""]","[""触发线索存在，但候选边界未覆盖完整构式。"",""局部槽位可定位，但至少一个必需槽位仅得到弱支持。""]","[""触发线索只出现在标题、编号、术语或元语言说明中。"",""必需槽位缺失，且上下文不能恢复目标结构或目标功能。""]","[""相同表层形式可能实现 副词 中的非目标功能。"",""相邻构式共享触发形式，但槽位关系或语法功能不同。""]","[""目标用例"",""边界问题"",""表层触发但非目标"",""结构缺槽"",""语义不兼容"",""其他具体构式"",""不确定/需复核""]","[""target_status"",""candidate_boundary"",""slot_status"",""structural_functional_status"",""licensed_evidence"",""runtime_evidence"",""rule_source_trace""]",^(的确|反而|还|竟然|究竟)$,normalized_compiles,REF-GF0025-2021,212,GF0025-2021 PDF p.212,ocr_detected,verified_inventory,false,[],machine_compiled,source_anchored,not_claimed,static_audit_passed,machine_compiled_source_anchored_static_audited
DUV3-GF0025-2021-4-013-01,DiagnosticUnit,DPV3-GF0025-2021-4-013-01,DiagnosticProfile,RBV3-GF0025-2021-4-013-01,GF0025-2021-4-013,【四13】,4,13,词类,介词,引出时间、处所,1,01,自,,unsplit_official_entry,,DTV3-TAX-679FE98BA210,taxonomy_instantiated,,0,complex_functional,(?:自),^自$,fullmatch,normalized_legacy_regex,,"[""lexical_form"",""local_context"",""grammatical_function""]","[""候选包含与权威条目 【四13】 对齐的可定位触发线索。"",""候选满足模板槽位：lexical_form、local_context、grammatical_function。"",""候选按 complex_functional 模式实现 词类 / 介词 / 引出时间、处所 所规定的语法功能。""]","[""触发线索存在，但候选边界未覆盖完整构式。"",""局部槽位可定位，但至少一个必需槽位仅得到弱支持。""]","[""触发线索只出现在标题、编号、术语或元语言说明中。"",""必需槽位缺失，且上下文不能恢复目标结构或目标功能。""]","[""相同表层形式可能实现 介词 中的非目标功能。"",""相邻构式共享触发形式，但槽位关系或语法功能不同。""]","[""目标用例"",""边界问题"",""表层触发但非目标"",""结构缺槽"",""语义不兼容"",""其他具体构式"",""不确定/需复核""]","[""target_status"",""candidate_boundary"",""slot_status"",""structural_functional_status"",""licensed_evidence"",""runtime_evidence"",""rule_source_trace""]",^自$,normalized_compiles,REF-GF0025-2021,212,GF0025-2021 PDF p.212,ocr_detected,verified_inventory,false,[],machine_compiled,source_anchored,not_claimed,static_audit_passed,machine_compiled_source_anchored_static_audited
DUV3-GF0025-2021-4-014-01,DiagnosticUnit,DPV3-GF0025-2021-4-014-01,DiagnosticProfile,RBV3-GF0025-2021-4-014-01,GF0025-2021-4-014,【四14】,4,14,词类,介词,引出对象,1,01,对于,,unsplit_official_entry,,DTV3-TAX-96C5330FEA95,taxonomy_instantiated,,0,structural_pattern,(?:对于),^对于$,fullmatch,normalized_legacy_regex,,"[""lexical_form"",""local_context"",""grammatical_function""]","[""候选包含与权威条目 【四14】 对齐的可定位触发线索。"",""候选满足模板槽位：lexical_form、local_context、grammatical_function。"",""候选按 structural_pattern 模式实现 词类 / 介词 / 引出对象 所规定的语法功能。""]","[""触发线索存在，但候选边界未覆盖完整构式。"",""局部槽位可定位，但至少一个必需槽位仅得到弱支持。""]","[""触发线索只出现在标题、编号、术语或元语言说明中。"",""必需槽位缺失，且上下文不能恢复目标结构或目标功能。""]","[""相同表层形式可能实现 介词 中的非目标功能。"",""相邻构式共享触发形式，但槽位关系或语法功能不同。""]","[""目标用例"",""边界问题"",""表层触发但非目标"",""结构缺槽"",""语义不兼容"",""其他具体构式"",""不确定/需复核""]","[""target_status"",""candidate_boundary"",""slot_status"",""structural_functional_status"",""licensed_evidence"",""runtime_evidence"",""rule_source_trace""]",^对于$,normalized_compiles,REF-GF0025-2021,212,GF0025-2021 PDF p.212,ocr_detected,verified_inventory,false,[],machine_compiled,source_anchored,not_claimed,static_audit_passed,machine_compiled_source_anchored_static_audited
DUV3-GF0025-2021-4-015-01,DiagnosticUnit,DPV3-GF0025-2021-4-015-01,DiagnosticProfile,RBV3-GF0025-2021-4-015-01,GF0025-2021-4-015,【四15】,4,15,词类,介词,引出对象,1,01,关于,,unsplit_official_entry,,DTV3-SEED-00A60C862C23,seed_reused,给/为/关于等介词框架候选,110,structural_pattern,(?:关于),^关于$,fullmatch,normalized_legacy_regex,,"[""frame_marker"",""frame_object"",""governing_predicate"",""relation_type""]","[""候选片段包含或可解释出“给/为/关于等介词框架”相关标记/结构线索。"",""候选片段满足所属语法家族的核心槽位要求：介词/框架标记、框架对象、谓词/中心事件、关系类型。"",""候选片段在原句中承担该语法点的实际语法功能，而非仅有表层词形。""]","[""结构大体可定位但边界过短或过长。"",""标记存在但核心槽位需要结合上下文复核。""]","[""候选片段只是术语、标题、编号、残片或 OCR 混杂内容。"",""只有表层标记，无法构成所属语法家族的核心结构。""]","[""只有表层标记""]","[""目标用例"",""边界问题"",""表层触发但非目标"",""结构缺槽"",""语义不兼容"",""其他具体构式"",""不确定/需复核""]","[""target_status"",""candidate_boundary"",""slot_status"",""structural_functional_status"",""licensed_evidence"",""runtime_evidence"",""rule_source_trace""]",^关于$,normalized_compiles,REF-GF0025-2021,,GF0025-2021 PDF pp.176–259,appendix_span_verified,verified_inventory,false,[],machine_compiled,source_anchored,not_claimed,static_audit_passed,machine_compiled_source_anchored_static_audited
DUV3-GF0025-2021-4-016-01,DiagnosticUnit,DPV3-GF0025-2021-4-016-01,DiagnosticProfile,RBV3-GF0025-2021-4-016-01,GF0025-2021-4-016,【四16】,4,16,词类,介词,引出对象,1,01,替,,unsplit_official_entry,,DTV3-TAX-96C5330FEA95,taxonomy_instantiated,,0,structural_pattern,(?:替),^替$,fullmatch,normalized_legacy_regex,,"[""lexical_form"",""local_context"",""grammatical_function""]","[""候选包含与权威条目 【四16】 对齐的可定位触发线索。"",""候选满足模板槽位：lexical_form、local_context、grammatical_function。"",""候选按 structural_pattern 模式实现 词类 / 介词 / 引出对象 所规定的语法功能。""]","[""触发线索存在，但候选边界未覆盖完整构式。"",""局部槽位可定位，但至少一个必需槽位仅得到弱支持。""]","[""触发线索只出现在标题、编号、术语或元语言说明中。"",""必需槽位缺失，且上下文不能恢复目标结构或目标功能。""]","[""相同表层形式可能实现 介词 中的非目标功能。"",""相邻构式共享触发形式，但槽位关系或语法功能不同。""]","[""目标用例"",""边界问题"",""表层触发但非目标"",""结构缺槽"",""语义不兼容"",""其他具体构式"",""不确定/需复核""]","[""target_status"",""candidate_boundary"",""slot_status"",""structural_functional_status"",""licensed_evidence"",""runtime_evidence"",""rule_source_trace""]",^替$,normalized_compiles,REF-GF0025-2021,213,GF0025-2021 PDF p.213,ocr_detected,verified_inventory,false,[],machine_compiled,source_anchored,not_claimed,static_audit_passed,machine_compiled_source_anchored_static_audited
DUV3-GF0025-2021-4-017-01,DiagnosticUnit,DPV3-GF0025-2021-4-017-01,DiagnosticProfile,RBV3-GF0025-2021-4-017-01,GF0025-2021-4-017,【四17】,4,17,词类,介词,引出凭借、依据,1,01,根据,,unsplit_official_entry,,DTV3-TAX-AF5CB707E947,taxonomy_instantiated,,0,structural_pattern,(?:根据),^根据$,fullmatch,normalized_legacy_regex,,"[""lexical_form"",""local_context"",""grammatical_function""]","[""候选包含与权威条目 【四17】 对齐的可定位触发线索。"",""候选满足模板槽位：lexical_form、local_context、grammatical_function。"",""候选按 structural_pattern 模式实现 词类 / 介词 / 引出凭借、依据 所规定的语法功能。""]","[""触发线索存在，但候选边界未覆盖完整构式。"",""局部槽位可定位，但至少一个必需槽位仅得到弱支持。""]","[""触发线索只出现在标题、编号、术语或元语言说明中。"",""必需槽位缺失，且上下文不能恢复目标结构或目标功能。""]","[""相同表层形式可能实现 介词 中的非目标功能。"",""相邻构式共享触发形式，但槽位关系或语法功能不同。""]","[""目标用例"",""边界问题"",""表层触发但非目标"",""结构缺槽"",""语义不兼容"",""其他具体构式"",""不确定/需复核""]","[""target_status"",""candidate_boundary"",""slot_status"",""structural_functional_status"",""licensed_evidence"",""runtime_evidence"",""rule_source_trace""]",^根据$,normalized_compiles,REF-GF0025-2021,213,GF0025-2021 PDF p.213,ocr_detected,verified_inventory,false,[],machine_compiled,source_anchored,not_claimed,static_audit_passed,machine_compiled_source_anchored_static_audited
DUV3-GF0025-2021-4-018-01,DiagnosticUnit,DPV3-GF0025-2021-4-018-01,DiagnosticProfile,RBV3-GF0025-2021-4-018-01,GF0025-2021-4-018,【四18】,4,18,词类,介词,引出凭借、依据,1,01,作为,,unsplit_official_entry,,DTV3-TAX-AF5CB707E947,taxonomy_instantiated,,0,structural_pattern,(?:作为),^作为$,fullmatch,normalized_legacy_regex,,"[""lexical_form"",""local_context"",""grammatical_function""]","[""候选包含与权威条目 【四18】 对齐的可定位触发线索。"",""候选满足模板槽位：lexical_form、local_context、grammatical_function。"",""候选按 structural_pattern 模式实现 词类 / 介词 / 引出凭借、依据 所规定的语法功能。""]","[""触发线索存在，但候选边界未覆盖完整构式。"",""局部槽位可定位，但至少一个必需槽位仅得到弱支持。""]","[""触发线索只出现在标题、编号、术语或元语言说明中。"",""必需槽位缺失，且上下文不能恢复目标结构或目标功能。""]","[""相同表层形式可能实现 介词 中的非目标功能。"",""相邻构式共享触发形式，但槽位关系或语法功能不同。""]","[""目标用例"",""边界问题"",""表层触发但非目标"",""结构缺槽"",""语义不兼容"",""其他具体构式"",""不确定/需复核""]","[""target_status"",""candidate_boundary"",""slot_status"",""structural_functional_status"",""licensed_evidence"",""runtime_evidence"",""rule_source_trace""]",^作为$,normalized_compiles,REF-GF0025-2021,213,GF0025-2021 PDF p.213,ocr_detected,verified_inventory,false,[],machine_compiled,source_anchored,not_claimed,static_audit_passed,machine_compiled_source_anchored_static_audited
DUV3-GF0025-2021-4-019-01,DiagnosticUnit,DPV3-GF0025-2021-4-019-01,DiagnosticProfile,RBV3-GF0025-2021-4-019-01,GF0025-2021-4-019,【四19】,4,19,词类,连词,连接词或词组,1,01,并2、以及,,unsplit_official_entry,,DTV3-TAX-70386EB2913D,taxonomy_instantiated,,0,structural_pattern,(?:以及|并),^(并|以及)$,fullmatch,normalized_legacy_regex,,"[""lexical_form"",""local_context"",""grammatical_function""]","[""候选包含与权威条目 【四19】 对齐的可定位触发线索。"",""候选满足模板槽位：lexical_form、local_context、grammatical_function。"",""候选按 structural_pattern 模式实现 词类 / 连词 / 连接词或词组 所规定的语法功能。""]","[""触发线索存在，但候选边界未覆盖完整构式。"",""局部槽位可定位，但至少一个必需槽位仅得到弱支持。""]","[""触发线索只出现在标题、编号、术语或元语言说明中。"",""必需槽位缺失，且上下文不能恢复目标结构或目标功能。""]","[""相同表层形式可能实现 连词 中的非目标功能。"",""相邻构式共享触发形式，但槽位关系或语法功能不同。""]","[""目标用例"",""边界问题"",""表层触发但非目标"",""结构缺槽"",""语义不兼容"",""其他具体构式"",""不确定/需复核""]","[""target_status"",""candidate_boundary"",""slot_status"",""structural_functional_status"",""licensed_evidence"",""runtime_evidence"",""rule_source_trace""]",^(并|以及)$,normalized_compiles,REF-GF0025-2021,213,GF0025-2021 PDF p.213,ocr_detected,verified_inventory,false,[],machine_compiled,source_anchored,not_claimed,static_audit_passed,machine_compiled_source_anchored_static_audited
DUV3-GF0025-2021-4-020-01,DiagnosticUnit,DPV3-GF0025-2021-4-020-01,DiagnosticProfile,RBV3-GF0025-2021-4-020-01,GF0025-2021-4-020,【四20】,4,20,词类,连词,连接分句或句子,1,01,此外、而1、而是、既然、可见、甚至、假如、总之,,unsplit_official_entry,,DTV3-TAX-5226A4B955B9,taxonomy_instantiated,,0,structural_pattern,(?:假如|可见|总之|既然|此外|甚至|而是|而),^(此外|而|而是|既然|可见|甚至|假如|总之)$,fullmatch,normalized_legacy_regex,,"[""lexical_form"",""local_context"",""grammatical_function""]","[""候选包含与权威条目 【四20】 对齐的可定位触发线索。"",""候选满足模板槽位：lexical_form、local_context、grammatical_function。"",""候选按 structural_pattern 模式实现 词类 / 连词 / 连接分句或句子 所规定的语法功能。""]","[""触发线索存在，但候选边界未覆盖完整构式。"",""局部槽位可定位，但至少一个必需槽位仅得到弱支持。""]","[""触发线索只出现在标题、编号、术语或元语言说明中。"",""必需槽位缺失，且上下文不能恢复目标结构或目标功能。""]","[""相同表层形式可能实现 连词 中的非目标功能。"",""相邻构式共享触发形式，但槽位关系或语法功能不同。""]","[""目标用例"",""边界问题"",""表层触发但非目标"",""结构缺槽"",""语义不兼容"",""其他具体构式"",""不确定/需复核""]","[""target_status"",""candidate_boundary"",""slot_status"",""structural_functional_status"",""licensed_evidence"",""runtime_evidence"",""rule_source_trace""]",^(此外|而|而是|既然|可见|甚至|假如|总之)$,normalized_compiles,REF-GF0025-2021,213,GF0025-2021 PDF p.213,ocr_detected,verified_inventory,false,[],machine_compiled,source_anchored,not_claimed,static_audit_passed,machine_compiled_source_anchored_static_audited
DUV3-GF0025-2021-4-021-01,DiagnosticUnit,DPV3-GF0025-2021-4-021-01,DiagnosticProfile,RBV3-GF0025-2021-4-021-01,GF0025-2021-4-021,【四21】,4,21,词类,助词,其他助词,1,01,似的,,unsplit_official_entry,,DTV3-TAX-4DB482B3679C,taxonomy_instantiated,,0,structural_pattern,(?:似的),^似的$,fullmatch,normalized_legacy_regex,,"[""lexical_form"",""local_context"",""grammatical_function""]","[""候选包含与权威条目 【四21】 对齐的可定位触发线索。"",""候选满足模板槽位：lexical_form、local_context、grammatical_function。"",""候选按 structural_pattern 模式实现 词类 / 助词 / 其他助词 所规定的语法功能。""]","[""触发线索存在，但候选边界未覆盖完整构式。"",""局部槽位可定位，但至少一个必需槽位仅得到弱支持。""]","[""触发线索只出现在标题、编号、术语或元语言说明中。"",""必需槽位缺失，且上下文不能恢复目标结构或目标功能。""]","[""相同表层形式可能实现 助词 中的非目标功能。"",""相邻构式共享触发形式，但槽位关系或语法功能不同。""]","[""目标用例"",""边界问题"",""表层触发但非目标"",""结构缺槽"",""语义不兼容"",""其他具体构式"",""不确定/需复核""]","[""target_status"",""candidate_boundary"",""slot_status"",""structural_functional_status"",""licensed_evidence"",""runtime_evidence"",""rule_source_trace""]",^似的$,normalized_compiles,REF-GF0025-2021,213,GF0025-2021 PDF p.213,ocr_detected,verified_inventory,false,[],machine_compiled,source_anchored,not_claimed,static_audit_passed,machine_compiled_source_anchored_static_audited
DUV3-GF0025-2021-4-022-01,DiagnosticUnit,DPV3-GF0025-2021-4-022-01,DiagnosticProfile,RBV3-GF0025-2021-4-022-01,GF0025-2021-4-022,【四22】,4,22,词类,叹词,,1,01,啊2,,unsplit_official_entry,,DTV3-TAX-9153EBAD9F2F,taxonomy_instantiated,,0,structural_pattern,(?:啊2|啊),^啊$,fullmatch,normalized_legacy_regex,,"[""lexical_form"",""local_context"",""grammatical_function""]","[""候选包含与权威条目 【四22】 对齐的可定位触发线索。"",""候选满足模板槽位：lexical_form、local_context、grammatical_function。"",""候选按 structural_pattern 模式实现 词类 / 叹词 / 未列小项 所规定的语法功能。""]","[""触发线索存在，但候选边界未覆盖完整构式。"",""局部槽位可定位，但至少一个必需槽位仅得到弱支持。""]","[""触发线索只出现在标题、编号、术语或元语言说明中。"",""必需槽位缺失，且上下文不能恢复目标结构或目标功能。""]","[""相同表层形式可能实现 叹词 中的非目标功能。"",""相邻构式共享触发形式，但槽位关系或语法功能不同。""]","[""目标用例"",""边界问题"",""表层触发但非目标"",""结构缺槽"",""语义不兼容"",""其他具体构式"",""不确定/需复核""]","[""target_status"",""candidate_boundary"",""slot_status"",""structural_functional_status"",""licensed_evidence"",""runtime_evidence"",""rule_source_trace""]",^啊$,normalized_compiles,REF-GF0025-2021,214,GF0025-2021 PDF p.214,ocr_detected,verified_inventory,false,[],machine_compiled,source_anchored,not_claimed,static_audit_passed,machine_compiled_source_anchored_static_audited
DUV3-GF0025-2021-4-023-01,DiagnosticUnit,DPV3-GF0025-2021-4-023-01,DiagnosticProfile,RBV3-GF0025-2021-4-023-01,GF0025-2021-4-023,【四23】,4,23,短语,固定短语,四字格,1,01,大A大B,,unsplit_official_entry,,DTV3-TAX-249B0481958D,taxonomy_instantiated,,0,structural_pattern,(?:大A大B|大),大[一-龥]大[一-龥],search,normalized_legacy_regex,,"[""phrase_head"",""dependent_or_argument"",""phrase_boundary""]","[""候选包含与权威条目 【四23】 对齐的可定位触发线索。"",""候选满足模板槽位：phrase_head、dependent_or_argument、phrase_boundary。"",""候选按 structural_pattern 模式实现 短语 / 固定短语 / 四字格 所规定的语法功能。""]","[""触发线索存在，但候选边界未覆盖完整构式。"",""局部槽位可定位，但至少一个必需槽位仅得到弱支持。""]","[""触发线索只出现在标题、编号、术语或元语言说明中。"",""必需槽位缺失，且上下文不能恢复目标结构或目标功能。""]","[""相同表层形式可能实现 固定短语 中的非目标功能。"",""相邻构式共享触发形式，但槽位关系或语法功能不同。""]","[""目标用例"",""边界问题"",""表层触发但非目标"",""结构缺槽"",""语义不兼容"",""其他具体构式"",""不确定/需复核""]","[""target_status"",""candidate_boundary"",""slot_status"",""structural_functional_status"",""licensed_evidence"",""runtime_evidence"",""rule_source_trace""]",大[一-龥]大[一-龥],normalized_compiles,REF-GF0025-2021,214,GF0025-2021 PDF p.214,ocr_detected,verified_inventory,false,[],machine_compiled,source_anchored,not_claimed,static_audit_passed,machine_compiled_source_anchored_static_audited
DUV3-GF0025-2021-4-024-01,DiagnosticUnit,DPV3-GF0025-2021-4-024-01,DiagnosticProfile,RBV3-GF0025-2021-4-024-01,GF0025-2021-4-024,【四24】,4,24,短语,固定短语,四字格,1,01,一A一B,,unsplit_official_entry,,DTV3-TAX-249B0481958D,taxonomy_instantiated,,0,structural_pattern,(?:一A一B|一),一[一-龥]一[一-龥],search,normalized_legacy_regex,,"[""phrase_head"",""dependent_or_argument"",""phrase_boundary""]","[""候选包含与权威条目 【四24】 对齐的可定位触发线索。"",""候选满足模板槽位：phrase_head、dependent_or_argument、phrase_boundary。"",""候选按 structural_pattern 模式实现 短语 / 固定短语 / 四字格 所规定的语法功能。""]","[""触发线索存在，但候选边界未覆盖完整构式。"",""局部槽位可定位，但至少一个必需槽位仅得到弱支持。""]","[""触发线索只出现在标题、编号、术语或元语言说明中。"",""必需槽位缺失，且上下文不能恢复目标结构或目标功能。""]","[""相同表层形式可能实现 固定短语 中的非目标功能。"",""相邻构式共享触发形式，但槽位关系或语法功能不同。""]","[""目标用例"",""边界问题"",""表层触发但非目标"",""结构缺槽"",""语义不兼容"",""其他具体构式"",""不确定/需复核""]","[""target_status"",""candidate_boundary"",""slot_status"",""structural_functional_status"",""licensed_evidence"",""runtime_evidence"",""rule_source_trace""]",一[一-龥]一[一-龥],normalized_compiles,REF-GF0025-2021,214,GF0025-2021 PDF p.214,ocr_detected,verified_inventory,false,[],machine_compiled,source_anchored,not_claimed,static_audit_passed,machine_compiled_source_anchored_static_audited
DUV3-GF0025-2021-4-025-01,DiagnosticUnit,DPV3-GF0025-2021-4-025-01,DiagnosticProfile,RBV3-GF0025-2021-4-025-01,GF0025-2021-4-025,【四25】,4,25,短语,固定短语,其他,1,01,看来,,unsplit_official_entry,,DTV3-TAX-423191A16BE2,taxonomy_instantiated,,0,structural_pattern,(?:看来),看来,search,normalized_legacy_regex,,"[""phrase_head"",""dependent_or_argument"",""phrase_boundary""]","[""候选包含与权威条目 【四25】 对齐的可定位触发线索。"",""候选满足模板槽位：phrase_head、dependent_or_argument、phrase_boundary。"",""候选按 structural_pattern 模式实现 短语 / 固定短语 / 其他 所规定的语法功能。""]","[""触发线索存在，但候选边界未覆盖完整构式。"",""局部槽位可定位，但至少一个必需槽位仅得到弱支持。""]","[""触发线索只出现在标题、编号、术语或元语言说明中。"",""必需槽位缺失，且上下文不能恢复目标结构或目标功能。""]","[""相同表层形式可能实现 固定短语 中的非目标功能。"",""相邻构式共享触发形式，但槽位关系或语法功能不同。""]","[""目标用例"",""边界问题"",""表层触发但非目标"",""结构缺槽"",""语义不兼容"",""其他具体构式"",""不确定/需复核""]","[""target_status"",""candidate_boundary"",""slot_status"",""structural_functional_status"",""licensed_evidence"",""runtime_evidence"",""rule_source_trace""]",看来,normalized_compiles,REF-GF0025-2021,,GF0025-2021 PDF pp.176–259,appendix_span_verified,verified_inventory,false,[],machine_compiled,source_anchored,not_claimed,static_audit_passed,machine_compiled_source_anchored_static_audited
DUV3-GF0025-2021-4-026-01,DiagnosticUnit,DPV3-GF0025-2021-4-026-01,DiagnosticProfile,RBV3-GF0025-2021-4-026-01,GF0025-2021-4-026,【四26】,4,26,短语,固定短语,其他,1,01,来得及/来不及,,unsplit_official_entry,,DTV3-TAX-423191A16BE2,taxonomy_instantiated,,0,structural_pattern,(?:来不及|来得及),来得及|来不及,search,normalized_legacy_regex,,"[""phrase_head"",""dependent_or_argument"",""phrase_boundary""]","[""候选包含与权威条目 【四26】 对齐的可定位触发线索。"",""候选满足模板槽位：phrase_head、dependent_or_argument、phrase_boundary。"",""候选按 structural_pattern 模式实现 短语 / 固定短语 / 其他 所规定的语法功能。""]","[""触发线索存在，但候选边界未覆盖完整构式。"",""局部槽位可定位，但至少一个必需槽位仅得到弱支持。""]","[""触发线索只出现在标题、编号、术语或元语言说明中。"",""必需槽位缺失，且上下文不能恢复目标结构或目标功能。""]","[""相同表层形式可能实现 固定短语 中的非目标功能。"",""相邻构式共享触发形式，但槽位关系或语法功能不同。""]","[""目标用例"",""边界问题"",""表层触发但非目标"",""结构缺槽"",""语义不兼容"",""其他具体构式"",""不确定/需复核""]","[""target_status"",""candidate_boundary"",""slot_status"",""structural_functional_status"",""licensed_evidence"",""runtime_evidence"",""rule_source_trace""]",来得及|来不及,normalized_compiles,REF-GF0025-2021,,GF0025-2021 PDF pp.176–259,appendix_span_verified,verified_inventory,false,[],machine_compiled,source_anchored,not_claimed,static_audit_passed,machine_compiled_source_anchored_static_audited
DUV3-GF0025-2021-4-027-01,DiagnosticUnit,DPV3-GF0025-2021-4-027-01,DiagnosticProfile,RBV3-GF0025-2021-4-027-01,GF0025-2021-4-027,【四27】,4,27,短语,固定短语,其他,1,01,说不定,,unsplit_official_entry,,DTV3-TAX-423191A16BE2,taxonomy_instantiated,,0,structural_pattern,(?:说不定),说不定,search,normalized_legacy_regex,,"[""phrase_head"",""dependent_or_argument"",""phrase_boundary""]","[""候选包含与权威条目 【四27】 对齐的可定位触发线索。"",""候选满足模板槽位：phrase_head、dependent_or_argument、phrase_boundary。"",""候选按 structural_pattern 模式实现 短语 / 固定短语 / 其他 所规定的语法功能。""]","[""触发线索存在，但候选边界未覆盖完整构式。"",""局部槽位可定位，但至少一个必需槽位仅得到弱支持。""]","[""触发线索只出现在标题、编号、术语或元语言说明中。"",""必需槽位缺失，且上下文不能恢复目标结构或目标功能。""]","[""相同表层形式可能实现 固定短语 中的非目标功能。"",""相邻构式共享触发形式，但槽位关系或语法功能不同。""]","[""目标用例"",""边界问题"",""表层触发但非目标"",""结构缺槽"",""语义不兼容"",""其他具体构式"",""不确定/需复核""]","[""target_status"",""candidate_boundary"",""slot_status"",""structural_functional_status"",""licensed_evidence"",""runtime_evidence"",""rule_source_trace""]",说不定,normalized_compiles,REF-GF0025-2021,,GF0025-2021 PDF pp.176–259,appendix_span_verified,verified_inventory,false,[],machine_compiled,source_anchored,not_claimed,static_audit_passed,machine_compiled_source_anchored_static_audited
DUV3-GF0025-2021-4-028-01,DiagnosticUnit,DPV3-GF0025-2021-4-028-01,DiagnosticProfile,RBV3-GF0025-2021-4-028-01,GF0025-2021-4-028,【四28】,4,28,短语,固定短语,其他,1,01,一般来说,,unsplit_official_entry,,DTV3-TAX-423191A16BE2,taxonomy_instantiated,,0,structural_pattern,(?:一般来说),一般来说,search,normalized_legacy_regex,,"[""phrase_head"",""dependent_or_argument"",""phrase_boundary""]","[""候选包含与权威条目 【四28】 对齐的可定位触发线索。"",""候选满足模板槽位：phrase_head、dependent_or_argument、phrase_boundary。"",""候选按 structural_pattern 模式实现 短语 / 固定短语 / 其他 所规定的语法功能。""]","[""触发线索存在，但候选边界未覆盖完整构式。"",""局部槽位可定位，但至少一个必需槽位仅得到弱支持。""]","[""触发线索只出现在标题、编号、术语或元语言说明中。"",""必需槽位缺失，且上下文不能恢复目标结构或目标功能。""]","[""相同表层形式可能实现 固定短语 中的非目标功能。"",""相邻构式共享触发形式，但槽位关系或语法功能不同。""]","[""目标用例"",""边界问题"",""表层触发但非目标"",""结构缺槽"",""语义不兼容"",""其他具体构式"",""不确定/需复核""]","[""target_status"",""candidate_boundary"",""slot_status"",""structural_functional_status"",""licensed_evidence"",""runtime_evidence"",""rule_source_trace""]",一般来说,normalized_compiles,REF-GF0025-2021,,GF0025-2021 PDF pp.176–259,appendix_span_verified,verified_inventory,false,[],machine_compiled,source_anchored,not_claimed,static_audit_passed,machine_compiled_source_anchored_static_audited
DUV3-GF0025-2021-4-029-01,DiagnosticUnit,DPV3-GF0025-2021-4-029-01,DiagnosticProfile,RBV3-GF0025-2021-4-029-01,GF0025-2021-4-029,【四29】,4,29,固定格式,未细分,,1,01,一+量词+比+一+量词,,unsplit_official_entry,,DTV3-POINT-2B173EC611B8,point_specific_instantiated,,0,structural_pattern,(?:量词|一|比),一([个杯本包块])比一\1,search,normalized_legacy_regex,,"[""fixed_marker"",""internal_slot"",""construction_boundary""]","[""候选包含与权威条目 【四29】 对齐的可定位触发线索。"",""候选满足模板槽位：fixed_marker、internal_slot、construction_boundary。"",""候选按 structural_pattern 模式实现 固定格式 / 未细分 / 未列小项 所规定的语法功能。""]","[""触发线索存在，但候选边界未覆盖完整构式。"",""局部槽位可定位，但至少一个必需槽位仅得到弱支持。""]","[""触发线索只出现在标题、编号、术语或元语言说明中。"",""必需槽位缺失，且上下文不能恢复目标结构或目标功能。""]","[""相同表层形式可能实现 未细分 中的非目标功能。"",""相邻构式共享触发形式，但槽位关系或语法功能不同。""]","[""目标用例"",""边界问题"",""表层触发但非目标"",""结构缺槽"",""语义不兼容"",""其他具体构式"",""不确定/需复核""]","[""target_status"",""candidate_boundary"",""slot_status"",""structural_functional_status"",""licensed_evidence"",""runtime_evidence"",""rule_source_trace""]",一([个杯本包块])比一\1,normalized_compiles,REF-GF0025-2021,,GF0025-2021 PDF pp.176–259,appendix_span_verified,verified_inventory,false,[],machine_compiled,source_anchored,not_claimed,static_audit_passed,machine_compiled_source_anchored_static_audited
DUV3-GF0025-2021-4-030-01,DiagnosticUnit,DPV3-GF0025-2021-4-030-01,DiagnosticProfile,RBV3-GF0025-2021-4-030-01,GF0025-2021-4-030,【四30】,4,30,固定格式,未细分,,1,01,（自）……以来,,unsplit_official_entry,,DTV3-POINT-118A8B87F2BA,point_specific_instantiated,,0,structural_pattern,(?:以来|自),自*.+以来,search,normalized_legacy_regex,,"[""fixed_marker"",""internal_slot"",""construction_boundary""]","[""候选包含与权威条目 【四30】 对齐的可定位触发线索。"",""候选满足模板槽位：fixed_marker、internal_slot、construction_boundary。"",""候选按 structural_pattern 模式实现 固定格式 / 未细分 / 未列小项 所规定的语法功能。""]","[""触发线索存在，但候选边界未覆盖完整构式。"",""局部槽位可定位，但至少一个必需槽位仅得到弱支持。""]","[""触发线索只出现在标题、编号、术语或元语言说明中。"",""必需槽位缺失，且上下文不能恢复目标结构或目标功能。""]","[""相同表层形式可能实现 未细分 中的非目标功能。"",""相邻构式共享触发形式，但槽位关系或语法功能不同。""]","[""目标用例"",""边界问题"",""表层触发但非目标"",""结构缺槽"",""语义不兼容"",""其他具体构式"",""不确定/需复核""]","[""target_status"",""candidate_boundary"",""slot_status"",""structural_functional_status"",""licensed_evidence"",""runtime_evidence"",""rule_source_trace""]",自*.+以来,normalized_compiles,REF-GF0025-2021,215,GF0025-2021 PDF p.215,ocr_detected,verified_inventory,false,[],machine_compiled,source_anchored,not_claimed,static_audit_passed,machine_compiled_source_anchored_static_audited
DUV3-GF0025-2021-4-031-01,DiagnosticUnit,DPV3-GF0025-2021-4-031-01,DiagnosticProfile,RBV3-GF0025-2021-4-031-01,GF0025-2021-4-031,【四31】,4,31,固定格式,未细分,,1,01,由……组成,,unsplit_official_entry,,DTV3-POINT-CE77C642541E,point_specific_instantiated,,0,structural_pattern,(?:由……组成|组成|由),由.+组成,search,normalized_legacy_regex,,"[""fixed_marker"",""internal_slot"",""construction_boundary""]","[""候选包含与权威条目 【四31】 对齐的可定位触发线索。"",""候选满足模板槽位：fixed_marker、internal_slot、construction_boundary。"",""候选按 structural_pattern 模式实现 固定格式 / 未细分 / 未列小项 所规定的语法功能。""]","[""触发线索存在，但候选边界未覆盖完整构式。"",""局部槽位可定位，但至少一个必需槽位仅得到弱支持。""]","[""触发线索只出现在标题、编号、术语或元语言说明中。"",""必需槽位缺失，且上下文不能恢复目标结构或目标功能。""]","[""相同表层形式可能实现 未细分 中的非目标功能。"",""相邻构式共享触发形式，但槽位关系或语法功能不同。""]","[""目标用例"",""边界问题"",""表层触发但非目标"",""结构缺槽"",""语义不兼容"",""其他具体构式"",""不确定/需复核""]","[""target_status"",""candidate_boundary"",""slot_status"",""structural_functional_status"",""licensed_evidence"",""runtime_evidence"",""rule_source_trace""]",由.+组成,normalized_compiles,REF-GF0025-2021,215,GF0025-2021 PDF p.215,ocr_detected,verified_inventory,false,[],machine_compiled,source_anchored,not_claimed,static_audit_passed,machine_compiled_source_anchored_static_audited
DUV3-GF0025-2021-4-032-01,DiagnosticUnit,DPV3-GF0025-2021-4-032-01,DiagnosticProfile,RBV3-GF0025-2021-4-032-01,GF0025-2021-4-032,【四32】,4,32,固定格式,未细分,,1,01,在……方面,,unsplit_official_entry,,DTV3-POINT-1DE571C47EFE,point_specific_instantiated,,0,structural_pattern,(?:在……方面|方面|在),在.+方面,search,normalized_legacy_regex,,"[""fixed_marker"",""internal_slot"",""construction_boundary""]","[""候选包含与权威条目 【四32】 对齐的可定位触发线索。"",""候选满足模板槽位：fixed_marker、internal_slot、construction_boundary。"",""候选按 structural_pattern 模式实现 固定格式 / 未细分 / 未列小项 所规定的语法功能。""]","[""触发线索存在，但候选边界未覆盖完整构式。"",""局部槽位可定位，但至少一个必需槽位仅得到弱支持。""]","[""触发线索只出现在标题、编号、术语或元语言说明中。"",""必需槽位缺失，且上下文不能恢复目标结构或目标功能。""]","[""相同表层形式可能实现 未细分 中的非目标功能。"",""相邻构式共享触发形式，但槽位关系或语法功能不同。""]","[""目标用例"",""边界问题"",""表层触发但非目标"",""结构缺槽"",""语义不兼容"",""其他具体构式"",""不确定/需复核""]","[""target_status"",""candidate_boundary"",""slot_status"",""structural_functional_status"",""licensed_evidence"",""runtime_evidence"",""rule_source_trace""]",在.+方面,normalized_compiles,REF-GF0025-2021,215,GF0025-2021 PDF p.215,ocr_detected,verified_inventory,false,[],machine_compiled,source_anchored,not_claimed,static_audit_passed,machine_compiled_source_anchored_static_audited
DUV3-GF0025-2021-4-033-01,DiagnosticUnit,DPV3-GF0025-2021-4-033-01,DiagnosticProfile,RBV3-GF0025-2021-4-033-01,GF0025-2021-4-033,【四33】,4,33,固定格式,未细分,,1,01,在……上/下/中,,unsplit_official_entry,,DTV3-POINT-B583F975248B,point_specific_instantiated,,0,structural_pattern,(?:上|下|中|在),在.+(上|下|中),search,normalized_legacy_regex,,"[""fixed_marker"",""internal_slot"",""construction_boundary""]","[""候选包含与权威条目 【四33】 对齐的可定位触发线索。"",""候选满足模板槽位：fixed_marker、internal_slot、construction_boundary。"",""候选按 structural_pattern 模式实现 固定格式 / 未细分 / 未列小项 所规定的语法功能。""]","[""触发线索存在，但候选边界未覆盖完整构式。"",""局部槽位可定位，但至少一个必需槽位仅得到弱支持。""]","[""触发线索只出现在标题、编号、术语或元语言说明中。"",""必需槽位缺失，且上下文不能恢复目标结构或目标功能。""]","[""相同表层形式可能实现 未细分 中的非目标功能。"",""相邻构式共享触发形式，但槽位关系或语法功能不同。""]","[""目标用例"",""边界问题"",""表层触发但非目标"",""结构缺槽"",""语义不兼容"",""其他具体构式"",""不确定/需复核""]","[""target_status"",""candidate_boundary"",""slot_status"",""structural_functional_status"",""licensed_evidence"",""runtime_evidence"",""rule_source_trace""]",在.+(上|下|中),normalized_compiles,REF-GF0025-2021,,GF0025-2021 PDF pp.176–259,appendix_span_verified,verified_inventory,false,[],machine_compiled,source_anchored,not_claimed,static_audit_passed,machine_compiled_source_anchored_static_audited
DUV3-GF0025-2021-4-034-01,DiagnosticUnit,DPV3-GF0025-2021-4-034-01,DiagnosticProfile,RBV3-GF0025-2021-4-034-01,GF0025-2021-4-034,【四34】,4,34,句子成分,主语,,1,01,主谓短语作主语,,unsplit_official_entry,,DTV3-TAX-A5F02C447E10,taxonomy_instantiated,,0,complex_functional,(?:主谓短语作主语),(?:主谓短语作主语),search,source_literal_retrieval_trigger,,"[""candidate_expression"",""governing_predicate"",""syntactic_role""]","[""候选包含与权威条目 【四34】 对齐的可定位触发线索。"",""候选满足模板槽位：candidate_expression、governing_predicate、syntactic_role。"",""候选按 complex_functional 模式实现 句子成分 / 主语 / 未列小项 所规定的语法功能。""]","[""触发线索存在，但候选边界未覆盖完整构式。"",""局部槽位可定位，但至少一个必需槽位仅得到弱支持。""]","[""触发线索只出现在标题、编号、术语或元语言说明中。"",""必需槽位缺失，且上下文不能恢复目标结构或目标功能。""]","[""相同表层形式可能实现 主语 中的非目标功能。"",""相邻构式共享触发形式，但槽位关系或语法功能不同。""]","[""目标用例"",""边界问题"",""表层触发但非目标"",""结构缺槽"",""语义不兼容"",""其他具体构式"",""不确定/需复核""]","[""target_status"",""candidate_boundary"",""slot_status"",""structural_functional_status"",""licensed_evidence"",""runtime_evidence"",""rule_source_trace""]",,not_available_source_literal_runtime,REF-GF0025-2021,,GF0025-2021 PDF pp.176–259,appendix_span_verified,verified_inventory,false,[],machine_compiled,source_anchored,not_claimed,static_audit_passed,machine_compiled_source_anchored_static_audited
DUV3-GF0025-2021-4-035-01,DiagnosticUnit,DPV3-GF0025-2021-4-035-01,DiagnosticProfile,RBV3-GF0025-2021-4-035-01,GF0025-2021-4-035,【四35】,4,35,句子成分,主语,,1,01,受事主语,,unsplit_official_entry,,DTV3-TAX-A5F02C447E10,taxonomy_instantiated,,0,complex_functional,(?:受事主语),(?:受事主语),search,source_literal_retrieval_trigger,,"[""candidate_expression"",""governing_predicate"",""syntactic_role""]","[""候选包含与权威条目 【四35】 对齐的可定位触发线索。"",""候选满足模板槽位：candidate_expression、governing_predicate、syntactic_role。"",""候选按 complex_functional 模式实现 句子成分 / 主语 / 未列小项 所规定的语法功能。""]","[""触发线索存在，但候选边界未覆盖完整构式。"",""局部槽位可定位，但至少一个必需槽位仅得到弱支持。""]","[""触发线索只出现在标题、编号、术语或元语言说明中。"",""必需槽位缺失，且上下文不能恢复目标结构或目标功能。""]","[""相同表层形式可能实现 主语 中的非目标功能。"",""相邻构式共享触发形式，但槽位关系或语法功能不同。""]","[""目标用例"",""边界问题"",""表层触发但非目标"",""结构缺槽"",""语义不兼容"",""其他具体构式"",""不确定/需复核""]","[""target_status"",""candidate_boundary"",""slot_status"",""structural_functional_status"",""licensed_evidence"",""runtime_evidence"",""rule_source_trace""]",,not_available_source_literal_runtime,REF-GF0025-2021,215,GF0025-2021 PDF p.215,ocr_detected,verified_inventory,false,[],machine_compiled,source_anchored,not_claimed,static_audit_passed,machine_compiled_source_anchored_static_audited
DUV3-GF0025-2021-4-036-01,DiagnosticUnit,DPV3-GF0025-2021-4-036-01,DiagnosticProfile,RBV3-GF0025-2021-4-036-01,GF0025-2021-4-036,【四36】,4,36,句子成分,定语,,1,01,多项定语,,unsplit_official_entry,,DTV3-TAX-FE0DC117518D,taxonomy_instantiated,,0,complex_functional,(?:多项定语),(?:多项定语),search,source_literal_retrieval_trigger,,"[""candidate_expression"",""governing_predicate"",""syntactic_role""]","[""候选包含与权威条目 【四36】 对齐的可定位触发线索。"",""候选满足模板槽位：candidate_expression、governing_predicate、syntactic_role。"",""候选按 complex_functional 模式实现 句子成分 / 定语 / 未列小项 所规定的语法功能。""]","[""触发线索存在，但候选边界未覆盖完整构式。"",""局部槽位可定位，但至少一个必需槽位仅得到弱支持。""]","[""触发线索只出现在标题、编号、术语或元语言说明中。"",""必需槽位缺失，且上下文不能恢复目标结构或目标功能。""]","[""相同表层形式可能实现 定语 中的非目标功能。"",""相邻构式共享触发形式，但槽位关系或语法功能不同。""]","[""目标用例"",""边界问题"",""表层触发但非目标"",""结构缺槽"",""语义不兼容"",""其他具体构式"",""不确定/需复核""]","[""target_status"",""candidate_boundary"",""slot_status"",""structural_functional_status"",""licensed_evidence"",""runtime_evidence"",""rule_source_trace""]",,not_available_source_literal_runtime,REF-GF0025-2021,216,GF0025-2021 PDF p.216,ocr_detected,verified_inventory,false,[],machine_compiled,source_anchored,not_claimed,static_audit_passed,machine_compiled_source_anchored_static_audited
DUV3-GF0025-2021-4-037-01,DiagnosticUnit,DPV3-GF0025-2021-4-037-01,DiagnosticProfile,RBV3-GF0025-2021-4-037-01,GF0025-2021-4-037,【四37】,4,37,句子成分,补语,趋向补语,1,01,趋向补语3 表示结果意义（引申用法）：动词+上/出/起/下,,unsplit_official_entry,,DTV3-SEED-C7C9B744490A,seed_reused,趋向补语候选,120,complex_functional,(?:结果意义|趋向补语|动词|引申|趋向|上|下|出|起),(?:结果意义|趋向补语|动词|引申|趋向|上|下|出|起),search,source_literal_retrieval_trigger,,"[""predicate"",""complement_marker"",""complement_core"",""object_or_extent""]","[""候选片段包含或可解释出“趋向补语”相关标记/结构线索。"",""候选片段满足所属语法家族的核心槽位要求：谓词、补语标记、补语核心、宾语/对象、数量/时量成分。"",""候选片段在原句中承担该语法点的实际语法功能，而非仅有表层词形。""]","[""结构大体可定位但边界过短或过长。"",""标记存在但核心槽位需要结合上下文复核。""]","[""候选片段只是术语、标题、编号、残片或 OCR 混杂内容。"",""只有表层标记，无法构成所属语法家族的核心结构。""]","[""只有表层标记""]","[""目标用例"",""边界问题"",""表层触发但非目标"",""结构缺槽"",""语义不兼容"",""其他具体构式"",""不确定/需复核""]","[""target_status"",""candidate_boundary"",""slot_status"",""structural_functional_status"",""licensed_evidence"",""runtime_evidence"",""rule_source_trace""]",,not_available_source_literal_runtime,REF-GF0025-2021,216,GF0025-2021 PDF p.216,ocr_detected,verified_inventory,false,[],machine_compiled,source_anchored,not_claimed,static_audit_passed,machine_compiled_source_anchored_static_audited
DUV3-GF0025-2021-4-038-01,DiagnosticUnit,DPV3-GF0025-2021-4-038-01,DiagnosticProfile,RBV3-GF0025-2021-4-038-01,GF0025-2021-4-038,【四38】,4,38,句子的类型,特殊句型,“把”字句,1,01,主语+把+宾语+动词（+一/了）+动词,“把”字句2：表处置,numbered_usage,（1）,DTV3-SEED-9D89FF701AAE,seed_reused,把字句候选,120,structural_pattern,(?:主语|动词|宾语|一|了|把),.+把.+给?.+[了着],search,normalized_legacy_regex_with_unit_specialization,(?:主语|动词|宾语|一|了|把),"[""agent"",""disposal_marker"",""patient"",""predicate"",""result_or_complement""]","[""候选片段包含处置标记“把”。"",""“把”后存在可解释为受事的名词性成分。"",""受事之后存在谓词性成分。"",""优先接受带有结果、趋向、状态变化或补足成分的处置表达。""]","[""候选片段只截到“把+受事”而缺少谓词性成分。"",""候选边界包含前置无关动作链，但核心把字结构仍可定位。""]","[""“把”只出现在术语、标题、编号或非句法用例中。"",""候选片段为残片，无法定位受事或谓词。""]","[""只因出现“把”而结构不成立""]","[""目标用例"",""边界问题"",""表层触发但非目标"",""结构缺槽"",""语义不兼容"",""其他具体构式"",""不确定/需复核""]","[""target_status"",""candidate_boundary"",""slot_status"",""structural_functional_status"",""licensed_evidence"",""runtime_evidence"",""rule_source_trace""]",.+把.+给?.+[了着],normalized_compiles,REF-GF0025-2021,216,GF0025-2021 PDF p.216,ocr_detected,verified_inventory,false,[],machine_compiled,source_anchored,not_claimed,static_audit_passed,machine_compiled_source_anchored_static_audited
DUV3-GF0025-2021-4-038-02,DiagnosticUnit,DPV3-GF0025-2021-4-038-02,DiagnosticProfile,RBV3-GF0025-2021-4-038-02,GF0025-2021-4-038,【四38】,4,38,句子的类型,特殊句型,“把”字句,2,02,主语+把+宾语（+给）+动词+了/着,“把”字句2：表处置,numbered_usage,（2）,DTV3-SEED-9D89FF701AAE,seed_reused,把字句候选,120,structural_pattern,(?:主语|动词|宾语|了|把|着|给),.+把.+给?.+[了着],search,normalized_legacy_regex_with_unit_specialization,(?:主语|动词|宾语|了|把|着|给),"[""agent"",""disposal_marker"",""patient"",""predicate"",""result_or_complement""]","[""候选片段包含处置标记“把”。"",""“把”后存在可解释为受事的名词性成分。"",""受事之后存在谓词性成分。"",""优先接受带有结果、趋向、状态变化或补足成分的处置表达。""]","[""候选片段只截到“把+受事”而缺少谓词性成分。"",""候选边界包含前置无关动作链，但核心把字结构仍可定位。""]","[""“把”只出现在术语、标题、编号或非句法用例中。"",""候选片段为残片，无法定位受事或谓词。""]","[""只因出现“把”而结构不成立""]","[""目标用例"",""边界问题"",""表层触发但非目标"",""结构缺槽"",""语义不兼容"",""其他具体构式"",""不确定/需复核""]","[""target_status"",""candidate_boundary"",""slot_status"",""structural_functional_status"",""licensed_evidence"",""runtime_evidence"",""rule_source_trace""]",.+把.+给?.+[了着],normalized_compiles,REF-GF0025-2021,216,GF0025-2021 PDF p.216,ocr_detected,verified_inventory,false,[],machine_compiled,source_anchored,not_claimed,static_audit_passed,machine_compiled_source_anchored_static_audited
DUV3-GF0025-2021-4-038-03,DiagnosticUnit,DPV3-GF0025-2021-4-038-03,DiagnosticProfile,RBV3-GF0025-2021-4-038-03,GF0025-2021-4-038,【四38】,4,38,句子的类型,特殊句型,“把”字句,3,03,主语+把+宾语+动词+动量补语/时量补语,“把”字句2：表处置,numbered_usage,（3）,DTV3-SEED-9D89FF701AAE,seed_reused,把字句候选,120,structural_pattern,(?:动量补语|时量补语|主语|动词|宾语|把),.+把.+给?.+[了着],search,normalized_legacy_regex_with_unit_specialization,(?:动量补语|时量补语|主语|动词|宾语|把),"[""agent"",""disposal_marker"",""patient"",""predicate"",""result_or_complement""]","[""候选片段包含处置标记“把”。"",""“把”后存在可解释为受事的名词性成分。"",""受事之后存在谓词性成分。"",""优先接受带有结果、趋向、状态变化或补足成分的处置表达。""]","[""候选片段只截到“把+受事”而缺少谓词性成分。"",""候选边界包含前置无关动作链，但核心把字结构仍可定位。""]","[""“把”只出现在术语、标题、编号或非句法用例中。"",""候选片段为残片，无法定位受事或谓词。""]","[""只因出现“把”而结构不成立""]","[""目标用例"",""边界问题"",""表层触发但非目标"",""结构缺槽"",""语义不兼容"",""其他具体构式"",""不确定/需复核""]","[""target_status"",""candidate_boundary"",""slot_status"",""structural_functional_status"",""licensed_evidence"",""runtime_evidence"",""rule_source_trace""]",.+把.+给?.+[了着],normalized_compiles,REF-GF0025-2021,216,GF0025-2021 PDF p.216,ocr_detected,verified_inventory,false,[],machine_compiled,source_anchored,not_claimed,static_audit_passed,machine_compiled_source_anchored_static_audited
DUV3-GF0025-2021-4-039-01,DiagnosticUnit,DPV3-GF0025-2021-4-039-01,DiagnosticProfile,RBV3-GF0025-2021-4-039-01,GF0025-2021-4-039,【四39】,4,39,句子的类型,特殊句型,被动句,1,01,被动句2：主语+被+动词+其他成分,,unsplit_official_entry,,DTV3-SEED-9DEB8FD0AD62,seed_reused,被字句候选,120,structural_pattern,(?:被动句|主语|动词|成分|被),(?:被动句|主语|动词|成分|被),search,source_literal_retrieval_trigger,,"[""patient"",""passive_marker"",""agent_optional"",""predicate""]","[""存在被动标记，且句中可解释出受事和受影响事件。"",""施事可以明示，也可以省略。"",""谓词通常表达动作、影响或结果状态。""]","[""候选片段过短，但原句附近可补足被动事件。""]","[""“被”出现在术语残片、语法说明或非句法用例中。"",""只有被动标记而无可解释谓词事件。""]","[""术语或说明文字触发""]","[""目标用例"",""边界问题"",""表层触发但非目标"",""结构缺槽"",""语义不兼容"",""其他具体构式"",""不确定/需复核""]","[""target_status"",""candidate_boundary"",""slot_status"",""structural_functional_status"",""licensed_evidence"",""runtime_evidence"",""rule_source_trace""]",,not_available_source_literal_runtime,REF-GF0025-2021,,GF0025-2021 PDF pp.176–259,appendix_span_verified,verified_inventory,false,[],machine_compiled,source_anchored,not_claimed,static_audit_passed,machine_compiled_source_anchored_static_audited
DUV3-GF0025-2021-4-040-01,DiagnosticUnit,DPV3-GF0025-2021-4-040-01,DiagnosticProfile,RBV3-GF0025-2021-4-040-01,GF0025-2021-4-040,【四40】,4,40,句子的类型,特殊句型,存现句,1,01,表示出现：处所词+动词+趋向补语/结果补语+动态助词（了）+数量短语+人/物,存现句2,numbered_usage,（1）,DTV3-TAX-02CE068CE644,taxonomy_instantiated,,0,complex_functional,(?:动态助词|数量短语|结果补语|趋向补语|处所词|出现|动词|了|人|物),(?:动态助词|数量短语|结果补语|趋向补语|处所词|出现|动词|了|人|物),search,source_literal_retrieval_trigger,,"[""subject_or_topic"",""predicate"",""construction_marker"",""clause_boundary""]","[""候选包含与权威条目 【四40】 对齐的可定位触发线索。"",""候选满足模板槽位：subject_or_topic、predicate、construction_marker、clause_boundary。"",""候选按 complex_functional 模式实现 句子的类型 / 特殊句型 / 存现句 所规定的语法功能。""]","[""触发线索存在，但候选边界未覆盖完整构式。"",""局部槽位可定位，但至少一个必需槽位仅得到弱支持。""]","[""触发线索只出现在标题、编号、术语或元语言说明中。"",""必需槽位缺失，且上下文不能恢复目标结构或目标功能。""]","[""相同表层形式可能实现 特殊句型 中的非目标功能。"",""相邻构式共享触发形式，但槽位关系或语法功能不同。""]","[""目标用例"",""边界问题"",""表层触发但非目标"",""结构缺槽"",""语义不兼容"",""其他具体构式"",""不确定/需复核""]","[""target_status"",""candidate_boundary"",""slot_status"",""structural_functional_status"",""licensed_evidence"",""runtime_evidence"",""rule_source_trace""]",,not_available_source_literal_runtime,REF-GF0025-2021,217,GF0025-2021 PDF p.217,ocr_detected,verified_inventory,false,[],machine_compiled,source_anchored,not_claimed,static_audit_passed,machine_compiled_source_anchored_static_audited
DUV3-GF0025-2021-4-040-02,DiagnosticUnit,DPV3-GF0025-2021-4-040-02,DiagnosticProfile,RBV3-GF0025-2021-4-040-02,GF0025-2021-4-040,【四40】,4,40,句子的类型,特殊句型,存现句,2,02,表示消失：处所词+动词+结果补语+动态助词（了）+数量短语+人/物,存现句2,numbered_usage,（2）,DTV3-TAX-02CE068CE644,taxonomy_instantiated,,0,complex_functional,(?:动态助词|数量短语|结果补语|处所词|动词|消失|了|人|物),(?:动态助词|数量短语|结果补语|处所词|动词|消失|了|人|物),search,source_literal_retrieval_trigger,,"[""subject_or_topic"",""predicate"",""construction_marker"",""clause_boundary""]","[""候选包含与权威条目 【四40】 对齐的可定位触发线索。"",""候选满足模板槽位：subject_or_topic、predicate、construction_marker、clause_boundary。"",""候选按 complex_functional 模式实现 句子的类型 / 特殊句型 / 存现句 所规定的语法功能。""]","[""触发线索存在，但候选边界未覆盖完整构式。"",""局部槽位可定位，但至少一个必需槽位仅得到弱支持。""]","[""触发线索只出现在标题、编号、术语或元语言说明中。"",""必需槽位缺失，且上下文不能恢复目标结构或目标功能。""]","[""相同表层形式可能实现 特殊句型 中的非目标功能。"",""相邻构式共享触发形式，但槽位关系或语法功能不同。""]","[""目标用例"",""边界问题"",""表层触发但非目标"",""结构缺槽"",""语义不兼容"",""其他具体构式"",""不确定/需复核""]","[""target_status"",""candidate_boundary"",""slot_status"",""structural_functional_status"",""licensed_evidence"",""runtime_evidence"",""rule_source_trace""]",,not_available_source_literal_runtime,REF-GF0025-2021,217,GF0025-2021 PDF p.217,ocr_detected,verified_inventory,false,[],machine_compiled,source_anchored,not_claimed,static_audit_passed,machine_compiled_source_anchored_static_audited
DUV3-GF0025-2021-4-041-01,DiagnosticUnit,DPV3-GF0025-2021-4-041-01,DiagnosticProfile,RBV3-GF0025-2021-4-041-01,GF0025-2021-4-041,【四41】,4,41,句子的类型,特殊句型,兼语句,1,01,表爱憎义：主语+表扬/批评+宾语1+动词+宾语2,兼语句2,numbered_usage,（1）,DTV3-SEED-A509368B3BA4,seed_reused,兼语结构候选,120,structural_pattern,(?:表爱憎义|主语|动词|宾语|批评|表扬),(?:表爱憎义|主语|动词|宾语|批评|表扬),search,source_literal_retrieval_trigger,,"[""predicate_1"",""shared_argument"",""predicate_2"",""event_relation""]","[""候选片段包含或可解释出“兼语结构”相关标记/结构线索。"",""候选片段满足所属语法家族的核心槽位要求：前项谓词、后项谓词、共享论元/兼语、对象、事件链关系。"",""候选片段在原句中承担该语法点的实际语法功能，而非仅有表层词形。""]","[""结构大体可定位但边界过短或过长。"",""标记存在但核心槽位需要结合上下文复核。""]","[""候选片段只是术语、标题、编号、残片或 OCR 混杂内容。"",""只有表层标记，无法构成所属语法家族的核心结构。""]","[""只有表层标记""]","[""目标用例"",""边界问题"",""表层触发但非目标"",""结构缺槽"",""语义不兼容"",""其他具体构式"",""不确定/需复核""]","[""target_status"",""candidate_boundary"",""slot_status"",""structural_functional_status"",""licensed_evidence"",""runtime_evidence"",""rule_source_trace""]",,not_available_source_literal_runtime,REF-GF0025-2021,217,GF0025-2021 PDF p.217,ocr_detected,verified_inventory,false,[],machine_compiled,source_anchored,not_claimed,static_audit_passed,machine_compiled_source_anchored_static_audited
DUV3-GF0025-2021-4-041-02,DiagnosticUnit,DPV3-GF0025-2021-4-041-02,DiagnosticProfile,RBV3-GF0025-2021-4-041-02,GF0025-2021-4-041,【四41】,4,41,句子的类型,特殊句型,兼语句,2,02,表称谓或认定义：主语+叫/称（呼）/说/收/选+宾语1 +做/为/当/是+宾语2,兼语句2,numbered_usage,（2）,DTV3-SEED-A509368B3BA4,seed_reused,兼语结构候选,120,structural_pattern,(?:表称谓或认定义|主语|宾语|为|做|叫|呼|当|收|是|称|说|选),(?:表称谓或认定义|主语|宾语|为|做|叫|呼|当|收|是|称|说|选),search,source_literal_retrieval_trigger,,"[""predicate_1"",""shared_argument"",""predicate_2"",""event_relation""]","[""候选片段包含或可解释出“兼语结构”相关标记/结构线索。"",""候选片段满足所属语法家族的核心槽位要求：前项谓词、后项谓词、共享论元/兼语、对象、事件链关系。"",""候选片段在原句中承担该语法点的实际语法功能，而非仅有表层词形。""]","[""结构大体可定位但边界过短或过长。"",""标记存在但核心槽位需要结合上下文复核。""]","[""候选片段只是术语、标题、编号、残片或 OCR 混杂内容。"",""只有表层标记，无法构成所属语法家族的核心结构。""]","[""只有表层标记""]","[""目标用例"",""边界问题"",""表层触发但非目标"",""结构缺槽"",""语义不兼容"",""其他具体构式"",""不确定/需复核""]","[""target_status"",""candidate_boundary"",""slot_status"",""structural_functional_status"",""licensed_evidence"",""runtime_evidence"",""rule_source_trace""]",,not_available_source_literal_runtime,REF-GF0025-2021,217,GF0025-2021 PDF p.217,ocr_detected,verified_inventory,false,[],machine_compiled,source_anchored,not_claimed,static_audit_passed,machine_compiled_source_anchored_static_audited
DUV3-GF0025-2021-4-042-01,DiagnosticUnit,DPV3-GF0025-2021-4-042-01,DiagnosticProfile,RBV3-GF0025-2021-4-042-01,GF0025-2021-4-042,【四42】,4,42,句子的类型,特殊句型,“是……的”句,1,01,“是……的”句2：强调说话人的看法或态度,,unsplit_official_entry,,DTV3-TAX-924F9FD236A9,taxonomy_instantiated,,0,complex_functional,(?:强调说话人的看法或态度|句|是|的),是.+的,search,normalized_legacy_regex,,"[""subject_or_topic"",""predicate"",""construction_marker"",""clause_boundary""]","[""候选包含与权威条目 【四42】 对齐的可定位触发线索。"",""候选满足模板槽位：subject_or_topic、predicate、construction_marker、clause_boundary。"",""候选按 complex_functional 模式实现 句子的类型 / 特殊句型 / “是……的”句 所规定的语法功能。""]","[""触发线索存在，但候选边界未覆盖完整构式。"",""局部槽位可定位，但至少一个必需槽位仅得到弱支持。""]","[""触发线索只出现在标题、编号、术语或元语言说明中。"",""必需槽位缺失，且上下文不能恢复目标结构或目标功能。""]","[""相同表层形式可能实现 特殊句型 中的非目标功能。"",""相邻构式共享触发形式，但槽位关系或语法功能不同。""]","[""目标用例"",""边界问题"",""表层触发但非目标"",""结构缺槽"",""语义不兼容"",""其他具体构式"",""不确定/需复核""]","[""target_status"",""candidate_boundary"",""slot_status"",""structural_functional_status"",""licensed_evidence"",""runtime_evidence"",""rule_source_trace""]",是.+的,normalized_compiles,REF-GF0025-2021,217,GF0025-2021 PDF p.217,ocr_detected,verified_inventory,false,[],machine_compiled,source_anchored,not_claimed,static_audit_passed,machine_compiled_source_anchored_static_audited
DUV3-GF0025-2021-4-043-01,DiagnosticUnit,DPV3-GF0025-2021-4-043-01,DiagnosticProfile,RBV3-GF0025-2021-4-043-01,GF0025-2021-4-043,【四43】,4,43,句子的类型,复句,并列复句,1,01,不是……，而是……,,unsplit_official_entry,,DTV3-TAX-A5230521300C,taxonomy_instantiated,,0,structural_pattern,(?:不是|而是),不是.+，而是.+,search,normalized_legacy_regex,,"[""clause_1"",""relation_marker"",""clause_2"",""logical_relation""]","[""候选包含与权威条目 【四43】 对齐的可定位触发线索。"",""候选满足模板槽位：clause_1、relation_marker、clause_2、logical_relation。"",""候选按 structural_pattern 模式实现 句子的类型 / 复句 / 并列复句 所规定的语法功能。""]","[""触发线索存在，但候选边界未覆盖完整构式。"",""局部槽位可定位，但至少一个必需槽位仅得到弱支持。""]","[""触发线索只出现在标题、编号、术语或元语言说明中。"",""必需槽位缺失，且上下文不能恢复目标结构或目标功能。""]","[""相同表层形式可能实现 复句 中的非目标功能。"",""相邻构式共享触发形式，但槽位关系或语法功能不同。""]","[""目标用例"",""边界问题"",""表层触发但非目标"",""结构缺槽"",""语义不兼容"",""其他具体构式"",""不确定/需复核""]","[""target_status"",""candidate_boundary"",""slot_status"",""structural_functional_status"",""licensed_evidence"",""runtime_evidence"",""rule_source_trace""]",不是.+，而是.+,normalized_compiles,REF-GF0025-2021,217,GF0025-2021 PDF p.217,ocr_detected,verified_inventory,false,[],machine_compiled,source_anchored,not_claimed,static_audit_passed,machine_compiled_source_anchored_static_audited
DUV3-GF0025-2021-4-044-01,DiagnosticUnit,DPV3-GF0025-2021-4-044-01,DiagnosticProfile,RBV3-GF0025-2021-4-044-01,GF0025-2021-4-044,【四44】,4,44,句子的类型,复句,并列复句,1,01,既……，又/也……,,unsplit_official_entry,,DTV3-TAX-A5230521300C,taxonomy_instantiated,,0,structural_pattern,(?:也|又|既),既.+，(又|也).+,search,normalized_legacy_regex,,"[""clause_1"",""relation_marker"",""clause_2"",""logical_relation""]","[""候选包含与权威条目 【四44】 对齐的可定位触发线索。"",""候选满足模板槽位：clause_1、relation_marker、clause_2、logical_relation。"",""候选按 structural_pattern 模式实现 句子的类型 / 复句 / 并列复句 所规定的语法功能。""]","[""触发线索存在，但候选边界未覆盖完整构式。"",""局部槽位可定位，但至少一个必需槽位仅得到弱支持。""]","[""触发线索只出现在标题、编号、术语或元语言说明中。"",""必需槽位缺失，且上下文不能恢复目标结构或目标功能。""]","[""相同表层形式可能实现 复句 中的非目标功能。"",""相邻构式共享触发形式，但槽位关系或语法功能不同。""]","[""目标用例"",""边界问题"",""表层触发但非目标"",""结构缺槽"",""语义不兼容"",""其他具体构式"",""不确定/需复核""]","[""target_status"",""candidate_boundary"",""slot_status"",""structural_functional_status"",""licensed_evidence"",""runtime_evidence"",""rule_source_trace""]",既.+，(又|也).+,normalized_compiles,REF-GF0025-2021,217,GF0025-2021 PDF p.217,ocr_detected,verified_inventory,false,[],machine_compiled,source_anchored,not_claimed,static_audit_passed,machine_compiled_source_anchored_static_audited
DUV3-GF0025-2021-4-045-01,DiagnosticUnit,DPV3-GF0025-2021-4-045-01,DiagnosticProfile,RBV3-GF0025-2021-4-045-01,GF0025-2021-4-045,【四45】,4,45,句子的类型,复句,承接复句,1,01,首先……，其次……,,unsplit_official_entry,,DTV3-TAX-139E6033C389,taxonomy_instantiated,,0,structural_pattern,(?:其次|首先),首先.+，其次.+,search,normalized_legacy_regex,,"[""clause_1"",""relation_marker"",""clause_2"",""logical_relation""]","[""候选包含与权威条目 【四45】 对齐的可定位触发线索。"",""候选满足模板槽位：clause_1、relation_marker、clause_2、logical_relation。"",""候选按 structural_pattern 模式实现 句子的类型 / 复句 / 承接复句 所规定的语法功能。""]","[""触发线索存在，但候选边界未覆盖完整构式。"",""局部槽位可定位，但至少一个必需槽位仅得到弱支持。""]","[""触发线索只出现在标题、编号、术语或元语言说明中。"",""必需槽位缺失，且上下文不能恢复目标结构或目标功能。""]","[""相同表层形式可能实现 复句 中的非目标功能。"",""相邻构式共享触发形式，但槽位关系或语法功能不同。""]","[""目标用例"",""边界问题"",""表层触发但非目标"",""结构缺槽"",""语义不兼容"",""其他具体构式"",""不确定/需复核""]","[""target_status"",""candidate_boundary"",""slot_status"",""structural_functional_status"",""licensed_evidence"",""runtime_evidence"",""rule_source_trace""]",首先.+，其次.+,normalized_compiles,REF-GF0025-2021,218,GF0025-2021 PDF p.218,ocr_detected,verified_inventory,false,[],machine_compiled,source_anchored,not_claimed,static_audit_passed,machine_compiled_source_anchored_static_audited
DUV3-GF0025-2021-4-046-01,DiagnosticUnit,DPV3-GF0025-2021-4-046-01,DiagnosticProfile,RBV3-GF0025-2021-4-046-01,GF0025-2021-4-046,【四46】,4,46,句子的类型,复句,承接复句,1,01,……，于是……,,unsplit_official_entry,,DTV3-TAX-139E6033C389,taxonomy_instantiated,,0,structural_pattern,(?:于是),.+，于是.+,search,normalized_legacy_regex,,"[""clause_1"",""relation_marker"",""clause_2"",""logical_relation""]","[""候选包含与权威条目 【四46】 对齐的可定位触发线索。"",""候选满足模板槽位：clause_1、relation_marker、clause_2、logical_relation。"",""候选按 structural_pattern 模式实现 句子的类型 / 复句 / 承接复句 所规定的语法功能。""]","[""触发线索存在，但候选边界未覆盖完整构式。"",""局部槽位可定位，但至少一个必需槽位仅得到弱支持。""]","[""触发线索只出现在标题、编号、术语或元语言说明中。"",""必需槽位缺失，且上下文不能恢复目标结构或目标功能。""]","[""相同表层形式可能实现 复句 中的非目标功能。"",""相邻构式共享触发形式，但槽位关系或语法功能不同。""]","[""目标用例"",""边界问题"",""表层触发但非目标"",""结构缺槽"",""语义不兼容"",""其他具体构式"",""不确定/需复核""]","[""target_status"",""candidate_boundary"",""slot_status"",""structural_functional_status"",""licensed_evidence"",""runtime_evidence"",""rule_source_trace""]",.+，于是.+,normalized_compiles,REF-GF0025-2021,218,GF0025-2021 PDF p.218,ocr_detected,verified_inventory,false,[],machine_compiled,source_anchored,not_claimed,static_audit_passed,machine_compiled_source_anchored_static_audited
DUV3-GF0025-2021-4-047-01,DiagnosticUnit,DPV3-GF0025-2021-4-047-01,DiagnosticProfile,RBV3-GF0025-2021-4-047-01,GF0025-2021-4-047,【四47】,4,47,句子的类型,复句,递进复句,1,01,……，甚至……,,unsplit_official_entry,,DTV3-TAX-F195974A2CD0,taxonomy_instantiated,,0,structural_pattern,(?:甚至),.+，甚至.+,search,normalized_legacy_regex,,"[""clause_1"",""relation_marker"",""clause_2"",""logical_relation""]","[""候选包含与权威条目 【四47】 对齐的可定位触发线索。"",""候选满足模板槽位：clause_1、relation_marker、clause_2、logical_relation。"",""候选按 structural_pattern 模式实现 句子的类型 / 复句 / 递进复句 所规定的语法功能。""]","[""触发线索存在，但候选边界未覆盖完整构式。"",""局部槽位可定位，但至少一个必需槽位仅得到弱支持。""]","[""触发线索只出现在标题、编号、术语或元语言说明中。"",""必需槽位缺失，且上下文不能恢复目标结构或目标功能。""]","[""相同表层形式可能实现 复句 中的非目标功能。"",""相邻构式共享触发形式，但槽位关系或语法功能不同。""]","[""目标用例"",""边界问题"",""表层触发但非目标"",""结构缺槽"",""语义不兼容"",""其他具体构式"",""不确定/需复核""]","[""target_status"",""candidate_boundary"",""slot_status"",""structural_functional_status"",""licensed_evidence"",""runtime_evidence"",""rule_source_trace""]",.+，甚至.+,normalized_compiles,REF-GF0025-2021,218,GF0025-2021 PDF p.218,ocr_detected,verified_inventory,false,[],machine_compiled,source_anchored,not_claimed,static_audit_passed,machine_compiled_source_anchored_static_audited
DUV3-GF0025-2021-4-048-01,DiagnosticUnit,DPV3-GF0025-2021-4-048-01,DiagnosticProfile,RBV3-GF0025-2021-4-048-01,GF0025-2021-4-048,【四48】,4,48,句子的类型,复句,选择复句,1,01,或者……，或者……,,unsplit_official_entry,,DTV3-TAX-443ED70B27CA,taxonomy_instantiated,,0,structural_pattern,(?:或者),或者.+，或者.+,search,normalized_legacy_regex,,"[""clause_1"",""relation_marker"",""clause_2"",""logical_relation""]","[""候选包含与权威条目 【四48】 对齐的可定位触发线索。"",""候选满足模板槽位：clause_1、relation_marker、clause_2、logical_relation。"",""候选按 structural_pattern 模式实现 句子的类型 / 复句 / 选择复句 所规定的语法功能。""]","[""触发线索存在，但候选边界未覆盖完整构式。"",""局部槽位可定位，但至少一个必需槽位仅得到弱支持。""]","[""触发线索只出现在标题、编号、术语或元语言说明中。"",""必需槽位缺失，且上下文不能恢复目标结构或目标功能。""]","[""相同表层形式可能实现 复句 中的非目标功能。"",""相邻构式共享触发形式，但槽位关系或语法功能不同。""]","[""目标用例"",""边界问题"",""表层触发但非目标"",""结构缺槽"",""语义不兼容"",""其他具体构式"",""不确定/需复核""]","[""target_status"",""candidate_boundary"",""slot_status"",""structural_functional_status"",""licensed_evidence"",""runtime_evidence"",""rule_source_trace""]",或者.+，或者.+,normalized_compiles,REF-GF0025-2021,218,GF0025-2021 PDF p.218,ocr_detected,verified_inventory,false,[],machine_compiled,source_anchored,not_claimed,static_audit_passed,machine_compiled_source_anchored_static_audited
DUV3-GF0025-2021-4-049-01,DiagnosticUnit,DPV3-GF0025-2021-4-049-01,DiagnosticProfile,RBV3-GF0025-2021-4-049-01,GF0025-2021-4-049,【四49】,4,49,句子的类型,复句,转折复句,1,01,……，然而……,,unsplit_official_entry,,DTV3-TAX-AD89E45C5965,taxonomy_instantiated,,0,structural_pattern,(?:然而),.+，然而.+,search,normalized_legacy_regex,,"[""clause_1"",""relation_marker"",""clause_2"",""logical_relation""]","[""候选包含与权威条目 【四49】 对齐的可定位触发线索。"",""候选满足模板槽位：clause_1、relation_marker、clause_2、logical_relation。"",""候选按 structural_pattern 模式实现 句子的类型 / 复句 / 转折复句 所规定的语法功能。""]","[""触发线索存在，但候选边界未覆盖完整构式。"",""局部槽位可定位，但至少一个必需槽位仅得到弱支持。""]","[""触发线索只出现在标题、编号、术语或元语言说明中。"",""必需槽位缺失，且上下文不能恢复目标结构或目标功能。""]","[""相同表层形式可能实现 复句 中的非目标功能。"",""相邻构式共享触发形式，但槽位关系或语法功能不同。""]","[""目标用例"",""边界问题"",""表层触发但非目标"",""结构缺槽"",""语义不兼容"",""其他具体构式"",""不确定/需复核""]","[""target_status"",""candidate_boundary"",""slot_status"",""structural_functional_status"",""licensed_evidence"",""runtime_evidence"",""rule_source_trace""]",.+，然而.+,normalized_compiles,REF-GF0025-2021,218,GF0025-2021 PDF p.218,ocr_detected,verified_inventory,false,[],machine_compiled,source_anchored,not_claimed,static_audit_passed,machine_compiled_source_anchored_static_audited
DUV3-GF0025-2021-4-050-01,DiagnosticUnit,DPV3-GF0025-2021-4-050-01,DiagnosticProfile,RBV3-GF0025-2021-4-050-01,GF0025-2021-4-050,【四50】,4,50,句子的类型,复句,假设复句,1,01,……，否则……,,unsplit_official_entry,,DTV3-TAX-2F14DA2C956B,taxonomy_instantiated,,0,structural_pattern,(?:否则),.+，否则.+,search,normalized_legacy_regex,,"[""clause_1"",""relation_marker"",""clause_2"",""logical_relation""]","[""候选包含与权威条目 【四50】 对齐的可定位触发线索。"",""候选满足模板槽位：clause_1、relation_marker、clause_2、logical_relation。"",""候选按 structural_pattern 模式实现 句子的类型 / 复句 / 假设复句 所规定的语法功能。""]","[""触发线索存在，但候选边界未覆盖完整构式。"",""局部槽位可定位，但至少一个必需槽位仅得到弱支持。""]","[""触发线索只出现在标题、编号、术语或元语言说明中。"",""必需槽位缺失，且上下文不能恢复目标结构或目标功能。""]","[""相同表层形式可能实现 复句 中的非目标功能。"",""相邻构式共享触发形式，但槽位关系或语法功能不同。""]","[""目标用例"",""边界问题"",""表层触发但非目标"",""结构缺槽"",""语义不兼容"",""其他具体构式"",""不确定/需复核""]","[""target_status"",""candidate_boundary"",""slot_status"",""structural_functional_status"",""licensed_evidence"",""runtime_evidence"",""rule_source_trace""]",.+，否则.+,normalized_compiles,REF-GF0025-2021,218,GF0025-2021 PDF p.218,ocr_detected,verified_inventory,false,[],machine_compiled,source_anchored,not_claimed,static_audit_passed,machine_compiled_source_anchored_static_audited
DUV3-GF0025-2021-4-051-01,DiagnosticUnit,DPV3-GF0025-2021-4-051-01,DiagnosticProfile,RBV3-GF0025-2021-4-051-01,GF0025-2021-4-051,【四51】,4,51,句子的类型,复句,假设复句,1,01,假如……，（就）……,,unsplit_official_entry,,DTV3-TAX-2F14DA2C956B,taxonomy_instantiated,,0,structural_pattern,(?:假如|就),假如.+，就*.+,search,normalized_legacy_regex,,"[""clause_1"",""relation_marker"",""clause_2"",""logical_relation""]","[""候选包含与权威条目 【四51】 对齐的可定位触发线索。"",""候选满足模板槽位：clause_1、relation_marker、clause_2、logical_relation。"",""候选按 structural_pattern 模式实现 句子的类型 / 复句 / 假设复句 所规定的语法功能。""]","[""触发线索存在，但候选边界未覆盖完整构式。"",""局部槽位可定位，但至少一个必需槽位仅得到弱支持。""]","[""触发线索只出现在标题、编号、术语或元语言说明中。"",""必需槽位缺失，且上下文不能恢复目标结构或目标功能。""]","[""相同表层形式可能实现 复句 中的非目标功能。"",""相邻构式共享触发形式，但槽位关系或语法功能不同。""]","[""目标用例"",""边界问题"",""表层触发但非目标"",""结构缺槽"",""语义不兼容"",""其他具体构式"",""不确定/需复核""]","[""target_status"",""candidate_boundary"",""slot_status"",""structural_functional_status"",""licensed_evidence"",""runtime_evidence"",""rule_source_trace""]",假如.+，就*.+,normalized_compiles,REF-GF0025-2021,,GF0025-2021 PDF pp.176–259,appendix_span_verified,verified_inventory,false,[],machine_compiled,source_anchored,not_claimed,static_audit_passed,machine_compiled_source_anchored_static_audited
DUV3-GF0025-2021-4-052-01,DiagnosticUnit,DPV3-GF0025-2021-4-052-01,DiagnosticProfile,RBV3-GF0025-2021-4-052-01,GF0025-2021-4-052,【四52】,4,52,句子的类型,复句,假设复句,1,01,万一……，（就）……,,unsplit_official_entry,,DTV3-TAX-2F14DA2C956B,taxonomy_instantiated,,0,structural_pattern,(?:万一|就),万一.+，就*.+,search,normalized_legacy_regex,,"[""clause_1"",""relation_marker"",""clause_2"",""logical_relation""]","[""候选包含与权威条目 【四52】 对齐的可定位触发线索。"",""候选满足模板槽位：clause_1、relation_marker、clause_2、logical_relation。"",""候选按 structural_pattern 模式实现 句子的类型 / 复句 / 假设复句 所规定的语法功能。""]","[""触发线索存在，但候选边界未覆盖完整构式。"",""局部槽位可定位，但至少一个必需槽位仅得到弱支持。""]","[""触发线索只出现在标题、编号、术语或元语言说明中。"",""必需槽位缺失，且上下文不能恢复目标结构或目标功能。""]","[""相同表层形式可能实现 复句 中的非目标功能。"",""相邻构式共享触发形式，但槽位关系或语法功能不同。""]","[""目标用例"",""边界问题"",""表层触发但非目标"",""结构缺槽"",""语义不兼容"",""其他具体构式"",""不确定/需复核""]","[""target_status"",""candidate_boundary"",""slot_status"",""structural_functional_status"",""licensed_evidence"",""runtime_evidence"",""rule_source_trace""]",万一.+，就*.+,normalized_compiles,REF-GF0025-2021,219,GF0025-2021 PDF p.219,ocr_detected,verified_inventory,false,[],machine_compiled,source_anchored,not_claimed,static_audit_passed,machine_compiled_source_anchored_static_audited
DUV3-GF0025-2021-4-053-01,DiagnosticUnit,DPV3-GF0025-2021-4-053-01,DiagnosticProfile,RBV3-GF0025-2021-4-053-01,GF0025-2021-4-053,【四53】,4,53,句子的类型,复句,条件复句,1,01,不管……，都/也……,,unsplit_official_entry,,DTV3-TAX-7339286D54C6,taxonomy_instantiated,,0,structural_pattern,(?:不管|也|都),不管.+，(都|也).+,search,normalized_legacy_regex,,"[""clause_1"",""relation_marker"",""clause_2"",""logical_relation""]","[""候选包含与权威条目 【四53】 对齐的可定位触发线索。"",""候选满足模板槽位：clause_1、relation_marker、clause_2、logical_relation。"",""候选按 structural_pattern 模式实现 句子的类型 / 复句 / 条件复句 所规定的语法功能。""]","[""触发线索存在，但候选边界未覆盖完整构式。"",""局部槽位可定位，但至少一个必需槽位仅得到弱支持。""]","[""触发线索只出现在标题、编号、术语或元语言说明中。"",""必需槽位缺失，且上下文不能恢复目标结构或目标功能。""]","[""相同表层形式可能实现 复句 中的非目标功能。"",""相邻构式共享触发形式，但槽位关系或语法功能不同。""]","[""目标用例"",""边界问题"",""表层触发但非目标"",""结构缺槽"",""语义不兼容"",""其他具体构式"",""不确定/需复核""]","[""target_status"",""candidate_boundary"",""slot_status"",""structural_functional_status"",""licensed_evidence"",""runtime_evidence"",""rule_source_trace""]",不管.+，(都|也).+,normalized_compiles,REF-GF0025-2021,,GF0025-2021 PDF pp.176–259,appendix_span_verified,verified_inventory,false,[],machine_compiled,source_anchored,not_claimed,static_audit_passed,machine_compiled_source_anchored_static_audited
DUV3-GF0025-2021-4-054-01,DiagnosticUnit,DPV3-GF0025-2021-4-054-01,DiagnosticProfile,RBV3-GF0025-2021-4-054-01,GF0025-2021-4-054,【四54】,4,54,句子的类型,复句,条件复句,1,01,无论……，都/也……,,unsplit_official_entry,,DTV3-TAX-7339286D54C6,taxonomy_instantiated,,0,structural_pattern,(?:无论|也|都),无论.+，(都|也).+,search,normalized_legacy_regex,,"[""clause_1"",""relation_marker"",""clause_2"",""logical_relation""]","[""候选包含与权威条目 【四54】 对齐的可定位触发线索。"",""候选满足模板槽位：clause_1、relation_marker、clause_2、logical_relation。"",""候选按 structural_pattern 模式实现 句子的类型 / 复句 / 条件复句 所规定的语法功能。""]","[""触发线索存在，但候选边界未覆盖完整构式。"",""局部槽位可定位，但至少一个必需槽位仅得到弱支持。""]","[""触发线索只出现在标题、编号、术语或元语言说明中。"",""必需槽位缺失，且上下文不能恢复目标结构或目标功能。""]","[""相同表层形式可能实现 复句 中的非目标功能。"",""相邻构式共享触发形式，但槽位关系或语法功能不同。""]","[""目标用例"",""边界问题"",""表层触发但非目标"",""结构缺槽"",""语义不兼容"",""其他具体构式"",""不确定/需复核""]","[""target_status"",""candidate_boundary"",""slot_status"",""structural_functional_status"",""licensed_evidence"",""runtime_evidence"",""rule_source_trace""]",无论.+，(都|也).+,normalized_compiles,REF-GF0025-2021,,GF0025-2021 PDF pp.176–259,appendix_span_verified,verified_inventory,false,[],machine_compiled,source_anchored,not_claimed,static_audit_passed,machine_compiled_source_anchored_static_audited
DUV3-GF0025-2021-4-055-01,DiagnosticUnit,DPV3-GF0025-2021-4-055-01,DiagnosticProfile,RBV3-GF0025-2021-4-055-01,GF0025-2021-4-055,【四55】,4,55,句子的类型,复句,因果复句,1,01,既然……，就……,,unsplit_official_entry,,DTV3-SEED-9DB5667C1964,seed_reused,既然候选,105,structural_pattern,(?:既然|就),既然.+，就.+,search,normalized_legacy_regex,,"[""clause_1"",""relation_marker_1"",""clause_2"",""relation_marker_2""]","[""候选片段包含或可解释出“既然”相关标记/结构线索。"",""候选片段满足所属语法家族的核心槽位要求：前项关联标记、前项分句、后项关联标记、后项分句、逻辑关系。"",""候选片段在原句中承担该语法点的实际语法功能，而非仅有表层词形。""]","[""结构大体可定位但边界过短或过长。"",""标记存在但核心槽位需要结合上下文复核。""]","[""候选片段只是术语、标题、编号、残片或 OCR 混杂内容。"",""只有表层标记，无法构成所属语法家族的核心结构。""]","[""只有表层标记""]","[""目标用例"",""边界问题"",""表层触发但非目标"",""结构缺槽"",""语义不兼容"",""其他具体构式"",""不确定/需复核""]","[""target_status"",""candidate_boundary"",""slot_status"",""structural_functional_status"",""licensed_evidence"",""runtime_evidence"",""rule_source_trace""]",既然.+，就.+,normalized_compiles,REF-GF0025-2021,219,GF0025-2021 PDF p.219,ocr_detected,verified_inventory,false,[],machine_compiled,source_anchored,not_claimed,static_audit_passed,machine_compiled_source_anchored_static_audited
DUV3-GF0025-2021-4-056-01,DiagnosticUnit,DPV3-GF0025-2021-4-056-01,DiagnosticProfile,RBV3-GF0025-2021-4-056-01,GF0025-2021-4-056,【四56】,4,56,句子的类型,复句,因果复句,1,01,……，可见……,,unsplit_official_entry,,DTV3-TAX-4570B4C831CD,taxonomy_instantiated,,0,structural_pattern,(?:可见),.+，可见.+,search,normalized_legacy_regex,,"[""clause_1"",""relation_marker"",""clause_2"",""logical_relation""]","[""候选包含与权威条目 【四56】 对齐的可定位触发线索。"",""候选满足模板槽位：clause_1、relation_marker、clause_2、logical_relation。"",""候选按 structural_pattern 模式实现 句子的类型 / 复句 / 因果复句 所规定的语法功能。""]","[""触发线索存在，但候选边界未覆盖完整构式。"",""局部槽位可定位，但至少一个必需槽位仅得到弱支持。""]","[""触发线索只出现在标题、编号、术语或元语言说明中。"",""必需槽位缺失，且上下文不能恢复目标结构或目标功能。""]","[""相同表层形式可能实现 复句 中的非目标功能。"",""相邻构式共享触发形式，但槽位关系或语法功能不同。""]","[""目标用例"",""边界问题"",""表层触发但非目标"",""结构缺槽"",""语义不兼容"",""其他具体构式"",""不确定/需复核""]","[""target_status"",""candidate_boundary"",""slot_status"",""structural_functional_status"",""licensed_evidence"",""runtime_evidence"",""rule_source_trace""]",.+，可见.+,normalized_compiles,REF-GF0025-2021,219,GF0025-2021 PDF p.219,ocr_detected,verified_inventory,false,[],machine_compiled,source_anchored,not_claimed,static_audit_passed,machine_compiled_source_anchored_static_audited
DUV3-GF0025-2021-4-057-01,DiagnosticUnit,DPV3-GF0025-2021-4-057-01,DiagnosticProfile,RBV3-GF0025-2021-4-057-01,GF0025-2021-4-057,【四57】,4,57,句子的类型,复句,让步复句,1,01,哪怕……，也/还……,,unsplit_official_entry,,DTV3-TAX-E770A1142994,taxonomy_instantiated,,0,structural_pattern,(?:哪怕|也|还),哪怕.+，(也|还).+,search,normalized_legacy_regex,,"[""clause_1"",""relation_marker"",""clause_2"",""logical_relation""]","[""候选包含与权威条目 【四57】 对齐的可定位触发线索。"",""候选满足模板槽位：clause_1、relation_marker、clause_2、logical_relation。"",""候选按 structural_pattern 模式实现 句子的类型 / 复句 / 让步复句 所规定的语法功能。""]","[""触发线索存在，但候选边界未覆盖完整构式。"",""局部槽位可定位，但至少一个必需槽位仅得到弱支持。""]","[""触发线索只出现在标题、编号、术语或元语言说明中。"",""必需槽位缺失，且上下文不能恢复目标结构或目标功能。""]","[""相同表层形式可能实现 复句 中的非目标功能。"",""相邻构式共享触发形式，但槽位关系或语法功能不同。""]","[""目标用例"",""边界问题"",""表层触发但非目标"",""结构缺槽"",""语义不兼容"",""其他具体构式"",""不确定/需复核""]","[""target_status"",""candidate_boundary"",""slot_status"",""structural_functional_status"",""licensed_evidence"",""runtime_evidence"",""rule_source_trace""]",哪怕.+，(也|还).+,normalized_compiles,REF-GF0025-2021,,GF0025-2021 PDF pp.176–259,appendix_span_verified,verified_inventory,false,[],machine_compiled,source_anchored,not_claimed,static_audit_passed,machine_compiled_source_anchored_static_audited
DUV3-GF0025-2021-4-058-01,DiagnosticUnit,DPV3-GF0025-2021-4-058-01,DiagnosticProfile,RBV3-GF0025-2021-4-058-01,GF0025-2021-4-058,【四58】,4,58,句子的类型,复句,目的复句,1,01,……，好……,,unsplit_official_entry,,DTV3-TAX-CE72822A7F69,taxonomy_instantiated,,0,structural_pattern,(?:好),.+，好.+,search,normalized_legacy_regex,,"[""clause_1"",""relation_marker"",""clause_2"",""logical_relation""]","[""候选包含与权威条目 【四58】 对齐的可定位触发线索。"",""候选满足模板槽位：clause_1、relation_marker、clause_2、logical_relation。"",""候选按 structural_pattern 模式实现 句子的类型 / 复句 / 目的复句 所规定的语法功能。""]","[""触发线索存在，但候选边界未覆盖完整构式。"",""局部槽位可定位，但至少一个必需槽位仅得到弱支持。""]","[""触发线索只出现在标题、编号、术语或元语言说明中。"",""必需槽位缺失，且上下文不能恢复目标结构或目标功能。""]","[""相同表层形式可能实现 复句 中的非目标功能。"",""相邻构式共享触发形式，但槽位关系或语法功能不同。""]","[""目标用例"",""边界问题"",""表层触发但非目标"",""结构缺槽"",""语义不兼容"",""其他具体构式"",""不确定/需复核""]","[""target_status"",""candidate_boundary"",""slot_status"",""structural_functional_status"",""licensed_evidence"",""runtime_evidence"",""rule_source_trace""]",.+，好.+,normalized_compiles,REF-GF0025-2021,,GF0025-2021 PDF pp.176–259,appendix_span_verified,verified_inventory,false,[],machine_compiled,source_anchored,not_claimed,static_audit_passed,machine_compiled_source_anchored_static_audited
DUV3-GF0025-2021-4-059-01,DiagnosticUnit,DPV3-GF0025-2021-4-059-01,DiagnosticProfile,RBV3-GF0025-2021-4-059-01,GF0025-2021-4-059,【四59】,4,59,句子的类型,复句,紧缩复句,1,01,无标记,,unsplit_official_entry,,DTV3-TAX-1091FC162FDB,taxonomy_instantiated,,0,structural_pattern,(?:无标记),(?:无标记),search,source_literal_retrieval_trigger,,"[""clause_1"",""relation_marker"",""clause_2"",""logical_relation""]","[""候选包含与权威条目 【四59】 对齐的可定位触发线索。"",""候选满足模板槽位：clause_1、relation_marker、clause_2、logical_relation。"",""候选按 structural_pattern 模式实现 句子的类型 / 复句 / 紧缩复句 所规定的语法功能。""]","[""触发线索存在，但候选边界未覆盖完整构式。"",""局部槽位可定位，但至少一个必需槽位仅得到弱支持。""]","[""触发线索只出现在标题、编号、术语或元语言说明中。"",""必需槽位缺失，且上下文不能恢复目标结构或目标功能。""]","[""相同表层形式可能实现 复句 中的非目标功能。"",""相邻构式共享触发形式，但槽位关系或语法功能不同。""]","[""目标用例"",""边界问题"",""表层触发但非目标"",""结构缺槽"",""语义不兼容"",""其他具体构式"",""不确定/需复核""]","[""target_status"",""candidate_boundary"",""slot_status"",""structural_functional_status"",""licensed_evidence"",""runtime_evidence"",""rule_source_trace""]",,not_available_source_literal_runtime,REF-GF0025-2021,,GF0025-2021 PDF pp.176–259,appendix_span_verified,verified_inventory,false,[],machine_compiled,source_anchored,not_claimed,static_audit_passed,machine_compiled_source_anchored_static_audited
DUV3-GF0025-2021-4-060-01,DiagnosticUnit,DPV3-GF0025-2021-4-060-01,DiagnosticProfile,RBV3-GF0025-2021-4-060-01,GF0025-2021-4-060,【四60】,4,60,句子的类型,复句,紧缩复句,1,01,不……也……,,unsplit_official_entry,,DTV3-TAX-1091FC162FDB,taxonomy_instantiated,,0,structural_pattern,(?:不……也……|不|也),不.+也.+,search,normalized_legacy_regex,,"[""clause_1"",""relation_marker"",""clause_2"",""logical_relation""]","[""候选包含与权威条目 【四60】 对齐的可定位触发线索。"",""候选满足模板槽位：clause_1、relation_marker、clause_2、logical_relation。"",""候选按 structural_pattern 模式实现 句子的类型 / 复句 / 紧缩复句 所规定的语法功能。""]","[""触发线索存在，但候选边界未覆盖完整构式。"",""局部槽位可定位，但至少一个必需槽位仅得到弱支持。""]","[""触发线索只出现在标题、编号、术语或元语言说明中。"",""必需槽位缺失，且上下文不能恢复目标结构或目标功能。""]","[""相同表层形式可能实现 复句 中的非目标功能。"",""相邻构式共享触发形式，但槽位关系或语法功能不同。""]","[""目标用例"",""边界问题"",""表层触发但非目标"",""结构缺槽"",""语义不兼容"",""其他具体构式"",""不确定/需复核""]","[""target_status"",""candidate_boundary"",""slot_status"",""structural_functional_status"",""licensed_evidence"",""runtime_evidence"",""rule_source_trace""]",不.+也.+,normalized_compiles,REF-GF0025-2021,,GF0025-2021 PDF pp.176–259,appendix_span_verified,verified_inventory,false,[],machine_compiled,source_anchored,not_claimed,static_audit_passed,machine_compiled_source_anchored_static_audited
DUV3-GF0025-2021-4-061-01,DiagnosticUnit,DPV3-GF0025-2021-4-061-01,DiagnosticProfile,RBV3-GF0025-2021-4-061-01,GF0025-2021-4-061,【四61】,4,61,特殊表达法,数的表示法,,1,01,概数表示法3：数词+来+量词,,unsplit_official_entry,,DTV3-TAX-92495A46D25D,taxonomy_instantiated,,0,complex_functional,(?:数词|概数|量词|来|法),[一两二三四五六七八九十百千万]来[个杯本包块],search,normalized_legacy_regex,,"[""trigger"",""local_context"",""construction_boundary""]","[""候选包含与权威条目 【四61】 对齐的可定位触发线索。"",""候选满足模板槽位：trigger、local_context、construction_boundary。"",""候选按 complex_functional 模式实现 特殊表达法 / 数的表示法 / 未列小项 所规定的语法功能。""]","[""触发线索存在，但候选边界未覆盖完整构式。"",""局部槽位可定位，但至少一个必需槽位仅得到弱支持。""]","[""触发线索只出现在标题、编号、术语或元语言说明中。"",""必需槽位缺失，且上下文不能恢复目标结构或目标功能。""]","[""相同表层形式可能实现 数的表示法 中的非目标功能。"",""相邻构式共享触发形式，但槽位关系或语法功能不同。""]","[""目标用例"",""边界问题"",""表层触发但非目标"",""结构缺槽"",""语义不兼容"",""其他具体构式"",""不确定/需复核""]","[""target_status"",""candidate_boundary"",""slot_status"",""structural_functional_status"",""licensed_evidence"",""runtime_evidence"",""rule_source_trace""]",[一两二三四五六七八九十百千万]来[个杯本包块],normalized_compiles,REF-GF0025-2021,220,GF0025-2021 PDF p.220,ocr_detected,verified_inventory,false,[],machine_compiled,source_anchored,not_claimed,static_audit_passed,machine_compiled_source_anchored_static_audited
DUV3-GF0025-2021-4-062-01,DiagnosticUnit,DPV3-GF0025-2021-4-062-01,DiagnosticProfile,RBV3-GF0025-2021-4-062-01,GF0025-2021-4-062,【四62】,4,62,特殊表达法,数的表示法,,1,01,小数、分数、百分数、倍数的表示法；,,unsplit_official_entry,,DTV3-TAX-92495A46D25D,taxonomy_instantiated,,0,complex_functional,(?:倍数的|百分数|分数|小数|法),(?:倍数的|百分数|分数|小数|法),search,source_literal_retrieval_trigger,,"[""trigger"",""local_context"",""construction_boundary""]","[""候选包含与权威条目 【四62】 对齐的可定位触发线索。"",""候选满足模板槽位：trigger、local_context、construction_boundary。"",""候选按 complex_functional 模式实现 特殊表达法 / 数的表示法 / 未列小项 所规定的语法功能。""]","[""触发线索存在，但候选边界未覆盖完整构式。"",""局部槽位可定位，但至少一个必需槽位仅得到弱支持。""]","[""触发线索只出现在标题、编号、术语或元语言说明中。"",""必需槽位缺失，且上下文不能恢复目标结构或目标功能。""]","[""相同表层形式可能实现 数的表示法 中的非目标功能。"",""相邻构式共享触发形式，但槽位关系或语法功能不同。""]","[""目标用例"",""边界问题"",""表层触发但非目标"",""结构缺槽"",""语义不兼容"",""其他具体构式"",""不确定/需复核""]","[""target_status"",""candidate_boundary"",""slot_status"",""structural_functional_status"",""licensed_evidence"",""runtime_evidence"",""rule_source_trace""]",,not_available_source_literal_runtime,REF-GF0025-2021,220,GF0025-2021 PDF p.220,ocr_detected,verified_inventory,false,[],machine_compiled,source_anchored,not_claimed,static_audit_passed,machine_compiled_source_anchored_static_audited
DUV3-GF0025-2021-4-063-01,DiagnosticUnit,DPV3-GF0025-2021-4-063-01,DiagnosticProfile,RBV3-GF0025-2021-4-063-01,GF0025-2021-4-063,【四63】,4,63,强调的方法,未细分,,1,01,用反问句表示强调 反问句2：由疑问代词构成的反问句,,unsplit_official_entry,,DTV3-POINT-84B08A0D5DC9,point_specific_instantiated,,0,complex_functional,(?:由疑问代词构成的反问句|用反问句|反问句|强调),(?:由疑问代词构成的反问句|用反问句|反问句|强调),search,source_literal_retrieval_trigger,,"[""focus_expression"",""focus_marker"",""proposition""]","[""候选包含与权威条目 【四63】 对齐的可定位触发线索。"",""候选满足模板槽位：focus_expression、focus_marker、proposition。"",""候选按 complex_functional 模式实现 强调的方法 / 未细分 / 未列小项 所规定的语法功能。""]","[""触发线索存在，但候选边界未覆盖完整构式。"",""局部槽位可定位，但至少一个必需槽位仅得到弱支持。""]","[""触发线索只出现在标题、编号、术语或元语言说明中。"",""必需槽位缺失，且上下文不能恢复目标结构或目标功能。""]","[""相同表层形式可能实现 未细分 中的非目标功能。"",""相邻构式共享触发形式，但槽位关系或语法功能不同。""]","[""目标用例"",""边界问题"",""表层触发但非目标"",""结构缺槽"",""语义不兼容"",""其他具体构式"",""不确定/需复核""]","[""target_status"",""candidate_boundary"",""slot_status"",""structural_functional_status"",""licensed_evidence"",""runtime_evidence"",""rule_source_trace""]",,not_available_source_literal_runtime,REF-GF0025-2021,220,GF0025-2021 PDF p.220,ocr_detected,verified_inventory,false,[],machine_compiled,source_anchored,not_claimed,static_audit_passed,machine_compiled_source_anchored_static_audited
DUV3-GF0025-2021-4-064-01,DiagnosticUnit,DPV3-GF0025-2021-4-064-01,DiagnosticProfile,RBV3-GF0025-2021-4-064-01,GF0025-2021-4-064,【四64】,4,64,强调的方法,未细分,,1,01,用双重否定表示强调,,unsplit_official_entry,,DTV3-POINT-87370966B85B,point_specific_instantiated,,0,complex_functional,(?:用双重否定|强调),(?:用双重否定|强调),search,source_literal_retrieval_trigger,,"[""focus_expression"",""focus_marker"",""proposition""]","[""候选包含与权威条目 【四64】 对齐的可定位触发线索。"",""候选满足模板槽位：focus_expression、focus_marker、proposition。"",""候选按 complex_functional 模式实现 强调的方法 / 未细分 / 未列小项 所规定的语法功能。""]","[""触发线索存在，但候选边界未覆盖完整构式。"",""局部槽位可定位，但至少一个必需槽位仅得到弱支持。""]","[""触发线索只出现在标题、编号、术语或元语言说明中。"",""必需槽位缺失，且上下文不能恢复目标结构或目标功能。""]","[""相同表层形式可能实现 未细分 中的非目标功能。"",""相邻构式共享触发形式，但槽位关系或语法功能不同。""]","[""目标用例"",""边界问题"",""表层触发但非目标"",""结构缺槽"",""语义不兼容"",""其他具体构式"",""不确定/需复核""]","[""target_status"",""candidate_boundary"",""slot_status"",""structural_functional_status"",""licensed_evidence"",""runtime_evidence"",""rule_source_trace""]",,not_available_source_literal_runtime,REF-GF0025-2021,220,GF0025-2021 PDF p.220,ocr_detected,verified_inventory,false,[],machine_compiled,source_anchored,not_claimed,static_audit_passed,machine_compiled_source_anchored_static_audited
DUV3-GF0025-2021-4-065-01,DiagnosticUnit,DPV3-GF0025-2021-4-065-01,DiagnosticProfile,RBV3-GF0025-2021-4-065-01,GF0025-2021-4-065,【四65】,4,65,强调的方法,未细分,,1,01,用“一+量词（+名词）+也（都）/也没（不）……”表示强调,,unsplit_official_entry,,DTV3-POINT-2868596200D1,point_specific_instantiated,,0,complex_functional,(?:也没|名词|强调|量词|一|不|也|用|都),一[个杯本包块](也|都|也没|也不),search,normalized_legacy_regex,,"[""focus_expression"",""focus_marker"",""proposition""]","[""候选包含与权威条目 【四65】 对齐的可定位触发线索。"",""候选满足模板槽位：focus_expression、focus_marker、proposition。"",""候选按 complex_functional 模式实现 强调的方法 / 未细分 / 未列小项 所规定的语法功能。""]","[""触发线索存在，但候选边界未覆盖完整构式。"",""局部槽位可定位，但至少一个必需槽位仅得到弱支持。""]","[""触发线索只出现在标题、编号、术语或元语言说明中。"",""必需槽位缺失，且上下文不能恢复目标结构或目标功能。""]","[""相同表层形式可能实现 未细分 中的非目标功能。"",""相邻构式共享触发形式，但槽位关系或语法功能不同。""]","[""目标用例"",""边界问题"",""表层触发但非目标"",""结构缺槽"",""语义不兼容"",""其他具体构式"",""不确定/需复核""]","[""target_status"",""candidate_boundary"",""slot_status"",""structural_functional_status"",""licensed_evidence"",""runtime_evidence"",""rule_source_trace""]",一[个杯本包块](也|都|也没|也不),normalized_compiles,REF-GF0025-2021,220,GF0025-2021 PDF p.220,ocr_detected,verified_inventory,false,[],machine_compiled,source_anchored,not_claimed,static_audit_passed,machine_compiled_source_anchored_static_audited
DUV3-GF0025-2021-4-066-01,DiagnosticUnit,DPV3-GF0025-2021-4-066-01,DiagnosticProfile,RBV3-GF0025-2021-4-066-01,GF0025-2021-4-066,【四66】,4,66,强调的方法,未细分,,1,01,用“连……也/都……”表示强调,,unsplit_official_entry,,DTV3-POINT-667CA8F6B249,point_specific_instantiated,,0,complex_functional,(?:强调|也|用|连|都),连.+(也|都).+,search,normalized_legacy_regex,,"[""focus_expression"",""focus_marker"",""proposition""]","[""候选包含与权威条目 【四66】 对齐的可定位触发线索。"",""候选满足模板槽位：focus_expression、focus_marker、proposition。"",""候选按 complex_functional 模式实现 强调的方法 / 未细分 / 未列小项 所规定的语法功能。""]","[""触发线索存在，但候选边界未覆盖完整构式。"",""局部槽位可定位，但至少一个必需槽位仅得到弱支持。""]","[""触发线索只出现在标题、编号、术语或元语言说明中。"",""必需槽位缺失，且上下文不能恢复目标结构或目标功能。""]","[""相同表层形式可能实现 未细分 中的非目标功能。"",""相邻构式共享触发形式，但槽位关系或语法功能不同。""]","[""目标用例"",""边界问题"",""表层触发但非目标"",""结构缺槽"",""语义不兼容"",""其他具体构式"",""不确定/需复核""]","[""target_status"",""candidate_boundary"",""slot_status"",""structural_functional_status"",""licensed_evidence"",""runtime_evidence"",""rule_source_trace""]",连.+(也|都).+,normalized_compiles,REF-GF0025-2021,,GF0025-2021 PDF pp.176–259,appendix_span_verified,verified_inventory,false,[],machine_compiled,source_anchored,not_claimed,static_audit_passed,machine_compiled_source_anchored_static_audited
DUV3-GF0025-2021-4-067-01,DiagnosticUnit,DPV3-GF0025-2021-4-067-01,DiagnosticProfile,RBV3-GF0025-2021-4-067-01,GF0025-2021-4-067,【四67】,4,67,口语格式,未细分,,1,01,不X白不X,,unsplit_official_entry,,DTV3-POINT-1FCE23B30778,point_specific_instantiated,,0,structural_pattern,(?:不X白不X|白不|不),"不([一-龥]{1,2})白不\1",search,normalized_legacy_regex,,"[""fixed_marker"",""internal_slot"",""construction_boundary""]","[""候选包含与权威条目 【四67】 对齐的可定位触发线索。"",""候选满足模板槽位：fixed_marker、internal_slot、construction_boundary。"",""候选按 structural_pattern 模式实现 口语格式 / 未细分 / 未列小项 所规定的语法功能。""]","[""触发线索存在，但候选边界未覆盖完整构式。"",""局部槽位可定位，但至少一个必需槽位仅得到弱支持。""]","[""触发线索只出现在标题、编号、术语或元语言说明中。"",""必需槽位缺失，且上下文不能恢复目标结构或目标功能。""]","[""相同表层形式可能实现 未细分 中的非目标功能。"",""相邻构式共享触发形式，但槽位关系或语法功能不同。""]","[""目标用例"",""边界问题"",""表层触发但非目标"",""结构缺槽"",""语义不兼容"",""其他具体构式"",""不确定/需复核""]","[""target_status"",""candidate_boundary"",""slot_status"",""structural_functional_status"",""licensed_evidence"",""runtime_evidence"",""rule_source_trace""]","不([一-龥]{1,2})白不\1",normalized_compiles,REF-GF0025-2021,221,GF0025-2021 PDF p.221,ocr_detected,verified_inventory,false,[],machine_compiled,source_anchored,not_claimed,static_audit_passed,machine_compiled_source_anchored_static_audited
DUV3-GF0025-2021-4-068-01,DiagnosticUnit,DPV3-GF0025-2021-4-068-01,DiagnosticProfile,RBV3-GF0025-2021-4-068-01,GF0025-2021-4-068,【四68】,4,68,口语格式,未细分,,1,01,动词+一X是一X,,unsplit_official_entry,,DTV3-POINT-751CF32FFFB8,point_specific_instantiated,,0,structural_pattern,(?:动词|是一|一),(?:动词|是一|一),search,source_literal_retrieval_trigger,,"[""fixed_marker"",""internal_slot"",""construction_boundary""]","[""候选包含与权威条目 【四68】 对齐的可定位触发线索。"",""候选满足模板槽位：fixed_marker、internal_slot、construction_boundary。"",""候选按 structural_pattern 模式实现 口语格式 / 未细分 / 未列小项 所规定的语法功能。""]","[""触发线索存在，但候选边界未覆盖完整构式。"",""局部槽位可定位，但至少一个必需槽位仅得到弱支持。""]","[""触发线索只出现在标题、编号、术语或元语言说明中。"",""必需槽位缺失，且上下文不能恢复目标结构或目标功能。""]","[""相同表层形式可能实现 未细分 中的非目标功能。"",""相邻构式共享触发形式，但槽位关系或语法功能不同。""]","[""目标用例"",""边界问题"",""表层触发但非目标"",""结构缺槽"",""语义不兼容"",""其他具体构式"",""不确定/需复核""]","[""target_status"",""candidate_boundary"",""slot_status"",""structural_functional_status"",""licensed_evidence"",""runtime_evidence"",""rule_source_trace""]",,not_available_source_literal_runtime,REF-GF0025-2021,221,GF0025-2021 PDF p.221,ocr_detected,verified_inventory,false,[],machine_compiled,source_anchored,not_claimed,static_audit_passed,machine_compiled_source_anchored_static_audited
DUV3-GF0025-2021-4-069-01,DiagnosticUnit,DPV3-GF0025-2021-4-069-01,DiagnosticProfile,RBV3-GF0025-2021-4-069-01,GF0025-2021-4-069,【四69】,4,69,口语格式,未细分,,1,01,（没）有什么（好）X的,,unsplit_official_entry,,DTV3-POINT-0B97FDCF947C,point_specific_instantiated,,0,structural_pattern,(?:有什么|好|没|的),"没*有什么好*[一-龥]{1,2}的",search,normalized_legacy_regex,,"[""fixed_marker"",""internal_slot"",""construction_boundary""]","[""候选包含与权威条目 【四69】 对齐的可定位触发线索。"",""候选满足模板槽位：fixed_marker、internal_slot、construction_boundary。"",""候选按 structural_pattern 模式实现 口语格式 / 未细分 / 未列小项 所规定的语法功能。""]","[""触发线索存在，但候选边界未覆盖完整构式。"",""局部槽位可定位，但至少一个必需槽位仅得到弱支持。""]","[""触发线索只出现在标题、编号、术语或元语言说明中。"",""必需槽位缺失，且上下文不能恢复目标结构或目标功能。""]","[""相同表层形式可能实现 未细分 中的非目标功能。"",""相邻构式共享触发形式，但槽位关系或语法功能不同。""]","[""目标用例"",""边界问题"",""表层触发但非目标"",""结构缺槽"",""语义不兼容"",""其他具体构式"",""不确定/需复核""]","[""target_status"",""candidate_boundary"",""slot_status"",""structural_functional_status"",""licensed_evidence"",""runtime_evidence"",""rule_source_trace""]","没*有什么好*[一-龥]{1,2}的",normalized_compiles,REF-GF0025-2021,221,GF0025-2021 PDF p.221,ocr_detected,verified_inventory,false,[],machine_compiled,source_anchored,not_claimed,static_audit_passed,machine_compiled_source_anchored_static_audited
DUV3-GF0025-2021-4-070-01,DiagnosticUnit,DPV3-GF0025-2021-4-070-01,DiagnosticProfile,RBV3-GF0025-2021-4-070-01,GF0025-2021-4-070,【四70】,4,70,口语格式,未细分,,1,01,X是X，Y是Y,,unsplit_official_entry,,DTV3-POINT-1D043DFBDC40,point_specific_instantiated,,0,structural_pattern,(?:是),"([一-龥]{1,2})是\1，([一-龥]{1,2})是\2",search,normalized_legacy_regex,,"[""fixed_marker"",""internal_slot"",""construction_boundary""]","[""候选包含与权威条目 【四70】 对齐的可定位触发线索。"",""候选满足模板槽位：fixed_marker、internal_slot、construction_boundary。"",""候选按 structural_pattern 模式实现 口语格式 / 未细分 / 未列小项 所规定的语法功能。""]","[""触发线索存在，但候选边界未覆盖完整构式。"",""局部槽位可定位，但至少一个必需槽位仅得到弱支持。""]","[""触发线索只出现在标题、编号、术语或元语言说明中。"",""必需槽位缺失，且上下文不能恢复目标结构或目标功能。""]","[""相同表层形式可能实现 未细分 中的非目标功能。"",""相邻构式共享触发形式，但槽位关系或语法功能不同。""]","[""目标用例"",""边界问题"",""表层触发但非目标"",""结构缺槽"",""语义不兼容"",""其他具体构式"",""不确定/需复核""]","[""target_status"",""candidate_boundary"",""slot_status"",""structural_functional_status"",""licensed_evidence"",""runtime_evidence"",""rule_source_trace""]","([一-龥]{1,2})是\1，([一-龥]{1,2})是\2",normalized_compiles,REF-GF0025-2021,221,GF0025-2021 PDF p.221,ocr_detected,verified_inventory,false,[],machine_compiled,source_anchored,not_claimed,static_audit_passed,machine_compiled_source_anchored_static_audited
DUV3-GF0025-2021-4-071-01,DiagnosticUnit,DPV3-GF0025-2021-4-071-01,DiagnosticProfile,RBV3-GF0025-2021-4-071-01,GF0025-2021-4-071,【四71】,4,71,口语格式,未细分,,1,01,X也得X，不X也得X,,unsplit_official_entry,,DTV3-POINT-060AD7B57121,point_specific_instantiated,,0,structural_pattern,(?:也得|不),"([一-龥]{1,2})也得\1，不\1也得\1",search,normalized_legacy_regex,,"[""fixed_marker"",""internal_slot"",""construction_boundary""]","[""候选包含与权威条目 【四71】 对齐的可定位触发线索。"",""候选满足模板槽位：fixed_marker、internal_slot、construction_boundary。"",""候选按 structural_pattern 模式实现 口语格式 / 未细分 / 未列小项 所规定的语法功能。""]","[""触发线索存在，但候选边界未覆盖完整构式。"",""局部槽位可定位，但至少一个必需槽位仅得到弱支持。""]","[""触发线索只出现在标题、编号、术语或元语言说明中。"",""必需槽位缺失，且上下文不能恢复目标结构或目标功能。""]","[""相同表层形式可能实现 未细分 中的非目标功能。"",""相邻构式共享触发形式，但槽位关系或语法功能不同。""]","[""目标用例"",""边界问题"",""表层触发但非目标"",""结构缺槽"",""语义不兼容"",""其他具体构式"",""不确定/需复核""]","[""target_status"",""candidate_boundary"",""slot_status"",""structural_functional_status"",""licensed_evidence"",""runtime_evidence"",""rule_source_trace""]","([一-龥]{1,2})也得\1，不\1也得\1",normalized_compiles,REF-GF0025-2021,,GF0025-2021 PDF pp.176–259,appendix_span_verified,verified_inventory,false,[],machine_compiled,source_anchored,not_claimed,static_audit_passed,machine_compiled_source_anchored_static_audited
DUV3-GF0025-2021-4-072-01,DiagnosticUnit,DPV3-GF0025-2021-4-072-01,DiagnosticProfile,RBV3-GF0025-2021-4-072-01,GF0025-2021-4-072,【四72】,4,72,口语格式,未细分,,1,01,X就是了,,unsplit_official_entry,,DTV3-POINT-838078B76526,point_specific_instantiated,,0,structural_pattern,(?:X就是了|就是了),"[一-龥]{1,2}就是了",search,normalized_legacy_regex,,"[""fixed_marker"",""internal_slot"",""construction_boundary""]","[""候选包含与权威条目 【四72】 对齐的可定位触发线索。"",""候选满足模板槽位：fixed_marker、internal_slot、construction_boundary。"",""候选按 structural_pattern 模式实现 口语格式 / 未细分 / 未列小项 所规定的语法功能。""]","[""触发线索存在，但候选边界未覆盖完整构式。"",""局部槽位可定位，但至少一个必需槽位仅得到弱支持。""]","[""触发线索只出现在标题、编号、术语或元语言说明中。"",""必需槽位缺失，且上下文不能恢复目标结构或目标功能。""]","[""相同表层形式可能实现 未细分 中的非目标功能。"",""相邻构式共享触发形式，但槽位关系或语法功能不同。""]","[""目标用例"",""边界问题"",""表层触发但非目标"",""结构缺槽"",""语义不兼容"",""其他具体构式"",""不确定/需复核""]","[""target_status"",""candidate_boundary"",""slot_status"",""structural_functional_status"",""licensed_evidence"",""runtime_evidence"",""rule_source_trace""]","[一-龥]{1,2}就是了",normalized_compiles,REF-GF0025-2021,,GF0025-2021 PDF pp.176–259,appendix_span_verified,verified_inventory,false,[],machine_compiled,source_anchored,not_claimed,static_audit_passed,machine_compiled_source_anchored_static_audited
DUV3-GF0025-2021-4-073-01,DiagnosticUnit,DPV3-GF0025-2021-4-073-01,DiagnosticProfile,RBV3-GF0025-2021-4-073-01,GF0025-2021-4-073,【四73】,4,73,口语格式,未细分,,1,01,还X呢,,unsplit_official_entry,,DTV3-POINT-07B44216BCBE,point_specific_instantiated,,0,structural_pattern,(?:还X呢|呢|还),"还[一-龥]{1,2}呢",search,normalized_legacy_regex,,"[""fixed_marker"",""internal_slot"",""construction_boundary""]","[""候选包含与权威条目 【四73】 对齐的可定位触发线索。"",""候选满足模板槽位：fixed_marker、internal_slot、construction_boundary。"",""候选按 structural_pattern 模式实现 口语格式 / 未细分 / 未列小项 所规定的语法功能。""]","[""触发线索存在，但候选边界未覆盖完整构式。"",""局部槽位可定位，但至少一个必需槽位仅得到弱支持。""]","[""触发线索只出现在标题、编号、术语或元语言说明中。"",""必需槽位缺失，且上下文不能恢复目标结构或目标功能。""]","[""相同表层形式可能实现 未细分 中的非目标功能。"",""相邻构式共享触发形式，但槽位关系或语法功能不同。""]","[""目标用例"",""边界问题"",""表层触发但非目标"",""结构缺槽"",""语义不兼容"",""其他具体构式"",""不确定/需复核""]","[""target_status"",""candidate_boundary"",""slot_status"",""structural_functional_status"",""licensed_evidence"",""runtime_evidence"",""rule_source_trace""]","还[一-龥]{1,2}呢",normalized_compiles,REF-GF0025-2021,,GF0025-2021 PDF pp.176–259,appendix_span_verified,verified_inventory,false,[],machine_compiled,source_anchored,not_claimed,static_audit_passed,machine_compiled_source_anchored_static_audited
DUV3-GF0025-2021-4-074-01,DiagnosticUnit,DPV3-GF0025-2021-4-074-01,DiagnosticProfile,RBV3-GF0025-2021-4-074-01,GF0025-2021-4-074,【四74】,4,74,口语格式,未细分,,1,01,你X你的吧,,unsplit_official_entry,,DTV3-POINT-DD975727C767,point_specific_instantiated,,0,structural_pattern,(?:你X你的吧|你的吧|你),"你[一-龥]{1,2}你的吧",search,normalized_legacy_regex,,"[""fixed_marker"",""internal_slot"",""construction_boundary""]","[""候选包含与权威条目 【四74】 对齐的可定位触发线索。"",""候选满足模板槽位：fixed_marker、internal_slot、construction_boundary。"",""候选按 structural_pattern 模式实现 口语格式 / 未细分 / 未列小项 所规定的语法功能。""]","[""触发线索存在，但候选边界未覆盖完整构式。"",""局部槽位可定位，但至少一个必需槽位仅得到弱支持。""]","[""触发线索只出现在标题、编号、术语或元语言说明中。"",""必需槽位缺失，且上下文不能恢复目标结构或目标功能。""]","[""相同表层形式可能实现 未细分 中的非目标功能。"",""相邻构式共享触发形式，但槽位关系或语法功能不同。""]","[""目标用例"",""边界问题"",""表层触发但非目标"",""结构缺槽"",""语义不兼容"",""其他具体构式"",""不确定/需复核""]","[""target_status"",""candidate_boundary"",""slot_status"",""structural_functional_status"",""licensed_evidence"",""runtime_evidence"",""rule_source_trace""]","你[一-龥]{1,2}你的吧",normalized_compiles,REF-GF0025-2021,221,GF0025-2021 PDF p.221,ocr_detected,verified_inventory,false,[],machine_compiled,source_anchored,not_claimed,static_audit_passed,machine_compiled_source_anchored_static_audited
DUV3-GF0025-2021-4-075-01,DiagnosticUnit,DPV3-GF0025-2021-4-075-01,DiagnosticProfile,RBV3-GF0025-2021-4-075-01,GF0025-2021-4-075,【四75】,4,75,口语格式,未细分,,1,01,让/叫你X你就X,,unsplit_official_entry,,DTV3-POINT-99A99A1FFA43,point_specific_instantiated,,0,structural_pattern,(?:你就|叫你|让),"(让|叫)你([一-龥]{1,2})你就\1",search,normalized_legacy_regex,,"[""fixed_marker"",""internal_slot"",""construction_boundary""]","[""候选包含与权威条目 【四75】 对齐的可定位触发线索。"",""候选满足模板槽位：fixed_marker、internal_slot、construction_boundary。"",""候选按 structural_pattern 模式实现 口语格式 / 未细分 / 未列小项 所规定的语法功能。""]","[""触发线索存在，但候选边界未覆盖完整构式。"",""局部槽位可定位，但至少一个必需槽位仅得到弱支持。""]","[""触发线索只出现在标题、编号、术语或元语言说明中。"",""必需槽位缺失，且上下文不能恢复目标结构或目标功能。""]","[""相同表层形式可能实现 未细分 中的非目标功能。"",""相邻构式共享触发形式，但槽位关系或语法功能不同。""]","[""目标用例"",""边界问题"",""表层触发但非目标"",""结构缺槽"",""语义不兼容"",""其他具体构式"",""不确定/需复核""]","[""target_status"",""candidate_boundary"",""slot_status"",""structural_functional_status"",""licensed_evidence"",""runtime_evidence"",""rule_source_trace""]","(让|叫)你([一-龥]{1,2})你就\1",normalized_compiles,REF-GF0025-2021,221,GF0025-2021 PDF p.221,ocr_detected,verified_inventory,false,[],machine_compiled,source_anchored,not_claimed,static_audit_passed,machine_compiled_source_anchored_static_audited
DUV3-GF0025-2021-4-076-01,DiagnosticUnit,DPV3-GF0025-2021-4-076-01,DiagnosticProfile,RBV3-GF0025-2021-4-076-01,GF0025-2021-4-076,【四76】,4,76,口语格式,未细分,,1,01,说什么/怎么（着）也得X,,unsplit_official_entry,,DTV3-POINT-1F03C84DBD88,point_specific_instantiated,,0,structural_pattern,(?:说什么|也得|怎么|着),(说什么|怎么着*)也得[一-龥]+,search,normalized_legacy_regex,,"[""fixed_marker"",""internal_slot"",""construction_boundary""]","[""候选包含与权威条目 【四76】 对齐的可定位触发线索。"",""候选满足模板槽位：fixed_marker、internal_slot、construction_boundary。"",""候选按 structural_pattern 模式实现 口语格式 / 未细分 / 未列小项 所规定的语法功能。""]","[""触发线索存在，但候选边界未覆盖完整构式。"",""局部槽位可定位，但至少一个必需槽位仅得到弱支持。""]","[""触发线索只出现在标题、编号、术语或元语言说明中。"",""必需槽位缺失，且上下文不能恢复目标结构或目标功能。""]","[""相同表层形式可能实现 未细分 中的非目标功能。"",""相邻构式共享触发形式，但槽位关系或语法功能不同。""]","[""目标用例"",""边界问题"",""表层触发但非目标"",""结构缺槽"",""语义不兼容"",""其他具体构式"",""不确定/需复核""]","[""target_status"",""candidate_boundary"",""slot_status"",""structural_functional_status"",""licensed_evidence"",""runtime_evidence"",""rule_source_trace""]",(说什么|怎么着*)也得[一-龥]+,normalized_compiles,REF-GF0025-2021,222,GF0025-2021 PDF p.222,ocr_detected,verified_inventory,false,[],machine_compiled,source_anchored,not_claimed,static_audit_passed,machine_compiled_source_anchored_static_audited
DUV3-GF0025-2021-5-001-01,DiagnosticUnit,DPV3-GF0025-2021-5-001-01,DiagnosticProfile,RBV3-GF0025-2021-5-001-01,GF0025-2021-5-001,【五01】,5,1,词类,代词,指示代词,1,01,彼此、如此,,unsplit_official_entry,,DTV3-TAX-7EBA4C50F19A,taxonomy_instantiated,,0,structural_pattern,(?:如此|彼此),^(彼此|如此)$,fullmatch,normalized_legacy_regex,,"[""lexical_form"",""local_context"",""grammatical_function""]","[""候选包含与权威条目 【五01】 对齐的可定位触发线索。"",""候选满足模板槽位：lexical_form、local_context、grammatical_function。"",""候选按 structural_pattern 模式实现 词类 / 代词 / 指示代词 所规定的语法功能。""]","[""触发线索存在，但候选边界未覆盖完整构式。"",""局部槽位可定位，但至少一个必需槽位仅得到弱支持。""]","[""触发线索只出现在标题、编号、术语或元语言说明中。"",""必需槽位缺失，且上下文不能恢复目标结构或目标功能。""]","[""相同表层形式可能实现 代词 中的非目标功能。"",""相邻构式共享触发形式，但槽位关系或语法功能不同。""]","[""目标用例"",""边界问题"",""表层触发但非目标"",""结构缺槽"",""语义不兼容"",""其他具体构式"",""不确定/需复核""]","[""target_status"",""candidate_boundary"",""slot_status"",""structural_functional_status"",""licensed_evidence"",""runtime_evidence"",""rule_source_trace""]",^(彼此|如此)$,normalized_compiles,REF-GF0025-2021,222,GF0025-2021 PDF p.222,ocr_detected,verified_inventory,false,[],machine_compiled,source_anchored,not_claimed,static_audit_passed,machine_compiled_source_anchored_static_audited
DUV3-GF0025-2021-5-002-01,DiagnosticUnit,DPV3-GF0025-2021-5-002-01,DiagnosticProfile,RBV3-GF0025-2021-5-002-01,GF0025-2021-5-002,【五02】,5,2,词类,量词,名量词,1,01,册、朵、幅、届、颗、匹、扇,,unsplit_official_entry,,DTV3-TAX-AA3655E9E3EB,taxonomy_instantiated,,0,structural_pattern,(?:册|匹|届|幅|扇|朵|颗),^(册|朵|幅|届|颗|匹|扇)$,fullmatch,normalized_legacy_regex,,"[""lexical_form"",""local_context"",""grammatical_function""]","[""候选包含与权威条目 【五02】 对齐的可定位触发线索。"",""候选满足模板槽位：lexical_form、local_context、grammatical_function。"",""候选按 structural_pattern 模式实现 词类 / 量词 / 名量词 所规定的语法功能。""]","[""触发线索存在，但候选边界未覆盖完整构式。"",""局部槽位可定位，但至少一个必需槽位仅得到弱支持。""]","[""触发线索只出现在标题、编号、术语或元语言说明中。"",""必需槽位缺失，且上下文不能恢复目标结构或目标功能。""]","[""相同表层形式可能实现 量词 中的非目标功能。"",""相邻构式共享触发形式，但槽位关系或语法功能不同。""]","[""目标用例"",""边界问题"",""表层触发但非目标"",""结构缺槽"",""语义不兼容"",""其他具体构式"",""不确定/需复核""]","[""target_status"",""candidate_boundary"",""slot_status"",""structural_functional_status"",""licensed_evidence"",""runtime_evidence"",""rule_source_trace""]",^(册|朵|幅|届|颗|匹|扇)$,normalized_compiles,REF-GF0025-2021,222,GF0025-2021 PDF p.222,ocr_detected,verified_inventory,false,[],machine_compiled,source_anchored,not_claimed,static_audit_passed,machine_compiled_source_anchored_static_audited
DUV3-GF0025-2021-5-003-01,DiagnosticUnit,DPV3-GF0025-2021-5-003-01,DiagnosticProfile,RBV3-GF0025-2021-5-003-01,GF0025-2021-5-003,【五03】,5,3,词类,副词,程度副词,1,01,过于、可1、稍、稍微、尤其,,unsplit_official_entry,,DTV3-TAX-9FAD0B023CAE,taxonomy_instantiated,,0,structural_pattern,(?:尤其|稍微|过于|可|稍),^(过于|可|稍|稍微|尤其)$,fullmatch,normalized_legacy_regex,,"[""lexical_form"",""local_context"",""grammatical_function""]","[""候选包含与权威条目 【五03】 对齐的可定位触发线索。"",""候选满足模板槽位：lexical_form、local_context、grammatical_function。"",""候选按 structural_pattern 模式实现 词类 / 副词 / 程度副词 所规定的语法功能。""]","[""触发线索存在，但候选边界未覆盖完整构式。"",""局部槽位可定位，但至少一个必需槽位仅得到弱支持。""]","[""触发线索只出现在标题、编号、术语或元语言说明中。"",""必需槽位缺失，且上下文不能恢复目标结构或目标功能。""]","[""相同表层形式可能实现 副词 中的非目标功能。"",""相邻构式共享触发形式，但槽位关系或语法功能不同。""]","[""目标用例"",""边界问题"",""表层触发但非目标"",""结构缺槽"",""语义不兼容"",""其他具体构式"",""不确定/需复核""]","[""target_status"",""candidate_boundary"",""slot_status"",""structural_functional_status"",""licensed_evidence"",""runtime_evidence"",""rule_source_trace""]",^(过于|可|稍|稍微|尤其)$,normalized_compiles,REF-GF0025-2021,222,GF0025-2021 PDF p.222,ocr_detected,verified_inventory,false,[],machine_compiled,source_anchored,not_claimed,static_audit_passed,machine_compiled_source_anchored_static_audited
DUV3-GF0025-2021-5-004-01,DiagnosticUnit,DPV3-GF0025-2021-5-004-01,DiagnosticProfile,RBV3-GF0025-2021-5-004-01,GF0025-2021-5-004,【五04】,5,4,词类,副词,范围、协同副词,1,01,大都,,unsplit_official_entry,,DTV3-TAX-1C7E1B7DB8E2,taxonomy_instantiated,,0,structural_pattern,(?:大都),^大都$,fullmatch,normalized_legacy_regex,,"[""lexical_form"",""local_context"",""grammatical_function""]","[""候选包含与权威条目 【五04】 对齐的可定位触发线索。"",""候选满足模板槽位：lexical_form、local_context、grammatical_function。"",""候选按 structural_pattern 模式实现 词类 / 副词 / 范围、协同副词 所规定的语法功能。""]","[""触发线索存在，但候选边界未覆盖完整构式。"",""局部槽位可定位，但至少一个必需槽位仅得到弱支持。""]","[""触发线索只出现在标题、编号、术语或元语言说明中。"",""必需槽位缺失，且上下文不能恢复目标结构或目标功能。""]","[""相同表层形式可能实现 副词 中的非目标功能。"",""相邻构式共享触发形式，但槽位关系或语法功能不同。""]","[""目标用例"",""边界问题"",""表层触发但非目标"",""结构缺槽"",""语义不兼容"",""其他具体构式"",""不确定/需复核""]","[""target_status"",""candidate_boundary"",""slot_status"",""structural_functional_status"",""licensed_evidence"",""runtime_evidence"",""rule_source_trace""]",^大都$,normalized_compiles,REF-GF0025-2021,222,GF0025-2021 PDF p.222,ocr_detected,verified_inventory,false,[],machine_compiled,source_anchored,not_claimed,static_audit_passed,machine_compiled_source_anchored_static_audited
DUV3-GF0025-2021-5-005-01,DiagnosticUnit,DPV3-GF0025-2021-5-005-01,DiagnosticProfile,RBV3-GF0025-2021-5-005-01,GF0025-2021-5-005,【五05】,5,5,词类,副词,时间副词,1,01,不时、将、将要、仍旧、时常、时刻、依旧、一向,,unsplit_official_entry,,DTV3-TAX-A8DEA45A511A,taxonomy_instantiated,,0,complex_functional,(?:一向|不时|仍旧|依旧|将要|时刻|时常|将),^(不时|将|将要|仍旧|时常|时刻|依旧|一向)$,fullmatch,normalized_legacy_regex,,"[""lexical_form"",""local_context"",""grammatical_function""]","[""候选包含与权威条目 【五05】 对齐的可定位触发线索。"",""候选满足模板槽位：lexical_form、local_context、grammatical_function。"",""候选按 complex_functional 模式实现 词类 / 副词 / 时间副词 所规定的语法功能。""]","[""触发线索存在，但候选边界未覆盖完整构式。"",""局部槽位可定位，但至少一个必需槽位仅得到弱支持。""]","[""触发线索只出现在标题、编号、术语或元语言说明中。"",""必需槽位缺失，且上下文不能恢复目标结构或目标功能。""]","[""相同表层形式可能实现 副词 中的非目标功能。"",""相邻构式共享触发形式，但槽位关系或语法功能不同。""]","[""目标用例"",""边界问题"",""表层触发但非目标"",""结构缺槽"",""语义不兼容"",""其他具体构式"",""不确定/需复核""]","[""target_status"",""candidate_boundary"",""slot_status"",""structural_functional_status"",""licensed_evidence"",""runtime_evidence"",""rule_source_trace""]",^(不时|将|将要|仍旧|时常|时刻|依旧|一向)$,normalized_compiles,REF-GF0025-2021,222,GF0025-2021 PDF p.222,ocr_detected,verified_inventory,false,[],machine_compiled,source_anchored,not_claimed,static_audit_passed,machine_compiled_source_anchored_static_audited
DUV3-GF0025-2021-5-006-01,DiagnosticUnit,DPV3-GF0025-2021-5-006-01,DiagnosticProfile,RBV3-GF0025-2021-5-006-01,GF0025-2021-5-006,【五06】,5,6,词类,副词,频率、重复副词,1,01,偶尔、再次,,unsplit_official_entry,,DTV3-TAX-C90409728D84,taxonomy_instantiated,,0,structural_pattern,(?:偶尔|再次),^(偶尔|再次)$,fullmatch,normalized_legacy_regex,,"[""lexical_form"",""local_context"",""grammatical_function""]","[""候选包含与权威条目 【五06】 对齐的可定位触发线索。"",""候选满足模板槽位：lexical_form、local_context、grammatical_function。"",""候选按 structural_pattern 模式实现 词类 / 副词 / 频率、重复副词 所规定的语法功能。""]","[""触发线索存在，但候选边界未覆盖完整构式。"",""局部槽位可定位，但至少一个必需槽位仅得到弱支持。""]","[""触发线索只出现在标题、编号、术语或元语言说明中。"",""必需槽位缺失，且上下文不能恢复目标结构或目标功能。""]","[""相同表层形式可能实现 副词 中的非目标功能。"",""相邻构式共享触发形式，但槽位关系或语法功能不同。""]","[""目标用例"",""边界问题"",""表层触发但非目标"",""结构缺槽"",""语义不兼容"",""其他具体构式"",""不确定/需复核""]","[""target_status"",""candidate_boundary"",""slot_status"",""structural_functional_status"",""licensed_evidence"",""runtime_evidence"",""rule_source_trace""]",^(偶尔|再次)$,normalized_compiles,REF-GF0025-2021,223,GF0025-2021 PDF p.223,ocr_detected,verified_inventory,false,[],machine_compiled,source_anchored,not_claimed,static_audit_passed,machine_compiled_source_anchored_static_audited
DUV3-GF0025-2021-5-007-01,DiagnosticUnit,DPV3-GF0025-2021-5-007-01,DiagnosticProfile,RBV3-GF0025-2021-5-007-01,GF0025-2021-5-007,【五07】,5,7,词类,副词,方式副词,1,01,偷偷,,unsplit_official_entry,,DTV3-TAX-2594E13CFB04,taxonomy_instantiated,,0,structural_pattern,(?:偷偷),^偷偷$,fullmatch,normalized_legacy_regex,,"[""lexical_form"",""local_context"",""grammatical_function""]","[""候选包含与权威条目 【五07】 对齐的可定位触发线索。"",""候选满足模板槽位：lexical_form、local_context、grammatical_function。"",""候选按 structural_pattern 模式实现 词类 / 副词 / 方式副词 所规定的语法功能。""]","[""触发线索存在，但候选边界未覆盖完整构式。"",""局部槽位可定位，但至少一个必需槽位仅得到弱支持。""]","[""触发线索只出现在标题、编号、术语或元语言说明中。"",""必需槽位缺失，且上下文不能恢复目标结构或目标功能。""]","[""相同表层形式可能实现 副词 中的非目标功能。"",""相邻构式共享触发形式，但槽位关系或语法功能不同。""]","[""目标用例"",""边界问题"",""表层触发但非目标"",""结构缺槽"",""语义不兼容"",""其他具体构式"",""不确定/需复核""]","[""target_status"",""candidate_boundary"",""slot_status"",""structural_functional_status"",""licensed_evidence"",""runtime_evidence"",""rule_source_trace""]",^偷偷$,normalized_compiles,REF-GF0025-2021,223,GF0025-2021 PDF p.223,ocr_detected,verified_inventory,false,[],machine_compiled,source_anchored,not_claimed,static_audit_passed,machine_compiled_source_anchored_static_audited
DUV3-GF0025-2021-5-008-01,DiagnosticUnit,DPV3-GF0025-2021-5-008-01,DiagnosticProfile,RBV3-GF0025-2021-5-008-01,GF0025-2021-5-008,【五08】,5,8,词类,副词,语气副词,1,01,毕竟、不免、差（一）点儿、倒是、干脆、就4、居然、可2、明明、总算,,unsplit_official_entry,,DTV3-TAX-F383E272F5D1,taxonomy_instantiated,,0,structural_pattern,(?:不免|倒是|居然|干脆|总算|明明|毕竟|点儿|一|可|就|差),^(毕竟|不免|差一*点儿|倒是|干脆|就|居然|可|明明|总算)$,fullmatch,normalized_legacy_regex,,"[""lexical_form"",""local_context"",""grammatical_function""]","[""候选包含与权威条目 【五08】 对齐的可定位触发线索。"",""候选满足模板槽位：lexical_form、local_context、grammatical_function。"",""候选按 structural_pattern 模式实现 词类 / 副词 / 语气副词 所规定的语法功能。""]","[""触发线索存在，但候选边界未覆盖完整构式。"",""局部槽位可定位，但至少一个必需槽位仅得到弱支持。""]","[""触发线索只出现在标题、编号、术语或元语言说明中。"",""必需槽位缺失，且上下文不能恢复目标结构或目标功能。""]","[""相同表层形式可能实现 副词 中的非目标功能。"",""相邻构式共享触发形式，但槽位关系或语法功能不同。""]","[""目标用例"",""边界问题"",""表层触发但非目标"",""结构缺槽"",""语义不兼容"",""其他具体构式"",""不确定/需复核""]","[""target_status"",""candidate_boundary"",""slot_status"",""structural_functional_status"",""licensed_evidence"",""runtime_evidence"",""rule_source_trace""]",^(毕竟|不免|差一*点儿|倒是|干脆|就|居然|可|明明|总算)$,normalized_compiles,REF-GF0025-2021,223,GF0025-2021 PDF p.223,ocr_detected,verified_inventory,false,[],machine_compiled,source_anchored,not_claimed,static_audit_passed,machine_compiled_source_anchored_static_audited
DUV3-GF0025-2021-5-009-01,DiagnosticUnit,DPV3-GF0025-2021-5-009-01,DiagnosticProfile,RBV3-GF0025-2021-5-009-01,GF0025-2021-5-009,【五09】,5,9,词类,介词,引出时间、处所,1,01,随着,,unsplit_official_entry,,DTV3-TAX-679FE98BA210,taxonomy_instantiated,,0,complex_functional,(?:随着),^随着$,fullmatch,normalized_legacy_regex,,"[""lexical_form"",""local_context"",""grammatical_function""]","[""候选包含与权威条目 【五09】 对齐的可定位触发线索。"",""候选满足模板槽位：lexical_form、local_context、grammatical_function。"",""候选按 complex_functional 模式实现 词类 / 介词 / 引出时间、处所 所规定的语法功能。""]","[""触发线索存在，但候选边界未覆盖完整构式。"",""局部槽位可定位，但至少一个必需槽位仅得到弱支持。""]","[""触发线索只出现在标题、编号、术语或元语言说明中。"",""必需槽位缺失，且上下文不能恢复目标结构或目标功能。""]","[""相同表层形式可能实现 介词 中的非目标功能。"",""相邻构式共享触发形式，但槽位关系或语法功能不同。""]","[""目标用例"",""边界问题"",""表层触发但非目标"",""结构缺槽"",""语义不兼容"",""其他具体构式"",""不确定/需复核""]","[""target_status"",""candidate_boundary"",""slot_status"",""structural_functional_status"",""licensed_evidence"",""runtime_evidence"",""rule_source_trace""]",^随着$,normalized_compiles,REF-GF0025-2021,223,GF0025-2021 PDF p.223,ocr_detected,verified_inventory,false,[],machine_compiled,source_anchored,not_claimed,static_audit_passed,machine_compiled_source_anchored_static_audited
DUV3-GF0025-2021-5-010-01,DiagnosticUnit,DPV3-GF0025-2021-5-010-01,DiagnosticProfile,RBV3-GF0025-2021-5-010-01,GF0025-2021-5-010,【五10】,5,10,词类,介词,引出施事、受事,1,01,将,,unsplit_official_entry,,DTV3-TAX-531E45C67431,taxonomy_instantiated,,0,structural_pattern,(?:将),^将$,fullmatch,normalized_legacy_regex,,"[""lexical_form"",""local_context"",""grammatical_function""]","[""候选包含与权威条目 【五10】 对齐的可定位触发线索。"",""候选满足模板槽位：lexical_form、local_context、grammatical_function。"",""候选按 structural_pattern 模式实现 词类 / 介词 / 引出施事、受事 所规定的语法功能。""]","[""触发线索存在，但候选边界未覆盖完整构式。"",""局部槽位可定位，但至少一个必需槽位仅得到弱支持。""]","[""触发线索只出现在标题、编号、术语或元语言说明中。"",""必需槽位缺失，且上下文不能恢复目标结构或目标功能。""]","[""相同表层形式可能实现 介词 中的非目标功能。"",""相邻构式共享触发形式，但槽位关系或语法功能不同。""]","[""目标用例"",""边界问题"",""表层触发但非目标"",""结构缺槽"",""语义不兼容"",""其他具体构式"",""不确定/需复核""]","[""target_status"",""candidate_boundary"",""slot_status"",""structural_functional_status"",""licensed_evidence"",""runtime_evidence"",""rule_source_trace""]",^将$,normalized_compiles,REF-GF0025-2021,223,GF0025-2021 PDF p.223,ocr_detected,verified_inventory,true,"[{""standard_point_id"":""GF0025-2021-5-010"",""field_name"":""section_item"",""original_value"":""引出目的、原因"",""corrected_value"":""引出施事、受事"",""authority_source_id"":""REF-GF0025-2021"",""authority_pdf_page"":""223"",""evidence_note"":""GF0025-2021 Appendix A, PDF p.223 places 【五10】 将 under A.5.1.4.2 引出施事、受事."",""verification_status"":""manually_verified_against_official_page""}]",machine_compiled,source_anchored,not_claimed,static_audit_passed,machine_compiled_source_anchored_static_audited
DUV3-GF0025-2021-5-011-01,DiagnosticUnit,DPV3-GF0025-2021-5-011-01,DiagnosticProfile,RBV3-GF0025-2021-5-011-01,GF0025-2021-5-011,【五11】,5,11,词类,介词,引出施事、受事,1,01,由2,,unsplit_official_entry,,DTV3-TAX-531E45C67431,taxonomy_instantiated,,0,structural_pattern,(?:由2|由),^由$,fullmatch,normalized_legacy_regex,,"[""lexical_form"",""local_context"",""grammatical_function""]","[""候选包含与权威条目 【五11】 对齐的可定位触发线索。"",""候选满足模板槽位：lexical_form、local_context、grammatical_function。"",""候选按 structural_pattern 模式实现 词类 / 介词 / 引出施事、受事 所规定的语法功能。""]","[""触发线索存在，但候选边界未覆盖完整构式。"",""局部槽位可定位，但至少一个必需槽位仅得到弱支持。""]","[""触发线索只出现在标题、编号、术语或元语言说明中。"",""必需槽位缺失，且上下文不能恢复目标结构或目标功能。""]","[""相同表层形式可能实现 介词 中的非目标功能。"",""相邻构式共享触发形式，但槽位关系或语法功能不同。""]","[""目标用例"",""边界问题"",""表层触发但非目标"",""结构缺槽"",""语义不兼容"",""其他具体构式"",""不确定/需复核""]","[""target_status"",""candidate_boundary"",""slot_status"",""structural_functional_status"",""licensed_evidence"",""runtime_evidence"",""rule_source_trace""]",^由$,normalized_compiles,REF-GF0025-2021,223,GF0025-2021 PDF p.223,ocr_detected,verified_inventory,false,[],machine_compiled,source_anchored,not_claimed,static_audit_passed,machine_compiled_source_anchored_static_audited
DUV3-GF0025-2021-5-012-01,DiagnosticUnit,DPV3-GF0025-2021-5-012-01,DiagnosticProfile,RBV3-GF0025-2021-5-012-01,GF0025-2021-5-012,【五12】,5,12,词类,介词,引出凭借、依据,1,01,凭,,unsplit_official_entry,,DTV3-TAX-AF5CB707E947,taxonomy_instantiated,,0,structural_pattern,(?:凭),^凭$,fullmatch,normalized_legacy_regex,,"[""lexical_form"",""local_context"",""grammatical_function""]","[""候选包含与权威条目 【五12】 对齐的可定位触发线索。"",""候选满足模板槽位：lexical_form、local_context、grammatical_function。"",""候选按 structural_pattern 模式实现 词类 / 介词 / 引出凭借、依据 所规定的语法功能。""]","[""触发线索存在，但候选边界未覆盖完整构式。"",""局部槽位可定位，但至少一个必需槽位仅得到弱支持。""]","[""触发线索只出现在标题、编号、术语或元语言说明中。"",""必需槽位缺失，且上下文不能恢复目标结构或目标功能。""]","[""相同表层形式可能实现 介词 中的非目标功能。"",""相邻构式共享触发形式，但槽位关系或语法功能不同。""]","[""目标用例"",""边界问题"",""表层触发但非目标"",""结构缺槽"",""语义不兼容"",""其他具体构式"",""不确定/需复核""]","[""target_status"",""candidate_boundary"",""slot_status"",""structural_functional_status"",""licensed_evidence"",""runtime_evidence"",""rule_source_trace""]",^凭$,normalized_compiles,REF-GF0025-2021,224,GF0025-2021 PDF p.224,ocr_detected,verified_inventory,false,[],machine_compiled,source_anchored,not_claimed,static_audit_passed,machine_compiled_source_anchored_static_audited
DUV3-GF0025-2021-5-013-01,DiagnosticUnit,DPV3-GF0025-2021-5-013-01,DiagnosticProfile,RBV3-GF0025-2021-5-013-01,GF0025-2021-5-013,【五13】,5,13,词类,介词,引出凭借、依据,1,01,依据,,unsplit_official_entry,,DTV3-TAX-AF5CB707E947,taxonomy_instantiated,,0,structural_pattern,(?:依据),^依据$,fullmatch,normalized_legacy_regex,,"[""lexical_form"",""local_context"",""grammatical_function""]","[""候选包含与权威条目 【五13】 对齐的可定位触发线索。"",""候选满足模板槽位：lexical_form、local_context、grammatical_function。"",""候选按 structural_pattern 模式实现 词类 / 介词 / 引出凭借、依据 所规定的语法功能。""]","[""触发线索存在，但候选边界未覆盖完整构式。"",""局部槽位可定位，但至少一个必需槽位仅得到弱支持。""]","[""触发线索只出现在标题、编号、术语或元语言说明中。"",""必需槽位缺失，且上下文不能恢复目标结构或目标功能。""]","[""相同表层形式可能实现 介词 中的非目标功能。"",""相邻构式共享触发形式，但槽位关系或语法功能不同。""]","[""目标用例"",""边界问题"",""表层触发但非目标"",""结构缺槽"",""语义不兼容"",""其他具体构式"",""不确定/需复核""]","[""target_status"",""candidate_boundary"",""slot_status"",""structural_functional_status"",""licensed_evidence"",""runtime_evidence"",""rule_source_trace""]",^依据$,normalized_compiles,REF-GF0025-2021,224,GF0025-2021 PDF p.224,ocr_detected,verified_inventory,false,[],machine_compiled,source_anchored,not_claimed,static_audit_passed,machine_compiled_source_anchored_static_audited
DUV3-GF0025-2021-5-014-01,DiagnosticUnit,DPV3-GF0025-2021-5-014-01,DiagnosticProfile,RBV3-GF0025-2021-5-014-01,GF0025-2021-5-014,【五14】,5,14,词类,介词,引出凭借、依据,1,01,依照,,unsplit_official_entry,,DTV3-TAX-AF5CB707E947,taxonomy_instantiated,,0,structural_pattern,(?:依照),^依照$,fullmatch,normalized_legacy_regex,,"[""lexical_form"",""local_context"",""grammatical_function""]","[""候选包含与权威条目 【五14】 对齐的可定位触发线索。"",""候选满足模板槽位：lexical_form、local_context、grammatical_function。"",""候选按 structural_pattern 模式实现 词类 / 介词 / 引出凭借、依据 所规定的语法功能。""]","[""触发线索存在，但候选边界未覆盖完整构式。"",""局部槽位可定位，但至少一个必需槽位仅得到弱支持。""]","[""触发线索只出现在标题、编号、术语或元语言说明中。"",""必需槽位缺失，且上下文不能恢复目标结构或目标功能。""]","[""相同表层形式可能实现 介词 中的非目标功能。"",""相邻构式共享触发形式，但槽位关系或语法功能不同。""]","[""目标用例"",""边界问题"",""表层触发但非目标"",""结构缺槽"",""语义不兼容"",""其他具体构式"",""不确定/需复核""]","[""target_status"",""candidate_boundary"",""slot_status"",""structural_functional_status"",""licensed_evidence"",""runtime_evidence"",""rule_source_trace""]",^依照$,normalized_compiles,REF-GF0025-2021,224,GF0025-2021 PDF p.224,ocr_detected,verified_inventory,false,[],machine_compiled,source_anchored,not_claimed,static_audit_passed,machine_compiled_source_anchored_static_audited
DUV3-GF0025-2021-5-015-01,DiagnosticUnit,DPV3-GF0025-2021-5-015-01,DiagnosticProfile,RBV3-GF0025-2021-5-015-01,GF0025-2021-5-015,【五15】,5,15,词类,连词,连接分句或句子,1,01,从而、加上、完了、一旦,,unsplit_official_entry,,DTV3-TAX-5226A4B955B9,taxonomy_instantiated,,0,structural_pattern,(?:一旦|从而|加上|完了),^(从而|加上|完了|一旦)$,fullmatch,normalized_legacy_regex,,"[""lexical_form"",""local_context"",""grammatical_function""]","[""候选包含与权威条目 【五15】 对齐的可定位触发线索。"",""候选满足模板槽位：lexical_form、local_context、grammatical_function。"",""候选按 structural_pattern 模式实现 词类 / 连词 / 连接分句或句子 所规定的语法功能。""]","[""触发线索存在，但候选边界未覆盖完整构式。"",""局部槽位可定位，但至少一个必需槽位仅得到弱支持。""]","[""触发线索只出现在标题、编号、术语或元语言说明中。"",""必需槽位缺失，且上下文不能恢复目标结构或目标功能。""]","[""相同表层形式可能实现 连词 中的非目标功能。"",""相邻构式共享触发形式，但槽位关系或语法功能不同。""]","[""目标用例"",""边界问题"",""表层触发但非目标"",""结构缺槽"",""语义不兼容"",""其他具体构式"",""不确定/需复核""]","[""target_status"",""candidate_boundary"",""slot_status"",""structural_functional_status"",""licensed_evidence"",""runtime_evidence"",""rule_source_trace""]",^(从而|加上|完了|一旦)$,normalized_compiles,REF-GF0025-2021,,GF0025-2021 PDF pp.176–259,appendix_span_verified,verified_inventory,false,[],machine_compiled,source_anchored,not_claimed,static_audit_passed,machine_compiled_source_anchored_static_audited
DUV3-GF0025-2021-5-016-01,DiagnosticUnit,DPV3-GF0025-2021-5-016-01,DiagnosticProfile,RBV3-GF0025-2021-5-016-01,GF0025-2021-5-016,【五16】,5,16,词类,助词,其他助词,1,01,也好,,unsplit_official_entry,,DTV3-TAX-4DB482B3679C,taxonomy_instantiated,,0,structural_pattern,(?:也好),^也好$,fullmatch,normalized_legacy_regex,,"[""lexical_form"",""local_context"",""grammatical_function""]","[""候选包含与权威条目 【五16】 对齐的可定位触发线索。"",""候选满足模板槽位：lexical_form、local_context、grammatical_function。"",""候选按 structural_pattern 模式实现 词类 / 助词 / 其他助词 所规定的语法功能。""]","[""触发线索存在，但候选边界未覆盖完整构式。"",""局部槽位可定位，但至少一个必需槽位仅得到弱支持。""]","[""触发线索只出现在标题、编号、术语或元语言说明中。"",""必需槽位缺失，且上下文不能恢复目标结构或目标功能。""]","[""相同表层形式可能实现 助词 中的非目标功能。"",""相邻构式共享触发形式，但槽位关系或语法功能不同。""]","[""目标用例"",""边界问题"",""表层触发但非目标"",""结构缺槽"",""语义不兼容"",""其他具体构式"",""不确定/需复核""]","[""target_status"",""candidate_boundary"",""slot_status"",""structural_functional_status"",""licensed_evidence"",""runtime_evidence"",""rule_source_trace""]",^也好$,normalized_compiles,REF-GF0025-2021,224,GF0025-2021 PDF p.224,ocr_detected,verified_inventory,false,[],machine_compiled,source_anchored,not_claimed,static_audit_passed,machine_compiled_source_anchored_static_audited
DUV3-GF0025-2021-5-017-01,DiagnosticUnit,DPV3-GF0025-2021-5-017-01,DiagnosticProfile,RBV3-GF0025-2021-5-017-01,GF0025-2021-5-017,【五17】,5,17,短语,固定短语,四字格,1,01,A来A去,,unsplit_official_entry,,DTV3-TAX-249B0481958D,taxonomy_instantiated,,0,structural_pattern,(?:A来A去|去|来),([一-龥])来\1去,search,normalized_legacy_regex,,"[""phrase_head"",""dependent_or_argument"",""phrase_boundary""]","[""候选包含与权威条目 【五17】 对齐的可定位触发线索。"",""候选满足模板槽位：phrase_head、dependent_or_argument、phrase_boundary。"",""候选按 structural_pattern 模式实现 短语 / 固定短语 / 四字格 所规定的语法功能。""]","[""触发线索存在，但候选边界未覆盖完整构式。"",""局部槽位可定位，但至少一个必需槽位仅得到弱支持。""]","[""触发线索只出现在标题、编号、术语或元语言说明中。"",""必需槽位缺失，且上下文不能恢复目标结构或目标功能。""]","[""相同表层形式可能实现 固定短语 中的非目标功能。"",""相邻构式共享触发形式，但槽位关系或语法功能不同。""]","[""目标用例"",""边界问题"",""表层触发但非目标"",""结构缺槽"",""语义不兼容"",""其他具体构式"",""不确定/需复核""]","[""target_status"",""candidate_boundary"",""slot_status"",""structural_functional_status"",""licensed_evidence"",""runtime_evidence"",""rule_source_trace""]",([一-龥])来\1去,normalized_compiles,REF-GF0025-2021,224,GF0025-2021 PDF p.224,ocr_detected,verified_inventory,false,[],machine_compiled,source_anchored,not_claimed,static_audit_passed,machine_compiled_source_anchored_static_audited
DUV3-GF0025-2021-5-018-01,DiagnosticUnit,DPV3-GF0025-2021-5-018-01,DiagnosticProfile,RBV3-GF0025-2021-5-018-01,GF0025-2021-5-018,【五18】,5,18,短语,固定短语,四字格,1,01,A着A着,,unsplit_official_entry,,DTV3-TAX-249B0481958D,taxonomy_instantiated,,0,structural_pattern,(?:A着A着|着),([一-龥])着\1着,search,normalized_legacy_regex,,"[""phrase_head"",""dependent_or_argument"",""phrase_boundary""]","[""候选包含与权威条目 【五18】 对齐的可定位触发线索。"",""候选满足模板槽位：phrase_head、dependent_or_argument、phrase_boundary。"",""候选按 structural_pattern 模式实现 短语 / 固定短语 / 四字格 所规定的语法功能。""]","[""触发线索存在，但候选边界未覆盖完整构式。"",""局部槽位可定位，但至少一个必需槽位仅得到弱支持。""]","[""触发线索只出现在标题、编号、术语或元语言说明中。"",""必需槽位缺失，且上下文不能恢复目标结构或目标功能。""]","[""相同表层形式可能实现 固定短语 中的非目标功能。"",""相邻构式共享触发形式，但槽位关系或语法功能不同。""]","[""目标用例"",""边界问题"",""表层触发但非目标"",""结构缺槽"",""语义不兼容"",""其他具体构式"",""不确定/需复核""]","[""target_status"",""candidate_boundary"",""slot_status"",""structural_functional_status"",""licensed_evidence"",""runtime_evidence"",""rule_source_trace""]",([一-龥])着\1着,normalized_compiles,REF-GF0025-2021,224,GF0025-2021 PDF p.224,ocr_detected,verified_inventory,false,[],machine_compiled,source_anchored,not_claimed,static_audit_passed,machine_compiled_source_anchored_static_audited
DUV3-GF0025-2021-5-019-01,DiagnosticUnit,DPV3-GF0025-2021-5-019-01,DiagnosticProfile,RBV3-GF0025-2021-5-019-01,GF0025-2021-5-019,【五19】,5,19,短语,固定短语,四字格,1,01,没A没B,,unsplit_official_entry,,DTV3-TAX-249B0481958D,taxonomy_instantiated,,0,structural_pattern,(?:没A没B|没),没[一-龥]没[一-龥],search,normalized_legacy_regex,,"[""phrase_head"",""dependent_or_argument"",""phrase_boundary""]","[""候选包含与权威条目 【五19】 对齐的可定位触发线索。"",""候选满足模板槽位：phrase_head、dependent_or_argument、phrase_boundary。"",""候选按 structural_pattern 模式实现 短语 / 固定短语 / 四字格 所规定的语法功能。""]","[""触发线索存在，但候选边界未覆盖完整构式。"",""局部槽位可定位，但至少一个必需槽位仅得到弱支持。""]","[""触发线索只出现在标题、编号、术语或元语言说明中。"",""必需槽位缺失，且上下文不能恢复目标结构或目标功能。""]","[""相同表层形式可能实现 固定短语 中的非目标功能。"",""相邻构式共享触发形式，但槽位关系或语法功能不同。""]","[""目标用例"",""边界问题"",""表层触发但非目标"",""结构缺槽"",""语义不兼容"",""其他具体构式"",""不确定/需复核""]","[""target_status"",""candidate_boundary"",""slot_status"",""structural_functional_status"",""licensed_evidence"",""runtime_evidence"",""rule_source_trace""]",没[一-龥]没[一-龥],normalized_compiles,REF-GF0025-2021,225,GF0025-2021 PDF p.225,ocr_detected,verified_inventory,false,[],machine_compiled,source_anchored,not_claimed,static_audit_passed,machine_compiled_source_anchored_static_audited
DUV3-GF0025-2021-5-020-01,DiagnosticUnit,DPV3-GF0025-2021-5-020-01,DiagnosticProfile,RBV3-GF0025-2021-5-020-01,GF0025-2021-5-020,【五20】,5,20,短语,固定短语,四字格,1,01,说A就A,,unsplit_official_entry,,DTV3-TAX-249B0481958D,taxonomy_instantiated,,0,structural_pattern,(?:说A就A|就|说),说([一-龥])就\1,search,normalized_legacy_regex,,"[""phrase_head"",""dependent_or_argument"",""phrase_boundary""]","[""候选包含与权威条目 【五20】 对齐的可定位触发线索。"",""候选满足模板槽位：phrase_head、dependent_or_argument、phrase_boundary。"",""候选按 structural_pattern 模式实现 短语 / 固定短语 / 四字格 所规定的语法功能。""]","[""触发线索存在，但候选边界未覆盖完整构式。"",""局部槽位可定位，但至少一个必需槽位仅得到弱支持。""]","[""触发线索只出现在标题、编号、术语或元语言说明中。"",""必需槽位缺失，且上下文不能恢复目标结构或目标功能。""]","[""相同表层形式可能实现 固定短语 中的非目标功能。"",""相邻构式共享触发形式，但槽位关系或语法功能不同。""]","[""目标用例"",""边界问题"",""表层触发但非目标"",""结构缺槽"",""语义不兼容"",""其他具体构式"",""不确定/需复核""]","[""target_status"",""candidate_boundary"",""slot_status"",""structural_functional_status"",""licensed_evidence"",""runtime_evidence"",""rule_source_trace""]",说([一-龥])就\1,normalized_compiles,REF-GF0025-2021,225,GF0025-2021 PDF p.225,ocr_detected,verified_inventory,false,[],machine_compiled,source_anchored,not_claimed,static_audit_passed,machine_compiled_source_anchored_static_audited
DUV3-GF0025-2021-5-021-01,DiagnosticUnit,DPV3-GF0025-2021-5-021-01,DiagnosticProfile,RBV3-GF0025-2021-5-021-01,GF0025-2021-5-021,【五21】,5,21,短语,固定短语,四字格,1,01,有A有B,,unsplit_official_entry,,DTV3-TAX-249B0481958D,taxonomy_instantiated,,0,structural_pattern,(?:有A有B|有),有[一-龥]有[一-龥],search,normalized_legacy_regex,,"[""phrase_head"",""dependent_or_argument"",""phrase_boundary""]","[""候选包含与权威条目 【五21】 对齐的可定位触发线索。"",""候选满足模板槽位：phrase_head、dependent_or_argument、phrase_boundary。"",""候选按 structural_pattern 模式实现 短语 / 固定短语 / 四字格 所规定的语法功能。""]","[""触发线索存在，但候选边界未覆盖完整构式。"",""局部槽位可定位，但至少一个必需槽位仅得到弱支持。""]","[""触发线索只出现在标题、编号、术语或元语言说明中。"",""必需槽位缺失，且上下文不能恢复目标结构或目标功能。""]","[""相同表层形式可能实现 固定短语 中的非目标功能。"",""相邻构式共享触发形式，但槽位关系或语法功能不同。""]","[""目标用例"",""边界问题"",""表层触发但非目标"",""结构缺槽"",""语义不兼容"",""其他具体构式"",""不确定/需复核""]","[""target_status"",""candidate_boundary"",""slot_status"",""structural_functional_status"",""licensed_evidence"",""runtime_evidence"",""rule_source_trace""]",有[一-龥]有[一-龥],normalized_compiles,REF-GF0025-2021,225,GF0025-2021 PDF p.225,ocr_detected,verified_inventory,false,[],machine_compiled,source_anchored,not_claimed,static_audit_passed,machine_compiled_source_anchored_static_audited
DUV3-GF0025-2021-5-022-01,DiagnosticUnit,DPV3-GF0025-2021-5-022-01,DiagnosticProfile,RBV3-GF0025-2021-5-022-01,GF0025-2021-5-022,【五22】,5,22,短语,固定短语,其他,1,01,不得了,,unsplit_official_entry,,DTV3-TAX-423191A16BE2,taxonomy_instantiated,,0,structural_pattern,(?:不得了),不得了,search,normalized_legacy_regex,,"[""phrase_head"",""dependent_or_argument"",""phrase_boundary""]","[""候选包含与权威条目 【五22】 对齐的可定位触发线索。"",""候选满足模板槽位：phrase_head、dependent_or_argument、phrase_boundary。"",""候选按 structural_pattern 模式实现 短语 / 固定短语 / 其他 所规定的语法功能。""]","[""触发线索存在，但候选边界未覆盖完整构式。"",""局部槽位可定位，但至少一个必需槽位仅得到弱支持。""]","[""触发线索只出现在标题、编号、术语或元语言说明中。"",""必需槽位缺失，且上下文不能恢复目标结构或目标功能。""]","[""相同表层形式可能实现 固定短语 中的非目标功能。"",""相邻构式共享触发形式，但槽位关系或语法功能不同。""]","[""目标用例"",""边界问题"",""表层触发但非目标"",""结构缺槽"",""语义不兼容"",""其他具体构式"",""不确定/需复核""]","[""target_status"",""candidate_boundary"",""slot_status"",""structural_functional_status"",""licensed_evidence"",""runtime_evidence"",""rule_source_trace""]",不得了,normalized_compiles,REF-GF0025-2021,,GF0025-2021 PDF pp.176–259,appendix_span_verified,verified_inventory,false,[],machine_compiled,source_anchored,not_claimed,static_audit_passed,machine_compiled_source_anchored_static_audited
DUV3-GF0025-2021-5-023-01,DiagnosticUnit,DPV3-GF0025-2021-5-023-01,DiagnosticProfile,RBV3-GF0025-2021-5-023-01,GF0025-2021-5-023,【五23】,5,23,短语,固定短语,其他,1,01,不敢当,,unsplit_official_entry,,DTV3-TAX-423191A16BE2,taxonomy_instantiated,,0,structural_pattern,(?:不敢当),不敢当,search,normalized_legacy_regex,,"[""phrase_head"",""dependent_or_argument"",""phrase_boundary""]","[""候选包含与权威条目 【五23】 对齐的可定位触发线索。"",""候选满足模板槽位：phrase_head、dependent_or_argument、phrase_boundary。"",""候选按 structural_pattern 模式实现 短语 / 固定短语 / 其他 所规定的语法功能。""]","[""触发线索存在，但候选边界未覆盖完整构式。"",""局部槽位可定位，但至少一个必需槽位仅得到弱支持。""]","[""触发线索只出现在标题、编号、术语或元语言说明中。"",""必需槽位缺失，且上下文不能恢复目标结构或目标功能。""]","[""相同表层形式可能实现 固定短语 中的非目标功能。"",""相邻构式共享触发形式，但槽位关系或语法功能不同。""]","[""目标用例"",""边界问题"",""表层触发但非目标"",""结构缺槽"",""语义不兼容"",""其他具体构式"",""不确定/需复核""]","[""target_status"",""candidate_boundary"",""slot_status"",""structural_functional_status"",""licensed_evidence"",""runtime_evidence"",""rule_source_trace""]",不敢当,normalized_compiles,REF-GF0025-2021,,GF0025-2021 PDF pp.176–259,appendix_span_verified,verified_inventory,false,[],machine_compiled,source_anchored,not_claimed,static_audit_passed,machine_compiled_source_anchored_static_audited
DUV3-GF0025-2021-5-024-01,DiagnosticUnit,DPV3-GF0025-2021-5-024-01,DiagnosticProfile,RBV3-GF0025-2021-5-024-01,GF0025-2021-5-024,【五24】,5,24,短语,固定短语,其他,1,01,得了,,unsplit_official_entry,,DTV3-TAX-423191A16BE2,taxonomy_instantiated,,0,structural_pattern,(?:得了),得了,search,normalized_legacy_regex,,"[""phrase_head"",""dependent_or_argument"",""phrase_boundary""]","[""候选包含与权威条目 【五24】 对齐的可定位触发线索。"",""候选满足模板槽位：phrase_head、dependent_or_argument、phrase_boundary。"",""候选按 structural_pattern 模式实现 短语 / 固定短语 / 其他 所规定的语法功能。""]","[""触发线索存在，但候选边界未覆盖完整构式。"",""局部槽位可定位，但至少一个必需槽位仅得到弱支持。""]","[""触发线索只出现在标题、编号、术语或元语言说明中。"",""必需槽位缺失，且上下文不能恢复目标结构或目标功能。""]","[""相同表层形式可能实现 固定短语 中的非目标功能。"",""相邻构式共享触发形式，但槽位关系或语法功能不同。""]","[""目标用例"",""边界问题"",""表层触发但非目标"",""结构缺槽"",""语义不兼容"",""其他具体构式"",""不确定/需复核""]","[""target_status"",""candidate_boundary"",""slot_status"",""structural_functional_status"",""licensed_evidence"",""runtime_evidence"",""rule_source_trace""]",得了,normalized_compiles,REF-GF0025-2021,225,GF0025-2021 PDF p.225,ocr_detected,verified_inventory,false,[],machine_compiled,source_anchored,not_claimed,static_audit_passed,machine_compiled_source_anchored_static_audited
DUV3-GF0025-2021-5-025-01,DiagnosticUnit,DPV3-GF0025-2021-5-025-01,DiagnosticProfile,RBV3-GF0025-2021-5-025-01,GF0025-2021-5-025,【五25】,5,25,短语,固定短语,其他,1,01,用不着,,unsplit_official_entry,,DTV3-TAX-423191A16BE2,taxonomy_instantiated,,0,structural_pattern,(?:用不着),用不着,search,normalized_legacy_regex,,"[""phrase_head"",""dependent_or_argument"",""phrase_boundary""]","[""候选包含与权威条目 【五25】 对齐的可定位触发线索。"",""候选满足模板槽位：phrase_head、dependent_or_argument、phrase_boundary。"",""候选按 structural_pattern 模式实现 短语 / 固定短语 / 其他 所规定的语法功能。""]","[""触发线索存在，但候选边界未覆盖完整构式。"",""局部槽位可定位，但至少一个必需槽位仅得到弱支持。""]","[""触发线索只出现在标题、编号、术语或元语言说明中。"",""必需槽位缺失，且上下文不能恢复目标结构或目标功能。""]","[""相同表层形式可能实现 固定短语 中的非目标功能。"",""相邻构式共享触发形式，但槽位关系或语法功能不同。""]","[""目标用例"",""边界问题"",""表层触发但非目标"",""结构缺槽"",""语义不兼容"",""其他具体构式"",""不确定/需复核""]","[""target_status"",""candidate_boundary"",""slot_status"",""structural_functional_status"",""licensed_evidence"",""runtime_evidence"",""rule_source_trace""]",用不着,normalized_compiles,REF-GF0025-2021,225,GF0025-2021 PDF p.225,ocr_detected,verified_inventory,false,[],machine_compiled,source_anchored,not_claimed,static_audit_passed,machine_compiled_source_anchored_static_audited
DUV3-GF0025-2021-5-026-01,DiagnosticUnit,DPV3-GF0025-2021-5-026-01,DiagnosticProfile,RBV3-GF0025-2021-5-026-01,GF0025-2021-5-026,【五26】,5,26,固定格式,未细分,,1,01,从……来看,,unsplit_official_entry,,DTV3-POINT-17EDEDB616A2,point_specific_instantiated,,0,structural_pattern,(?:从……来看|来看|从),从.+来看,search,normalized_legacy_regex,,"[""fixed_marker"",""internal_slot"",""construction_boundary""]","[""候选包含与权威条目 【五26】 对齐的可定位触发线索。"",""候选满足模板槽位：fixed_marker、internal_slot、construction_boundary。"",""候选按 structural_pattern 模式实现 固定格式 / 未细分 / 未列小项 所规定的语法功能。""]","[""触发线索存在，但候选边界未覆盖完整构式。"",""局部槽位可定位，但至少一个必需槽位仅得到弱支持。""]","[""触发线索只出现在标题、编号、术语或元语言说明中。"",""必需槽位缺失，且上下文不能恢复目标结构或目标功能。""]","[""相同表层形式可能实现 未细分 中的非目标功能。"",""相邻构式共享触发形式，但槽位关系或语法功能不同。""]","[""目标用例"",""边界问题"",""表层触发但非目标"",""结构缺槽"",""语义不兼容"",""其他具体构式"",""不确定/需复核""]","[""target_status"",""candidate_boundary"",""slot_status"",""structural_functional_status"",""licensed_evidence"",""runtime_evidence"",""rule_source_trace""]",从.+来看,normalized_compiles,REF-GF0025-2021,,GF0025-2021 PDF pp.176–259,appendix_span_verified,verified_inventory,false,[],machine_compiled,source_anchored,not_claimed,static_audit_passed,machine_compiled_source_anchored_static_audited
DUV3-GF0025-2021-5-027-01,DiagnosticUnit,DPV3-GF0025-2021-5-027-01,DiagnosticProfile,RBV3-GF0025-2021-5-027-01,GF0025-2021-5-027,【五27】,5,27,固定格式,未细分,,1,01,到……为止,,unsplit_official_entry,,DTV3-POINT-48C147CED90A,point_specific_instantiated,,0,structural_pattern,(?:到……为止|为止|到),到.+为止,search,normalized_legacy_regex,,"[""fixed_marker"",""internal_slot"",""construction_boundary""]","[""候选包含与权威条目 【五27】 对齐的可定位触发线索。"",""候选满足模板槽位：fixed_marker、internal_slot、construction_boundary。"",""候选按 structural_pattern 模式实现 固定格式 / 未细分 / 未列小项 所规定的语法功能。""]","[""触发线索存在，但候选边界未覆盖完整构式。"",""局部槽位可定位，但至少一个必需槽位仅得到弱支持。""]","[""触发线索只出现在标题、编号、术语或元语言说明中。"",""必需槽位缺失，且上下文不能恢复目标结构或目标功能。""]","[""相同表层形式可能实现 未细分 中的非目标功能。"",""相邻构式共享触发形式，但槽位关系或语法功能不同。""]","[""目标用例"",""边界问题"",""表层触发但非目标"",""结构缺槽"",""语义不兼容"",""其他具体构式"",""不确定/需复核""]","[""target_status"",""candidate_boundary"",""slot_status"",""structural_functional_status"",""licensed_evidence"",""runtime_evidence"",""rule_source_trace""]",到.+为止,normalized_compiles,REF-GF0025-2021,226,GF0025-2021 PDF p.226,ocr_detected,verified_inventory,false,[],machine_compiled,source_anchored,not_claimed,static_audit_passed,machine_compiled_source_anchored_static_audited
DUV3-GF0025-2021-5-028-01,DiagnosticUnit,DPV3-GF0025-2021-5-028-01,DiagnosticProfile,RBV3-GF0025-2021-5-028-01,GF0025-2021-5-028,【五28】,5,28,固定格式,未细分,,1,01,够……的,,unsplit_official_entry,,DTV3-POINT-51FF2B414E11,point_specific_instantiated,,0,structural_pattern,(?:够……的|够|的),够.+的,search,normalized_legacy_regex,,"[""fixed_marker"",""internal_slot"",""construction_boundary""]","[""候选包含与权威条目 【五28】 对齐的可定位触发线索。"",""候选满足模板槽位：fixed_marker、internal_slot、construction_boundary。"",""候选按 structural_pattern 模式实现 固定格式 / 未细分 / 未列小项 所规定的语法功能。""]","[""触发线索存在，但候选边界未覆盖完整构式。"",""局部槽位可定位，但至少一个必需槽位仅得到弱支持。""]","[""触发线索只出现在标题、编号、术语或元语言说明中。"",""必需槽位缺失，且上下文不能恢复目标结构或目标功能。""]","[""相同表层形式可能实现 未细分 中的非目标功能。"",""相邻构式共享触发形式，但槽位关系或语法功能不同。""]","[""目标用例"",""边界问题"",""表层触发但非目标"",""结构缺槽"",""语义不兼容"",""其他具体构式"",""不确定/需复核""]","[""target_status"",""candidate_boundary"",""slot_status"",""structural_functional_status"",""licensed_evidence"",""runtime_evidence"",""rule_source_trace""]",够.+的,normalized_compiles,REF-GF0025-2021,,GF0025-2021 PDF pp.176–259,appendix_span_verified,verified_inventory,false,[],machine_compiled,source_anchored,not_claimed,static_audit_passed,machine_compiled_source_anchored_static_audited
DUV3-GF0025-2021-5-029-01,DiagnosticUnit,DPV3-GF0025-2021-5-029-01,DiagnosticProfile,RBV3-GF0025-2021-5-029-01,GF0025-2021-5-029,【五29】,5,29,固定格式,未细分,,1,01,拿……来说,,unsplit_official_entry,,DTV3-POINT-040A2D479F57,point_specific_instantiated,,0,structural_pattern,(?:拿……来说|来说|拿),拿.+来说,search,normalized_legacy_regex,,"[""fixed_marker"",""internal_slot"",""construction_boundary""]","[""候选包含与权威条目 【五29】 对齐的可定位触发线索。"",""候选满足模板槽位：fixed_marker、internal_slot、construction_boundary。"",""候选按 structural_pattern 模式实现 固定格式 / 未细分 / 未列小项 所规定的语法功能。""]","[""触发线索存在，但候选边界未覆盖完整构式。"",""局部槽位可定位，但至少一个必需槽位仅得到弱支持。""]","[""触发线索只出现在标题、编号、术语或元语言说明中。"",""必需槽位缺失，且上下文不能恢复目标结构或目标功能。""]","[""相同表层形式可能实现 未细分 中的非目标功能。"",""相邻构式共享触发形式，但槽位关系或语法功能不同。""]","[""目标用例"",""边界问题"",""表层触发但非目标"",""结构缺槽"",""语义不兼容"",""其他具体构式"",""不确定/需复核""]","[""target_status"",""candidate_boundary"",""slot_status"",""structural_functional_status"",""licensed_evidence"",""runtime_evidence"",""rule_source_trace""]",拿.+来说,normalized_compiles,REF-GF0025-2021,226,GF0025-2021 PDF p.226,ocr_detected,verified_inventory,false,[],machine_compiled,source_anchored,not_claimed,static_audit_passed,machine_compiled_source_anchored_static_audited
DUV3-GF0025-2021-5-030-01,DiagnosticUnit,DPV3-GF0025-2021-5-030-01,DiagnosticProfile,RBV3-GF0025-2021-5-030-01,GF0025-2021-5-030,【五30】,5,30,固定格式,未细分,,1,01,A的A，B的B,,unsplit_official_entry,,DTV3-POINT-CEFE280E4AAF,point_specific_instantiated,,0,structural_pattern,(?:的),([一-龥])的\1，([一-龥])的\2,search,normalized_legacy_regex,,"[""fixed_marker"",""internal_slot"",""construction_boundary""]","[""候选包含与权威条目 【五30】 对齐的可定位触发线索。"",""候选满足模板槽位：fixed_marker、internal_slot、construction_boundary。"",""候选按 structural_pattern 模式实现 固定格式 / 未细分 / 未列小项 所规定的语法功能。""]","[""触发线索存在，但候选边界未覆盖完整构式。"",""局部槽位可定位，但至少一个必需槽位仅得到弱支持。""]","[""触发线索只出现在标题、编号、术语或元语言说明中。"",""必需槽位缺失，且上下文不能恢复目标结构或目标功能。""]","[""相同表层形式可能实现 未细分 中的非目标功能。"",""相邻构式共享触发形式，但槽位关系或语法功能不同。""]","[""目标用例"",""边界问题"",""表层触发但非目标"",""结构缺槽"",""语义不兼容"",""其他具体构式"",""不确定/需复核""]","[""target_status"",""candidate_boundary"",""slot_status"",""structural_functional_status"",""licensed_evidence"",""runtime_evidence"",""rule_source_trace""]",([一-龥])的\1，([一-龥])的\2,normalized_compiles,REF-GF0025-2021,226,GF0025-2021 PDF p.226,ocr_detected,verified_inventory,false,[],machine_compiled,source_anchored,not_claimed,static_audit_passed,machine_compiled_source_anchored_static_audited
DUV3-GF0025-2021-5-031-01,DiagnosticUnit,DPV3-GF0025-2021-5-031-01,DiagnosticProfile,RBV3-GF0025-2021-5-031-01,GF0025-2021-5-031,【五31】,5,31,固定格式,未细分,,1,01,在……看来,,unsplit_official_entry,,DTV3-POINT-A8EE41429E11,point_specific_instantiated,,0,structural_pattern,(?:在……看来|看来|在),在.+看来,search,normalized_legacy_regex,,"[""fixed_marker"",""internal_slot"",""construction_boundary""]","[""候选包含与权威条目 【五31】 对齐的可定位触发线索。"",""候选满足模板槽位：fixed_marker、internal_slot、construction_boundary。"",""候选按 structural_pattern 模式实现 固定格式 / 未细分 / 未列小项 所规定的语法功能。""]","[""触发线索存在，但候选边界未覆盖完整构式。"",""局部槽位可定位，但至少一个必需槽位仅得到弱支持。""]","[""触发线索只出现在标题、编号、术语或元语言说明中。"",""必需槽位缺失，且上下文不能恢复目标结构或目标功能。""]","[""相同表层形式可能实现 未细分 中的非目标功能。"",""相邻构式共享触发形式，但槽位关系或语法功能不同。""]","[""目标用例"",""边界问题"",""表层触发但非目标"",""结构缺槽"",""语义不兼容"",""其他具体构式"",""不确定/需复核""]","[""target_status"",""candidate_boundary"",""slot_status"",""structural_functional_status"",""licensed_evidence"",""runtime_evidence"",""rule_source_trace""]",在.+看来,normalized_compiles,REF-GF0025-2021,226,GF0025-2021 PDF p.226,ocr_detected,verified_inventory,false,[],machine_compiled,source_anchored,not_claimed,static_audit_passed,machine_compiled_source_anchored_static_audited
DUV3-GF0025-2021-5-032-01,DiagnosticUnit,DPV3-GF0025-2021-5-032-01,DiagnosticProfile,RBV3-GF0025-2021-5-032-01,GF0025-2021-5-032,【五32】,5,32,句子成分,宾语,,1,01,施事宾语,宾语的语义类型1,numbered_usage,（1）,DTV3-TAX-1B3B2B7206BD,taxonomy_instantiated,,0,complex_functional,(?:施事宾语),(?:施事宾语),search,source_literal_retrieval_trigger,,"[""candidate_expression"",""governing_predicate"",""syntactic_role""]","[""候选包含与权威条目 【五32】 对齐的可定位触发线索。"",""候选满足模板槽位：candidate_expression、governing_predicate、syntactic_role。"",""候选按 complex_functional 模式实现 句子成分 / 宾语 / 未列小项 所规定的语法功能。""]","[""触发线索存在，但候选边界未覆盖完整构式。"",""局部槽位可定位，但至少一个必需槽位仅得到弱支持。""]","[""触发线索只出现在标题、编号、术语或元语言说明中。"",""必需槽位缺失，且上下文不能恢复目标结构或目标功能。""]","[""相同表层形式可能实现 宾语 中的非目标功能。"",""相邻构式共享触发形式，但槽位关系或语法功能不同。""]","[""目标用例"",""边界问题"",""表层触发但非目标"",""结构缺槽"",""语义不兼容"",""其他具体构式"",""不确定/需复核""]","[""target_status"",""candidate_boundary"",""slot_status"",""structural_functional_status"",""licensed_evidence"",""runtime_evidence"",""rule_source_trace""]",,not_available_source_literal_runtime,REF-GF0025-2021,226,GF0025-2021 PDF p.226,ocr_detected,verified_inventory,false,[],machine_compiled,source_anchored,not_claimed,static_audit_passed,machine_compiled_source_anchored_static_audited
DUV3-GF0025-2021-5-032-02,DiagnosticUnit,DPV3-GF0025-2021-5-032-02,DiagnosticProfile,RBV3-GF0025-2021-5-032-02,GF0025-2021-5-032,【五32】,5,32,句子成分,宾语,,2,02,受事宾语,宾语的语义类型1,numbered_usage,（2）,DTV3-TAX-1B3B2B7206BD,taxonomy_instantiated,,0,complex_functional,(?:受事宾语),(?:受事宾语),search,source_literal_retrieval_trigger,,"[""candidate_expression"",""governing_predicate"",""syntactic_role""]","[""候选包含与权威条目 【五32】 对齐的可定位触发线索。"",""候选满足模板槽位：candidate_expression、governing_predicate、syntactic_role。"",""候选按 complex_functional 模式实现 句子成分 / 宾语 / 未列小项 所规定的语法功能。""]","[""触发线索存在，但候选边界未覆盖完整构式。"",""局部槽位可定位，但至少一个必需槽位仅得到弱支持。""]","[""触发线索只出现在标题、编号、术语或元语言说明中。"",""必需槽位缺失，且上下文不能恢复目标结构或目标功能。""]","[""相同表层形式可能实现 宾语 中的非目标功能。"",""相邻构式共享触发形式，但槽位关系或语法功能不同。""]","[""目标用例"",""边界问题"",""表层触发但非目标"",""结构缺槽"",""语义不兼容"",""其他具体构式"",""不确定/需复核""]","[""target_status"",""candidate_boundary"",""slot_status"",""structural_functional_status"",""licensed_evidence"",""runtime_evidence"",""rule_source_trace""]",,not_available_source_literal_runtime,REF-GF0025-2021,226,GF0025-2021 PDF p.226,ocr_detected,verified_inventory,false,[],machine_compiled,source_anchored,not_claimed,static_audit_passed,machine_compiled_source_anchored_static_audited
DUV3-GF0025-2021-5-033-01,DiagnosticUnit,DPV3-GF0025-2021-5-033-01,DiagnosticProfile,RBV3-GF0025-2021-5-033-01,GF0025-2021-5-033,【五33】,5,33,句子成分,状语,,1,01,多项状语,,unsplit_official_entry,,DTV3-TAX-80C277071DDE,taxonomy_instantiated,,0,complex_functional,(?:多项状语),(?:多项状语),search,source_literal_retrieval_trigger,,"[""candidate_expression"",""governing_predicate"",""syntactic_role""]","[""候选包含与权威条目 【五33】 对齐的可定位触发线索。"",""候选满足模板槽位：candidate_expression、governing_predicate、syntactic_role。"",""候选按 complex_functional 模式实现 句子成分 / 状语 / 未列小项 所规定的语法功能。""]","[""触发线索存在，但候选边界未覆盖完整构式。"",""局部槽位可定位，但至少一个必需槽位仅得到弱支持。""]","[""触发线索只出现在标题、编号、术语或元语言说明中。"",""必需槽位缺失，且上下文不能恢复目标结构或目标功能。""]","[""相同表层形式可能实现 状语 中的非目标功能。"",""相邻构式共享触发形式，但槽位关系或语法功能不同。""]","[""目标用例"",""边界问题"",""表层触发但非目标"",""结构缺槽"",""语义不兼容"",""其他具体构式"",""不确定/需复核""]","[""target_status"",""candidate_boundary"",""slot_status"",""structural_functional_status"",""licensed_evidence"",""runtime_evidence"",""rule_source_trace""]",,not_available_source_literal_runtime,REF-GF0025-2021,226,GF0025-2021 PDF p.226,ocr_detected,verified_inventory,false,[],machine_compiled,source_anchored,not_claimed,static_audit_passed,machine_compiled_source_anchored_static_audited
DUV3-GF0025-2021-5-034-01,DiagnosticUnit,DPV3-GF0025-2021-5-034-01,DiagnosticProfile,RBV3-GF0025-2021-5-034-01,GF0025-2021-5-034,【五34】,5,34,句子成分,补语,趋向补语,1,01,表示动作行为的开始：动词+上/起来,趋向补语4 表示时间意义（引申用法）,numbered_usage,（1）,DTV3-SEED-C7C9B744490A,seed_reused,趋向补语候选,120,complex_functional,(?:动作行为的开始|动词|起来|上),(?:动作行为的开始|动词|起来|上),search,source_literal_retrieval_trigger,,"[""predicate"",""complement_marker"",""complement_core"",""object_or_extent""]","[""候选片段包含或可解释出“趋向补语”相关标记/结构线索。"",""候选片段满足所属语法家族的核心槽位要求：谓词、补语标记、补语核心、宾语/对象、数量/时量成分。"",""候选片段在原句中承担该语法点的实际语法功能，而非仅有表层词形。""]","[""结构大体可定位但边界过短或过长。"",""标记存在但核心槽位需要结合上下文复核。""]","[""候选片段只是术语、标题、编号、残片或 OCR 混杂内容。"",""只有表层标记，无法构成所属语法家族的核心结构。""]","[""只有表层标记""]","[""目标用例"",""边界问题"",""表层触发但非目标"",""结构缺槽"",""语义不兼容"",""其他具体构式"",""不确定/需复核""]","[""target_status"",""candidate_boundary"",""slot_status"",""structural_functional_status"",""licensed_evidence"",""runtime_evidence"",""rule_source_trace""]",,not_available_source_literal_runtime,REF-GF0025-2021,227,GF0025-2021 PDF p.227,ocr_detected,verified_inventory,false,[],machine_compiled,source_anchored,not_claimed,static_audit_passed,machine_compiled_source_anchored_static_audited
DUV3-GF0025-2021-5-034-02,DiagnosticUnit,DPV3-GF0025-2021-5-034-02,DiagnosticProfile,RBV3-GF0025-2021-5-034-02,GF0025-2021-5-034,【五34】,5,34,句子成分,补语,趋向补语,2,02,表示动作行为的持续：动词+下去/下来,趋向补语4 表示时间意义（引申用法）,numbered_usage,（2）,DTV3-SEED-C7C9B744490A,seed_reused,趋向补语候选,120,complex_functional,(?:动作行为的持续|下去|下来|动词),(?:动作行为的持续|下去|下来|动词),search,source_literal_retrieval_trigger,,"[""predicate"",""complement_marker"",""complement_core"",""object_or_extent""]","[""候选片段包含或可解释出“趋向补语”相关标记/结构线索。"",""候选片段满足所属语法家族的核心槽位要求：谓词、补语标记、补语核心、宾语/对象、数量/时量成分。"",""候选片段在原句中承担该语法点的实际语法功能，而非仅有表层词形。""]","[""结构大体可定位但边界过短或过长。"",""标记存在但核心槽位需要结合上下文复核。""]","[""候选片段只是术语、标题、编号、残片或 OCR 混杂内容。"",""只有表层标记，无法构成所属语法家族的核心结构。""]","[""只有表层标记""]","[""目标用例"",""边界问题"",""表层触发但非目标"",""结构缺槽"",""语义不兼容"",""其他具体构式"",""不确定/需复核""]","[""target_status"",""candidate_boundary"",""slot_status"",""structural_functional_status"",""licensed_evidence"",""runtime_evidence"",""rule_source_trace""]",,not_available_source_literal_runtime,REF-GF0025-2021,227,GF0025-2021 PDF p.227,ocr_detected,verified_inventory,false,[],machine_compiled,source_anchored,not_claimed,static_audit_passed,machine_compiled_source_anchored_static_audited
DUV3-GF0025-2021-5-035-01,DiagnosticUnit,DPV3-GF0025-2021-5-035-01,DiagnosticProfile,RBV3-GF0025-2021-5-035-01,GF0025-2021-5-035,【五35】,5,35,句子成分,补语,可能补语,1,01,可能补语2：动词+得/不得,,unsplit_official_entry,,DTV3-SEED-92843049D686,seed_reused,可能补语候选,120,complex_functional,(?:可能补语|不得|动词|可能|得),(?:可能补语|不得|动词|可能|得),search,source_literal_retrieval_trigger,,"[""predicate"",""complement_marker"",""complement_core"",""object_or_extent""]","[""候选片段包含或可解释出“可能补语”相关标记/结构线索。"",""候选片段满足所属语法家族的核心槽位要求：谓词、补语标记、补语核心、宾语/对象、数量/时量成分。"",""候选片段在原句中承担该语法点的实际语法功能，而非仅有表层词形。""]","[""结构大体可定位但边界过短或过长。"",""标记存在但核心槽位需要结合上下文复核。""]","[""候选片段只是术语、标题、编号、残片或 OCR 混杂内容。"",""只有表层标记，无法构成所属语法家族的核心结构。""]","[""只有表层标记""]","[""目标用例"",""边界问题"",""表层触发但非目标"",""结构缺槽"",""语义不兼容"",""其他具体构式"",""不确定/需复核""]","[""target_status"",""candidate_boundary"",""slot_status"",""structural_functional_status"",""licensed_evidence"",""runtime_evidence"",""rule_source_trace""]",,not_available_source_literal_runtime,REF-GF0025-2021,227,GF0025-2021 PDF p.227,ocr_detected,verified_inventory,false,[],machine_compiled,source_anchored,not_claimed,static_audit_passed,machine_compiled_source_anchored_static_audited
DUV3-GF0025-2021-5-036-01,DiagnosticUnit,DPV3-GF0025-2021-5-036-01,DiagnosticProfile,RBV3-GF0025-2021-5-036-01,GF0025-2021-5-036,【五36】,5,36,句子成分,补语,程度补语,1,01,形容词/心理动词+得+不得了/慌/厉害,程度补语2,numbered_usage,（1）,DTV3-SEED-C49D5A1DB67A,seed_reused,得字补语候选,95,complex_functional,(?:心理动词|不得了|形容词|厉害|得|慌),(?:心理动词|不得了|形容词|厉害|得|慌),search,source_literal_retrieval_trigger,,"[""predicate"",""complement_marker"",""complement_core"",""object_or_extent""]","[""候选片段包含被补充说明的谓词和补语核心。"",""“得”后成分说明程度、状态、可能或结果。""]","[""只截补语核心或只截谓词，边界需要补足。""]","[""“得”读作 dei 或作为其他固定词内部成分时不判为得字补语。""]","[""表层标记出现，但候选不实现目标语法功能。""]","[""目标用例"",""边界问题"",""表层触发但非目标"",""结构缺槽"",""语义不兼容"",""其他具体构式"",""不确定/需复核""]","[""target_status"",""candidate_boundary"",""slot_status"",""structural_functional_status"",""licensed_evidence"",""runtime_evidence"",""rule_source_trace""]",,not_available_source_literal_runtime,REF-GF0025-2021,227,GF0025-2021 PDF p.227,ocr_detected,verified_inventory,false,[],machine_compiled,source_anchored,not_claimed,static_audit_passed,machine_compiled_source_anchored_static_audited
DUV3-GF0025-2021-5-036-02,DiagnosticUnit,DPV3-GF0025-2021-5-036-02,DiagnosticProfile,RBV3-GF0025-2021-5-036-02,GF0025-2021-5-036,【五36】,5,36,句子成分,补语,程度补语,2,02,动词/形容词+坏/透+了,程度补语2,numbered_usage,（2）,DTV3-TAX-C0EF03284441,taxonomy_instantiated,,0,complex_functional,(?:形容词|动词|了|坏|透),(?:形容词|动词|了|坏|透),search,source_literal_retrieval_trigger,,"[""candidate_expression"",""governing_predicate"",""syntactic_role""]","[""候选包含与权威条目 【五36】 对齐的可定位触发线索。"",""候选满足模板槽位：candidate_expression、governing_predicate、syntactic_role。"",""候选按 complex_functional 模式实现 句子成分 / 补语 / 程度补语 所规定的语法功能。""]","[""触发线索存在，但候选边界未覆盖完整构式。"",""局部槽位可定位，但至少一个必需槽位仅得到弱支持。""]","[""触发线索只出现在标题、编号、术语或元语言说明中。"",""必需槽位缺失，且上下文不能恢复目标结构或目标功能。""]","[""相同表层形式可能实现 补语 中的非目标功能。"",""相邻构式共享触发形式，但槽位关系或语法功能不同。""]","[""目标用例"",""边界问题"",""表层触发但非目标"",""结构缺槽"",""语义不兼容"",""其他具体构式"",""不确定/需复核""]","[""target_status"",""candidate_boundary"",""slot_status"",""structural_functional_status"",""licensed_evidence"",""runtime_evidence"",""rule_source_trace""]",,not_available_source_literal_runtime,REF-GF0025-2021,227,GF0025-2021 PDF p.227,ocr_detected,verified_inventory,false,[],machine_compiled,source_anchored,not_claimed,static_audit_passed,machine_compiled_source_anchored_static_audited
DUV3-GF0025-2021-5-037-01,DiagnosticUnit,DPV3-GF0025-2021-5-037-01,DiagnosticProfile,RBV3-GF0025-2021-5-037-01,GF0025-2021-5-037,【五37】,5,37,句子成分,补语,状态补语,1,01,动词/形容词+得+动词短语,状态补语2：动词/形容词+得+短语,numbered_usage,（1）,DTV3-SEED-71C2957750DA,seed_reused,得字补语候选,95,complex_functional,(?:动词短语|形容词|动词|得),(?:动词短语|形容词|动词|得),search,source_literal_retrieval_trigger,,"[""predicate"",""complement_marker"",""complement_core"",""object_or_extent""]","[""候选片段包含被补充说明的谓词和补语核心。"",""“得”后成分说明程度、状态、可能或结果。""]","[""只截补语核心或只截谓词，边界需要补足。""]","[""“得”读作 dei 或作为其他固定词内部成分时不判为得字补语。""]","[""表层标记出现，但候选不实现目标语法功能。""]","[""目标用例"",""边界问题"",""表层触发但非目标"",""结构缺槽"",""语义不兼容"",""其他具体构式"",""不确定/需复核""]","[""target_status"",""candidate_boundary"",""slot_status"",""structural_functional_status"",""licensed_evidence"",""runtime_evidence"",""rule_source_trace""]",,not_available_source_literal_runtime,REF-GF0025-2021,227,GF0025-2021 PDF p.227,ocr_detected,verified_inventory,false,[],machine_compiled,source_anchored,not_claimed,static_audit_passed,machine_compiled_source_anchored_static_audited
DUV3-GF0025-2021-5-037-02,DiagnosticUnit,DPV3-GF0025-2021-5-037-02,DiagnosticProfile,RBV3-GF0025-2021-5-037-02,GF0025-2021-5-037,【五37】,5,37,句子成分,补语,状态补语,2,02,动词/形容词+得+主谓短语,状态补语2：动词/形容词+得+短语,numbered_usage,（2）,DTV3-SEED-71C2957750DA,seed_reused,得字补语候选,95,complex_functional,(?:主谓短语|形容词|动词|得),(?:主谓短语|形容词|动词|得),search,source_literal_retrieval_trigger,,"[""predicate"",""complement_marker"",""complement_core"",""object_or_extent""]","[""候选片段包含被补充说明的谓词和补语核心。"",""“得”后成分说明程度、状态、可能或结果。""]","[""只截补语核心或只截谓词，边界需要补足。""]","[""“得”读作 dei 或作为其他固定词内部成分时不判为得字补语。""]","[""表层标记出现，但候选不实现目标语法功能。""]","[""目标用例"",""边界问题"",""表层触发但非目标"",""结构缺槽"",""语义不兼容"",""其他具体构式"",""不确定/需复核""]","[""target_status"",""candidate_boundary"",""slot_status"",""structural_functional_status"",""licensed_evidence"",""runtime_evidence"",""rule_source_trace""]",,not_available_source_literal_runtime,REF-GF0025-2021,227,GF0025-2021 PDF p.227,ocr_detected,verified_inventory,false,[],machine_compiled,source_anchored,not_claimed,static_audit_passed,machine_compiled_source_anchored_static_audited
DUV3-GF0025-2021-5-037-03,DiagnosticUnit,DPV3-GF0025-2021-5-037-03,DiagnosticProfile,RBV3-GF0025-2021-5-037-03,GF0025-2021-5-037,【五37】,5,37,句子成分,补语,状态补语,3,03,动词/形容词+得+固定短语,状态补语2：动词/形容词+得+短语,numbered_usage,（3）,DTV3-SEED-71C2957750DA,seed_reused,得字补语候选,95,complex_functional,(?:固定短语|形容词|动词|得),(?:固定短语|形容词|动词|得),search,source_literal_retrieval_trigger,,"[""predicate"",""complement_marker"",""complement_core"",""object_or_extent""]","[""候选片段包含被补充说明的谓词和补语核心。"",""“得”后成分说明程度、状态、可能或结果。""]","[""只截补语核心或只截谓词，边界需要补足。""]","[""“得”读作 dei 或作为其他固定词内部成分时不判为得字补语。""]","[""表层标记出现，但候选不实现目标语法功能。""]","[""目标用例"",""边界问题"",""表层触发但非目标"",""结构缺槽"",""语义不兼容"",""其他具体构式"",""不确定/需复核""]","[""target_status"",""candidate_boundary"",""slot_status"",""structural_functional_status"",""licensed_evidence"",""runtime_evidence"",""rule_source_trace""]",,not_available_source_literal_runtime,REF-GF0025-2021,227,GF0025-2021 PDF p.227,ocr_detected,verified_inventory,false,[],machine_compiled,source_anchored,not_claimed,static_audit_passed,machine_compiled_source_anchored_static_audited
DUV3-GF0025-2021-5-038-01,DiagnosticUnit,DPV3-GF0025-2021-5-038-01,DiagnosticProfile,RBV3-GF0025-2021-5-038-01,GF0025-2021-5-038,【五38】,5,38,句子的类型,特殊句型,“有”字句,1,01,表示存在、具有：主语+有+着+宾语,“有”字句3,numbered_usage,（1）,DTV3-TAX-E3F2045A4AA0,taxonomy_instantiated,,0,complex_functional,(?:主语|具有|存在|宾语|有|着),(?:主语|具有|存在|宾语|有|着),search,source_literal_retrieval_trigger,,"[""subject_or_topic"",""predicate"",""construction_marker"",""clause_boundary""]","[""候选包含与权威条目 【五38】 对齐的可定位触发线索。"",""候选满足模板槽位：subject_or_topic、predicate、construction_marker、clause_boundary。"",""候选按 complex_functional 模式实现 句子的类型 / 特殊句型 / “有”字句 所规定的语法功能。""]","[""触发线索存在，但候选边界未覆盖完整构式。"",""局部槽位可定位，但至少一个必需槽位仅得到弱支持。""]","[""触发线索只出现在标题、编号、术语或元语言说明中。"",""必需槽位缺失，且上下文不能恢复目标结构或目标功能。""]","[""相同表层形式可能实现 特殊句型 中的非目标功能。"",""相邻构式共享触发形式，但槽位关系或语法功能不同。""]","[""目标用例"",""边界问题"",""表层触发但非目标"",""结构缺槽"",""语义不兼容"",""其他具体构式"",""不确定/需复核""]","[""target_status"",""candidate_boundary"",""slot_status"",""structural_functional_status"",""licensed_evidence"",""runtime_evidence"",""rule_source_trace""]",,not_available_source_literal_runtime,REF-GF0025-2021,228,GF0025-2021 PDF p.228,ocr_detected,verified_inventory,false,[],machine_compiled,source_anchored,not_claimed,static_audit_passed,machine_compiled_source_anchored_static_audited
DUV3-GF0025-2021-5-038-02,DiagnosticUnit,DPV3-GF0025-2021-5-038-02,DiagnosticProfile,RBV3-GF0025-2021-5-038-02,GF0025-2021-5-038,【五38】,5,38,句子的类型,特殊句型,“有”字句,2,02,表示附着：主语+动词+有+宾语,“有”字句3,numbered_usage,（2）,DTV3-TAX-E3F2045A4AA0,taxonomy_instantiated,,0,complex_functional,(?:主语|动词|宾语|附着|有),(?:主语|动词|宾语|附着|有),search,source_literal_retrieval_trigger,,"[""subject_or_topic"",""predicate"",""construction_marker"",""clause_boundary""]","[""候选包含与权威条目 【五38】 对齐的可定位触发线索。"",""候选满足模板槽位：subject_or_topic、predicate、construction_marker、clause_boundary。"",""候选按 complex_functional 模式实现 句子的类型 / 特殊句型 / “有”字句 所规定的语法功能。""]","[""触发线索存在，但候选边界未覆盖完整构式。"",""局部槽位可定位，但至少一个必需槽位仅得到弱支持。""]","[""触发线索只出现在标题、编号、术语或元语言说明中。"",""必需槽位缺失，且上下文不能恢复目标结构或目标功能。""]","[""相同表层形式可能实现 特殊句型 中的非目标功能。"",""相邻构式共享触发形式，但槽位关系或语法功能不同。""]","[""目标用例"",""边界问题"",""表层触发但非目标"",""结构缺槽"",""语义不兼容"",""其他具体构式"",""不确定/需复核""]","[""target_status"",""candidate_boundary"",""slot_status"",""structural_functional_status"",""licensed_evidence"",""runtime_evidence"",""rule_source_trace""]",,not_available_source_literal_runtime,REF-GF0025-2021,228,GF0025-2021 PDF p.228,ocr_detected,verified_inventory,false,[],machine_compiled,source_anchored,not_claimed,static_audit_passed,machine_compiled_source_anchored_static_audited
DUV3-GF0025-2021-5-039-01,DiagnosticUnit,DPV3-GF0025-2021-5-039-01,DiagnosticProfile,RBV3-GF0025-2021-5-039-01,GF0025-2021-5-039,【五39】,5,39,句子的类型,特殊句型,“把”字句,1,01,主语+把+宾语+状语+动词,“把”字句3：表处置,numbered_usage,（1）,DTV3-SEED-9D89FF701AAE,seed_reused,把字句候选,120,structural_pattern,(?:主语|动词|宾语|状语|把),.+把.+一.+，.+,search,normalized_legacy_regex_with_unit_specialization,(?:主语|动词|宾语|状语|把),"[""agent"",""disposal_marker"",""patient"",""predicate"",""result_or_complement""]","[""候选片段包含处置标记“把”。"",""“把”后存在可解释为受事的名词性成分。"",""受事之后存在谓词性成分。"",""优先接受带有结果、趋向、状态变化或补足成分的处置表达。""]","[""候选片段只截到“把+受事”而缺少谓词性成分。"",""候选边界包含前置无关动作链，但核心把字结构仍可定位。""]","[""“把”只出现在术语、标题、编号或非句法用例中。"",""候选片段为残片，无法定位受事或谓词。""]","[""只因出现“把”而结构不成立""]","[""目标用例"",""边界问题"",""表层触发但非目标"",""结构缺槽"",""语义不兼容"",""其他具体构式"",""不确定/需复核""]","[""target_status"",""candidate_boundary"",""slot_status"",""structural_functional_status"",""licensed_evidence"",""runtime_evidence"",""rule_source_trace""]",.+把.+一.+，.+,normalized_compiles,REF-GF0025-2021,228,GF0025-2021 PDF p.228,ocr_detected,verified_inventory,false,[],machine_compiled,source_anchored,not_claimed,static_audit_passed,machine_compiled_source_anchored_static_audited
DUV3-GF0025-2021-5-039-02,DiagnosticUnit,DPV3-GF0025-2021-5-039-02,DiagnosticProfile,RBV3-GF0025-2021-5-039-02,GF0025-2021-5-039,【五39】,5,39,句子的类型,特殊句型,“把”字句,2,02,主语+把+宾语+一+动词,“把”字句3：表处置,numbered_usage,（2）,DTV3-SEED-9D89FF701AAE,seed_reused,把字句候选,120,structural_pattern,(?:主语|动词|宾语|一|把),.+把.+一.+，.+,search,normalized_legacy_regex_with_unit_specialization,(?:主语|动词|宾语|一|把),"[""agent"",""disposal_marker"",""patient"",""predicate"",""result_or_complement""]","[""候选片段包含处置标记“把”。"",""“把”后存在可解释为受事的名词性成分。"",""受事之后存在谓词性成分。"",""优先接受带有结果、趋向、状态变化或补足成分的处置表达。""]","[""候选片段只截到“把+受事”而缺少谓词性成分。"",""候选边界包含前置无关动作链，但核心把字结构仍可定位。""]","[""“把”只出现在术语、标题、编号或非句法用例中。"",""候选片段为残片，无法定位受事或谓词。""]","[""只因出现“把”而结构不成立""]","[""目标用例"",""边界问题"",""表层触发但非目标"",""结构缺槽"",""语义不兼容"",""其他具体构式"",""不确定/需复核""]","[""target_status"",""candidate_boundary"",""slot_status"",""structural_functional_status"",""licensed_evidence"",""runtime_evidence"",""rule_source_trace""]",.+把.+一.+，.+,normalized_compiles,REF-GF0025-2021,228,GF0025-2021 PDF p.228,ocr_detected,verified_inventory,false,[],machine_compiled,source_anchored,not_claimed,static_audit_passed,machine_compiled_source_anchored_static_audited
DUV3-GF0025-2021-5-039-03,DiagnosticUnit,DPV3-GF0025-2021-5-039-03,DiagnosticProfile,RBV3-GF0025-2021-5-039-03,GF0025-2021-5-039,【五39】,5,39,句子的类型,特殊句型,“把”字句,3,03,主语+把+宾语+动词+了,“把”字句3：表处置,numbered_usage,（3）,DTV3-SEED-9D89FF701AAE,seed_reused,把字句候选,120,structural_pattern,(?:主语|动词|宾语|了|把),.+把.+一.+，.+,search,normalized_legacy_regex_with_unit_specialization,(?:主语|动词|宾语|了|把),"[""agent"",""disposal_marker"",""patient"",""predicate"",""result_or_complement""]","[""候选片段包含处置标记“把”。"",""“把”后存在可解释为受事的名词性成分。"",""受事之后存在谓词性成分。"",""优先接受带有结果、趋向、状态变化或补足成分的处置表达。""]","[""候选片段只截到“把+受事”而缺少谓词性成分。"",""候选边界包含前置无关动作链，但核心把字结构仍可定位。""]","[""“把”只出现在术语、标题、编号或非句法用例中。"",""候选片段为残片，无法定位受事或谓词。""]","[""只因出现“把”而结构不成立""]","[""目标用例"",""边界问题"",""表层触发但非目标"",""结构缺槽"",""语义不兼容"",""其他具体构式"",""不确定/需复核""]","[""target_status"",""candidate_boundary"",""slot_status"",""structural_functional_status"",""licensed_evidence"",""runtime_evidence"",""rule_source_trace""]",.+把.+一.+，.+,normalized_compiles,REF-GF0025-2021,228,GF0025-2021 PDF p.228,ocr_detected,verified_inventory,false,[],machine_compiled,source_anchored,not_claimed,static_audit_passed,machine_compiled_source_anchored_static_audited
DUV3-GF0025-2021-5-039-04,DiagnosticUnit,DPV3-GF0025-2021-5-039-04,DiagnosticProfile,RBV3-GF0025-2021-5-039-04,GF0025-2021-5-039,【五39】,5,39,句子的类型,特殊句型,“把”字句,4,04,主语+把+宾语1+动词+宾语2,“把”字句3：表处置,numbered_usage,（4）,DTV3-SEED-9D89FF701AAE,seed_reused,把字句候选,120,structural_pattern,(?:主语|动词|宾语|把),.+把.+一.+，.+,search,normalized_legacy_regex_with_unit_specialization,(?:主语|动词|宾语|把),"[""agent"",""disposal_marker"",""patient"",""predicate"",""result_or_complement""]","[""候选片段包含处置标记“把”。"",""“把”后存在可解释为受事的名词性成分。"",""受事之后存在谓词性成分。"",""优先接受带有结果、趋向、状态变化或补足成分的处置表达。""]","[""候选片段只截到“把+受事”而缺少谓词性成分。"",""候选边界包含前置无关动作链，但核心把字结构仍可定位。""]","[""“把”只出现在术语、标题、编号或非句法用例中。"",""候选片段为残片，无法定位受事或谓词。""]","[""只因出现“把”而结构不成立""]","[""目标用例"",""边界问题"",""表层触发但非目标"",""结构缺槽"",""语义不兼容"",""其他具体构式"",""不确定/需复核""]","[""target_status"",""candidate_boundary"",""slot_status"",""structural_functional_status"",""licensed_evidence"",""runtime_evidence"",""rule_source_trace""]",.+把.+一.+，.+,normalized_compiles,REF-GF0025-2021,228,GF0025-2021 PDF p.228,ocr_detected,verified_inventory,false,[],machine_compiled,source_anchored,not_claimed,static_audit_passed,machine_compiled_source_anchored_static_audited
DUV3-GF0025-2021-5-040-01,DiagnosticUnit,DPV3-GF0025-2021-5-040-01,DiagnosticProfile,RBV3-GF0025-2021-5-040-01,GF0025-2021-5-040,【五40】,5,40,句子的类型,特殊句型,被动句,1,01,被动句3：意念被动句,,unsplit_official_entry,,DTV3-TAX-0034C6E99866,taxonomy_instantiated,,0,structural_pattern,(?:意念被动句|被动句),(?:意念被动句|被动句),search,source_literal_retrieval_trigger,,"[""subject_or_topic"",""predicate"",""construction_marker"",""clause_boundary""]","[""候选包含与权威条目 【五40】 对齐的可定位触发线索。"",""候选满足模板槽位：subject_or_topic、predicate、construction_marker、clause_boundary。"",""候选按 structural_pattern 模式实现 句子的类型 / 特殊句型 / 被动句 所规定的语法功能。""]","[""触发线索存在，但候选边界未覆盖完整构式。"",""局部槽位可定位，但至少一个必需槽位仅得到弱支持。""]","[""触发线索只出现在标题、编号、术语或元语言说明中。"",""必需槽位缺失，且上下文不能恢复目标结构或目标功能。""]","[""相同表层形式可能实现 特殊句型 中的非目标功能。"",""相邻构式共享触发形式，但槽位关系或语法功能不同。""]","[""目标用例"",""边界问题"",""表层触发但非目标"",""结构缺槽"",""语义不兼容"",""其他具体构式"",""不确定/需复核""]","[""target_status"",""candidate_boundary"",""slot_status"",""structural_functional_status"",""licensed_evidence"",""runtime_evidence"",""rule_source_trace""]",,not_available_source_literal_runtime,REF-GF0025-2021,,GF0025-2021 PDF pp.176–259,appendix_span_verified,verified_inventory,false,[],machine_compiled,source_anchored,not_claimed,static_audit_passed,machine_compiled_source_anchored_static_audited
DUV3-GF0025-2021-5-041-01,DiagnosticUnit,DPV3-GF0025-2021-5-041-01,DiagnosticProfile,RBV3-GF0025-2021-5-041-01,GF0025-2021-5-041,【五41】,5,41,句子的类型,特殊句型,连动句,1,01,连动句3：前后两个动词性词语具有因果、转折、条件关系,,unsplit_official_entry,,DTV3-SEED-3283B870AA88,seed_reused,连动结构候选,120,structural_pattern,(?:前后两个动词性词语具有因果|条件关系|连动句|转折),(?:前后两个动词性词语具有因果|条件关系|连动句|转折),search,source_literal_retrieval_trigger,,"[""predicate_1"",""shared_argument"",""predicate_2"",""event_relation""]","[""候选片段覆盖连续动作链。"",""两个或多个谓词共享同一主体或存在事件先后/目的关系。""]","[""只截取动作链的一部分时标为边界问题。""]","[""普通动宾结构或单一谓词误触发。""]","[""只有普通动宾关系""]","[""目标用例"",""边界问题"",""表层触发但非目标"",""结构缺槽"",""语义不兼容"",""其他具体构式"",""不确定/需复核""]","[""target_status"",""candidate_boundary"",""slot_status"",""structural_functional_status"",""licensed_evidence"",""runtime_evidence"",""rule_source_trace""]",,not_available_source_literal_runtime,REF-GF0025-2021,,GF0025-2021 PDF pp.176–259,appendix_span_verified,verified_inventory,false,[],machine_compiled,source_anchored,not_claimed,static_audit_passed,machine_compiled_source_anchored_static_audited
DUV3-GF0025-2021-5-042-01,DiagnosticUnit,DPV3-GF0025-2021-5-042-01,DiagnosticProfile,RBV3-GF0025-2021-5-042-01,GF0025-2021-5-042,【五42】,5,42,句子的类型,特殊句型,兼语句,1,01,兼语句3 表致使：主语+叫/令/使/让+人称代词+动词短语,,unsplit_official_entry,,DTV3-SEED-A509368B3BA4,seed_reused,兼语结构候选,120,structural_pattern,(?:人称代词|动词短语|兼语句|表致使|主语|兼语|令|使|叫|让),(?:人称代词|动词短语|兼语句|表致使|主语|兼语|令|使|叫|让),search,source_literal_retrieval_trigger,,"[""predicate_1"",""shared_argument"",""predicate_2"",""event_relation""]","[""候选片段包含或可解释出“兼语结构”相关标记/结构线索。"",""候选片段满足所属语法家族的核心槽位要求：前项谓词、后项谓词、共享论元/兼语、对象、事件链关系。"",""候选片段在原句中承担该语法点的实际语法功能，而非仅有表层词形。""]","[""结构大体可定位但边界过短或过长。"",""标记存在但核心槽位需要结合上下文复核。""]","[""候选片段只是术语、标题、编号、残片或 OCR 混杂内容。"",""只有表层标记，无法构成所属语法家族的核心结构。""]","[""只有表层标记""]","[""目标用例"",""边界问题"",""表层触发但非目标"",""结构缺槽"",""语义不兼容"",""其他具体构式"",""不确定/需复核""]","[""target_status"",""candidate_boundary"",""slot_status"",""structural_functional_status"",""licensed_evidence"",""runtime_evidence"",""rule_source_trace""]",,not_available_source_literal_runtime,REF-GF0025-2021,229,GF0025-2021 PDF p.229,ocr_detected,verified_inventory,false,[],machine_compiled,source_anchored,not_claimed,static_audit_passed,machine_compiled_source_anchored_static_audited
DUV3-GF0025-2021-5-043-01,DiagnosticUnit,DPV3-GF0025-2021-5-043-01,DiagnosticProfile,RBV3-GF0025-2021-5-043-01,GF0025-2021-5-043,【五43】,5,43,句子的类型,特殊句型,比较句,1,01,跟……相比,比较句5,numbered_usage,（1）,DTV3-TAX-D2E82690FE45,taxonomy_instantiated,,0,structural_pattern,(?:跟……相比|相比|跟),跟.+相比,search,normalized_legacy_regex_with_unit_specialization,(?:跟……相比|相比|跟),"[""subject_or_topic"",""predicate"",""construction_marker"",""clause_boundary""]","[""候选包含与权威条目 【五43】 对齐的可定位触发线索。"",""候选满足模板槽位：subject_or_topic、predicate、construction_marker、clause_boundary。"",""候选按 structural_pattern 模式实现 句子的类型 / 特殊句型 / 比较句 所规定的语法功能。""]","[""触发线索存在，但候选边界未覆盖完整构式。"",""局部槽位可定位，但至少一个必需槽位仅得到弱支持。""]","[""触发线索只出现在标题、编号、术语或元语言说明中。"",""必需槽位缺失，且上下文不能恢复目标结构或目标功能。""]","[""相同表层形式可能实现 特殊句型 中的非目标功能。"",""相邻构式共享触发形式，但槽位关系或语法功能不同。""]","[""目标用例"",""边界问题"",""表层触发但非目标"",""结构缺槽"",""语义不兼容"",""其他具体构式"",""不确定/需复核""]","[""target_status"",""candidate_boundary"",""slot_status"",""structural_functional_status"",""licensed_evidence"",""runtime_evidence"",""rule_source_trace""]",跟.+相比,normalized_compiles,REF-GF0025-2021,229,GF0025-2021 PDF p.229,ocr_detected,verified_inventory,false,[],machine_compiled,source_anchored,not_claimed,static_audit_passed,machine_compiled_source_anchored_static_audited
DUV3-GF0025-2021-5-043-02,DiagnosticUnit,DPV3-GF0025-2021-5-043-02,DiagnosticProfile,RBV3-GF0025-2021-5-043-02,GF0025-2021-5-043,【五43】,5,43,句子的类型,特殊句型,比较句,2,02,A+形容词+B+数量补语,比较句5,numbered_usage,（2）,DTV3-TAX-D2E82690FE45,taxonomy_instantiated,,0,structural_pattern,(?:数量补语|形容词),跟.+相比,search,normalized_legacy_regex,,"[""subject_or_topic"",""predicate"",""construction_marker"",""clause_boundary""]","[""候选包含与权威条目 【五43】 对齐的可定位触发线索。"",""候选满足模板槽位：subject_or_topic、predicate、construction_marker、clause_boundary。"",""候选按 structural_pattern 模式实现 句子的类型 / 特殊句型 / 比较句 所规定的语法功能。""]","[""触发线索存在，但候选边界未覆盖完整构式。"",""局部槽位可定位，但至少一个必需槽位仅得到弱支持。""]","[""触发线索只出现在标题、编号、术语或元语言说明中。"",""必需槽位缺失，且上下文不能恢复目标结构或目标功能。""]","[""相同表层形式可能实现 特殊句型 中的非目标功能。"",""相邻构式共享触发形式，但槽位关系或语法功能不同。""]","[""目标用例"",""边界问题"",""表层触发但非目标"",""结构缺槽"",""语义不兼容"",""其他具体构式"",""不确定/需复核""]","[""target_status"",""candidate_boundary"",""slot_status"",""structural_functional_status"",""licensed_evidence"",""runtime_evidence"",""rule_source_trace""]",跟.+相比,normalized_compiles,REF-GF0025-2021,229,GF0025-2021 PDF p.229,ocr_detected,verified_inventory,false,[],machine_compiled,source_anchored,not_claimed,static_audit_passed,machine_compiled_source_anchored_static_audited
DUV3-GF0025-2021-5-044-01,DiagnosticUnit,DPV3-GF0025-2021-5-044-01,DiagnosticProfile,RBV3-GF0025-2021-5-044-01,GF0025-2021-5-044,【五44】,5,44,句子的类型,复句,选择复句,1,01,或是……，或是……,,unsplit_official_entry,,DTV3-TAX-443ED70B27CA,taxonomy_instantiated,,0,structural_pattern,(?:或是),或是.+，或是.+,search,normalized_legacy_regex,,"[""clause_1"",""relation_marker"",""clause_2"",""logical_relation""]","[""候选包含与权威条目 【五44】 对齐的可定位触发线索。"",""候选满足模板槽位：clause_1、relation_marker、clause_2、logical_relation。"",""候选按 structural_pattern 模式实现 句子的类型 / 复句 / 选择复句 所规定的语法功能。""]","[""触发线索存在，但候选边界未覆盖完整构式。"",""局部槽位可定位，但至少一个必需槽位仅得到弱支持。""]","[""触发线索只出现在标题、编号、术语或元语言说明中。"",""必需槽位缺失，且上下文不能恢复目标结构或目标功能。""]","[""相同表层形式可能实现 复句 中的非目标功能。"",""相邻构式共享触发形式，但槽位关系或语法功能不同。""]","[""目标用例"",""边界问题"",""表层触发但非目标"",""结构缺槽"",""语义不兼容"",""其他具体构式"",""不确定/需复核""]","[""target_status"",""candidate_boundary"",""slot_status"",""structural_functional_status"",""licensed_evidence"",""runtime_evidence"",""rule_source_trace""]",或是.+，或是.+,normalized_compiles,REF-GF0025-2021,229,GF0025-2021 PDF p.229,ocr_detected,verified_inventory,false,[],machine_compiled,source_anchored,not_claimed,static_audit_passed,machine_compiled_source_anchored_static_audited
DUV3-GF0025-2021-5-045-01,DiagnosticUnit,DPV3-GF0025-2021-5-045-01,DiagnosticProfile,RBV3-GF0025-2021-5-045-01,GF0025-2021-5-045,【五45】,5,45,句子的类型,复句,转折复句,1,01,尽管……，但是/可是……,,unsplit_official_entry,,DTV3-SEED-6DD5C1FDC6E0,seed_reused,但是候选,105,structural_pattern,(?:但是|可是|尽管),尽管.+，(但是|可是).+,search,normalized_legacy_regex,,"[""clause_1"",""relation_marker_1"",""clause_2"",""relation_marker_2""]","[""候选片段包含或可解释出“但是”相关标记/结构线索。"",""候选片段满足所属语法家族的核心槽位要求：前项关联标记、前项分句、后项关联标记、后项分句、逻辑关系。"",""候选片段在原句中承担该语法点的实际语法功能，而非仅有表层词形。""]","[""结构大体可定位但边界过短或过长。"",""标记存在但核心槽位需要结合上下文复核。""]","[""候选片段只是术语、标题、编号、残片或 OCR 混杂内容。"",""只有表层标记，无法构成所属语法家族的核心结构。""]","[""只有表层标记""]","[""目标用例"",""边界问题"",""表层触发但非目标"",""结构缺槽"",""语义不兼容"",""其他具体构式"",""不确定/需复核""]","[""target_status"",""candidate_boundary"",""slot_status"",""structural_functional_status"",""licensed_evidence"",""runtime_evidence"",""rule_source_trace""]",尽管.+，(但是|可是).+,normalized_compiles,REF-GF0025-2021,229,GF0025-2021 PDF p.229,ocr_detected,verified_inventory,false,[],machine_compiled,source_anchored,not_claimed,static_audit_passed,machine_compiled_source_anchored_static_audited
DUV3-GF0025-2021-5-046-01,DiagnosticUnit,DPV3-GF0025-2021-5-046-01,DiagnosticProfile,RBV3-GF0025-2021-5-046-01,GF0025-2021-5-046,【五46】,5,46,句子的类型,复句,假设复句,1,01,一旦……，就……,,unsplit_official_entry,,DTV3-TAX-2F14DA2C956B,taxonomy_instantiated,,0,structural_pattern,(?:一旦|就),一旦.+，就.+,search,normalized_legacy_regex,,"[""clause_1"",""relation_marker"",""clause_2"",""logical_relation""]","[""候选包含与权威条目 【五46】 对齐的可定位触发线索。"",""候选满足模板槽位：clause_1、relation_marker、clause_2、logical_relation。"",""候选按 structural_pattern 模式实现 句子的类型 / 复句 / 假设复句 所规定的语法功能。""]","[""触发线索存在，但候选边界未覆盖完整构式。"",""局部槽位可定位，但至少一个必需槽位仅得到弱支持。""]","[""触发线索只出现在标题、编号、术语或元语言说明中。"",""必需槽位缺失，且上下文不能恢复目标结构或目标功能。""]","[""相同表层形式可能实现 复句 中的非目标功能。"",""相邻构式共享触发形式，但槽位关系或语法功能不同。""]","[""目标用例"",""边界问题"",""表层触发但非目标"",""结构缺槽"",""语义不兼容"",""其他具体构式"",""不确定/需复核""]","[""target_status"",""candidate_boundary"",""slot_status"",""structural_functional_status"",""licensed_evidence"",""runtime_evidence"",""rule_source_trace""]",一旦.+，就.+,normalized_compiles,REF-GF0025-2021,,GF0025-2021 PDF pp.176–259,appendix_span_verified,verified_inventory,false,[],machine_compiled,source_anchored,not_claimed,static_audit_passed,machine_compiled_source_anchored_static_audited
DUV3-GF0025-2021-5-047-01,DiagnosticUnit,DPV3-GF0025-2021-5-047-01,DiagnosticProfile,RBV3-GF0025-2021-5-047-01,GF0025-2021-5-047,【五47】,5,47,句子的类型,复句,假设复句,1,01,要是……，（就）……，否则……,,unsplit_official_entry,,DTV3-TAX-2F14DA2C956B,taxonomy_instantiated,,0,structural_pattern,(?:否则|要是|就),要是.+，就*.+，否则.+,search,normalized_legacy_regex,,"[""clause_1"",""relation_marker"",""clause_2"",""logical_relation""]","[""候选包含与权威条目 【五47】 对齐的可定位触发线索。"",""候选满足模板槽位：clause_1、relation_marker、clause_2、logical_relation。"",""候选按 structural_pattern 模式实现 句子的类型 / 复句 / 假设复句 所规定的语法功能。""]","[""触发线索存在，但候选边界未覆盖完整构式。"",""局部槽位可定位，但至少一个必需槽位仅得到弱支持。""]","[""触发线索只出现在标题、编号、术语或元语言说明中。"",""必需槽位缺失，且上下文不能恢复目标结构或目标功能。""]","[""相同表层形式可能实现 复句 中的非目标功能。"",""相邻构式共享触发形式，但槽位关系或语法功能不同。""]","[""目标用例"",""边界问题"",""表层触发但非目标"",""结构缺槽"",""语义不兼容"",""其他具体构式"",""不确定/需复核""]","[""target_status"",""candidate_boundary"",""slot_status"",""structural_functional_status"",""licensed_evidence"",""runtime_evidence"",""rule_source_trace""]",要是.+，就*.+，否则.+,normalized_compiles,REF-GF0025-2021,,GF0025-2021 PDF pp.176–259,appendix_span_verified,verified_inventory,false,[],machine_compiled,source_anchored,not_claimed,static_audit_passed,machine_compiled_source_anchored_static_audited
DUV3-GF0025-2021-5-048-01,DiagnosticUnit,DPV3-GF0025-2021-5-048-01,DiagnosticProfile,RBV3-GF0025-2021-5-048-01,GF0025-2021-5-048,【五48】,5,48,句子的类型,复句,条件复句,1,01,除非……，才……,,unsplit_official_entry,,DTV3-TAX-7339286D54C6,taxonomy_instantiated,,0,structural_pattern,(?:除非|才),除非.+，才.+,search,normalized_legacy_regex,,"[""clause_1"",""relation_marker"",""clause_2"",""logical_relation""]","[""候选包含与权威条目 【五48】 对齐的可定位触发线索。"",""候选满足模板槽位：clause_1、relation_marker、clause_2、logical_relation。"",""候选按 structural_pattern 模式实现 句子的类型 / 复句 / 条件复句 所规定的语法功能。""]","[""触发线索存在，但候选边界未覆盖完整构式。"",""局部槽位可定位，但至少一个必需槽位仅得到弱支持。""]","[""触发线索只出现在标题、编号、术语或元语言说明中。"",""必需槽位缺失，且上下文不能恢复目标结构或目标功能。""]","[""相同表层形式可能实现 复句 中的非目标功能。"",""相邻构式共享触发形式，但槽位关系或语法功能不同。""]","[""目标用例"",""边界问题"",""表层触发但非目标"",""结构缺槽"",""语义不兼容"",""其他具体构式"",""不确定/需复核""]","[""target_status"",""candidate_boundary"",""slot_status"",""structural_functional_status"",""licensed_evidence"",""runtime_evidence"",""rule_source_trace""]",除非.+，才.+,normalized_compiles,REF-GF0025-2021,230,GF0025-2021 PDF p.230,ocr_detected,verified_inventory,false,[],machine_compiled,source_anchored,not_claimed,static_audit_passed,machine_compiled_source_anchored_static_audited
DUV3-GF0025-2021-5-049-01,DiagnosticUnit,DPV3-GF0025-2021-5-049-01,DiagnosticProfile,RBV3-GF0025-2021-5-049-01,GF0025-2021-5-049,【五49】,5,49,句子的类型,复句,条件复句,1,01,除非……，否则/不然……,,unsplit_official_entry,,DTV3-TAX-7339286D54C6,taxonomy_instantiated,,0,structural_pattern,(?:不然|否则|除非),除非.+，(否则|不然).+,search,normalized_legacy_regex,,"[""clause_1"",""relation_marker"",""clause_2"",""logical_relation""]","[""候选包含与权威条目 【五49】 对齐的可定位触发线索。"",""候选满足模板槽位：clause_1、relation_marker、clause_2、logical_relation。"",""候选按 structural_pattern 模式实现 句子的类型 / 复句 / 条件复句 所规定的语法功能。""]","[""触发线索存在，但候选边界未覆盖完整构式。"",""局部槽位可定位，但至少一个必需槽位仅得到弱支持。""]","[""触发线索只出现在标题、编号、术语或元语言说明中。"",""必需槽位缺失，且上下文不能恢复目标结构或目标功能。""]","[""相同表层形式可能实现 复句 中的非目标功能。"",""相邻构式共享触发形式，但槽位关系或语法功能不同。""]","[""目标用例"",""边界问题"",""表层触发但非目标"",""结构缺槽"",""语义不兼容"",""其他具体构式"",""不确定/需复核""]","[""target_status"",""candidate_boundary"",""slot_status"",""structural_functional_status"",""licensed_evidence"",""runtime_evidence"",""rule_source_trace""]",除非.+，(否则|不然).+,normalized_compiles,REF-GF0025-2021,230,GF0025-2021 PDF p.230,ocr_detected,verified_inventory,false,[],machine_compiled,source_anchored,not_claimed,static_audit_passed,machine_compiled_source_anchored_static_audited
DUV3-GF0025-2021-5-050-01,DiagnosticUnit,DPV3-GF0025-2021-5-050-01,DiagnosticProfile,RBV3-GF0025-2021-5-050-01,GF0025-2021-5-050,【五50】,5,50,句子的类型,复句,因果复句,1,01,……，因而……,,unsplit_official_entry,,DTV3-TAX-4570B4C831CD,taxonomy_instantiated,,0,structural_pattern,(?:因而),.+，因而.+,search,normalized_legacy_regex,,"[""clause_1"",""relation_marker"",""clause_2"",""logical_relation""]","[""候选包含与权威条目 【五50】 对齐的可定位触发线索。"",""候选满足模板槽位：clause_1、relation_marker、clause_2、logical_relation。"",""候选按 structural_pattern 模式实现 句子的类型 / 复句 / 因果复句 所规定的语法功能。""]","[""触发线索存在，但候选边界未覆盖完整构式。"",""局部槽位可定位，但至少一个必需槽位仅得到弱支持。""]","[""触发线索只出现在标题、编号、术语或元语言说明中。"",""必需槽位缺失，且上下文不能恢复目标结构或目标功能。""]","[""相同表层形式可能实现 复句 中的非目标功能。"",""相邻构式共享触发形式，但槽位关系或语法功能不同。""]","[""目标用例"",""边界问题"",""表层触发但非目标"",""结构缺槽"",""语义不兼容"",""其他具体构式"",""不确定/需复核""]","[""target_status"",""candidate_boundary"",""slot_status"",""structural_functional_status"",""licensed_evidence"",""runtime_evidence"",""rule_source_trace""]",.+，因而.+,normalized_compiles,REF-GF0025-2021,230,GF0025-2021 PDF p.230,ocr_detected,verified_inventory,false,[],machine_compiled,source_anchored,not_claimed,static_audit_passed,machine_compiled_source_anchored_static_audited
DUV3-GF0025-2021-5-051-01,DiagnosticUnit,DPV3-GF0025-2021-5-051-01,DiagnosticProfile,RBV3-GF0025-2021-5-051-01,GF0025-2021-5-051,【五51】,5,51,句子的类型,复句,让步复句,1,01,即使……，也……,,unsplit_official_entry,,DTV3-SEED-799BB5BE33D8,seed_reused,即使候选,105,structural_pattern,(?:即使|也),即使.+，也.+,search,normalized_legacy_regex,,"[""clause_1"",""relation_marker_1"",""clause_2"",""relation_marker_2""]","[""候选片段包含或可解释出“即使”相关标记/结构线索。"",""候选片段满足所属语法家族的核心槽位要求：前项关联标记、前项分句、后项关联标记、后项分句、逻辑关系。"",""候选片段在原句中承担该语法点的实际语法功能，而非仅有表层词形。""]","[""结构大体可定位但边界过短或过长。"",""标记存在但核心槽位需要结合上下文复核。""]","[""候选片段只是术语、标题、编号、残片或 OCR 混杂内容。"",""只有表层标记，无法构成所属语法家族的核心结构。""]","[""只有表层标记""]","[""目标用例"",""边界问题"",""表层触发但非目标"",""结构缺槽"",""语义不兼容"",""其他具体构式"",""不确定/需复核""]","[""target_status"",""candidate_boundary"",""slot_status"",""structural_functional_status"",""licensed_evidence"",""runtime_evidence"",""rule_source_trace""]",即使.+，也.+,normalized_compiles,REF-GF0025-2021,,GF0025-2021 PDF pp.176–259,appendix_span_verified,verified_inventory,false,[],machine_compiled,source_anchored,not_claimed,static_audit_passed,machine_compiled_source_anchored_static_audited
DUV3-GF0025-2021-5-052-01,DiagnosticUnit,DPV3-GF0025-2021-5-052-01,DiagnosticProfile,RBV3-GF0025-2021-5-052-01,GF0025-2021-5-052,【五52】,5,52,句子的类型,复句,目的复句,1,01,……，为的是……,,unsplit_official_entry,,DTV3-TAX-CE72822A7F69,taxonomy_instantiated,,0,structural_pattern,(?:为的是),.+，为的是.+,search,normalized_legacy_regex,,"[""clause_1"",""relation_marker"",""clause_2"",""logical_relation""]","[""候选包含与权威条目 【五52】 对齐的可定位触发线索。"",""候选满足模板槽位：clause_1、relation_marker、clause_2、logical_relation。"",""候选按 structural_pattern 模式实现 句子的类型 / 复句 / 目的复句 所规定的语法功能。""]","[""触发线索存在，但候选边界未覆盖完整构式。"",""局部槽位可定位，但至少一个必需槽位仅得到弱支持。""]","[""触发线索只出现在标题、编号、术语或元语言说明中。"",""必需槽位缺失，且上下文不能恢复目标结构或目标功能。""]","[""相同表层形式可能实现 复句 中的非目标功能。"",""相邻构式共享触发形式，但槽位关系或语法功能不同。""]","[""目标用例"",""边界问题"",""表层触发但非目标"",""结构缺槽"",""语义不兼容"",""其他具体构式"",""不确定/需复核""]","[""target_status"",""candidate_boundary"",""slot_status"",""structural_functional_status"",""licensed_evidence"",""runtime_evidence"",""rule_source_trace""]",.+，为的是.+,normalized_compiles,REF-GF0025-2021,230,GF0025-2021 PDF p.230,ocr_detected,verified_inventory,false,[],machine_compiled,source_anchored,not_claimed,static_audit_passed,machine_compiled_source_anchored_static_audited
DUV3-GF0025-2021-5-053-01,DiagnosticUnit,DPV3-GF0025-2021-5-053-01,DiagnosticProfile,RBV3-GF0025-2021-5-053-01,GF0025-2021-5-053,【五53】,5,53,句子的类型,复句,目的复句,1,01,……，以便……,,unsplit_official_entry,,DTV3-TAX-CE72822A7F69,taxonomy_instantiated,,0,structural_pattern,(?:以便),.+，以便.+,search,normalized_legacy_regex,,"[""clause_1"",""relation_marker"",""clause_2"",""logical_relation""]","[""候选包含与权威条目 【五53】 对齐的可定位触发线索。"",""候选满足模板槽位：clause_1、relation_marker、clause_2、logical_relation。"",""候选按 structural_pattern 模式实现 句子的类型 / 复句 / 目的复句 所规定的语法功能。""]","[""触发线索存在，但候选边界未覆盖完整构式。"",""局部槽位可定位，但至少一个必需槽位仅得到弱支持。""]","[""触发线索只出现在标题、编号、术语或元语言说明中。"",""必需槽位缺失，且上下文不能恢复目标结构或目标功能。""]","[""相同表层形式可能实现 复句 中的非目标功能。"",""相邻构式共享触发形式，但槽位关系或语法功能不同。""]","[""目标用例"",""边界问题"",""表层触发但非目标"",""结构缺槽"",""语义不兼容"",""其他具体构式"",""不确定/需复核""]","[""target_status"",""candidate_boundary"",""slot_status"",""structural_functional_status"",""licensed_evidence"",""runtime_evidence"",""rule_source_trace""]",.+，以便.+,normalized_compiles,REF-GF0025-2021,230,GF0025-2021 PDF p.230,ocr_detected,verified_inventory,false,[],machine_compiled,source_anchored,not_claimed,static_audit_passed,machine_compiled_source_anchored_static_audited
DUV3-GF0025-2021-5-054-01,DiagnosticUnit,DPV3-GF0025-2021-5-054-01,DiagnosticProfile,RBV3-GF0025-2021-5-054-01,GF0025-2021-5-054,【五54】,5,54,句子的类型,复句,紧缩复句,1,01,没有……就没有……,,unsplit_official_entry,,DTV3-TAX-1091FC162FDB,taxonomy_instantiated,,0,structural_pattern,(?:就没有|没有),没有.+就没有.+,search,normalized_legacy_regex,,"[""clause_1"",""relation_marker"",""clause_2"",""logical_relation""]","[""候选包含与权威条目 【五54】 对齐的可定位触发线索。"",""候选满足模板槽位：clause_1、relation_marker、clause_2、logical_relation。"",""候选按 structural_pattern 模式实现 句子的类型 / 复句 / 紧缩复句 所规定的语法功能。""]","[""触发线索存在，但候选边界未覆盖完整构式。"",""局部槽位可定位，但至少一个必需槽位仅得到弱支持。""]","[""触发线索只出现在标题、编号、术语或元语言说明中。"",""必需槽位缺失，且上下文不能恢复目标结构或目标功能。""]","[""相同表层形式可能实现 复句 中的非目标功能。"",""相邻构式共享触发形式，但槽位关系或语法功能不同。""]","[""目标用例"",""边界问题"",""表层触发但非目标"",""结构缺槽"",""语义不兼容"",""其他具体构式"",""不确定/需复核""]","[""target_status"",""candidate_boundary"",""slot_status"",""structural_functional_status"",""licensed_evidence"",""runtime_evidence"",""rule_source_trace""]",没有.+就没有.+,normalized_compiles,REF-GF0025-2021,230,GF0025-2021 PDF p.230,ocr_detected,verified_inventory,false,[],machine_compiled,source_anchored,not_claimed,static_audit_passed,machine_compiled_source_anchored_static_audited
DUV3-GF0025-2021-5-055-01,DiagnosticUnit,DPV3-GF0025-2021-5-055-01,DiagnosticProfile,RBV3-GF0025-2021-5-055-01,GF0025-2021-5-055,【五55】,5,55,句子的类型,复句,紧缩复句,1,01,再……也……,,unsplit_official_entry,,DTV3-TAX-1091FC162FDB,taxonomy_instantiated,,0,structural_pattern,(?:再……也……|也|再),再.+也.+,search,normalized_legacy_regex,,"[""clause_1"",""relation_marker"",""clause_2"",""logical_relation""]","[""候选包含与权威条目 【五55】 对齐的可定位触发线索。"",""候选满足模板槽位：clause_1、relation_marker、clause_2、logical_relation。"",""候选按 structural_pattern 模式实现 句子的类型 / 复句 / 紧缩复句 所规定的语法功能。""]","[""触发线索存在，但候选边界未覆盖完整构式。"",""局部槽位可定位，但至少一个必需槽位仅得到弱支持。""]","[""触发线索只出现在标题、编号、术语或元语言说明中。"",""必需槽位缺失，且上下文不能恢复目标结构或目标功能。""]","[""相同表层形式可能实现 复句 中的非目标功能。"",""相邻构式共享触发形式，但槽位关系或语法功能不同。""]","[""目标用例"",""边界问题"",""表层触发但非目标"",""结构缺槽"",""语义不兼容"",""其他具体构式"",""不确定/需复核""]","[""target_status"",""candidate_boundary"",""slot_status"",""structural_functional_status"",""licensed_evidence"",""runtime_evidence"",""rule_source_trace""]",再.+也.+,normalized_compiles,REF-GF0025-2021,,GF0025-2021 PDF pp.176–259,appendix_span_verified,verified_inventory,false,[],machine_compiled,source_anchored,not_claimed,static_audit_passed,machine_compiled_source_anchored_static_audited
DUV3-GF0025-2021-5-056-01,DiagnosticUnit,DPV3-GF0025-2021-5-056-01,DiagnosticProfile,RBV3-GF0025-2021-5-056-01,GF0025-2021-5-056,【五56】,5,56,句子的类型,复句,多重复句,1,01,二重复句1：单句+复句；复句+单句,,unsplit_official_entry,,DTV3-TAX-E96770519FFC,taxonomy_instantiated,,0,structural_pattern,(?:二重复句|单句|复句),(?:二重复句|单句|复句),search,source_literal_retrieval_trigger,,"[""clause_1"",""relation_marker"",""clause_2"",""logical_relation""]","[""候选包含与权威条目 【五56】 对齐的可定位触发线索。"",""候选满足模板槽位：clause_1、relation_marker、clause_2、logical_relation。"",""候选按 structural_pattern 模式实现 句子的类型 / 复句 / 多重复句 所规定的语法功能。""]","[""触发线索存在，但候选边界未覆盖完整构式。"",""局部槽位可定位，但至少一个必需槽位仅得到弱支持。""]","[""触发线索只出现在标题、编号、术语或元语言说明中。"",""必需槽位缺失，且上下文不能恢复目标结构或目标功能。""]","[""相同表层形式可能实现 复句 中的非目标功能。"",""相邻构式共享触发形式，但槽位关系或语法功能不同。""]","[""目标用例"",""边界问题"",""表层触发但非目标"",""结构缺槽"",""语义不兼容"",""其他具体构式"",""不确定/需复核""]","[""target_status"",""candidate_boundary"",""slot_status"",""structural_functional_status"",""licensed_evidence"",""runtime_evidence"",""rule_source_trace""]",,not_available_source_literal_runtime,REF-GF0025-2021,231,GF0025-2021 PDF p.231,ocr_detected,verified_inventory,false,[],machine_compiled,source_anchored,not_claimed,static_audit_passed,machine_compiled_source_anchored_static_audited
DUV3-GF0025-2021-5-057-01,DiagnosticUnit,DPV3-GF0025-2021-5-057-01,DiagnosticProfile,RBV3-GF0025-2021-5-057-01,GF0025-2021-5-057,【五57】,5,57,强调的方法,未细分,,1,01,用“再也不/没”表示强调,,unsplit_official_entry,,DTV3-POINT-D6D4C2E3302B,point_specific_instantiated,,0,complex_functional,(?:再也不|强调|没|用),再也(不|没),search,normalized_legacy_regex,,"[""focus_expression"",""focus_marker"",""proposition""]","[""候选包含与权威条目 【五57】 对齐的可定位触发线索。"",""候选满足模板槽位：focus_expression、focus_marker、proposition。"",""候选按 complex_functional 模式实现 强调的方法 / 未细分 / 未列小项 所规定的语法功能。""]","[""触发线索存在，但候选边界未覆盖完整构式。"",""局部槽位可定位，但至少一个必需槽位仅得到弱支持。""]","[""触发线索只出现在标题、编号、术语或元语言说明中。"",""必需槽位缺失，且上下文不能恢复目标结构或目标功能。""]","[""相同表层形式可能实现 未细分 中的非目标功能。"",""相邻构式共享触发形式，但槽位关系或语法功能不同。""]","[""目标用例"",""边界问题"",""表层触发但非目标"",""结构缺槽"",""语义不兼容"",""其他具体构式"",""不确定/需复核""]","[""target_status"",""candidate_boundary"",""slot_status"",""structural_functional_status"",""licensed_evidence"",""runtime_evidence"",""rule_source_trace""]",再也(不|没),normalized_compiles,REF-GF0025-2021,231,GF0025-2021 PDF p.231,ocr_detected,verified_inventory,false,[],machine_compiled,source_anchored,not_claimed,static_audit_passed,machine_compiled_source_anchored_static_audited
DUV3-GF0025-2021-5-058-01,DiagnosticUnit,DPV3-GF0025-2021-5-058-01,DiagnosticProfile,RBV3-GF0025-2021-5-058-01,GF0025-2021-5-058,【五58】,5,58,强调的方法,未细分,,1,01,用副词“可”表示强调,,unsplit_official_entry,,DTV3-POINT-0E17506B3CE3,point_specific_instantiated,,0,complex_functional,(?:用副词|强调|可),(?:用副词|强调|可),search,source_literal_retrieval_trigger,,"[""focus_expression"",""focus_marker"",""proposition""]","[""候选包含与权威条目 【五58】 对齐的可定位触发线索。"",""候选满足模板槽位：focus_expression、focus_marker、proposition。"",""候选按 complex_functional 模式实现 强调的方法 / 未细分 / 未列小项 所规定的语法功能。""]","[""触发线索存在，但候选边界未覆盖完整构式。"",""局部槽位可定位，但至少一个必需槽位仅得到弱支持。""]","[""触发线索只出现在标题、编号、术语或元语言说明中。"",""必需槽位缺失，且上下文不能恢复目标结构或目标功能。""]","[""相同表层形式可能实现 未细分 中的非目标功能。"",""相邻构式共享触发形式，但槽位关系或语法功能不同。""]","[""目标用例"",""边界问题"",""表层触发但非目标"",""结构缺槽"",""语义不兼容"",""其他具体构式"",""不确定/需复核""]","[""target_status"",""candidate_boundary"",""slot_status"",""structural_functional_status"",""licensed_evidence"",""runtime_evidence"",""rule_source_trace""]",,not_available_source_literal_runtime,REF-GF0025-2021,231,GF0025-2021 PDF p.231,ocr_detected,verified_inventory,false,[],machine_compiled,source_anchored,not_claimed,static_audit_passed,machine_compiled_source_anchored_static_audited
DUV3-GF0025-2021-5-059-01,DiagnosticUnit,DPV3-GF0025-2021-5-059-01,DiagnosticProfile,RBV3-GF0025-2021-5-059-01,GF0025-2021-5-059,【五59】,5,59,强调的方法,未细分,,1,01,用“怎么都/也+不/没”表示强调,,unsplit_official_entry,,DTV3-POINT-619F8D6EB43C,point_specific_instantiated,,0,complex_functional,(?:怎么都|强调|不|也|没|用),怎么(都|也)(不|没),search,normalized_legacy_regex,,"[""focus_expression"",""focus_marker"",""proposition""]","[""候选包含与权威条目 【五59】 对齐的可定位触发线索。"",""候选满足模板槽位：focus_expression、focus_marker、proposition。"",""候选按 complex_functional 模式实现 强调的方法 / 未细分 / 未列小项 所规定的语法功能。""]","[""触发线索存在，但候选边界未覆盖完整构式。"",""局部槽位可定位，但至少一个必需槽位仅得到弱支持。""]","[""触发线索只出现在标题、编号、术语或元语言说明中。"",""必需槽位缺失，且上下文不能恢复目标结构或目标功能。""]","[""相同表层形式可能实现 未细分 中的非目标功能。"",""相邻构式共享触发形式，但槽位关系或语法功能不同。""]","[""目标用例"",""边界问题"",""表层触发但非目标"",""结构缺槽"",""语义不兼容"",""其他具体构式"",""不确定/需复核""]","[""target_status"",""candidate_boundary"",""slot_status"",""structural_functional_status"",""licensed_evidence"",""runtime_evidence"",""rule_source_trace""]",怎么(都|也)(不|没),normalized_compiles,REF-GF0025-2021,231,GF0025-2021 PDF p.231,ocr_detected,verified_inventory,false,[],machine_compiled,source_anchored,not_claimed,static_audit_passed,machine_compiled_source_anchored_static_audited
DUV3-GF0025-2021-5-060-01,DiagnosticUnit,DPV3-GF0025-2021-5-060-01,DiagnosticProfile,RBV3-GF0025-2021-5-060-01,GF0025-2021-5-060,【五60】,5,60,口语格式,未细分,,1,01,X也不是，Y也不是,,unsplit_official_entry,,DTV3-POINT-1A033788F938,point_specific_instantiated,,0,structural_pattern,(?:也不是),"[一-龥]{1,2}也不是，[一-龥]{1,2}也不是",search,normalized_legacy_regex,,"[""fixed_marker"",""internal_slot"",""construction_boundary""]","[""候选包含与权威条目 【五60】 对齐的可定位触发线索。"",""候选满足模板槽位：fixed_marker、internal_slot、construction_boundary。"",""候选按 structural_pattern 模式实现 口语格式 / 未细分 / 未列小项 所规定的语法功能。""]","[""触发线索存在，但候选边界未覆盖完整构式。"",""局部槽位可定位，但至少一个必需槽位仅得到弱支持。""]","[""触发线索只出现在标题、编号、术语或元语言说明中。"",""必需槽位缺失，且上下文不能恢复目标结构或目标功能。""]","[""相同表层形式可能实现 未细分 中的非目标功能。"",""相邻构式共享触发形式，但槽位关系或语法功能不同。""]","[""目标用例"",""边界问题"",""表层触发但非目标"",""结构缺槽"",""语义不兼容"",""其他具体构式"",""不确定/需复核""]","[""target_status"",""candidate_boundary"",""slot_status"",""structural_functional_status"",""licensed_evidence"",""runtime_evidence"",""rule_source_trace""]","[一-龥]{1,2}也不是，[一-龥]{1,2}也不是",normalized_compiles,REF-GF0025-2021,,GF0025-2021 PDF pp.176–259,appendix_span_verified,verified_inventory,false,[],machine_compiled,source_anchored,not_claimed,static_audit_passed,machine_compiled_source_anchored_static_audited
DUV3-GF0025-2021-5-061-01,DiagnosticUnit,DPV3-GF0025-2021-5-061-01,DiagnosticProfile,RBV3-GF0025-2021-5-061-01,GF0025-2021-5-061,【五61】,5,61,口语格式,未细分,,1,01,X也X不得，Y也Y不得,,unsplit_official_entry,,DTV3-POINT-8BE8DA89448E,point_specific_instantiated,,0,structural_pattern,(?:不得|也),"([一-龥]{1,2})也\1不得，([一-龥]{1,2})也\2不得",search,normalized_legacy_regex,,"[""fixed_marker"",""internal_slot"",""construction_boundary""]","[""候选包含与权威条目 【五61】 对齐的可定位触发线索。"",""候选满足模板槽位：fixed_marker、internal_slot、construction_boundary。"",""候选按 structural_pattern 模式实现 口语格式 / 未细分 / 未列小项 所规定的语法功能。""]","[""触发线索存在，但候选边界未覆盖完整构式。"",""局部槽位可定位，但至少一个必需槽位仅得到弱支持。""]","[""触发线索只出现在标题、编号、术语或元语言说明中。"",""必需槽位缺失，且上下文不能恢复目标结构或目标功能。""]","[""相同表层形式可能实现 未细分 中的非目标功能。"",""相邻构式共享触发形式，但槽位关系或语法功能不同。""]","[""目标用例"",""边界问题"",""表层触发但非目标"",""结构缺槽"",""语义不兼容"",""其他具体构式"",""不确定/需复核""]","[""target_status"",""candidate_boundary"",""slot_status"",""structural_functional_status"",""licensed_evidence"",""runtime_evidence"",""rule_source_trace""]","([一-龥]{1,2})也\1不得，([一-龥]{1,2})也\2不得",normalized_compiles,REF-GF0025-2021,,GF0025-2021 PDF pp.176–259,appendix_span_verified,verified_inventory,false,[],machine_compiled,source_anchored,not_claimed,static_audit_passed,machine_compiled_source_anchored_static_audited
DUV3-GF0025-2021-5-062-01,DiagnosticUnit,DPV3-GF0025-2021-5-062-01,DiagnosticProfile,RBV3-GF0025-2021-5-062-01,GF0025-2021-5-062,【五62】,5,62,口语格式,未细分,,1,01,X是它，Y也是它,,unsplit_official_entry,,DTV3-POINT-6BAA0FEAB1E9,point_specific_instantiated,,0,structural_pattern,(?:也是它|是它),[一-龥]+是它，[一-龥]+也是它,search,normalized_legacy_regex,,"[""fixed_marker"",""internal_slot"",""construction_boundary""]","[""候选包含与权威条目 【五62】 对齐的可定位触发线索。"",""候选满足模板槽位：fixed_marker、internal_slot、construction_boundary。"",""候选按 structural_pattern 模式实现 口语格式 / 未细分 / 未列小项 所规定的语法功能。""]","[""触发线索存在，但候选边界未覆盖完整构式。"",""局部槽位可定位，但至少一个必需槽位仅得到弱支持。""]","[""触发线索只出现在标题、编号、术语或元语言说明中。"",""必需槽位缺失，且上下文不能恢复目标结构或目标功能。""]","[""相同表层形式可能实现 未细分 中的非目标功能。"",""相邻构式共享触发形式，但槽位关系或语法功能不同。""]","[""目标用例"",""边界问题"",""表层触发但非目标"",""结构缺槽"",""语义不兼容"",""其他具体构式"",""不确定/需复核""]","[""target_status"",""candidate_boundary"",""slot_status"",""structural_functional_status"",""licensed_evidence"",""runtime_evidence"",""rule_source_trace""]",[一-龥]+是它，[一-龥]+也是它,normalized_compiles,REF-GF0025-2021,232,GF0025-2021 PDF p.232,ocr_detected,verified_inventory,false,[],machine_compiled,source_anchored,not_claimed,static_audit_passed,machine_compiled_source_anchored_static_audited
DUV3-GF0025-2021-5-063-01,DiagnosticUnit,DPV3-GF0025-2021-5-063-01,DiagnosticProfile,RBV3-GF0025-2021-5-063-01,GF0025-2021-5-063,【五63】,5,63,口语格式,未细分,,1,01,X着也是X着,,unsplit_official_entry,,DTV3-POINT-6EB1BD859A25,point_specific_instantiated,,0,structural_pattern,(?:X着也是X着|着也是|着),"([一-龥]{1,2})着也是\1着",search,normalized_legacy_regex,,"[""fixed_marker"",""internal_slot"",""construction_boundary""]","[""候选包含与权威条目 【五63】 对齐的可定位触发线索。"",""候选满足模板槽位：fixed_marker、internal_slot、construction_boundary。"",""候选按 structural_pattern 模式实现 口语格式 / 未细分 / 未列小项 所规定的语法功能。""]","[""触发线索存在，但候选边界未覆盖完整构式。"",""局部槽位可定位，但至少一个必需槽位仅得到弱支持。""]","[""触发线索只出现在标题、编号、术语或元语言说明中。"",""必需槽位缺失，且上下文不能恢复目标结构或目标功能。""]","[""相同表层形式可能实现 未细分 中的非目标功能。"",""相邻构式共享触发形式，但槽位关系或语法功能不同。""]","[""目标用例"",""边界问题"",""表层触发但非目标"",""结构缺槽"",""语义不兼容"",""其他具体构式"",""不确定/需复核""]","[""target_status"",""candidate_boundary"",""slot_status"",""structural_functional_status"",""licensed_evidence"",""runtime_evidence"",""rule_source_trace""]","([一-龥]{1,2})着也是\1着",normalized_compiles,REF-GF0025-2021,232,GF0025-2021 PDF p.232,ocr_detected,verified_inventory,false,[],machine_compiled,source_anchored,not_claimed,static_audit_passed,machine_compiled_source_anchored_static_audited
DUV3-GF0025-2021-5-064-01,DiagnosticUnit,DPV3-GF0025-2021-5-064-01,DiagnosticProfile,RBV3-GF0025-2021-5-064-01,GF0025-2021-5-064,【五64】,5,64,口语格式,未细分,,1,01,X归X，Y归Y,,unsplit_official_entry,,DTV3-POINT-820C1DBBD39E,point_specific_instantiated,,0,structural_pattern,(?:归),([一-龥]+)归\1，([一-龥]+)归\2,search,normalized_legacy_regex,,"[""fixed_marker"",""internal_slot"",""construction_boundary""]","[""候选包含与权威条目 【五64】 对齐的可定位触发线索。"",""候选满足模板槽位：fixed_marker、internal_slot、construction_boundary。"",""候选按 structural_pattern 模式实现 口语格式 / 未细分 / 未列小项 所规定的语法功能。""]","[""触发线索存在，但候选边界未覆盖完整构式。"",""局部槽位可定位，但至少一个必需槽位仅得到弱支持。""]","[""触发线索只出现在标题、编号、术语或元语言说明中。"",""必需槽位缺失，且上下文不能恢复目标结构或目标功能。""]","[""相同表层形式可能实现 未细分 中的非目标功能。"",""相邻构式共享触发形式，但槽位关系或语法功能不同。""]","[""目标用例"",""边界问题"",""表层触发但非目标"",""结构缺槽"",""语义不兼容"",""其他具体构式"",""不确定/需复核""]","[""target_status"",""candidate_boundary"",""slot_status"",""structural_functional_status"",""licensed_evidence"",""runtime_evidence"",""rule_source_trace""]",([一-龥]+)归\1，([一-龥]+)归\2,normalized_compiles,REF-GF0025-2021,232,GF0025-2021 PDF p.232,ocr_detected,verified_inventory,false,[],machine_compiled,source_anchored,not_claimed,static_audit_passed,machine_compiled_source_anchored_static_audited
DUV3-GF0025-2021-5-065-01,DiagnosticUnit,DPV3-GF0025-2021-5-065-01,DiagnosticProfile,RBV3-GF0025-2021-5-065-01,GF0025-2021-5-065,【五65】,5,65,口语格式,未细分,,1,01,不管怎样说,,unsplit_official_entry,,DTV3-POINT-A13888A7D477,point_specific_instantiated,,0,structural_pattern,(?:不管怎样说),不管怎样说,search,normalized_legacy_regex,,"[""fixed_marker"",""internal_slot"",""construction_boundary""]","[""候选包含与权威条目 【五65】 对齐的可定位触发线索。"",""候选满足模板槽位：fixed_marker、internal_slot、construction_boundary。"",""候选按 structural_pattern 模式实现 口语格式 / 未细分 / 未列小项 所规定的语法功能。""]","[""触发线索存在，但候选边界未覆盖完整构式。"",""局部槽位可定位，但至少一个必需槽位仅得到弱支持。""]","[""触发线索只出现在标题、编号、术语或元语言说明中。"",""必需槽位缺失，且上下文不能恢复目标结构或目标功能。""]","[""相同表层形式可能实现 未细分 中的非目标功能。"",""相邻构式共享触发形式，但槽位关系或语法功能不同。""]","[""目标用例"",""边界问题"",""表层触发但非目标"",""结构缺槽"",""语义不兼容"",""其他具体构式"",""不确定/需复核""]","[""target_status"",""candidate_boundary"",""slot_status"",""structural_functional_status"",""licensed_evidence"",""runtime_evidence"",""rule_source_trace""]",不管怎样说,normalized_compiles,REF-GF0025-2021,,GF0025-2021 PDF pp.176–259,appendix_span_verified,verified_inventory,false,[],machine_compiled,source_anchored,not_claimed,static_audit_passed,machine_compiled_source_anchored_static_audited
DUV3-GF0025-2021-5-066-01,DiagnosticUnit,DPV3-GF0025-2021-5-066-01,DiagnosticProfile,RBV3-GF0025-2021-5-066-01,GF0025-2021-5-066,【五66】,5,66,口语格式,未细分,,1,01,看你X的/瞧他X的,,unsplit_official_entry,,DTV3-POINT-3B3747BBA54F,point_specific_instantiated,,0,structural_pattern,(?:看你|瞧他|的),"看你[一-龥]{1,2}的|瞧他[一-龥]{1,2}的",search,normalized_legacy_regex,,"[""fixed_marker"",""internal_slot"",""construction_boundary""]","[""候选包含与权威条目 【五66】 对齐的可定位触发线索。"",""候选满足模板槽位：fixed_marker、internal_slot、construction_boundary。"",""候选按 structural_pattern 模式实现 口语格式 / 未细分 / 未列小项 所规定的语法功能。""]","[""触发线索存在，但候选边界未覆盖完整构式。"",""局部槽位可定位，但至少一个必需槽位仅得到弱支持。""]","[""触发线索只出现在标题、编号、术语或元语言说明中。"",""必需槽位缺失，且上下文不能恢复目标结构或目标功能。""]","[""相同表层形式可能实现 未细分 中的非目标功能。"",""相邻构式共享触发形式，但槽位关系或语法功能不同。""]","[""目标用例"",""边界问题"",""表层触发但非目标"",""结构缺槽"",""语义不兼容"",""其他具体构式"",""不确定/需复核""]","[""target_status"",""candidate_boundary"",""slot_status"",""structural_functional_status"",""licensed_evidence"",""runtime_evidence"",""rule_source_trace""]","看你[一-龥]{1,2}的|瞧他[一-龥]{1,2}的",normalized_compiles,REF-GF0025-2021,,GF0025-2021 PDF pp.176–259,appendix_span_verified,verified_inventory,false,[],machine_compiled,source_anchored,not_claimed,static_audit_passed,machine_compiled_source_anchored_static_audited
DUV3-GF0025-2021-5-067-01,DiagnosticUnit,DPV3-GF0025-2021-5-067-01,DiagnosticProfile,RBV3-GF0025-2021-5-067-01,GF0025-2021-5-067,【五67】,5,67,口语格式,未细分,,1,01,真有你/他/她的,,unsplit_official_entry,,DTV3-POINT-89F28D6C8A06,point_specific_instantiated,,0,structural_pattern,(?:真有你|她的|他),真有(你|他|她)的,search,normalized_legacy_regex,,"[""fixed_marker"",""internal_slot"",""construction_boundary""]","[""候选包含与权威条目 【五67】 对齐的可定位触发线索。"",""候选满足模板槽位：fixed_marker、internal_slot、construction_boundary。"",""候选按 structural_pattern 模式实现 口语格式 / 未细分 / 未列小项 所规定的语法功能。""]","[""触发线索存在，但候选边界未覆盖完整构式。"",""局部槽位可定位，但至少一个必需槽位仅得到弱支持。""]","[""触发线索只出现在标题、编号、术语或元语言说明中。"",""必需槽位缺失，且上下文不能恢复目标结构或目标功能。""]","[""相同表层形式可能实现 未细分 中的非目标功能。"",""相邻构式共享触发形式，但槽位关系或语法功能不同。""]","[""目标用例"",""边界问题"",""表层触发但非目标"",""结构缺槽"",""语义不兼容"",""其他具体构式"",""不确定/需复核""]","[""target_status"",""candidate_boundary"",""slot_status"",""structural_functional_status"",""licensed_evidence"",""runtime_evidence"",""rule_source_trace""]",真有(你|他|她)的,normalized_compiles,REF-GF0025-2021,232,GF0025-2021 PDF p.232,ocr_detected,verified_inventory,false,[],machine_compiled,source_anchored,not_claimed,static_audit_passed,machine_compiled_source_anchored_static_audited
DUV3-GF0025-2021-5-068-01,DiagnosticUnit,DPV3-GF0025-2021-5-068-01,DiagnosticProfile,RBV3-GF0025-2021-5-068-01,GF0025-2021-5-068,【五68】,5,68,口语格式,未细分,,1,01,X什么X,,unsplit_official_entry,,DTV3-POINT-DAC48F04092E,point_specific_instantiated,,0,structural_pattern,(?:X什么X|什么),"([一-龥]{1,2})什么\1",search,normalized_legacy_regex,,"[""fixed_marker"",""internal_slot"",""construction_boundary""]","[""候选包含与权威条目 【五68】 对齐的可定位触发线索。"",""候选满足模板槽位：fixed_marker、internal_slot、construction_boundary。"",""候选按 structural_pattern 模式实现 口语格式 / 未细分 / 未列小项 所规定的语法功能。""]","[""触发线索存在，但候选边界未覆盖完整构式。"",""局部槽位可定位，但至少一个必需槽位仅得到弱支持。""]","[""触发线索只出现在标题、编号、术语或元语言说明中。"",""必需槽位缺失，且上下文不能恢复目标结构或目标功能。""]","[""相同表层形式可能实现 未细分 中的非目标功能。"",""相邻构式共享触发形式，但槽位关系或语法功能不同。""]","[""目标用例"",""边界问题"",""表层触发但非目标"",""结构缺槽"",""语义不兼容"",""其他具体构式"",""不确定/需复核""]","[""target_status"",""candidate_boundary"",""slot_status"",""structural_functional_status"",""licensed_evidence"",""runtime_evidence"",""rule_source_trace""]","([一-龥]{1,2})什么\1",normalized_compiles,REF-GF0025-2021,232,GF0025-2021 PDF p.232,ocr_detected,verified_inventory,false,[],machine_compiled,source_anchored,not_claimed,static_audit_passed,machine_compiled_source_anchored_static_audited
DUV3-GF0025-2021-5-069-01,DiagnosticUnit,DPV3-GF0025-2021-5-069-01,DiagnosticProfile,RBV3-GF0025-2021-5-069-01,GF0025-2021-5-069,【五69】,5,69,口语格式,未细分,,1,01,什么X不X（的）,,unsplit_official_entry,,DTV3-POINT-6A90044892E3,point_specific_instantiated,,0,structural_pattern,(?:什么|不|的),"什么([一-龥]{1,2})不\1的*",search,normalized_legacy_regex,,"[""fixed_marker"",""internal_slot"",""construction_boundary""]","[""候选包含与权威条目 【五69】 对齐的可定位触发线索。"",""候选满足模板槽位：fixed_marker、internal_slot、construction_boundary。"",""候选按 structural_pattern 模式实现 口语格式 / 未细分 / 未列小项 所规定的语法功能。""]","[""触发线索存在，但候选边界未覆盖完整构式。"",""局部槽位可定位，但至少一个必需槽位仅得到弱支持。""]","[""触发线索只出现在标题、编号、术语或元语言说明中。"",""必需槽位缺失，且上下文不能恢复目标结构或目标功能。""]","[""相同表层形式可能实现 未细分 中的非目标功能。"",""相邻构式共享触发形式，但槽位关系或语法功能不同。""]","[""目标用例"",""边界问题"",""表层触发但非目标"",""结构缺槽"",""语义不兼容"",""其他具体构式"",""不确定/需复核""]","[""target_status"",""candidate_boundary"",""slot_status"",""structural_functional_status"",""licensed_evidence"",""runtime_evidence"",""rule_source_trace""]","什么([一-龥]{1,2})不\1的*",normalized_compiles,REF-GF0025-2021,,GF0025-2021 PDF pp.176–259,appendix_span_verified,verified_inventory,false,[],machine_compiled,source_anchored,not_claimed,static_audit_passed,machine_compiled_source_anchored_static_audited
DUV3-GF0025-2021-5-070-01,DiagnosticUnit,DPV3-GF0025-2021-5-070-01,DiagnosticProfile,RBV3-GF0025-2021-5-070-01,GF0025-2021-5-070,【五70】,5,70,句群,形式分类,用代词复指,1,01,用人称代词复指,,numbered_usage,（1）,DTV3-TAX-275DC5291D96,taxonomy_instantiated,,0,complex_functional,(?:用人称代词复指),(?:用人称代词复指),search,source_literal_retrieval_trigger,,"[""trigger"",""local_context"",""construction_boundary""]","[""候选包含与权威条目 【五70】 对齐的可定位触发线索。"",""候选满足模板槽位：trigger、local_context、construction_boundary。"",""候选按 complex_functional 模式实现 句群 / 形式分类 / 用代词复指 所规定的语法功能。""]","[""触发线索存在，但候选边界未覆盖完整构式。"",""局部槽位可定位，但至少一个必需槽位仅得到弱支持。""]","[""触发线索只出现在标题、编号、术语或元语言说明中。"",""必需槽位缺失，且上下文不能恢复目标结构或目标功能。""]","[""相同表层形式可能实现 形式分类 中的非目标功能。"",""相邻构式共享触发形式，但槽位关系或语法功能不同。""]","[""目标用例"",""边界问题"",""表层触发但非目标"",""结构缺槽"",""语义不兼容"",""其他具体构式"",""不确定/需复核""]","[""target_status"",""candidate_boundary"",""slot_status"",""structural_functional_status"",""licensed_evidence"",""runtime_evidence"",""rule_source_trace""]",,not_available_source_literal_runtime,REF-GF0025-2021,232,GF0025-2021 PDF p.232,ocr_detected,verified_inventory,false,[],machine_compiled,source_anchored,not_claimed,static_audit_passed,machine_compiled_source_anchored_static_audited
DUV3-GF0025-2021-5-070-02,DiagnosticUnit,DPV3-GF0025-2021-5-070-02,DiagnosticProfile,RBV3-GF0025-2021-5-070-02,GF0025-2021-5-070,【五70】,5,70,句群,形式分类,用代词复指,2,02,用指示代词复指,,numbered_usage,（2）,DTV3-TAX-275DC5291D96,taxonomy_instantiated,,0,complex_functional,(?:用指示代词复指),(?:用指示代词复指),search,source_literal_retrieval_trigger,,"[""trigger"",""local_context"",""construction_boundary""]","[""候选包含与权威条目 【五70】 对齐的可定位触发线索。"",""候选满足模板槽位：trigger、local_context、construction_boundary。"",""候选按 complex_functional 模式实现 句群 / 形式分类 / 用代词复指 所规定的语法功能。""]","[""触发线索存在，但候选边界未覆盖完整构式。"",""局部槽位可定位，但至少一个必需槽位仅得到弱支持。""]","[""触发线索只出现在标题、编号、术语或元语言说明中。"",""必需槽位缺失，且上下文不能恢复目标结构或目标功能。""]","[""相同表层形式可能实现 形式分类 中的非目标功能。"",""相邻构式共享触发形式，但槽位关系或语法功能不同。""]","[""目标用例"",""边界问题"",""表层触发但非目标"",""结构缺槽"",""语义不兼容"",""其他具体构式"",""不确定/需复核""]","[""target_status"",""candidate_boundary"",""slot_status"",""structural_functional_status"",""licensed_evidence"",""runtime_evidence"",""rule_source_trace""]",,not_available_source_literal_runtime,REF-GF0025-2021,232,GF0025-2021 PDF p.232,ocr_detected,verified_inventory,false,[],machine_compiled,source_anchored,not_claimed,static_audit_passed,machine_compiled_source_anchored_static_audited
DUV3-GF0025-2021-5-070-03,DiagnosticUnit,DPV3-GF0025-2021-5-070-03,DiagnosticProfile,RBV3-GF0025-2021-5-070-03,GF0025-2021-5-070,【五70】,5,70,句群,形式分类,用代词复指,3,03,各种代词相间使用,,numbered_usage,（3）,DTV3-TAX-275DC5291D96,taxonomy_instantiated,,0,complex_functional,(?:各种代词相间使用),(?:各种代词相间使用),search,source_literal_retrieval_trigger,,"[""trigger"",""local_context"",""construction_boundary""]","[""候选包含与权威条目 【五70】 对齐的可定位触发线索。"",""候选满足模板槽位：trigger、local_context、construction_boundary。"",""候选按 complex_functional 模式实现 句群 / 形式分类 / 用代词复指 所规定的语法功能。""]","[""触发线索存在，但候选边界未覆盖完整构式。"",""局部槽位可定位，但至少一个必需槽位仅得到弱支持。""]","[""触发线索只出现在标题、编号、术语或元语言说明中。"",""必需槽位缺失，且上下文不能恢复目标结构或目标功能。""]","[""相同表层形式可能实现 形式分类 中的非目标功能。"",""相邻构式共享触发形式，但槽位关系或语法功能不同。""]","[""目标用例"",""边界问题"",""表层触发但非目标"",""结构缺槽"",""语义不兼容"",""其他具体构式"",""不确定/需复核""]","[""target_status"",""candidate_boundary"",""slot_status"",""structural_functional_status"",""licensed_evidence"",""runtime_evidence"",""rule_source_trace""]",,not_available_source_literal_runtime,REF-GF0025-2021,232,GF0025-2021 PDF p.232,ocr_detected,verified_inventory,false,[],machine_compiled,source_anchored,not_claimed,static_audit_passed,machine_compiled_source_anchored_static_audited
DUV3-GF0025-2021-5-071-01,DiagnosticUnit,DPV3-GF0025-2021-5-071-01,DiagnosticProfile,RBV3-GF0025-2021-5-071-01,GF0025-2021-5-071,【五71】,5,71,句群,形式分类,带省略成分,1,01,省略主语,,numbered_usage,（1）,DTV3-TAX-A3D548257754,taxonomy_instantiated,,0,complex_functional,(?:省略主语),(?:省略主语),search,source_literal_retrieval_trigger,,"[""trigger"",""local_context"",""construction_boundary""]","[""候选包含与权威条目 【五71】 对齐的可定位触发线索。"",""候选满足模板槽位：trigger、local_context、construction_boundary。"",""候选按 complex_functional 模式实现 句群 / 形式分类 / 带省略成分 所规定的语法功能。""]","[""触发线索存在，但候选边界未覆盖完整构式。"",""局部槽位可定位，但至少一个必需槽位仅得到弱支持。""]","[""触发线索只出现在标题、编号、术语或元语言说明中。"",""必需槽位缺失，且上下文不能恢复目标结构或目标功能。""]","[""相同表层形式可能实现 形式分类 中的非目标功能。"",""相邻构式共享触发形式，但槽位关系或语法功能不同。""]","[""目标用例"",""边界问题"",""表层触发但非目标"",""结构缺槽"",""语义不兼容"",""其他具体构式"",""不确定/需复核""]","[""target_status"",""candidate_boundary"",""slot_status"",""structural_functional_status"",""licensed_evidence"",""runtime_evidence"",""rule_source_trace""]",,not_available_source_literal_runtime,REF-GF0025-2021,233,GF0025-2021 PDF p.233,ocr_detected,verified_inventory,false,[],machine_compiled,source_anchored,not_claimed,static_audit_passed,machine_compiled_source_anchored_static_audited
DUV3-GF0025-2021-5-071-02,DiagnosticUnit,DPV3-GF0025-2021-5-071-02,DiagnosticProfile,RBV3-GF0025-2021-5-071-02,GF0025-2021-5-071,【五71】,5,71,句群,形式分类,带省略成分,2,02,省略宾语,,numbered_usage,（2）,DTV3-TAX-A3D548257754,taxonomy_instantiated,,0,complex_functional,(?:省略宾语),(?:省略宾语),search,source_literal_retrieval_trigger,,"[""trigger"",""local_context"",""construction_boundary""]","[""候选包含与权威条目 【五71】 对齐的可定位触发线索。"",""候选满足模板槽位：trigger、local_context、construction_boundary。"",""候选按 complex_functional 模式实现 句群 / 形式分类 / 带省略成分 所规定的语法功能。""]","[""触发线索存在，但候选边界未覆盖完整构式。"",""局部槽位可定位，但至少一个必需槽位仅得到弱支持。""]","[""触发线索只出现在标题、编号、术语或元语言说明中。"",""必需槽位缺失，且上下文不能恢复目标结构或目标功能。""]","[""相同表层形式可能实现 形式分类 中的非目标功能。"",""相邻构式共享触发形式，但槽位关系或语法功能不同。""]","[""目标用例"",""边界问题"",""表层触发但非目标"",""结构缺槽"",""语义不兼容"",""其他具体构式"",""不确定/需复核""]","[""target_status"",""candidate_boundary"",""slot_status"",""structural_functional_status"",""licensed_evidence"",""runtime_evidence"",""rule_source_trace""]",,not_available_source_literal_runtime,REF-GF0025-2021,233,GF0025-2021 PDF p.233,ocr_detected,verified_inventory,false,[],machine_compiled,source_anchored,not_claimed,static_audit_passed,machine_compiled_source_anchored_static_audited
DUV3-GF0025-2021-6-001-01,DiagnosticUnit,DPV3-GF0025-2021-6-001-01,DiagnosticProfile,RBV3-GF0025-2021-6-001-01,GF0025-2021-6-001,【六01】,6,1,语素,前缀,,1,01,类前缀：超-、多-、反-、无-、亚-、准-,,unsplit_official_entry,,DTV3-TAX-CCEFFBAABCC2,taxonomy_instantiated,,0,structural_pattern,(?:类前缀|亚|准|反|多|无|超),^[超多反无亚准],search,normalized_legacy_regex,,"[""morpheme"",""host_form"",""word_boundary""]","[""候选包含与权威条目 【六01】 对齐的可定位触发线索。"",""候选满足模板槽位：morpheme、host_form、word_boundary。"",""候选按 structural_pattern 模式实现 语素 / 前缀 / 未列小项 所规定的语法功能。""]","[""触发线索存在，但候选边界未覆盖完整构式。"",""局部槽位可定位，但至少一个必需槽位仅得到弱支持。""]","[""触发线索只出现在标题、编号、术语或元语言说明中。"",""必需槽位缺失，且上下文不能恢复目标结构或目标功能。""]","[""相同表层形式可能实现 前缀 中的非目标功能。"",""相邻构式共享触发形式，但槽位关系或语法功能不同。""]","[""目标用例"",""边界问题"",""表层触发但非目标"",""结构缺槽"",""语义不兼容"",""其他具体构式"",""不确定/需复核""]","[""target_status"",""candidate_boundary"",""slot_status"",""structural_functional_status"",""licensed_evidence"",""runtime_evidence"",""rule_source_trace""]",^[超多反无亚准],normalized_compiles,REF-GF0025-2021,233,GF0025-2021 PDF p.233,ocr_detected,verified_inventory,false,[],machine_compiled,source_anchored,not_claimed,static_audit_passed,machine_compiled_source_anchored_static_audited
DUV3-GF0025-2021-6-002-01,DiagnosticUnit,DPV3-GF0025-2021-6-002-01,DiagnosticProfile,RBV3-GF0025-2021-6-002-01,GF0025-2021-6-002,【六02】,6,2,语素,后缀,,1,01,类后缀：-化、-式、-型、-性,,unsplit_official_entry,,DTV3-TAX-97C79DA11312,taxonomy_instantiated,,0,structural_pattern,(?:类后缀|化|型|式|性),[化式型性]$,search,normalized_legacy_regex,,"[""morpheme"",""host_form"",""word_boundary""]","[""候选包含与权威条目 【六02】 对齐的可定位触发线索。"",""候选满足模板槽位：morpheme、host_form、word_boundary。"",""候选按 structural_pattern 模式实现 语素 / 后缀 / 未列小项 所规定的语法功能。""]","[""触发线索存在，但候选边界未覆盖完整构式。"",""局部槽位可定位，但至少一个必需槽位仅得到弱支持。""]","[""触发线索只出现在标题、编号、术语或元语言说明中。"",""必需槽位缺失，且上下文不能恢复目标结构或目标功能。""]","[""相同表层形式可能实现 后缀 中的非目标功能。"",""相邻构式共享触发形式，但槽位关系或语法功能不同。""]","[""目标用例"",""边界问题"",""表层触发但非目标"",""结构缺槽"",""语义不兼容"",""其他具体构式"",""不确定/需复核""]","[""target_status"",""candidate_boundary"",""slot_status"",""structural_functional_status"",""licensed_evidence"",""runtime_evidence"",""rule_source_trace""]",[化式型性]$,normalized_compiles,REF-GF0025-2021,233,GF0025-2021 PDF p.233,ocr_detected,verified_inventory,false,[],machine_compiled,source_anchored,not_claimed,static_audit_passed,machine_compiled_source_anchored_static_audited
DUV3-GF0025-2021-6-003-01,DiagnosticUnit,DPV3-GF0025-2021-6-003-01,DiagnosticProfile,RBV3-GF0025-2021-6-003-01,GF0025-2021-6-003,【六03】,6,3,词类,代词,指示代词,1,01,本、此,,unsplit_official_entry,,DTV3-TAX-7EBA4C50F19A,taxonomy_instantiated,,0,structural_pattern,(?:本|此),^(本|此)$,fullmatch,normalized_legacy_regex,,"[""lexical_form"",""local_context"",""grammatical_function""]","[""候选包含与权威条目 【六03】 对齐的可定位触发线索。"",""候选满足模板槽位：lexical_form、local_context、grammatical_function。"",""候选按 structural_pattern 模式实现 词类 / 代词 / 指示代词 所规定的语法功能。""]","[""触发线索存在，但候选边界未覆盖完整构式。"",""局部槽位可定位，但至少一个必需槽位仅得到弱支持。""]","[""触发线索只出现在标题、编号、术语或元语言说明中。"",""必需槽位缺失，且上下文不能恢复目标结构或目标功能。""]","[""相同表层形式可能实现 代词 中的非目标功能。"",""相邻构式共享触发形式，但槽位关系或语法功能不同。""]","[""目标用例"",""边界问题"",""表层触发但非目标"",""结构缺槽"",""语义不兼容"",""其他具体构式"",""不确定/需复核""]","[""target_status"",""candidate_boundary"",""slot_status"",""structural_functional_status"",""licensed_evidence"",""runtime_evidence"",""rule_source_trace""]",^(本|此)$,normalized_compiles,REF-GF0025-2021,233,GF0025-2021 PDF p.233,ocr_detected,verified_inventory,false,[],machine_compiled,source_anchored,not_claimed,static_audit_passed,machine_compiled_source_anchored_static_audited
DUV3-GF0025-2021-6-004-01,DiagnosticUnit,DPV3-GF0025-2021-6-004-01,DiagnosticProfile,RBV3-GF0025-2021-6-004-01,GF0025-2021-6-004,【六04】,6,4,词类,量词,名量词,1,01,餐、串、滴、副、股、集、枝,,unsplit_official_entry,,DTV3-TAX-AA3655E9E3EB,taxonomy_instantiated,,0,structural_pattern,(?:串|副|枝|滴|股|集|餐),^(餐|串|滴|副|股|集|枝)$,fullmatch,normalized_legacy_regex,,"[""lexical_form"",""local_context"",""grammatical_function""]","[""候选包含与权威条目 【六04】 对齐的可定位触发线索。"",""候选满足模板槽位：lexical_form、local_context、grammatical_function。"",""候选按 structural_pattern 模式实现 词类 / 量词 / 名量词 所规定的语法功能。""]","[""触发线索存在，但候选边界未覆盖完整构式。"",""局部槽位可定位，但至少一个必需槽位仅得到弱支持。""]","[""触发线索只出现在标题、编号、术语或元语言说明中。"",""必需槽位缺失，且上下文不能恢复目标结构或目标功能。""]","[""相同表层形式可能实现 量词 中的非目标功能。"",""相邻构式共享触发形式，但槽位关系或语法功能不同。""]","[""目标用例"",""边界问题"",""表层触发但非目标"",""结构缺槽"",""语义不兼容"",""其他具体构式"",""不确定/需复核""]","[""target_status"",""candidate_boundary"",""slot_status"",""structural_functional_status"",""licensed_evidence"",""runtime_evidence"",""rule_source_trace""]",^(餐|串|滴|副|股|集|枝)$,normalized_compiles,REF-GF0025-2021,234,GF0025-2021 PDF p.234,ocr_detected,verified_inventory,false,[],machine_compiled,source_anchored,not_claimed,static_audit_passed,machine_compiled_source_anchored_static_audited
DUV3-GF0025-2021-6-005-01,DiagnosticUnit,DPV3-GF0025-2021-6-005-01,DiagnosticProfile,RBV3-GF0025-2021-6-005-01,GF0025-2021-6-005,【六05】,6,5,词类,量词,动量词,1,01,番、声、趟,,unsplit_official_entry,,DTV3-TAX-288EDD3E2F08,taxonomy_instantiated,,0,structural_pattern,(?:声|番|趟),^(番|声|趟)$,fullmatch,normalized_legacy_regex,,"[""lexical_form"",""local_context"",""grammatical_function""]","[""候选包含与权威条目 【六05】 对齐的可定位触发线索。"",""候选满足模板槽位：lexical_form、local_context、grammatical_function。"",""候选按 structural_pattern 模式实现 词类 / 量词 / 动量词 所规定的语法功能。""]","[""触发线索存在，但候选边界未覆盖完整构式。"",""局部槽位可定位，但至少一个必需槽位仅得到弱支持。""]","[""触发线索只出现在标题、编号、术语或元语言说明中。"",""必需槽位缺失，且上下文不能恢复目标结构或目标功能。""]","[""相同表层形式可能实现 量词 中的非目标功能。"",""相邻构式共享触发形式，但槽位关系或语法功能不同。""]","[""目标用例"",""边界问题"",""表层触发但非目标"",""结构缺槽"",""语义不兼容"",""其他具体构式"",""不确定/需复核""]","[""target_status"",""candidate_boundary"",""slot_status"",""structural_functional_status"",""licensed_evidence"",""runtime_evidence"",""rule_source_trace""]",^(番|声|趟)$,normalized_compiles,REF-GF0025-2021,234,GF0025-2021 PDF p.234,ocr_detected,verified_inventory,false,[],machine_compiled,source_anchored,not_claimed,static_audit_passed,machine_compiled_source_anchored_static_audited
DUV3-GF0025-2021-6-006-01,DiagnosticUnit,DPV3-GF0025-2021-6-006-01,DiagnosticProfile,RBV3-GF0025-2021-6-006-01,GF0025-2021-6-006,【六06】,6,6,词类,副词,程度副词,1,01,特、异常,,unsplit_official_entry,,DTV3-TAX-9FAD0B023CAE,taxonomy_instantiated,,0,structural_pattern,(?:异常|特),^(特|异常)$,fullmatch,normalized_legacy_regex,,"[""lexical_form"",""local_context"",""grammatical_function""]","[""候选包含与权威条目 【六06】 对齐的可定位触发线索。"",""候选满足模板槽位：lexical_form、local_context、grammatical_function。"",""候选按 structural_pattern 模式实现 词类 / 副词 / 程度副词 所规定的语法功能。""]","[""触发线索存在，但候选边界未覆盖完整构式。"",""局部槽位可定位，但至少一个必需槽位仅得到弱支持。""]","[""触发线索只出现在标题、编号、术语或元语言说明中。"",""必需槽位缺失，且上下文不能恢复目标结构或目标功能。""]","[""相同表层形式可能实现 副词 中的非目标功能。"",""相邻构式共享触发形式，但槽位关系或语法功能不同。""]","[""目标用例"",""边界问题"",""表层触发但非目标"",""结构缺槽"",""语义不兼容"",""其他具体构式"",""不确定/需复核""]","[""target_status"",""candidate_boundary"",""slot_status"",""structural_functional_status"",""licensed_evidence"",""runtime_evidence"",""rule_source_trace""]",^(特|异常)$,normalized_compiles,REF-GF0025-2021,234,GF0025-2021 PDF p.234,ocr_detected,verified_inventory,false,[],machine_compiled,source_anchored,not_claimed,static_audit_passed,machine_compiled_source_anchored_static_audited
DUV3-GF0025-2021-6-007-01,DiagnosticUnit,DPV3-GF0025-2021-6-007-01,DiagnosticProfile,RBV3-GF0025-2021-6-007-01,GF0025-2021-6-007,【六07】,6,7,词类,副词,范围、协同副词,1,01,尽、净、一齐、一同,,unsplit_official_entry,,DTV3-TAX-1C7E1B7DB8E2,taxonomy_instantiated,,0,structural_pattern,(?:一同|一齐|净|尽),^(尽|净|一齐|一同)$,fullmatch,normalized_legacy_regex,,"[""lexical_form"",""local_context"",""grammatical_function""]","[""候选包含与权威条目 【六07】 对齐的可定位触发线索。"",""候选满足模板槽位：lexical_form、local_context、grammatical_function。"",""候选按 structural_pattern 模式实现 词类 / 副词 / 范围、协同副词 所规定的语法功能。""]","[""触发线索存在，但候选边界未覆盖完整构式。"",""局部槽位可定位，但至少一个必需槽位仅得到弱支持。""]","[""触发线索只出现在标题、编号、术语或元语言说明中。"",""必需槽位缺失，且上下文不能恢复目标结构或目标功能。""]","[""相同表层形式可能实现 副词 中的非目标功能。"",""相邻构式共享触发形式，但槽位关系或语法功能不同。""]","[""目标用例"",""边界问题"",""表层触发但非目标"",""结构缺槽"",""语义不兼容"",""其他具体构式"",""不确定/需复核""]","[""target_status"",""candidate_boundary"",""slot_status"",""structural_functional_status"",""licensed_evidence"",""runtime_evidence"",""rule_source_trace""]",^(尽|净|一齐|一同)$,normalized_compiles,REF-GF0025-2021,234,GF0025-2021 PDF p.234,ocr_detected,verified_inventory,false,[],machine_compiled,source_anchored,not_claimed,static_audit_passed,machine_compiled_source_anchored_static_audited
DUV3-GF0025-2021-6-008-01,DiagnosticUnit,DPV3-GF0025-2021-6-008-01,DiagnosticProfile,RBV3-GF0025-2021-6-008-01,GF0025-2021-6-008,【六08】,6,8,词类,副词,时间副词,1,01,时时、一时、早晚,,unsplit_official_entry,,DTV3-TAX-A8DEA45A511A,taxonomy_instantiated,,0,complex_functional,(?:一时|早晚|时时),^(时时|一时|早晚)$,fullmatch,normalized_legacy_regex,,"[""lexical_form"",""local_context"",""grammatical_function""]","[""候选包含与权威条目 【六08】 对齐的可定位触发线索。"",""候选满足模板槽位：lexical_form、local_context、grammatical_function。"",""候选按 complex_functional 模式实现 词类 / 副词 / 时间副词 所规定的语法功能。""]","[""触发线索存在，但候选边界未覆盖完整构式。"",""局部槽位可定位，但至少一个必需槽位仅得到弱支持。""]","[""触发线索只出现在标题、编号、术语或元语言说明中。"",""必需槽位缺失，且上下文不能恢复目标结构或目标功能。""]","[""相同表层形式可能实现 副词 中的非目标功能。"",""相邻构式共享触发形式，但槽位关系或语法功能不同。""]","[""目标用例"",""边界问题"",""表层触发但非目标"",""结构缺槽"",""语义不兼容"",""其他具体构式"",""不确定/需复核""]","[""target_status"",""candidate_boundary"",""slot_status"",""structural_functional_status"",""licensed_evidence"",""runtime_evidence"",""rule_source_trace""]",^(时时|一时|早晚)$,normalized_compiles,REF-GF0025-2021,234,GF0025-2021 PDF p.234,ocr_detected,verified_inventory,false,[],machine_compiled,source_anchored,not_claimed,static_audit_passed,machine_compiled_source_anchored_static_audited
DUV3-GF0025-2021-6-009-01,DiagnosticUnit,DPV3-GF0025-2021-6-009-01,DiagnosticProfile,RBV3-GF0025-2021-6-009-01,GF0025-2021-6-009,【六09】,6,9,词类,副词,关联副词,1,01,便,,unsplit_official_entry,,DTV3-TAX-CC7D17721DA3,taxonomy_instantiated,,0,structural_pattern,(?:便),^便$,fullmatch,normalized_legacy_regex,,"[""lexical_form"",""local_context"",""grammatical_function""]","[""候选包含与权威条目 【六09】 对齐的可定位触发线索。"",""候选满足模板槽位：lexical_form、local_context、grammatical_function。"",""候选按 structural_pattern 模式实现 词类 / 副词 / 关联副词 所规定的语法功能。""]","[""触发线索存在，但候选边界未覆盖完整构式。"",""局部槽位可定位，但至少一个必需槽位仅得到弱支持。""]","[""触发线索只出现在标题、编号、术语或元语言说明中。"",""必需槽位缺失，且上下文不能恢复目标结构或目标功能。""]","[""相同表层形式可能实现 副词 中的非目标功能。"",""相邻构式共享触发形式，但槽位关系或语法功能不同。""]","[""目标用例"",""边界问题"",""表层触发但非目标"",""结构缺槽"",""语义不兼容"",""其他具体构式"",""不确定/需复核""]","[""target_status"",""candidate_boundary"",""slot_status"",""structural_functional_status"",""licensed_evidence"",""runtime_evidence"",""rule_source_trace""]",^便$,normalized_compiles,REF-GF0025-2021,234,GF0025-2021 PDF p.234,ocr_detected,verified_inventory,false,[],machine_compiled,source_anchored,not_claimed,static_audit_passed,machine_compiled_source_anchored_static_audited
DUV3-GF0025-2021-6-010-01,DiagnosticUnit,DPV3-GF0025-2021-6-010-01,DiagnosticProfile,RBV3-GF0025-2021-6-010-01,GF0025-2021-6-010,【六10】,6,10,词类,副词,方式副词,1,01,不禁、赶忙、亲眼、特地、特意,,unsplit_official_entry,,DTV3-TAX-2594E13CFB04,taxonomy_instantiated,,0,structural_pattern,(?:不禁|亲眼|特地|特意|赶忙),^(不禁|赶忙|亲眼|特地|特意)$,fullmatch,normalized_legacy_regex,,"[""lexical_form"",""local_context"",""grammatical_function""]","[""候选包含与权威条目 【六10】 对齐的可定位触发线索。"",""候选满足模板槽位：lexical_form、local_context、grammatical_function。"",""候选按 structural_pattern 模式实现 词类 / 副词 / 方式副词 所规定的语法功能。""]","[""触发线索存在，但候选边界未覆盖完整构式。"",""局部槽位可定位，但至少一个必需槽位仅得到弱支持。""]","[""触发线索只出现在标题、编号、术语或元语言说明中。"",""必需槽位缺失，且上下文不能恢复目标结构或目标功能。""]","[""相同表层形式可能实现 副词 中的非目标功能。"",""相邻构式共享触发形式，但槽位关系或语法功能不同。""]","[""目标用例"",""边界问题"",""表层触发但非目标"",""结构缺槽"",""语义不兼容"",""其他具体构式"",""不确定/需复核""]","[""target_status"",""candidate_boundary"",""slot_status"",""structural_functional_status"",""licensed_evidence"",""runtime_evidence"",""rule_source_trace""]",^(不禁|赶忙|亲眼|特地|特意)$,normalized_compiles,REF-GF0025-2021,234,GF0025-2021 PDF p.234,ocr_detected,verified_inventory,false,[],machine_compiled,source_anchored,not_claimed,static_audit_passed,machine_compiled_source_anchored_static_audited
DUV3-GF0025-2021-6-011-01,DiagnosticUnit,DPV3-GF0025-2021-6-011-01,DiagnosticProfile,RBV3-GF0025-2021-6-011-01,GF0025-2021-6-011,【六11】,6,11,词类,副词,情态副词,1,01,仿佛,,unsplit_official_entry,,DTV3-TAX-9BBE19E6E943,taxonomy_instantiated,,0,structural_pattern,(?:仿佛),^仿佛$,fullmatch,normalized_legacy_regex,,"[""lexical_form"",""local_context"",""grammatical_function""]","[""候选包含与权威条目 【六11】 对齐的可定位触发线索。"",""候选满足模板槽位：lexical_form、local_context、grammatical_function。"",""候选按 structural_pattern 模式实现 词类 / 副词 / 情态副词 所规定的语法功能。""]","[""触发线索存在，但候选边界未覆盖完整构式。"",""局部槽位可定位，但至少一个必需槽位仅得到弱支持。""]","[""触发线索只出现在标题、编号、术语或元语言说明中。"",""必需槽位缺失，且上下文不能恢复目标结构或目标功能。""]","[""相同表层形式可能实现 副词 中的非目标功能。"",""相邻构式共享触发形式，但槽位关系或语法功能不同。""]","[""目标用例"",""边界问题"",""表层触发但非目标"",""结构缺槽"",""语义不兼容"",""其他具体构式"",""不确定/需复核""]","[""target_status"",""candidate_boundary"",""slot_status"",""structural_functional_status"",""licensed_evidence"",""runtime_evidence"",""rule_source_trace""]",^仿佛$,normalized_compiles,REF-GF0025-2021,234,GF0025-2021 PDF p.234,ocr_detected,verified_inventory,false,[],machine_compiled,source_anchored,not_claimed,static_audit_passed,machine_compiled_source_anchored_static_audited
DUV3-GF0025-2021-6-012-01,DiagnosticUnit,DPV3-GF0025-2021-6-012-01,DiagnosticProfile,RBV3-GF0025-2021-6-012-01,GF0025-2021-6-012,【六12】,6,12,词类,副词,语气副词,1,01,才3、刚好、偏、恰好,,unsplit_official_entry,,DTV3-TAX-F383E272F5D1,taxonomy_instantiated,,0,structural_pattern,(?:刚好|恰好|偏|才),^(才|刚好|偏|恰好)$,fullmatch,normalized_legacy_regex,,"[""lexical_form"",""local_context"",""grammatical_function""]","[""候选包含与权威条目 【六12】 对齐的可定位触发线索。"",""候选满足模板槽位：lexical_form、local_context、grammatical_function。"",""候选按 structural_pattern 模式实现 词类 / 副词 / 语气副词 所规定的语法功能。""]","[""触发线索存在，但候选边界未覆盖完整构式。"",""局部槽位可定位，但至少一个必需槽位仅得到弱支持。""]","[""触发线索只出现在标题、编号、术语或元语言说明中。"",""必需槽位缺失，且上下文不能恢复目标结构或目标功能。""]","[""相同表层形式可能实现 副词 中的非目标功能。"",""相邻构式共享触发形式，但槽位关系或语法功能不同。""]","[""目标用例"",""边界问题"",""表层触发但非目标"",""结构缺槽"",""语义不兼容"",""其他具体构式"",""不确定/需复核""]","[""target_status"",""candidate_boundary"",""slot_status"",""structural_functional_status"",""licensed_evidence"",""runtime_evidence"",""rule_source_trace""]",^(才|刚好|偏|恰好)$,normalized_compiles,REF-GF0025-2021,234,GF0025-2021 PDF p.234,ocr_detected,verified_inventory,false,[],machine_compiled,source_anchored,not_claimed,static_audit_passed,machine_compiled_source_anchored_static_audited
DUV3-GF0025-2021-6-013-01,DiagnosticUnit,DPV3-GF0025-2021-6-013-01,DiagnosticProfile,RBV3-GF0025-2021-6-013-01,GF0025-2021-6-013,【六13】,6,13,词类,介词,引出时间、处所,1,01,于,,unsplit_official_entry,,DTV3-TAX-679FE98BA210,taxonomy_instantiated,,0,complex_functional,(?:于),^于$,fullmatch,normalized_legacy_regex,,"[""lexical_form"",""local_context"",""grammatical_function""]","[""候选包含与权威条目 【六13】 对齐的可定位触发线索。"",""候选满足模板槽位：lexical_form、local_context、grammatical_function。"",""候选按 complex_functional 模式实现 词类 / 介词 / 引出时间、处所 所规定的语法功能。""]","[""触发线索存在，但候选边界未覆盖完整构式。"",""局部槽位可定位，但至少一个必需槽位仅得到弱支持。""]","[""触发线索只出现在标题、编号、术语或元语言说明中。"",""必需槽位缺失，且上下文不能恢复目标结构或目标功能。""]","[""相同表层形式可能实现 介词 中的非目标功能。"",""相邻构式共享触发形式，但槽位关系或语法功能不同。""]","[""目标用例"",""边界问题"",""表层触发但非目标"",""结构缺槽"",""语义不兼容"",""其他具体构式"",""不确定/需复核""]","[""target_status"",""candidate_boundary"",""slot_status"",""structural_functional_status"",""licensed_evidence"",""runtime_evidence"",""rule_source_trace""]",^于$,normalized_compiles,REF-GF0025-2021,235,GF0025-2021 PDF p.235,ocr_detected,verified_inventory,false,[],machine_compiled,source_anchored,not_claimed,static_audit_passed,machine_compiled_source_anchored_static_audited
DUV3-GF0025-2021-6-014-01,DiagnosticUnit,DPV3-GF0025-2021-6-014-01,DiagnosticProfile,RBV3-GF0025-2021-6-014-01,GF0025-2021-6-014,【六14】,6,14,词类,介词,引出方向、路径,1,01,沿（着）,,unsplit_official_entry,,DTV3-TAX-D7DF1EEF2A21,taxonomy_instantiated,,0,structural_pattern,(?:沿|着),^沿着*$,fullmatch,normalized_legacy_regex,,"[""lexical_form"",""local_context"",""grammatical_function""]","[""候选包含与权威条目 【六14】 对齐的可定位触发线索。"",""候选满足模板槽位：lexical_form、local_context、grammatical_function。"",""候选按 structural_pattern 模式实现 词类 / 介词 / 引出方向、路径 所规定的语法功能。""]","[""触发线索存在，但候选边界未覆盖完整构式。"",""局部槽位可定位，但至少一个必需槽位仅得到弱支持。""]","[""触发线索只出现在标题、编号、术语或元语言说明中。"",""必需槽位缺失，且上下文不能恢复目标结构或目标功能。""]","[""相同表层形式可能实现 介词 中的非目标功能。"",""相邻构式共享触发形式，但槽位关系或语法功能不同。""]","[""目标用例"",""边界问题"",""表层触发但非目标"",""结构缺槽"",""语义不兼容"",""其他具体构式"",""不确定/需复核""]","[""target_status"",""candidate_boundary"",""slot_status"",""structural_functional_status"",""licensed_evidence"",""runtime_evidence"",""rule_source_trace""]",^沿着*$,normalized_compiles,REF-GF0025-2021,235,GF0025-2021 PDF p.235,ocr_detected,verified_inventory,false,[],machine_compiled,source_anchored,not_claimed,static_audit_passed,machine_compiled_source_anchored_static_audited
DUV3-GF0025-2021-6-015-01,DiagnosticUnit,DPV3-GF0025-2021-6-015-01,DiagnosticProfile,RBV3-GF0025-2021-6-015-01,GF0025-2021-6-015,【六15】,6,15,词类,介词,引出对象,1,01,同1、与1,,unsplit_official_entry,,DTV3-TAX-96C5330FEA95,taxonomy_instantiated,,0,structural_pattern,(?:与|同),^(同|与)$,fullmatch,normalized_legacy_regex,,"[""lexical_form"",""local_context"",""grammatical_function""]","[""候选包含与权威条目 【六15】 对齐的可定位触发线索。"",""候选满足模板槽位：lexical_form、local_context、grammatical_function。"",""候选按 structural_pattern 模式实现 词类 / 介词 / 引出对象 所规定的语法功能。""]","[""触发线索存在，但候选边界未覆盖完整构式。"",""局部槽位可定位，但至少一个必需槽位仅得到弱支持。""]","[""触发线索只出现在标题、编号、术语或元语言说明中。"",""必需槽位缺失，且上下文不能恢复目标结构或目标功能。""]","[""相同表层形式可能实现 介词 中的非目标功能。"",""相邻构式共享触发形式，但槽位关系或语法功能不同。""]","[""目标用例"",""边界问题"",""表层触发但非目标"",""结构缺槽"",""语义不兼容"",""其他具体构式"",""不确定/需复核""]","[""target_status"",""candidate_boundary"",""slot_status"",""structural_functional_status"",""licensed_evidence"",""runtime_evidence"",""rule_source_trace""]",^(同|与)$,normalized_compiles,REF-GF0025-2021,,GF0025-2021 PDF pp.176–259,appendix_span_verified,verified_inventory,false,[],machine_compiled,source_anchored,not_claimed,static_audit_passed,machine_compiled_source_anchored_static_audited
DUV3-GF0025-2021-6-016-01,DiagnosticUnit,DPV3-GF0025-2021-6-016-01,DiagnosticProfile,RBV3-GF0025-2021-6-016-01,GF0025-2021-6-016,【六16】,6,16,词类,介词,引出对象,1,01,至于,,unsplit_official_entry,,DTV3-TAX-96C5330FEA95,taxonomy_instantiated,,0,structural_pattern,(?:至于),^至于$,fullmatch,normalized_legacy_regex,,"[""lexical_form"",""local_context"",""grammatical_function""]","[""候选包含与权威条目 【六16】 对齐的可定位触发线索。"",""候选满足模板槽位：lexical_form、local_context、grammatical_function。"",""候选按 structural_pattern 模式实现 词类 / 介词 / 引出对象 所规定的语法功能。""]","[""触发线索存在，但候选边界未覆盖完整构式。"",""局部槽位可定位，但至少一个必需槽位仅得到弱支持。""]","[""触发线索只出现在标题、编号、术语或元语言说明中。"",""必需槽位缺失，且上下文不能恢复目标结构或目标功能。""]","[""相同表层形式可能实现 介词 中的非目标功能。"",""相邻构式共享触发形式，但槽位关系或语法功能不同。""]","[""目标用例"",""边界问题"",""表层触发但非目标"",""结构缺槽"",""语义不兼容"",""其他具体构式"",""不确定/需复核""]","[""target_status"",""candidate_boundary"",""slot_status"",""structural_functional_status"",""licensed_evidence"",""runtime_evidence"",""rule_source_trace""]",^至于$,normalized_compiles,REF-GF0025-2021,235,GF0025-2021 PDF p.235,ocr_detected,verified_inventory,false,[],machine_compiled,source_anchored,not_claimed,static_audit_passed,machine_compiled_source_anchored_static_audited
DUV3-GF0025-2021-6-017-01,DiagnosticUnit,DPV3-GF0025-2021-6-017-01,DiagnosticProfile,RBV3-GF0025-2021-6-017-01,GF0025-2021-6-017,【六17】,6,17,词类,介词,引出目的、原因,1,01,因,,unsplit_official_entry,,DTV3-TAX-73EEA1885793,taxonomy_instantiated,,0,structural_pattern,(?:因),^因$,fullmatch,normalized_legacy_regex,,"[""lexical_form"",""local_context"",""grammatical_function""]","[""候选包含与权威条目 【六17】 对齐的可定位触发线索。"",""候选满足模板槽位：lexical_form、local_context、grammatical_function。"",""候选按 structural_pattern 模式实现 词类 / 介词 / 引出目的、原因 所规定的语法功能。""]","[""触发线索存在，但候选边界未覆盖完整构式。"",""局部槽位可定位，但至少一个必需槽位仅得到弱支持。""]","[""触发线索只出现在标题、编号、术语或元语言说明中。"",""必需槽位缺失，且上下文不能恢复目标结构或目标功能。""]","[""相同表层形式可能实现 介词 中的非目标功能。"",""相邻构式共享触发形式，但槽位关系或语法功能不同。""]","[""目标用例"",""边界问题"",""表层触发但非目标"",""结构缺槽"",""语义不兼容"",""其他具体构式"",""不确定/需复核""]","[""target_status"",""candidate_boundary"",""slot_status"",""structural_functional_status"",""licensed_evidence"",""runtime_evidence"",""rule_source_trace""]",^因$,normalized_compiles,REF-GF0025-2021,235,GF0025-2021 PDF p.235,ocr_detected,verified_inventory,false,[],machine_compiled,source_anchored,not_claimed,static_audit_passed,machine_compiled_source_anchored_static_audited
DUV3-GF0025-2021-6-018-01,DiagnosticUnit,DPV3-GF0025-2021-6-018-01,DiagnosticProfile,RBV3-GF0025-2021-6-018-01,GF0025-2021-6-018,【六18】,6,18,词类,介词,表示排除,1,01,除,,unsplit_official_entry,,DTV3-TAX-FB9BA6E1BF34,taxonomy_instantiated,,0,complex_functional,(?:除),^除$,fullmatch,normalized_legacy_regex,,"[""lexical_form"",""local_context"",""grammatical_function""]","[""候选包含与权威条目 【六18】 对齐的可定位触发线索。"",""候选满足模板槽位：lexical_form、local_context、grammatical_function。"",""候选按 complex_functional 模式实现 词类 / 介词 / 表示排除 所规定的语法功能。""]","[""触发线索存在，但候选边界未覆盖完整构式。"",""局部槽位可定位，但至少一个必需槽位仅得到弱支持。""]","[""触发线索只出现在标题、编号、术语或元语言说明中。"",""必需槽位缺失，且上下文不能恢复目标结构或目标功能。""]","[""相同表层形式可能实现 介词 中的非目标功能。"",""相邻构式共享触发形式，但槽位关系或语法功能不同。""]","[""目标用例"",""边界问题"",""表层触发但非目标"",""结构缺槽"",""语义不兼容"",""其他具体构式"",""不确定/需复核""]","[""target_status"",""candidate_boundary"",""slot_status"",""structural_functional_status"",""licensed_evidence"",""runtime_evidence"",""rule_source_trace""]",^除$,normalized_compiles,REF-GF0025-2021,235,GF0025-2021 PDF p.235,ocr_detected,verified_inventory,false,[],machine_compiled,source_anchored,not_claimed,static_audit_passed,machine_compiled_source_anchored_static_audited
DUV3-GF0025-2021-6-019-01,DiagnosticUnit,DPV3-GF0025-2021-6-019-01,DiagnosticProfile,RBV3-GF0025-2021-6-019-01,GF0025-2021-6-019,【六19】,6,19,词类,介词,引出凭借、依据,1,01,据,,unsplit_official_entry,,DTV3-TAX-AF5CB707E947,taxonomy_instantiated,,0,structural_pattern,(?:据),^据$,fullmatch,normalized_legacy_regex,,"[""lexical_form"",""local_context"",""grammatical_function""]","[""候选包含与权威条目 【六19】 对齐的可定位触发线索。"",""候选满足模板槽位：lexical_form、local_context、grammatical_function。"",""候选按 structural_pattern 模式实现 词类 / 介词 / 引出凭借、依据 所规定的语法功能。""]","[""触发线索存在，但候选边界未覆盖完整构式。"",""局部槽位可定位，但至少一个必需槽位仅得到弱支持。""]","[""触发线索只出现在标题、编号、术语或元语言说明中。"",""必需槽位缺失，且上下文不能恢复目标结构或目标功能。""]","[""相同表层形式可能实现 介词 中的非目标功能。"",""相邻构式共享触发形式，但槽位关系或语法功能不同。""]","[""目标用例"",""边界问题"",""表层触发但非目标"",""结构缺槽"",""语义不兼容"",""其他具体构式"",""不确定/需复核""]","[""target_status"",""candidate_boundary"",""slot_status"",""structural_functional_status"",""licensed_evidence"",""runtime_evidence"",""rule_source_trace""]",^据$,normalized_compiles,REF-GF0025-2021,236,GF0025-2021 PDF p.236,ocr_detected,verified_inventory,false,[],machine_compiled,source_anchored,not_claimed,static_audit_passed,machine_compiled_source_anchored_static_audited
DUV3-GF0025-2021-6-020-01,DiagnosticUnit,DPV3-GF0025-2021-6-020-01,DiagnosticProfile,RBV3-GF0025-2021-6-020-01,GF0025-2021-6-020,【六20】,6,20,词类,连词,连接词或词组,1,01,而2、同2、与2,,unsplit_official_entry,,DTV3-TAX-70386EB2913D,taxonomy_instantiated,,0,structural_pattern,(?:与|同|而),^(而|同|与)$,fullmatch,normalized_legacy_regex,,"[""lexical_form"",""local_context"",""grammatical_function""]","[""候选包含与权威条目 【六20】 对齐的可定位触发线索。"",""候选满足模板槽位：lexical_form、local_context、grammatical_function。"",""候选按 structural_pattern 模式实现 词类 / 连词 / 连接词或词组 所规定的语法功能。""]","[""触发线索存在，但候选边界未覆盖完整构式。"",""局部槽位可定位，但至少一个必需槽位仅得到弱支持。""]","[""触发线索只出现在标题、编号、术语或元语言说明中。"",""必需槽位缺失，且上下文不能恢复目标结构或目标功能。""]","[""相同表层形式可能实现 连词 中的非目标功能。"",""相邻构式共享触发形式，但槽位关系或语法功能不同。""]","[""目标用例"",""边界问题"",""表层触发但非目标"",""结构缺槽"",""语义不兼容"",""其他具体构式"",""不确定/需复核""]","[""target_status"",""candidate_boundary"",""slot_status"",""structural_functional_status"",""licensed_evidence"",""runtime_evidence"",""rule_source_trace""]",^(而|同|与)$,normalized_compiles,REF-GF0025-2021,236,GF0025-2021 PDF p.236,ocr_detected,verified_inventory,false,[],machine_compiled,source_anchored,not_claimed,static_audit_passed,machine_compiled_source_anchored_static_audited
DUV3-GF0025-2021-6-021-01,DiagnosticUnit,DPV3-GF0025-2021-6-021-01,DiagnosticProfile,RBV3-GF0025-2021-6-021-01,GF0025-2021-6-021,【六21】,6,21,词类,连词,连接分句或句子,1,01,不料、可3、若,,unsplit_official_entry,,DTV3-TAX-5226A4B955B9,taxonomy_instantiated,,0,structural_pattern,(?:不料|可|若),^(不料|可|若)$,fullmatch,normalized_legacy_regex,,"[""lexical_form"",""local_context"",""grammatical_function""]","[""候选包含与权威条目 【六21】 对齐的可定位触发线索。"",""候选满足模板槽位：lexical_form、local_context、grammatical_function。"",""候选按 structural_pattern 模式实现 词类 / 连词 / 连接分句或句子 所规定的语法功能。""]","[""触发线索存在，但候选边界未覆盖完整构式。"",""局部槽位可定位，但至少一个必需槽位仅得到弱支持。""]","[""触发线索只出现在标题、编号、术语或元语言说明中。"",""必需槽位缺失，且上下文不能恢复目标结构或目标功能。""]","[""相同表层形式可能实现 连词 中的非目标功能。"",""相邻构式共享触发形式，但槽位关系或语法功能不同。""]","[""目标用例"",""边界问题"",""表层触发但非目标"",""结构缺槽"",""语义不兼容"",""其他具体构式"",""不确定/需复核""]","[""target_status"",""candidate_boundary"",""slot_status"",""structural_functional_status"",""licensed_evidence"",""runtime_evidence"",""rule_source_trace""]",^(不料|可|若)$,normalized_compiles,REF-GF0025-2021,236,GF0025-2021 PDF p.236,ocr_detected,verified_inventory,false,[],machine_compiled,source_anchored,not_claimed,static_audit_passed,machine_compiled_source_anchored_static_audited
DUV3-GF0025-2021-6-022-01,DiagnosticUnit,DPV3-GF0025-2021-6-022-01,DiagnosticProfile,RBV3-GF0025-2021-6-022-01,GF0025-2021-6-022,【六22】,6,22,词类,助词,结构助词,1,01,所,,unsplit_official_entry,,DTV3-TAX-834173C4ACFE,taxonomy_instantiated,,0,structural_pattern,(?:所),^所$,fullmatch,normalized_legacy_regex,,"[""lexical_form"",""local_context"",""grammatical_function""]","[""候选包含与权威条目 【六22】 对齐的可定位触发线索。"",""候选满足模板槽位：lexical_form、local_context、grammatical_function。"",""候选按 structural_pattern 模式实现 词类 / 助词 / 结构助词 所规定的语法功能。""]","[""触发线索存在，但候选边界未覆盖完整构式。"",""局部槽位可定位，但至少一个必需槽位仅得到弱支持。""]","[""触发线索只出现在标题、编号、术语或元语言说明中。"",""必需槽位缺失，且上下文不能恢复目标结构或目标功能。""]","[""相同表层形式可能实现 助词 中的非目标功能。"",""相邻构式共享触发形式，但槽位关系或语法功能不同。""]","[""目标用例"",""边界问题"",""表层触发但非目标"",""结构缺槽"",""语义不兼容"",""其他具体构式"",""不确定/需复核""]","[""target_status"",""candidate_boundary"",""slot_status"",""structural_functional_status"",""licensed_evidence"",""runtime_evidence"",""rule_source_trace""]",^所$,normalized_compiles,REF-GF0025-2021,236,GF0025-2021 PDF p.236,ocr_detected,verified_inventory,false,[],machine_compiled,source_anchored,not_claimed,static_audit_passed,machine_compiled_source_anchored_static_audited
DUV3-GF0025-2021-6-023-01,DiagnosticUnit,DPV3-GF0025-2021-6-023-01,DiagnosticProfile,RBV3-GF0025-2021-6-023-01,GF0025-2021-6-023,【六23】,6,23,词类,助词,语气助词,1,01,罢了、啦、嘛,,unsplit_official_entry,,DTV3-TAX-11D0BEC5BF9A,taxonomy_instantiated,,0,structural_pattern,(?:罢了|啦|嘛),^(罢了|啦|嘛)$,fullmatch,normalized_legacy_regex,,"[""lexical_form"",""local_context"",""grammatical_function""]","[""候选包含与权威条目 【六23】 对齐的可定位触发线索。"",""候选满足模板槽位：lexical_form、local_context、grammatical_function。"",""候选按 structural_pattern 模式实现 词类 / 助词 / 语气助词 所规定的语法功能。""]","[""触发线索存在，但候选边界未覆盖完整构式。"",""局部槽位可定位，但至少一个必需槽位仅得到弱支持。""]","[""触发线索只出现在标题、编号、术语或元语言说明中。"",""必需槽位缺失，且上下文不能恢复目标结构或目标功能。""]","[""相同表层形式可能实现 助词 中的非目标功能。"",""相邻构式共享触发形式，但槽位关系或语法功能不同。""]","[""目标用例"",""边界问题"",""表层触发但非目标"",""结构缺槽"",""语义不兼容"",""其他具体构式"",""不确定/需复核""]","[""target_status"",""candidate_boundary"",""slot_status"",""structural_functional_status"",""licensed_evidence"",""runtime_evidence"",""rule_source_trace""]",^(罢了|啦|嘛)$,normalized_compiles,REF-GF0025-2021,236,GF0025-2021 PDF p.236,ocr_detected,verified_inventory,false,[],machine_compiled,source_anchored,not_claimed,static_audit_passed,machine_compiled_source_anchored_static_audited
DUV3-GF0025-2021-6-024-01,DiagnosticUnit,DPV3-GF0025-2021-6-024-01,DiagnosticProfile,RBV3-GF0025-2021-6-024-01,GF0025-2021-6-024,【六24】,6,24,短语,结构类型,基本结构类型,1,01,数词+形容词+量词,,unsplit_official_entry,,DTV3-TAX-58BE1FA9DBC5,taxonomy_instantiated,,0,structural_pattern,(?:形容词|数词|量词),(?:形容词|数词|量词),search,source_literal_retrieval_trigger,,"[""phrase_head"",""dependent_or_argument"",""phrase_boundary""]","[""候选包含与权威条目 【六24】 对齐的可定位触发线索。"",""候选满足模板槽位：phrase_head、dependent_or_argument、phrase_boundary。"",""候选按 structural_pattern 模式实现 短语 / 结构类型 / 基本结构类型 所规定的语法功能。""]","[""触发线索存在，但候选边界未覆盖完整构式。"",""局部槽位可定位，但至少一个必需槽位仅得到弱支持。""]","[""触发线索只出现在标题、编号、术语或元语言说明中。"",""必需槽位缺失，且上下文不能恢复目标结构或目标功能。""]","[""相同表层形式可能实现 结构类型 中的非目标功能。"",""相邻构式共享触发形式，但槽位关系或语法功能不同。""]","[""目标用例"",""边界问题"",""表层触发但非目标"",""结构缺槽"",""语义不兼容"",""其他具体构式"",""不确定/需复核""]","[""target_status"",""candidate_boundary"",""slot_status"",""structural_functional_status"",""licensed_evidence"",""runtime_evidence"",""rule_source_trace""]",,not_available_source_literal_runtime,REF-GF0025-2021,236,GF0025-2021 PDF p.236,ocr_detected,verified_inventory,false,[],machine_compiled,source_anchored,not_claimed,static_audit_passed,machine_compiled_source_anchored_static_audited
DUV3-GF0025-2021-6-025-01,DiagnosticUnit,DPV3-GF0025-2021-6-025-01,DiagnosticProfile,RBV3-GF0025-2021-6-025-01,GF0025-2021-6-025,【六25】,6,25,短语,固定短语,四字格,1,01,或A或B,,unsplit_official_entry,,DTV3-TAX-249B0481958D,taxonomy_instantiated,,0,structural_pattern,(?:或A或B|或),或[一-龥]或[一-龥],search,normalized_legacy_regex,,"[""phrase_head"",""dependent_or_argument"",""phrase_boundary""]","[""候选包含与权威条目 【六25】 对齐的可定位触发线索。"",""候选满足模板槽位：phrase_head、dependent_or_argument、phrase_boundary。"",""候选按 structural_pattern 模式实现 短语 / 固定短语 / 四字格 所规定的语法功能。""]","[""触发线索存在，但候选边界未覆盖完整构式。"",""局部槽位可定位，但至少一个必需槽位仅得到弱支持。""]","[""触发线索只出现在标题、编号、术语或元语言说明中。"",""必需槽位缺失，且上下文不能恢复目标结构或目标功能。""]","[""相同表层形式可能实现 固定短语 中的非目标功能。"",""相邻构式共享触发形式，但槽位关系或语法功能不同。""]","[""目标用例"",""边界问题"",""表层触发但非目标"",""结构缺槽"",""语义不兼容"",""其他具体构式"",""不确定/需复核""]","[""target_status"",""candidate_boundary"",""slot_status"",""structural_functional_status"",""licensed_evidence"",""runtime_evidence"",""rule_source_trace""]",或[一-龥]或[一-龥],normalized_compiles,REF-GF0025-2021,236,GF0025-2021 PDF p.236,ocr_detected,verified_inventory,false,[],machine_compiled,source_anchored,not_claimed,static_audit_passed,machine_compiled_source_anchored_static_audited
DUV3-GF0025-2021-6-026-01,DiagnosticUnit,DPV3-GF0025-2021-6-026-01,DiagnosticProfile,RBV3-GF0025-2021-6-026-01,GF0025-2021-6-026,【六26】,6,26,短语,固定短语,四字格,1,01,无A无B,,unsplit_official_entry,,DTV3-TAX-249B0481958D,taxonomy_instantiated,,0,structural_pattern,(?:无A无B|无),无[一-龥]无[一-龥],search,normalized_legacy_regex,,"[""phrase_head"",""dependent_or_argument"",""phrase_boundary""]","[""候选包含与权威条目 【六26】 对齐的可定位触发线索。"",""候选满足模板槽位：phrase_head、dependent_or_argument、phrase_boundary。"",""候选按 structural_pattern 模式实现 短语 / 固定短语 / 四字格 所规定的语法功能。""]","[""触发线索存在，但候选边界未覆盖完整构式。"",""局部槽位可定位，但至少一个必需槽位仅得到弱支持。""]","[""触发线索只出现在标题、编号、术语或元语言说明中。"",""必需槽位缺失，且上下文不能恢复目标结构或目标功能。""]","[""相同表层形式可能实现 固定短语 中的非目标功能。"",""相邻构式共享触发形式，但槽位关系或语法功能不同。""]","[""目标用例"",""边界问题"",""表层触发但非目标"",""结构缺槽"",""语义不兼容"",""其他具体构式"",""不确定/需复核""]","[""target_status"",""candidate_boundary"",""slot_status"",""structural_functional_status"",""licensed_evidence"",""runtime_evidence"",""rule_source_trace""]",无[一-龥]无[一-龥],normalized_compiles,REF-GF0025-2021,237,GF0025-2021 PDF p.237,ocr_detected,verified_inventory,false,[],machine_compiled,source_anchored,not_claimed,static_audit_passed,machine_compiled_source_anchored_static_audited
DUV3-GF0025-2021-6-027-01,DiagnosticUnit,DPV3-GF0025-2021-6-027-01,DiagnosticProfile,RBV3-GF0025-2021-6-027-01,GF0025-2021-6-027,【六27】,6,27,短语,固定短语,四字格,1,01,A这A那,,unsplit_official_entry,,DTV3-TAX-249B0481958D,taxonomy_instantiated,,0,structural_pattern,(?:A这A那|这|那),[一-龥]这[一-龥]那,search,normalized_legacy_regex,,"[""phrase_head"",""dependent_or_argument"",""phrase_boundary""]","[""候选包含与权威条目 【六27】 对齐的可定位触发线索。"",""候选满足模板槽位：phrase_head、dependent_or_argument、phrase_boundary。"",""候选按 structural_pattern 模式实现 短语 / 固定短语 / 四字格 所规定的语法功能。""]","[""触发线索存在，但候选边界未覆盖完整构式。"",""局部槽位可定位，但至少一个必需槽位仅得到弱支持。""]","[""触发线索只出现在标题、编号、术语或元语言说明中。"",""必需槽位缺失，且上下文不能恢复目标结构或目标功能。""]","[""相同表层形式可能实现 固定短语 中的非目标功能。"",""相邻构式共享触发形式，但槽位关系或语法功能不同。""]","[""目标用例"",""边界问题"",""表层触发但非目标"",""结构缺槽"",""语义不兼容"",""其他具体构式"",""不确定/需复核""]","[""target_status"",""candidate_boundary"",""slot_status"",""structural_functional_status"",""licensed_evidence"",""runtime_evidence"",""rule_source_trace""]",[一-龥]这[一-龥]那,normalized_compiles,REF-GF0025-2021,237,GF0025-2021 PDF p.237,ocr_detected,verified_inventory,false,[],machine_compiled,source_anchored,not_claimed,static_audit_passed,machine_compiled_source_anchored_static_audited
DUV3-GF0025-2021-6-028-01,DiagnosticUnit,DPV3-GF0025-2021-6-028-01,DiagnosticProfile,RBV3-GF0025-2021-6-028-01,GF0025-2021-6-028,【六28】,6,28,短语,固定短语,四字格,1,01,左A右B,,unsplit_official_entry,,DTV3-TAX-249B0481958D,taxonomy_instantiated,,0,structural_pattern,(?:左A右B|右|左),左[一-龥]右[一-龥],search,normalized_legacy_regex,,"[""phrase_head"",""dependent_or_argument"",""phrase_boundary""]","[""候选包含与权威条目 【六28】 对齐的可定位触发线索。"",""候选满足模板槽位：phrase_head、dependent_or_argument、phrase_boundary。"",""候选按 structural_pattern 模式实现 短语 / 固定短语 / 四字格 所规定的语法功能。""]","[""触发线索存在，但候选边界未覆盖完整构式。"",""局部槽位可定位，但至少一个必需槽位仅得到弱支持。""]","[""触发线索只出现在标题、编号、术语或元语言说明中。"",""必需槽位缺失，且上下文不能恢复目标结构或目标功能。""]","[""相同表层形式可能实现 固定短语 中的非目标功能。"",""相邻构式共享触发形式，但槽位关系或语法功能不同。""]","[""目标用例"",""边界问题"",""表层触发但非目标"",""结构缺槽"",""语义不兼容"",""其他具体构式"",""不确定/需复核""]","[""target_status"",""candidate_boundary"",""slot_status"",""structural_functional_status"",""licensed_evidence"",""runtime_evidence"",""rule_source_trace""]",左[一-龥]右[一-龥],normalized_compiles,REF-GF0025-2021,237,GF0025-2021 PDF p.237,ocr_detected,verified_inventory,false,[],machine_compiled,source_anchored,not_claimed,static_audit_passed,machine_compiled_source_anchored_static_audited
DUV3-GF0025-2021-6-029-01,DiagnosticUnit,DPV3-GF0025-2021-6-029-01,DiagnosticProfile,RBV3-GF0025-2021-6-029-01,GF0025-2021-6-029,【六29】,6,29,短语,固定短语,其他,1,01,不怎么,,unsplit_official_entry,,DTV3-TAX-423191A16BE2,taxonomy_instantiated,,0,structural_pattern,(?:不怎么),不怎么,search,normalized_legacy_regex,,"[""phrase_head"",""dependent_or_argument"",""phrase_boundary""]","[""候选包含与权威条目 【六29】 对齐的可定位触发线索。"",""候选满足模板槽位：phrase_head、dependent_or_argument、phrase_boundary。"",""候选按 structural_pattern 模式实现 短语 / 固定短语 / 其他 所规定的语法功能。""]","[""触发线索存在，但候选边界未覆盖完整构式。"",""局部槽位可定位，但至少一个必需槽位仅得到弱支持。""]","[""触发线索只出现在标题、编号、术语或元语言说明中。"",""必需槽位缺失，且上下文不能恢复目标结构或目标功能。""]","[""相同表层形式可能实现 固定短语 中的非目标功能。"",""相邻构式共享触发形式，但槽位关系或语法功能不同。""]","[""目标用例"",""边界问题"",""表层触发但非目标"",""结构缺槽"",""语义不兼容"",""其他具体构式"",""不确定/需复核""]","[""target_status"",""candidate_boundary"",""slot_status"",""structural_functional_status"",""licensed_evidence"",""runtime_evidence"",""rule_source_trace""]",不怎么,normalized_compiles,REF-GF0025-2021,237,GF0025-2021 PDF p.237,ocr_detected,verified_inventory,false,[],machine_compiled,source_anchored,not_claimed,static_audit_passed,machine_compiled_source_anchored_static_audited
DUV3-GF0025-2021-6-030-01,DiagnosticUnit,DPV3-GF0025-2021-6-030-01,DiagnosticProfile,RBV3-GF0025-2021-6-030-01,GF0025-2021-6-030,【六30】,6,30,短语,固定短语,其他,1,01,不怎么样,,unsplit_official_entry,,DTV3-TAX-423191A16BE2,taxonomy_instantiated,,0,structural_pattern,(?:不怎么样),不怎么样,search,normalized_legacy_regex,,"[""phrase_head"",""dependent_or_argument"",""phrase_boundary""]","[""候选包含与权威条目 【六30】 对齐的可定位触发线索。"",""候选满足模板槽位：phrase_head、dependent_or_argument、phrase_boundary。"",""候选按 structural_pattern 模式实现 短语 / 固定短语 / 其他 所规定的语法功能。""]","[""触发线索存在，但候选边界未覆盖完整构式。"",""局部槽位可定位，但至少一个必需槽位仅得到弱支持。""]","[""触发线索只出现在标题、编号、术语或元语言说明中。"",""必需槽位缺失，且上下文不能恢复目标结构或目标功能。""]","[""相同表层形式可能实现 固定短语 中的非目标功能。"",""相邻构式共享触发形式，但槽位关系或语法功能不同。""]","[""目标用例"",""边界问题"",""表层触发但非目标"",""结构缺槽"",""语义不兼容"",""其他具体构式"",""不确定/需复核""]","[""target_status"",""candidate_boundary"",""slot_status"",""structural_functional_status"",""licensed_evidence"",""runtime_evidence"",""rule_source_trace""]",不怎么样,normalized_compiles,REF-GF0025-2021,,GF0025-2021 PDF pp.176–259,appendix_span_verified,verified_inventory,false,[],machine_compiled,source_anchored,not_claimed,static_audit_passed,machine_compiled_source_anchored_static_audited
DUV3-GF0025-2021-6-031-01,DiagnosticUnit,DPV3-GF0025-2021-6-031-01,DiagnosticProfile,RBV3-GF0025-2021-6-031-01,GF0025-2021-6-031,【六31】,6,31,短语,固定短语,其他,1,01,好（不）容易,,unsplit_official_entry,,DTV3-TAX-423191A16BE2,taxonomy_instantiated,,0,structural_pattern,(?:容易|不|好),好不*容易,search,normalized_legacy_regex,,"[""phrase_head"",""dependent_or_argument"",""phrase_boundary""]","[""候选包含与权威条目 【六31】 对齐的可定位触发线索。"",""候选满足模板槽位：phrase_head、dependent_or_argument、phrase_boundary。"",""候选按 structural_pattern 模式实现 短语 / 固定短语 / 其他 所规定的语法功能。""]","[""触发线索存在，但候选边界未覆盖完整构式。"",""局部槽位可定位，但至少一个必需槽位仅得到弱支持。""]","[""触发线索只出现在标题、编号、术语或元语言说明中。"",""必需槽位缺失，且上下文不能恢复目标结构或目标功能。""]","[""相同表层形式可能实现 固定短语 中的非目标功能。"",""相邻构式共享触发形式，但槽位关系或语法功能不同。""]","[""目标用例"",""边界问题"",""表层触发但非目标"",""结构缺槽"",""语义不兼容"",""其他具体构式"",""不确定/需复核""]","[""target_status"",""candidate_boundary"",""slot_status"",""structural_functional_status"",""licensed_evidence"",""runtime_evidence"",""rule_source_trace""]",好不*容易,normalized_compiles,REF-GF0025-2021,237,GF0025-2021 PDF p.237,ocr_detected,verified_inventory,false,[],machine_compiled,source_anchored,not_claimed,static_audit_passed,machine_compiled_source_anchored_static_audited
DUV3-GF0025-2021-6-032-01,DiagnosticUnit,DPV3-GF0025-2021-6-032-01,DiagnosticProfile,RBV3-GF0025-2021-6-032-01,GF0025-2021-6-032,【六32】,6,32,短语,固定短语,其他,1,01,那倒（也）是,,unsplit_official_entry,,DTV3-TAX-423191A16BE2,taxonomy_instantiated,,0,structural_pattern,(?:那倒|也|是),那倒也*是,search,normalized_legacy_regex,,"[""phrase_head"",""dependent_or_argument"",""phrase_boundary""]","[""候选包含与权威条目 【六32】 对齐的可定位触发线索。"",""候选满足模板槽位：phrase_head、dependent_or_argument、phrase_boundary。"",""候选按 structural_pattern 模式实现 短语 / 固定短语 / 其他 所规定的语法功能。""]","[""触发线索存在，但候选边界未覆盖完整构式。"",""局部槽位可定位，但至少一个必需槽位仅得到弱支持。""]","[""触发线索只出现在标题、编号、术语或元语言说明中。"",""必需槽位缺失，且上下文不能恢复目标结构或目标功能。""]","[""相同表层形式可能实现 固定短语 中的非目标功能。"",""相邻构式共享触发形式，但槽位关系或语法功能不同。""]","[""目标用例"",""边界问题"",""表层触发但非目标"",""结构缺槽"",""语义不兼容"",""其他具体构式"",""不确定/需复核""]","[""target_status"",""candidate_boundary"",""slot_status"",""structural_functional_status"",""licensed_evidence"",""runtime_evidence"",""rule_source_trace""]",那倒也*是,normalized_compiles,REF-GF0025-2021,,GF0025-2021 PDF pp.176–259,appendix_span_verified,verified_inventory,false,[],machine_compiled,source_anchored,not_claimed,static_audit_passed,machine_compiled_source_anchored_static_audited
DUV3-GF0025-2021-6-033-01,DiagnosticUnit,DPV3-GF0025-2021-6-033-01,DiagnosticProfile,RBV3-GF0025-2021-6-033-01,GF0025-2021-6-033,【六33】,6,33,短语,固定短语,其他,1,01,就是说/这就是说,,unsplit_official_entry,,DTV3-TAX-423191A16BE2,taxonomy_instantiated,,0,structural_pattern,(?:这就是说|就是说),就是说|这就是说,search,normalized_legacy_regex,,"[""phrase_head"",""dependent_or_argument"",""phrase_boundary""]","[""候选包含与权威条目 【六33】 对齐的可定位触发线索。"",""候选满足模板槽位：phrase_head、dependent_or_argument、phrase_boundary。"",""候选按 structural_pattern 模式实现 短语 / 固定短语 / 其他 所规定的语法功能。""]","[""触发线索存在，但候选边界未覆盖完整构式。"",""局部槽位可定位，但至少一个必需槽位仅得到弱支持。""]","[""触发线索只出现在标题、编号、术语或元语言说明中。"",""必需槽位缺失，且上下文不能恢复目标结构或目标功能。""]","[""相同表层形式可能实现 固定短语 中的非目标功能。"",""相邻构式共享触发形式，但槽位关系或语法功能不同。""]","[""目标用例"",""边界问题"",""表层触发但非目标"",""结构缺槽"",""语义不兼容"",""其他具体构式"",""不确定/需复核""]","[""target_status"",""candidate_boundary"",""slot_status"",""structural_functional_status"",""licensed_evidence"",""runtime_evidence"",""rule_source_trace""]",就是说|这就是说,normalized_compiles,REF-GF0025-2021,237,GF0025-2021 PDF p.237,ocr_detected,verified_inventory,false,[],machine_compiled,source_anchored,not_claimed,static_audit_passed,machine_compiled_source_anchored_static_audited
DUV3-GF0025-2021-6-034-01,DiagnosticUnit,DPV3-GF0025-2021-6-034-01,DiagnosticProfile,RBV3-GF0025-2021-6-034-01,GF0025-2021-6-034,【六34】,6,34,短语,固定短语,其他,1,01,算了,,unsplit_official_entry,,DTV3-TAX-423191A16BE2,taxonomy_instantiated,,0,structural_pattern,(?:算了),算了,search,normalized_legacy_regex,,"[""phrase_head"",""dependent_or_argument"",""phrase_boundary""]","[""候选包含与权威条目 【六34】 对齐的可定位触发线索。"",""候选满足模板槽位：phrase_head、dependent_or_argument、phrase_boundary。"",""候选按 structural_pattern 模式实现 短语 / 固定短语 / 其他 所规定的语法功能。""]","[""触发线索存在，但候选边界未覆盖完整构式。"",""局部槽位可定位，但至少一个必需槽位仅得到弱支持。""]","[""触发线索只出现在标题、编号、术语或元语言说明中。"",""必需槽位缺失，且上下文不能恢复目标结构或目标功能。""]","[""相同表层形式可能实现 固定短语 中的非目标功能。"",""相邻构式共享触发形式，但槽位关系或语法功能不同。""]","[""目标用例"",""边界问题"",""表层触发但非目标"",""结构缺槽"",""语义不兼容"",""其他具体构式"",""不确定/需复核""]","[""target_status"",""candidate_boundary"",""slot_status"",""structural_functional_status"",""licensed_evidence"",""runtime_evidence"",""rule_source_trace""]",算了,normalized_compiles,REF-GF0025-2021,,GF0025-2021 PDF pp.176–259,appendix_span_verified,verified_inventory,false,[],machine_compiled,source_anchored,not_claimed,static_audit_passed,machine_compiled_source_anchored_static_audited
DUV3-GF0025-2021-6-035-01,DiagnosticUnit,DPV3-GF0025-2021-6-035-01,DiagnosticProfile,RBV3-GF0025-2021-6-035-01,GF0025-2021-6-035,【六35】,6,35,固定格式,未细分,,1,01,A一+量词，B一+量词,,unsplit_official_entry,,DTV3-POINT-998DC5A702EA,point_specific_instantiated,,0,structural_pattern,(?:量词|一),[一-龥]一[个杯本包块]，[一-龥]一[个杯本包块],search,normalized_legacy_regex,,"[""fixed_marker"",""internal_slot"",""construction_boundary""]","[""候选包含与权威条目 【六35】 对齐的可定位触发线索。"",""候选满足模板槽位：fixed_marker、internal_slot、construction_boundary。"",""候选按 structural_pattern 模式实现 固定格式 / 未细分 / 未列小项 所规定的语法功能。""]","[""触发线索存在，但候选边界未覆盖完整构式。"",""局部槽位可定位，但至少一个必需槽位仅得到弱支持。""]","[""触发线索只出现在标题、编号、术语或元语言说明中。"",""必需槽位缺失，且上下文不能恢复目标结构或目标功能。""]","[""相同表层形式可能实现 未细分 中的非目标功能。"",""相邻构式共享触发形式，但槽位关系或语法功能不同。""]","[""目标用例"",""边界问题"",""表层触发但非目标"",""结构缺槽"",""语义不兼容"",""其他具体构式"",""不确定/需复核""]","[""target_status"",""candidate_boundary"",""slot_status"",""structural_functional_status"",""licensed_evidence"",""runtime_evidence"",""rule_source_trace""]",[一-龥]一[个杯本包块]，[一-龥]一[个杯本包块],normalized_compiles,REF-GF0025-2021,,GF0025-2021 PDF pp.176–259,appendix_span_verified,verified_inventory,false,[],machine_compiled,source_anchored,not_claimed,static_audit_passed,machine_compiled_source_anchored_static_audited
DUV3-GF0025-2021-6-036-01,DiagnosticUnit,DPV3-GF0025-2021-6-036-01,DiagnosticProfile,RBV3-GF0025-2021-6-036-01,GF0025-2021-6-036,【六36】,6,36,固定格式,未细分,,1,01,东一A，西一A,,unsplit_official_entry,,DTV3-POINT-36C163FCB251,point_specific_instantiated,,0,structural_pattern,(?:东一|西一),东一([一-龥]+)，西一\1,search,normalized_legacy_regex,,"[""fixed_marker"",""internal_slot"",""construction_boundary""]","[""候选包含与权威条目 【六36】 对齐的可定位触发线索。"",""候选满足模板槽位：fixed_marker、internal_slot、construction_boundary。"",""候选按 structural_pattern 模式实现 固定格式 / 未细分 / 未列小项 所规定的语法功能。""]","[""触发线索存在，但候选边界未覆盖完整构式。"",""局部槽位可定位，但至少一个必需槽位仅得到弱支持。""]","[""触发线索只出现在标题、编号、术语或元语言说明中。"",""必需槽位缺失，且上下文不能恢复目标结构或目标功能。""]","[""相同表层形式可能实现 未细分 中的非目标功能。"",""相邻构式共享触发形式，但槽位关系或语法功能不同。""]","[""目标用例"",""边界问题"",""表层触发但非目标"",""结构缺槽"",""语义不兼容"",""其他具体构式"",""不确定/需复核""]","[""target_status"",""candidate_boundary"",""slot_status"",""structural_functional_status"",""licensed_evidence"",""runtime_evidence"",""rule_source_trace""]",东一([一-龥]+)，西一\1,normalized_compiles,REF-GF0025-2021,238,GF0025-2021 PDF p.238,ocr_detected,verified_inventory,false,[],machine_compiled,source_anchored,not_claimed,static_audit_passed,machine_compiled_source_anchored_static_audited
DUV3-GF0025-2021-6-037-01,DiagnosticUnit,DPV3-GF0025-2021-6-037-01,DiagnosticProfile,RBV3-GF0025-2021-6-037-01,GF0025-2021-6-037,【六37】,6,37,固定格式,未细分,,1,01,为了……而……,,unsplit_official_entry,,DTV3-POINT-174813FD5E40,point_specific_instantiated,,0,structural_pattern,(?:为了……而……|为了|而),为了.+而.+,search,normalized_legacy_regex,,"[""fixed_marker"",""internal_slot"",""construction_boundary""]","[""候选包含与权威条目 【六37】 对齐的可定位触发线索。"",""候选满足模板槽位：fixed_marker、internal_slot、construction_boundary。"",""候选按 structural_pattern 模式实现 固定格式 / 未细分 / 未列小项 所规定的语法功能。""]","[""触发线索存在，但候选边界未覆盖完整构式。"",""局部槽位可定位，但至少一个必需槽位仅得到弱支持。""]","[""触发线索只出现在标题、编号、术语或元语言说明中。"",""必需槽位缺失，且上下文不能恢复目标结构或目标功能。""]","[""相同表层形式可能实现 未细分 中的非目标功能。"",""相邻构式共享触发形式，但槽位关系或语法功能不同。""]","[""目标用例"",""边界问题"",""表层触发但非目标"",""结构缺槽"",""语义不兼容"",""其他具体构式"",""不确定/需复核""]","[""target_status"",""candidate_boundary"",""slot_status"",""structural_functional_status"",""licensed_evidence"",""runtime_evidence"",""rule_source_trace""]",为了.+而.+,normalized_compiles,REF-GF0025-2021,,GF0025-2021 PDF pp.176–259,appendix_span_verified,verified_inventory,false,[],machine_compiled,source_anchored,not_claimed,static_audit_passed,machine_compiled_source_anchored_static_audited
DUV3-GF0025-2021-6-038-01,DiagnosticUnit,DPV3-GF0025-2021-6-038-01,DiagnosticProfile,RBV3-GF0025-2021-6-038-01,GF0025-2021-6-038,【六38】,6,38,句子成分,宾语,,1,01,处所宾语,宾语的语义类型2,numbered_usage,（1）,DTV3-TAX-1B3B2B7206BD,taxonomy_instantiated,,0,complex_functional,(?:处所宾语),(?:处所宾语),search,source_literal_retrieval_trigger,,"[""candidate_expression"",""governing_predicate"",""syntactic_role""]","[""候选包含与权威条目 【六38】 对齐的可定位触发线索。"",""候选满足模板槽位：candidate_expression、governing_predicate、syntactic_role。"",""候选按 complex_functional 模式实现 句子成分 / 宾语 / 未列小项 所规定的语法功能。""]","[""触发线索存在，但候选边界未覆盖完整构式。"",""局部槽位可定位，但至少一个必需槽位仅得到弱支持。""]","[""触发线索只出现在标题、编号、术语或元语言说明中。"",""必需槽位缺失，且上下文不能恢复目标结构或目标功能。""]","[""相同表层形式可能实现 宾语 中的非目标功能。"",""相邻构式共享触发形式，但槽位关系或语法功能不同。""]","[""目标用例"",""边界问题"",""表层触发但非目标"",""结构缺槽"",""语义不兼容"",""其他具体构式"",""不确定/需复核""]","[""target_status"",""candidate_boundary"",""slot_status"",""structural_functional_status"",""licensed_evidence"",""runtime_evidence"",""rule_source_trace""]",,not_available_source_literal_runtime,REF-GF0025-2021,,GF0025-2021 PDF pp.176–259,appendix_span_verified,verified_inventory,false,[],machine_compiled,source_anchored,not_claimed,static_audit_passed,machine_compiled_source_anchored_static_audited
DUV3-GF0025-2021-6-038-02,DiagnosticUnit,DPV3-GF0025-2021-6-038-02,DiagnosticProfile,RBV3-GF0025-2021-6-038-02,GF0025-2021-6-038,【六38】,6,38,句子成分,宾语,,2,02,结果宾语,宾语的语义类型2,numbered_usage,（2）,DTV3-TAX-1B3B2B7206BD,taxonomy_instantiated,,0,complex_functional,(?:结果宾语),(?:结果宾语),search,source_literal_retrieval_trigger,,"[""candidate_expression"",""governing_predicate"",""syntactic_role""]","[""候选包含与权威条目 【六38】 对齐的可定位触发线索。"",""候选满足模板槽位：candidate_expression、governing_predicate、syntactic_role。"",""候选按 complex_functional 模式实现 句子成分 / 宾语 / 未列小项 所规定的语法功能。""]","[""触发线索存在，但候选边界未覆盖完整构式。"",""局部槽位可定位，但至少一个必需槽位仅得到弱支持。""]","[""触发线索只出现在标题、编号、术语或元语言说明中。"",""必需槽位缺失，且上下文不能恢复目标结构或目标功能。""]","[""相同表层形式可能实现 宾语 中的非目标功能。"",""相邻构式共享触发形式，但槽位关系或语法功能不同。""]","[""目标用例"",""边界问题"",""表层触发但非目标"",""结构缺槽"",""语义不兼容"",""其他具体构式"",""不确定/需复核""]","[""target_status"",""candidate_boundary"",""slot_status"",""structural_functional_status"",""licensed_evidence"",""runtime_evidence"",""rule_source_trace""]",,not_available_source_literal_runtime,REF-GF0025-2021,,GF0025-2021 PDF pp.176–259,appendix_span_verified,verified_inventory,false,[],machine_compiled,source_anchored,not_claimed,static_audit_passed,machine_compiled_source_anchored_static_audited
DUV3-GF0025-2021-6-039-01,DiagnosticUnit,DPV3-GF0025-2021-6-039-01,DiagnosticProfile,RBV3-GF0025-2021-6-039-01,GF0025-2021-6-039,【六39】,6,39,句子成分,补语,趋向补语,1,01,趋向补语5 表示状态意义（引申用法）：动词/形容词+下来/下去/起来/过来,,unsplit_official_entry,,DTV3-SEED-C7C9B744490A,seed_reused,趋向补语候选,120,complex_functional,(?:状态意义|趋向补语|形容词|下去|下来|动词|引申|起来|趋向|过来),(?:状态意义|趋向补语|形容词|下去|下来|动词|引申|起来|趋向|过来),search,source_literal_retrieval_trigger,,"[""predicate"",""complement_marker"",""complement_core"",""object_or_extent""]","[""候选片段包含或可解释出“趋向补语”相关标记/结构线索。"",""候选片段满足所属语法家族的核心槽位要求：谓词、补语标记、补语核心、宾语/对象、数量/时量成分。"",""候选片段在原句中承担该语法点的实际语法功能，而非仅有表层词形。""]","[""结构大体可定位但边界过短或过长。"",""标记存在但核心槽位需要结合上下文复核。""]","[""候选片段只是术语、标题、编号、残片或 OCR 混杂内容。"",""只有表层标记，无法构成所属语法家族的核心结构。""]","[""只有表层标记""]","[""目标用例"",""边界问题"",""表层触发但非目标"",""结构缺槽"",""语义不兼容"",""其他具体构式"",""不确定/需复核""]","[""target_status"",""candidate_boundary"",""slot_status"",""structural_functional_status"",""licensed_evidence"",""runtime_evidence"",""rule_source_trace""]",,not_available_source_literal_runtime,REF-GF0025-2021,238,GF0025-2021 PDF p.238,ocr_detected,verified_inventory,false,[],machine_compiled,source_anchored,not_claimed,static_audit_passed,machine_compiled_source_anchored_static_audited
DUV3-GF0025-2021-6-040-01,DiagnosticUnit,DPV3-GF0025-2021-6-040-01,DiagnosticProfile,RBV3-GF0025-2021-6-040-01,GF0025-2021-6-040,【六40】,6,40,句子的类型,特殊句型,“把”字句,1,01,主语（非生物体）+把+宾语+动词+其他成分,“把”字句4：表致使,numbered_usage,（1）,DTV3-SEED-9D89FF701AAE,seed_reused,把字句候选,120,structural_pattern,(?:非生物体|主语|动词|宾语|成分|把),(?:非生物体|主语|动词|宾语|成分|把),search,source_literal_retrieval_trigger,,"[""agent"",""disposal_marker"",""patient"",""predicate"",""result_or_complement""]","[""候选片段包含处置标记“把”。"",""“把”后存在可解释为受事的名词性成分。"",""受事之后存在谓词性成分。"",""优先接受带有结果、趋向、状态变化或补足成分的处置表达。""]","[""候选片段只截到“把+受事”而缺少谓词性成分。"",""候选边界包含前置无关动作链，但核心把字结构仍可定位。""]","[""“把”只出现在术语、标题、编号或非句法用例中。"",""候选片段为残片，无法定位受事或谓词。""]","[""只因出现“把”而结构不成立""]","[""目标用例"",""边界问题"",""表层触发但非目标"",""结构缺槽"",""语义不兼容"",""其他具体构式"",""不确定/需复核""]","[""target_status"",""candidate_boundary"",""slot_status"",""structural_functional_status"",""licensed_evidence"",""runtime_evidence"",""rule_source_trace""]",,not_available_source_literal_runtime,REF-GF0025-2021,239,GF0025-2021 PDF p.239,ocr_detected,verified_inventory,false,[],machine_compiled,source_anchored,not_claimed,static_audit_passed,machine_compiled_source_anchored_static_audited
DUV3-GF0025-2021-6-040-02,DiagnosticUnit,DPV3-GF0025-2021-6-040-02,DiagnosticProfile,RBV3-GF0025-2021-6-040-02,GF0025-2021-6-040,【六40】,6,40,句子的类型,特殊句型,“把”字句,2,02,主语+把+宾语（施事）+动词+其他成分,“把”字句4：表致使,numbered_usage,（2）,DTV3-SEED-9D89FF701AAE,seed_reused,把字句候选,120,structural_pattern,(?:主语|动词|宾语|成分|施事|把),(?:主语|动词|宾语|成分|施事|把),search,source_literal_retrieval_trigger,,"[""agent"",""disposal_marker"",""patient"",""predicate"",""result_or_complement""]","[""候选片段包含处置标记“把”。"",""“把”后存在可解释为受事的名词性成分。"",""受事之后存在谓词性成分。"",""优先接受带有结果、趋向、状态变化或补足成分的处置表达。""]","[""候选片段只截到“把+受事”而缺少谓词性成分。"",""候选边界包含前置无关动作链，但核心把字结构仍可定位。""]","[""“把”只出现在术语、标题、编号或非句法用例中。"",""候选片段为残片，无法定位受事或谓词。""]","[""只因出现“把”而结构不成立""]","[""目标用例"",""边界问题"",""表层触发但非目标"",""结构缺槽"",""语义不兼容"",""其他具体构式"",""不确定/需复核""]","[""target_status"",""candidate_boundary"",""slot_status"",""structural_functional_status"",""licensed_evidence"",""runtime_evidence"",""rule_source_trace""]",,not_available_source_literal_runtime,REF-GF0025-2021,239,GF0025-2021 PDF p.239,ocr_detected,verified_inventory,false,[],machine_compiled,source_anchored,not_claimed,static_audit_passed,machine_compiled_source_anchored_static_audited
DUV3-GF0025-2021-6-041-01,DiagnosticUnit,DPV3-GF0025-2021-6-041-01,DiagnosticProfile,RBV3-GF0025-2021-6-041-01,GF0025-2021-6-041,【六41】,6,41,句子的类型,特殊句型,被动句,1,01,被动句4：主语+被/叫/让+宾语+给+动词+其他成分,,unsplit_official_entry,,DTV3-SEED-9DEB8FD0AD62,seed_reused,被字句候选,120,structural_pattern,(?:被动句|主语|动词|宾语|成分|叫|给|被|让),.+[被叫让].+给.+,search,normalized_legacy_regex,,"[""patient"",""passive_marker"",""agent_optional"",""predicate""]","[""存在被动标记，且句中可解释出受事和受影响事件。"",""施事可以明示，也可以省略。"",""谓词通常表达动作、影响或结果状态。""]","[""候选片段过短，但原句附近可补足被动事件。""]","[""“被”出现在术语残片、语法说明或非句法用例中。"",""只有被动标记而无可解释谓词事件。""]","[""术语或说明文字触发""]","[""目标用例"",""边界问题"",""表层触发但非目标"",""结构缺槽"",""语义不兼容"",""其他具体构式"",""不确定/需复核""]","[""target_status"",""candidate_boundary"",""slot_status"",""structural_functional_status"",""licensed_evidence"",""runtime_evidence"",""rule_source_trace""]",.+[被叫让].+给.+,normalized_compiles,REF-GF0025-2021,239,GF0025-2021 PDF p.239,ocr_detected,verified_inventory,false,[],machine_compiled,source_anchored,not_claimed,static_audit_passed,machine_compiled_source_anchored_static_audited
DUV3-GF0025-2021-6-042-01,DiagnosticUnit,DPV3-GF0025-2021-6-042-01,DiagnosticProfile,RBV3-GF0025-2021-6-042-01,GF0025-2021-6-042,【六42】,6,42,句子的类型,复句,并列复句,1,01,时而……，时而……,,unsplit_official_entry,,DTV3-TAX-A5230521300C,taxonomy_instantiated,,0,structural_pattern,(?:时而),时而.+，时而.+,search,normalized_legacy_regex,,"[""clause_1"",""relation_marker"",""clause_2"",""logical_relation""]","[""候选包含与权威条目 【六42】 对齐的可定位触发线索。"",""候选满足模板槽位：clause_1、relation_marker、clause_2、logical_relation。"",""候选按 structural_pattern 模式实现 句子的类型 / 复句 / 并列复句 所规定的语法功能。""]","[""触发线索存在，但候选边界未覆盖完整构式。"",""局部槽位可定位，但至少一个必需槽位仅得到弱支持。""]","[""触发线索只出现在标题、编号、术语或元语言说明中。"",""必需槽位缺失，且上下文不能恢复目标结构或目标功能。""]","[""相同表层形式可能实现 复句 中的非目标功能。"",""相邻构式共享触发形式，但槽位关系或语法功能不同。""]","[""目标用例"",""边界问题"",""表层触发但非目标"",""结构缺槽"",""语义不兼容"",""其他具体构式"",""不确定/需复核""]","[""target_status"",""candidate_boundary"",""slot_status"",""structural_functional_status"",""licensed_evidence"",""runtime_evidence"",""rule_source_trace""]",时而.+，时而.+,normalized_compiles,REF-GF0025-2021,239,GF0025-2021 PDF p.239,ocr_detected,verified_inventory,false,[],machine_compiled,source_anchored,not_claimed,static_audit_passed,machine_compiled_source_anchored_static_audited
DUV3-GF0025-2021-6-043-01,DiagnosticUnit,DPV3-GF0025-2021-6-043-01,DiagnosticProfile,RBV3-GF0025-2021-6-043-01,GF0025-2021-6-043,【六43】,6,43,句子的类型,复句,并列复句,1,01,一时……一时……,,unsplit_official_entry,,DTV3-TAX-A5230521300C,taxonomy_instantiated,,0,structural_pattern,(?:一时……一时……|一时),一时.+一时.+,search,normalized_legacy_regex,,"[""clause_1"",""relation_marker"",""clause_2"",""logical_relation""]","[""候选包含与权威条目 【六43】 对齐的可定位触发线索。"",""候选满足模板槽位：clause_1、relation_marker、clause_2、logical_relation。"",""候选按 structural_pattern 模式实现 句子的类型 / 复句 / 并列复句 所规定的语法功能。""]","[""触发线索存在，但候选边界未覆盖完整构式。"",""局部槽位可定位，但至少一个必需槽位仅得到弱支持。""]","[""触发线索只出现在标题、编号、术语或元语言说明中。"",""必需槽位缺失，且上下文不能恢复目标结构或目标功能。""]","[""相同表层形式可能实现 复句 中的非目标功能。"",""相邻构式共享触发形式，但槽位关系或语法功能不同。""]","[""目标用例"",""边界问题"",""表层触发但非目标"",""结构缺槽"",""语义不兼容"",""其他具体构式"",""不确定/需复核""]","[""target_status"",""candidate_boundary"",""slot_status"",""structural_functional_status"",""licensed_evidence"",""runtime_evidence"",""rule_source_trace""]",一时.+一时.+,normalized_compiles,REF-GF0025-2021,239,GF0025-2021 PDF p.239,ocr_detected,verified_inventory,false,[],machine_compiled,source_anchored,not_claimed,static_audit_passed,machine_compiled_source_anchored_static_audited
DUV3-GF0025-2021-6-044-01,DiagnosticUnit,DPV3-GF0025-2021-6-044-01,DiagnosticProfile,RBV3-GF0025-2021-6-044-01,GF0025-2021-6-044,【六44】,6,44,句子的类型,复句,承接复句,1,01,……便……,,unsplit_official_entry,,DTV3-TAX-139E6033C389,taxonomy_instantiated,,0,structural_pattern,(?:……便……|便),.+便.+,search,normalized_legacy_regex,,"[""clause_1"",""relation_marker"",""clause_2"",""logical_relation""]","[""候选包含与权威条目 【六44】 对齐的可定位触发线索。"",""候选满足模板槽位：clause_1、relation_marker、clause_2、logical_relation。"",""候选按 structural_pattern 模式实现 句子的类型 / 复句 / 承接复句 所规定的语法功能。""]","[""触发线索存在，但候选边界未覆盖完整构式。"",""局部槽位可定位，但至少一个必需槽位仅得到弱支持。""]","[""触发线索只出现在标题、编号、术语或元语言说明中。"",""必需槽位缺失，且上下文不能恢复目标结构或目标功能。""]","[""相同表层形式可能实现 复句 中的非目标功能。"",""相邻构式共享触发形式，但槽位关系或语法功能不同。""]","[""目标用例"",""边界问题"",""表层触发但非目标"",""结构缺槽"",""语义不兼容"",""其他具体构式"",""不确定/需复核""]","[""target_status"",""candidate_boundary"",""slot_status"",""structural_functional_status"",""licensed_evidence"",""runtime_evidence"",""rule_source_trace""]",.+便.+,normalized_compiles,REF-GF0025-2021,,GF0025-2021 PDF pp.176–259,appendix_span_verified,verified_inventory,false,[],machine_compiled,source_anchored,not_claimed,static_audit_passed,machine_compiled_source_anchored_static_audited
DUV3-GF0025-2021-6-045-01,DiagnosticUnit,DPV3-GF0025-2021-6-045-01,DiagnosticProfile,RBV3-GF0025-2021-6-045-01,GF0025-2021-6-045,【六45】,6,45,句子的类型,复句,递进复句,1,01,不但不/不但没有……，反而……,,unsplit_official_entry,,DTV3-TAX-F195974A2CD0,taxonomy_instantiated,,0,structural_pattern,(?:不但没有|不但不|反而),(不但不|不但没有).+，反而.+,search,normalized_legacy_regex,,"[""clause_1"",""relation_marker"",""clause_2"",""logical_relation""]","[""候选包含与权威条目 【六45】 对齐的可定位触发线索。"",""候选满足模板槽位：clause_1、relation_marker、clause_2、logical_relation。"",""候选按 structural_pattern 模式实现 句子的类型 / 复句 / 递进复句 所规定的语法功能。""]","[""触发线索存在，但候选边界未覆盖完整构式。"",""局部槽位可定位，但至少一个必需槽位仅得到弱支持。""]","[""触发线索只出现在标题、编号、术语或元语言说明中。"",""必需槽位缺失，且上下文不能恢复目标结构或目标功能。""]","[""相同表层形式可能实现 复句 中的非目标功能。"",""相邻构式共享触发形式，但槽位关系或语法功能不同。""]","[""目标用例"",""边界问题"",""表层触发但非目标"",""结构缺槽"",""语义不兼容"",""其他具体构式"",""不确定/需复核""]","[""target_status"",""candidate_boundary"",""slot_status"",""structural_functional_status"",""licensed_evidence"",""runtime_evidence"",""rule_source_trace""]",(不但不|不但没有).+，反而.+,normalized_compiles,REF-GF0025-2021,239,GF0025-2021 PDF p.239,ocr_detected,verified_inventory,false,[],machine_compiled,source_anchored,not_claimed,static_audit_passed,machine_compiled_source_anchored_static_audited
DUV3-GF0025-2021-6-046-01,DiagnosticUnit,DPV3-GF0025-2021-6-046-01,DiagnosticProfile,RBV3-GF0025-2021-6-046-01,GF0025-2021-6-046,【六46】,6,46,句子的类型,复句,递进复句,1,01,不是……，还/还是……,,unsplit_official_entry,,DTV3-TAX-F195974A2CD0,taxonomy_instantiated,,0,structural_pattern,(?:不是|还是|还),不是.+，(还|还是).+,search,normalized_legacy_regex,,"[""clause_1"",""relation_marker"",""clause_2"",""logical_relation""]","[""候选包含与权威条目 【六46】 对齐的可定位触发线索。"",""候选满足模板槽位：clause_1、relation_marker、clause_2、logical_relation。"",""候选按 structural_pattern 模式实现 句子的类型 / 复句 / 递进复句 所规定的语法功能。""]","[""触发线索存在，但候选边界未覆盖完整构式。"",""局部槽位可定位，但至少一个必需槽位仅得到弱支持。""]","[""触发线索只出现在标题、编号、术语或元语言说明中。"",""必需槽位缺失，且上下文不能恢复目标结构或目标功能。""]","[""相同表层形式可能实现 复句 中的非目标功能。"",""相邻构式共享触发形式，但槽位关系或语法功能不同。""]","[""目标用例"",""边界问题"",""表层触发但非目标"",""结构缺槽"",""语义不兼容"",""其他具体构式"",""不确定/需复核""]","[""target_status"",""candidate_boundary"",""slot_status"",""structural_functional_status"",""licensed_evidence"",""runtime_evidence"",""rule_source_trace""]",不是.+，(还|还是).+,normalized_compiles,REF-GF0025-2021,240,GF0025-2021 PDF p.240,ocr_detected,verified_inventory,false,[],machine_compiled,source_anchored,not_claimed,static_audit_passed,machine_compiled_source_anchored_static_audited
DUV3-GF0025-2021-6-047-01,DiagnosticUnit,DPV3-GF0025-2021-6-047-01,DiagnosticProfile,RBV3-GF0025-2021-6-047-01,GF0025-2021-6-047,【六47】,6,47,句子的类型,复句,递进复句,1,01,连……都/也……，……更……,,unsplit_official_entry,,DTV3-TAX-F195974A2CD0,taxonomy_instantiated,,0,structural_pattern,(?:也|更|连|都),连.+(都|也).+，.+更.+,search,normalized_legacy_regex,,"[""clause_1"",""relation_marker"",""clause_2"",""logical_relation""]","[""候选包含与权威条目 【六47】 对齐的可定位触发线索。"",""候选满足模板槽位：clause_1、relation_marker、clause_2、logical_relation。"",""候选按 structural_pattern 模式实现 句子的类型 / 复句 / 递进复句 所规定的语法功能。""]","[""触发线索存在，但候选边界未覆盖完整构式。"",""局部槽位可定位，但至少一个必需槽位仅得到弱支持。""]","[""触发线索只出现在标题、编号、术语或元语言说明中。"",""必需槽位缺失，且上下文不能恢复目标结构或目标功能。""]","[""相同表层形式可能实现 复句 中的非目标功能。"",""相邻构式共享触发形式，但槽位关系或语法功能不同。""]","[""目标用例"",""边界问题"",""表层触发但非目标"",""结构缺槽"",""语义不兼容"",""其他具体构式"",""不确定/需复核""]","[""target_status"",""candidate_boundary"",""slot_status"",""structural_functional_status"",""licensed_evidence"",""runtime_evidence"",""rule_source_trace""]",连.+(都|也).+，.+更.+,normalized_compiles,REF-GF0025-2021,,GF0025-2021 PDF pp.176–259,appendix_span_verified,verified_inventory,false,[],machine_compiled,source_anchored,not_claimed,static_audit_passed,machine_compiled_source_anchored_static_audited
DUV3-GF0025-2021-6-048-01,DiagnosticUnit,DPV3-GF0025-2021-6-048-01,DiagnosticProfile,RBV3-GF0025-2021-6-048-01,GF0025-2021-6-048,【六48】,6,48,句子的类型,复句,选择复句,1,01,要么……，要么……,,unsplit_official_entry,,DTV3-TAX-443ED70B27CA,taxonomy_instantiated,,0,structural_pattern,(?:要么),要么.+，要么.+,search,normalized_legacy_regex,,"[""clause_1"",""relation_marker"",""clause_2"",""logical_relation""]","[""候选包含与权威条目 【六48】 对齐的可定位触发线索。"",""候选满足模板槽位：clause_1、relation_marker、clause_2、logical_relation。"",""候选按 structural_pattern 模式实现 句子的类型 / 复句 / 选择复句 所规定的语法功能。""]","[""触发线索存在，但候选边界未覆盖完整构式。"",""局部槽位可定位，但至少一个必需槽位仅得到弱支持。""]","[""触发线索只出现在标题、编号、术语或元语言说明中。"",""必需槽位缺失，且上下文不能恢复目标结构或目标功能。""]","[""相同表层形式可能实现 复句 中的非目标功能。"",""相邻构式共享触发形式，但槽位关系或语法功能不同。""]","[""目标用例"",""边界问题"",""表层触发但非目标"",""结构缺槽"",""语义不兼容"",""其他具体构式"",""不确定/需复核""]","[""target_status"",""candidate_boundary"",""slot_status"",""structural_functional_status"",""licensed_evidence"",""runtime_evidence"",""rule_source_trace""]",要么.+，要么.+,normalized_compiles,REF-GF0025-2021,,GF0025-2021 PDF pp.176–259,appendix_span_verified,verified_inventory,false,[],machine_compiled,source_anchored,not_claimed,static_audit_passed,machine_compiled_source_anchored_static_audited
DUV3-GF0025-2021-6-049-01,DiagnosticUnit,DPV3-GF0025-2021-6-049-01,DiagnosticProfile,RBV3-GF0025-2021-6-049-01,GF0025-2021-6-049,【六49】,6,49,句子的类型,复句,转折复句,1,01,虽……，但/可/却/也……,,unsplit_official_entry,,DTV3-TAX-AD89E45C5965,taxonomy_instantiated,,0,structural_pattern,(?:也|但|却|可|虽),虽.+，(但|可|却|也).+,search,normalized_legacy_regex,,"[""clause_1"",""relation_marker"",""clause_2"",""logical_relation""]","[""候选包含与权威条目 【六49】 对齐的可定位触发线索。"",""候选满足模板槽位：clause_1、relation_marker、clause_2、logical_relation。"",""候选按 structural_pattern 模式实现 句子的类型 / 复句 / 转折复句 所规定的语法功能。""]","[""触发线索存在，但候选边界未覆盖完整构式。"",""局部槽位可定位，但至少一个必需槽位仅得到弱支持。""]","[""触发线索只出现在标题、编号、术语或元语言说明中。"",""必需槽位缺失，且上下文不能恢复目标结构或目标功能。""]","[""相同表层形式可能实现 复句 中的非目标功能。"",""相邻构式共享触发形式，但槽位关系或语法功能不同。""]","[""目标用例"",""边界问题"",""表层触发但非目标"",""结构缺槽"",""语义不兼容"",""其他具体构式"",""不确定/需复核""]","[""target_status"",""candidate_boundary"",""slot_status"",""structural_functional_status"",""licensed_evidence"",""runtime_evidence"",""rule_source_trace""]",虽.+，(但|可|却|也).+,normalized_compiles,REF-GF0025-2021,,GF0025-2021 PDF pp.176–259,appendix_span_verified,verified_inventory,false,[],machine_compiled,source_anchored,not_claimed,static_audit_passed,machine_compiled_source_anchored_static_audited
DUV3-GF0025-2021-6-050-01,DiagnosticUnit,DPV3-GF0025-2021-6-050-01,DiagnosticProfile,RBV3-GF0025-2021-6-050-01,GF0025-2021-6-050,【六50】,6,50,句子的类型,复句,假设复句,1,01,……，要不然/不然……,,unsplit_official_entry,,DTV3-TAX-2F14DA2C956B,taxonomy_instantiated,,0,structural_pattern,(?:要不然|不然),.+，(要不然|不然).+,search,normalized_legacy_regex,,"[""clause_1"",""relation_marker"",""clause_2"",""logical_relation""]","[""候选包含与权威条目 【六50】 对齐的可定位触发线索。"",""候选满足模板槽位：clause_1、relation_marker、clause_2、logical_relation。"",""候选按 structural_pattern 模式实现 句子的类型 / 复句 / 假设复句 所规定的语法功能。""]","[""触发线索存在，但候选边界未覆盖完整构式。"",""局部槽位可定位，但至少一个必需槽位仅得到弱支持。""]","[""触发线索只出现在标题、编号、术语或元语言说明中。"",""必需槽位缺失，且上下文不能恢复目标结构或目标功能。""]","[""相同表层形式可能实现 复句 中的非目标功能。"",""相邻构式共享触发形式，但槽位关系或语法功能不同。""]","[""目标用例"",""边界问题"",""表层触发但非目标"",""结构缺槽"",""语义不兼容"",""其他具体构式"",""不确定/需复核""]","[""target_status"",""candidate_boundary"",""slot_status"",""structural_functional_status"",""licensed_evidence"",""runtime_evidence"",""rule_source_trace""]",.+，(要不然|不然).+,normalized_compiles,REF-GF0025-2021,,GF0025-2021 PDF pp.176–259,appendix_span_verified,verified_inventory,false,[],machine_compiled,source_anchored,not_claimed,static_audit_passed,machine_compiled_source_anchored_static_audited
DUV3-GF0025-2021-6-051-01,DiagnosticUnit,DPV3-GF0025-2021-6-051-01,DiagnosticProfile,RBV3-GF0025-2021-6-051-01,GF0025-2021-6-051,【六51】,6,51,句子的类型,复句,条件复句,1,01,凡是……，都……,,unsplit_official_entry,,DTV3-TAX-7339286D54C6,taxonomy_instantiated,,0,structural_pattern,(?:凡是|都),凡是.+，都.+,search,normalized_legacy_regex,,"[""clause_1"",""relation_marker"",""clause_2"",""logical_relation""]","[""候选包含与权威条目 【六51】 对齐的可定位触发线索。"",""候选满足模板槽位：clause_1、relation_marker、clause_2、logical_relation。"",""候选按 structural_pattern 模式实现 句子的类型 / 复句 / 条件复句 所规定的语法功能。""]","[""触发线索存在，但候选边界未覆盖完整构式。"",""局部槽位可定位，但至少一个必需槽位仅得到弱支持。""]","[""触发线索只出现在标题、编号、术语或元语言说明中。"",""必需槽位缺失，且上下文不能恢复目标结构或目标功能。""]","[""相同表层形式可能实现 复句 中的非目标功能。"",""相邻构式共享触发形式，但槽位关系或语法功能不同。""]","[""目标用例"",""边界问题"",""表层触发但非目标"",""结构缺槽"",""语义不兼容"",""其他具体构式"",""不确定/需复核""]","[""target_status"",""candidate_boundary"",""slot_status"",""structural_functional_status"",""licensed_evidence"",""runtime_evidence"",""rule_source_trace""]",凡是.+，都.+,normalized_compiles,REF-GF0025-2021,240,GF0025-2021 PDF p.240,ocr_detected,verified_inventory,false,[],machine_compiled,source_anchored,not_claimed,static_audit_passed,machine_compiled_source_anchored_static_audited
DUV3-GF0025-2021-6-052-01,DiagnosticUnit,DPV3-GF0025-2021-6-052-01,DiagnosticProfile,RBV3-GF0025-2021-6-052-01,GF0025-2021-6-052,【六52】,6,52,句子的类型,复句,让步复句,1,01,就算/就是……也……,,unsplit_official_entry,,DTV3-TAX-E770A1142994,taxonomy_instantiated,,0,structural_pattern,(?:就是|就算|也),(就算|就是).+也.+,search,normalized_legacy_regex,,"[""clause_1"",""relation_marker"",""clause_2"",""logical_relation""]","[""候选包含与权威条目 【六52】 对齐的可定位触发线索。"",""候选满足模板槽位：clause_1、relation_marker、clause_2、logical_relation。"",""候选按 structural_pattern 模式实现 句子的类型 / 复句 / 让步复句 所规定的语法功能。""]","[""触发线索存在，但候选边界未覆盖完整构式。"",""局部槽位可定位，但至少一个必需槽位仅得到弱支持。""]","[""触发线索只出现在标题、编号、术语或元语言说明中。"",""必需槽位缺失，且上下文不能恢复目标结构或目标功能。""]","[""相同表层形式可能实现 复句 中的非目标功能。"",""相邻构式共享触发形式，但槽位关系或语法功能不同。""]","[""目标用例"",""边界问题"",""表层触发但非目标"",""结构缺槽"",""语义不兼容"",""其他具体构式"",""不确定/需复核""]","[""target_status"",""candidate_boundary"",""slot_status"",""structural_functional_status"",""licensed_evidence"",""runtime_evidence"",""rule_source_trace""]",(就算|就是).+也.+,normalized_compiles,REF-GF0025-2021,240,GF0025-2021 PDF p.240,ocr_detected,verified_inventory,false,[],machine_compiled,source_anchored,not_claimed,static_audit_passed,machine_compiled_source_anchored_static_audited
DUV3-GF0025-2021-6-053-01,DiagnosticUnit,DPV3-GF0025-2021-6-053-01,DiagnosticProfile,RBV3-GF0025-2021-6-053-01,GF0025-2021-6-053,【六53】,6,53,句子的类型,复句,紧缩复句,1,01,不……不……,,unsplit_official_entry,,DTV3-TAX-1091FC162FDB,taxonomy_instantiated,,0,structural_pattern,(?:不……不……|不),不.+不.+,search,normalized_legacy_regex,,"[""clause_1"",""relation_marker"",""clause_2"",""logical_relation""]","[""候选包含与权威条目 【六53】 对齐的可定位触发线索。"",""候选满足模板槽位：clause_1、relation_marker、clause_2、logical_relation。"",""候选按 structural_pattern 模式实现 句子的类型 / 复句 / 紧缩复句 所规定的语法功能。""]","[""触发线索存在，但候选边界未覆盖完整构式。"",""局部槽位可定位，但至少一个必需槽位仅得到弱支持。""]","[""触发线索只出现在标题、编号、术语或元语言说明中。"",""必需槽位缺失，且上下文不能恢复目标结构或目标功能。""]","[""相同表层形式可能实现 复句 中的非目标功能。"",""相邻构式共享触发形式，但槽位关系或语法功能不同。""]","[""目标用例"",""边界问题"",""表层触发但非目标"",""结构缺槽"",""语义不兼容"",""其他具体构式"",""不确定/需复核""]","[""target_status"",""candidate_boundary"",""slot_status"",""structural_functional_status"",""licensed_evidence"",""runtime_evidence"",""rule_source_trace""]",不.+不.+,normalized_compiles,REF-GF0025-2021,,GF0025-2021 PDF pp.176–259,appendix_span_verified,verified_inventory,false,[],machine_compiled,source_anchored,not_claimed,static_audit_passed,machine_compiled_source_anchored_static_audited
DUV3-GF0025-2021-6-054-01,DiagnosticUnit,DPV3-GF0025-2021-6-054-01,DiagnosticProfile,RBV3-GF0025-2021-6-054-01,GF0025-2021-6-054,【六54】,6,54,句子的类型,复句,多重复句,1,01,二重复句2：复句+复句,,unsplit_official_entry,,DTV3-TAX-E96770519FFC,taxonomy_instantiated,,0,structural_pattern,(?:二重复句|复句),(?:二重复句|复句),search,source_literal_retrieval_trigger,,"[""clause_1"",""relation_marker"",""clause_2"",""logical_relation""]","[""候选包含与权威条目 【六54】 对齐的可定位触发线索。"",""候选满足模板槽位：clause_1、relation_marker、clause_2、logical_relation。"",""候选按 structural_pattern 模式实现 句子的类型 / 复句 / 多重复句 所规定的语法功能。""]","[""触发线索存在，但候选边界未覆盖完整构式。"",""局部槽位可定位，但至少一个必需槽位仅得到弱支持。""]","[""触发线索只出现在标题、编号、术语或元语言说明中。"",""必需槽位缺失，且上下文不能恢复目标结构或目标功能。""]","[""相同表层形式可能实现 复句 中的非目标功能。"",""相邻构式共享触发形式，但槽位关系或语法功能不同。""]","[""目标用例"",""边界问题"",""表层触发但非目标"",""结构缺槽"",""语义不兼容"",""其他具体构式"",""不确定/需复核""]","[""target_status"",""candidate_boundary"",""slot_status"",""structural_functional_status"",""licensed_evidence"",""runtime_evidence"",""rule_source_trace""]",,not_available_source_literal_runtime,REF-GF0025-2021,241,GF0025-2021 PDF p.241,ocr_detected,verified_inventory,false,[],machine_compiled,source_anchored,not_claimed,static_audit_passed,machine_compiled_source_anchored_static_audited
DUV3-GF0025-2021-6-055-01,DiagnosticUnit,DPV3-GF0025-2021-6-055-01,DiagnosticProfile,RBV3-GF0025-2021-6-055-01,GF0025-2021-6-055,【六55】,6,55,强调的方法,未细分,,1,01,用“非……不可”表示强调,,unsplit_official_entry,,DTV3-POINT-DCA38D8B801B,point_specific_instantiated,,0,complex_functional,(?:不可|强调|用|非),非.+不可,search,normalized_legacy_regex,,"[""focus_expression"",""focus_marker"",""proposition""]","[""候选包含与权威条目 【六55】 对齐的可定位触发线索。"",""候选满足模板槽位：focus_expression、focus_marker、proposition。"",""候选按 complex_functional 模式实现 强调的方法 / 未细分 / 未列小项 所规定的语法功能。""]","[""触发线索存在，但候选边界未覆盖完整构式。"",""局部槽位可定位，但至少一个必需槽位仅得到弱支持。""]","[""触发线索只出现在标题、编号、术语或元语言说明中。"",""必需槽位缺失，且上下文不能恢复目标结构或目标功能。""]","[""相同表层形式可能实现 未细分 中的非目标功能。"",""相邻构式共享触发形式，但槽位关系或语法功能不同。""]","[""目标用例"",""边界问题"",""表层触发但非目标"",""结构缺槽"",""语义不兼容"",""其他具体构式"",""不确定/需复核""]","[""target_status"",""candidate_boundary"",""slot_status"",""structural_functional_status"",""licensed_evidence"",""runtime_evidence"",""rule_source_trace""]",非.+不可,normalized_compiles,REF-GF0025-2021,241,GF0025-2021 PDF p.241,ocr_detected,verified_inventory,false,[],machine_compiled,source_anchored,not_claimed,static_audit_passed,machine_compiled_source_anchored_static_audited
DUV3-GF0025-2021-6-056-01,DiagnosticUnit,DPV3-GF0025-2021-6-056-01,DiagnosticProfile,RBV3-GF0025-2021-6-056-01,GF0025-2021-6-056,【六56】,6,56,口语格式,未细分,,1,01,X到Y头上来了,,unsplit_official_entry,,DTV3-POINT-1431D8A12644,point_specific_instantiated,,0,structural_pattern,(?:X到Y头上来了|头上来了|到),"[一-龥]{1,2}到[一-龥]{1,2}头上来了",search,normalized_legacy_regex,,"[""fixed_marker"",""internal_slot"",""construction_boundary""]","[""候选包含与权威条目 【六56】 对齐的可定位触发线索。"",""候选满足模板槽位：fixed_marker、internal_slot、construction_boundary。"",""候选按 structural_pattern 模式实现 口语格式 / 未细分 / 未列小项 所规定的语法功能。""]","[""触发线索存在，但候选边界未覆盖完整构式。"",""局部槽位可定位，但至少一个必需槽位仅得到弱支持。""]","[""触发线索只出现在标题、编号、术语或元语言说明中。"",""必需槽位缺失，且上下文不能恢复目标结构或目标功能。""]","[""相同表层形式可能实现 未细分 中的非目标功能。"",""相邻构式共享触发形式，但槽位关系或语法功能不同。""]","[""目标用例"",""边界问题"",""表层触发但非目标"",""结构缺槽"",""语义不兼容"",""其他具体构式"",""不确定/需复核""]","[""target_status"",""candidate_boundary"",""slot_status"",""structural_functional_status"",""licensed_evidence"",""runtime_evidence"",""rule_source_trace""]","[一-龥]{1,2}到[一-龥]{1,2}头上来了",normalized_compiles,REF-GF0025-2021,241,GF0025-2021 PDF p.241,ocr_detected,verified_inventory,false,[],machine_compiled,source_anchored,not_claimed,static_audit_passed,machine_compiled_source_anchored_static_audited
DUV3-GF0025-2021-6-057-01,DiagnosticUnit,DPV3-GF0025-2021-6-057-01,DiagnosticProfile,RBV3-GF0025-2021-6-057-01,GF0025-2021-6-057,【六57】,6,57,口语格式,未细分,,1,01,X就X吧,,unsplit_official_entry,,DTV3-POINT-394B3BDE8EA2,point_specific_instantiated,,0,structural_pattern,(?:X就X吧|吧|就),([一-龥]+)就\1吧,search,normalized_legacy_regex,,"[""fixed_marker"",""internal_slot"",""construction_boundary""]","[""候选包含与权威条目 【六57】 对齐的可定位触发线索。"",""候选满足模板槽位：fixed_marker、internal_slot、construction_boundary。"",""候选按 structural_pattern 模式实现 口语格式 / 未细分 / 未列小项 所规定的语法功能。""]","[""触发线索存在，但候选边界未覆盖完整构式。"",""局部槽位可定位，但至少一个必需槽位仅得到弱支持。""]","[""触发线索只出现在标题、编号、术语或元语言说明中。"",""必需槽位缺失，且上下文不能恢复目标结构或目标功能。""]","[""相同表层形式可能实现 未细分 中的非目标功能。"",""相邻构式共享触发形式，但槽位关系或语法功能不同。""]","[""目标用例"",""边界问题"",""表层触发但非目标"",""结构缺槽"",""语义不兼容"",""其他具体构式"",""不确定/需复核""]","[""target_status"",""candidate_boundary"",""slot_status"",""structural_functional_status"",""licensed_evidence"",""runtime_evidence"",""rule_source_trace""]",([一-龥]+)就\1吧,normalized_compiles,REF-GF0025-2021,241,GF0025-2021 PDF p.241,ocr_detected,verified_inventory,false,[],machine_compiled,source_anchored,not_claimed,static_audit_passed,machine_compiled_source_anchored_static_audited
DUV3-GF0025-2021-6-058-01,DiagnosticUnit,DPV3-GF0025-2021-6-058-01,DiagnosticProfile,RBV3-GF0025-2021-6-058-01,GF0025-2021-6-058,【六58】,6,58,口语格式,未细分,,1,01,X是X,,unsplit_official_entry,,DTV3-POINT-74AE4C5121BC,point_specific_instantiated,,0,structural_pattern,(?:X是X|是),([一-龥]+)是\1,search,normalized_legacy_regex,,"[""fixed_marker"",""internal_slot"",""construction_boundary""]","[""候选包含与权威条目 【六58】 对齐的可定位触发线索。"",""候选满足模板槽位：fixed_marker、internal_slot、construction_boundary。"",""候选按 structural_pattern 模式实现 口语格式 / 未细分 / 未列小项 所规定的语法功能。""]","[""触发线索存在，但候选边界未覆盖完整构式。"",""局部槽位可定位，但至少一个必需槽位仅得到弱支持。""]","[""触发线索只出现在标题、编号、术语或元语言说明中。"",""必需槽位缺失，且上下文不能恢复目标结构或目标功能。""]","[""相同表层形式可能实现 未细分 中的非目标功能。"",""相邻构式共享触发形式，但槽位关系或语法功能不同。""]","[""目标用例"",""边界问题"",""表层触发但非目标"",""结构缺槽"",""语义不兼容"",""其他具体构式"",""不确定/需复核""]","[""target_status"",""candidate_boundary"",""slot_status"",""structural_functional_status"",""licensed_evidence"",""runtime_evidence"",""rule_source_trace""]",([一-龥]+)是\1,normalized_compiles,REF-GF0025-2021,241,GF0025-2021 PDF p.241,ocr_detected,verified_inventory,false,[],machine_compiled,source_anchored,not_claimed,static_audit_passed,machine_compiled_source_anchored_static_audited
DUV3-GF0025-2021-6-059-01,DiagnosticUnit,DPV3-GF0025-2021-6-059-01,DiagnosticProfile,RBV3-GF0025-2021-6-059-01,GF0025-2021-6-059,【六59】,6,59,口语格式,未细分,,1,01,不X不……，一X……,,unsplit_official_entry,,DTV3-POINT-8B93604B2B93,point_specific_instantiated,,0,structural_pattern,(?:一|不),不([一-龥]+)不.+，一\1.+,search,normalized_legacy_regex,,"[""fixed_marker"",""internal_slot"",""construction_boundary""]","[""候选包含与权威条目 【六59】 对齐的可定位触发线索。"",""候选满足模板槽位：fixed_marker、internal_slot、construction_boundary。"",""候选按 structural_pattern 模式实现 口语格式 / 未细分 / 未列小项 所规定的语法功能。""]","[""触发线索存在，但候选边界未覆盖完整构式。"",""局部槽位可定位，但至少一个必需槽位仅得到弱支持。""]","[""触发线索只出现在标题、编号、术语或元语言说明中。"",""必需槽位缺失，且上下文不能恢复目标结构或目标功能。""]","[""相同表层形式可能实现 未细分 中的非目标功能。"",""相邻构式共享触发形式，但槽位关系或语法功能不同。""]","[""目标用例"",""边界问题"",""表层触发但非目标"",""结构缺槽"",""语义不兼容"",""其他具体构式"",""不确定/需复核""]","[""target_status"",""candidate_boundary"",""slot_status"",""structural_functional_status"",""licensed_evidence"",""runtime_evidence"",""rule_source_trace""]",不([一-龥]+)不.+，一\1.+,normalized_compiles,REF-GF0025-2021,241,GF0025-2021 PDF p.241,ocr_detected,verified_inventory,false,[],machine_compiled,source_anchored,not_claimed,static_audit_passed,machine_compiled_source_anchored_static_audited
DUV3-GF0025-2021-6-060-01,DiagnosticUnit,DPV3-GF0025-2021-6-060-01,DiagnosticProfile,RBV3-GF0025-2021-6-060-01,GF0025-2021-6-060,【六60】,6,60,口语格式,未细分,,1,01,好你个X,,unsplit_official_entry,,DTV3-POINT-0A4110B4EDFD,point_specific_instantiated,,0,structural_pattern,(?:好你个X|好你个),"好你个[一-龥]{1,2}",search,normalized_legacy_regex,,"[""fixed_marker"",""internal_slot"",""construction_boundary""]","[""候选包含与权威条目 【六60】 对齐的可定位触发线索。"",""候选满足模板槽位：fixed_marker、internal_slot、construction_boundary。"",""候选按 structural_pattern 模式实现 口语格式 / 未细分 / 未列小项 所规定的语法功能。""]","[""触发线索存在，但候选边界未覆盖完整构式。"",""局部槽位可定位，但至少一个必需槽位仅得到弱支持。""]","[""触发线索只出现在标题、编号、术语或元语言说明中。"",""必需槽位缺失，且上下文不能恢复目标结构或目标功能。""]","[""相同表层形式可能实现 未细分 中的非目标功能。"",""相邻构式共享触发形式，但槽位关系或语法功能不同。""]","[""目标用例"",""边界问题"",""表层触发但非目标"",""结构缺槽"",""语义不兼容"",""其他具体构式"",""不确定/需复核""]","[""target_status"",""candidate_boundary"",""slot_status"",""structural_functional_status"",""licensed_evidence"",""runtime_evidence"",""rule_source_trace""]","好你个[一-龥]{1,2}",normalized_compiles,REF-GF0025-2021,242,GF0025-2021 PDF p.242,ocr_detected,verified_inventory,false,[],machine_compiled,source_anchored,not_claimed,static_audit_passed,machine_compiled_source_anchored_static_audited
DUV3-GF0025-2021-6-061-01,DiagnosticUnit,DPV3-GF0025-2021-6-061-01,DiagnosticProfile,RBV3-GF0025-2021-6-061-01,GF0025-2021-6-061,【六61】,6,61,口语格式,未细分,,1,01,动词+什么（就）是什么,,unsplit_official_entry,,DTV3-POINT-BA45DC9FF333,point_specific_instantiated,,0,structural_pattern,(?:是什么|什么|动词|就),(?:是什么|什么|动词|就),search,source_literal_retrieval_trigger,,"[""fixed_marker"",""internal_slot"",""construction_boundary""]","[""候选包含与权威条目 【六61】 对齐的可定位触发线索。"",""候选满足模板槽位：fixed_marker、internal_slot、construction_boundary。"",""候选按 structural_pattern 模式实现 口语格式 / 未细分 / 未列小项 所规定的语法功能。""]","[""触发线索存在，但候选边界未覆盖完整构式。"",""局部槽位可定位，但至少一个必需槽位仅得到弱支持。""]","[""触发线索只出现在标题、编号、术语或元语言说明中。"",""必需槽位缺失，且上下文不能恢复目标结构或目标功能。""]","[""相同表层形式可能实现 未细分 中的非目标功能。"",""相邻构式共享触发形式，但槽位关系或语法功能不同。""]","[""目标用例"",""边界问题"",""表层触发但非目标"",""结构缺槽"",""语义不兼容"",""其他具体构式"",""不确定/需复核""]","[""target_status"",""candidate_boundary"",""slot_status"",""structural_functional_status"",""licensed_evidence"",""runtime_evidence"",""rule_source_trace""]",,not_available_source_literal_runtime,REF-GF0025-2021,242,GF0025-2021 PDF p.242,ocr_detected,verified_inventory,false,[],machine_compiled,source_anchored,not_claimed,static_audit_passed,machine_compiled_source_anchored_static_audited
DUV3-GF0025-2021-6-062-01,DiagnosticUnit,DPV3-GF0025-2021-6-062-01,DiagnosticProfile,RBV3-GF0025-2021-6-062-01,GF0025-2021-6-062,【六62】,6,62,口语格式,未细分,,1,01,早（也）不X，晚（也）不X,,unsplit_official_entry,,DTV3-POINT-2B7EB2A849B9,point_specific_instantiated,,0,structural_pattern,(?:不|也|早|晚),早也*不([一-龥]+)，晚也*不\1,search,normalized_legacy_regex,,"[""fixed_marker"",""internal_slot"",""construction_boundary""]","[""候选包含与权威条目 【六62】 对齐的可定位触发线索。"",""候选满足模板槽位：fixed_marker、internal_slot、construction_boundary。"",""候选按 structural_pattern 模式实现 口语格式 / 未细分 / 未列小项 所规定的语法功能。""]","[""触发线索存在，但候选边界未覆盖完整构式。"",""局部槽位可定位，但至少一个必需槽位仅得到弱支持。""]","[""触发线索只出现在标题、编号、术语或元语言说明中。"",""必需槽位缺失，且上下文不能恢复目标结构或目标功能。""]","[""相同表层形式可能实现 未细分 中的非目标功能。"",""相邻构式共享触发形式，但槽位关系或语法功能不同。""]","[""目标用例"",""边界问题"",""表层触发但非目标"",""结构缺槽"",""语义不兼容"",""其他具体构式"",""不确定/需复核""]","[""target_status"",""candidate_boundary"",""slot_status"",""structural_functional_status"",""licensed_evidence"",""runtime_evidence"",""rule_source_trace""]",早也*不([一-龥]+)，晚也*不\1,normalized_compiles,REF-GF0025-2021,242,GF0025-2021 PDF p.242,ocr_detected,verified_inventory,false,[],machine_compiled,source_anchored,not_claimed,static_audit_passed,machine_compiled_source_anchored_static_audited
DUV3-GF0025-2021-6-063-01,DiagnosticUnit,DPV3-GF0025-2021-6-063-01,DiagnosticProfile,RBV3-GF0025-2021-6-063-01,GF0025-2021-6-063,【六63】,6,63,口语格式,未细分,,1,01,看/瞧+把+宾语（施事）+ X 得,,unsplit_official_entry,,DTV3-POINT-9180A72F67DC,point_specific_instantiated,,0,structural_pattern,(?:宾语|施事|得|把|看|瞧),(看|瞧)把.+得,search,normalized_legacy_regex,,"[""fixed_marker"",""internal_slot"",""construction_boundary""]","[""候选包含与权威条目 【六63】 对齐的可定位触发线索。"",""候选满足模板槽位：fixed_marker、internal_slot、construction_boundary。"",""候选按 structural_pattern 模式实现 口语格式 / 未细分 / 未列小项 所规定的语法功能。""]","[""触发线索存在，但候选边界未覆盖完整构式。"",""局部槽位可定位，但至少一个必需槽位仅得到弱支持。""]","[""触发线索只出现在标题、编号、术语或元语言说明中。"",""必需槽位缺失，且上下文不能恢复目标结构或目标功能。""]","[""相同表层形式可能实现 未细分 中的非目标功能。"",""相邻构式共享触发形式，但槽位关系或语法功能不同。""]","[""目标用例"",""边界问题"",""表层触发但非目标"",""结构缺槽"",""语义不兼容"",""其他具体构式"",""不确定/需复核""]","[""target_status"",""candidate_boundary"",""slot_status"",""structural_functional_status"",""licensed_evidence"",""runtime_evidence"",""rule_source_trace""]",(看|瞧)把.+得,normalized_compiles,REF-GF0025-2021,,GF0025-2021 PDF pp.176–259,appendix_span_verified,verified_inventory,false,[],machine_compiled,source_anchored,not_claimed,static_audit_passed,machine_compiled_source_anchored_static_audited
DUV3-GF0025-2021-6-064-01,DiagnosticUnit,DPV3-GF0025-2021-6-064-01,DiagnosticProfile,RBV3-GF0025-2021-6-064-01,GF0025-2021-6-064,【六64】,6,64,口语格式,未细分,,1,01,放着X不Y,,unsplit_official_entry,,DTV3-POINT-33F77D14D4E7,point_specific_instantiated,,0,structural_pattern,(?:放着X不Y|放着|不),"放着[一-龥]{1,2}不[一-龥]{1,2}",search,normalized_legacy_regex,,"[""fixed_marker"",""internal_slot"",""construction_boundary""]","[""候选包含与权威条目 【六64】 对齐的可定位触发线索。"",""候选满足模板槽位：fixed_marker、internal_slot、construction_boundary。"",""候选按 structural_pattern 模式实现 口语格式 / 未细分 / 未列小项 所规定的语法功能。""]","[""触发线索存在，但候选边界未覆盖完整构式。"",""局部槽位可定位，但至少一个必需槽位仅得到弱支持。""]","[""触发线索只出现在标题、编号、术语或元语言说明中。"",""必需槽位缺失，且上下文不能恢复目标结构或目标功能。""]","[""相同表层形式可能实现 未细分 中的非目标功能。"",""相邻构式共享触发形式，但槽位关系或语法功能不同。""]","[""目标用例"",""边界问题"",""表层触发但非目标"",""结构缺槽"",""语义不兼容"",""其他具体构式"",""不确定/需复核""]","[""target_status"",""candidate_boundary"",""slot_status"",""structural_functional_status"",""licensed_evidence"",""runtime_evidence"",""rule_source_trace""]","放着[一-龥]{1,2}不[一-龥]{1,2}",normalized_compiles,REF-GF0025-2021,,GF0025-2021 PDF pp.176–259,appendix_span_verified,verified_inventory,false,[],machine_compiled,source_anchored,not_claimed,static_audit_passed,machine_compiled_source_anchored_static_audited
DUV3-GF0025-2021-6-065-01,DiagnosticUnit,DPV3-GF0025-2021-6-065-01,DiagnosticProfile,RBV3-GF0025-2021-6-065-01,GF0025-2021-6-065,【六65】,6,65,口语格式,未细分,,1,01,X来X去，都是/就是 ……,,unsplit_official_entry,,DTV3-POINT-7FA6FA6B7F5D,point_specific_instantiated,,0,structural_pattern,(?:就是|都是|去|来),([一-龥]+)来\1去，(都是|就是).+,search,normalized_legacy_regex,,"[""fixed_marker"",""internal_slot"",""construction_boundary""]","[""候选包含与权威条目 【六65】 对齐的可定位触发线索。"",""候选满足模板槽位：fixed_marker、internal_slot、construction_boundary。"",""候选按 structural_pattern 模式实现 口语格式 / 未细分 / 未列小项 所规定的语法功能。""]","[""触发线索存在，但候选边界未覆盖完整构式。"",""局部槽位可定位，但至少一个必需槽位仅得到弱支持。""]","[""触发线索只出现在标题、编号、术语或元语言说明中。"",""必需槽位缺失，且上下文不能恢复目标结构或目标功能。""]","[""相同表层形式可能实现 未细分 中的非目标功能。"",""相邻构式共享触发形式，但槽位关系或语法功能不同。""]","[""目标用例"",""边界问题"",""表层触发但非目标"",""结构缺槽"",""语义不兼容"",""其他具体构式"",""不确定/需复核""]","[""target_status"",""candidate_boundary"",""slot_status"",""structural_functional_status"",""licensed_evidence"",""runtime_evidence"",""rule_source_trace""]",([一-龥]+)来\1去，(都是|就是).+,normalized_compiles,REF-GF0025-2021,,GF0025-2021 PDF pp.176–259,appendix_span_verified,verified_inventory,false,[],machine_compiled,source_anchored,not_claimed,static_audit_passed,machine_compiled_source_anchored_static_audited
DUV3-GF0025-2021-6-066-01,DiagnosticUnit,DPV3-GF0025-2021-6-066-01,DiagnosticProfile,RBV3-GF0025-2021-6-066-01,GF0025-2021-6-066,【六66】,6,66,口语格式,未细分,,1,01,X了就X了，（没）有……,,unsplit_official_entry,,DTV3-POINT-7B6F613C2E1A,point_specific_instantiated,,0,structural_pattern,(?:了就|了|有|没),([一-龥]+)了就\1了，没*有.+,search,normalized_legacy_regex,,"[""fixed_marker"",""internal_slot"",""construction_boundary""]","[""候选包含与权威条目 【六66】 对齐的可定位触发线索。"",""候选满足模板槽位：fixed_marker、internal_slot、construction_boundary。"",""候选按 structural_pattern 模式实现 口语格式 / 未细分 / 未列小项 所规定的语法功能。""]","[""触发线索存在，但候选边界未覆盖完整构式。"",""局部槽位可定位，但至少一个必需槽位仅得到弱支持。""]","[""触发线索只出现在标题、编号、术语或元语言说明中。"",""必需槽位缺失，且上下文不能恢复目标结构或目标功能。""]","[""相同表层形式可能实现 未细分 中的非目标功能。"",""相邻构式共享触发形式，但槽位关系或语法功能不同。""]","[""目标用例"",""边界问题"",""表层触发但非目标"",""结构缺槽"",""语义不兼容"",""其他具体构式"",""不确定/需复核""]","[""target_status"",""candidate_boundary"",""slot_status"",""structural_functional_status"",""licensed_evidence"",""runtime_evidence"",""rule_source_trace""]",([一-龥]+)了就\1了，没*有.+,normalized_compiles,REF-GF0025-2021,,GF0025-2021 PDF pp.176–259,appendix_span_verified,verified_inventory,false,[],machine_compiled,source_anchored,not_claimed,static_audit_passed,machine_compiled_source_anchored_static_audited
DUV3-GF0025-2021-6-067-01,DiagnosticUnit,DPV3-GF0025-2021-6-067-01,DiagnosticProfile,RBV3-GF0025-2021-6-067-01,GF0025-2021-6-067,【六67】,6,67,口语格式,未细分,,1,01,这/那也不X，那/这也不Y,,unsplit_official_entry,,DTV3-POINT-C75AB1795A71,point_specific_instantiated,,0,structural_pattern,(?:这也不|那也不|这|那),"这也不[一-龥]{1,2}，那也不[一-龥]{1,2}|那也不[一-龥]{1,2}，这也不[一-龥]{1,2}",search,normalized_legacy_regex,,"[""fixed_marker"",""internal_slot"",""construction_boundary""]","[""候选包含与权威条目 【六67】 对齐的可定位触发线索。"",""候选满足模板槽位：fixed_marker、internal_slot、construction_boundary。"",""候选按 structural_pattern 模式实现 口语格式 / 未细分 / 未列小项 所规定的语法功能。""]","[""触发线索存在，但候选边界未覆盖完整构式。"",""局部槽位可定位，但至少一个必需槽位仅得到弱支持。""]","[""触发线索只出现在标题、编号、术语或元语言说明中。"",""必需槽位缺失，且上下文不能恢复目标结构或目标功能。""]","[""相同表层形式可能实现 未细分 中的非目标功能。"",""相邻构式共享触发形式，但槽位关系或语法功能不同。""]","[""目标用例"",""边界问题"",""表层触发但非目标"",""结构缺槽"",""语义不兼容"",""其他具体构式"",""不确定/需复核""]","[""target_status"",""candidate_boundary"",""slot_status"",""structural_functional_status"",""licensed_evidence"",""runtime_evidence"",""rule_source_trace""]","这也不[一-龥]{1,2}，那也不[一-龥]{1,2}|那也不[一-龥]{1,2}，这也不[一-龥]{1,2}",normalized_compiles,REF-GF0025-2021,242,GF0025-2021 PDF p.242,ocr_detected,verified_inventory,false,[],machine_compiled,source_anchored,not_claimed,static_audit_passed,machine_compiled_source_anchored_static_audited
DUV3-GF0025-2021-7_9-001-01,DiagnosticUnit,DPV3-GF0025-2021-7_9-001-01,DiagnosticProfile,RBV3-GF0025-2021-7_9-001-01,GF0025-2021-7_9-001,【七—九01】,7-9,1,词类,动词,能愿动词,1,01,需,,unsplit_official_entry,,DTV3-TAX-0B6633C9BA52,taxonomy_instantiated,,0,structural_pattern,(?:需),^需$,fullmatch,normalized_legacy_regex,,"[""lexical_form"",""local_context"",""grammatical_function""]","[""候选包含与权威条目 【七—九01】 对齐的可定位触发线索。"",""候选满足模板槽位：lexical_form、local_context、grammatical_function。"",""候选按 structural_pattern 模式实现 词类 / 动词 / 能愿动词 所规定的语法功能。""]","[""触发线索存在，但候选边界未覆盖完整构式。"",""局部槽位可定位，但至少一个必需槽位仅得到弱支持。""]","[""触发线索只出现在标题、编号、术语或元语言说明中。"",""必需槽位缺失，且上下文不能恢复目标结构或目标功能。""]","[""相同表层形式可能实现 动词 中的非目标功能。"",""相邻构式共享触发形式，但槽位关系或语法功能不同。""]","[""目标用例"",""边界问题"",""表层触发但非目标"",""结构缺槽"",""语义不兼容"",""其他具体构式"",""不确定/需复核""]","[""target_status"",""candidate_boundary"",""slot_status"",""structural_functional_status"",""licensed_evidence"",""runtime_evidence"",""rule_source_trace""]",^需$,normalized_compiles,REF-GF0025-2021,255,GF0025-2021 PDF p.255,ocr_detected,verified_inventory,false,[],machine_compiled,source_anchored,not_claimed,static_audit_passed,machine_compiled_source_anchored_static_audited
DUV3-GF0025-2021-7_9-002-01,DiagnosticUnit,DPV3-GF0025-2021-7_9-002-01,DiagnosticProfile,RBV3-GF0025-2021-7_9-002-01,GF0025-2021-7_9-002,【七—九02】,7-9,2,词类,代词,疑问代词,1,01,何,,unsplit_official_entry,,DTV3-TAX-5EB36B35C713,taxonomy_instantiated,,0,structural_pattern,(?:何),^何$,fullmatch,normalized_legacy_regex,,"[""lexical_form"",""local_context"",""grammatical_function""]","[""候选包含与权威条目 【七—九02】 对齐的可定位触发线索。"",""候选满足模板槽位：lexical_form、local_context、grammatical_function。"",""候选按 structural_pattern 模式实现 词类 / 代词 / 疑问代词 所规定的语法功能。""]","[""触发线索存在，但候选边界未覆盖完整构式。"",""局部槽位可定位，但至少一个必需槽位仅得到弱支持。""]","[""触发线索只出现在标题、编号、术语或元语言说明中。"",""必需槽位缺失，且上下文不能恢复目标结构或目标功能。""]","[""相同表层形式可能实现 代词 中的非目标功能。"",""相邻构式共享触发形式，但槽位关系或语法功能不同。""]","[""目标用例"",""边界问题"",""表层触发但非目标"",""结构缺槽"",""语义不兼容"",""其他具体构式"",""不确定/需复核""]","[""target_status"",""candidate_boundary"",""slot_status"",""structural_functional_status"",""licensed_evidence"",""runtime_evidence"",""rule_source_trace""]",^何$,normalized_compiles,REF-GF0025-2021,,GF0025-2021 PDF pp.176–259,appendix_span_verified,verified_inventory,false,[],machine_compiled,source_anchored,not_claimed,static_audit_passed,machine_compiled_source_anchored_static_audited
DUV3-GF0025-2021-7_9-003-01,DiagnosticUnit,DPV3-GF0025-2021-7_9-003-01,DiagnosticProfile,RBV3-GF0025-2021-7_9-003-01,GF0025-2021-7_9-003,【七—九03】,7-9,3,词类,代词,指示代词,1,01,该、另、兹,,unsplit_official_entry,,DTV3-TAX-7EBA4C50F19A,taxonomy_instantiated,,0,structural_pattern,(?:兹|另|该),^(该|另|兹)$,fullmatch,normalized_legacy_regex,,"[""lexical_form"",""local_context"",""grammatical_function""]","[""候选包含与权威条目 【七—九03】 对齐的可定位触发线索。"",""候选满足模板槽位：lexical_form、local_context、grammatical_function。"",""候选按 structural_pattern 模式实现 词类 / 代词 / 指示代词 所规定的语法功能。""]","[""触发线索存在，但候选边界未覆盖完整构式。"",""局部槽位可定位，但至少一个必需槽位仅得到弱支持。""]","[""触发线索只出现在标题、编号、术语或元语言说明中。"",""必需槽位缺失，且上下文不能恢复目标结构或目标功能。""]","[""相同表层形式可能实现 代词 中的非目标功能。"",""相邻构式共享触发形式，但槽位关系或语法功能不同。""]","[""目标用例"",""边界问题"",""表层触发但非目标"",""结构缺槽"",""语义不兼容"",""其他具体构式"",""不确定/需复核""]","[""target_status"",""candidate_boundary"",""slot_status"",""structural_functional_status"",""licensed_evidence"",""runtime_evidence"",""rule_source_trace""]",^(该|另|兹)$,normalized_compiles,REF-GF0025-2021,,GF0025-2021 PDF pp.176–259,appendix_span_verified,verified_inventory,false,[],machine_compiled,source_anchored,not_claimed,static_audit_passed,machine_compiled_source_anchored_static_audited
DUV3-GF0025-2021-7_9-004-01,DiagnosticUnit,DPV3-GF0025-2021-7_9-004-01,DiagnosticProfile,RBV3-GF0025-2021-7_9-004-01,GF0025-2021-7_9-004,【七—九04】,7-9,4,词类,量词,名量词,1,01,栋、粒、枚、则、盏,,numbered_usage,（1）,DTV3-TAX-AA3655E9E3EB,taxonomy_instantiated,,0,structural_pattern,(?:则|枚|栋|盏|粒),^(栋|粒|枚|则|盏|人次)$,fullmatch,normalized_legacy_regex_with_unit_specialization,(?:则|枚|栋|盏|粒),"[""lexical_form"",""local_context"",""grammatical_function""]","[""候选包含与权威条目 【七—九04】 对齐的可定位触发线索。"",""候选满足模板槽位：lexical_form、local_context、grammatical_function。"",""候选按 structural_pattern 模式实现 词类 / 量词 / 名量词 所规定的语法功能。""]","[""触发线索存在，但候选边界未覆盖完整构式。"",""局部槽位可定位，但至少一个必需槽位仅得到弱支持。""]","[""触发线索只出现在标题、编号、术语或元语言说明中。"",""必需槽位缺失，且上下文不能恢复目标结构或目标功能。""]","[""相同表层形式可能实现 量词 中的非目标功能。"",""相邻构式共享触发形式，但槽位关系或语法功能不同。""]","[""目标用例"",""边界问题"",""表层触发但非目标"",""结构缺槽"",""语义不兼容"",""其他具体构式"",""不确定/需复核""]","[""target_status"",""candidate_boundary"",""slot_status"",""structural_functional_status"",""licensed_evidence"",""runtime_evidence"",""rule_source_trace""]",^(栋|粒|枚|则|盏|人次)$,normalized_compiles,REF-GF0025-2021,,GF0025-2021 PDF pp.176–259,appendix_span_verified,verified_inventory,false,[],machine_compiled,source_anchored,not_claimed,static_audit_passed,machine_compiled_source_anchored_static_audited
DUV3-GF0025-2021-7_9-004-02,DiagnosticUnit,DPV3-GF0025-2021-7_9-004-02,DiagnosticProfile,RBV3-GF0025-2021-7_9-004-02,GF0025-2021-7_9-004,【七—九04】,7-9,4,词类,量词,名量词,2,02,复合量词：人次,,numbered_usage,（2）,DTV3-TAX-AA3655E9E3EB,taxonomy_instantiated,,0,structural_pattern,(?:复合量词|人次),^(栋|粒|枚|则|盏|人次)$,fullmatch,normalized_legacy_regex_with_unit_specialization,(?:复合量词|人次),"[""lexical_form"",""local_context"",""grammatical_function""]","[""候选包含与权威条目 【七—九04】 对齐的可定位触发线索。"",""候选满足模板槽位：lexical_form、local_context、grammatical_function。"",""候选按 structural_pattern 模式实现 词类 / 量词 / 名量词 所规定的语法功能。""]","[""触发线索存在，但候选边界未覆盖完整构式。"",""局部槽位可定位，但至少一个必需槽位仅得到弱支持。""]","[""触发线索只出现在标题、编号、术语或元语言说明中。"",""必需槽位缺失，且上下文不能恢复目标结构或目标功能。""]","[""相同表层形式可能实现 量词 中的非目标功能。"",""相邻构式共享触发形式，但槽位关系或语法功能不同。""]","[""目标用例"",""边界问题"",""表层触发但非目标"",""结构缺槽"",""语义不兼容"",""其他具体构式"",""不确定/需复核""]","[""target_status"",""candidate_boundary"",""slot_status"",""structural_functional_status"",""licensed_evidence"",""runtime_evidence"",""rule_source_trace""]",^(栋|粒|枚|则|盏|人次)$,normalized_compiles,REF-GF0025-2021,,GF0025-2021 PDF pp.176–259,appendix_span_verified,verified_inventory,false,[],machine_compiled,source_anchored,not_claimed,static_audit_passed,machine_compiled_source_anchored_static_audited
DUV3-GF0025-2021-7_9-005-01,DiagnosticUnit,DPV3-GF0025-2021-7_9-005-01,DiagnosticProfile,RBV3-GF0025-2021-7_9-005-01,GF0025-2021-7_9-005,【七—九05】,7-9,5,词类,副词,关联副词,1,01,亦,,unsplit_official_entry,,DTV3-TAX-CC7D17721DA3,taxonomy_instantiated,,0,structural_pattern,(?:亦),^亦$,fullmatch,normalized_legacy_regex,,"[""lexical_form"",""local_context"",""grammatical_function""]","[""候选包含与权威条目 【七—九05】 对齐的可定位触发线索。"",""候选满足模板槽位：lexical_form、local_context、grammatical_function。"",""候选按 structural_pattern 模式实现 词类 / 副词 / 关联副词 所规定的语法功能。""]","[""触发线索存在，但候选边界未覆盖完整构式。"",""局部槽位可定位，但至少一个必需槽位仅得到弱支持。""]","[""触发线索只出现在标题、编号、术语或元语言说明中。"",""必需槽位缺失，且上下文不能恢复目标结构或目标功能。""]","[""相同表层形式可能实现 副词 中的非目标功能。"",""相邻构式共享触发形式，但槽位关系或语法功能不同。""]","[""目标用例"",""边界问题"",""表层触发但非目标"",""结构缺槽"",""语义不兼容"",""其他具体构式"",""不确定/需复核""]","[""target_status"",""candidate_boundary"",""slot_status"",""structural_functional_status"",""licensed_evidence"",""runtime_evidence"",""rule_source_trace""]",^亦$,normalized_compiles,REF-GF0025-2021,,GF0025-2021 PDF pp.176–259,appendix_span_verified,verified_inventory,false,[],machine_compiled,source_anchored,not_claimed,static_audit_passed,machine_compiled_source_anchored_static_audited
DUV3-GF0025-2021-7_9-006-01,DiagnosticUnit,DPV3-GF0025-2021-7_9-006-01,DiagnosticProfile,RBV3-GF0025-2021-7_9-006-01,GF0025-2021-7_9-006,【七—九06】,7-9,6,词类,介词,引出方向、路径,1,01,顺着,,unsplit_official_entry,,DTV3-TAX-D7DF1EEF2A21,taxonomy_instantiated,,0,structural_pattern,(?:顺着),^顺着$,fullmatch,normalized_legacy_regex,,"[""lexical_form"",""local_context"",""grammatical_function""]","[""候选包含与权威条目 【七—九06】 对齐的可定位触发线索。"",""候选满足模板槽位：lexical_form、local_context、grammatical_function。"",""候选按 structural_pattern 模式实现 词类 / 介词 / 引出方向、路径 所规定的语法功能。""]","[""触发线索存在，但候选边界未覆盖完整构式。"",""局部槽位可定位，但至少一个必需槽位仅得到弱支持。""]","[""触发线索只出现在标题、编号、术语或元语言说明中。"",""必需槽位缺失，且上下文不能恢复目标结构或目标功能。""]","[""相同表层形式可能实现 介词 中的非目标功能。"",""相邻构式共享触发形式，但槽位关系或语法功能不同。""]","[""目标用例"",""边界问题"",""表层触发但非目标"",""结构缺槽"",""语义不兼容"",""其他具体构式"",""不确定/需复核""]","[""target_status"",""candidate_boundary"",""slot_status"",""structural_functional_status"",""licensed_evidence"",""runtime_evidence"",""rule_source_trace""]",^顺着$,normalized_compiles,REF-GF0025-2021,,GF0025-2021 PDF pp.176–259,appendix_span_verified,verified_inventory,false,[],machine_compiled,source_anchored,not_claimed,static_audit_passed,machine_compiled_source_anchored_static_audited
DUV3-GF0025-2021-7_9-007-01,DiagnosticUnit,DPV3-GF0025-2021-7_9-007-01,DiagnosticProfile,RBV3-GF0025-2021-7_9-007-01,GF0025-2021-7_9-007,【七—九07】,7-9,7,词类,连词,连接词或词组,1,01,及,,unsplit_official_entry,,DTV3-TAX-70386EB2913D,taxonomy_instantiated,,0,structural_pattern,(?:及),^及$,fullmatch,normalized_legacy_regex,,"[""lexical_form"",""local_context"",""grammatical_function""]","[""候选包含与权威条目 【七—九07】 对齐的可定位触发线索。"",""候选满足模板槽位：lexical_form、local_context、grammatical_function。"",""候选按 structural_pattern 模式实现 词类 / 连词 / 连接词或词组 所规定的语法功能。""]","[""触发线索存在，但候选边界未覆盖完整构式。"",""局部槽位可定位，但至少一个必需槽位仅得到弱支持。""]","[""触发线索只出现在标题、编号、术语或元语言说明中。"",""必需槽位缺失，且上下文不能恢复目标结构或目标功能。""]","[""相同表层形式可能实现 连词 中的非目标功能。"",""相邻构式共享触发形式，但槽位关系或语法功能不同。""]","[""目标用例"",""边界问题"",""表层触发但非目标"",""结构缺槽"",""语义不兼容"",""其他具体构式"",""不确定/需复核""]","[""target_status"",""candidate_boundary"",""slot_status"",""structural_functional_status"",""licensed_evidence"",""runtime_evidence"",""rule_source_trace""]",^及$,normalized_compiles,REF-GF0025-2021,,GF0025-2021 PDF pp.176–259,appendix_span_verified,verified_inventory,false,[],machine_compiled,source_anchored,not_claimed,static_audit_passed,machine_compiled_source_anchored_static_audited
DUV3-GF0025-2021-7_9-008-01,DiagnosticUnit,DPV3-GF0025-2021-7_9-008-01,DiagnosticProfile,RBV3-GF0025-2021-7_9-008-01,GF0025-2021-7_9-008,【七—九08】,7-9,8,词类,连词,连接分句或句子,1,01,继而、要不是,,unsplit_official_entry,,DTV3-TAX-5226A4B955B9,taxonomy_instantiated,,0,structural_pattern,(?:要不是|继而),^(继而|要不是)$,fullmatch,normalized_legacy_regex,,"[""lexical_form"",""local_context"",""grammatical_function""]","[""候选包含与权威条目 【七—九08】 对齐的可定位触发线索。"",""候选满足模板槽位：lexical_form、local_context、grammatical_function。"",""候选按 structural_pattern 模式实现 词类 / 连词 / 连接分句或句子 所规定的语法功能。""]","[""触发线索存在，但候选边界未覆盖完整构式。"",""局部槽位可定位，但至少一个必需槽位仅得到弱支持。""]","[""触发线索只出现在标题、编号、术语或元语言说明中。"",""必需槽位缺失，且上下文不能恢复目标结构或目标功能。""]","[""相同表层形式可能实现 连词 中的非目标功能。"",""相邻构式共享触发形式，但槽位关系或语法功能不同。""]","[""目标用例"",""边界问题"",""表层触发但非目标"",""结构缺槽"",""语义不兼容"",""其他具体构式"",""不确定/需复核""]","[""target_status"",""candidate_boundary"",""slot_status"",""structural_functional_status"",""licensed_evidence"",""runtime_evidence"",""rule_source_trace""]",^(继而|要不是)$,normalized_compiles,REF-GF0025-2021,,GF0025-2021 PDF pp.176–259,appendix_span_verified,verified_inventory,false,[],machine_compiled,source_anchored,not_claimed,static_audit_passed,machine_compiled_source_anchored_static_audited
DUV3-GF0025-2021-7_9-009-01,DiagnosticUnit,DPV3-GF0025-2021-7_9-009-01,DiagnosticProfile,RBV3-GF0025-2021-7_9-009-01,GF0025-2021-7_9-009,【七—九09】,7-9,9,词类,助词,结构助词,1,01,之,,unsplit_official_entry,,DTV3-TAX-834173C4ACFE,taxonomy_instantiated,,0,structural_pattern,(?:之),^之$,fullmatch,normalized_legacy_regex,,"[""lexical_form"",""local_context"",""grammatical_function""]","[""候选包含与权威条目 【七—九09】 对齐的可定位触发线索。"",""候选满足模板槽位：lexical_form、local_context、grammatical_function。"",""候选按 structural_pattern 模式实现 词类 / 助词 / 结构助词 所规定的语法功能。""]","[""触发线索存在，但候选边界未覆盖完整构式。"",""局部槽位可定位，但至少一个必需槽位仅得到弱支持。""]","[""触发线索只出现在标题、编号、术语或元语言说明中。"",""必需槽位缺失，且上下文不能恢复目标结构或目标功能。""]","[""相同表层形式可能实现 助词 中的非目标功能。"",""相邻构式共享触发形式，但槽位关系或语法功能不同。""]","[""目标用例"",""边界问题"",""表层触发但非目标"",""结构缺槽"",""语义不兼容"",""其他具体构式"",""不确定/需复核""]","[""target_status"",""candidate_boundary"",""slot_status"",""structural_functional_status"",""licensed_evidence"",""runtime_evidence"",""rule_source_trace""]",^之$,normalized_compiles,REF-GF0025-2021,,GF0025-2021 PDF pp.176–259,appendix_span_verified,verified_inventory,false,[],machine_compiled,source_anchored,not_claimed,static_audit_passed,machine_compiled_source_anchored_static_audited
DUV3-GF0025-2021-7_9-010-01,DiagnosticUnit,DPV3-GF0025-2021-7_9-010-01,DiagnosticProfile,RBV3-GF0025-2021-7_9-010-01,GF0025-2021-7_9-010,【七—九10】,7-9,10,短语,结构类型,基本结构类型,1,01,数词+量词+抽象事物,,unsplit_official_entry,,DTV3-TAX-58BE1FA9DBC5,taxonomy_instantiated,,0,structural_pattern,(?:抽象事物|数词|量词),(?:抽象事物|数词|量词),search,source_literal_retrieval_trigger,,"[""phrase_head"",""dependent_or_argument"",""phrase_boundary""]","[""候选包含与权威条目 【七—九10】 对齐的可定位触发线索。"",""候选满足模板槽位：phrase_head、dependent_or_argument、phrase_boundary。"",""候选按 structural_pattern 模式实现 短语 / 结构类型 / 基本结构类型 所规定的语法功能。""]","[""触发线索存在，但候选边界未覆盖完整构式。"",""局部槽位可定位，但至少一个必需槽位仅得到弱支持。""]","[""触发线索只出现在标题、编号、术语或元语言说明中。"",""必需槽位缺失，且上下文不能恢复目标结构或目标功能。""]","[""相同表层形式可能实现 结构类型 中的非目标功能。"",""相邻构式共享触发形式，但槽位关系或语法功能不同。""]","[""目标用例"",""边界问题"",""表层触发但非目标"",""结构缺槽"",""语义不兼容"",""其他具体构式"",""不确定/需复核""]","[""target_status"",""candidate_boundary"",""slot_status"",""structural_functional_status"",""licensed_evidence"",""runtime_evidence"",""rule_source_trace""]",,not_available_source_literal_runtime,REF-GF0025-2021,,GF0025-2021 PDF pp.176–259,appendix_span_verified,verified_inventory,false,[],machine_compiled,source_anchored,not_claimed,static_audit_passed,machine_compiled_source_anchored_static_audited
DUV3-GF0025-2021-7_9-011-01,DiagnosticUnit,DPV3-GF0025-2021-7_9-011-01,DiagnosticProfile,RBV3-GF0025-2021-7_9-011-01,GF0025-2021-7_9-011,【七—九11】,7-9,11,短语,固定短语,四字格,1,01,爱A不A,,unsplit_official_entry,,DTV3-TAX-249B0481958D,taxonomy_instantiated,,0,structural_pattern,(?:爱A不A|不|爱),爱([一-龥])不\1,search,normalized_legacy_regex,,"[""phrase_head"",""dependent_or_argument"",""phrase_boundary""]","[""候选包含与权威条目 【七—九11】 对齐的可定位触发线索。"",""候选满足模板槽位：phrase_head、dependent_or_argument、phrase_boundary。"",""候选按 structural_pattern 模式实现 短语 / 固定短语 / 四字格 所规定的语法功能。""]","[""触发线索存在，但候选边界未覆盖完整构式。"",""局部槽位可定位，但至少一个必需槽位仅得到弱支持。""]","[""触发线索只出现在标题、编号、术语或元语言说明中。"",""必需槽位缺失，且上下文不能恢复目标结构或目标功能。""]","[""相同表层形式可能实现 固定短语 中的非目标功能。"",""相邻构式共享触发形式，但槽位关系或语法功能不同。""]","[""目标用例"",""边界问题"",""表层触发但非目标"",""结构缺槽"",""语义不兼容"",""其他具体构式"",""不确定/需复核""]","[""target_status"",""candidate_boundary"",""slot_status"",""structural_functional_status"",""licensed_evidence"",""runtime_evidence"",""rule_source_trace""]",爱([一-龥])不\1,normalized_compiles,REF-GF0025-2021,,GF0025-2021 PDF pp.176–259,appendix_span_verified,verified_inventory,false,[],machine_compiled,source_anchored,not_claimed,static_audit_passed,machine_compiled_source_anchored_static_audited
DUV3-GF0025-2021-7_9-012-01,DiagnosticUnit,DPV3-GF0025-2021-7_9-012-01,DiagnosticProfile,RBV3-GF0025-2021-7_9-012-01,GF0025-2021-7_9-012,【七—九12】,7-9,12,短语,固定短语,四字格,1,01,半A半B,,unsplit_official_entry,,DTV3-TAX-249B0481958D,taxonomy_instantiated,,0,structural_pattern,(?:半A半B|半),半[一-龥]半[一-龥],search,normalized_legacy_regex,,"[""phrase_head"",""dependent_or_argument"",""phrase_boundary""]","[""候选包含与权威条目 【七—九12】 对齐的可定位触发线索。"",""候选满足模板槽位：phrase_head、dependent_or_argument、phrase_boundary。"",""候选按 structural_pattern 模式实现 短语 / 固定短语 / 四字格 所规定的语法功能。""]","[""触发线索存在，但候选边界未覆盖完整构式。"",""局部槽位可定位，但至少一个必需槽位仅得到弱支持。""]","[""触发线索只出现在标题、编号、术语或元语言说明中。"",""必需槽位缺失，且上下文不能恢复目标结构或目标功能。""]","[""相同表层形式可能实现 固定短语 中的非目标功能。"",""相邻构式共享触发形式，但槽位关系或语法功能不同。""]","[""目标用例"",""边界问题"",""表层触发但非目标"",""结构缺槽"",""语义不兼容"",""其他具体构式"",""不确定/需复核""]","[""target_status"",""candidate_boundary"",""slot_status"",""structural_functional_status"",""licensed_evidence"",""runtime_evidence"",""rule_source_trace""]",半[一-龥]半[一-龥],normalized_compiles,REF-GF0025-2021,,GF0025-2021 PDF pp.176–259,appendix_span_verified,verified_inventory,false,[],machine_compiled,source_anchored,not_claimed,static_audit_passed,machine_compiled_source_anchored_static_audited
DUV3-GF0025-2021-7_9-013-01,DiagnosticUnit,DPV3-GF0025-2021-7_9-013-01,DiagnosticProfile,RBV3-GF0025-2021-7_9-013-01,GF0025-2021-7_9-013,【七—九13】,7-9,13,短语,固定短语,四字格,1,01,东A西B,,unsplit_official_entry,,DTV3-TAX-249B0481958D,taxonomy_instantiated,,0,structural_pattern,(?:东A西B|东|西),东[一-龥]西[一-龥],search,normalized_legacy_regex,,"[""phrase_head"",""dependent_or_argument"",""phrase_boundary""]","[""候选包含与权威条目 【七—九13】 对齐的可定位触发线索。"",""候选满足模板槽位：phrase_head、dependent_or_argument、phrase_boundary。"",""候选按 structural_pattern 模式实现 短语 / 固定短语 / 四字格 所规定的语法功能。""]","[""触发线索存在，但候选边界未覆盖完整构式。"",""局部槽位可定位，但至少一个必需槽位仅得到弱支持。""]","[""触发线索只出现在标题、编号、术语或元语言说明中。"",""必需槽位缺失，且上下文不能恢复目标结构或目标功能。""]","[""相同表层形式可能实现 固定短语 中的非目标功能。"",""相邻构式共享触发形式，但槽位关系或语法功能不同。""]","[""目标用例"",""边界问题"",""表层触发但非目标"",""结构缺槽"",""语义不兼容"",""其他具体构式"",""不确定/需复核""]","[""target_status"",""candidate_boundary"",""slot_status"",""structural_functional_status"",""licensed_evidence"",""runtime_evidence"",""rule_source_trace""]",东[一-龥]西[一-龥],normalized_compiles,REF-GF0025-2021,,GF0025-2021 PDF pp.176–259,appendix_span_verified,verified_inventory,false,[],machine_compiled,source_anchored,not_claimed,static_audit_passed,machine_compiled_source_anchored_static_audited
DUV3-GF0025-2021-7_9-014-01,DiagnosticUnit,DPV3-GF0025-2021-7_9-014-01,DiagnosticProfile,RBV3-GF0025-2021-7_9-014-01,GF0025-2021-7_9-014,【七—九14】,7-9,14,短语,固定短语,四字格,1,01,非A非B,,unsplit_official_entry,,DTV3-TAX-249B0481958D,taxonomy_instantiated,,0,structural_pattern,(?:非A非B|非),非[一-龥]非[一-龥],search,normalized_legacy_regex,,"[""phrase_head"",""dependent_or_argument"",""phrase_boundary""]","[""候选包含与权威条目 【七—九14】 对齐的可定位触发线索。"",""候选满足模板槽位：phrase_head、dependent_or_argument、phrase_boundary。"",""候选按 structural_pattern 模式实现 短语 / 固定短语 / 四字格 所规定的语法功能。""]","[""触发线索存在，但候选边界未覆盖完整构式。"",""局部槽位可定位，但至少一个必需槽位仅得到弱支持。""]","[""触发线索只出现在标题、编号、术语或元语言说明中。"",""必需槽位缺失，且上下文不能恢复目标结构或目标功能。""]","[""相同表层形式可能实现 固定短语 中的非目标功能。"",""相邻构式共享触发形式，但槽位关系或语法功能不同。""]","[""目标用例"",""边界问题"",""表层触发但非目标"",""结构缺槽"",""语义不兼容"",""其他具体构式"",""不确定/需复核""]","[""target_status"",""candidate_boundary"",""slot_status"",""structural_functional_status"",""licensed_evidence"",""runtime_evidence"",""rule_source_trace""]",非[一-龥]非[一-龥],normalized_compiles,REF-GF0025-2021,,GF0025-2021 PDF pp.176–259,appendix_span_verified,verified_inventory,false,[],machine_compiled,source_anchored,not_claimed,static_audit_passed,machine_compiled_source_anchored_static_audited
DUV3-GF0025-2021-7_9-015-01,DiagnosticUnit,DPV3-GF0025-2021-7_9-015-01,DiagnosticProfile,RBV3-GF0025-2021-7_9-015-01,GF0025-2021-7_9-015,【七—九15】,7-9,15,短语,固定短语,四字格,1,01,忽A忽B,,unsplit_official_entry,,DTV3-TAX-249B0481958D,taxonomy_instantiated,,0,structural_pattern,(?:忽A忽B|忽),忽[一-龥]忽[一-龥],search,normalized_legacy_regex,,"[""phrase_head"",""dependent_or_argument"",""phrase_boundary""]","[""候选包含与权威条目 【七—九15】 对齐的可定位触发线索。"",""候选满足模板槽位：phrase_head、dependent_or_argument、phrase_boundary。"",""候选按 structural_pattern 模式实现 短语 / 固定短语 / 四字格 所规定的语法功能。""]","[""触发线索存在，但候选边界未覆盖完整构式。"",""局部槽位可定位，但至少一个必需槽位仅得到弱支持。""]","[""触发线索只出现在标题、编号、术语或元语言说明中。"",""必需槽位缺失，且上下文不能恢复目标结构或目标功能。""]","[""相同表层形式可能实现 固定短语 中的非目标功能。"",""相邻构式共享触发形式，但槽位关系或语法功能不同。""]","[""目标用例"",""边界问题"",""表层触发但非目标"",""结构缺槽"",""语义不兼容"",""其他具体构式"",""不确定/需复核""]","[""target_status"",""candidate_boundary"",""slot_status"",""structural_functional_status"",""licensed_evidence"",""runtime_evidence"",""rule_source_trace""]",忽[一-龥]忽[一-龥],normalized_compiles,REF-GF0025-2021,,GF0025-2021 PDF pp.176–259,appendix_span_verified,verified_inventory,false,[],machine_compiled,source_anchored,not_claimed,static_audit_passed,machine_compiled_source_anchored_static_audited
DUV3-GF0025-2021-7_9-016-01,DiagnosticUnit,DPV3-GF0025-2021-7_9-016-01,DiagnosticProfile,RBV3-GF0025-2021-7_9-016-01,GF0025-2021-7_9-016,【七—九16】,7-9,16,短语,固定短语,四字格,1,01,连A带B,,unsplit_official_entry,,DTV3-TAX-249B0481958D,taxonomy_instantiated,,0,structural_pattern,(?:连A带B|带|连),连[一-龥]带[一-龥],search,normalized_legacy_regex,,"[""phrase_head"",""dependent_or_argument"",""phrase_boundary""]","[""候选包含与权威条目 【七—九16】 对齐的可定位触发线索。"",""候选满足模板槽位：phrase_head、dependent_or_argument、phrase_boundary。"",""候选按 structural_pattern 模式实现 短语 / 固定短语 / 四字格 所规定的语法功能。""]","[""触发线索存在，但候选边界未覆盖完整构式。"",""局部槽位可定位，但至少一个必需槽位仅得到弱支持。""]","[""触发线索只出现在标题、编号、术语或元语言说明中。"",""必需槽位缺失，且上下文不能恢复目标结构或目标功能。""]","[""相同表层形式可能实现 固定短语 中的非目标功能。"",""相邻构式共享触发形式，但槽位关系或语法功能不同。""]","[""目标用例"",""边界问题"",""表层触发但非目标"",""结构缺槽"",""语义不兼容"",""其他具体构式"",""不确定/需复核""]","[""target_status"",""candidate_boundary"",""slot_status"",""structural_functional_status"",""licensed_evidence"",""runtime_evidence"",""rule_source_trace""]",连[一-龥]带[一-龥],normalized_compiles,REF-GF0025-2021,,GF0025-2021 PDF pp.176–259,appendix_span_verified,verified_inventory,false,[],machine_compiled,source_anchored,not_claimed,static_audit_passed,machine_compiled_source_anchored_static_audited
DUV3-GF0025-2021-7_9-017-01,DiagnosticUnit,DPV3-GF0025-2021-7_9-017-01,DiagnosticProfile,RBV3-GF0025-2021-7_9-017-01,GF0025-2021-7_9-017,【七—九17】,7-9,17,短语,固定短语,四字格,1,01,时A时B,,unsplit_official_entry,,DTV3-TAX-249B0481958D,taxonomy_instantiated,,0,structural_pattern,(?:时A时B|时),时[一-龥]时[一-龥],search,normalized_legacy_regex,,"[""phrase_head"",""dependent_or_argument"",""phrase_boundary""]","[""候选包含与权威条目 【七—九17】 对齐的可定位触发线索。"",""候选满足模板槽位：phrase_head、dependent_or_argument、phrase_boundary。"",""候选按 structural_pattern 模式实现 短语 / 固定短语 / 四字格 所规定的语法功能。""]","[""触发线索存在，但候选边界未覆盖完整构式。"",""局部槽位可定位，但至少一个必需槽位仅得到弱支持。""]","[""触发线索只出现在标题、编号、术语或元语言说明中。"",""必需槽位缺失，且上下文不能恢复目标结构或目标功能。""]","[""相同表层形式可能实现 固定短语 中的非目标功能。"",""相邻构式共享触发形式，但槽位关系或语法功能不同。""]","[""目标用例"",""边界问题"",""表层触发但非目标"",""结构缺槽"",""语义不兼容"",""其他具体构式"",""不确定/需复核""]","[""target_status"",""candidate_boundary"",""slot_status"",""structural_functional_status"",""licensed_evidence"",""runtime_evidence"",""rule_source_trace""]",时[一-龥]时[一-龥],normalized_compiles,REF-GF0025-2021,,GF0025-2021 PDF pp.176–259,appendix_span_verified,verified_inventory,false,[],machine_compiled,source_anchored,not_claimed,static_audit_passed,machine_compiled_source_anchored_static_audited
DUV3-GF0025-2021-7_9-018-01,DiagnosticUnit,DPV3-GF0025-2021-7_9-018-01,DiagnosticProfile,RBV3-GF0025-2021-7_9-018-01,GF0025-2021-7_9-018,【七—九18】,7-9,18,短语,固定短语,四字格,1,01,自A自B,,unsplit_official_entry,,DTV3-TAX-249B0481958D,taxonomy_instantiated,,0,structural_pattern,(?:自A自B|自),自[一-龥]自[一-龥],search,normalized_legacy_regex,,"[""phrase_head"",""dependent_or_argument"",""phrase_boundary""]","[""候选包含与权威条目 【七—九18】 对齐的可定位触发线索。"",""候选满足模板槽位：phrase_head、dependent_or_argument、phrase_boundary。"",""候选按 structural_pattern 模式实现 短语 / 固定短语 / 四字格 所规定的语法功能。""]","[""触发线索存在，但候选边界未覆盖完整构式。"",""局部槽位可定位，但至少一个必需槽位仅得到弱支持。""]","[""触发线索只出现在标题、编号、术语或元语言说明中。"",""必需槽位缺失，且上下文不能恢复目标结构或目标功能。""]","[""相同表层形式可能实现 固定短语 中的非目标功能。"",""相邻构式共享触发形式，但槽位关系或语法功能不同。""]","[""目标用例"",""边界问题"",""表层触发但非目标"",""结构缺槽"",""语义不兼容"",""其他具体构式"",""不确定/需复核""]","[""target_status"",""candidate_boundary"",""slot_status"",""structural_functional_status"",""licensed_evidence"",""runtime_evidence"",""rule_source_trace""]",自[一-龥]自[一-龥],normalized_compiles,REF-GF0025-2021,,GF0025-2021 PDF pp.176–259,appendix_span_verified,verified_inventory,false,[],machine_compiled,source_anchored,not_claimed,static_audit_passed,machine_compiled_source_anchored_static_audited
DUV3-GF0025-2021-7_9-019-01,DiagnosticUnit,DPV3-GF0025-2021-7_9-019-01,DiagnosticProfile,RBV3-GF0025-2021-7_9-019-01,GF0025-2021-7_9-019,【七—九19】,7-9,19,短语,固定短语,其他,1,01,巴不得,,unsplit_official_entry,,DTV3-TAX-423191A16BE2,taxonomy_instantiated,,0,structural_pattern,(?:巴不得),巴不得,search,normalized_legacy_regex,,"[""phrase_head"",""dependent_or_argument"",""phrase_boundary""]","[""候选包含与权威条目 【七—九19】 对齐的可定位触发线索。"",""候选满足模板槽位：phrase_head、dependent_or_argument、phrase_boundary。"",""候选按 structural_pattern 模式实现 短语 / 固定短语 / 其他 所规定的语法功能。""]","[""触发线索存在，但候选边界未覆盖完整构式。"",""局部槽位可定位，但至少一个必需槽位仅得到弱支持。""]","[""触发线索只出现在标题、编号、术语或元语言说明中。"",""必需槽位缺失，且上下文不能恢复目标结构或目标功能。""]","[""相同表层形式可能实现 固定短语 中的非目标功能。"",""相邻构式共享触发形式，但槽位关系或语法功能不同。""]","[""目标用例"",""边界问题"",""表层触发但非目标"",""结构缺槽"",""语义不兼容"",""其他具体构式"",""不确定/需复核""]","[""target_status"",""candidate_boundary"",""slot_status"",""structural_functional_status"",""licensed_evidence"",""runtime_evidence"",""rule_source_trace""]",巴不得,normalized_compiles,REF-GF0025-2021,,GF0025-2021 PDF pp.176–259,appendix_span_verified,verified_inventory,false,[],machine_compiled,source_anchored,not_claimed,static_audit_passed,machine_compiled_source_anchored_static_audited
DUV3-GF0025-2021-7_9-020-01,DiagnosticUnit,DPV3-GF0025-2021-7_9-020-01,DiagnosticProfile,RBV3-GF0025-2021-7_9-020-01,GF0025-2021-7_9-020,【七—九20】,7-9,20,短语,固定短语,其他,1,01,别提了,,unsplit_official_entry,,DTV3-TAX-423191A16BE2,taxonomy_instantiated,,0,structural_pattern,(?:别提了),别提了,search,normalized_legacy_regex,,"[""phrase_head"",""dependent_or_argument"",""phrase_boundary""]","[""候选包含与权威条目 【七—九20】 对齐的可定位触发线索。"",""候选满足模板槽位：phrase_head、dependent_or_argument、phrase_boundary。"",""候选按 structural_pattern 模式实现 短语 / 固定短语 / 其他 所规定的语法功能。""]","[""触发线索存在，但候选边界未覆盖完整构式。"",""局部槽位可定位，但至少一个必需槽位仅得到弱支持。""]","[""触发线索只出现在标题、编号、术语或元语言说明中。"",""必需槽位缺失，且上下文不能恢复目标结构或目标功能。""]","[""相同表层形式可能实现 固定短语 中的非目标功能。"",""相邻构式共享触发形式，但槽位关系或语法功能不同。""]","[""目标用例"",""边界问题"",""表层触发但非目标"",""结构缺槽"",""语义不兼容"",""其他具体构式"",""不确定/需复核""]","[""target_status"",""candidate_boundary"",""slot_status"",""structural_functional_status"",""licensed_evidence"",""runtime_evidence"",""rule_source_trace""]",别提了,normalized_compiles,REF-GF0025-2021,,GF0025-2021 PDF pp.176–259,appendix_span_verified,verified_inventory,false,[],machine_compiled,source_anchored,not_claimed,static_audit_passed,machine_compiled_source_anchored_static_audited
DUV3-GF0025-2021-7_9-021-01,DiagnosticUnit,DPV3-GF0025-2021-7_9-021-01,DiagnosticProfile,RBV3-GF0025-2021-7_9-021-01,GF0025-2021-7_9-021,【七—九21】,7-9,21,短语,固定短语,其他,1,01,除此之外,,unsplit_official_entry,,DTV3-TAX-423191A16BE2,taxonomy_instantiated,,0,structural_pattern,(?:除此之外),除此之外,search,normalized_legacy_regex,,"[""phrase_head"",""dependent_or_argument"",""phrase_boundary""]","[""候选包含与权威条目 【七—九21】 对齐的可定位触发线索。"",""候选满足模板槽位：phrase_head、dependent_or_argument、phrase_boundary。"",""候选按 structural_pattern 模式实现 短语 / 固定短语 / 其他 所规定的语法功能。""]","[""触发线索存在，但候选边界未覆盖完整构式。"",""局部槽位可定位，但至少一个必需槽位仅得到弱支持。""]","[""触发线索只出现在标题、编号、术语或元语言说明中。"",""必需槽位缺失，且上下文不能恢复目标结构或目标功能。""]","[""相同表层形式可能实现 固定短语 中的非目标功能。"",""相邻构式共享触发形式，但槽位关系或语法功能不同。""]","[""目标用例"",""边界问题"",""表层触发但非目标"",""结构缺槽"",""语义不兼容"",""其他具体构式"",""不确定/需复核""]","[""target_status"",""candidate_boundary"",""slot_status"",""structural_functional_status"",""licensed_evidence"",""runtime_evidence"",""rule_source_trace""]",除此之外,normalized_compiles,REF-GF0025-2021,,GF0025-2021 PDF pp.176–259,appendix_span_verified,verified_inventory,false,[],machine_compiled,source_anchored,not_claimed,static_audit_passed,machine_compiled_source_anchored_static_audited
DUV3-GF0025-2021-7_9-022-01,DiagnosticUnit,DPV3-GF0025-2021-7_9-022-01,DiagnosticProfile,RBV3-GF0025-2021-7_9-022-01,GF0025-2021-7_9-022,【七—九22】,7-9,22,短语,固定短语,其他,1,01,归根到底,,unsplit_official_entry,,DTV3-TAX-423191A16BE2,taxonomy_instantiated,,0,structural_pattern,(?:归根到底),归根到底,search,normalized_legacy_regex,,"[""phrase_head"",""dependent_or_argument"",""phrase_boundary""]","[""候选包含与权威条目 【七—九22】 对齐的可定位触发线索。"",""候选满足模板槽位：phrase_head、dependent_or_argument、phrase_boundary。"",""候选按 structural_pattern 模式实现 短语 / 固定短语 / 其他 所规定的语法功能。""]","[""触发线索存在，但候选边界未覆盖完整构式。"",""局部槽位可定位，但至少一个必需槽位仅得到弱支持。""]","[""触发线索只出现在标题、编号、术语或元语言说明中。"",""必需槽位缺失，且上下文不能恢复目标结构或目标功能。""]","[""相同表层形式可能实现 固定短语 中的非目标功能。"",""相邻构式共享触发形式，但槽位关系或语法功能不同。""]","[""目标用例"",""边界问题"",""表层触发但非目标"",""结构缺槽"",""语义不兼容"",""其他具体构式"",""不确定/需复核""]","[""target_status"",""candidate_boundary"",""slot_status"",""structural_functional_status"",""licensed_evidence"",""runtime_evidence"",""rule_source_trace""]",归根到底,normalized_compiles,REF-GF0025-2021,,GF0025-2021 PDF pp.176–259,appendix_span_verified,verified_inventory,false,[],machine_compiled,source_anchored,not_claimed,static_audit_passed,machine_compiled_source_anchored_static_audited
DUV3-GF0025-2021-7_9-023-01,DiagnosticUnit,DPV3-GF0025-2021-7_9-023-01,DiagnosticProfile,RBV3-GF0025-2021-7_9-023-01,GF0025-2021-7_9-023,【七—九23】,7-9,23,短语,固定短语,其他,1,01,可不是,,unsplit_official_entry,,DTV3-TAX-423191A16BE2,taxonomy_instantiated,,0,structural_pattern,(?:可不是),可不是,search,normalized_legacy_regex,,"[""phrase_head"",""dependent_or_argument"",""phrase_boundary""]","[""候选包含与权威条目 【七—九23】 对齐的可定位触发线索。"",""候选满足模板槽位：phrase_head、dependent_or_argument、phrase_boundary。"",""候选按 structural_pattern 模式实现 短语 / 固定短语 / 其他 所规定的语法功能。""]","[""触发线索存在，但候选边界未覆盖完整构式。"",""局部槽位可定位，但至少一个必需槽位仅得到弱支持。""]","[""触发线索只出现在标题、编号、术语或元语言说明中。"",""必需槽位缺失，且上下文不能恢复目标结构或目标功能。""]","[""相同表层形式可能实现 固定短语 中的非目标功能。"",""相邻构式共享触发形式，但槽位关系或语法功能不同。""]","[""目标用例"",""边界问题"",""表层触发但非目标"",""结构缺槽"",""语义不兼容"",""其他具体构式"",""不确定/需复核""]","[""target_status"",""candidate_boundary"",""slot_status"",""structural_functional_status"",""licensed_evidence"",""runtime_evidence"",""rule_source_trace""]",可不是,normalized_compiles,REF-GF0025-2021,,GF0025-2021 PDF pp.176–259,appendix_span_verified,verified_inventory,false,[],machine_compiled,source_anchored,not_claimed,static_audit_passed,machine_compiled_source_anchored_static_audited
DUV3-GF0025-2021-7_9-024-01,DiagnosticUnit,DPV3-GF0025-2021-7_9-024-01,DiagnosticProfile,RBV3-GF0025-2021-7_9-024-01,GF0025-2021-7_9-024,【七—九24】,7-9,24,短语,固定短语,其他,1,01,没说的,,unsplit_official_entry,,DTV3-TAX-423191A16BE2,taxonomy_instantiated,,0,structural_pattern,(?:没说的),没说的,search,normalized_legacy_regex,,"[""phrase_head"",""dependent_or_argument"",""phrase_boundary""]","[""候选包含与权威条目 【七—九24】 对齐的可定位触发线索。"",""候选满足模板槽位：phrase_head、dependent_or_argument、phrase_boundary。"",""候选按 structural_pattern 模式实现 短语 / 固定短语 / 其他 所规定的语法功能。""]","[""触发线索存在，但候选边界未覆盖完整构式。"",""局部槽位可定位，但至少一个必需槽位仅得到弱支持。""]","[""触发线索只出现在标题、编号、术语或元语言说明中。"",""必需槽位缺失，且上下文不能恢复目标结构或目标功能。""]","[""相同表层形式可能实现 固定短语 中的非目标功能。"",""相邻构式共享触发形式，但槽位关系或语法功能不同。""]","[""目标用例"",""边界问题"",""表层触发但非目标"",""结构缺槽"",""语义不兼容"",""其他具体构式"",""不确定/需复核""]","[""target_status"",""candidate_boundary"",""slot_status"",""structural_functional_status"",""licensed_evidence"",""runtime_evidence"",""rule_source_trace""]",没说的,normalized_compiles,REF-GF0025-2021,,GF0025-2021 PDF pp.176–259,appendix_span_verified,verified_inventory,false,[],machine_compiled,source_anchored,not_claimed,static_audit_passed,machine_compiled_source_anchored_static_audited
DUV3-GF0025-2021-7_9-025-01,DiagnosticUnit,DPV3-GF0025-2021-7_9-025-01,DiagnosticProfile,RBV3-GF0025-2021-7_9-025-01,GF0025-2021-7_9-025,【七—九25】,7-9,25,短语,固定短语,其他,1,01,无论如何,,unsplit_official_entry,,DTV3-TAX-423191A16BE2,taxonomy_instantiated,,0,structural_pattern,(?:无论如何),无论如何,search,normalized_legacy_regex,,"[""phrase_head"",""dependent_or_argument"",""phrase_boundary""]","[""候选包含与权威条目 【七—九25】 对齐的可定位触发线索。"",""候选满足模板槽位：phrase_head、dependent_or_argument、phrase_boundary。"",""候选按 structural_pattern 模式实现 短语 / 固定短语 / 其他 所规定的语法功能。""]","[""触发线索存在，但候选边界未覆盖完整构式。"",""局部槽位可定位，但至少一个必需槽位仅得到弱支持。""]","[""触发线索只出现在标题、编号、术语或元语言说明中。"",""必需槽位缺失，且上下文不能恢复目标结构或目标功能。""]","[""相同表层形式可能实现 固定短语 中的非目标功能。"",""相邻构式共享触发形式，但槽位关系或语法功能不同。""]","[""目标用例"",""边界问题"",""表层触发但非目标"",""结构缺槽"",""语义不兼容"",""其他具体构式"",""不确定/需复核""]","[""target_status"",""candidate_boundary"",""slot_status"",""structural_functional_status"",""licensed_evidence"",""runtime_evidence"",""rule_source_trace""]",无论如何,normalized_compiles,REF-GF0025-2021,,GF0025-2021 PDF pp.176–259,appendix_span_verified,verified_inventory,false,[],machine_compiled,source_anchored,not_claimed,static_audit_passed,machine_compiled_source_anchored_static_audited
DUV3-GF0025-2021-7_9-026-01,DiagnosticUnit,DPV3-GF0025-2021-7_9-026-01,DiagnosticProfile,RBV3-GF0025-2021-7_9-026-01,GF0025-2021-7_9-026,【七—九26】,7-9,26,短语,固定短语,其他,1,01,由此可见,,unsplit_official_entry,,DTV3-TAX-423191A16BE2,taxonomy_instantiated,,0,structural_pattern,(?:由此可见),由此可见,search,normalized_legacy_regex,,"[""phrase_head"",""dependent_or_argument"",""phrase_boundary""]","[""候选包含与权威条目 【七—九26】 对齐的可定位触发线索。"",""候选满足模板槽位：phrase_head、dependent_or_argument、phrase_boundary。"",""候选按 structural_pattern 模式实现 短语 / 固定短语 / 其他 所规定的语法功能。""]","[""触发线索存在，但候选边界未覆盖完整构式。"",""局部槽位可定位，但至少一个必需槽位仅得到弱支持。""]","[""触发线索只出现在标题、编号、术语或元语言说明中。"",""必需槽位缺失，且上下文不能恢复目标结构或目标功能。""]","[""相同表层形式可能实现 固定短语 中的非目标功能。"",""相邻构式共享触发形式，但槽位关系或语法功能不同。""]","[""目标用例"",""边界问题"",""表层触发但非目标"",""结构缺槽"",""语义不兼容"",""其他具体构式"",""不确定/需复核""]","[""target_status"",""candidate_boundary"",""slot_status"",""structural_functional_status"",""licensed_evidence"",""runtime_evidence"",""rule_source_trace""]",由此可见,normalized_compiles,REF-GF0025-2021,,GF0025-2021 PDF pp.176–259,appendix_span_verified,verified_inventory,false,[],machine_compiled,source_anchored,not_claimed,static_audit_passed,machine_compiled_source_anchored_static_audited
DUV3-GF0025-2021-7_9-027-01,DiagnosticUnit,DPV3-GF0025-2021-7_9-027-01,DiagnosticProfile,RBV3-GF0025-2021-7_9-027-01,GF0025-2021-7_9-027,【七—九27】,7-9,27,固定格式,未细分,,1,01,不知……好,,unsplit_official_entry,,DTV3-POINT-9F302588C9B2,point_specific_instantiated,,0,structural_pattern,(?:不知……好|不知|好),不知.+好,search,normalized_legacy_regex,,"[""fixed_marker"",""internal_slot"",""construction_boundary""]","[""候选包含与权威条目 【七—九27】 对齐的可定位触发线索。"",""候选满足模板槽位：fixed_marker、internal_slot、construction_boundary。"",""候选按 structural_pattern 模式实现 固定格式 / 未细分 / 未列小项 所规定的语法功能。""]","[""触发线索存在，但候选边界未覆盖完整构式。"",""局部槽位可定位，但至少一个必需槽位仅得到弱支持。""]","[""触发线索只出现在标题、编号、术语或元语言说明中。"",""必需槽位缺失，且上下文不能恢复目标结构或目标功能。""]","[""相同表层形式可能实现 未细分 中的非目标功能。"",""相邻构式共享触发形式，但槽位关系或语法功能不同。""]","[""目标用例"",""边界问题"",""表层触发但非目标"",""结构缺槽"",""语义不兼容"",""其他具体构式"",""不确定/需复核""]","[""target_status"",""candidate_boundary"",""slot_status"",""structural_functional_status"",""licensed_evidence"",""runtime_evidence"",""rule_source_trace""]",不知.+好,normalized_compiles,REF-GF0025-2021,,GF0025-2021 PDF pp.176–259,appendix_span_verified,verified_inventory,false,[],machine_compiled,source_anchored,not_claimed,static_audit_passed,machine_compiled_source_anchored_static_audited
DUV3-GF0025-2021-7_9-028-01,DiagnosticUnit,DPV3-GF0025-2021-7_9-028-01,DiagnosticProfile,RBV3-GF0025-2021-7_9-028-01,GF0025-2021-7_9-028,【七—九28】,7-9,28,固定格式,未细分,,1,01,所谓……就是……,,unsplit_official_entry,,DTV3-POINT-3184E0586DF4,point_specific_instantiated,,0,structural_pattern,(?:所谓……就是……|就是|所谓),所谓.+就是.+,search,normalized_legacy_regex,,"[""fixed_marker"",""internal_slot"",""construction_boundary""]","[""候选包含与权威条目 【七—九28】 对齐的可定位触发线索。"",""候选满足模板槽位：fixed_marker、internal_slot、construction_boundary。"",""候选按 structural_pattern 模式实现 固定格式 / 未细分 / 未列小项 所规定的语法功能。""]","[""触发线索存在，但候选边界未覆盖完整构式。"",""局部槽位可定位，但至少一个必需槽位仅得到弱支持。""]","[""触发线索只出现在标题、编号、术语或元语言说明中。"",""必需槽位缺失，且上下文不能恢复目标结构或目标功能。""]","[""相同表层形式可能实现 未细分 中的非目标功能。"",""相邻构式共享触发形式，但槽位关系或语法功能不同。""]","[""目标用例"",""边界问题"",""表层触发但非目标"",""结构缺槽"",""语义不兼容"",""其他具体构式"",""不确定/需复核""]","[""target_status"",""candidate_boundary"",""slot_status"",""structural_functional_status"",""licensed_evidence"",""runtime_evidence"",""rule_source_trace""]",所谓.+就是.+,normalized_compiles,REF-GF0025-2021,,GF0025-2021 PDF pp.176–259,appendix_span_verified,verified_inventory,false,[],machine_compiled,source_anchored,not_claimed,static_audit_passed,machine_compiled_source_anchored_static_audited
DUV3-GF0025-2021-7_9-029-01,DiagnosticUnit,DPV3-GF0025-2021-7_9-029-01,DiagnosticProfile,RBV3-GF0025-2021-7_9-029-01,GF0025-2021-7_9-029,【七—九29】,7-9,29,固定格式,未细分,,1,01,无非/不过/只不过/只是……而已/罢了,,unsplit_official_entry,,DTV3-POINT-58474C62F927,point_specific_instantiated,,0,structural_pattern,(?:只不过|不过|只是|无非|罢了|而已),(无非|不过|只不过|只是).+(而已|罢了),search,normalized_legacy_regex,,"[""fixed_marker"",""internal_slot"",""construction_boundary""]","[""候选包含与权威条目 【七—九29】 对齐的可定位触发线索。"",""候选满足模板槽位：fixed_marker、internal_slot、construction_boundary。"",""候选按 structural_pattern 模式实现 固定格式 / 未细分 / 未列小项 所规定的语法功能。""]","[""触发线索存在，但候选边界未覆盖完整构式。"",""局部槽位可定位，但至少一个必需槽位仅得到弱支持。""]","[""触发线索只出现在标题、编号、术语或元语言说明中。"",""必需槽位缺失，且上下文不能恢复目标结构或目标功能。""]","[""相同表层形式可能实现 未细分 中的非目标功能。"",""相邻构式共享触发形式，但槽位关系或语法功能不同。""]","[""目标用例"",""边界问题"",""表层触发但非目标"",""结构缺槽"",""语义不兼容"",""其他具体构式"",""不确定/需复核""]","[""target_status"",""candidate_boundary"",""slot_status"",""structural_functional_status"",""licensed_evidence"",""runtime_evidence"",""rule_source_trace""]",(无非|不过|只不过|只是).+(而已|罢了),normalized_compiles,REF-GF0025-2021,,GF0025-2021 PDF pp.176–259,appendix_span_verified,verified_inventory,false,[],machine_compiled,source_anchored,not_claimed,static_audit_passed,machine_compiled_source_anchored_static_audited
DUV3-GF0025-2021-7_9-030-01,DiagnosticUnit,DPV3-GF0025-2021-7_9-030-01,DiagnosticProfile,RBV3-GF0025-2021-7_9-030-01,GF0025-2021-7_9-030,【七—九30】,7-9,30,固定格式,未细分,,1,01,以……为……,,unsplit_official_entry,,DTV3-POINT-4000EA6757A1,point_specific_instantiated,,0,structural_pattern,(?:以……为……|为|以),以.+为.+,search,normalized_legacy_regex,,"[""fixed_marker"",""internal_slot"",""construction_boundary""]","[""候选包含与权威条目 【七—九30】 对齐的可定位触发线索。"",""候选满足模板槽位：fixed_marker、internal_slot、construction_boundary。"",""候选按 structural_pattern 模式实现 固定格式 / 未细分 / 未列小项 所规定的语法功能。""]","[""触发线索存在，但候选边界未覆盖完整构式。"",""局部槽位可定位，但至少一个必需槽位仅得到弱支持。""]","[""触发线索只出现在标题、编号、术语或元语言说明中。"",""必需槽位缺失，且上下文不能恢复目标结构或目标功能。""]","[""相同表层形式可能实现 未细分 中的非目标功能。"",""相邻构式共享触发形式，但槽位关系或语法功能不同。""]","[""目标用例"",""边界问题"",""表层触发但非目标"",""结构缺槽"",""语义不兼容"",""其他具体构式"",""不确定/需复核""]","[""target_status"",""candidate_boundary"",""slot_status"",""structural_functional_status"",""licensed_evidence"",""runtime_evidence"",""rule_source_trace""]",以.+为.+,normalized_compiles,REF-GF0025-2021,,GF0025-2021 PDF pp.176–259,appendix_span_verified,verified_inventory,false,[],machine_compiled,source_anchored,not_claimed,static_audit_passed,machine_compiled_source_anchored_static_audited
DUV3-GF0025-2021-7_9-031-01,DiagnosticUnit,DPV3-GF0025-2021-7_9-031-01,DiagnosticProfile,RBV3-GF0025-2021-7_9-031-01,GF0025-2021-7_9-031,【七—九31】,7-9,31,固定格式,未细分,,1,01,因……而……,,unsplit_official_entry,,DTV3-POINT-73506CFEBF29,point_specific_instantiated,,0,structural_pattern,(?:因……而……|因|而),因.+而.+,search,normalized_legacy_regex,,"[""fixed_marker"",""internal_slot"",""construction_boundary""]","[""候选包含与权威条目 【七—九31】 对齐的可定位触发线索。"",""候选满足模板槽位：fixed_marker、internal_slot、construction_boundary。"",""候选按 structural_pattern 模式实现 固定格式 / 未细分 / 未列小项 所规定的语法功能。""]","[""触发线索存在，但候选边界未覆盖完整构式。"",""局部槽位可定位，但至少一个必需槽位仅得到弱支持。""]","[""触发线索只出现在标题、编号、术语或元语言说明中。"",""必需槽位缺失，且上下文不能恢复目标结构或目标功能。""]","[""相同表层形式可能实现 未细分 中的非目标功能。"",""相邻构式共享触发形式，但槽位关系或语法功能不同。""]","[""目标用例"",""边界问题"",""表层触发但非目标"",""结构缺槽"",""语义不兼容"",""其他具体构式"",""不确定/需复核""]","[""target_status"",""candidate_boundary"",""slot_status"",""structural_functional_status"",""licensed_evidence"",""runtime_evidence"",""rule_source_trace""]",因.+而.+,normalized_compiles,REF-GF0025-2021,,GF0025-2021 PDF pp.176–259,appendix_span_verified,verified_inventory,false,[],machine_compiled,source_anchored,not_claimed,static_audit_passed,machine_compiled_source_anchored_static_audited
DUV3-GF0025-2021-7_9-032-01,DiagnosticUnit,DPV3-GF0025-2021-7_9-032-01,DiagnosticProfile,RBV3-GF0025-2021-7_9-032-01,GF0025-2021-7_9-032,【七—九32】,7-9,32,句子成分,宾语,,1,01,方式宾语,宾语的语义类型3,numbered_usage,（1）,DTV3-TAX-1B3B2B7206BD,taxonomy_instantiated,,0,complex_functional,(?:方式宾语),(?:方式宾语),search,source_literal_retrieval_trigger,,"[""candidate_expression"",""governing_predicate"",""syntactic_role""]","[""候选包含与权威条目 【七—九32】 对齐的可定位触发线索。"",""候选满足模板槽位：candidate_expression、governing_predicate、syntactic_role。"",""候选按 complex_functional 模式实现 句子成分 / 宾语 / 未列小项 所规定的语法功能。""]","[""触发线索存在，但候选边界未覆盖完整构式。"",""局部槽位可定位，但至少一个必需槽位仅得到弱支持。""]","[""触发线索只出现在标题、编号、术语或元语言说明中。"",""必需槽位缺失，且上下文不能恢复目标结构或目标功能。""]","[""相同表层形式可能实现 宾语 中的非目标功能。"",""相邻构式共享触发形式，但槽位关系或语法功能不同。""]","[""目标用例"",""边界问题"",""表层触发但非目标"",""结构缺槽"",""语义不兼容"",""其他具体构式"",""不确定/需复核""]","[""target_status"",""candidate_boundary"",""slot_status"",""structural_functional_status"",""licensed_evidence"",""runtime_evidence"",""rule_source_trace""]",,not_available_source_literal_runtime,REF-GF0025-2021,,GF0025-2021 PDF pp.176–259,appendix_span_verified,verified_inventory,false,[],machine_compiled,source_anchored,not_claimed,static_audit_passed,machine_compiled_source_anchored_static_audited
DUV3-GF0025-2021-7_9-032-02,DiagnosticUnit,DPV3-GF0025-2021-7_9-032-02,DiagnosticProfile,RBV3-GF0025-2021-7_9-032-02,GF0025-2021-7_9-032,【七—九32】,7-9,32,句子成分,宾语,,2,02,工具宾语,宾语的语义类型3,numbered_usage,（2）,DTV3-TAX-1B3B2B7206BD,taxonomy_instantiated,,0,complex_functional,(?:工具宾语),(?:工具宾语),search,source_literal_retrieval_trigger,,"[""candidate_expression"",""governing_predicate"",""syntactic_role""]","[""候选包含与权威条目 【七—九32】 对齐的可定位触发线索。"",""候选满足模板槽位：candidate_expression、governing_predicate、syntactic_role。"",""候选按 complex_functional 模式实现 句子成分 / 宾语 / 未列小项 所规定的语法功能。""]","[""触发线索存在，但候选边界未覆盖完整构式。"",""局部槽位可定位，但至少一个必需槽位仅得到弱支持。""]","[""触发线索只出现在标题、编号、术语或元语言说明中。"",""必需槽位缺失，且上下文不能恢复目标结构或目标功能。""]","[""相同表层形式可能实现 宾语 中的非目标功能。"",""相邻构式共享触发形式，但槽位关系或语法功能不同。""]","[""目标用例"",""边界问题"",""表层触发但非目标"",""结构缺槽"",""语义不兼容"",""其他具体构式"",""不确定/需复核""]","[""target_status"",""candidate_boundary"",""slot_status"",""structural_functional_status"",""licensed_evidence"",""runtime_evidence"",""rule_source_trace""]",,not_available_source_literal_runtime,REF-GF0025-2021,,GF0025-2021 PDF pp.176–259,appendix_span_verified,verified_inventory,false,[],machine_compiled,source_anchored,not_claimed,static_audit_passed,machine_compiled_source_anchored_static_audited
DUV3-GF0025-2021-7_9-032-03,DiagnosticUnit,DPV3-GF0025-2021-7_9-032-03,DiagnosticProfile,RBV3-GF0025-2021-7_9-032-03,GF0025-2021-7_9-032,【七—九32】,7-9,32,句子成分,宾语,,3,03,材料宾语,宾语的语义类型3,numbered_usage,（3）,DTV3-TAX-1B3B2B7206BD,taxonomy_instantiated,,0,complex_functional,(?:材料宾语),(?:材料宾语),search,source_literal_retrieval_trigger,,"[""candidate_expression"",""governing_predicate"",""syntactic_role""]","[""候选包含与权威条目 【七—九32】 对齐的可定位触发线索。"",""候选满足模板槽位：candidate_expression、governing_predicate、syntactic_role。"",""候选按 complex_functional 模式实现 句子成分 / 宾语 / 未列小项 所规定的语法功能。""]","[""触发线索存在，但候选边界未覆盖完整构式。"",""局部槽位可定位，但至少一个必需槽位仅得到弱支持。""]","[""触发线索只出现在标题、编号、术语或元语言说明中。"",""必需槽位缺失，且上下文不能恢复目标结构或目标功能。""]","[""相同表层形式可能实现 宾语 中的非目标功能。"",""相邻构式共享触发形式，但槽位关系或语法功能不同。""]","[""目标用例"",""边界问题"",""表层触发但非目标"",""结构缺槽"",""语义不兼容"",""其他具体构式"",""不确定/需复核""]","[""target_status"",""candidate_boundary"",""slot_status"",""structural_functional_status"",""licensed_evidence"",""runtime_evidence"",""rule_source_trace""]",,not_available_source_literal_runtime,REF-GF0025-2021,,GF0025-2021 PDF pp.176–259,appendix_span_verified,verified_inventory,false,[],machine_compiled,source_anchored,not_claimed,static_audit_passed,machine_compiled_source_anchored_static_audited
DUV3-GF0025-2021-7_9-032-04,DiagnosticUnit,DPV3-GF0025-2021-7_9-032-04,DiagnosticProfile,RBV3-GF0025-2021-7_9-032-04,GF0025-2021-7_9-032,【七—九32】,7-9,32,句子成分,宾语,,4,04,目的宾语,宾语的语义类型3,numbered_usage,（4）,DTV3-TAX-1B3B2B7206BD,taxonomy_instantiated,,0,complex_functional,(?:目的宾语),(?:目的宾语),search,source_literal_retrieval_trigger,,"[""candidate_expression"",""governing_predicate"",""syntactic_role""]","[""候选包含与权威条目 【七—九32】 对齐的可定位触发线索。"",""候选满足模板槽位：candidate_expression、governing_predicate、syntactic_role。"",""候选按 complex_functional 模式实现 句子成分 / 宾语 / 未列小项 所规定的语法功能。""]","[""触发线索存在，但候选边界未覆盖完整构式。"",""局部槽位可定位，但至少一个必需槽位仅得到弱支持。""]","[""触发线索只出现在标题、编号、术语或元语言说明中。"",""必需槽位缺失，且上下文不能恢复目标结构或目标功能。""]","[""相同表层形式可能实现 宾语 中的非目标功能。"",""相邻构式共享触发形式，但槽位关系或语法功能不同。""]","[""目标用例"",""边界问题"",""表层触发但非目标"",""结构缺槽"",""语义不兼容"",""其他具体构式"",""不确定/需复核""]","[""target_status"",""candidate_boundary"",""slot_status"",""structural_functional_status"",""licensed_evidence"",""runtime_evidence"",""rule_source_trace""]",,not_available_source_literal_runtime,REF-GF0025-2021,,GF0025-2021 PDF pp.176–259,appendix_span_verified,verified_inventory,false,[],machine_compiled,source_anchored,not_claimed,static_audit_passed,machine_compiled_source_anchored_static_audited
DUV3-GF0025-2021-7_9-033-01,DiagnosticUnit,DPV3-GF0025-2021-7_9-033-01,DiagnosticProfile,RBV3-GF0025-2021-7_9-033-01,GF0025-2021-7_9-033,【七—九33】,7-9,33,句子成分,补语,程度补语,1,01,形容词/动词+得+不行,程度补语3,numbered_usage,（1）,DTV3-SEED-C49D5A1DB67A,seed_reused,得字补语候选,95,complex_functional,(?:形容词|不行|动词|得),(?:形容词|不行|动词|得),search,source_literal_retrieval_trigger,,"[""predicate"",""complement_marker"",""complement_core"",""object_or_extent""]","[""候选片段包含被补充说明的谓词和补语核心。"",""“得”后成分说明程度、状态、可能或结果。""]","[""只截补语核心或只截谓词，边界需要补足。""]","[""“得”读作 dei 或作为其他固定词内部成分时不判为得字补语。""]","[""表层标记出现，但候选不实现目标语法功能。""]","[""目标用例"",""边界问题"",""表层触发但非目标"",""结构缺槽"",""语义不兼容"",""其他具体构式"",""不确定/需复核""]","[""target_status"",""candidate_boundary"",""slot_status"",""structural_functional_status"",""licensed_evidence"",""runtime_evidence"",""rule_source_trace""]",,not_available_source_literal_runtime,REF-GF0025-2021,,GF0025-2021 PDF pp.176–259,appendix_span_verified,verified_inventory,false,[],machine_compiled,source_anchored,not_claimed,static_audit_passed,machine_compiled_source_anchored_static_audited
DUV3-GF0025-2021-7_9-033-02,DiagnosticUnit,DPV3-GF0025-2021-7_9-033-02,DiagnosticProfile,RBV3-GF0025-2021-7_9-033-02,GF0025-2021-7_9-033,【七—九33】,7-9,33,句子成分,补语,程度补语,2,02,形容词/动词+得+要命/要死,程度补语3,numbered_usage,（2）,DTV3-SEED-C49D5A1DB67A,seed_reused,得字补语候选,95,complex_functional,(?:形容词|动词|要命|要死|得),(?:形容词|动词|要命|要死|得),search,source_literal_retrieval_trigger,,"[""predicate"",""complement_marker"",""complement_core"",""object_or_extent""]","[""候选片段包含被补充说明的谓词和补语核心。"",""“得”后成分说明程度、状态、可能或结果。""]","[""只截补语核心或只截谓词，边界需要补足。""]","[""“得”读作 dei 或作为其他固定词内部成分时不判为得字补语。""]","[""表层标记出现，但候选不实现目标语法功能。""]","[""目标用例"",""边界问题"",""表层触发但非目标"",""结构缺槽"",""语义不兼容"",""其他具体构式"",""不确定/需复核""]","[""target_status"",""candidate_boundary"",""slot_status"",""structural_functional_status"",""licensed_evidence"",""runtime_evidence"",""rule_source_trace""]",,not_available_source_literal_runtime,REF-GF0025-2021,,GF0025-2021 PDF pp.176–259,appendix_span_verified,verified_inventory,false,[],machine_compiled,source_anchored,not_claimed,static_audit_passed,machine_compiled_source_anchored_static_audited
DUV3-GF0025-2021-7_9-034-01,DiagnosticUnit,DPV3-GF0025-2021-7_9-034-01,DiagnosticProfile,RBV3-GF0025-2021-7_9-034-01,GF0025-2021-7_9-034,【七—九34】,7-9,34,句子成分,补语,状态补语,1,01,状态补语3：“个”引导的补语,,unsplit_official_entry,,DTV3-TAX-0CA3A668A649,taxonomy_instantiated,,0,complex_functional,(?:引导的补语|状态补语|个),(?:引导的补语|状态补语|个),search,source_literal_retrieval_trigger,,"[""candidate_expression"",""governing_predicate"",""syntactic_role""]","[""候选包含与权威条目 【七—九34】 对齐的可定位触发线索。"",""候选满足模板槽位：candidate_expression、governing_predicate、syntactic_role。"",""候选按 complex_functional 模式实现 句子成分 / 补语 / 状态补语 所规定的语法功能。""]","[""触发线索存在，但候选边界未覆盖完整构式。"",""局部槽位可定位，但至少一个必需槽位仅得到弱支持。""]","[""触发线索只出现在标题、编号、术语或元语言说明中。"",""必需槽位缺失，且上下文不能恢复目标结构或目标功能。""]","[""相同表层形式可能实现 补语 中的非目标功能。"",""相邻构式共享触发形式，但槽位关系或语法功能不同。""]","[""目标用例"",""边界问题"",""表层触发但非目标"",""结构缺槽"",""语义不兼容"",""其他具体构式"",""不确定/需复核""]","[""target_status"",""candidate_boundary"",""slot_status"",""structural_functional_status"",""licensed_evidence"",""runtime_evidence"",""rule_source_trace""]",,not_available_source_literal_runtime,REF-GF0025-2021,,GF0025-2021 PDF pp.176–259,appendix_span_verified,verified_inventory,false,[],machine_compiled,source_anchored,not_claimed,static_audit_passed,machine_compiled_source_anchored_static_audited
DUV3-GF0025-2021-7_9-035-01,DiagnosticUnit,DPV3-GF0025-2021-7_9-035-01,DiagnosticProfile,RBV3-GF0025-2021-7_9-035-01,GF0025-2021-7_9-035,【七—九35】,7-9,35,句子的类型,特殊句型,“把”字句,1,01,“把”字句5：表致使 （主语+）把+宾语（施事）+动词+了,,unsplit_official_entry,,DTV3-SEED-9D89FF701AAE,seed_reused,把字句候选,120,structural_pattern,(?:表致使|主语|动词|字句|宾语|施事|了|把),(?:表致使|主语|动词|字句|宾语|施事|了|把),search,source_literal_retrieval_trigger,,"[""agent"",""disposal_marker"",""patient"",""predicate"",""result_or_complement""]","[""候选片段包含处置标记“把”。"",""“把”后存在可解释为受事的名词性成分。"",""受事之后存在谓词性成分。"",""优先接受带有结果、趋向、状态变化或补足成分的处置表达。""]","[""候选片段只截到“把+受事”而缺少谓词性成分。"",""候选边界包含前置无关动作链，但核心把字结构仍可定位。""]","[""“把”只出现在术语、标题、编号或非句法用例中。"",""候选片段为残片，无法定位受事或谓词。""]","[""只因出现“把”而结构不成立""]","[""目标用例"",""边界问题"",""表层触发但非目标"",""结构缺槽"",""语义不兼容"",""其他具体构式"",""不确定/需复核""]","[""target_status"",""candidate_boundary"",""slot_status"",""structural_functional_status"",""licensed_evidence"",""runtime_evidence"",""rule_source_trace""]",,not_available_source_literal_runtime,REF-GF0025-2021,,GF0025-2021 PDF pp.176–259,appendix_span_verified,verified_inventory,false,[],machine_compiled,source_anchored,not_claimed,static_audit_passed,machine_compiled_source_anchored_static_audited
DUV3-GF0025-2021-7_9-036-01,DiagnosticUnit,DPV3-GF0025-2021-7_9-036-01,DiagnosticProfile,RBV3-GF0025-2021-7_9-036-01,GF0025-2021-7_9-036,【七—九36】,7-9,36,句子的类型,特殊句型,被动句,1,01,被……所……,被动句5,numbered_usage,（1）,DTV3-SEED-9DEB8FD0AD62,seed_reused,被字句候选,120,structural_pattern,(?:被……所……|所|被),(被|为).+所.+,search,normalized_legacy_regex_with_unit_specialization,(?:被……所……|所|被),"[""patient"",""passive_marker"",""agent_optional"",""predicate""]","[""存在被动标记，且句中可解释出受事和受影响事件。"",""施事可以明示，也可以省略。"",""谓词通常表达动作、影响或结果状态。""]","[""候选片段过短，但原句附近可补足被动事件。""]","[""“被”出现在术语残片、语法说明或非句法用例中。"",""只有被动标记而无可解释谓词事件。""]","[""术语或说明文字触发""]","[""目标用例"",""边界问题"",""表层触发但非目标"",""结构缺槽"",""语义不兼容"",""其他具体构式"",""不确定/需复核""]","[""target_status"",""candidate_boundary"",""slot_status"",""structural_functional_status"",""licensed_evidence"",""runtime_evidence"",""rule_source_trace""]",(被|为).+所.+,normalized_compiles,REF-GF0025-2021,,GF0025-2021 PDF pp.176–259,appendix_span_verified,verified_inventory,false,[],machine_compiled,source_anchored,not_claimed,static_audit_passed,machine_compiled_source_anchored_static_audited
DUV3-GF0025-2021-7_9-036-02,DiagnosticUnit,DPV3-GF0025-2021-7_9-036-02,DiagnosticProfile,RBV3-GF0025-2021-7_9-036-02,GF0025-2021-7_9-036,【七—九36】,7-9,36,句子的类型,特殊句型,被动句,2,02,为……所……,被动句5,numbered_usage,（2）,DTV3-SEED-9DEB8FD0AD62,seed_reused,被字句候选,120,structural_pattern,(?:为……所……|为|所),(被|为).+所.+,search,normalized_legacy_regex_with_unit_specialization,(?:为……所……|为|所),"[""patient"",""passive_marker"",""agent_optional"",""predicate""]","[""存在被动标记，且句中可解释出受事和受影响事件。"",""施事可以明示，也可以省略。"",""谓词通常表达动作、影响或结果状态。""]","[""候选片段过短，但原句附近可补足被动事件。""]","[""“被”出现在术语残片、语法说明或非句法用例中。"",""只有被动标记而无可解释谓词事件。""]","[""术语或说明文字触发""]","[""目标用例"",""边界问题"",""表层触发但非目标"",""结构缺槽"",""语义不兼容"",""其他具体构式"",""不确定/需复核""]","[""target_status"",""candidate_boundary"",""slot_status"",""structural_functional_status"",""licensed_evidence"",""runtime_evidence"",""rule_source_trace""]",(被|为).+所.+,normalized_compiles,REF-GF0025-2021,,GF0025-2021 PDF pp.176–259,appendix_span_verified,verified_inventory,false,[],machine_compiled,source_anchored,not_claimed,static_audit_passed,machine_compiled_source_anchored_static_audited
DUV3-GF0025-2021-7_9-037-01,DiagnosticUnit,DPV3-GF0025-2021-7_9-037-01,DiagnosticProfile,RBV3-GF0025-2021-7_9-037-01,GF0025-2021-7_9-037,【七—九37】,7-9,37,句子的类型,特殊句型,比较句,1,01,比起……（来）,比较句6,numbered_usage,（1）,DTV3-TAX-D2E82690FE45,taxonomy_instantiated,,0,structural_pattern,(?:比起|来),比起.+来?|[一-龥]+比([一-龥]+)还\1,search,normalized_legacy_regex_with_unit_specialization,(?:比起|来),"[""subject_or_topic"",""predicate"",""construction_marker"",""clause_boundary""]","[""候选包含与权威条目 【七—九37】 对齐的可定位触发线索。"",""候选满足模板槽位：subject_or_topic、predicate、construction_marker、clause_boundary。"",""候选按 structural_pattern 模式实现 句子的类型 / 特殊句型 / 比较句 所规定的语法功能。""]","[""触发线索存在，但候选边界未覆盖完整构式。"",""局部槽位可定位，但至少一个必需槽位仅得到弱支持。""]","[""触发线索只出现在标题、编号、术语或元语言说明中。"",""必需槽位缺失，且上下文不能恢复目标结构或目标功能。""]","[""相同表层形式可能实现 特殊句型 中的非目标功能。"",""相邻构式共享触发形式，但槽位关系或语法功能不同。""]","[""目标用例"",""边界问题"",""表层触发但非目标"",""结构缺槽"",""语义不兼容"",""其他具体构式"",""不确定/需复核""]","[""target_status"",""candidate_boundary"",""slot_status"",""structural_functional_status"",""licensed_evidence"",""runtime_evidence"",""rule_source_trace""]",比起.+来?|[一-龥]+比([一-龥]+)还\1,normalized_compiles,REF-GF0025-2021,,GF0025-2021 PDF pp.176–259,appendix_span_verified,verified_inventory,false,[],machine_compiled,source_anchored,not_claimed,static_audit_passed,machine_compiled_source_anchored_static_audited
DUV3-GF0025-2021-7_9-037-02,DiagnosticUnit,DPV3-GF0025-2021-7_9-037-02,DiagnosticProfile,RBV3-GF0025-2021-7_9-037-02,GF0025-2021-7_9-037,【七—九37】,7-9,37,句子的类型,特殊句型,比较句,2,02,A +形容词+于+ B,比较句6,numbered_usage,（2）,DTV3-TAX-D2E82690FE45,taxonomy_instantiated,,0,structural_pattern,(?:形容词|于),比起.+来?|[一-龥]+比([一-龥]+)还\1,search,normalized_legacy_regex,,"[""subject_or_topic"",""predicate"",""construction_marker"",""clause_boundary""]","[""候选包含与权威条目 【七—九37】 对齐的可定位触发线索。"",""候选满足模板槽位：subject_or_topic、predicate、construction_marker、clause_boundary。"",""候选按 structural_pattern 模式实现 句子的类型 / 特殊句型 / 比较句 所规定的语法功能。""]","[""触发线索存在，但候选边界未覆盖完整构式。"",""局部槽位可定位，但至少一个必需槽位仅得到弱支持。""]","[""触发线索只出现在标题、编号、术语或元语言说明中。"",""必需槽位缺失，且上下文不能恢复目标结构或目标功能。""]","[""相同表层形式可能实现 特殊句型 中的非目标功能。"",""相邻构式共享触发形式，但槽位关系或语法功能不同。""]","[""目标用例"",""边界问题"",""表层触发但非目标"",""结构缺槽"",""语义不兼容"",""其他具体构式"",""不确定/需复核""]","[""target_status"",""candidate_boundary"",""slot_status"",""structural_functional_status"",""licensed_evidence"",""runtime_evidence"",""rule_source_trace""]",比起.+来?|[一-龥]+比([一-龥]+)还\1,normalized_compiles,REF-GF0025-2021,,GF0025-2021 PDF pp.176–259,appendix_span_verified,verified_inventory,false,[],machine_compiled,source_anchored,not_claimed,static_audit_passed,machine_compiled_source_anchored_static_audited
DUV3-GF0025-2021-7_9-037-03,DiagnosticUnit,DPV3-GF0025-2021-7_9-037-03,DiagnosticProfile,RBV3-GF0025-2021-7_9-037-03,GF0025-2021-7_9-037,【七—九37】,7-9,37,句子的类型,特殊句型,比较句,3,03,A +比+名词+还+名词,比较句6,numbered_usage,（3）,DTV3-SEED-08BB8899E67F,seed_reused,比字比较候选,120,structural_pattern,(?:名词|比|还),比起.+来?|[一-龥]+比([一-龥]+)还\1,search,normalized_legacy_regex_with_unit_specialization,(?:名词|比|还),"[""comparison_subject"",""comparison_marker"",""comparison_object"",""comparison_dimension""]","[""存在比较主体、比较对象和比较维度。"",""“比”引出比较对象而非其他介词功能。""]","[""差量或程度成分边界不完整，但比较关系可定位。""]","[""“比”出现在编号、比例、术语或非比较关系中。""]","[""与否定“没有”混淆""]","[""目标用例"",""边界问题"",""表层触发但非目标"",""结构缺槽"",""语义不兼容"",""其他具体构式"",""不确定/需复核""]","[""target_status"",""candidate_boundary"",""slot_status"",""structural_functional_status"",""licensed_evidence"",""runtime_evidence"",""rule_source_trace""]",比起.+来?|[一-龥]+比([一-龥]+)还\1,normalized_compiles,REF-GF0025-2021,,GF0025-2021 PDF pp.176–259,appendix_span_verified,verified_inventory,false,[],machine_compiled,source_anchored,not_claimed,static_audit_passed,machine_compiled_source_anchored_static_audited
DUV3-GF0025-2021-7_9-038-01,DiagnosticUnit,DPV3-GF0025-2021-7_9-038-01,DiagnosticProfile,RBV3-GF0025-2021-7_9-038-01,GF0025-2021-7_9-038,【七—九38】,7-9,38,句子的类型,复句,并列复句,1,01,一面……，一面……,,unsplit_official_entry,,DTV3-TAX-A5230521300C,taxonomy_instantiated,,0,structural_pattern,(?:一面),一面.+，一面.+,search,normalized_legacy_regex,,"[""clause_1"",""relation_marker"",""clause_2"",""logical_relation""]","[""候选包含与权威条目 【七—九38】 对齐的可定位触发线索。"",""候选满足模板槽位：clause_1、relation_marker、clause_2、logical_relation。"",""候选按 structural_pattern 模式实现 句子的类型 / 复句 / 并列复句 所规定的语法功能。""]","[""触发线索存在，但候选边界未覆盖完整构式。"",""局部槽位可定位，但至少一个必需槽位仅得到弱支持。""]","[""触发线索只出现在标题、编号、术语或元语言说明中。"",""必需槽位缺失，且上下文不能恢复目标结构或目标功能。""]","[""相同表层形式可能实现 复句 中的非目标功能。"",""相邻构式共享触发形式，但槽位关系或语法功能不同。""]","[""目标用例"",""边界问题"",""表层触发但非目标"",""结构缺槽"",""语义不兼容"",""其他具体构式"",""不确定/需复核""]","[""target_status"",""candidate_boundary"",""slot_status"",""structural_functional_status"",""licensed_evidence"",""runtime_evidence"",""rule_source_trace""]",一面.+，一面.+,normalized_compiles,REF-GF0025-2021,,GF0025-2021 PDF pp.176–259,appendix_span_verified,verified_inventory,false,[],machine_compiled,source_anchored,not_claimed,static_audit_passed,machine_compiled_source_anchored_static_audited
DUV3-GF0025-2021-7_9-039-01,DiagnosticUnit,DPV3-GF0025-2021-7_9-039-01,DiagnosticProfile,RBV3-GF0025-2021-7_9-039-01,GF0025-2021-7_9-039,【七—九39】,7-9,39,句子的类型,复句,承接复句,1,01,……，此后……,,unsplit_official_entry,,DTV3-TAX-139E6033C389,taxonomy_instantiated,,0,structural_pattern,(?:此后),.+，此后.+,search,normalized_legacy_regex,,"[""clause_1"",""relation_marker"",""clause_2"",""logical_relation""]","[""候选包含与权威条目 【七—九39】 对齐的可定位触发线索。"",""候选满足模板槽位：clause_1、relation_marker、clause_2、logical_relation。"",""候选按 structural_pattern 模式实现 句子的类型 / 复句 / 承接复句 所规定的语法功能。""]","[""触发线索存在，但候选边界未覆盖完整构式。"",""局部槽位可定位，但至少一个必需槽位仅得到弱支持。""]","[""触发线索只出现在标题、编号、术语或元语言说明中。"",""必需槽位缺失，且上下文不能恢复目标结构或目标功能。""]","[""相同表层形式可能实现 复句 中的非目标功能。"",""相邻构式共享触发形式，但槽位关系或语法功能不同。""]","[""目标用例"",""边界问题"",""表层触发但非目标"",""结构缺槽"",""语义不兼容"",""其他具体构式"",""不确定/需复核""]","[""target_status"",""candidate_boundary"",""slot_status"",""structural_functional_status"",""licensed_evidence"",""runtime_evidence"",""rule_source_trace""]",.+，此后.+,normalized_compiles,REF-GF0025-2021,,GF0025-2021 PDF pp.176–259,appendix_span_verified,verified_inventory,false,[],machine_compiled,source_anchored,not_claimed,static_audit_passed,machine_compiled_source_anchored_static_audited
DUV3-GF0025-2021-7_9-040-01,DiagnosticUnit,DPV3-GF0025-2021-7_9-040-01,DiagnosticProfile,RBV3-GF0025-2021-7_9-040-01,GF0025-2021-7_9-040,【七—九40】,7-9,40,句子的类型,复句,承接复句,1,01,起初……，……才……,,unsplit_official_entry,,DTV3-TAX-139E6033C389,taxonomy_instantiated,,0,structural_pattern,(?:起初|才),起初.+，.+才.+,search,normalized_legacy_regex,,"[""clause_1"",""relation_marker"",""clause_2"",""logical_relation""]","[""候选包含与权威条目 【七—九40】 对齐的可定位触发线索。"",""候选满足模板槽位：clause_1、relation_marker、clause_2、logical_relation。"",""候选按 structural_pattern 模式实现 句子的类型 / 复句 / 承接复句 所规定的语法功能。""]","[""触发线索存在，但候选边界未覆盖完整构式。"",""局部槽位可定位，但至少一个必需槽位仅得到弱支持。""]","[""触发线索只出现在标题、编号、术语或元语言说明中。"",""必需槽位缺失，且上下文不能恢复目标结构或目标功能。""]","[""相同表层形式可能实现 复句 中的非目标功能。"",""相邻构式共享触发形式，但槽位关系或语法功能不同。""]","[""目标用例"",""边界问题"",""表层触发但非目标"",""结构缺槽"",""语义不兼容"",""其他具体构式"",""不确定/需复核""]","[""target_status"",""candidate_boundary"",""slot_status"",""structural_functional_status"",""licensed_evidence"",""runtime_evidence"",""rule_source_trace""]",起初.+，.+才.+,normalized_compiles,REF-GF0025-2021,,GF0025-2021 PDF pp.176–259,appendix_span_verified,verified_inventory,false,[],machine_compiled,source_anchored,not_claimed,static_audit_passed,machine_compiled_source_anchored_static_audited
DUV3-GF0025-2021-7_9-041-01,DiagnosticUnit,DPV3-GF0025-2021-7_9-041-01,DiagnosticProfile,RBV3-GF0025-2021-7_9-041-01,GF0025-2021-7_9-041,【七—九41】,7-9,41,句子的类型,复句,递进复句,1,01,别说……，连……也/都……；连……也/都……，别说……；别说……， 即使……也……；即使……也……，别说……,,unsplit_official_entry,,DTV3-TAX-F195974A2CD0,taxonomy_instantiated,,0,structural_pattern,(?:别说|即使|也|连|都),别说.+，连.+(也|都).+|连.+(也|都).+，别说.+|别说.+， 即使.+也.+|即使.+也.+，别说.+,search,normalized_legacy_regex,,"[""clause_1"",""relation_marker"",""clause_2"",""logical_relation""]","[""候选包含与权威条目 【七—九41】 对齐的可定位触发线索。"",""候选满足模板槽位：clause_1、relation_marker、clause_2、logical_relation。"",""候选按 structural_pattern 模式实现 句子的类型 / 复句 / 递进复句 所规定的语法功能。""]","[""触发线索存在，但候选边界未覆盖完整构式。"",""局部槽位可定位，但至少一个必需槽位仅得到弱支持。""]","[""触发线索只出现在标题、编号、术语或元语言说明中。"",""必需槽位缺失，且上下文不能恢复目标结构或目标功能。""]","[""相同表层形式可能实现 复句 中的非目标功能。"",""相邻构式共享触发形式，但槽位关系或语法功能不同。""]","[""目标用例"",""边界问题"",""表层触发但非目标"",""结构缺槽"",""语义不兼容"",""其他具体构式"",""不确定/需复核""]","[""target_status"",""candidate_boundary"",""slot_status"",""structural_functional_status"",""licensed_evidence"",""runtime_evidence"",""rule_source_trace""]",别说.+，连.+(也|都).+|连.+(也|都).+，别说.+|别说.+， 即使.+也.+|即使.+也.+，别说.+,normalized_compiles,REF-GF0025-2021,,GF0025-2021 PDF pp.176–259,appendix_span_verified,verified_inventory,false,[],machine_compiled,source_anchored,not_claimed,static_audit_passed,machine_compiled_source_anchored_static_audited
DUV3-GF0025-2021-7_9-042-01,DiagnosticUnit,DPV3-GF0025-2021-7_9-042-01,DiagnosticProfile,RBV3-GF0025-2021-7_9-042-01,GF0025-2021-7_9-042,【七—九42】,7-9,42,句子的类型,复句,递进复句,1,01,……，况且……,,unsplit_official_entry,,DTV3-TAX-F195974A2CD0,taxonomy_instantiated,,0,structural_pattern,(?:况且),.+，况且.+,search,normalized_legacy_regex,,"[""clause_1"",""relation_marker"",""clause_2"",""logical_relation""]","[""候选包含与权威条目 【七—九42】 对齐的可定位触发线索。"",""候选满足模板槽位：clause_1、relation_marker、clause_2、logical_relation。"",""候选按 structural_pattern 模式实现 句子的类型 / 复句 / 递进复句 所规定的语法功能。""]","[""触发线索存在，但候选边界未覆盖完整构式。"",""局部槽位可定位，但至少一个必需槽位仅得到弱支持。""]","[""触发线索只出现在标题、编号、术语或元语言说明中。"",""必需槽位缺失，且上下文不能恢复目标结构或目标功能。""]","[""相同表层形式可能实现 复句 中的非目标功能。"",""相邻构式共享触发形式，但槽位关系或语法功能不同。""]","[""目标用例"",""边界问题"",""表层触发但非目标"",""结构缺槽"",""语义不兼容"",""其他具体构式"",""不确定/需复核""]","[""target_status"",""candidate_boundary"",""slot_status"",""structural_functional_status"",""licensed_evidence"",""runtime_evidence"",""rule_source_trace""]",.+，况且.+,normalized_compiles,REF-GF0025-2021,,GF0025-2021 PDF pp.176–259,appendix_span_verified,verified_inventory,false,[],machine_compiled,source_anchored,not_claimed,static_audit_passed,machine_compiled_source_anchored_static_audited
DUV3-GF0025-2021-7_9-043-01,DiagnosticUnit,DPV3-GF0025-2021-7_9-043-01,DiagnosticProfile,RBV3-GF0025-2021-7_9-043-01,GF0025-2021-7_9-043,【七—九43】,7-9,43,句子的类型,复句,递进复句,1,01,连……，更不用说……,,unsplit_official_entry,,DTV3-TAX-F195974A2CD0,taxonomy_instantiated,,0,structural_pattern,(?:更不用说|连),连.+，更不用说.+,search,normalized_legacy_regex,,"[""clause_1"",""relation_marker"",""clause_2"",""logical_relation""]","[""候选包含与权威条目 【七—九43】 对齐的可定位触发线索。"",""候选满足模板槽位：clause_1、relation_marker、clause_2、logical_relation。"",""候选按 structural_pattern 模式实现 句子的类型 / 复句 / 递进复句 所规定的语法功能。""]","[""触发线索存在，但候选边界未覆盖完整构式。"",""局部槽位可定位，但至少一个必需槽位仅得到弱支持。""]","[""触发线索只出现在标题、编号、术语或元语言说明中。"",""必需槽位缺失，且上下文不能恢复目标结构或目标功能。""]","[""相同表层形式可能实现 复句 中的非目标功能。"",""相邻构式共享触发形式，但槽位关系或语法功能不同。""]","[""目标用例"",""边界问题"",""表层触发但非目标"",""结构缺槽"",""语义不兼容"",""其他具体构式"",""不确定/需复核""]","[""target_status"",""candidate_boundary"",""slot_status"",""structural_functional_status"",""licensed_evidence"",""runtime_evidence"",""rule_source_trace""]",连.+，更不用说.+,normalized_compiles,REF-GF0025-2021,,GF0025-2021 PDF pp.176–259,appendix_span_verified,verified_inventory,false,[],machine_compiled,source_anchored,not_claimed,static_audit_passed,machine_compiled_source_anchored_static_audited
DUV3-GF0025-2021-7_9-044-01,DiagnosticUnit,DPV3-GF0025-2021-7_9-044-01,DiagnosticProfile,RBV3-GF0025-2021-7_9-044-01,GF0025-2021-7_9-044,【七—九44】,7-9,44,句子的类型,复句,递进复句,1,01,……，乃至……,,unsplit_official_entry,,DTV3-TAX-F195974A2CD0,taxonomy_instantiated,,0,structural_pattern,(?:乃至),.+，乃至.+,search,normalized_legacy_regex,,"[""clause_1"",""relation_marker"",""clause_2"",""logical_relation""]","[""候选包含与权威条目 【七—九44】 对齐的可定位触发线索。"",""候选满足模板槽位：clause_1、relation_marker、clause_2、logical_relation。"",""候选按 structural_pattern 模式实现 句子的类型 / 复句 / 递进复句 所规定的语法功能。""]","[""触发线索存在，但候选边界未覆盖完整构式。"",""局部槽位可定位，但至少一个必需槽位仅得到弱支持。""]","[""触发线索只出现在标题、编号、术语或元语言说明中。"",""必需槽位缺失，且上下文不能恢复目标结构或目标功能。""]","[""相同表层形式可能实现 复句 中的非目标功能。"",""相邻构式共享触发形式，但槽位关系或语法功能不同。""]","[""目标用例"",""边界问题"",""表层触发但非目标"",""结构缺槽"",""语义不兼容"",""其他具体构式"",""不确定/需复核""]","[""target_status"",""candidate_boundary"",""slot_status"",""structural_functional_status"",""licensed_evidence"",""runtime_evidence"",""rule_source_trace""]",.+，乃至.+,normalized_compiles,REF-GF0025-2021,,GF0025-2021 PDF pp.176–259,appendix_span_verified,verified_inventory,false,[],machine_compiled,source_anchored,not_claimed,static_audit_passed,machine_compiled_source_anchored_static_audited
DUV3-GF0025-2021-7_9-045-01,DiagnosticUnit,DPV3-GF0025-2021-7_9-045-01,DiagnosticProfile,RBV3-GF0025-2021-7_9-045-01,GF0025-2021-7_9-045,【七—九45】,7-9,45,句子的类型,复句,递进复句,1,01,……，且……,,unsplit_official_entry,,DTV3-TAX-F195974A2CD0,taxonomy_instantiated,,0,structural_pattern,(?:且),.+，且.+,search,normalized_legacy_regex,,"[""clause_1"",""relation_marker"",""clause_2"",""logical_relation""]","[""候选包含与权威条目 【七—九45】 对齐的可定位触发线索。"",""候选满足模板槽位：clause_1、relation_marker、clause_2、logical_relation。"",""候选按 structural_pattern 模式实现 句子的类型 / 复句 / 递进复句 所规定的语法功能。""]","[""触发线索存在，但候选边界未覆盖完整构式。"",""局部槽位可定位，但至少一个必需槽位仅得到弱支持。""]","[""触发线索只出现在标题、编号、术语或元语言说明中。"",""必需槽位缺失，且上下文不能恢复目标结构或目标功能。""]","[""相同表层形式可能实现 复句 中的非目标功能。"",""相邻构式共享触发形式，但槽位关系或语法功能不同。""]","[""目标用例"",""边界问题"",""表层触发但非目标"",""结构缺槽"",""语义不兼容"",""其他具体构式"",""不确定/需复核""]","[""target_status"",""candidate_boundary"",""slot_status"",""structural_functional_status"",""licensed_evidence"",""runtime_evidence"",""rule_source_trace""]",.+，且.+,normalized_compiles,REF-GF0025-2021,,GF0025-2021 PDF pp.176–259,appendix_span_verified,verified_inventory,false,[],machine_compiled,source_anchored,not_claimed,static_audit_passed,machine_compiled_source_anchored_static_audited
DUV3-GF0025-2021-7_9-046-01,DiagnosticUnit,DPV3-GF0025-2021-7_9-046-01,DiagnosticProfile,RBV3-GF0025-2021-7_9-046-01,GF0025-2021-7_9-046,【七—九46】,7-9,46,句子的类型,复句,递进复句,1,01,……，甚至于……,,unsplit_official_entry,,DTV3-TAX-F195974A2CD0,taxonomy_instantiated,,0,structural_pattern,(?:甚至于),.+，甚至于.+,search,normalized_legacy_regex,,"[""clause_1"",""relation_marker"",""clause_2"",""logical_relation""]","[""候选包含与权威条目 【七—九46】 对齐的可定位触发线索。"",""候选满足模板槽位：clause_1、relation_marker、clause_2、logical_relation。"",""候选按 structural_pattern 模式实现 句子的类型 / 复句 / 递进复句 所规定的语法功能。""]","[""触发线索存在，但候选边界未覆盖完整构式。"",""局部槽位可定位，但至少一个必需槽位仅得到弱支持。""]","[""触发线索只出现在标题、编号、术语或元语言说明中。"",""必需槽位缺失，且上下文不能恢复目标结构或目标功能。""]","[""相同表层形式可能实现 复句 中的非目标功能。"",""相邻构式共享触发形式，但槽位关系或语法功能不同。""]","[""目标用例"",""边界问题"",""表层触发但非目标"",""结构缺槽"",""语义不兼容"",""其他具体构式"",""不确定/需复核""]","[""target_status"",""candidate_boundary"",""slot_status"",""structural_functional_status"",""licensed_evidence"",""runtime_evidence"",""rule_source_trace""]",.+，甚至于.+,normalized_compiles,REF-GF0025-2021,,GF0025-2021 PDF pp.176–259,appendix_span_verified,verified_inventory,false,[],machine_compiled,source_anchored,not_claimed,static_audit_passed,machine_compiled_source_anchored_static_audited
DUV3-GF0025-2021-7_9-047-01,DiagnosticUnit,DPV3-GF0025-2021-7_9-047-01,DiagnosticProfile,RBV3-GF0025-2021-7_9-047-01,GF0025-2021-7_9-047,【七—九47】,7-9,47,句子的类型,复句,选择复句,1,01,或……，或……,,unsplit_official_entry,,DTV3-TAX-443ED70B27CA,taxonomy_instantiated,,0,structural_pattern,(?:或),或.+，或.+,search,normalized_legacy_regex,,"[""clause_1"",""relation_marker"",""clause_2"",""logical_relation""]","[""候选包含与权威条目 【七—九47】 对齐的可定位触发线索。"",""候选满足模板槽位：clause_1、relation_marker、clause_2、logical_relation。"",""候选按 structural_pattern 模式实现 句子的类型 / 复句 / 选择复句 所规定的语法功能。""]","[""触发线索存在，但候选边界未覆盖完整构式。"",""局部槽位可定位，但至少一个必需槽位仅得到弱支持。""]","[""触发线索只出现在标题、编号、术语或元语言说明中。"",""必需槽位缺失，且上下文不能恢复目标结构或目标功能。""]","[""相同表层形式可能实现 复句 中的非目标功能。"",""相邻构式共享触发形式，但槽位关系或语法功能不同。""]","[""目标用例"",""边界问题"",""表层触发但非目标"",""结构缺槽"",""语义不兼容"",""其他具体构式"",""不确定/需复核""]","[""target_status"",""candidate_boundary"",""slot_status"",""structural_functional_status"",""licensed_evidence"",""runtime_evidence"",""rule_source_trace""]",或.+，或.+,normalized_compiles,REF-GF0025-2021,,GF0025-2021 PDF pp.176–259,appendix_span_verified,verified_inventory,false,[],machine_compiled,source_anchored,not_claimed,static_audit_passed,machine_compiled_source_anchored_static_audited
DUV3-GF0025-2021-7_9-048-01,DiagnosticUnit,DPV3-GF0025-2021-7_9-048-01,DiagnosticProfile,RBV3-GF0025-2021-7_9-048-01,GF0025-2021-7_9-048,【七—九48】,7-9,48,句子的类型,复句,选择复句,1,01,宁可/宁愿……，也……,,unsplit_official_entry,,DTV3-TAX-443ED70B27CA,taxonomy_instantiated,,0,structural_pattern,(?:宁可|宁愿|也),(宁可|宁愿).+，也.+,search,normalized_legacy_regex,,"[""clause_1"",""relation_marker"",""clause_2"",""logical_relation""]","[""候选包含与权威条目 【七—九48】 对齐的可定位触发线索。"",""候选满足模板槽位：clause_1、relation_marker、clause_2、logical_relation。"",""候选按 structural_pattern 模式实现 句子的类型 / 复句 / 选择复句 所规定的语法功能。""]","[""触发线索存在，但候选边界未覆盖完整构式。"",""局部槽位可定位，但至少一个必需槽位仅得到弱支持。""]","[""触发线索只出现在标题、编号、术语或元语言说明中。"",""必需槽位缺失，且上下文不能恢复目标结构或目标功能。""]","[""相同表层形式可能实现 复句 中的非目标功能。"",""相邻构式共享触发形式，但槽位关系或语法功能不同。""]","[""目标用例"",""边界问题"",""表层触发但非目标"",""结构缺槽"",""语义不兼容"",""其他具体构式"",""不确定/需复核""]","[""target_status"",""candidate_boundary"",""slot_status"",""structural_functional_status"",""licensed_evidence"",""runtime_evidence"",""rule_source_trace""]",(宁可|宁愿).+，也.+,normalized_compiles,REF-GF0025-2021,,GF0025-2021 PDF pp.176–259,appendix_span_verified,verified_inventory,false,[],machine_compiled,source_anchored,not_claimed,static_audit_passed,machine_compiled_source_anchored_static_audited
DUV3-GF0025-2021-7_9-049-01,DiagnosticUnit,DPV3-GF0025-2021-7_9-049-01,DiagnosticProfile,RBV3-GF0025-2021-7_9-049-01,GF0025-2021-7_9-049,【七—九49】,7-9,49,句子的类型,复句,选择复句,1,01,与其……，不如……,,unsplit_official_entry,,DTV3-TAX-443ED70B27CA,taxonomy_instantiated,,0,structural_pattern,(?:不如|与其),与其.+，不如.+,search,normalized_legacy_regex,,"[""clause_1"",""relation_marker"",""clause_2"",""logical_relation""]","[""候选包含与权威条目 【七—九49】 对齐的可定位触发线索。"",""候选满足模板槽位：clause_1、relation_marker、clause_2、logical_relation。"",""候选按 structural_pattern 模式实现 句子的类型 / 复句 / 选择复句 所规定的语法功能。""]","[""触发线索存在，但候选边界未覆盖完整构式。"",""局部槽位可定位，但至少一个必需槽位仅得到弱支持。""]","[""触发线索只出现在标题、编号、术语或元语言说明中。"",""必需槽位缺失，且上下文不能恢复目标结构或目标功能。""]","[""相同表层形式可能实现 复句 中的非目标功能。"",""相邻构式共享触发形式，但槽位关系或语法功能不同。""]","[""目标用例"",""边界问题"",""表层触发但非目标"",""结构缺槽"",""语义不兼容"",""其他具体构式"",""不确定/需复核""]","[""target_status"",""candidate_boundary"",""slot_status"",""structural_functional_status"",""licensed_evidence"",""runtime_evidence"",""rule_source_trace""]",与其.+，不如.+,normalized_compiles,REF-GF0025-2021,,GF0025-2021 PDF pp.176–259,appendix_span_verified,verified_inventory,false,[],machine_compiled,source_anchored,not_claimed,static_audit_passed,machine_compiled_source_anchored_static_audited
DUV3-GF0025-2021-7_9-050-01,DiagnosticUnit,DPV3-GF0025-2021-7_9-050-01,DiagnosticProfile,RBV3-GF0025-2021-7_9-050-01,GF0025-2021-7_9-050,【七—九50】,7-9,50,句子的类型,复句,选择复句,1,01,与其……，宁可/宁愿……,,unsplit_official_entry,,DTV3-TAX-443ED70B27CA,taxonomy_instantiated,,0,structural_pattern,(?:与其|宁可|宁愿),与其.+，(宁可|宁愿).+,search,normalized_legacy_regex,,"[""clause_1"",""relation_marker"",""clause_2"",""logical_relation""]","[""候选包含与权威条目 【七—九50】 对齐的可定位触发线索。"",""候选满足模板槽位：clause_1、relation_marker、clause_2、logical_relation。"",""候选按 structural_pattern 模式实现 句子的类型 / 复句 / 选择复句 所规定的语法功能。""]","[""触发线索存在，但候选边界未覆盖完整构式。"",""局部槽位可定位，但至少一个必需槽位仅得到弱支持。""]","[""触发线索只出现在标题、编号、术语或元语言说明中。"",""必需槽位缺失，且上下文不能恢复目标结构或目标功能。""]","[""相同表层形式可能实现 复句 中的非目标功能。"",""相邻构式共享触发形式，但槽位关系或语法功能不同。""]","[""目标用例"",""边界问题"",""表层触发但非目标"",""结构缺槽"",""语义不兼容"",""其他具体构式"",""不确定/需复核""]","[""target_status"",""candidate_boundary"",""slot_status"",""structural_functional_status"",""licensed_evidence"",""runtime_evidence"",""rule_source_trace""]",与其.+，(宁可|宁愿).+,normalized_compiles,REF-GF0025-2021,,GF0025-2021 PDF pp.176–259,appendix_span_verified,verified_inventory,false,[],machine_compiled,source_anchored,not_claimed,static_audit_passed,machine_compiled_source_anchored_static_audited
DUV3-GF0025-2021-7_9-051-01,DiagnosticUnit,DPV3-GF0025-2021-7_9-051-01,DiagnosticProfile,RBV3-GF0025-2021-7_9-051-01,GF0025-2021-7_9-051,【七—九51】,7-9,51,句子的类型,复句,转折复句,1,01,……，而……（则）……,,unsplit_official_entry,,DTV3-TAX-AD89E45C5965,taxonomy_instantiated,,0,structural_pattern,(?:则|而),.+，而.+则*.+,search,normalized_legacy_regex,,"[""clause_1"",""relation_marker"",""clause_2"",""logical_relation""]","[""候选包含与权威条目 【七—九51】 对齐的可定位触发线索。"",""候选满足模板槽位：clause_1、relation_marker、clause_2、logical_relation。"",""候选按 structural_pattern 模式实现 句子的类型 / 复句 / 转折复句 所规定的语法功能。""]","[""触发线索存在，但候选边界未覆盖完整构式。"",""局部槽位可定位，但至少一个必需槽位仅得到弱支持。""]","[""触发线索只出现在标题、编号、术语或元语言说明中。"",""必需槽位缺失，且上下文不能恢复目标结构或目标功能。""]","[""相同表层形式可能实现 复句 中的非目标功能。"",""相邻构式共享触发形式，但槽位关系或语法功能不同。""]","[""目标用例"",""边界问题"",""表层触发但非目标"",""结构缺槽"",""语义不兼容"",""其他具体构式"",""不确定/需复核""]","[""target_status"",""candidate_boundary"",""slot_status"",""structural_functional_status"",""licensed_evidence"",""runtime_evidence"",""rule_source_trace""]",.+，而.+则*.+,normalized_compiles,REF-GF0025-2021,,GF0025-2021 PDF pp.176–259,appendix_span_verified,verified_inventory,false,[],machine_compiled,source_anchored,not_claimed,static_audit_passed,machine_compiled_source_anchored_static_audited
DUV3-GF0025-2021-7_9-052-01,DiagnosticUnit,DPV3-GF0025-2021-7_9-052-01,DiagnosticProfile,RBV3-GF0025-2021-7_9-052-01,GF0025-2021-7_9-052,【七—九52】,7-9,52,句子的类型,复句,转折复句,1,01,……，……倒/反倒……,,unsplit_official_entry,,DTV3-TAX-AD89E45C5965,taxonomy_instantiated,,0,structural_pattern,(?:反倒|倒),.+，.+(倒|反倒).+,search,normalized_legacy_regex,,"[""clause_1"",""relation_marker"",""clause_2"",""logical_relation""]","[""候选包含与权威条目 【七—九52】 对齐的可定位触发线索。"",""候选满足模板槽位：clause_1、relation_marker、clause_2、logical_relation。"",""候选按 structural_pattern 模式实现 句子的类型 / 复句 / 转折复句 所规定的语法功能。""]","[""触发线索存在，但候选边界未覆盖完整构式。"",""局部槽位可定位，但至少一个必需槽位仅得到弱支持。""]","[""触发线索只出现在标题、编号、术语或元语言说明中。"",""必需槽位缺失，且上下文不能恢复目标结构或目标功能。""]","[""相同表层形式可能实现 复句 中的非目标功能。"",""相邻构式共享触发形式，但槽位关系或语法功能不同。""]","[""目标用例"",""边界问题"",""表层触发但非目标"",""结构缺槽"",""语义不兼容"",""其他具体构式"",""不确定/需复核""]","[""target_status"",""candidate_boundary"",""slot_status"",""structural_functional_status"",""licensed_evidence"",""runtime_evidence"",""rule_source_trace""]",.+，.+(倒|反倒).+,normalized_compiles,REF-GF0025-2021,,GF0025-2021 PDF pp.176–259,appendix_span_verified,verified_inventory,false,[],machine_compiled,source_anchored,not_claimed,static_audit_passed,machine_compiled_source_anchored_static_audited
DUV3-GF0025-2021-7_9-053-01,DiagnosticUnit,DPV3-GF0025-2021-7_9-053-01,DiagnosticProfile,RBV3-GF0025-2021-7_9-053-01,GF0025-2021-7_9-053,【七—九53】,7-9,53,句子的类型,复句,假设复句,1,01,倘若/若……，……,,unsplit_official_entry,,DTV3-TAX-2F14DA2C956B,taxonomy_instantiated,,0,structural_pattern,(?:倘若|若),(倘若|若).+，.+,search,normalized_legacy_regex,,"[""clause_1"",""relation_marker"",""clause_2"",""logical_relation""]","[""候选包含与权威条目 【七—九53】 对齐的可定位触发线索。"",""候选满足模板槽位：clause_1、relation_marker、clause_2、logical_relation。"",""候选按 structural_pattern 模式实现 句子的类型 / 复句 / 假设复句 所规定的语法功能。""]","[""触发线索存在，但候选边界未覆盖完整构式。"",""局部槽位可定位，但至少一个必需槽位仅得到弱支持。""]","[""触发线索只出现在标题、编号、术语或元语言说明中。"",""必需槽位缺失，且上下文不能恢复目标结构或目标功能。""]","[""相同表层形式可能实现 复句 中的非目标功能。"",""相邻构式共享触发形式，但槽位关系或语法功能不同。""]","[""目标用例"",""边界问题"",""表层触发但非目标"",""结构缺槽"",""语义不兼容"",""其他具体构式"",""不确定/需复核""]","[""target_status"",""candidate_boundary"",""slot_status"",""structural_functional_status"",""licensed_evidence"",""runtime_evidence"",""rule_source_trace""]",(倘若|若).+，.+,normalized_compiles,REF-GF0025-2021,,GF0025-2021 PDF pp.176–259,appendix_span_verified,verified_inventory,false,[],machine_compiled,source_anchored,not_claimed,static_audit_passed,machine_compiled_source_anchored_static_audited
DUV3-GF0025-2021-7_9-054-01,DiagnosticUnit,DPV3-GF0025-2021-7_9-054-01,DiagnosticProfile,RBV3-GF0025-2021-7_9-054-01,GF0025-2021-7_9-054,【七—九54】,7-9,54,句子的类型,复句,假设复句,1,01,倘若/假设/假使/若……，就/那（么）……,,unsplit_official_entry,,DTV3-TAX-2F14DA2C956B,taxonomy_instantiated,,0,structural_pattern,(?:倘若|假使|假设|么|就|若|那),(倘若|假设|假使|若).+，(就|那么*).+,search,normalized_legacy_regex,,"[""clause_1"",""relation_marker"",""clause_2"",""logical_relation""]","[""候选包含与权威条目 【七—九54】 对齐的可定位触发线索。"",""候选满足模板槽位：clause_1、relation_marker、clause_2、logical_relation。"",""候选按 structural_pattern 模式实现 句子的类型 / 复句 / 假设复句 所规定的语法功能。""]","[""触发线索存在，但候选边界未覆盖完整构式。"",""局部槽位可定位，但至少一个必需槽位仅得到弱支持。""]","[""触发线索只出现在标题、编号、术语或元语言说明中。"",""必需槽位缺失，且上下文不能恢复目标结构或目标功能。""]","[""相同表层形式可能实现 复句 中的非目标功能。"",""相邻构式共享触发形式，但槽位关系或语法功能不同。""]","[""目标用例"",""边界问题"",""表层触发但非目标"",""结构缺槽"",""语义不兼容"",""其他具体构式"",""不确定/需复核""]","[""target_status"",""candidate_boundary"",""slot_status"",""structural_functional_status"",""licensed_evidence"",""runtime_evidence"",""rule_source_trace""]",(倘若|假设|假使|若).+，(就|那么*).+,normalized_compiles,REF-GF0025-2021,,GF0025-2021 PDF pp.176–259,appendix_span_verified,verified_inventory,false,[],machine_compiled,source_anchored,not_claimed,static_audit_passed,machine_compiled_source_anchored_static_audited
DUV3-GF0025-2021-7_9-055-01,DiagnosticUnit,DPV3-GF0025-2021-7_9-055-01,DiagnosticProfile,RBV3-GF0025-2021-7_9-055-01,GF0025-2021-7_9-055,【七—九55】,7-9,55,句子的类型,复句,假设复句,1,01,幸亏……，要不然/不然/要不/否则……,,unsplit_official_entry,,DTV3-TAX-2F14DA2C956B,taxonomy_instantiated,,0,structural_pattern,(?:要不然|不然|否则|幸亏|要不),幸亏.+，(要不然|不然|要不|否则).+,search,normalized_legacy_regex,,"[""clause_1"",""relation_marker"",""clause_2"",""logical_relation""]","[""候选包含与权威条目 【七—九55】 对齐的可定位触发线索。"",""候选满足模板槽位：clause_1、relation_marker、clause_2、logical_relation。"",""候选按 structural_pattern 模式实现 句子的类型 / 复句 / 假设复句 所规定的语法功能。""]","[""触发线索存在，但候选边界未覆盖完整构式。"",""局部槽位可定位，但至少一个必需槽位仅得到弱支持。""]","[""触发线索只出现在标题、编号、术语或元语言说明中。"",""必需槽位缺失，且上下文不能恢复目标结构或目标功能。""]","[""相同表层形式可能实现 复句 中的非目标功能。"",""相邻构式共享触发形式，但槽位关系或语法功能不同。""]","[""目标用例"",""边界问题"",""表层触发但非目标"",""结构缺槽"",""语义不兼容"",""其他具体构式"",""不确定/需复核""]","[""target_status"",""candidate_boundary"",""slot_status"",""structural_functional_status"",""licensed_evidence"",""runtime_evidence"",""rule_source_trace""]",幸亏.+，(要不然|不然|要不|否则).+,normalized_compiles,REF-GF0025-2021,,GF0025-2021 PDF pp.176–259,appendix_span_verified,verified_inventory,false,[],machine_compiled,source_anchored,not_claimed,static_audit_passed,machine_compiled_source_anchored_static_audited
DUV3-GF0025-2021-7_9-056-01,DiagnosticUnit,DPV3-GF0025-2021-7_9-056-01,DiagnosticProfile,RBV3-GF0025-2021-7_9-056-01,GF0025-2021-7_9-056,【七—九56】,7-9,56,句子的类型,复句,条件复句,1,01,别管……，都……,,unsplit_official_entry,,DTV3-TAX-7339286D54C6,taxonomy_instantiated,,0,structural_pattern,(?:别管|都),别管.+，都.+,search,normalized_legacy_regex,,"[""clause_1"",""relation_marker"",""clause_2"",""logical_relation""]","[""候选包含与权威条目 【七—九56】 对齐的可定位触发线索。"",""候选满足模板槽位：clause_1、relation_marker、clause_2、logical_relation。"",""候选按 structural_pattern 模式实现 句子的类型 / 复句 / 条件复句 所规定的语法功能。""]","[""触发线索存在，但候选边界未覆盖完整构式。"",""局部槽位可定位，但至少一个必需槽位仅得到弱支持。""]","[""触发线索只出现在标题、编号、术语或元语言说明中。"",""必需槽位缺失，且上下文不能恢复目标结构或目标功能。""]","[""相同表层形式可能实现 复句 中的非目标功能。"",""相邻构式共享触发形式，但槽位关系或语法功能不同。""]","[""目标用例"",""边界问题"",""表层触发但非目标"",""结构缺槽"",""语义不兼容"",""其他具体构式"",""不确定/需复核""]","[""target_status"",""candidate_boundary"",""slot_status"",""structural_functional_status"",""licensed_evidence"",""runtime_evidence"",""rule_source_trace""]",别管.+，都.+,normalized_compiles,REF-GF0025-2021,,GF0025-2021 PDF pp.176–259,appendix_span_verified,verified_inventory,false,[],machine_compiled,source_anchored,not_claimed,static_audit_passed,machine_compiled_source_anchored_static_audited
DUV3-GF0025-2021-7_9-057-01,DiagnosticUnit,DPV3-GF0025-2021-7_9-057-01,DiagnosticProfile,RBV3-GF0025-2021-7_9-057-01,GF0025-2021-7_9-057,【七—九57】,7-9,57,句子的类型,复句,条件复句,1,01,任……，也……,,unsplit_official_entry,,DTV3-TAX-7339286D54C6,taxonomy_instantiated,,0,structural_pattern,(?:也|任),任.+，也.+,search,normalized_legacy_regex,,"[""clause_1"",""relation_marker"",""clause_2"",""logical_relation""]","[""候选包含与权威条目 【七—九57】 对齐的可定位触发线索。"",""候选满足模板槽位：clause_1、relation_marker、clause_2、logical_relation。"",""候选按 structural_pattern 模式实现 句子的类型 / 复句 / 条件复句 所规定的语法功能。""]","[""触发线索存在，但候选边界未覆盖完整构式。"",""局部槽位可定位，但至少一个必需槽位仅得到弱支持。""]","[""触发线索只出现在标题、编号、术语或元语言说明中。"",""必需槽位缺失，且上下文不能恢复目标结构或目标功能。""]","[""相同表层形式可能实现 复句 中的非目标功能。"",""相邻构式共享触发形式，但槽位关系或语法功能不同。""]","[""目标用例"",""边界问题"",""表层触发但非目标"",""结构缺槽"",""语义不兼容"",""其他具体构式"",""不确定/需复核""]","[""target_status"",""candidate_boundary"",""slot_status"",""structural_functional_status"",""licensed_evidence"",""runtime_evidence"",""rule_source_trace""]",任.+，也.+,normalized_compiles,REF-GF0025-2021,,GF0025-2021 PDF pp.176–259,appendix_span_verified,verified_inventory,false,[],machine_compiled,source_anchored,not_claimed,static_audit_passed,machine_compiled_source_anchored_static_audited
DUV3-GF0025-2021-7_9-058-01,DiagnosticUnit,DPV3-GF0025-2021-7_9-058-01,DiagnosticProfile,RBV3-GF0025-2021-7_9-058-01,GF0025-2021-7_9-058,【七—九58】,7-9,58,句子的类型,复句,因果复句,1,01,（因）……，故……,,unsplit_official_entry,,DTV3-TAX-4570B4C831CD,taxonomy_instantiated,,0,structural_pattern,(?:因|故),因*.+，故.+,search,normalized_legacy_regex,,"[""clause_1"",""relation_marker"",""clause_2"",""logical_relation""]","[""候选包含与权威条目 【七—九58】 对齐的可定位触发线索。"",""候选满足模板槽位：clause_1、relation_marker、clause_2、logical_relation。"",""候选按 structural_pattern 模式实现 句子的类型 / 复句 / 因果复句 所规定的语法功能。""]","[""触发线索存在，但候选边界未覆盖完整构式。"",""局部槽位可定位，但至少一个必需槽位仅得到弱支持。""]","[""触发线索只出现在标题、编号、术语或元语言说明中。"",""必需槽位缺失，且上下文不能恢复目标结构或目标功能。""]","[""相同表层形式可能实现 复句 中的非目标功能。"",""相邻构式共享触发形式，但槽位关系或语法功能不同。""]","[""目标用例"",""边界问题"",""表层触发但非目标"",""结构缺槽"",""语义不兼容"",""其他具体构式"",""不确定/需复核""]","[""target_status"",""candidate_boundary"",""slot_status"",""structural_functional_status"",""licensed_evidence"",""runtime_evidence"",""rule_source_trace""]",因*.+，故.+,normalized_compiles,REF-GF0025-2021,,GF0025-2021 PDF pp.176–259,appendix_span_verified,verified_inventory,false,[],machine_compiled,source_anchored,not_claimed,static_audit_passed,machine_compiled_source_anchored_static_audited
DUV3-GF0025-2021-7_9-059-01,DiagnosticUnit,DPV3-GF0025-2021-7_9-059-01,DiagnosticProfile,RBV3-GF0025-2021-7_9-059-01,GF0025-2021-7_9-059,【七—九59】,7-9,59,句子的类型,复句,因果复句,1,01,鉴于……，……,,unsplit_official_entry,,DTV3-TAX-4570B4C831CD,taxonomy_instantiated,,0,structural_pattern,(?:鉴于),鉴于.+，.+,search,normalized_legacy_regex,,"[""clause_1"",""relation_marker"",""clause_2"",""logical_relation""]","[""候选包含与权威条目 【七—九59】 对齐的可定位触发线索。"",""候选满足模板槽位：clause_1、relation_marker、clause_2、logical_relation。"",""候选按 structural_pattern 模式实现 句子的类型 / 复句 / 因果复句 所规定的语法功能。""]","[""触发线索存在，但候选边界未覆盖完整构式。"",""局部槽位可定位，但至少一个必需槽位仅得到弱支持。""]","[""触发线索只出现在标题、编号、术语或元语言说明中。"",""必需槽位缺失，且上下文不能恢复目标结构或目标功能。""]","[""相同表层形式可能实现 复句 中的非目标功能。"",""相邻构式共享触发形式，但槽位关系或语法功能不同。""]","[""目标用例"",""边界问题"",""表层触发但非目标"",""结构缺槽"",""语义不兼容"",""其他具体构式"",""不确定/需复核""]","[""target_status"",""candidate_boundary"",""slot_status"",""structural_functional_status"",""licensed_evidence"",""runtime_evidence"",""rule_source_trace""]",鉴于.+，.+,normalized_compiles,REF-GF0025-2021,,GF0025-2021 PDF pp.176–259,appendix_span_verified,verified_inventory,false,[],machine_compiled,source_anchored,not_claimed,static_audit_passed,machine_compiled_source_anchored_static_audited
DUV3-GF0025-2021-7_9-060-01,DiagnosticUnit,DPV3-GF0025-2021-7_9-060-01,DiagnosticProfile,RBV3-GF0025-2021-7_9-060-01,GF0025-2021-7_9-060,【七—九60】,7-9,60,句子的类型,复句,因果复句,1,01,（由于）……，以致……,,unsplit_official_entry,,DTV3-TAX-4570B4C831CD,taxonomy_instantiated,,0,structural_pattern,(?:以致|由于),(由于)*.+，以致.+,search,normalized_legacy_regex,,"[""clause_1"",""relation_marker"",""clause_2"",""logical_relation""]","[""候选包含与权威条目 【七—九60】 对齐的可定位触发线索。"",""候选满足模板槽位：clause_1、relation_marker、clause_2、logical_relation。"",""候选按 structural_pattern 模式实现 句子的类型 / 复句 / 因果复句 所规定的语法功能。""]","[""触发线索存在，但候选边界未覆盖完整构式。"",""局部槽位可定位，但至少一个必需槽位仅得到弱支持。""]","[""触发线索只出现在标题、编号、术语或元语言说明中。"",""必需槽位缺失，且上下文不能恢复目标结构或目标功能。""]","[""相同表层形式可能实现 复句 中的非目标功能。"",""相邻构式共享触发形式，但槽位关系或语法功能不同。""]","[""目标用例"",""边界问题"",""表层触发但非目标"",""结构缺槽"",""语义不兼容"",""其他具体构式"",""不确定/需复核""]","[""target_status"",""candidate_boundary"",""slot_status"",""structural_functional_status"",""licensed_evidence"",""runtime_evidence"",""rule_source_trace""]",(由于)*.+，以致.+,normalized_compiles,REF-GF0025-2021,,GF0025-2021 PDF pp.176–259,appendix_span_verified,verified_inventory,false,[],machine_compiled,source_anchored,not_claimed,static_audit_passed,machine_compiled_source_anchored_static_audited
DUV3-GF0025-2021-7_9-061-01,DiagnosticUnit,DPV3-GF0025-2021-7_9-061-01,DiagnosticProfile,RBV3-GF0025-2021-7_9-061-01,GF0025-2021-7_9-061,【七—九61】,7-9,61,句子的类型,复句,因果复句,1,01,……，以至于……,,unsplit_official_entry,,DTV3-TAX-4570B4C831CD,taxonomy_instantiated,,0,structural_pattern,(?:以至于),.+，以至于.+,search,normalized_legacy_regex,,"[""clause_1"",""relation_marker"",""clause_2"",""logical_relation""]","[""候选包含与权威条目 【七—九61】 对齐的可定位触发线索。"",""候选满足模板槽位：clause_1、relation_marker、clause_2、logical_relation。"",""候选按 structural_pattern 模式实现 句子的类型 / 复句 / 因果复句 所规定的语法功能。""]","[""触发线索存在，但候选边界未覆盖完整构式。"",""局部槽位可定位，但至少一个必需槽位仅得到弱支持。""]","[""触发线索只出现在标题、编号、术语或元语言说明中。"",""必需槽位缺失，且上下文不能恢复目标结构或目标功能。""]","[""相同表层形式可能实现 复句 中的非目标功能。"",""相邻构式共享触发形式，但槽位关系或语法功能不同。""]","[""目标用例"",""边界问题"",""表层触发但非目标"",""结构缺槽"",""语义不兼容"",""其他具体构式"",""不确定/需复核""]","[""target_status"",""candidate_boundary"",""slot_status"",""structural_functional_status"",""licensed_evidence"",""runtime_evidence"",""rule_source_trace""]",.+，以至于.+,normalized_compiles,REF-GF0025-2021,,GF0025-2021 PDF pp.176–259,appendix_span_verified,verified_inventory,false,[],machine_compiled,source_anchored,not_claimed,static_audit_passed,machine_compiled_source_anchored_static_audited
DUV3-GF0025-2021-7_9-062-01,DiagnosticUnit,DPV3-GF0025-2021-7_9-062-01,DiagnosticProfile,RBV3-GF0025-2021-7_9-062-01,GF0025-2021-7_9-062,【七—九62】,7-9,62,句子的类型,复句,因果复句,1,01,之所以……，是因为/是由于……,,unsplit_official_entry,,DTV3-SEED-1C22052DCACC,seed_reused,之所以...是因为候选,125,structural_pattern,(?:之所以|是因为|是由于),之所以.+，(是因为|是由于).+,search,normalized_legacy_regex,,"[""clause_1"",""relation_marker_1"",""clause_2"",""relation_marker_2""]","[""候选片段包含或可解释出“之所以...是因为”相关标记/结构线索。"",""候选片段满足所属语法家族的核心槽位要求：前项关联标记、前项分句、后项关联标记、后项分句、逻辑关系。"",""候选片段在原句中承担该语法点的实际语法功能，而非仅有表层词形。""]","[""结构大体可定位但边界过短或过长。"",""标记存在但核心槽位需要结合上下文复核。""]","[""候选片段只是术语、标题、编号、残片或 OCR 混杂内容。"",""只有表层标记，无法构成所属语法家族的核心结构。""]","[""只有表层标记""]","[""目标用例"",""边界问题"",""表层触发但非目标"",""结构缺槽"",""语义不兼容"",""其他具体构式"",""不确定/需复核""]","[""target_status"",""candidate_boundary"",""slot_status"",""structural_functional_status"",""licensed_evidence"",""runtime_evidence"",""rule_source_trace""]",之所以.+，(是因为|是由于).+,normalized_compiles,REF-GF0025-2021,,GF0025-2021 PDF pp.176–259,appendix_span_verified,verified_inventory,false,[],machine_compiled,source_anchored,not_claimed,static_audit_passed,machine_compiled_source_anchored_static_audited
DUV3-GF0025-2021-7_9-063-01,DiagnosticUnit,DPV3-GF0025-2021-7_9-063-01,DiagnosticProfile,RBV3-GF0025-2021-7_9-063-01,GF0025-2021-7_9-063,【七—九63】,7-9,63,句子的类型,复句,让步复句,1,01,固然……，也……,,unsplit_official_entry,,DTV3-TAX-E770A1142994,taxonomy_instantiated,,0,structural_pattern,(?:固然|也),固然.+，也.+,search,normalized_legacy_regex,,"[""clause_1"",""relation_marker"",""clause_2"",""logical_relation""]","[""候选包含与权威条目 【七—九63】 对齐的可定位触发线索。"",""候选满足模板槽位：clause_1、relation_marker、clause_2、logical_relation。"",""候选按 structural_pattern 模式实现 句子的类型 / 复句 / 让步复句 所规定的语法功能。""]","[""触发线索存在，但候选边界未覆盖完整构式。"",""局部槽位可定位，但至少一个必需槽位仅得到弱支持。""]","[""触发线索只出现在标题、编号、术语或元语言说明中。"",""必需槽位缺失，且上下文不能恢复目标结构或目标功能。""]","[""相同表层形式可能实现 复句 中的非目标功能。"",""相邻构式共享触发形式，但槽位关系或语法功能不同。""]","[""目标用例"",""边界问题"",""表层触发但非目标"",""结构缺槽"",""语义不兼容"",""其他具体构式"",""不确定/需复核""]","[""target_status"",""candidate_boundary"",""slot_status"",""structural_functional_status"",""licensed_evidence"",""runtime_evidence"",""rule_source_trace""]",固然.+，也.+,normalized_compiles,REF-GF0025-2021,,GF0025-2021 PDF pp.176–259,appendix_span_verified,verified_inventory,false,[],machine_compiled,source_anchored,not_claimed,static_audit_passed,machine_compiled_source_anchored_static_audited
DUV3-GF0025-2021-7_9-064-01,DiagnosticUnit,DPV3-GF0025-2021-7_9-064-01,DiagnosticProfile,RBV3-GF0025-2021-7_9-064-01,GF0025-2021-7_9-064,【七—九64】,7-9,64,句子的类型,复句,让步复句,1,01,……固然……，但是/可是/不过……,,unsplit_official_entry,,DTV3-SEED-85AD664BBB8E,seed_reused,但是候选,105,structural_pattern,(?:不过|但是|可是|固然),.+固然.+，(但是|可是|不过).+,search,normalized_legacy_regex,,"[""clause_1"",""relation_marker_1"",""clause_2"",""relation_marker_2""]","[""候选片段包含或可解释出“但是”相关标记/结构线索。"",""候选片段满足所属语法家族的核心槽位要求：前项关联标记、前项分句、后项关联标记、后项分句、逻辑关系。"",""候选片段在原句中承担该语法点的实际语法功能，而非仅有表层词形。""]","[""结构大体可定位但边界过短或过长。"",""标记存在但核心槽位需要结合上下文复核。""]","[""候选片段只是术语、标题、编号、残片或 OCR 混杂内容。"",""只有表层标记，无法构成所属语法家族的核心结构。""]","[""只有表层标记""]","[""目标用例"",""边界问题"",""表层触发但非目标"",""结构缺槽"",""语义不兼容"",""其他具体构式"",""不确定/需复核""]","[""target_status"",""candidate_boundary"",""slot_status"",""structural_functional_status"",""licensed_evidence"",""runtime_evidence"",""rule_source_trace""]",.+固然.+，(但是|可是|不过).+,normalized_compiles,REF-GF0025-2021,,GF0025-2021 PDF pp.176–259,appendix_span_verified,verified_inventory,false,[],machine_compiled,source_anchored,not_claimed,static_audit_passed,machine_compiled_source_anchored_static_audited
DUV3-GF0025-2021-7_9-065-01,DiagnosticUnit,DPV3-GF0025-2021-7_9-065-01,DiagnosticProfile,RBV3-GF0025-2021-7_9-065-01,GF0025-2021-7_9-065,【七—九65】,7-9,65,句子的类型,复句,让步复句,1,01,即便……，也……,,unsplit_official_entry,,DTV3-TAX-E770A1142994,taxonomy_instantiated,,0,structural_pattern,(?:即便|也),即便.+，也.+,search,normalized_legacy_regex,,"[""clause_1"",""relation_marker"",""clause_2"",""logical_relation""]","[""候选包含与权威条目 【七—九65】 对齐的可定位触发线索。"",""候选满足模板槽位：clause_1、relation_marker、clause_2、logical_relation。"",""候选按 structural_pattern 模式实现 句子的类型 / 复句 / 让步复句 所规定的语法功能。""]","[""触发线索存在，但候选边界未覆盖完整构式。"",""局部槽位可定位，但至少一个必需槽位仅得到弱支持。""]","[""触发线索只出现在标题、编号、术语或元语言说明中。"",""必需槽位缺失，且上下文不能恢复目标结构或目标功能。""]","[""相同表层形式可能实现 复句 中的非目标功能。"",""相邻构式共享触发形式，但槽位关系或语法功能不同。""]","[""目标用例"",""边界问题"",""表层触发但非目标"",""结构缺槽"",""语义不兼容"",""其他具体构式"",""不确定/需复核""]","[""target_status"",""candidate_boundary"",""slot_status"",""structural_functional_status"",""licensed_evidence"",""runtime_evidence"",""rule_source_trace""]",即便.+，也.+,normalized_compiles,REF-GF0025-2021,,GF0025-2021 PDF pp.176–259,appendix_span_verified,verified_inventory,false,[],machine_compiled,source_anchored,not_claimed,static_audit_passed,machine_compiled_source_anchored_static_audited
DUV3-GF0025-2021-7_9-066-01,DiagnosticUnit,DPV3-GF0025-2021-7_9-066-01,DiagnosticProfile,RBV3-GF0025-2021-7_9-066-01,GF0025-2021-7_9-066,【七—九66】,7-9,66,句子的类型,复句,让步复句,1,01,虽说……，但是/可是/不过……,,unsplit_official_entry,,DTV3-SEED-85AD664BBB8E,seed_reused,但是候选,105,structural_pattern,(?:不过|但是|可是|虽说),虽说.+，(但是|可是|不过).+,search,normalized_legacy_regex,,"[""clause_1"",""relation_marker_1"",""clause_2"",""relation_marker_2""]","[""候选片段包含或可解释出“但是”相关标记/结构线索。"",""候选片段满足所属语法家族的核心槽位要求：前项关联标记、前项分句、后项关联标记、后项分句、逻辑关系。"",""候选片段在原句中承担该语法点的实际语法功能，而非仅有表层词形。""]","[""结构大体可定位但边界过短或过长。"",""标记存在但核心槽位需要结合上下文复核。""]","[""候选片段只是术语、标题、编号、残片或 OCR 混杂内容。"",""只有表层标记，无法构成所属语法家族的核心结构。""]","[""只有表层标记""]","[""目标用例"",""边界问题"",""表层触发但非目标"",""结构缺槽"",""语义不兼容"",""其他具体构式"",""不确定/需复核""]","[""target_status"",""candidate_boundary"",""slot_status"",""structural_functional_status"",""licensed_evidence"",""runtime_evidence"",""rule_source_trace""]",虽说.+，(但是|可是|不过).+,normalized_compiles,REF-GF0025-2021,,GF0025-2021 PDF pp.176–259,appendix_span_verified,verified_inventory,false,[],machine_compiled,source_anchored,not_claimed,static_audit_passed,machine_compiled_source_anchored_static_audited
DUV3-GF0025-2021-7_9-067-01,DiagnosticUnit,DPV3-GF0025-2021-7_9-067-01,DiagnosticProfile,RBV3-GF0025-2021-7_9-067-01,GF0025-2021-7_9-067,【七—九67】,7-9,67,句子的类型,复句,让步复句,1,01,纵然……，也……,,unsplit_official_entry,,DTV3-TAX-E770A1142994,taxonomy_instantiated,,0,structural_pattern,(?:纵然|也),纵然.+，也.+,search,normalized_legacy_regex,,"[""clause_1"",""relation_marker"",""clause_2"",""logical_relation""]","[""候选包含与权威条目 【七—九67】 对齐的可定位触发线索。"",""候选满足模板槽位：clause_1、relation_marker、clause_2、logical_relation。"",""候选按 structural_pattern 模式实现 句子的类型 / 复句 / 让步复句 所规定的语法功能。""]","[""触发线索存在，但候选边界未覆盖完整构式。"",""局部槽位可定位，但至少一个必需槽位仅得到弱支持。""]","[""触发线索只出现在标题、编号、术语或元语言说明中。"",""必需槽位缺失，且上下文不能恢复目标结构或目标功能。""]","[""相同表层形式可能实现 复句 中的非目标功能。"",""相邻构式共享触发形式，但槽位关系或语法功能不同。""]","[""目标用例"",""边界问题"",""表层触发但非目标"",""结构缺槽"",""语义不兼容"",""其他具体构式"",""不确定/需复核""]","[""target_status"",""candidate_boundary"",""slot_status"",""structural_functional_status"",""licensed_evidence"",""runtime_evidence"",""rule_source_trace""]",纵然.+，也.+,normalized_compiles,REF-GF0025-2021,,GF0025-2021 PDF pp.176–259,appendix_span_verified,verified_inventory,false,[],machine_compiled,source_anchored,not_claimed,static_audit_passed,machine_compiled_source_anchored_static_audited
DUV3-GF0025-2021-7_9-068-01,DiagnosticUnit,DPV3-GF0025-2021-7_9-068-01,DiagnosticProfile,RBV3-GF0025-2021-7_9-068-01,GF0025-2021-7_9-068,【七—九68】,7-9,68,句子的类型,复句,目的复句,1,01,……，以……,,unsplit_official_entry,,DTV3-TAX-CE72822A7F69,taxonomy_instantiated,,0,structural_pattern,(?:以),.+，以.+,search,normalized_legacy_regex,,"[""clause_1"",""relation_marker"",""clause_2"",""logical_relation""]","[""候选包含与权威条目 【七—九68】 对齐的可定位触发线索。"",""候选满足模板槽位：clause_1、relation_marker、clause_2、logical_relation。"",""候选按 structural_pattern 模式实现 句子的类型 / 复句 / 目的复句 所规定的语法功能。""]","[""触发线索存在，但候选边界未覆盖完整构式。"",""局部槽位可定位，但至少一个必需槽位仅得到弱支持。""]","[""触发线索只出现在标题、编号、术语或元语言说明中。"",""必需槽位缺失，且上下文不能恢复目标结构或目标功能。""]","[""相同表层形式可能实现 复句 中的非目标功能。"",""相邻构式共享触发形式，但槽位关系或语法功能不同。""]","[""目标用例"",""边界问题"",""表层触发但非目标"",""结构缺槽"",""语义不兼容"",""其他具体构式"",""不确定/需复核""]","[""target_status"",""candidate_boundary"",""slot_status"",""structural_functional_status"",""licensed_evidence"",""runtime_evidence"",""rule_source_trace""]",.+，以.+,normalized_compiles,REF-GF0025-2021,,GF0025-2021 PDF pp.176–259,appendix_span_verified,verified_inventory,false,[],machine_compiled,source_anchored,not_claimed,static_audit_passed,machine_compiled_source_anchored_static_audited
DUV3-GF0025-2021-7_9-069-01,DiagnosticUnit,DPV3-GF0025-2021-7_9-069-01,DiagnosticProfile,RBV3-GF0025-2021-7_9-069-01,GF0025-2021-7_9-069,【七—九69】,7-9,69,句子的类型,复句,目的复句,1,01,……，以免/免得……,,unsplit_official_entry,,DTV3-TAX-CE72822A7F69,taxonomy_instantiated,,0,structural_pattern,(?:以免|免得),.+，(以免|免得).+,search,normalized_legacy_regex,,"[""clause_1"",""relation_marker"",""clause_2"",""logical_relation""]","[""候选包含与权威条目 【七—九69】 对齐的可定位触发线索。"",""候选满足模板槽位：clause_1、relation_marker、clause_2、logical_relation。"",""候选按 structural_pattern 模式实现 句子的类型 / 复句 / 目的复句 所规定的语法功能。""]","[""触发线索存在，但候选边界未覆盖完整构式。"",""局部槽位可定位，但至少一个必需槽位仅得到弱支持。""]","[""触发线索只出现在标题、编号、术语或元语言说明中。"",""必需槽位缺失，且上下文不能恢复目标结构或目标功能。""]","[""相同表层形式可能实现 复句 中的非目标功能。"",""相邻构式共享触发形式，但槽位关系或语法功能不同。""]","[""目标用例"",""边界问题"",""表层触发但非目标"",""结构缺槽"",""语义不兼容"",""其他具体构式"",""不确定/需复核""]","[""target_status"",""candidate_boundary"",""slot_status"",""structural_functional_status"",""licensed_evidence"",""runtime_evidence"",""rule_source_trace""]",.+，(以免|免得).+,normalized_compiles,REF-GF0025-2021,,GF0025-2021 PDF pp.176–259,appendix_span_verified,verified_inventory,false,[],machine_compiled,source_anchored,not_claimed,static_audit_passed,machine_compiled_source_anchored_static_audited
DUV3-GF0025-2021-7_9-070-01,DiagnosticUnit,DPV3-GF0025-2021-7_9-070-01,DiagnosticProfile,RBV3-GF0025-2021-7_9-070-01,GF0025-2021-7_9-070,【七—九70】,7-9,70,句子的类型,复句,解说复句,1,01,……，也就是说……,,unsplit_official_entry,,DTV3-TAX-AA3C3E796FB2,taxonomy_instantiated,,0,structural_pattern,(?:也就是说),.+，也就是说.+,search,normalized_legacy_regex,,"[""clause_1"",""relation_marker"",""clause_2"",""logical_relation""]","[""候选包含与权威条目 【七—九70】 对齐的可定位触发线索。"",""候选满足模板槽位：clause_1、relation_marker、clause_2、logical_relation。"",""候选按 structural_pattern 模式实现 句子的类型 / 复句 / 解说复句 所规定的语法功能。""]","[""触发线索存在，但候选边界未覆盖完整构式。"",""局部槽位可定位，但至少一个必需槽位仅得到弱支持。""]","[""触发线索只出现在标题、编号、术语或元语言说明中。"",""必需槽位缺失，且上下文不能恢复目标结构或目标功能。""]","[""相同表层形式可能实现 复句 中的非目标功能。"",""相邻构式共享触发形式，但槽位关系或语法功能不同。""]","[""目标用例"",""边界问题"",""表层触发但非目标"",""结构缺槽"",""语义不兼容"",""其他具体构式"",""不确定/需复核""]","[""target_status"",""candidate_boundary"",""slot_status"",""structural_functional_status"",""licensed_evidence"",""runtime_evidence"",""rule_source_trace""]",.+，也就是说.+,normalized_compiles,REF-GF0025-2021,,GF0025-2021 PDF pp.176–259,appendix_span_verified,verified_inventory,false,[],machine_compiled,source_anchored,not_claimed,static_audit_passed,machine_compiled_source_anchored_static_audited
DUV3-GF0025-2021-7_9-071-01,DiagnosticUnit,DPV3-GF0025-2021-7_9-071-01,DiagnosticProfile,RBV3-GF0025-2021-7_9-071-01,GF0025-2021-7_9-071,【七—九71】,7-9,71,句子的类型,复句,紧缩复句,1,01,（要+）动词+就+动词+个+补语,,unsplit_official_entry,,DTV3-TAX-1091FC162FDB,taxonomy_instantiated,,0,structural_pattern,(?:动词|补语|个|就|要),(?:动词|补语|个|就|要),search,source_literal_retrieval_trigger,,"[""clause_1"",""relation_marker"",""clause_2"",""logical_relation""]","[""候选包含与权威条目 【七—九71】 对齐的可定位触发线索。"",""候选满足模板槽位：clause_1、relation_marker、clause_2、logical_relation。"",""候选按 structural_pattern 模式实现 句子的类型 / 复句 / 紧缩复句 所规定的语法功能。""]","[""触发线索存在，但候选边界未覆盖完整构式。"",""局部槽位可定位，但至少一个必需槽位仅得到弱支持。""]","[""触发线索只出现在标题、编号、术语或元语言说明中。"",""必需槽位缺失，且上下文不能恢复目标结构或目标功能。""]","[""相同表层形式可能实现 复句 中的非目标功能。"",""相邻构式共享触发形式，但槽位关系或语法功能不同。""]","[""目标用例"",""边界问题"",""表层触发但非目标"",""结构缺槽"",""语义不兼容"",""其他具体构式"",""不确定/需复核""]","[""target_status"",""candidate_boundary"",""slot_status"",""structural_functional_status"",""licensed_evidence"",""runtime_evidence"",""rule_source_trace""]",,not_available_source_literal_runtime,REF-GF0025-2021,,GF0025-2021 PDF pp.176–259,appendix_span_verified,verified_inventory,false,[],machine_compiled,source_anchored,not_claimed,static_audit_passed,machine_compiled_source_anchored_static_audited
DUV3-GF0025-2021-7_9-072-01,DiagnosticUnit,DPV3-GF0025-2021-7_9-072-01,DiagnosticProfile,RBV3-GF0025-2021-7_9-072-01,GF0025-2021-7_9-072,【七—九72】,7-9,72,句子的类型,复句,紧缩复句,1,01,动词（+宾语1）+就+动词（+宾语1），别……,,unsplit_official_entry,,DTV3-TAX-1091FC162FDB,taxonomy_instantiated,,0,structural_pattern,(?:动词|宾语|别|就),(?:动词|宾语|别|就),search,source_literal_retrieval_trigger,,"[""clause_1"",""relation_marker"",""clause_2"",""logical_relation""]","[""候选包含与权威条目 【七—九72】 对齐的可定位触发线索。"",""候选满足模板槽位：clause_1、relation_marker、clause_2、logical_relation。"",""候选按 structural_pattern 模式实现 句子的类型 / 复句 / 紧缩复句 所规定的语法功能。""]","[""触发线索存在，但候选边界未覆盖完整构式。"",""局部槽位可定位，但至少一个必需槽位仅得到弱支持。""]","[""触发线索只出现在标题、编号、术语或元语言说明中。"",""必需槽位缺失，且上下文不能恢复目标结构或目标功能。""]","[""相同表层形式可能实现 复句 中的非目标功能。"",""相邻构式共享触发形式，但槽位关系或语法功能不同。""]","[""目标用例"",""边界问题"",""表层触发但非目标"",""结构缺槽"",""语义不兼容"",""其他具体构式"",""不确定/需复核""]","[""target_status"",""candidate_boundary"",""slot_status"",""structural_functional_status"",""licensed_evidence"",""runtime_evidence"",""rule_source_trace""]",,not_available_source_literal_runtime,REF-GF0025-2021,,GF0025-2021 PDF pp.176–259,appendix_span_verified,verified_inventory,false,[],machine_compiled,source_anchored,not_claimed,static_audit_passed,machine_compiled_source_anchored_static_audited
DUV3-GF0025-2021-7_9-073-01,DiagnosticUnit,DPV3-GF0025-2021-7_9-073-01,DiagnosticProfile,RBV3-GF0025-2021-7_9-073-01,GF0025-2021-7_9-073,【七—九73】,7-9,73,句子的类型,复句,多重复句,1,01,三重或三重以上的复句,,unsplit_official_entry,,DTV3-TAX-E96770519FFC,taxonomy_instantiated,,0,structural_pattern,(?:三重或三重以上的复句),(?:三重或三重以上的复句),search,source_literal_retrieval_trigger,,"[""clause_1"",""relation_marker"",""clause_2"",""logical_relation""]","[""候选包含与权威条目 【七—九73】 对齐的可定位触发线索。"",""候选满足模板槽位：clause_1、relation_marker、clause_2、logical_relation。"",""候选按 structural_pattern 模式实现 句子的类型 / 复句 / 多重复句 所规定的语法功能。""]","[""触发线索存在，但候选边界未覆盖完整构式。"",""局部槽位可定位，但至少一个必需槽位仅得到弱支持。""]","[""触发线索只出现在标题、编号、术语或元语言说明中。"",""必需槽位缺失，且上下文不能恢复目标结构或目标功能。""]","[""相同表层形式可能实现 复句 中的非目标功能。"",""相邻构式共享触发形式，但槽位关系或语法功能不同。""]","[""目标用例"",""边界问题"",""表层触发但非目标"",""结构缺槽"",""语义不兼容"",""其他具体构式"",""不确定/需复核""]","[""target_status"",""candidate_boundary"",""slot_status"",""structural_functional_status"",""licensed_evidence"",""runtime_evidence"",""rule_source_trace""]",,not_available_source_literal_runtime,REF-GF0025-2021,,GF0025-2021 PDF pp.176–259,appendix_span_verified,verified_inventory,false,[],machine_compiled,source_anchored,not_claimed,static_audit_passed,machine_compiled_source_anchored_static_audited
DUV3-GF0025-2021-7_9-074-01,DiagnosticUnit,DPV3-GF0025-2021-7_9-074-01,DiagnosticProfile,RBV3-GF0025-2021-7_9-074-01,GF0025-2021-7_9-074,【七—九74】,7-9,74,强调的方法,未细分,,1,01,用反问句表示强调 反问句3：何必/何苦……呢？,,unsplit_official_entry,,DTV3-POINT-778EA566731B,point_specific_instantiated,,0,complex_functional,(?:用反问句|反问句|何必|何苦|强调|呢),(何必|何苦).+呢？,search,normalized_legacy_regex,,"[""focus_expression"",""focus_marker"",""proposition""]","[""候选包含与权威条目 【七—九74】 对齐的可定位触发线索。"",""候选满足模板槽位：focus_expression、focus_marker、proposition。"",""候选按 complex_functional 模式实现 强调的方法 / 未细分 / 未列小项 所规定的语法功能。""]","[""触发线索存在，但候选边界未覆盖完整构式。"",""局部槽位可定位，但至少一个必需槽位仅得到弱支持。""]","[""触发线索只出现在标题、编号、术语或元语言说明中。"",""必需槽位缺失，且上下文不能恢复目标结构或目标功能。""]","[""相同表层形式可能实现 未细分 中的非目标功能。"",""相邻构式共享触发形式，但槽位关系或语法功能不同。""]","[""目标用例"",""边界问题"",""表层触发但非目标"",""结构缺槽"",""语义不兼容"",""其他具体构式"",""不确定/需复核""]","[""target_status"",""candidate_boundary"",""slot_status"",""structural_functional_status"",""licensed_evidence"",""runtime_evidence"",""rule_source_trace""]",(何必|何苦).+呢？,normalized_compiles,REF-GF0025-2021,,GF0025-2021 PDF pp.176–259,appendix_span_verified,verified_inventory,false,[],machine_compiled,source_anchored,not_claimed,static_audit_passed,machine_compiled_source_anchored_static_audited
DUV3-GF0025-2021-7_9-075-01,DiagnosticUnit,DPV3-GF0025-2021-7_9-075-01,DiagnosticProfile,RBV3-GF0025-2021-7_9-075-01,GF0025-2021-7_9-075,【七—九75】,7-9,75,口语格式,未细分,,1,01,（不过/但/可是）话又说回来，……,,unsplit_official_entry,,DTV3-POINT-0860815D9C52,point_specific_instantiated,,0,structural_pattern,(?:话又说回来|不过|可是|但),(不过|但|可是)话又说回来，.+,search,normalized_legacy_regex,,"[""fixed_marker"",""internal_slot"",""construction_boundary""]","[""候选包含与权威条目 【七—九75】 对齐的可定位触发线索。"",""候选满足模板槽位：fixed_marker、internal_slot、construction_boundary。"",""候选按 structural_pattern 模式实现 口语格式 / 未细分 / 未列小项 所规定的语法功能。""]","[""触发线索存在，但候选边界未覆盖完整构式。"",""局部槽位可定位，但至少一个必需槽位仅得到弱支持。""]","[""触发线索只出现在标题、编号、术语或元语言说明中。"",""必需槽位缺失，且上下文不能恢复目标结构或目标功能。""]","[""相同表层形式可能实现 未细分 中的非目标功能。"",""相邻构式共享触发形式，但槽位关系或语法功能不同。""]","[""目标用例"",""边界问题"",""表层触发但非目标"",""结构缺槽"",""语义不兼容"",""其他具体构式"",""不确定/需复核""]","[""target_status"",""candidate_boundary"",""slot_status"",""structural_functional_status"",""licensed_evidence"",""runtime_evidence"",""rule_source_trace""]",(不过|但|可是)话又说回来，.+,normalized_compiles,REF-GF0025-2021,,GF0025-2021 PDF pp.176–259,appendix_span_verified,verified_inventory,false,[],machine_compiled,source_anchored,not_claimed,static_audit_passed,machine_compiled_source_anchored_static_audited
DUV3-GF0025-2021-7_9-076-01,DiagnosticUnit,DPV3-GF0025-2021-7_9-076-01,DiagnosticProfile,RBV3-GF0025-2021-7_9-076-01,GF0025-2021-7_9-076,【七—九76】,7-9,76,口语格式,未细分,,1,01,X（也）不是，不X也不是,,unsplit_official_entry,,DTV3-POINT-5D1D03DCB569,point_specific_instantiated,,0,structural_pattern,(?:也不是|不是|不|也),([一-龥]+)也*不是，不\1也不是,search,normalized_legacy_regex,,"[""fixed_marker"",""internal_slot"",""construction_boundary""]","[""候选包含与权威条目 【七—九76】 对齐的可定位触发线索。"",""候选满足模板槽位：fixed_marker、internal_slot、construction_boundary。"",""候选按 structural_pattern 模式实现 口语格式 / 未细分 / 未列小项 所规定的语法功能。""]","[""触发线索存在，但候选边界未覆盖完整构式。"",""局部槽位可定位，但至少一个必需槽位仅得到弱支持。""]","[""触发线索只出现在标题、编号、术语或元语言说明中。"",""必需槽位缺失，且上下文不能恢复目标结构或目标功能。""]","[""相同表层形式可能实现 未细分 中的非目标功能。"",""相邻构式共享触发形式，但槽位关系或语法功能不同。""]","[""目标用例"",""边界问题"",""表层触发但非目标"",""结构缺槽"",""语义不兼容"",""其他具体构式"",""不确定/需复核""]","[""target_status"",""candidate_boundary"",""slot_status"",""structural_functional_status"",""licensed_evidence"",""runtime_evidence"",""rule_source_trace""]",([一-龥]+)也*不是，不\1也不是,normalized_compiles,REF-GF0025-2021,,GF0025-2021 PDF pp.176–259,appendix_span_verified,verified_inventory,false,[],machine_compiled,source_anchored,not_claimed,static_audit_passed,machine_compiled_source_anchored_static_audited
DUV3-GF0025-2021-7_9-077-01,DiagnosticUnit,DPV3-GF0025-2021-7_9-077-01,DiagnosticProfile,RBV3-GF0025-2021-7_9-077-01,GF0025-2021-7_9-077,【七—九77】,7-9,77,口语格式,未细分,,1,01,X也好/也罢，Y也好/也罢,,unsplit_official_entry,,DTV3-POINT-E8E3BDCCB925,point_specific_instantiated,,0,structural_pattern,(?:也好|也罢),[一-龥]+(也好|也罢)，[一-龥]+(也好|也罢),search,normalized_legacy_regex,,"[""fixed_marker"",""internal_slot"",""construction_boundary""]","[""候选包含与权威条目 【七—九77】 对齐的可定位触发线索。"",""候选满足模板槽位：fixed_marker、internal_slot、construction_boundary。"",""候选按 structural_pattern 模式实现 口语格式 / 未细分 / 未列小项 所规定的语法功能。""]","[""触发线索存在，但候选边界未覆盖完整构式。"",""局部槽位可定位，但至少一个必需槽位仅得到弱支持。""]","[""触发线索只出现在标题、编号、术语或元语言说明中。"",""必需槽位缺失，且上下文不能恢复目标结构或目标功能。""]","[""相同表层形式可能实现 未细分 中的非目标功能。"",""相邻构式共享触发形式，但槽位关系或语法功能不同。""]","[""目标用例"",""边界问题"",""表层触发但非目标"",""结构缺槽"",""语义不兼容"",""其他具体构式"",""不确定/需复核""]","[""target_status"",""candidate_boundary"",""slot_status"",""structural_functional_status"",""licensed_evidence"",""runtime_evidence"",""rule_source_trace""]",[一-龥]+(也好|也罢)，[一-龥]+(也好|也罢),normalized_compiles,REF-GF0025-2021,,GF0025-2021 PDF pp.176–259,appendix_span_verified,verified_inventory,false,[],machine_compiled,source_anchored,not_claimed,static_audit_passed,machine_compiled_source_anchored_static_audited
DUV3-GF0025-2021-7_9-078-01,DiagnosticUnit,DPV3-GF0025-2021-7_9-078-01,DiagnosticProfile,RBV3-GF0025-2021-7_9-078-01,GF0025-2021-7_9-078,【七—九78】,7-9,78,口语格式,未细分,,1,01,X了又Y，Y了又X,,unsplit_official_entry,,DTV3-POINT-BE6821887CA2,point_specific_instantiated,,0,structural_pattern,(?:了又),([一-龥]+)了又([一-龥]+)，\2了又\1,search,normalized_legacy_regex,,"[""fixed_marker"",""internal_slot"",""construction_boundary""]","[""候选包含与权威条目 【七—九78】 对齐的可定位触发线索。"",""候选满足模板槽位：fixed_marker、internal_slot、construction_boundary。"",""候选按 structural_pattern 模式实现 口语格式 / 未细分 / 未列小项 所规定的语法功能。""]","[""触发线索存在，但候选边界未覆盖完整构式。"",""局部槽位可定位，但至少一个必需槽位仅得到弱支持。""]","[""触发线索只出现在标题、编号、术语或元语言说明中。"",""必需槽位缺失，且上下文不能恢复目标结构或目标功能。""]","[""相同表层形式可能实现 未细分 中的非目标功能。"",""相邻构式共享触发形式，但槽位关系或语法功能不同。""]","[""目标用例"",""边界问题"",""表层触发但非目标"",""结构缺槽"",""语义不兼容"",""其他具体构式"",""不确定/需复核""]","[""target_status"",""candidate_boundary"",""slot_status"",""structural_functional_status"",""licensed_evidence"",""runtime_evidence"",""rule_source_trace""]",([一-龥]+)了又([一-龥]+)，\2了又\1,normalized_compiles,REF-GF0025-2021,,GF0025-2021 PDF pp.176–259,appendix_span_verified,verified_inventory,false,[],machine_compiled,source_anchored,not_claimed,static_audit_passed,machine_compiled_source_anchored_static_audited
DUV3-GF0025-2021-7_9-079-01,DiagnosticUnit,DPV3-GF0025-2021-7_9-079-01,DiagnosticProfile,RBV3-GF0025-2021-7_9-079-01,GF0025-2021-7_9-079,【七—九79】,7-9,79,口语格式,未细分,,1,01,X也X不……，Y也Y不……,,unsplit_official_entry,,DTV3-POINT-81E131773F34,point_specific_instantiated,,0,structural_pattern,(?:不|也),([一-龥]+)也\1不.+，([一-龥]+)也\2不.+,search,normalized_legacy_regex,,"[""fixed_marker"",""internal_slot"",""construction_boundary""]","[""候选包含与权威条目 【七—九79】 对齐的可定位触发线索。"",""候选满足模板槽位：fixed_marker、internal_slot、construction_boundary。"",""候选按 structural_pattern 模式实现 口语格式 / 未细分 / 未列小项 所规定的语法功能。""]","[""触发线索存在，但候选边界未覆盖完整构式。"",""局部槽位可定位，但至少一个必需槽位仅得到弱支持。""]","[""触发线索只出现在标题、编号、术语或元语言说明中。"",""必需槽位缺失，且上下文不能恢复目标结构或目标功能。""]","[""相同表层形式可能实现 未细分 中的非目标功能。"",""相邻构式共享触发形式，但槽位关系或语法功能不同。""]","[""目标用例"",""边界问题"",""表层触发但非目标"",""结构缺槽"",""语义不兼容"",""其他具体构式"",""不确定/需复核""]","[""target_status"",""candidate_boundary"",""slot_status"",""structural_functional_status"",""licensed_evidence"",""runtime_evidence"",""rule_source_trace""]",([一-龥]+)也\1不.+，([一-龥]+)也\2不.+,normalized_compiles,REF-GF0025-2021,,GF0025-2021 PDF pp.176–259,appendix_span_verified,verified_inventory,false,[],machine_compiled,source_anchored,not_claimed,static_audit_passed,machine_compiled_source_anchored_static_audited
DUV3-GF0025-2021-7_9-080-01,DiagnosticUnit,DPV3-GF0025-2021-7_9-080-01,DiagnosticProfile,RBV3-GF0025-2021-7_9-080-01,GF0025-2021-7_9-080,【七—九80】,7-9,80,口语格式,未细分,,1,01,别提（有）多X了,,unsplit_official_entry,,DTV3-POINT-2B19FEF1845C,point_specific_instantiated,,0,structural_pattern,(?:别提|了|多|有),"别提有*多[一-龥]{1,2}了",search,normalized_legacy_regex,,"[""fixed_marker"",""internal_slot"",""construction_boundary""]","[""候选包含与权威条目 【七—九80】 对齐的可定位触发线索。"",""候选满足模板槽位：fixed_marker、internal_slot、construction_boundary。"",""候选按 structural_pattern 模式实现 口语格式 / 未细分 / 未列小项 所规定的语法功能。""]","[""触发线索存在，但候选边界未覆盖完整构式。"",""局部槽位可定位，但至少一个必需槽位仅得到弱支持。""]","[""触发线索只出现在标题、编号、术语或元语言说明中。"",""必需槽位缺失，且上下文不能恢复目标结构或目标功能。""]","[""相同表层形式可能实现 未细分 中的非目标功能。"",""相邻构式共享触发形式，但槽位关系或语法功能不同。""]","[""目标用例"",""边界问题"",""表层触发但非目标"",""结构缺槽"",""语义不兼容"",""其他具体构式"",""不确定/需复核""]","[""target_status"",""candidate_boundary"",""slot_status"",""structural_functional_status"",""licensed_evidence"",""runtime_evidence"",""rule_source_trace""]","别提有*多[一-龥]{1,2}了",normalized_compiles,REF-GF0025-2021,,GF0025-2021 PDF pp.176–259,appendix_span_verified,verified_inventory,false,[],machine_compiled,source_anchored,not_claimed,static_audit_passed,machine_compiled_source_anchored_static_audited
DUV3-GF0025-2021-7_9-081-01,DiagnosticUnit,DPV3-GF0025-2021-7_9-081-01,DiagnosticProfile,RBV3-GF0025-2021-7_9-081-01,GF0025-2021-7_9-081,【七—九81】,7-9,81,口语格式,未细分,,1,01,不知X的,,unsplit_official_entry,,DTV3-POINT-C7DEBFFA17A8,point_specific_instantiated,,0,structural_pattern,(?:不知X的|不知|的),"不知[一-龥]{1,2}的",search,normalized_legacy_regex,,"[""fixed_marker"",""internal_slot"",""construction_boundary""]","[""候选包含与权威条目 【七—九81】 对齐的可定位触发线索。"",""候选满足模板槽位：fixed_marker、internal_slot、construction_boundary。"",""候选按 structural_pattern 模式实现 口语格式 / 未细分 / 未列小项 所规定的语法功能。""]","[""触发线索存在，但候选边界未覆盖完整构式。"",""局部槽位可定位，但至少一个必需槽位仅得到弱支持。""]","[""触发线索只出现在标题、编号、术语或元语言说明中。"",""必需槽位缺失，且上下文不能恢复目标结构或目标功能。""]","[""相同表层形式可能实现 未细分 中的非目标功能。"",""相邻构式共享触发形式，但槽位关系或语法功能不同。""]","[""目标用例"",""边界问题"",""表层触发但非目标"",""结构缺槽"",""语义不兼容"",""其他具体构式"",""不确定/需复核""]","[""target_status"",""candidate_boundary"",""slot_status"",""structural_functional_status"",""licensed_evidence"",""runtime_evidence"",""rule_source_trace""]","不知[一-龥]{1,2}的",normalized_compiles,REF-GF0025-2021,,GF0025-2021 PDF pp.176–259,appendix_span_verified,verified_inventory,false,[],machine_compiled,source_anchored,not_claimed,static_audit_passed,machine_compiled_source_anchored_static_audited
DUV3-GF0025-2021-7_9-082-01,DiagnosticUnit,DPV3-GF0025-2021-7_9-082-01,DiagnosticProfile,RBV3-GF0025-2021-7_9-082-01,GF0025-2021-7_9-082,【七—九82】,7-9,82,口语格式,未细分,,1,01,话（说）是这么说，不过/可/可是……,,unsplit_official_entry,,DTV3-POINT-24BDAB3684B9,point_specific_instantiated,,0,structural_pattern,(?:是这么说|不过|可是|可|话|说),话说*是这么说，(不过|可|可是).+,search,normalized_legacy_regex,,"[""fixed_marker"",""internal_slot"",""construction_boundary""]","[""候选包含与权威条目 【七—九82】 对齐的可定位触发线索。"",""候选满足模板槽位：fixed_marker、internal_slot、construction_boundary。"",""候选按 structural_pattern 模式实现 口语格式 / 未细分 / 未列小项 所规定的语法功能。""]","[""触发线索存在，但候选边界未覆盖完整构式。"",""局部槽位可定位，但至少一个必需槽位仅得到弱支持。""]","[""触发线索只出现在标题、编号、术语或元语言说明中。"",""必需槽位缺失，且上下文不能恢复目标结构或目标功能。""]","[""相同表层形式可能实现 未细分 中的非目标功能。"",""相邻构式共享触发形式，但槽位关系或语法功能不同。""]","[""目标用例"",""边界问题"",""表层触发但非目标"",""结构缺槽"",""语义不兼容"",""其他具体构式"",""不确定/需复核""]","[""target_status"",""candidate_boundary"",""slot_status"",""structural_functional_status"",""licensed_evidence"",""runtime_evidence"",""rule_source_trace""]",话说*是这么说，(不过|可|可是).+,normalized_compiles,REF-GF0025-2021,,GF0025-2021 PDF pp.176–259,appendix_span_verified,verified_inventory,false,[],machine_compiled,source_anchored,not_claimed,static_audit_passed,machine_compiled_source_anchored_static_audited
DUV3-GF0025-2021-7_9-083-01,DiagnosticUnit,DPV3-GF0025-2021-7_9-083-01,DiagnosticProfile,RBV3-GF0025-2021-7_9-083-01,GF0025-2021-7_9-083,【七—九83】,7-9,83,口语格式,未细分,,1,01,看/瞧你那（X）样,,unsplit_official_entry,,DTV3-POINT-C727DDB06F27,point_specific_instantiated,,0,structural_pattern,(?:瞧你那|样|看),"(看|瞧)你那[一-龥]{0,2}样",search,normalized_legacy_regex,,"[""fixed_marker"",""internal_slot"",""construction_boundary""]","[""候选包含与权威条目 【七—九83】 对齐的可定位触发线索。"",""候选满足模板槽位：fixed_marker、internal_slot、construction_boundary。"",""候选按 structural_pattern 模式实现 口语格式 / 未细分 / 未列小项 所规定的语法功能。""]","[""触发线索存在，但候选边界未覆盖完整构式。"",""局部槽位可定位，但至少一个必需槽位仅得到弱支持。""]","[""触发线索只出现在标题、编号、术语或元语言说明中。"",""必需槽位缺失，且上下文不能恢复目标结构或目标功能。""]","[""相同表层形式可能实现 未细分 中的非目标功能。"",""相邻构式共享触发形式，但槽位关系或语法功能不同。""]","[""目标用例"",""边界问题"",""表层触发但非目标"",""结构缺槽"",""语义不兼容"",""其他具体构式"",""不确定/需复核""]","[""target_status"",""candidate_boundary"",""slot_status"",""structural_functional_status"",""licensed_evidence"",""runtime_evidence"",""rule_source_trace""]","(看|瞧)你那[一-龥]{0,2}样",normalized_compiles,REF-GF0025-2021,,GF0025-2021 PDF pp.176–259,appendix_span_verified,verified_inventory,false,[],machine_compiled,source_anchored,not_claimed,static_audit_passed,machine_compiled_source_anchored_static_audited
DUV3-GF0025-2021-7_9-084-01,DiagnosticUnit,DPV3-GF0025-2021-7_9-084-01,DiagnosticProfile,RBV3-GF0025-2021-7_9-084-01,GF0025-2021-7_9-084,【七—九84】,7-9,84,口语格式,未细分,,1,01,看在X的面子上,,unsplit_official_entry,,DTV3-POINT-AAD634786909,point_specific_instantiated,,0,structural_pattern,(?:看在X的面子上|的面子上|看在),"看在[一-龥]{1,2}的面子上",search,normalized_legacy_regex,,"[""fixed_marker"",""internal_slot"",""construction_boundary""]","[""候选包含与权威条目 【七—九84】 对齐的可定位触发线索。"",""候选满足模板槽位：fixed_marker、internal_slot、construction_boundary。"",""候选按 structural_pattern 模式实现 口语格式 / 未细分 / 未列小项 所规定的语法功能。""]","[""触发线索存在，但候选边界未覆盖完整构式。"",""局部槽位可定位，但至少一个必需槽位仅得到弱支持。""]","[""触发线索只出现在标题、编号、术语或元语言说明中。"",""必需槽位缺失，且上下文不能恢复目标结构或目标功能。""]","[""相同表层形式可能实现 未细分 中的非目标功能。"",""相邻构式共享触发形式，但槽位关系或语法功能不同。""]","[""目标用例"",""边界问题"",""表层触发但非目标"",""结构缺槽"",""语义不兼容"",""其他具体构式"",""不确定/需复核""]","[""target_status"",""candidate_boundary"",""slot_status"",""structural_functional_status"",""licensed_evidence"",""runtime_evidence"",""rule_source_trace""]","看在[一-龥]{1,2}的面子上",normalized_compiles,REF-GF0025-2021,,GF0025-2021 PDF pp.176–259,appendix_span_verified,verified_inventory,false,[],machine_compiled,source_anchored,not_claimed,static_audit_passed,machine_compiled_source_anchored_static_audited
DUV3-GF0025-2021-7_9-085-01,DiagnosticUnit,DPV3-GF0025-2021-7_9-085-01,DiagnosticProfile,RBV3-GF0025-2021-7_9-085-01,GF0025-2021-7_9-085,【七—九85】,7-9,85,口语格式,未细分,,1,01,哪有X这么Y的/有X这样Y的吗,,unsplit_official_entry,,DTV3-POINT-857B39FBEC7B,point_specific_instantiated,,0,structural_pattern,(?:哪有|的吗|这么|这样|有|的),"哪有[一-龥]{1,2}这么[一-龥]{1,2}的|有[一-龥]{1,2}这样[一-龥]{1,2}的吗",search,normalized_legacy_regex,,"[""fixed_marker"",""internal_slot"",""construction_boundary""]","[""候选包含与权威条目 【七—九85】 对齐的可定位触发线索。"",""候选满足模板槽位：fixed_marker、internal_slot、construction_boundary。"",""候选按 structural_pattern 模式实现 口语格式 / 未细分 / 未列小项 所规定的语法功能。""]","[""触发线索存在，但候选边界未覆盖完整构式。"",""局部槽位可定位，但至少一个必需槽位仅得到弱支持。""]","[""触发线索只出现在标题、编号、术语或元语言说明中。"",""必需槽位缺失，且上下文不能恢复目标结构或目标功能。""]","[""相同表层形式可能实现 未细分 中的非目标功能。"",""相邻构式共享触发形式，但槽位关系或语法功能不同。""]","[""目标用例"",""边界问题"",""表层触发但非目标"",""结构缺槽"",""语义不兼容"",""其他具体构式"",""不确定/需复核""]","[""target_status"",""candidate_boundary"",""slot_status"",""structural_functional_status"",""licensed_evidence"",""runtime_evidence"",""rule_source_trace""]","哪有[一-龥]{1,2}这么[一-龥]{1,2}的|有[一-龥]{1,2}这样[一-龥]{1,2}的吗",normalized_compiles,REF-GF0025-2021,,GF0025-2021 PDF pp.176–259,appendix_span_verified,verified_inventory,false,[],machine_compiled,source_anchored,not_claimed,static_audit_passed,machine_compiled_source_anchored_static_audited
DUV3-GF0025-2021-7_9-086-01,DiagnosticUnit,DPV3-GF0025-2021-7_9-086-01,DiagnosticProfile,RBV3-GF0025-2021-7_9-086-01,GF0025-2021-7_9-086,【七—九86】,7-9,86,口语格式,未细分,,1,01,什么X的Y的,,unsplit_official_entry,,DTV3-POINT-5A5F1A9EFB03,point_specific_instantiated,,0,structural_pattern,(?:什么X的Y的|什么|的),"什么[一-龥]{1,2}的[一-龥]{1,2}的",search,normalized_legacy_regex,,"[""fixed_marker"",""internal_slot"",""construction_boundary""]","[""候选包含与权威条目 【七—九86】 对齐的可定位触发线索。"",""候选满足模板槽位：fixed_marker、internal_slot、construction_boundary。"",""候选按 structural_pattern 模式实现 口语格式 / 未细分 / 未列小项 所规定的语法功能。""]","[""触发线索存在，但候选边界未覆盖完整构式。"",""局部槽位可定位，但至少一个必需槽位仅得到弱支持。""]","[""触发线索只出现在标题、编号、术语或元语言说明中。"",""必需槽位缺失，且上下文不能恢复目标结构或目标功能。""]","[""相同表层形式可能实现 未细分 中的非目标功能。"",""相邻构式共享触发形式，但槽位关系或语法功能不同。""]","[""目标用例"",""边界问题"",""表层触发但非目标"",""结构缺槽"",""语义不兼容"",""其他具体构式"",""不确定/需复核""]","[""target_status"",""candidate_boundary"",""slot_status"",""structural_functional_status"",""licensed_evidence"",""runtime_evidence"",""rule_source_trace""]","什么[一-龥]{1,2}的[一-龥]{1,2}的",normalized_compiles,REF-GF0025-2021,,GF0025-2021 PDF pp.176–259,appendix_span_verified,verified_inventory,false,[],machine_compiled,source_anchored,not_claimed,static_audit_passed,machine_compiled_source_anchored_static_audited
DUV3-GF0025-2021-7_9-087-01,DiagnosticUnit,DPV3-GF0025-2021-7_9-087-01,DiagnosticProfile,RBV3-GF0025-2021-7_9-087-01,GF0025-2021-7_9-087,【七—九87】,7-9,87,口语格式,未细分,,1,01,说到/想到哪儿去了,,unsplit_official_entry,,DTV3-POINT-976928ABFC07,point_specific_instantiated,,0,structural_pattern,(?:想到哪儿去了|说到),(说到|想到)哪儿去了,search,normalized_legacy_regex,,"[""fixed_marker"",""internal_slot"",""construction_boundary""]","[""候选包含与权威条目 【七—九87】 对齐的可定位触发线索。"",""候选满足模板槽位：fixed_marker、internal_slot、construction_boundary。"",""候选按 structural_pattern 模式实现 口语格式 / 未细分 / 未列小项 所规定的语法功能。""]","[""触发线索存在，但候选边界未覆盖完整构式。"",""局部槽位可定位，但至少一个必需槽位仅得到弱支持。""]","[""触发线索只出现在标题、编号、术语或元语言说明中。"",""必需槽位缺失，且上下文不能恢复目标结构或目标功能。""]","[""相同表层形式可能实现 未细分 中的非目标功能。"",""相邻构式共享触发形式，但槽位关系或语法功能不同。""]","[""目标用例"",""边界问题"",""表层触发但非目标"",""结构缺槽"",""语义不兼容"",""其他具体构式"",""不确定/需复核""]","[""target_status"",""candidate_boundary"",""slot_status"",""structural_functional_status"",""licensed_evidence"",""runtime_evidence"",""rule_source_trace""]",(说到|想到)哪儿去了,normalized_compiles,REF-GF0025-2021,,GF0025-2021 PDF pp.176–259,appendix_span_verified,verified_inventory,false,[],machine_compiled,source_anchored,not_claimed,static_audit_passed,machine_compiled_source_anchored_static_audited
DUV3-GF0025-2021-7_9-088-01,DiagnosticUnit,DPV3-GF0025-2021-7_9-088-01,DiagnosticProfile,RBV3-GF0025-2021-7_9-088-01,GF0025-2021-7_9-088,【七—九88】,7-9,88,口语格式,未细分,,1,01,无所谓X不X,,unsplit_official_entry,,DTV3-POINT-768E4C10E88E,point_specific_instantiated,,0,structural_pattern,(?:无所谓X不X|无所谓|不),无所谓([一-龥]+)不\1,search,normalized_legacy_regex,,"[""fixed_marker"",""internal_slot"",""construction_boundary""]","[""候选包含与权威条目 【七—九88】 对齐的可定位触发线索。"",""候选满足模板槽位：fixed_marker、internal_slot、construction_boundary。"",""候选按 structural_pattern 模式实现 口语格式 / 未细分 / 未列小项 所规定的语法功能。""]","[""触发线索存在，但候选边界未覆盖完整构式。"",""局部槽位可定位，但至少一个必需槽位仅得到弱支持。""]","[""触发线索只出现在标题、编号、术语或元语言说明中。"",""必需槽位缺失，且上下文不能恢复目标结构或目标功能。""]","[""相同表层形式可能实现 未细分 中的非目标功能。"",""相邻构式共享触发形式，但槽位关系或语法功能不同。""]","[""目标用例"",""边界问题"",""表层触发但非目标"",""结构缺槽"",""语义不兼容"",""其他具体构式"",""不确定/需复核""]","[""target_status"",""candidate_boundary"",""slot_status"",""structural_functional_status"",""licensed_evidence"",""runtime_evidence"",""rule_source_trace""]",无所谓([一-龥]+)不\1,normalized_compiles,REF-GF0025-2021,,GF0025-2021 PDF pp.176–259,appendix_span_verified,verified_inventory,false,[],machine_compiled,source_anchored,not_claimed,static_audit_passed,machine_compiled_source_anchored_static_audited
DUV3-GF0025-2021-7_9-089-01,DiagnosticUnit,DPV3-GF0025-2021-7_9-089-01,DiagnosticProfile,RBV3-GF0025-2021-7_9-089-01,GF0025-2021-7_9-089,【七—九89】,7-9,89,口语格式,未细分,,1,01,要X有/没X，要Y有/没Y,,unsplit_official_entry,,DTV3-POINT-4E049C2CF787,point_specific_instantiated,,0,structural_pattern,(?:有|没|要),要([一-龥]+)(有|没)\1，要([一-龥]+)(有|没)\2,search,normalized_legacy_regex,,"[""fixed_marker"",""internal_slot"",""construction_boundary""]","[""候选包含与权威条目 【七—九89】 对齐的可定位触发线索。"",""候选满足模板槽位：fixed_marker、internal_slot、construction_boundary。"",""候选按 structural_pattern 模式实现 口语格式 / 未细分 / 未列小项 所规定的语法功能。""]","[""触发线索存在，但候选边界未覆盖完整构式。"",""局部槽位可定位，但至少一个必需槽位仅得到弱支持。""]","[""触发线索只出现在标题、编号、术语或元语言说明中。"",""必需槽位缺失，且上下文不能恢复目标结构或目标功能。""]","[""相同表层形式可能实现 未细分 中的非目标功能。"",""相邻构式共享触发形式，但槽位关系或语法功能不同。""]","[""目标用例"",""边界问题"",""表层触发但非目标"",""结构缺槽"",""语义不兼容"",""其他具体构式"",""不确定/需复核""]","[""target_status"",""candidate_boundary"",""slot_status"",""structural_functional_status"",""licensed_evidence"",""runtime_evidence"",""rule_source_trace""]",要([一-龥]+)(有|没)\1，要([一-龥]+)(有|没)\2,normalized_compiles,REF-GF0025-2021,,GF0025-2021 PDF pp.176–259,appendix_span_verified,verified_inventory,false,[],machine_compiled,source_anchored,not_claimed,static_audit_passed,machine_compiled_source_anchored_static_audited
DUV3-GF0025-2021-7_9-090-01,DiagnosticUnit,DPV3-GF0025-2021-7_9-090-01,DiagnosticProfile,RBV3-GF0025-2021-7_9-090-01,GF0025-2021-7_9-090,【七—九90】,7-9,90,句群,形式分类,带关联词语,1,01,带关联词语,,unsplit_official_entry,,DTV3-TAX-BA0BD71EAED0,taxonomy_instantiated,,0,structural_pattern,(?:带关联词语),(?:带关联词语),search,source_literal_retrieval_trigger,,"[""trigger"",""local_context"",""construction_boundary""]","[""候选包含与权威条目 【七—九90】 对齐的可定位触发线索。"",""候选满足模板槽位：trigger、local_context、construction_boundary。"",""候选按 structural_pattern 模式实现 句群 / 形式分类 / 带关联词语 所规定的语法功能。""]","[""触发线索存在，但候选边界未覆盖完整构式。"",""局部槽位可定位，但至少一个必需槽位仅得到弱支持。""]","[""触发线索只出现在标题、编号、术语或元语言说明中。"",""必需槽位缺失，且上下文不能恢复目标结构或目标功能。""]","[""相同表层形式可能实现 形式分类 中的非目标功能。"",""相邻构式共享触发形式，但槽位关系或语法功能不同。""]","[""目标用例"",""边界问题"",""表层触发但非目标"",""结构缺槽"",""语义不兼容"",""其他具体构式"",""不确定/需复核""]","[""target_status"",""candidate_boundary"",""slot_status"",""structural_functional_status"",""licensed_evidence"",""runtime_evidence"",""rule_source_trace""]",,not_available_source_literal_runtime,REF-GF0025-2021,,GF0025-2021 PDF pp.176–259,appendix_span_verified,verified_inventory,false,[],machine_compiled,source_anchored,not_claimed,static_audit_passed,machine_compiled_source_anchored_static_audited
DUV3-GF0025-2021-7_9-091-01,DiagnosticUnit,DPV3-GF0025-2021-7_9-091-01,DiagnosticProfile,RBV3-GF0025-2021-7_9-091-01,GF0025-2021-7_9-091,【七—九91】,7-9,91,句群,形式分类,不带关联词语,1,01,不带关联词语,,unsplit_official_entry,,DTV3-TAX-00464B86A736,taxonomy_instantiated,,0,structural_pattern,(?:不带关联词语),(?:不带关联词语),search,source_literal_retrieval_trigger,,"[""trigger"",""local_context"",""construction_boundary""]","[""候选包含与权威条目 【七—九91】 对齐的可定位触发线索。"",""候选满足模板槽位：trigger、local_context、construction_boundary。"",""候选按 structural_pattern 模式实现 句群 / 形式分类 / 不带关联词语 所规定的语法功能。""]","[""触发线索存在，但候选边界未覆盖完整构式。"",""局部槽位可定位，但至少一个必需槽位仅得到弱支持。""]","[""触发线索只出现在标题、编号、术语或元语言说明中。"",""必需槽位缺失，且上下文不能恢复目标结构或目标功能。""]","[""相同表层形式可能实现 形式分类 中的非目标功能。"",""相邻构式共享触发形式，但槽位关系或语法功能不同。""]","[""目标用例"",""边界问题"",""表层触发但非目标"",""结构缺槽"",""语义不兼容"",""其他具体构式"",""不确定/需复核""]","[""target_status"",""candidate_boundary"",""slot_status"",""structural_functional_status"",""licensed_evidence"",""runtime_evidence"",""rule_source_trace""]",,not_available_source_literal_runtime,REF-GF0025-2021,,GF0025-2021 PDF pp.176–259,appendix_span_verified,verified_inventory,false,[],machine_compiled,source_anchored,not_claimed,static_audit_passed,machine_compiled_source_anchored_static_audited
DUV3-GF0025-2021-7_9-092-01,DiagnosticUnit,DPV3-GF0025-2021-7_9-092-01,DiagnosticProfile,RBV3-GF0025-2021-7_9-092-01,GF0025-2021-7_9-092,【七—九92】,7-9,92,句群,意义分类,,1,01,联合关系：并列句群、承接句群、递进句群、选择句群、解说句群、总括句群,,unsplit_official_entry,,DTV3-TAX-AA489E6A94FB,taxonomy_instantiated,,0,complex_functional,(?:并列句群|总括句群|承接句群|联合关系|解说句群|选择句群|递进句群),(?:并列句群|总括句群|承接句群|联合关系|解说句群|选择句群|递进句群),search,source_literal_retrieval_trigger,,"[""trigger"",""local_context"",""construction_boundary""]","[""候选包含与权威条目 【七—九92】 对齐的可定位触发线索。"",""候选满足模板槽位：trigger、local_context、construction_boundary。"",""候选按 complex_functional 模式实现 句群 / 意义分类 / 未列小项 所规定的语法功能。""]","[""触发线索存在，但候选边界未覆盖完整构式。"",""局部槽位可定位，但至少一个必需槽位仅得到弱支持。""]","[""触发线索只出现在标题、编号、术语或元语言说明中。"",""必需槽位缺失，且上下文不能恢复目标结构或目标功能。""]","[""相同表层形式可能实现 意义分类 中的非目标功能。"",""相邻构式共享触发形式，但槽位关系或语法功能不同。""]","[""目标用例"",""边界问题"",""表层触发但非目标"",""结构缺槽"",""语义不兼容"",""其他具体构式"",""不确定/需复核""]","[""target_status"",""candidate_boundary"",""slot_status"",""structural_functional_status"",""licensed_evidence"",""runtime_evidence"",""rule_source_trace""]",,not_available_source_literal_runtime,REF-GF0025-2021,,GF0025-2021 PDF pp.176–259,appendix_span_verified,verified_inventory,false,[],machine_compiled,source_anchored,not_claimed,static_audit_passed,machine_compiled_source_anchored_static_audited
DUV3-GF0025-2021-7_9-093-01,DiagnosticUnit,DPV3-GF0025-2021-7_9-093-01,DiagnosticProfile,RBV3-GF0025-2021-7_9-093-01,GF0025-2021-7_9-093,【七—九93】,7-9,93,句群,意义分类,,1,01,偏正关系：条件句群、因果句群、目的句群、转折句群、假设句群、让步句群,,unsplit_official_entry,,DTV3-TAX-AA489E6A94FB,taxonomy_instantiated,,0,complex_functional,(?:假设句群|偏正关系|因果句群|条件句群|目的句群|让步句群|转折句群),(?:假设句群|偏正关系|因果句群|条件句群|目的句群|让步句群|转折句群),search,source_literal_retrieval_trigger,,"[""trigger"",""local_context"",""construction_boundary""]","[""候选包含与权威条目 【七—九93】 对齐的可定位触发线索。"",""候选满足模板槽位：trigger、local_context、construction_boundary。"",""候选按 complex_functional 模式实现 句群 / 意义分类 / 未列小项 所规定的语法功能。""]","[""触发线索存在，但候选边界未覆盖完整构式。"",""局部槽位可定位，但至少一个必需槽位仅得到弱支持。""]","[""触发线索只出现在标题、编号、术语或元语言说明中。"",""必需槽位缺失，且上下文不能恢复目标结构或目标功能。""]","[""相同表层形式可能实现 意义分类 中的非目标功能。"",""相邻构式共享触发形式，但槽位关系或语法功能不同。""]","[""目标用例"",""边界问题"",""表层触发但非目标"",""结构缺槽"",""语义不兼容"",""其他具体构式"",""不确定/需复核""]","[""target_status"",""candidate_boundary"",""slot_status"",""structural_functional_status"",""licensed_evidence"",""runtime_evidence"",""rule_source_trace""]",,not_available_source_literal_runtime,REF-GF0025-2021,,GF0025-2021 PDF pp.176–259,appendix_span_verified,verified_inventory,false,[],machine_compiled,source_anchored,not_claimed,static_audit_passed,machine_compiled_source_anchored_static_audited
DUV3-GF0025-2021-7_9-094-01,DiagnosticUnit,DPV3-GF0025-2021-7_9-094-01,DiagnosticProfile,RBV3-GF0025-2021-7_9-094-01,GF0025-2021-7_9-094,【七—九94】,7-9,94,词类,副词,程度副词,1,01,极为,,unsplit_official_entry,,DTV3-TAX-9FAD0B023CAE,taxonomy_instantiated,,0,structural_pattern,(?:极为),^极为$,fullmatch,normalized_legacy_regex,,"[""lexical_form"",""local_context"",""grammatical_function""]","[""候选包含与权威条目 【七—九94】 对齐的可定位触发线索。"",""候选满足模板槽位：lexical_form、local_context、grammatical_function。"",""候选按 structural_pattern 模式实现 词类 / 副词 / 程度副词 所规定的语法功能。""]","[""触发线索存在，但候选边界未覆盖完整构式。"",""局部槽位可定位，但至少一个必需槽位仅得到弱支持。""]","[""触发线索只出现在标题、编号、术语或元语言说明中。"",""必需槽位缺失，且上下文不能恢复目标结构或目标功能。""]","[""相同表层形式可能实现 副词 中的非目标功能。"",""相邻构式共享触发形式，但槽位关系或语法功能不同。""]","[""目标用例"",""边界问题"",""表层触发但非目标"",""结构缺槽"",""语义不兼容"",""其他具体构式"",""不确定/需复核""]","[""target_status"",""candidate_boundary"",""slot_status"",""structural_functional_status"",""licensed_evidence"",""runtime_evidence"",""rule_source_trace""]",^极为$,normalized_compiles,REF-GF0025-2021,,GF0025-2021 PDF pp.176–259,appendix_span_verified,verified_inventory,false,[],machine_compiled,source_anchored,not_claimed,static_audit_passed,machine_compiled_source_anchored_static_audited
DUV3-GF0025-2021-7_9-095-01,DiagnosticUnit,DPV3-GF0025-2021-7_9-095-01,DiagnosticProfile,RBV3-GF0025-2021-7_9-095-01,GF0025-2021-7_9-095,【七—九95】,7-9,95,词类,副词,程度副词,1,01,尽,,unsplit_official_entry,,DTV3-TAX-9FAD0B023CAE,taxonomy_instantiated,,0,structural_pattern,(?:尽),^尽$,fullmatch,normalized_legacy_regex,,"[""lexical_form"",""local_context"",""grammatical_function""]","[""候选包含与权威条目 【七—九95】 对齐的可定位触发线索。"",""候选满足模板槽位：lexical_form、local_context、grammatical_function。"",""候选按 structural_pattern 模式实现 词类 / 副词 / 程度副词 所规定的语法功能。""]","[""触发线索存在，但候选边界未覆盖完整构式。"",""局部槽位可定位，但至少一个必需槽位仅得到弱支持。""]","[""触发线索只出现在标题、编号、术语或元语言说明中。"",""必需槽位缺失，且上下文不能恢复目标结构或目标功能。""]","[""相同表层形式可能实现 副词 中的非目标功能。"",""相邻构式共享触发形式，但槽位关系或语法功能不同。""]","[""目标用例"",""边界问题"",""表层触发但非目标"",""结构缺槽"",""语义不兼容"",""其他具体构式"",""不确定/需复核""]","[""target_status"",""candidate_boundary"",""slot_status"",""structural_functional_status"",""licensed_evidence"",""runtime_evidence"",""rule_source_trace""]",^尽$,normalized_compiles,REF-GF0025-2021,,GF0025-2021 PDF pp.176–259,appendix_span_verified,verified_inventory,false,[],machine_compiled,source_anchored,not_claimed,static_audit_passed,machine_compiled_source_anchored_static_audited
DUV3-GF0025-2021-7_9-096-01,DiagnosticUnit,DPV3-GF0025-2021-7_9-096-01,DiagnosticProfile,RBV3-GF0025-2021-7_9-096-01,GF0025-2021-7_9-096,【七—九96】,7-9,96,词类,副词,程度副词,1,01,蛮,,unsplit_official_entry,,DTV3-TAX-9FAD0B023CAE,taxonomy_instantiated,,0,structural_pattern,(?:蛮),^蛮$,fullmatch,normalized_legacy_regex,,"[""lexical_form"",""local_context"",""grammatical_function""]","[""候选包含与权威条目 【七—九96】 对齐的可定位触发线索。"",""候选满足模板槽位：lexical_form、local_context、grammatical_function。"",""候选按 structural_pattern 模式实现 词类 / 副词 / 程度副词 所规定的语法功能。""]","[""触发线索存在，但候选边界未覆盖完整构式。"",""局部槽位可定位，但至少一个必需槽位仅得到弱支持。""]","[""触发线索只出现在标题、编号、术语或元语言说明中。"",""必需槽位缺失，且上下文不能恢复目标结构或目标功能。""]","[""相同表层形式可能实现 副词 中的非目标功能。"",""相邻构式共享触发形式，但槽位关系或语法功能不同。""]","[""目标用例"",""边界问题"",""表层触发但非目标"",""结构缺槽"",""语义不兼容"",""其他具体构式"",""不确定/需复核""]","[""target_status"",""candidate_boundary"",""slot_status"",""structural_functional_status"",""licensed_evidence"",""runtime_evidence"",""rule_source_trace""]",^蛮$,normalized_compiles,REF-GF0025-2021,,GF0025-2021 PDF pp.176–259,appendix_span_verified,verified_inventory,false,[],machine_compiled,source_anchored,not_claimed,static_audit_passed,machine_compiled_source_anchored_static_audited
DUV3-GF0025-2021-7_9-097-01,DiagnosticUnit,DPV3-GF0025-2021-7_9-097-01,DiagnosticProfile,RBV3-GF0025-2021-7_9-097-01,GF0025-2021-7_9-097,【七—九97】,7-9,97,词类,副词,程度副词,1,01,颇,,unsplit_official_entry,,DTV3-TAX-9FAD0B023CAE,taxonomy_instantiated,,0,structural_pattern,(?:颇),^颇$,fullmatch,normalized_legacy_regex,,"[""lexical_form"",""local_context"",""grammatical_function""]","[""候选包含与权威条目 【七—九97】 对齐的可定位触发线索。"",""候选满足模板槽位：lexical_form、local_context、grammatical_function。"",""候选按 structural_pattern 模式实现 词类 / 副词 / 程度副词 所规定的语法功能。""]","[""触发线索存在，但候选边界未覆盖完整构式。"",""局部槽位可定位，但至少一个必需槽位仅得到弱支持。""]","[""触发线索只出现在标题、编号、术语或元语言说明中。"",""必需槽位缺失，且上下文不能恢复目标结构或目标功能。""]","[""相同表层形式可能实现 副词 中的非目标功能。"",""相邻构式共享触发形式，但槽位关系或语法功能不同。""]","[""目标用例"",""边界问题"",""表层触发但非目标"",""结构缺槽"",""语义不兼容"",""其他具体构式"",""不确定/需复核""]","[""target_status"",""candidate_boundary"",""slot_status"",""structural_functional_status"",""licensed_evidence"",""runtime_evidence"",""rule_source_trace""]",^颇$,normalized_compiles,REF-GF0025-2021,,GF0025-2021 PDF pp.176–259,appendix_span_verified,verified_inventory,false,[],machine_compiled,source_anchored,not_claimed,static_audit_passed,machine_compiled_source_anchored_static_audited
DUV3-GF0025-2021-7_9-098-01,DiagnosticUnit,DPV3-GF0025-2021-7_9-098-01,DiagnosticProfile,RBV3-GF0025-2021-7_9-098-01,GF0025-2021-7_9-098,【七—九98】,7-9,98,词类,副词,程度副词,1,01,稍稍,,unsplit_official_entry,,DTV3-TAX-9FAD0B023CAE,taxonomy_instantiated,,0,structural_pattern,(?:稍稍),^稍稍$,fullmatch,normalized_legacy_regex,,"[""lexical_form"",""local_context"",""grammatical_function""]","[""候选包含与权威条目 【七—九98】 对齐的可定位触发线索。"",""候选满足模板槽位：lexical_form、local_context、grammatical_function。"",""候选按 structural_pattern 模式实现 词类 / 副词 / 程度副词 所规定的语法功能。""]","[""触发线索存在，但候选边界未覆盖完整构式。"",""局部槽位可定位，但至少一个必需槽位仅得到弱支持。""]","[""触发线索只出现在标题、编号、术语或元语言说明中。"",""必需槽位缺失，且上下文不能恢复目标结构或目标功能。""]","[""相同表层形式可能实现 副词 中的非目标功能。"",""相邻构式共享触发形式，但槽位关系或语法功能不同。""]","[""目标用例"",""边界问题"",""表层触发但非目标"",""结构缺槽"",""语义不兼容"",""其他具体构式"",""不确定/需复核""]","[""target_status"",""candidate_boundary"",""slot_status"",""structural_functional_status"",""licensed_evidence"",""runtime_evidence"",""rule_source_trace""]",^稍稍$,normalized_compiles,REF-GF0025-2021,,GF0025-2021 PDF pp.176–259,appendix_span_verified,verified_inventory,false,[],machine_compiled,source_anchored,not_claimed,static_audit_passed,machine_compiled_source_anchored_static_audited
DUV3-GF0025-2021-7_9-099-01,DiagnosticUnit,DPV3-GF0025-2021-7_9-099-01,DiagnosticProfile,RBV3-GF0025-2021-7_9-099-01,GF0025-2021-7_9-099,【七—九99】,7-9,99,词类,副词,程度副词,1,01,尤为,,unsplit_official_entry,,DTV3-TAX-9FAD0B023CAE,taxonomy_instantiated,,0,structural_pattern,(?:尤为),^尤为$,fullmatch,normalized_legacy_regex,,"[""lexical_form"",""local_context"",""grammatical_function""]","[""候选包含与权威条目 【七—九99】 对齐的可定位触发线索。"",""候选满足模板槽位：lexical_form、local_context、grammatical_function。"",""候选按 structural_pattern 模式实现 词类 / 副词 / 程度副词 所规定的语法功能。""]","[""触发线索存在，但候选边界未覆盖完整构式。"",""局部槽位可定位，但至少一个必需槽位仅得到弱支持。""]","[""触发线索只出现在标题、编号、术语或元语言说明中。"",""必需槽位缺失，且上下文不能恢复目标结构或目标功能。""]","[""相同表层形式可能实现 副词 中的非目标功能。"",""相邻构式共享触发形式，但槽位关系或语法功能不同。""]","[""目标用例"",""边界问题"",""表层触发但非目标"",""结构缺槽"",""语义不兼容"",""其他具体构式"",""不确定/需复核""]","[""target_status"",""candidate_boundary"",""slot_status"",""structural_functional_status"",""licensed_evidence"",""runtime_evidence"",""rule_source_trace""]",^尤为$,normalized_compiles,REF-GF0025-2021,,GF0025-2021 PDF pp.176–259,appendix_span_verified,verified_inventory,false,[],machine_compiled,source_anchored,not_claimed,static_audit_passed,machine_compiled_source_anchored_static_audited
DUV3-GF0025-2021-7_9-100-01,DiagnosticUnit,DPV3-GF0025-2021-7_9-100-01,DiagnosticProfile,RBV3-GF0025-2021-7_9-100-01,GF0025-2021-7_9-100,【七—九100】,7-9,100,词类,副词,程度副词,1,01,越发,,unsplit_official_entry,,DTV3-TAX-9FAD0B023CAE,taxonomy_instantiated,,0,structural_pattern,(?:越发),^越发$,fullmatch,normalized_legacy_regex,,"[""lexical_form"",""local_context"",""grammatical_function""]","[""候选包含与权威条目 【七—九100】 对齐的可定位触发线索。"",""候选满足模板槽位：lexical_form、local_context、grammatical_function。"",""候选按 structural_pattern 模式实现 词类 / 副词 / 程度副词 所规定的语法功能。""]","[""触发线索存在，但候选边界未覆盖完整构式。"",""局部槽位可定位，但至少一个必需槽位仅得到弱支持。""]","[""触发线索只出现在标题、编号、术语或元语言说明中。"",""必需槽位缺失，且上下文不能恢复目标结构或目标功能。""]","[""相同表层形式可能实现 副词 中的非目标功能。"",""相邻构式共享触发形式，但槽位关系或语法功能不同。""]","[""目标用例"",""边界问题"",""表层触发但非目标"",""结构缺槽"",""语义不兼容"",""其他具体构式"",""不确定/需复核""]","[""target_status"",""candidate_boundary"",""slot_status"",""structural_functional_status"",""licensed_evidence"",""runtime_evidence"",""rule_source_trace""]",^越发$,normalized_compiles,REF-GF0025-2021,,GF0025-2021 PDF pp.176–259,appendix_span_verified,verified_inventory,false,[],machine_compiled,source_anchored,not_claimed,static_audit_passed,machine_compiled_source_anchored_static_audited
DUV3-GF0025-2021-7_9-101-01,DiagnosticUnit,DPV3-GF0025-2021-7_9-101-01,DiagnosticProfile,RBV3-GF0025-2021-7_9-101-01,GF0025-2021-7_9-101,【七—九101】,7-9,101,句子的类型,复句,递进复句,1,01,……，何况……,,unsplit_official_entry,,DTV3-TAX-F195974A2CD0,taxonomy_instantiated,,0,structural_pattern,(?:何况),.+，何况.+,search,normalized_legacy_regex,,"[""clause_1"",""relation_marker"",""clause_2"",""logical_relation""]","[""候选包含与权威条目 【七—九101】 对齐的可定位触发线索。"",""候选满足模板槽位：clause_1、relation_marker、clause_2、logical_relation。"",""候选按 structural_pattern 模式实现 句子的类型 / 复句 / 递进复句 所规定的语法功能。""]","[""触发线索存在，但候选边界未覆盖完整构式。"",""局部槽位可定位，但至少一个必需槽位仅得到弱支持。""]","[""触发线索只出现在标题、编号、术语或元语言说明中。"",""必需槽位缺失，且上下文不能恢复目标结构或目标功能。""]","[""相同表层形式可能实现 复句 中的非目标功能。"",""相邻构式共享触发形式，但槽位关系或语法功能不同。""]","[""目标用例"",""边界问题"",""表层触发但非目标"",""结构缺槽"",""语义不兼容"",""其他具体构式"",""不确定/需复核""]","[""target_status"",""candidate_boundary"",""slot_status"",""structural_functional_status"",""licensed_evidence"",""runtime_evidence"",""rule_source_trace""]",.+，何况.+,normalized_compiles,REF-GF0025-2021,,GF0025-2021 PDF pp.176–259,appendix_span_verified,verified_inventory,false,[],machine_compiled,source_anchored,not_claimed,static_audit_passed,machine_compiled_source_anchored_static_audited
DUV3-GF0025-2021-7_9-102-01,DiagnosticUnit,DPV3-GF0025-2021-7_9-102-01,DiagnosticProfile,RBV3-GF0025-2021-7_9-102-01,GF0025-2021-7_9-102,【七—九102】,7-9,102,句子的类型,复句,递进复句,1,01,……，进而……,,unsplit_official_entry,,DTV3-TAX-F195974A2CD0,taxonomy_instantiated,,0,structural_pattern,(?:进而),.+，进而.+,search,normalized_legacy_regex,,"[""clause_1"",""relation_marker"",""clause_2"",""logical_relation""]","[""候选包含与权威条目 【七—九102】 对齐的可定位触发线索。"",""候选满足模板槽位：clause_1、relation_marker、clause_2、logical_relation。"",""候选按 structural_pattern 模式实现 句子的类型 / 复句 / 递进复句 所规定的语法功能。""]","[""触发线索存在，但候选边界未覆盖完整构式。"",""局部槽位可定位，但至少一个必需槽位仅得到弱支持。""]","[""触发线索只出现在标题、编号、术语或元语言说明中。"",""必需槽位缺失，且上下文不能恢复目标结构或目标功能。""]","[""相同表层形式可能实现 复句 中的非目标功能。"",""相邻构式共享触发形式，但槽位关系或语法功能不同。""]","[""目标用例"",""边界问题"",""表层触发但非目标"",""结构缺槽"",""语义不兼容"",""其他具体构式"",""不确定/需复核""]","[""target_status"",""candidate_boundary"",""slot_status"",""structural_functional_status"",""licensed_evidence"",""runtime_evidence"",""rule_source_trace""]",.+，进而.+,normalized_compiles,REF-GF0025-2021,,GF0025-2021 PDF pp.176–259,appendix_span_verified,verified_inventory,false,[],machine_compiled,source_anchored,not_claimed,static_audit_passed,machine_compiled_source_anchored_static_audited
DUV3-GF0025-2021-7_9-103-01,DiagnosticUnit,DPV3-GF0025-2021-7_9-103-01,DiagnosticProfile,RBV3-GF0025-2021-7_9-103-01,GF0025-2021-7_9-103,【七—九103】,7-9,103,词类,副词,范围、协同副词,1,01,凡,,unsplit_official_entry,,DTV3-TAX-1C7E1B7DB8E2,taxonomy_instantiated,,0,structural_pattern,(?:凡),^凡$,fullmatch,normalized_legacy_regex,,"[""lexical_form"",""local_context"",""grammatical_function""]","[""候选包含与权威条目 【七—九103】 对齐的可定位触发线索。"",""候选满足模板槽位：lexical_form、local_context、grammatical_function。"",""候选按 structural_pattern 模式实现 词类 / 副词 / 范围、协同副词 所规定的语法功能。""]","[""触发线索存在，但候选边界未覆盖完整构式。"",""局部槽位可定位，但至少一个必需槽位仅得到弱支持。""]","[""触发线索只出现在标题、编号、术语或元语言说明中。"",""必需槽位缺失，且上下文不能恢复目标结构或目标功能。""]","[""相同表层形式可能实现 副词 中的非目标功能。"",""相邻构式共享触发形式，但槽位关系或语法功能不同。""]","[""目标用例"",""边界问题"",""表层触发但非目标"",""结构缺槽"",""语义不兼容"",""其他具体构式"",""不确定/需复核""]","[""target_status"",""candidate_boundary"",""slot_status"",""structural_functional_status"",""licensed_evidence"",""runtime_evidence"",""rule_source_trace""]",^凡$,normalized_compiles,REF-GF0025-2021,,GF0025-2021 PDF pp.176–259,appendix_span_verified,verified_inventory,false,[],machine_compiled,source_anchored,not_claimed,static_audit_passed,machine_compiled_source_anchored_static_audited
DUV3-GF0025-2021-7_9-104-01,DiagnosticUnit,DPV3-GF0025-2021-7_9-104-01,DiagnosticProfile,RBV3-GF0025-2021-7_9-104-01,GF0025-2021-7_9-104,【七—九104】,7-9,104,词类,副词,范围、协同副词,1,01,皆,,unsplit_official_entry,,DTV3-TAX-1C7E1B7DB8E2,taxonomy_instantiated,,0,structural_pattern,(?:皆),^皆$,fullmatch,normalized_legacy_regex,,"[""lexical_form"",""local_context"",""grammatical_function""]","[""候选包含与权威条目 【七—九104】 对齐的可定位触发线索。"",""候选满足模板槽位：lexical_form、local_context、grammatical_function。"",""候选按 structural_pattern 模式实现 词类 / 副词 / 范围、协同副词 所规定的语法功能。""]","[""触发线索存在，但候选边界未覆盖完整构式。"",""局部槽位可定位，但至少一个必需槽位仅得到弱支持。""]","[""触发线索只出现在标题、编号、术语或元语言说明中。"",""必需槽位缺失，且上下文不能恢复目标结构或目标功能。""]","[""相同表层形式可能实现 副词 中的非目标功能。"",""相邻构式共享触发形式，但槽位关系或语法功能不同。""]","[""目标用例"",""边界问题"",""表层触发但非目标"",""结构缺槽"",""语义不兼容"",""其他具体构式"",""不确定/需复核""]","[""target_status"",""candidate_boundary"",""slot_status"",""structural_functional_status"",""licensed_evidence"",""runtime_evidence"",""rule_source_trace""]",^皆$,normalized_compiles,REF-GF0025-2021,,GF0025-2021 PDF pp.176–259,appendix_span_verified,verified_inventory,false,[],machine_compiled,source_anchored,not_claimed,static_audit_passed,machine_compiled_source_anchored_static_audited
DUV3-GF0025-2021-7_9-105-01,DiagnosticUnit,DPV3-GF0025-2021-7_9-105-01,DiagnosticProfile,RBV3-GF0025-2021-7_9-105-01,GF0025-2021-7_9-105,【七—九105】,7-9,105,词类,副词,范围、协同副词,1,01,统统,,unsplit_official_entry,,DTV3-TAX-1C7E1B7DB8E2,taxonomy_instantiated,,0,structural_pattern,(?:统统),^统统$,fullmatch,normalized_legacy_regex,,"[""lexical_form"",""local_context"",""grammatical_function""]","[""候选包含与权威条目 【七—九105】 对齐的可定位触发线索。"",""候选满足模板槽位：lexical_form、local_context、grammatical_function。"",""候选按 structural_pattern 模式实现 词类 / 副词 / 范围、协同副词 所规定的语法功能。""]","[""触发线索存在，但候选边界未覆盖完整构式。"",""局部槽位可定位，但至少一个必需槽位仅得到弱支持。""]","[""触发线索只出现在标题、编号、术语或元语言说明中。"",""必需槽位缺失，且上下文不能恢复目标结构或目标功能。""]","[""相同表层形式可能实现 副词 中的非目标功能。"",""相邻构式共享触发形式，但槽位关系或语法功能不同。""]","[""目标用例"",""边界问题"",""表层触发但非目标"",""结构缺槽"",""语义不兼容"",""其他具体构式"",""不确定/需复核""]","[""target_status"",""candidate_boundary"",""slot_status"",""structural_functional_status"",""licensed_evidence"",""runtime_evidence"",""rule_source_trace""]",^统统$,normalized_compiles,REF-GF0025-2021,,GF0025-2021 PDF pp.176–259,appendix_span_verified,verified_inventory,false,[],machine_compiled,source_anchored,not_claimed,static_audit_passed,machine_compiled_source_anchored_static_audited
DUV3-GF0025-2021-7_9-106-01,DiagnosticUnit,DPV3-GF0025-2021-7_9-106-01,DiagnosticProfile,RBV3-GF0025-2021-7_9-106-01,GF0025-2021-7_9-106,【七—九106】,7-9,106,词类,副词,范围、协同副词,1,01,唯独,,unsplit_official_entry,,DTV3-TAX-1C7E1B7DB8E2,taxonomy_instantiated,,0,structural_pattern,(?:唯独),^唯独$,fullmatch,normalized_legacy_regex,,"[""lexical_form"",""local_context"",""grammatical_function""]","[""候选包含与权威条目 【七—九106】 对齐的可定位触发线索。"",""候选满足模板槽位：lexical_form、local_context、grammatical_function。"",""候选按 structural_pattern 模式实现 词类 / 副词 / 范围、协同副词 所规定的语法功能。""]","[""触发线索存在，但候选边界未覆盖完整构式。"",""局部槽位可定位，但至少一个必需槽位仅得到弱支持。""]","[""触发线索只出现在标题、编号、术语或元语言说明中。"",""必需槽位缺失，且上下文不能恢复目标结构或目标功能。""]","[""相同表层形式可能实现 副词 中的非目标功能。"",""相邻构式共享触发形式，但槽位关系或语法功能不同。""]","[""目标用例"",""边界问题"",""表层触发但非目标"",""结构缺槽"",""语义不兼容"",""其他具体构式"",""不确定/需复核""]","[""target_status"",""candidate_boundary"",""slot_status"",""structural_functional_status"",""licensed_evidence"",""runtime_evidence"",""rule_source_trace""]",^唯独$,normalized_compiles,REF-GF0025-2021,,GF0025-2021 PDF pp.176–259,appendix_span_verified,verified_inventory,false,[],machine_compiled,source_anchored,not_claimed,static_audit_passed,machine_compiled_source_anchored_static_audited
DUV3-GF0025-2021-7_9-107-01,DiagnosticUnit,DPV3-GF0025-2021-7_9-107-01,DiagnosticProfile,RBV3-GF0025-2021-7_9-107-01,GF0025-2021-7_9-107,【七—九107】,7-9,107,词类,副词,方式副词,1,01,不由得,,unsplit_official_entry,,DTV3-TAX-2594E13CFB04,taxonomy_instantiated,,0,structural_pattern,(?:不由得),^不由得$,fullmatch,normalized_legacy_regex,,"[""lexical_form"",""local_context"",""grammatical_function""]","[""候选包含与权威条目 【七—九107】 对齐的可定位触发线索。"",""候选满足模板槽位：lexical_form、local_context、grammatical_function。"",""候选按 structural_pattern 模式实现 词类 / 副词 / 方式副词 所规定的语法功能。""]","[""触发线索存在，但候选边界未覆盖完整构式。"",""局部槽位可定位，但至少一个必需槽位仅得到弱支持。""]","[""触发线索只出现在标题、编号、术语或元语言说明中。"",""必需槽位缺失，且上下文不能恢复目标结构或目标功能。""]","[""相同表层形式可能实现 副词 中的非目标功能。"",""相邻构式共享触发形式，但槽位关系或语法功能不同。""]","[""目标用例"",""边界问题"",""表层触发但非目标"",""结构缺槽"",""语义不兼容"",""其他具体构式"",""不确定/需复核""]","[""target_status"",""candidate_boundary"",""slot_status"",""structural_functional_status"",""licensed_evidence"",""runtime_evidence"",""rule_source_trace""]",^不由得$,normalized_compiles,REF-GF0025-2021,,GF0025-2021 PDF pp.176–259,appendix_span_verified,verified_inventory,false,[],machine_compiled,source_anchored,not_claimed,static_audit_passed,machine_compiled_source_anchored_static_audited
DUV3-GF0025-2021-7_9-108-01,DiagnosticUnit,DPV3-GF0025-2021-7_9-108-01,DiagnosticProfile,RBV3-GF0025-2021-7_9-108-01,GF0025-2021-7_9-108,【七—九108】,7-9,108,词类,副词,方式副词,1,01,一连,,unsplit_official_entry,,DTV3-TAX-2594E13CFB04,taxonomy_instantiated,,0,structural_pattern,(?:一连),^一连$,fullmatch,normalized_legacy_regex,,"[""lexical_form"",""local_context"",""grammatical_function""]","[""候选包含与权威条目 【七—九108】 对齐的可定位触发线索。"",""候选满足模板槽位：lexical_form、local_context、grammatical_function。"",""候选按 structural_pattern 模式实现 词类 / 副词 / 方式副词 所规定的语法功能。""]","[""触发线索存在，但候选边界未覆盖完整构式。"",""局部槽位可定位，但至少一个必需槽位仅得到弱支持。""]","[""触发线索只出现在标题、编号、术语或元语言说明中。"",""必需槽位缺失，且上下文不能恢复目标结构或目标功能。""]","[""相同表层形式可能实现 副词 中的非目标功能。"",""相邻构式共享触发形式，但槽位关系或语法功能不同。""]","[""目标用例"",""边界问题"",""表层触发但非目标"",""结构缺槽"",""语义不兼容"",""其他具体构式"",""不确定/需复核""]","[""target_status"",""candidate_boundary"",""slot_status"",""structural_functional_status"",""licensed_evidence"",""runtime_evidence"",""rule_source_trace""]",^一连$,normalized_compiles,REF-GF0025-2021,,GF0025-2021 PDF pp.176–259,appendix_span_verified,verified_inventory,false,[],machine_compiled,source_anchored,not_claimed,static_audit_passed,machine_compiled_source_anchored_static_audited
DUV3-GF0025-2021-7_9-109-01,DiagnosticUnit,DPV3-GF0025-2021-7_9-109-01,DiagnosticProfile,RBV3-GF0025-2021-7_9-109-01,GF0025-2021-7_9-109,【七—九109】,7-9,109,词类,副词,方式副词,1,01,顺便,,unsplit_official_entry,,DTV3-TAX-2594E13CFB04,taxonomy_instantiated,,0,structural_pattern,(?:顺便),^顺便$,fullmatch,normalized_legacy_regex,,"[""lexical_form"",""local_context"",""grammatical_function""]","[""候选包含与权威条目 【七—九109】 对齐的可定位触发线索。"",""候选满足模板槽位：lexical_form、local_context、grammatical_function。"",""候选按 structural_pattern 模式实现 词类 / 副词 / 方式副词 所规定的语法功能。""]","[""触发线索存在，但候选边界未覆盖完整构式。"",""局部槽位可定位，但至少一个必需槽位仅得到弱支持。""]","[""触发线索只出现在标题、编号、术语或元语言说明中。"",""必需槽位缺失，且上下文不能恢复目标结构或目标功能。""]","[""相同表层形式可能实现 副词 中的非目标功能。"",""相邻构式共享触发形式，但槽位关系或语法功能不同。""]","[""目标用例"",""边界问题"",""表层触发但非目标"",""结构缺槽"",""语义不兼容"",""其他具体构式"",""不确定/需复核""]","[""target_status"",""candidate_boundary"",""slot_status"",""structural_functional_status"",""licensed_evidence"",""runtime_evidence"",""rule_source_trace""]",^顺便$,normalized_compiles,REF-GF0025-2021,,GF0025-2021 PDF pp.176–259,appendix_span_verified,verified_inventory,false,[],machine_compiled,source_anchored,not_claimed,static_audit_passed,machine_compiled_source_anchored_static_audited
DUV3-GF0025-2021-7_9-110-01,DiagnosticUnit,DPV3-GF0025-2021-7_9-110-01,DiagnosticProfile,RBV3-GF0025-2021-7_9-110-01,GF0025-2021-7_9-110,【七—九110】,7-9,110,词类,副词,否定副词,1,01,未,,unsplit_official_entry,,DTV3-TAX-868754CA8DF9,taxonomy_instantiated,,0,structural_pattern,(?:未),^未$,fullmatch,normalized_legacy_regex,,"[""lexical_form"",""local_context"",""grammatical_function""]","[""候选包含与权威条目 【七—九110】 对齐的可定位触发线索。"",""候选满足模板槽位：lexical_form、local_context、grammatical_function。"",""候选按 structural_pattern 模式实现 词类 / 副词 / 否定副词 所规定的语法功能。""]","[""触发线索存在，但候选边界未覆盖完整构式。"",""局部槽位可定位，但至少一个必需槽位仅得到弱支持。""]","[""触发线索只出现在标题、编号、术语或元语言说明中。"",""必需槽位缺失，且上下文不能恢复目标结构或目标功能。""]","[""相同表层形式可能实现 副词 中的非目标功能。"",""相邻构式共享触发形式，但槽位关系或语法功能不同。""]","[""目标用例"",""边界问题"",""表层触发但非目标"",""结构缺槽"",""语义不兼容"",""其他具体构式"",""不确定/需复核""]","[""target_status"",""candidate_boundary"",""slot_status"",""structural_functional_status"",""licensed_evidence"",""runtime_evidence"",""rule_source_trace""]",^未$,normalized_compiles,REF-GF0025-2021,,GF0025-2021 PDF pp.176–259,appendix_span_verified,verified_inventory,false,[],machine_compiled,source_anchored,not_claimed,static_audit_passed,machine_compiled_source_anchored_static_audited
DUV3-GF0025-2021-7_9-111-01,DiagnosticUnit,DPV3-GF0025-2021-7_9-111-01,DiagnosticProfile,RBV3-GF0025-2021-7_9-111-01,GF0025-2021-7_9-111,【七—九111】,7-9,111,词类,副词,否定副词,1,01,勿,,unsplit_official_entry,,DTV3-TAX-868754CA8DF9,taxonomy_instantiated,,0,structural_pattern,(?:勿),^勿$,fullmatch,normalized_legacy_regex,,"[""lexical_form"",""local_context"",""grammatical_function""]","[""候选包含与权威条目 【七—九111】 对齐的可定位触发线索。"",""候选满足模板槽位：lexical_form、local_context、grammatical_function。"",""候选按 structural_pattern 模式实现 词类 / 副词 / 否定副词 所规定的语法功能。""]","[""触发线索存在，但候选边界未覆盖完整构式。"",""局部槽位可定位，但至少一个必需槽位仅得到弱支持。""]","[""触发线索只出现在标题、编号、术语或元语言说明中。"",""必需槽位缺失，且上下文不能恢复目标结构或目标功能。""]","[""相同表层形式可能实现 副词 中的非目标功能。"",""相邻构式共享触发形式，但槽位关系或语法功能不同。""]","[""目标用例"",""边界问题"",""表层触发但非目标"",""结构缺槽"",""语义不兼容"",""其他具体构式"",""不确定/需复核""]","[""target_status"",""candidate_boundary"",""slot_status"",""structural_functional_status"",""licensed_evidence"",""runtime_evidence"",""rule_source_trace""]",^勿$,normalized_compiles,REF-GF0025-2021,,GF0025-2021 PDF pp.176–259,appendix_span_verified,verified_inventory,false,[],machine_compiled,source_anchored,not_claimed,static_audit_passed,machine_compiled_source_anchored_static_audited
DUV3-GF0025-2021-7_9-112-01,DiagnosticUnit,DPV3-GF0025-2021-7_9-112-01,DiagnosticProfile,RBV3-GF0025-2021-7_9-112-01,GF0025-2021-7_9-112,【七—九112】,7-9,112,词类,副词,频率、重复副词,1,01,频频,,unsplit_official_entry,,DTV3-TAX-C90409728D84,taxonomy_instantiated,,0,structural_pattern,(?:频频),^频频$,fullmatch,normalized_legacy_regex,,"[""lexical_form"",""local_context"",""grammatical_function""]","[""候选包含与权威条目 【七—九112】 对齐的可定位触发线索。"",""候选满足模板槽位：lexical_form、local_context、grammatical_function。"",""候选按 structural_pattern 模式实现 词类 / 副词 / 频率、重复副词 所规定的语法功能。""]","[""触发线索存在，但候选边界未覆盖完整构式。"",""局部槽位可定位，但至少一个必需槽位仅得到弱支持。""]","[""触发线索只出现在标题、编号、术语或元语言说明中。"",""必需槽位缺失，且上下文不能恢复目标结构或目标功能。""]","[""相同表层形式可能实现 副词 中的非目标功能。"",""相邻构式共享触发形式，但槽位关系或语法功能不同。""]","[""目标用例"",""边界问题"",""表层触发但非目标"",""结构缺槽"",""语义不兼容"",""其他具体构式"",""不确定/需复核""]","[""target_status"",""candidate_boundary"",""slot_status"",""structural_functional_status"",""licensed_evidence"",""runtime_evidence"",""rule_source_trace""]",^频频$,normalized_compiles,REF-GF0025-2021,,GF0025-2021 PDF pp.176–259,appendix_span_verified,verified_inventory,false,[],machine_compiled,source_anchored,not_claimed,static_audit_passed,machine_compiled_source_anchored_static_audited
DUV3-GF0025-2021-7_9-113-01,DiagnosticUnit,DPV3-GF0025-2021-7_9-113-01,DiagnosticProfile,RBV3-GF0025-2021-7_9-113-01,GF0025-2021-7_9-113,【七—九113】,7-9,113,词类,副词,频率、重复副词,1,01,再度,,unsplit_official_entry,,DTV3-TAX-C90409728D84,taxonomy_instantiated,,0,structural_pattern,(?:再度),^再度$,fullmatch,normalized_legacy_regex,,"[""lexical_form"",""local_context"",""grammatical_function""]","[""候选包含与权威条目 【七—九113】 对齐的可定位触发线索。"",""候选满足模板槽位：lexical_form、local_context、grammatical_function。"",""候选按 structural_pattern 模式实现 词类 / 副词 / 频率、重复副词 所规定的语法功能。""]","[""触发线索存在，但候选边界未覆盖完整构式。"",""局部槽位可定位，但至少一个必需槽位仅得到弱支持。""]","[""触发线索只出现在标题、编号、术语或元语言说明中。"",""必需槽位缺失，且上下文不能恢复目标结构或目标功能。""]","[""相同表层形式可能实现 副词 中的非目标功能。"",""相邻构式共享触发形式，但槽位关系或语法功能不同。""]","[""目标用例"",""边界问题"",""表层触发但非目标"",""结构缺槽"",""语义不兼容"",""其他具体构式"",""不确定/需复核""]","[""target_status"",""candidate_boundary"",""slot_status"",""structural_functional_status"",""licensed_evidence"",""runtime_evidence"",""rule_source_trace""]",^再度$,normalized_compiles,REF-GF0025-2021,,GF0025-2021 PDF pp.176–259,appendix_span_verified,verified_inventory,false,[],machine_compiled,source_anchored,not_claimed,static_audit_passed,machine_compiled_source_anchored_static_audited
DUV3-GF0025-2021-7_9-114-01,DiagnosticUnit,DPV3-GF0025-2021-7_9-114-01,DiagnosticProfile,RBV3-GF0025-2021-7_9-114-01,GF0025-2021-7_9-114,【七—九114】,7-9,114,短语,固定短语,其他,1,01,与此同时,,unsplit_official_entry,,DTV3-TAX-423191A16BE2,taxonomy_instantiated,,0,structural_pattern,(?:与此同时),与此同时,search,normalized_legacy_regex,,"[""phrase_head"",""dependent_or_argument"",""phrase_boundary""]","[""候选包含与权威条目 【七—九114】 对齐的可定位触发线索。"",""候选满足模板槽位：phrase_head、dependent_or_argument、phrase_boundary。"",""候选按 structural_pattern 模式实现 短语 / 固定短语 / 其他 所规定的语法功能。""]","[""触发线索存在，但候选边界未覆盖完整构式。"",""局部槽位可定位，但至少一个必需槽位仅得到弱支持。""]","[""触发线索只出现在标题、编号、术语或元语言说明中。"",""必需槽位缺失，且上下文不能恢复目标结构或目标功能。""]","[""相同表层形式可能实现 固定短语 中的非目标功能。"",""相邻构式共享触发形式，但槽位关系或语法功能不同。""]","[""目标用例"",""边界问题"",""表层触发但非目标"",""结构缺槽"",""语义不兼容"",""其他具体构式"",""不确定/需复核""]","[""target_status"",""candidate_boundary"",""slot_status"",""structural_functional_status"",""licensed_evidence"",""runtime_evidence"",""rule_source_trace""]",与此同时,normalized_compiles,REF-GF0025-2021,,GF0025-2021 PDF pp.176–259,appendix_span_verified,verified_inventory,false,[],machine_compiled,source_anchored,not_claimed,static_audit_passed,machine_compiled_source_anchored_static_audited
DUV3-GF0025-2021-7_9-115-01,DiagnosticUnit,DPV3-GF0025-2021-7_9-115-01,DiagnosticProfile,RBV3-GF0025-2021-7_9-115-01,GF0025-2021-7_9-115,【七—九115】,7-9,115,短语,固定短语,其他,1,01,这样一来,,unsplit_official_entry,,DTV3-TAX-423191A16BE2,taxonomy_instantiated,,0,structural_pattern,(?:这样一来),这样一来,search,normalized_legacy_regex,,"[""phrase_head"",""dependent_or_argument"",""phrase_boundary""]","[""候选包含与权威条目 【七—九115】 对齐的可定位触发线索。"",""候选满足模板槽位：phrase_head、dependent_or_argument、phrase_boundary。"",""候选按 structural_pattern 模式实现 短语 / 固定短语 / 其他 所规定的语法功能。""]","[""触发线索存在，但候选边界未覆盖完整构式。"",""局部槽位可定位，但至少一个必需槽位仅得到弱支持。""]","[""触发线索只出现在标题、编号、术语或元语言说明中。"",""必需槽位缺失，且上下文不能恢复目标结构或目标功能。""]","[""相同表层形式可能实现 固定短语 中的非目标功能。"",""相邻构式共享触发形式，但槽位关系或语法功能不同。""]","[""目标用例"",""边界问题"",""表层触发但非目标"",""结构缺槽"",""语义不兼容"",""其他具体构式"",""不确定/需复核""]","[""target_status"",""candidate_boundary"",""slot_status"",""structural_functional_status"",""licensed_evidence"",""runtime_evidence"",""rule_source_trace""]",这样一来,normalized_compiles,REF-GF0025-2021,,GF0025-2021 PDF pp.176–259,appendix_span_verified,verified_inventory,false,[],machine_compiled,source_anchored,not_claimed,static_audit_passed,machine_compiled_source_anchored_static_audited
DUV3-GF0025-2021-7_9-116-01,DiagnosticUnit,DPV3-GF0025-2021-7_9-116-01,DiagnosticProfile,RBV3-GF0025-2021-7_9-116-01,GF0025-2021-7_9-116,【七—九116】,7-9,116,短语,固定短语,其他,1,01,综上所述,,unsplit_official_entry,,DTV3-TAX-423191A16BE2,taxonomy_instantiated,,0,structural_pattern,(?:综上所述),综上所述,search,normalized_legacy_regex,,"[""phrase_head"",""dependent_or_argument"",""phrase_boundary""]","[""候选包含与权威条目 【七—九116】 对齐的可定位触发线索。"",""候选满足模板槽位：phrase_head、dependent_or_argument、phrase_boundary。"",""候选按 structural_pattern 模式实现 短语 / 固定短语 / 其他 所规定的语法功能。""]","[""触发线索存在，但候选边界未覆盖完整构式。"",""局部槽位可定位，但至少一个必需槽位仅得到弱支持。""]","[""触发线索只出现在标题、编号、术语或元语言说明中。"",""必需槽位缺失，且上下文不能恢复目标结构或目标功能。""]","[""相同表层形式可能实现 固定短语 中的非目标功能。"",""相邻构式共享触发形式，但槽位关系或语法功能不同。""]","[""目标用例"",""边界问题"",""表层触发但非目标"",""结构缺槽"",""语义不兼容"",""其他具体构式"",""不确定/需复核""]","[""target_status"",""candidate_boundary"",""slot_status"",""structural_functional_status"",""licensed_evidence"",""runtime_evidence"",""rule_source_trace""]",综上所述,normalized_compiles,REF-GF0025-2021,256,GF0025-2021 PDF p.256,ocr_detected,verified_inventory,false,[],machine_compiled,source_anchored,not_claimed,static_audit_passed,machine_compiled_source_anchored_static_audited
DUV3-GF0025-2021-7_9-117-01,DiagnosticUnit,DPV3-GF0025-2021-7_9-117-01,DiagnosticProfile,RBV3-GF0025-2021-7_9-117-01,GF0025-2021-7_9-117,【七—九117】,7-9,117,短语,固定短语,其他,1,01,总的来说/总而言之,,unsplit_official_entry,,DTV3-TAX-423191A16BE2,taxonomy_instantiated,,0,structural_pattern,(?:总的来说|总而言之),总的来说|总而言之,search,normalized_legacy_regex,,"[""phrase_head"",""dependent_or_argument"",""phrase_boundary""]","[""候选包含与权威条目 【七—九117】 对齐的可定位触发线索。"",""候选满足模板槽位：phrase_head、dependent_or_argument、phrase_boundary。"",""候选按 structural_pattern 模式实现 短语 / 固定短语 / 其他 所规定的语法功能。""]","[""触发线索存在，但候选边界未覆盖完整构式。"",""局部槽位可定位，但至少一个必需槽位仅得到弱支持。""]","[""触发线索只出现在标题、编号、术语或元语言说明中。"",""必需槽位缺失，且上下文不能恢复目标结构或目标功能。""]","[""相同表层形式可能实现 固定短语 中的非目标功能。"",""相邻构式共享触发形式，但槽位关系或语法功能不同。""]","[""目标用例"",""边界问题"",""表层触发但非目标"",""结构缺槽"",""语义不兼容"",""其他具体构式"",""不确定/需复核""]","[""target_status"",""candidate_boundary"",""slot_status"",""structural_functional_status"",""licensed_evidence"",""runtime_evidence"",""rule_source_trace""]",总的来说|总而言之,normalized_compiles,REF-GF0025-2021,256,GF0025-2021 PDF p.256,ocr_detected,verified_inventory,false,[],machine_compiled,source_anchored,not_claimed,static_audit_passed,machine_compiled_source_anchored_static_audited
DUV3-GF0025-2021-7_9-118-01,DiagnosticUnit,DPV3-GF0025-2021-7_9-118-01,DiagnosticProfile,RBV3-GF0025-2021-7_9-118-01,GF0025-2021-7_9-118,【七—九118】,7-9,118,词类,副词,情态副词,1,01,必定,,unsplit_official_entry,,DTV3-TAX-9BBE19E6E943,taxonomy_instantiated,,0,structural_pattern,(?:必定),^必定$,fullmatch,normalized_legacy_regex,,"[""lexical_form"",""local_context"",""grammatical_function""]","[""候选包含与权威条目 【七—九118】 对齐的可定位触发线索。"",""候选满足模板槽位：lexical_form、local_context、grammatical_function。"",""候选按 structural_pattern 模式实现 词类 / 副词 / 情态副词 所规定的语法功能。""]","[""触发线索存在，但候选边界未覆盖完整构式。"",""局部槽位可定位，但至少一个必需槽位仅得到弱支持。""]","[""触发线索只出现在标题、编号、术语或元语言说明中。"",""必需槽位缺失，且上下文不能恢复目标结构或目标功能。""]","[""相同表层形式可能实现 副词 中的非目标功能。"",""相邻构式共享触发形式，但槽位关系或语法功能不同。""]","[""目标用例"",""边界问题"",""表层触发但非目标"",""结构缺槽"",""语义不兼容"",""其他具体构式"",""不确定/需复核""]","[""target_status"",""candidate_boundary"",""slot_status"",""structural_functional_status"",""licensed_evidence"",""runtime_evidence"",""rule_source_trace""]",^必定$,normalized_compiles,REF-GF0025-2021,256,GF0025-2021 PDF p.256,ocr_detected,verified_inventory,false,[],machine_compiled,source_anchored,not_claimed,static_audit_passed,machine_compiled_source_anchored_static_audited
DUV3-GF0025-2021-7_9-119-01,DiagnosticUnit,DPV3-GF0025-2021-7_9-119-01,DiagnosticProfile,RBV3-GF0025-2021-7_9-119-01,GF0025-2021-7_9-119,【七—九119】,7-9,119,词类,副词,情态副词,1,01,不妨,,unsplit_official_entry,,DTV3-TAX-9BBE19E6E943,taxonomy_instantiated,,0,structural_pattern,(?:不妨),^不妨$,fullmatch,normalized_legacy_regex,,"[""lexical_form"",""local_context"",""grammatical_function""]","[""候选包含与权威条目 【七—九119】 对齐的可定位触发线索。"",""候选满足模板槽位：lexical_form、local_context、grammatical_function。"",""候选按 structural_pattern 模式实现 词类 / 副词 / 情态副词 所规定的语法功能。""]","[""触发线索存在，但候选边界未覆盖完整构式。"",""局部槽位可定位，但至少一个必需槽位仅得到弱支持。""]","[""触发线索只出现在标题、编号、术语或元语言说明中。"",""必需槽位缺失，且上下文不能恢复目标结构或目标功能。""]","[""相同表层形式可能实现 副词 中的非目标功能。"",""相邻构式共享触发形式，但槽位关系或语法功能不同。""]","[""目标用例"",""边界问题"",""表层触发但非目标"",""结构缺槽"",""语义不兼容"",""其他具体构式"",""不确定/需复核""]","[""target_status"",""candidate_boundary"",""slot_status"",""structural_functional_status"",""licensed_evidence"",""runtime_evidence"",""rule_source_trace""]",^不妨$,normalized_compiles,REF-GF0025-2021,256,GF0025-2021 PDF p.256,ocr_detected,verified_inventory,false,[],machine_compiled,source_anchored,not_claimed,static_audit_passed,machine_compiled_source_anchored_static_audited
DUV3-GF0025-2021-7_9-120-01,DiagnosticUnit,DPV3-GF0025-2021-7_9-120-01,DiagnosticProfile,RBV3-GF0025-2021-7_9-120-01,GF0025-2021-7_9-120,【七—九120】,7-9,120,词类,副词,情态副词,1,01,何必,,unsplit_official_entry,,DTV3-TAX-9BBE19E6E943,taxonomy_instantiated,,0,structural_pattern,(?:何必),^何必$,fullmatch,normalized_legacy_regex,,"[""lexical_form"",""local_context"",""grammatical_function""]","[""候选包含与权威条目 【七—九120】 对齐的可定位触发线索。"",""候选满足模板槽位：lexical_form、local_context、grammatical_function。"",""候选按 structural_pattern 模式实现 词类 / 副词 / 情态副词 所规定的语法功能。""]","[""触发线索存在，但候选边界未覆盖完整构式。"",""局部槽位可定位，但至少一个必需槽位仅得到弱支持。""]","[""触发线索只出现在标题、编号、术语或元语言说明中。"",""必需槽位缺失，且上下文不能恢复目标结构或目标功能。""]","[""相同表层形式可能实现 副词 中的非目标功能。"",""相邻构式共享触发形式，但槽位关系或语法功能不同。""]","[""目标用例"",""边界问题"",""表层触发但非目标"",""结构缺槽"",""语义不兼容"",""其他具体构式"",""不确定/需复核""]","[""target_status"",""candidate_boundary"",""slot_status"",""structural_functional_status"",""licensed_evidence"",""runtime_evidence"",""rule_source_trace""]",^何必$,normalized_compiles,REF-GF0025-2021,256,GF0025-2021 PDF p.256,ocr_detected,verified_inventory,false,[],machine_compiled,source_anchored,not_claimed,static_audit_passed,machine_compiled_source_anchored_static_audited
DUV3-GF0025-2021-7_9-121-01,DiagnosticUnit,DPV3-GF0025-2021-7_9-121-01,DiagnosticProfile,RBV3-GF0025-2021-7_9-121-01,GF0025-2021-7_9-121,【七—九121】,7-9,121,词类,副词,情态副词,1,01,莫非,,unsplit_official_entry,,DTV3-TAX-9BBE19E6E943,taxonomy_instantiated,,0,structural_pattern,(?:莫非),^莫非$,fullmatch,normalized_legacy_regex,,"[""lexical_form"",""local_context"",""grammatical_function""]","[""候选包含与权威条目 【七—九121】 对齐的可定位触发线索。"",""候选满足模板槽位：lexical_form、local_context、grammatical_function。"",""候选按 structural_pattern 模式实现 词类 / 副词 / 情态副词 所规定的语法功能。""]","[""触发线索存在，但候选边界未覆盖完整构式。"",""局部槽位可定位，但至少一个必需槽位仅得到弱支持。""]","[""触发线索只出现在标题、编号、术语或元语言说明中。"",""必需槽位缺失，且上下文不能恢复目标结构或目标功能。""]","[""相同表层形式可能实现 副词 中的非目标功能。"",""相邻构式共享触发形式，但槽位关系或语法功能不同。""]","[""目标用例"",""边界问题"",""表层触发但非目标"",""结构缺槽"",""语义不兼容"",""其他具体构式"",""不确定/需复核""]","[""target_status"",""candidate_boundary"",""slot_status"",""structural_functional_status"",""licensed_evidence"",""runtime_evidence"",""rule_source_trace""]",^莫非$,normalized_compiles,REF-GF0025-2021,256,GF0025-2021 PDF p.256,ocr_detected,verified_inventory,false,[],machine_compiled,source_anchored,not_claimed,static_audit_passed,machine_compiled_source_anchored_static_audited
DUV3-GF0025-2021-7_9-122-01,DiagnosticUnit,DPV3-GF0025-2021-7_9-122-01,DiagnosticProfile,RBV3-GF0025-2021-7_9-122-01,GF0025-2021-7_9-122,【七—九122】,7-9,122,词类,副词,情态副词,1,01,按说,,unsplit_official_entry,,DTV3-TAX-9BBE19E6E943,taxonomy_instantiated,,0,structural_pattern,(?:按说),^按说$,fullmatch,normalized_legacy_regex,,"[""lexical_form"",""local_context"",""grammatical_function""]","[""候选包含与权威条目 【七—九122】 对齐的可定位触发线索。"",""候选满足模板槽位：lexical_form、local_context、grammatical_function。"",""候选按 structural_pattern 模式实现 词类 / 副词 / 情态副词 所规定的语法功能。""]","[""触发线索存在，但候选边界未覆盖完整构式。"",""局部槽位可定位，但至少一个必需槽位仅得到弱支持。""]","[""触发线索只出现在标题、编号、术语或元语言说明中。"",""必需槽位缺失，且上下文不能恢复目标结构或目标功能。""]","[""相同表层形式可能实现 副词 中的非目标功能。"",""相邻构式共享触发形式，但槽位关系或语法功能不同。""]","[""目标用例"",""边界问题"",""表层触发但非目标"",""结构缺槽"",""语义不兼容"",""其他具体构式"",""不确定/需复核""]","[""target_status"",""candidate_boundary"",""slot_status"",""structural_functional_status"",""licensed_evidence"",""runtime_evidence"",""rule_source_trace""]",^按说$,normalized_compiles,REF-GF0025-2021,256,GF0025-2021 PDF p.256,ocr_detected,verified_inventory,false,[],machine_compiled,source_anchored,not_claimed,static_audit_passed,machine_compiled_source_anchored_static_audited
DUV3-GF0025-2021-7_9-123-01,DiagnosticUnit,DPV3-GF0025-2021-7_9-123-01,DiagnosticProfile,RBV3-GF0025-2021-7_9-123-01,GF0025-2021-7_9-123,【七—九123】,7-9,123,词类,副词,时间副词,1,01,即,,unsplit_official_entry,,DTV3-TAX-A8DEA45A511A,taxonomy_instantiated,,0,complex_functional,(?:即),^即$,fullmatch,normalized_legacy_regex,,"[""lexical_form"",""local_context"",""grammatical_function""]","[""候选包含与权威条目 【七—九123】 对齐的可定位触发线索。"",""候选满足模板槽位：lexical_form、local_context、grammatical_function。"",""候选按 complex_functional 模式实现 词类 / 副词 / 时间副词 所规定的语法功能。""]","[""触发线索存在，但候选边界未覆盖完整构式。"",""局部槽位可定位，但至少一个必需槽位仅得到弱支持。""]","[""触发线索只出现在标题、编号、术语或元语言说明中。"",""必需槽位缺失，且上下文不能恢复目标结构或目标功能。""]","[""相同表层形式可能实现 副词 中的非目标功能。"",""相邻构式共享触发形式，但槽位关系或语法功能不同。""]","[""目标用例"",""边界问题"",""表层触发但非目标"",""结构缺槽"",""语义不兼容"",""其他具体构式"",""不确定/需复核""]","[""target_status"",""candidate_boundary"",""slot_status"",""structural_functional_status"",""licensed_evidence"",""runtime_evidence"",""rule_source_trace""]",^即$,normalized_compiles,REF-GF0025-2021,256,GF0025-2021 PDF p.256,ocr_detected,verified_inventory,false,[],machine_compiled,source_anchored,not_claimed,static_audit_passed,machine_compiled_source_anchored_static_audited
DUV3-GF0025-2021-7_9-124-01,DiagnosticUnit,DPV3-GF0025-2021-7_9-124-01,DiagnosticProfile,RBV3-GF0025-2021-7_9-124-01,GF0025-2021-7_9-124,【七—九124】,7-9,124,词类,副词,时间副词,1,01,历来,,unsplit_official_entry,,DTV3-TAX-A8DEA45A511A,taxonomy_instantiated,,0,complex_functional,(?:历来),^历来$,fullmatch,normalized_legacy_regex,,"[""lexical_form"",""local_context"",""grammatical_function""]","[""候选包含与权威条目 【七—九124】 对齐的可定位触发线索。"",""候选满足模板槽位：lexical_form、local_context、grammatical_function。"",""候选按 complex_functional 模式实现 词类 / 副词 / 时间副词 所规定的语法功能。""]","[""触发线索存在，但候选边界未覆盖完整构式。"",""局部槽位可定位，但至少一个必需槽位仅得到弱支持。""]","[""触发线索只出现在标题、编号、术语或元语言说明中。"",""必需槽位缺失，且上下文不能恢复目标结构或目标功能。""]","[""相同表层形式可能实现 副词 中的非目标功能。"",""相邻构式共享触发形式，但槽位关系或语法功能不同。""]","[""目标用例"",""边界问题"",""表层触发但非目标"",""结构缺槽"",""语义不兼容"",""其他具体构式"",""不确定/需复核""]","[""target_status"",""candidate_boundary"",""slot_status"",""structural_functional_status"",""licensed_evidence"",""runtime_evidence"",""rule_source_trace""]",^历来$,normalized_compiles,REF-GF0025-2021,256,GF0025-2021 PDF p.256,ocr_detected,verified_inventory,false,[],machine_compiled,source_anchored,not_claimed,static_audit_passed,machine_compiled_source_anchored_static_audited
DUV3-GF0025-2021-7_9-125-01,DiagnosticUnit,DPV3-GF0025-2021-7_9-125-01,DiagnosticProfile,RBV3-GF0025-2021-7_9-125-01,GF0025-2021-7_9-125,【七—九125】,7-9,125,词类,副词,时间副词,1,01,尚,,unsplit_official_entry,,DTV3-TAX-A8DEA45A511A,taxonomy_instantiated,,0,complex_functional,(?:尚),^尚$,fullmatch,normalized_legacy_regex,,"[""lexical_form"",""local_context"",""grammatical_function""]","[""候选包含与权威条目 【七—九125】 对齐的可定位触发线索。"",""候选满足模板槽位：lexical_form、local_context、grammatical_function。"",""候选按 complex_functional 模式实现 词类 / 副词 / 时间副词 所规定的语法功能。""]","[""触发线索存在，但候选边界未覆盖完整构式。"",""局部槽位可定位，但至少一个必需槽位仅得到弱支持。""]","[""触发线索只出现在标题、编号、术语或元语言说明中。"",""必需槽位缺失，且上下文不能恢复目标结构或目标功能。""]","[""相同表层形式可能实现 副词 中的非目标功能。"",""相邻构式共享触发形式，但槽位关系或语法功能不同。""]","[""目标用例"",""边界问题"",""表层触发但非目标"",""结构缺槽"",""语义不兼容"",""其他具体构式"",""不确定/需复核""]","[""target_status"",""candidate_boundary"",""slot_status"",""structural_functional_status"",""licensed_evidence"",""runtime_evidence"",""rule_source_trace""]",^尚$,normalized_compiles,REF-GF0025-2021,257,GF0025-2021 PDF p.257,ocr_detected,verified_inventory,false,[],machine_compiled,source_anchored,not_claimed,static_audit_passed,machine_compiled_source_anchored_static_audited
DUV3-GF0025-2021-7_9-126-01,DiagnosticUnit,DPV3-GF0025-2021-7_9-126-01,DiagnosticProfile,RBV3-GF0025-2021-7_9-126-01,GF0025-2021-7_9-126,【七—九126】,7-9,126,词类,副词,时间副词,1,01,向来,,unsplit_official_entry,,DTV3-TAX-A8DEA45A511A,taxonomy_instantiated,,0,complex_functional,(?:向来),^向来$,fullmatch,normalized_legacy_regex,,"[""lexical_form"",""local_context"",""grammatical_function""]","[""候选包含与权威条目 【七—九126】 对齐的可定位触发线索。"",""候选满足模板槽位：lexical_form、local_context、grammatical_function。"",""候选按 complex_functional 模式实现 词类 / 副词 / 时间副词 所规定的语法功能。""]","[""触发线索存在，但候选边界未覆盖完整构式。"",""局部槽位可定位，但至少一个必需槽位仅得到弱支持。""]","[""触发线索只出现在标题、编号、术语或元语言说明中。"",""必需槽位缺失，且上下文不能恢复目标结构或目标功能。""]","[""相同表层形式可能实现 副词 中的非目标功能。"",""相邻构式共享触发形式，但槽位关系或语法功能不同。""]","[""目标用例"",""边界问题"",""表层触发但非目标"",""结构缺槽"",""语义不兼容"",""其他具体构式"",""不确定/需复核""]","[""target_status"",""candidate_boundary"",""slot_status"",""structural_functional_status"",""licensed_evidence"",""runtime_evidence"",""rule_source_trace""]",^向来$,normalized_compiles,REF-GF0025-2021,257,GF0025-2021 PDF p.257,ocr_detected,verified_inventory,false,[],machine_compiled,source_anchored,not_claimed,static_audit_passed,machine_compiled_source_anchored_static_audited
DUV3-GF0025-2021-7_9-127-01,DiagnosticUnit,DPV3-GF0025-2021-7_9-127-01,DiagnosticProfile,RBV3-GF0025-2021-7_9-127-01,GF0025-2021-7_9-127,【七—九127】,7-9,127,词类,介词,引出对象,1,01,当着,,unsplit_official_entry,,DTV3-TAX-96C5330FEA95,taxonomy_instantiated,,0,structural_pattern,(?:当着),^当着$,fullmatch,normalized_legacy_regex,,"[""lexical_form"",""local_context"",""grammatical_function""]","[""候选包含与权威条目 【七—九127】 对齐的可定位触发线索。"",""候选满足模板槽位：lexical_form、local_context、grammatical_function。"",""候选按 structural_pattern 模式实现 词类 / 介词 / 引出对象 所规定的语法功能。""]","[""触发线索存在，但候选边界未覆盖完整构式。"",""局部槽位可定位，但至少一个必需槽位仅得到弱支持。""]","[""触发线索只出现在标题、编号、术语或元语言说明中。"",""必需槽位缺失，且上下文不能恢复目标结构或目标功能。""]","[""相同表层形式可能实现 介词 中的非目标功能。"",""相邻构式共享触发形式，但槽位关系或语法功能不同。""]","[""目标用例"",""边界问题"",""表层触发但非目标"",""结构缺槽"",""语义不兼容"",""其他具体构式"",""不确定/需复核""]","[""target_status"",""candidate_boundary"",""slot_status"",""structural_functional_status"",""licensed_evidence"",""runtime_evidence"",""rule_source_trace""]",^当着$,normalized_compiles,REF-GF0025-2021,257,GF0025-2021 PDF p.257,ocr_detected,verified_inventory,false,[],machine_compiled,source_anchored,not_claimed,static_audit_passed,machine_compiled_source_anchored_static_audited
DUV3-GF0025-2021-7_9-128-01,DiagnosticUnit,DPV3-GF0025-2021-7_9-128-01,DiagnosticProfile,RBV3-GF0025-2021-7_9-128-01,GF0025-2021-7_9-128,【七—九128】,7-9,128,词类,介词,引出对象,1,01,就5,,unsplit_official_entry,,DTV3-TAX-96C5330FEA95,taxonomy_instantiated,,0,structural_pattern,(?:就5|就),^就$,fullmatch,normalized_legacy_regex,,"[""lexical_form"",""local_context"",""grammatical_function""]","[""候选包含与权威条目 【七—九128】 对齐的可定位触发线索。"",""候选满足模板槽位：lexical_form、local_context、grammatical_function。"",""候选按 structural_pattern 模式实现 词类 / 介词 / 引出对象 所规定的语法功能。""]","[""触发线索存在，但候选边界未覆盖完整构式。"",""局部槽位可定位，但至少一个必需槽位仅得到弱支持。""]","[""触发线索只出现在标题、编号、术语或元语言说明中。"",""必需槽位缺失，且上下文不能恢复目标结构或目标功能。""]","[""相同表层形式可能实现 介词 中的非目标功能。"",""相邻构式共享触发形式，但槽位关系或语法功能不同。""]","[""目标用例"",""边界问题"",""表层触发但非目标"",""结构缺槽"",""语义不兼容"",""其他具体构式"",""不确定/需复核""]","[""target_status"",""candidate_boundary"",""slot_status"",""structural_functional_status"",""licensed_evidence"",""runtime_evidence"",""rule_source_trace""]",^就$,normalized_compiles,REF-GF0025-2021,257,GF0025-2021 PDF p.257,ocr_detected,verified_inventory,false,[],machine_compiled,source_anchored,not_claimed,static_audit_passed,machine_compiled_source_anchored_static_audited
DUV3-GF0025-2021-7_9-129-01,DiagnosticUnit,DPV3-GF0025-2021-7_9-129-01,DiagnosticProfile,RBV3-GF0025-2021-7_9-129-01,GF0025-2021-7_9-129,【七—九129】,7-9,129,词类,介词,引出凭借、依据,1,01,趁,,unsplit_official_entry,,DTV3-TAX-AF5CB707E947,taxonomy_instantiated,,0,structural_pattern,(?:趁),^趁$,fullmatch,normalized_legacy_regex,,"[""lexical_form"",""local_context"",""grammatical_function""]","[""候选包含与权威条目 【七—九129】 对齐的可定位触发线索。"",""候选满足模板槽位：lexical_form、local_context、grammatical_function。"",""候选按 structural_pattern 模式实现 词类 / 介词 / 引出凭借、依据 所规定的语法功能。""]","[""触发线索存在，但候选边界未覆盖完整构式。"",""局部槽位可定位，但至少一个必需槽位仅得到弱支持。""]","[""触发线索只出现在标题、编号、术语或元语言说明中。"",""必需槽位缺失，且上下文不能恢复目标结构或目标功能。""]","[""相同表层形式可能实现 介词 中的非目标功能。"",""相邻构式共享触发形式，但槽位关系或语法功能不同。""]","[""目标用例"",""边界问题"",""表层触发但非目标"",""结构缺槽"",""语义不兼容"",""其他具体构式"",""不确定/需复核""]","[""target_status"",""candidate_boundary"",""slot_status"",""structural_functional_status"",""licensed_evidence"",""runtime_evidence"",""rule_source_trace""]",^趁$,normalized_compiles,REF-GF0025-2021,257,GF0025-2021 PDF p.257,ocr_detected,verified_inventory,false,[],machine_compiled,source_anchored,not_claimed,static_audit_passed,machine_compiled_source_anchored_static_audited
DUV3-GF0025-2021-7_9-130-01,DiagnosticUnit,DPV3-GF0025-2021-7_9-130-01,DiagnosticProfile,RBV3-GF0025-2021-7_9-130-01,GF0025-2021-7_9-130,【七—九130】,7-9,130,词类,介词,引出凭借、依据,1,01,基于,,unsplit_official_entry,,DTV3-TAX-AF5CB707E947,taxonomy_instantiated,,0,structural_pattern,(?:基于),^基于$,fullmatch,normalized_legacy_regex,,"[""lexical_form"",""local_context"",""grammatical_function""]","[""候选包含与权威条目 【七—九130】 对齐的可定位触发线索。"",""候选满足模板槽位：lexical_form、local_context、grammatical_function。"",""候选按 structural_pattern 模式实现 词类 / 介词 / 引出凭借、依据 所规定的语法功能。""]","[""触发线索存在，但候选边界未覆盖完整构式。"",""局部槽位可定位，但至少一个必需槽位仅得到弱支持。""]","[""触发线索只出现在标题、编号、术语或元语言说明中。"",""必需槽位缺失，且上下文不能恢复目标结构或目标功能。""]","[""相同表层形式可能实现 介词 中的非目标功能。"",""相邻构式共享触发形式，但槽位关系或语法功能不同。""]","[""目标用例"",""边界问题"",""表层触发但非目标"",""结构缺槽"",""语义不兼容"",""其他具体构式"",""不确定/需复核""]","[""target_status"",""candidate_boundary"",""slot_status"",""structural_functional_status"",""licensed_evidence"",""runtime_evidence"",""rule_source_trace""]",^基于$,normalized_compiles,REF-GF0025-2021,257,GF0025-2021 PDF p.257,ocr_detected,verified_inventory,false,[],machine_compiled,source_anchored,not_claimed,static_audit_passed,machine_compiled_source_anchored_static_audited
DUV3-GF0025-2021-7_9-131-01,DiagnosticUnit,DPV3-GF0025-2021-7_9-131-01,DiagnosticProfile,RBV3-GF0025-2021-7_9-131-01,GF0025-2021-7_9-131,【七—九131】,7-9,131,词类,介词,引出凭借、依据,1,01,依,,unsplit_official_entry,,DTV3-TAX-AF5CB707E947,taxonomy_instantiated,,0,structural_pattern,(?:依),^依$,fullmatch,normalized_legacy_regex,,"[""lexical_form"",""local_context"",""grammatical_function""]","[""候选包含与权威条目 【七—九131】 对齐的可定位触发线索。"",""候选满足模板槽位：lexical_form、local_context、grammatical_function。"",""候选按 structural_pattern 模式实现 词类 / 介词 / 引出凭借、依据 所规定的语法功能。""]","[""触发线索存在，但候选边界未覆盖完整构式。"",""局部槽位可定位，但至少一个必需槽位仅得到弱支持。""]","[""触发线索只出现在标题、编号、术语或元语言说明中。"",""必需槽位缺失，且上下文不能恢复目标结构或目标功能。""]","[""相同表层形式可能实现 介词 中的非目标功能。"",""相邻构式共享触发形式，但槽位关系或语法功能不同。""]","[""目标用例"",""边界问题"",""表层触发但非目标"",""结构缺槽"",""语义不兼容"",""其他具体构式"",""不确定/需复核""]","[""target_status"",""candidate_boundary"",""slot_status"",""structural_functional_status"",""licensed_evidence"",""runtime_evidence"",""rule_source_trace""]",^依$,normalized_compiles,REF-GF0025-2021,257,GF0025-2021 PDF p.257,ocr_detected,verified_inventory,false,[],machine_compiled,source_anchored,not_claimed,static_audit_passed,machine_compiled_source_anchored_static_audited
DUV3-GF0025-2021-7_9-132-01,DiagnosticUnit,DPV3-GF0025-2021-7_9-132-01,DiagnosticProfile,RBV3-GF0025-2021-7_9-132-01,GF0025-2021-7_9-132,【七—九132】,7-9,132,词类,副词,语气副词,1,01,白白,,unsplit_official_entry,,DTV3-TAX-F383E272F5D1,taxonomy_instantiated,,0,structural_pattern,(?:白白),^白白$,fullmatch,normalized_legacy_regex,,"[""lexical_form"",""local_context"",""grammatical_function""]","[""候选包含与权威条目 【七—九132】 对齐的可定位触发线索。"",""候选满足模板槽位：lexical_form、local_context、grammatical_function。"",""候选按 structural_pattern 模式实现 词类 / 副词 / 语气副词 所规定的语法功能。""]","[""触发线索存在，但候选边界未覆盖完整构式。"",""局部槽位可定位，但至少一个必需槽位仅得到弱支持。""]","[""触发线索只出现在标题、编号、术语或元语言说明中。"",""必需槽位缺失，且上下文不能恢复目标结构或目标功能。""]","[""相同表层形式可能实现 副词 中的非目标功能。"",""相邻构式共享触发形式，但槽位关系或语法功能不同。""]","[""目标用例"",""边界问题"",""表层触发但非目标"",""结构缺槽"",""语义不兼容"",""其他具体构式"",""不确定/需复核""]","[""target_status"",""candidate_boundary"",""slot_status"",""structural_functional_status"",""licensed_evidence"",""runtime_evidence"",""rule_source_trace""]",^白白$,normalized_compiles,REF-GF0025-2021,257,GF0025-2021 PDF p.257,ocr_detected,verified_inventory,false,[],machine_compiled,source_anchored,not_claimed,static_audit_passed,machine_compiled_source_anchored_static_audited
DUV3-GF0025-2021-7_9-133-01,DiagnosticUnit,DPV3-GF0025-2021-7_9-133-01,DiagnosticProfile,RBV3-GF0025-2021-7_9-133-01,GF0025-2021-7_9-133,【七—九133】,7-9,133,词类,副词,语气副词,1,01,反倒,,unsplit_official_entry,,DTV3-TAX-F383E272F5D1,taxonomy_instantiated,,0,structural_pattern,(?:反倒),^反倒$,fullmatch,normalized_legacy_regex,,"[""lexical_form"",""local_context"",""grammatical_function""]","[""候选包含与权威条目 【七—九133】 对齐的可定位触发线索。"",""候选满足模板槽位：lexical_form、local_context、grammatical_function。"",""候选按 structural_pattern 模式实现 词类 / 副词 / 语气副词 所规定的语法功能。""]","[""触发线索存在，但候选边界未覆盖完整构式。"",""局部槽位可定位，但至少一个必需槽位仅得到弱支持。""]","[""触发线索只出现在标题、编号、术语或元语言说明中。"",""必需槽位缺失，且上下文不能恢复目标结构或目标功能。""]","[""相同表层形式可能实现 副词 中的非目标功能。"",""相邻构式共享触发形式，但槽位关系或语法功能不同。""]","[""目标用例"",""边界问题"",""表层触发但非目标"",""结构缺槽"",""语义不兼容"",""其他具体构式"",""不确定/需复核""]","[""target_status"",""candidate_boundary"",""slot_status"",""structural_functional_status"",""licensed_evidence"",""runtime_evidence"",""rule_source_trace""]",^反倒$,normalized_compiles,REF-GF0025-2021,258,GF0025-2021 PDF p.258,ocr_detected,verified_inventory,false,[],machine_compiled,source_anchored,not_claimed,static_audit_passed,machine_compiled_source_anchored_static_audited
DUV3-GF0025-2021-7_9-134-01,DiagnosticUnit,DPV3-GF0025-2021-7_9-134-01,DiagnosticProfile,RBV3-GF0025-2021-7_9-134-01,GF0025-2021-7_9-134,【七—九134】,7-9,134,词类,副词,语气副词,1,01,分明,,unsplit_official_entry,,DTV3-TAX-F383E272F5D1,taxonomy_instantiated,,0,structural_pattern,(?:分明),^分明$,fullmatch,normalized_legacy_regex,,"[""lexical_form"",""local_context"",""grammatical_function""]","[""候选包含与权威条目 【七—九134】 对齐的可定位触发线索。"",""候选满足模板槽位：lexical_form、local_context、grammatical_function。"",""候选按 structural_pattern 模式实现 词类 / 副词 / 语气副词 所规定的语法功能。""]","[""触发线索存在，但候选边界未覆盖完整构式。"",""局部槽位可定位，但至少一个必需槽位仅得到弱支持。""]","[""触发线索只出现在标题、编号、术语或元语言说明中。"",""必需槽位缺失，且上下文不能恢复目标结构或目标功能。""]","[""相同表层形式可能实现 副词 中的非目标功能。"",""相邻构式共享触发形式，但槽位关系或语法功能不同。""]","[""目标用例"",""边界问题"",""表层触发但非目标"",""结构缺槽"",""语义不兼容"",""其他具体构式"",""不确定/需复核""]","[""target_status"",""candidate_boundary"",""slot_status"",""structural_functional_status"",""licensed_evidence"",""runtime_evidence"",""rule_source_trace""]",^分明$,normalized_compiles,REF-GF0025-2021,258,GF0025-2021 PDF p.258,ocr_detected,verified_inventory,false,[],machine_compiled,source_anchored,not_claimed,static_audit_passed,machine_compiled_source_anchored_static_audited
DUV3-GF0025-2021-7_9-135-01,DiagnosticUnit,DPV3-GF0025-2021-7_9-135-01,DiagnosticProfile,RBV3-GF0025-2021-7_9-135-01,GF0025-2021-7_9-135,【七—九135】,7-9,135,词类,副词,语气副词,1,01,怪不得,,unsplit_official_entry,,DTV3-TAX-F383E272F5D1,taxonomy_instantiated,,0,structural_pattern,(?:怪不得),^怪不得$,fullmatch,normalized_legacy_regex,,"[""lexical_form"",""local_context"",""grammatical_function""]","[""候选包含与权威条目 【七—九135】 对齐的可定位触发线索。"",""候选满足模板槽位：lexical_form、local_context、grammatical_function。"",""候选按 structural_pattern 模式实现 词类 / 副词 / 语气副词 所规定的语法功能。""]","[""触发线索存在，但候选边界未覆盖完整构式。"",""局部槽位可定位，但至少一个必需槽位仅得到弱支持。""]","[""触发线索只出现在标题、编号、术语或元语言说明中。"",""必需槽位缺失，且上下文不能恢复目标结构或目标功能。""]","[""相同表层形式可能实现 副词 中的非目标功能。"",""相邻构式共享触发形式，但槽位关系或语法功能不同。""]","[""目标用例"",""边界问题"",""表层触发但非目标"",""结构缺槽"",""语义不兼容"",""其他具体构式"",""不确定/需复核""]","[""target_status"",""candidate_boundary"",""slot_status"",""structural_functional_status"",""licensed_evidence"",""runtime_evidence"",""rule_source_trace""]",^怪不得$,normalized_compiles,REF-GF0025-2021,258,GF0025-2021 PDF p.258,ocr_detected,verified_inventory,false,[],machine_compiled,source_anchored,not_claimed,static_audit_passed,machine_compiled_source_anchored_static_audited
DUV3-GF0025-2021-7_9-136-01,DiagnosticUnit,DPV3-GF0025-2021-7_9-136-01,DiagnosticProfile,RBV3-GF0025-2021-7_9-136-01,GF0025-2021-7_9-136,【七—九136】,7-9,136,词类,副词,语气副词,1,01,好在,,unsplit_official_entry,,DTV3-TAX-F383E272F5D1,taxonomy_instantiated,,0,structural_pattern,(?:好在),^好在$,fullmatch,normalized_legacy_regex,,"[""lexical_form"",""local_context"",""grammatical_function""]","[""候选包含与权威条目 【七—九136】 对齐的可定位触发线索。"",""候选满足模板槽位：lexical_form、local_context、grammatical_function。"",""候选按 structural_pattern 模式实现 词类 / 副词 / 语气副词 所规定的语法功能。""]","[""触发线索存在，但候选边界未覆盖完整构式。"",""局部槽位可定位，但至少一个必需槽位仅得到弱支持。""]","[""触发线索只出现在标题、编号、术语或元语言说明中。"",""必需槽位缺失，且上下文不能恢复目标结构或目标功能。""]","[""相同表层形式可能实现 副词 中的非目标功能。"",""相邻构式共享触发形式，但槽位关系或语法功能不同。""]","[""目标用例"",""边界问题"",""表层触发但非目标"",""结构缺槽"",""语义不兼容"",""其他具体构式"",""不确定/需复核""]","[""target_status"",""candidate_boundary"",""slot_status"",""structural_functional_status"",""licensed_evidence"",""runtime_evidence"",""rule_source_trace""]",^好在$,normalized_compiles,REF-GF0025-2021,258,GF0025-2021 PDF p.258,ocr_detected,verified_inventory,false,[],machine_compiled,source_anchored,not_claimed,static_audit_passed,machine_compiled_source_anchored_static_audited
DUV3-GF0025-2021-7_9-137-01,DiagnosticUnit,DPV3-GF0025-2021-7_9-137-01,DiagnosticProfile,RBV3-GF0025-2021-7_9-137-01,GF0025-2021-7_9-137,【七—九137】,7-9,137,词类,副词,语气副词,1,01,乃,,unsplit_official_entry,,DTV3-TAX-F383E272F5D1,taxonomy_instantiated,,0,structural_pattern,(?:乃),^乃$,fullmatch,normalized_legacy_regex,,"[""lexical_form"",""local_context"",""grammatical_function""]","[""候选包含与权威条目 【七—九137】 对齐的可定位触发线索。"",""候选满足模板槽位：lexical_form、local_context、grammatical_function。"",""候选按 structural_pattern 模式实现 词类 / 副词 / 语气副词 所规定的语法功能。""]","[""触发线索存在，但候选边界未覆盖完整构式。"",""局部槽位可定位，但至少一个必需槽位仅得到弱支持。""]","[""触发线索只出现在标题、编号、术语或元语言说明中。"",""必需槽位缺失，且上下文不能恢复目标结构或目标功能。""]","[""相同表层形式可能实现 副词 中的非目标功能。"",""相邻构式共享触发形式，但槽位关系或语法功能不同。""]","[""目标用例"",""边界问题"",""表层触发但非目标"",""结构缺槽"",""语义不兼容"",""其他具体构式"",""不确定/需复核""]","[""target_status"",""candidate_boundary"",""slot_status"",""structural_functional_status"",""licensed_evidence"",""runtime_evidence"",""rule_source_trace""]",^乃$,normalized_compiles,REF-GF0025-2021,258,GF0025-2021 PDF p.258,ocr_detected,verified_inventory,false,[],machine_compiled,source_anchored,not_claimed,static_audit_passed,machine_compiled_source_anchored_static_audited
DUV3-GF0025-2021-7_9-138-01,DiagnosticUnit,DPV3-GF0025-2021-7_9-138-01,DiagnosticProfile,RBV3-GF0025-2021-7_9-138-01,GF0025-2021-7_9-138,【七—九138】,7-9,138,词类,副词,语气副词,1,01,难怪,,unsplit_official_entry,,DTV3-TAX-F383E272F5D1,taxonomy_instantiated,,0,structural_pattern,(?:难怪),^难怪$,fullmatch,normalized_legacy_regex,,"[""lexical_form"",""local_context"",""grammatical_function""]","[""候选包含与权威条目 【七—九138】 对齐的可定位触发线索。"",""候选满足模板槽位：lexical_form、local_context、grammatical_function。"",""候选按 structural_pattern 模式实现 词类 / 副词 / 语气副词 所规定的语法功能。""]","[""触发线索存在，但候选边界未覆盖完整构式。"",""局部槽位可定位，但至少一个必需槽位仅得到弱支持。""]","[""触发线索只出现在标题、编号、术语或元语言说明中。"",""必需槽位缺失，且上下文不能恢复目标结构或目标功能。""]","[""相同表层形式可能实现 副词 中的非目标功能。"",""相邻构式共享触发形式，但槽位关系或语法功能不同。""]","[""目标用例"",""边界问题"",""表层触发但非目标"",""结构缺槽"",""语义不兼容"",""其他具体构式"",""不确定/需复核""]","[""target_status"",""candidate_boundary"",""slot_status"",""structural_functional_status"",""licensed_evidence"",""runtime_evidence"",""rule_source_trace""]",^难怪$,normalized_compiles,REF-GF0025-2021,258,GF0025-2021 PDF p.258,ocr_detected,verified_inventory,false,[],machine_compiled,source_anchored,not_claimed,static_audit_passed,machine_compiled_source_anchored_static_audited
DUV3-GF0025-2021-7_9-139-01,DiagnosticUnit,DPV3-GF0025-2021-7_9-139-01,DiagnosticProfile,RBV3-GF0025-2021-7_9-139-01,GF0025-2021-7_9-139,【七—九139】,7-9,139,词类,副词,语气副词,1,01,偏偏,,unsplit_official_entry,,DTV3-TAX-F383E272F5D1,taxonomy_instantiated,,0,structural_pattern,(?:偏偏),^偏偏$,fullmatch,normalized_legacy_regex,,"[""lexical_form"",""local_context"",""grammatical_function""]","[""候选包含与权威条目 【七—九139】 对齐的可定位触发线索。"",""候选满足模板槽位：lexical_form、local_context、grammatical_function。"",""候选按 structural_pattern 模式实现 词类 / 副词 / 语气副词 所规定的语法功能。""]","[""触发线索存在，但候选边界未覆盖完整构式。"",""局部槽位可定位，但至少一个必需槽位仅得到弱支持。""]","[""触发线索只出现在标题、编号、术语或元语言说明中。"",""必需槽位缺失，且上下文不能恢复目标结构或目标功能。""]","[""相同表层形式可能实现 副词 中的非目标功能。"",""相邻构式共享触发形式，但槽位关系或语法功能不同。""]","[""目标用例"",""边界问题"",""表层触发但非目标"",""结构缺槽"",""语义不兼容"",""其他具体构式"",""不确定/需复核""]","[""target_status"",""candidate_boundary"",""slot_status"",""structural_functional_status"",""licensed_evidence"",""runtime_evidence"",""rule_source_trace""]",^偏偏$,normalized_compiles,REF-GF0025-2021,258,GF0025-2021 PDF p.258,ocr_detected,verified_inventory,false,[],machine_compiled,source_anchored,not_claimed,static_audit_passed,machine_compiled_source_anchored_static_audited
DUV3-GF0025-2021-7_9-140-01,DiagnosticUnit,DPV3-GF0025-2021-7_9-140-01,DiagnosticProfile,RBV3-GF0025-2021-7_9-140-01,GF0025-2021-7_9-140,【七—九140】,7-9,140,词类,副词,语气副词,1,01,索性,,unsplit_official_entry,,DTV3-TAX-F383E272F5D1,taxonomy_instantiated,,0,structural_pattern,(?:索性),^索性$,fullmatch,normalized_legacy_regex,,"[""lexical_form"",""local_context"",""grammatical_function""]","[""候选包含与权威条目 【七—九140】 对齐的可定位触发线索。"",""候选满足模板槽位：lexical_form、local_context、grammatical_function。"",""候选按 structural_pattern 模式实现 词类 / 副词 / 语气副词 所规定的语法功能。""]","[""触发线索存在，但候选边界未覆盖完整构式。"",""局部槽位可定位，但至少一个必需槽位仅得到弱支持。""]","[""触发线索只出现在标题、编号、术语或元语言说明中。"",""必需槽位缺失，且上下文不能恢复目标结构或目标功能。""]","[""相同表层形式可能实现 副词 中的非目标功能。"",""相邻构式共享触发形式，但槽位关系或语法功能不同。""]","[""目标用例"",""边界问题"",""表层触发但非目标"",""结构缺槽"",""语义不兼容"",""其他具体构式"",""不确定/需复核""]","[""target_status"",""candidate_boundary"",""slot_status"",""structural_functional_status"",""licensed_evidence"",""runtime_evidence"",""rule_source_trace""]",^索性$,normalized_compiles,REF-GF0025-2021,258,GF0025-2021 PDF p.258,ocr_detected,verified_inventory,false,[],machine_compiled,source_anchored,not_claimed,static_audit_passed,machine_compiled_source_anchored_static_audited
DUV3-GF0025-2021-7_9-141-01,DiagnosticUnit,DPV3-GF0025-2021-7_9-141-01,DiagnosticProfile,RBV3-GF0025-2021-7_9-141-01,GF0025-2021-7_9-141,【七—九141】,7-9,141,词类,副词,语气副词,1,01,万万,,unsplit_official_entry,,DTV3-TAX-F383E272F5D1,taxonomy_instantiated,,0,structural_pattern,(?:万万),^万万$,fullmatch,normalized_legacy_regex,,"[""lexical_form"",""local_context"",""grammatical_function""]","[""候选包含与权威条目 【七—九141】 对齐的可定位触发线索。"",""候选满足模板槽位：lexical_form、local_context、grammatical_function。"",""候选按 structural_pattern 模式实现 词类 / 副词 / 语气副词 所规定的语法功能。""]","[""触发线索存在，但候选边界未覆盖完整构式。"",""局部槽位可定位，但至少一个必需槽位仅得到弱支持。""]","[""触发线索只出现在标题、编号、术语或元语言说明中。"",""必需槽位缺失，且上下文不能恢复目标结构或目标功能。""]","[""相同表层形式可能实现 副词 中的非目标功能。"",""相邻构式共享触发形式，但槽位关系或语法功能不同。""]","[""目标用例"",""边界问题"",""表层触发但非目标"",""结构缺槽"",""语义不兼容"",""其他具体构式"",""不确定/需复核""]","[""target_status"",""candidate_boundary"",""slot_status"",""structural_functional_status"",""licensed_evidence"",""runtime_evidence"",""rule_source_trace""]",^万万$,normalized_compiles,REF-GF0025-2021,258,GF0025-2021 PDF p.258,ocr_detected,verified_inventory,false,[],machine_compiled,source_anchored,not_claimed,static_audit_passed,machine_compiled_source_anchored_static_audited
DUV3-GF0025-2021-7_9-142-01,DiagnosticUnit,DPV3-GF0025-2021-7_9-142-01,DiagnosticProfile,RBV3-GF0025-2021-7_9-142-01,GF0025-2021-7_9-142,【七—九142】,7-9,142,词类,副词,语气副词,1,01,未免,,unsplit_official_entry,,DTV3-TAX-F383E272F5D1,taxonomy_instantiated,,0,structural_pattern,(?:未免),^未免$,fullmatch,normalized_legacy_regex,,"[""lexical_form"",""local_context"",""grammatical_function""]","[""候选包含与权威条目 【七—九142】 对齐的可定位触发线索。"",""候选满足模板槽位：lexical_form、local_context、grammatical_function。"",""候选按 structural_pattern 模式实现 词类 / 副词 / 语气副词 所规定的语法功能。""]","[""触发线索存在，但候选边界未覆盖完整构式。"",""局部槽位可定位，但至少一个必需槽位仅得到弱支持。""]","[""触发线索只出现在标题、编号、术语或元语言说明中。"",""必需槽位缺失，且上下文不能恢复目标结构或目标功能。""]","[""相同表层形式可能实现 副词 中的非目标功能。"",""相邻构式共享触发形式，但槽位关系或语法功能不同。""]","[""目标用例"",""边界问题"",""表层触发但非目标"",""结构缺槽"",""语义不兼容"",""其他具体构式"",""不确定/需复核""]","[""target_status"",""candidate_boundary"",""slot_status"",""structural_functional_status"",""licensed_evidence"",""runtime_evidence"",""rule_source_trace""]",^未免$,normalized_compiles,REF-GF0025-2021,258,GF0025-2021 PDF p.258,ocr_detected,verified_inventory,false,[],machine_compiled,source_anchored,not_claimed,static_audit_passed,machine_compiled_source_anchored_static_audited
DUV3-GF0025-2021-7_9-143-01,DiagnosticUnit,DPV3-GF0025-2021-7_9-143-01,DiagnosticProfile,RBV3-GF0025-2021-7_9-143-01,GF0025-2021-7_9-143,【七—九143】,7-9,143,词类,副词,语气副词,1,01,无非,,unsplit_official_entry,,DTV3-TAX-F383E272F5D1,taxonomy_instantiated,,0,structural_pattern,(?:无非),^无非$,fullmatch,normalized_legacy_regex,,"[""lexical_form"",""local_context"",""grammatical_function""]","[""候选包含与权威条目 【七—九143】 对齐的可定位触发线索。"",""候选满足模板槽位：lexical_form、local_context、grammatical_function。"",""候选按 structural_pattern 模式实现 词类 / 副词 / 语气副词 所规定的语法功能。""]","[""触发线索存在，但候选边界未覆盖完整构式。"",""局部槽位可定位，但至少一个必需槽位仅得到弱支持。""]","[""触发线索只出现在标题、编号、术语或元语言说明中。"",""必需槽位缺失，且上下文不能恢复目标结构或目标功能。""]","[""相同表层形式可能实现 副词 中的非目标功能。"",""相邻构式共享触发形式，但槽位关系或语法功能不同。""]","[""目标用例"",""边界问题"",""表层触发但非目标"",""结构缺槽"",""语义不兼容"",""其他具体构式"",""不确定/需复核""]","[""target_status"",""candidate_boundary"",""slot_status"",""structural_functional_status"",""licensed_evidence"",""runtime_evidence"",""rule_source_trace""]",^无非$,normalized_compiles,REF-GF0025-2021,259,GF0025-2021 PDF p.259,ocr_detected,verified_inventory,false,[],machine_compiled,source_anchored,not_claimed,static_audit_passed,machine_compiled_source_anchored_static_audited
DUV3-GF0025-2021-7_9-144-01,DiagnosticUnit,DPV3-GF0025-2021-7_9-144-01,DiagnosticProfile,RBV3-GF0025-2021-7_9-144-01,GF0025-2021-7_9-144,【七—九144】,7-9,144,词类,副词,语气副词,1,01,幸好,,unsplit_official_entry,,DTV3-TAX-F383E272F5D1,taxonomy_instantiated,,0,structural_pattern,(?:幸好),^幸好$,fullmatch,normalized_legacy_regex,,"[""lexical_form"",""local_context"",""grammatical_function""]","[""候选包含与权威条目 【七—九144】 对齐的可定位触发线索。"",""候选满足模板槽位：lexical_form、local_context、grammatical_function。"",""候选按 structural_pattern 模式实现 词类 / 副词 / 语气副词 所规定的语法功能。""]","[""触发线索存在，但候选边界未覆盖完整构式。"",""局部槽位可定位，但至少一个必需槽位仅得到弱支持。""]","[""触发线索只出现在标题、编号、术语或元语言说明中。"",""必需槽位缺失，且上下文不能恢复目标结构或目标功能。""]","[""相同表层形式可能实现 副词 中的非目标功能。"",""相邻构式共享触发形式，但槽位关系或语法功能不同。""]","[""目标用例"",""边界问题"",""表层触发但非目标"",""结构缺槽"",""语义不兼容"",""其他具体构式"",""不确定/需复核""]","[""target_status"",""candidate_boundary"",""slot_status"",""structural_functional_status"",""licensed_evidence"",""runtime_evidence"",""rule_source_trace""]",^幸好$,normalized_compiles,REF-GF0025-2021,259,GF0025-2021 PDF p.259,ocr_detected,verified_inventory,false,[],machine_compiled,source_anchored,not_claimed,static_audit_passed,machine_compiled_source_anchored_static_audited
DUV3-GF0025-2021-7_9-145-01,DiagnosticUnit,DPV3-GF0025-2021-7_9-145-01,DiagnosticProfile,RBV3-GF0025-2021-7_9-145-01,GF0025-2021-7_9-145,【七—九145】,7-9,145,词类,副词,语气副词,1,01,幸亏,,unsplit_official_entry,,DTV3-TAX-F383E272F5D1,taxonomy_instantiated,,0,structural_pattern,(?:幸亏),^幸亏$,fullmatch,normalized_legacy_regex,,"[""lexical_form"",""local_context"",""grammatical_function""]","[""候选包含与权威条目 【七—九145】 对齐的可定位触发线索。"",""候选满足模板槽位：lexical_form、local_context、grammatical_function。"",""候选按 structural_pattern 模式实现 词类 / 副词 / 语气副词 所规定的语法功能。""]","[""触发线索存在，但候选边界未覆盖完整构式。"",""局部槽位可定位，但至少一个必需槽位仅得到弱支持。""]","[""触发线索只出现在标题、编号、术语或元语言说明中。"",""必需槽位缺失，且上下文不能恢复目标结构或目标功能。""]","[""相同表层形式可能实现 副词 中的非目标功能。"",""相邻构式共享触发形式，但槽位关系或语法功能不同。""]","[""目标用例"",""边界问题"",""表层触发但非目标"",""结构缺槽"",""语义不兼容"",""其他具体构式"",""不确定/需复核""]","[""target_status"",""candidate_boundary"",""slot_status"",""structural_functional_status"",""licensed_evidence"",""runtime_evidence"",""rule_source_trace""]",^幸亏$,normalized_compiles,REF-GF0025-2021,259,GF0025-2021 PDF p.259,ocr_detected,verified_inventory,false,[],machine_compiled,source_anchored,not_claimed,static_audit_passed,machine_compiled_source_anchored_static_audited
DUV3-GF0025-2021-7_9-146-01,DiagnosticUnit,DPV3-GF0025-2021-7_9-146-01,DiagnosticProfile,RBV3-GF0025-2021-7_9-146-01,GF0025-2021-7_9-146,【七—九146】,7-9,146,词类,副词,语气副词,1,01,终究,,unsplit_official_entry,,DTV3-TAX-F383E272F5D1,taxonomy_instantiated,,0,structural_pattern,(?:终究),^终究$,fullmatch,normalized_legacy_regex,,"[""lexical_form"",""local_context"",""grammatical_function""]","[""候选包含与权威条目 【七—九146】 对齐的可定位触发线索。"",""候选满足模板槽位：lexical_form、local_context、grammatical_function。"",""候选按 structural_pattern 模式实现 词类 / 副词 / 语气副词 所规定的语法功能。""]","[""触发线索存在，但候选边界未覆盖完整构式。"",""局部槽位可定位，但至少一个必需槽位仅得到弱支持。""]","[""触发线索只出现在标题、编号、术语或元语言说明中。"",""必需槽位缺失，且上下文不能恢复目标结构或目标功能。""]","[""相同表层形式可能实现 副词 中的非目标功能。"",""相邻构式共享触发形式，但槽位关系或语法功能不同。""]","[""目标用例"",""边界问题"",""表层触发但非目标"",""结构缺槽"",""语义不兼容"",""其他具体构式"",""不确定/需复核""]","[""target_status"",""candidate_boundary"",""slot_status"",""structural_functional_status"",""licensed_evidence"",""runtime_evidence"",""rule_source_trace""]",^终究$,normalized_compiles,REF-GF0025-2021,259,GF0025-2021 PDF p.259,ocr_detected,verified_inventory,false,[],machine_compiled,source_anchored,not_claimed,static_audit_passed,machine_compiled_source_anchored_static_audited
DUV3-GF0025-2021-7_9-147-01,DiagnosticUnit,DPV3-GF0025-2021-7_9-147-01,DiagnosticProfile,RBV3-GF0025-2021-7_9-147-01,GF0025-2021-7_9-147,【七—九147】,7-9,147,词类,助词,语气助词,1,01,而已,,unsplit_official_entry,,DTV3-TAX-11D0BEC5BF9A,taxonomy_instantiated,,0,structural_pattern,(?:而已),^而已$,fullmatch,normalized_legacy_regex,,"[""lexical_form"",""local_context"",""grammatical_function""]","[""候选包含与权威条目 【七—九147】 对齐的可定位触发线索。"",""候选满足模板槽位：lexical_form、local_context、grammatical_function。"",""候选按 structural_pattern 模式实现 词类 / 助词 / 语气助词 所规定的语法功能。""]","[""触发线索存在，但候选边界未覆盖完整构式。"",""局部槽位可定位，但至少一个必需槽位仅得到弱支持。""]","[""触发线索只出现在标题、编号、术语或元语言说明中。"",""必需槽位缺失，且上下文不能恢复目标结构或目标功能。""]","[""相同表层形式可能实现 助词 中的非目标功能。"",""相邻构式共享触发形式，但槽位关系或语法功能不同。""]","[""目标用例"",""边界问题"",""表层触发但非目标"",""结构缺槽"",""语义不兼容"",""其他具体构式"",""不确定/需复核""]","[""target_status"",""candidate_boundary"",""slot_status"",""structural_functional_status"",""licensed_evidence"",""runtime_evidence"",""rule_source_trace""]",^而已$,normalized_compiles,REF-GF0025-2021,259,GF0025-2021 PDF p.259,ocr_detected,verified_inventory,false,[],machine_compiled,source_anchored,not_claimed,static_audit_passed,machine_compiled_source_anchored_static_audited
DUV3-GF0025-2021-7_9-148-01,DiagnosticUnit,DPV3-GF0025-2021-7_9-148-01,DiagnosticProfile,RBV3-GF0025-2021-7_9-148-01,GF0025-2021-7_9-148,【七—九148】,7-9,148,词类,助词,语气助词,1,01,矣,,unsplit_official_entry,,DTV3-TAX-11D0BEC5BF9A,taxonomy_instantiated,,0,structural_pattern,(?:矣),^矣$,fullmatch,normalized_legacy_regex,,"[""lexical_form"",""local_context"",""grammatical_function""]","[""候选包含与权威条目 【七—九148】 对齐的可定位触发线索。"",""候选满足模板槽位：lexical_form、local_context、grammatical_function。"",""候选按 structural_pattern 模式实现 词类 / 助词 / 语气助词 所规定的语法功能。""]","[""触发线索存在，但候选边界未覆盖完整构式。"",""局部槽位可定位，但至少一个必需槽位仅得到弱支持。""]","[""触发线索只出现在标题、编号、术语或元语言说明中。"",""必需槽位缺失，且上下文不能恢复目标结构或目标功能。""]","[""相同表层形式可能实现 助词 中的非目标功能。"",""相邻构式共享触发形式，但槽位关系或语法功能不同。""]","[""目标用例"",""边界问题"",""表层触发但非目标"",""结构缺槽"",""语义不兼容"",""其他具体构式"",""不确定/需复核""]","[""target_status"",""candidate_boundary"",""slot_status"",""structural_functional_status"",""licensed_evidence"",""runtime_evidence"",""rule_source_trace""]",^矣$,normalized_compiles,REF-GF0025-2021,259,GF0025-2021 PDF p.259,ocr_detected,verified_inventory,false,[],machine_compiled,source_anchored,not_claimed,static_audit_passed,machine_compiled_source_anchored_static_audited
