standard_point_id,official_label,standard_code,level,level_label,level_ordinal,category,subcategory,section_item,source_id,source_file_sha256,source_pdf_page,page_anchor,page_anchor_status,authority_status,legacy_workbook_no,legacy_regex_status,runtime_status,evaluation_status
GF0025-2021-1-001,【一01】,GF 0025—2021 Appendix A,1,一级,1,词类,名词,方位名词,REF-GF0025-2021,1b5e95de7216a22388709b1008569cd1f28c95737d73cecd6d3ebdc8e6278f2d,176,GF0025-2021 PDF p.176,ocr_detected,verified_inventory,1,draft_unreviewed,not_promoted,outside_current_37_label_claim_unless_crosswalked
GF0025-2021-1-002,【一02】,GF 0025—2021 Appendix A,1,一级,2,词类,动词,能愿动词,REF-GF0025-2021,1b5e95de7216a22388709b1008569cd1f28c95737d73cecd6d3ebdc8e6278f2d,176,GF0025-2021 PDF p.176,ocr_detected,verified_inventory,2,draft_unreviewed,not_promoted,outside_current_37_label_claim_unless_crosswalked
GF0025-2021-1-003,【一03】,GF 0025—2021 Appendix A,1,一级,3,词类,动词,能愿动词,REF-GF0025-2021,1b5e95de7216a22388709b1008569cd1f28c95737d73cecd6d3ebdc8e6278f2d,176,GF0025-2021 PDF p.176,ocr_detected,verified_inventory,3,draft_unreviewed,not_promoted,outside_current_37_label_claim_unless_crosswalked
GF0025-2021-1-004,【一04】,GF 0025—2021 Appendix A,1,一级,4,词类,代词,疑问代词,REF-GF0025-2021,1b5e95de7216a22388709b1008569cd1f28c95737d73cecd6d3ebdc8e6278f2d,176,GF0025-2021 PDF p.176,ocr_detected,verified_inventory,4,draft_unreviewed,not_promoted,outside_current_37_label_claim_unless_crosswalked
GF0025-2021-1-005,【一05】,GF 0025—2021 Appendix A,1,一级,5,词类,代词,人称代词,REF-GF0025-2021,1b5e95de7216a22388709b1008569cd1f28c95737d73cecd6d3ebdc8e6278f2d,177,GF0025-2021 PDF p.177,ocr_detected,verified_inventory,5,draft_unreviewed,not_promoted,outside_current_37_label_claim_unless_crosswalked
GF0025-2021-1-006,【一06】,GF 0025—2021 Appendix A,1,一级,6,词类,代词,指示代词,REF-GF0025-2021,1b5e95de7216a22388709b1008569cd1f28c95737d73cecd6d3ebdc8e6278f2d,177,GF0025-2021 PDF p.177,ocr_detected,verified_inventory,6,draft_unreviewed,not_promoted,outside_current_37_label_claim_unless_crosswalked
GF0025-2021-1-007,【一07】,GF 0025—2021 Appendix A,1,一级,7,词类,数词,,REF-GF0025-2021,1b5e95de7216a22388709b1008569cd1f28c95737d73cecd6d3ebdc8e6278f2d,177,GF0025-2021 PDF p.177,ocr_detected,verified_inventory,7,draft_unreviewed,not_promoted,outside_current_37_label_claim_unless_crosswalked
GF0025-2021-1-008,【一08】,GF 0025—2021 Appendix A,1,一级,8,词类,量词,名量词,REF-GF0025-2021,1b5e95de7216a22388709b1008569cd1f28c95737d73cecd6d3ebdc8e6278f2d,177,GF0025-2021 PDF p.177,ocr_detected,verified_inventory,8,draft_unreviewed,not_promoted,outside_current_37_label_claim_unless_crosswalked
GF0025-2021-1-009,【一09】,GF 0025—2021 Appendix A,1,一级,9,词类,副词,程度副词,REF-GF0025-2021,1b5e95de7216a22388709b1008569cd1f28c95737d73cecd6d3ebdc8e6278f2d,177,GF0025-2021 PDF p.177,ocr_detected,verified_inventory,9,draft_unreviewed,not_promoted,outside_current_37_label_claim_unless_crosswalked
GF0025-2021-1-010,【一10】,GF 0025—2021 Appendix A,1,一级,10,词类,副词,范围、协同副词,REF-GF0025-2021,1b5e95de7216a22388709b1008569cd1f28c95737d73cecd6d3ebdc8e6278f2d,,GF0025-2021 PDF pp.176–259,appendix_span_verified,verified_inventory,10,draft_unreviewed,not_promoted,outside_current_37_label_claim_unless_crosswalked
GF0025-2021-1-011,【一11】,GF 0025—2021 Appendix A,1,一级,11,词类,副词,时间副词,REF-GF0025-2021,1b5e95de7216a22388709b1008569cd1f28c95737d73cecd6d3ebdc8e6278f2d,178,GF0025-2021 PDF p.178,ocr_detected,verified_inventory,11,draft_unreviewed,not_promoted,outside_current_37_label_claim_unless_crosswalked
GF0025-2021-1-012,【一12】,GF 0025—2021 Appendix A,1,一级,12,词类,副词,频率、重复副词,REF-GF0025-2021,1b5e95de7216a22388709b1008569cd1f28c95737d73cecd6d3ebdc8e6278f2d,178,GF0025-2021 PDF p.178,ocr_detected,verified_inventory,12,draft_unreviewed,not_promoted,outside_current_37_label_claim_unless_crosswalked
GF0025-2021-1-013,【一13】,GF 0025—2021 Appendix A,1,一级,13,词类,副词,关联副词,REF-GF0025-2021,1b5e95de7216a22388709b1008569cd1f28c95737d73cecd6d3ebdc8e6278f2d,178,GF0025-2021 PDF p.178,ocr_detected,verified_inventory,13,draft_unreviewed,not_promoted,outside_current_37_label_claim_unless_crosswalked
GF0025-2021-1-014,【一14】,GF 0025—2021 Appendix A,1,一级,14,词类,副词,否定副词,REF-GF0025-2021,1b5e95de7216a22388709b1008569cd1f28c95737d73cecd6d3ebdc8e6278f2d,,GF0025-2021 PDF pp.176–259,appendix_span_verified,verified_inventory,14,draft_unreviewed,not_promoted,outside_current_37_label_claim_unless_crosswalked
GF0025-2021-1-015,【一15】,GF 0025—2021 Appendix A,1,一级,15,词类,介词,引出时间、处所,REF-GF0025-2021,1b5e95de7216a22388709b1008569cd1f28c95737d73cecd6d3ebdc8e6278f2d,,GF0025-2021 PDF pp.176–259,appendix_span_verified,verified_inventory,15,draft_unreviewed,not_promoted,outside_current_37_label_claim_unless_crosswalked
GF0025-2021-1-016,【一16】,GF 0025—2021 Appendix A,1,一级,16,词类,介词,引出时间、处所,REF-GF0025-2021,1b5e95de7216a22388709b1008569cd1f28c95737d73cecd6d3ebdc8e6278f2d,178,GF0025-2021 PDF p.178,ocr_detected,verified_inventory,16,draft_unreviewed,not_promoted,outside_current_37_label_claim_unless_crosswalked
GF0025-2021-1-017,【一17】,GF 0025—2021 Appendix A,1,一级,17,词类,介词,引出对象,REF-GF0025-2021,1b5e95de7216a22388709b1008569cd1f28c95737d73cecd6d3ebdc8e6278f2d,178,GF0025-2021 PDF p.178,ocr_detected,verified_inventory,17,draft_unreviewed,not_promoted,outside_current_37_label_claim_unless_crosswalked
GF0025-2021-1-018,【一18】,GF 0025—2021 Appendix A,1,一级,18,词类,介词,引出对象,REF-GF0025-2021,1b5e95de7216a22388709b1008569cd1f28c95737d73cecd6d3ebdc8e6278f2d,179,GF0025-2021 PDF p.179,ocr_detected,verified_inventory,18,draft_unreviewed,not_promoted,outside_current_37_label_claim_unless_crosswalked
GF0025-2021-1-019,【一19】,GF 0025—2021 Appendix A,1,一级,19,词类,连词,连接词或词组,REF-GF0025-2021,1b5e95de7216a22388709b1008569cd1f28c95737d73cecd6d3ebdc8e6278f2d,179,GF0025-2021 PDF p.179,ocr_detected,verified_inventory,19,draft_unreviewed,not_promoted,outside_current_37_label_claim_unless_crosswalked
GF0025-2021-1-020,【一20】,GF 0025—2021 Appendix A,1,一级,20,词类,助词,结构助词,REF-GF0025-2021,1b5e95de7216a22388709b1008569cd1f28c95737d73cecd6d3ebdc8e6278f2d,179,GF0025-2021 PDF p.179,ocr_detected,verified_inventory,20,draft_unreviewed,not_promoted,outside_current_37_label_claim_unless_crosswalked
GF0025-2021-1-021,【一21】,GF 0025—2021 Appendix A,1,一级,21,词类,助词,动态助词,REF-GF0025-2021,1b5e95de7216a22388709b1008569cd1f28c95737d73cecd6d3ebdc8e6278f2d,179,GF0025-2021 PDF p.179,ocr_detected,verified_inventory,21,draft_unreviewed,not_promoted,outside_current_37_label_claim_unless_crosswalked
GF0025-2021-1-022,【一22】,GF 0025—2021 Appendix A,1,一级,22,词类,助词,语气助词,REF-GF0025-2021,1b5e95de7216a22388709b1008569cd1f28c95737d73cecd6d3ebdc8e6278f2d,179,GF0025-2021 PDF p.179,ocr_detected,verified_inventory,22,draft_unreviewed,not_promoted,outside_current_37_label_claim_unless_crosswalked
GF0025-2021-1-023,【一23】,GF 0025—2021 Appendix A,1,一级,23,短语,结构类型,其他结构类型,REF-GF0025-2021,1b5e95de7216a22388709b1008569cd1f28c95737d73cecd6d3ebdc8e6278f2d,179,GF0025-2021 PDF p.179,ocr_detected,verified_inventory,23,draft_unreviewed,not_promoted,outside_current_37_label_claim_unless_crosswalked
GF0025-2021-1-024,【一24】,GF 0025—2021 Appendix A,1,一级,24,句子成分,主语,,REF-GF0025-2021,1b5e95de7216a22388709b1008569cd1f28c95737d73cecd6d3ebdc8e6278f2d,179,GF0025-2021 PDF p.179,ocr_detected,verified_inventory,24,not_available,not_promoted,outside_current_37_label_claim_unless_crosswalked
GF0025-2021-1-025,【一25】,GF 0025—2021 Appendix A,1,一级,25,句子成分,谓语,,REF-GF0025-2021,1b5e95de7216a22388709b1008569cd1f28c95737d73cecd6d3ebdc8e6278f2d,180,GF0025-2021 PDF p.180,ocr_detected,verified_inventory,25,not_available,not_promoted,outside_current_37_label_claim_unless_crosswalked
GF0025-2021-1-026,【一26】,GF 0025—2021 Appendix A,1,一级,26,句子成分,宾语,,REF-GF0025-2021,1b5e95de7216a22388709b1008569cd1f28c95737d73cecd6d3ebdc8e6278f2d,180,GF0025-2021 PDF p.180,ocr_detected,verified_inventory,26,not_available,not_promoted,outside_current_37_label_claim_unless_crosswalked
GF0025-2021-1-027,【一27】,GF 0025—2021 Appendix A,1,一级,27,句子成分,定语,,REF-GF0025-2021,1b5e95de7216a22388709b1008569cd1f28c95737d73cecd6d3ebdc8e6278f2d,180,GF0025-2021 PDF p.180,ocr_detected,verified_inventory,27,not_available,not_promoted,outside_current_37_label_claim_unless_crosswalked
GF0025-2021-1-028,【一28】,GF 0025—2021 Appendix A,1,一级,28,句子成分,状语,,REF-GF0025-2021,1b5e95de7216a22388709b1008569cd1f28c95737d73cecd6d3ebdc8e6278f2d,180,GF0025-2021 PDF p.180,ocr_detected,verified_inventory,28,not_available,not_promoted,outside_current_37_label_claim_unless_crosswalked
GF0025-2021-1-029,【一29】,GF 0025—2021 Appendix A,1,一级,29,句子的类型,句型,单句,REF-GF0025-2021,1b5e95de7216a22388709b1008569cd1f28c95737d73cecd6d3ebdc8e6278f2d,180,GF0025-2021 PDF p.180,ocr_detected,verified_inventory,29,not_available,not_promoted,outside_current_37_label_claim_unless_crosswalked
GF0025-2021-1-030,【一30】,GF 0025—2021 Appendix A,1,一级,30,句子的类型,句型,单句,REF-GF0025-2021,1b5e95de7216a22388709b1008569cd1f28c95737d73cecd6d3ebdc8e6278f2d,181,GF0025-2021 PDF p.181,ocr_detected,verified_inventory,30,not_available,not_promoted,outside_current_37_label_claim_unless_crosswalked
GF0025-2021-1-031,【一31】,GF 0025—2021 Appendix A,1,一级,31,句子的类型,句型,单句,REF-GF0025-2021,1b5e95de7216a22388709b1008569cd1f28c95737d73cecd6d3ebdc8e6278f2d,,GF0025-2021 PDF pp.176–259,appendix_span_verified,verified_inventory,31,not_available,not_promoted,outside_current_37_label_claim_unless_crosswalked
GF0025-2021-1-032,【一32】,GF 0025—2021 Appendix A,1,一级,32,句子的类型,句类,陈述句,REF-GF0025-2021,1b5e95de7216a22388709b1008569cd1f28c95737d73cecd6d3ebdc8e6278f2d,181,GF0025-2021 PDF p.181,ocr_detected,verified_inventory,32,draft_unreviewed,not_promoted,outside_current_37_label_claim_unless_crosswalked
GF0025-2021-1-033,【一33】,GF 0025—2021 Appendix A,1,一级,33,句子的类型,句类,疑问句,REF-GF0025-2021,1b5e95de7216a22388709b1008569cd1f28c95737d73cecd6d3ebdc8e6278f2d,181,GF0025-2021 PDF p.181,ocr_detected,verified_inventory,33,draft_unreviewed,not_promoted,outside_current_37_label_claim_unless_crosswalked
GF0025-2021-1-034,【一34】,GF 0025—2021 Appendix A,1,一级,34,句子的类型,句类,祈使句,REF-GF0025-2021,1b5e95de7216a22388709b1008569cd1f28c95737d73cecd6d3ebdc8e6278f2d,181,GF0025-2021 PDF p.181,ocr_detected,verified_inventory,34,draft_unreviewed,not_promoted,outside_current_37_label_claim_unless_crosswalked
GF0025-2021-1-035,【一35】,GF 0025—2021 Appendix A,1,一级,35,句子的类型,句类,感叹句,REF-GF0025-2021,1b5e95de7216a22388709b1008569cd1f28c95737d73cecd6d3ebdc8e6278f2d,181,GF0025-2021 PDF p.181,ocr_detected,verified_inventory,35,draft_unreviewed,not_promoted,outside_current_37_label_claim_unless_crosswalked
GF0025-2021-1-036,【一36】,GF 0025—2021 Appendix A,1,一级,36,句子的类型,特殊句型,“是”字句,REF-GF0025-2021,1b5e95de7216a22388709b1008569cd1f28c95737d73cecd6d3ebdc8e6278f2d,182,GF0025-2021 PDF p.182,ocr_detected,verified_inventory,36,not_available,not_promoted,outside_current_37_label_claim_unless_crosswalked
GF0025-2021-1-037,【一37】,GF 0025—2021 Appendix A,1,一级,37,句子的类型,特殊句型,“有”字句,REF-GF0025-2021,1b5e95de7216a22388709b1008569cd1f28c95737d73cecd6d3ebdc8e6278f2d,182,GF0025-2021 PDF p.182,ocr_detected,verified_inventory,37,not_available,not_promoted,outside_current_37_label_claim_unless_crosswalked
GF0025-2021-1-038,【一38】,GF 0025—2021 Appendix A,1,一级,38,句子的类型,特殊句型,比较句,REF-GF0025-2021,1b5e95de7216a22388709b1008569cd1f28c95737d73cecd6d3ebdc8e6278f2d,182,GF0025-2021 PDF p.182,ocr_detected,verified_inventory,38,not_available,not_promoted,outside_current_37_label_claim_unless_crosswalked
GF0025-2021-1-039,【一39】,GF 0025—2021 Appendix A,1,一级,39,句子的类型,复句,并列复句,REF-GF0025-2021,1b5e95de7216a22388709b1008569cd1f28c95737d73cecd6d3ebdc8e6278f2d,,GF0025-2021 PDF pp.176–259,appendix_span_verified,verified_inventory,39,draft_unreviewed,not_promoted,outside_current_37_label_claim_unless_crosswalked
GF0025-2021-1-040,【一40】,GF 0025—2021 Appendix A,1,一级,40,动作的态,动作的态,变化态,REF-GF0025-2021,1b5e95de7216a22388709b1008569cd1f28c95737d73cecd6d3ebdc8e6278f2d,183,GF0025-2021 PDF p.183,ocr_detected,verified_inventory,40,draft_unreviewed,not_promoted,outside_current_37_label_claim_unless_crosswalked
GF0025-2021-1-041,【一41】,GF 0025—2021 Appendix A,1,一级,41,动作的态,动作的态,完成态,REF-GF0025-2021,1b5e95de7216a22388709b1008569cd1f28c95737d73cecd6d3ebdc8e6278f2d,183,GF0025-2021 PDF p.183,ocr_detected,verified_inventory,41,draft_unreviewed,not_promoted,outside_current_37_label_claim_unless_crosswalked
GF0025-2021-1-042,【一42】,GF 0025—2021 Appendix A,1,一级,42,动作的态,动作的态,进行态,REF-GF0025-2021,1b5e95de7216a22388709b1008569cd1f28c95737d73cecd6d3ebdc8e6278f2d,183,GF0025-2021 PDF p.183,ocr_detected,verified_inventory,42,not_available,not_promoted,outside_current_37_label_claim_unless_crosswalked
GF0025-2021-1-043,【一43】,GF 0025—2021 Appendix A,1,一级,43,特殊表达法,数的表示法,,REF-GF0025-2021,1b5e95de7216a22388709b1008569cd1f28c95737d73cecd6d3ebdc8e6278f2d,183,GF0025-2021 PDF p.183,ocr_detected,verified_inventory,43,not_available,not_promoted,outside_current_37_label_claim_unless_crosswalked
GF0025-2021-1-044,【一44】,GF 0025—2021 Appendix A,1,一级,44,特殊表达法,时间表示法,,REF-GF0025-2021,1b5e95de7216a22388709b1008569cd1f28c95737d73cecd6d3ebdc8e6278f2d,184,GF0025-2021 PDF p.184,ocr_detected,verified_inventory,44,draft_unreviewed,not_promoted,outside_current_37_label_claim_unless_crosswalked
GF0025-2021-1-045,【一45】,GF 0025—2021 Appendix A,1,一级,45,提问的方法,未细分,,REF-GF0025-2021,1b5e95de7216a22388709b1008569cd1f28c95737d73cecd6d3ebdc8e6278f2d,184,GF0025-2021 PDF p.184,ocr_detected,verified_inventory,45,draft_unreviewed,not_promoted,outside_current_37_label_claim_unless_crosswalked
GF0025-2021-1-046,【一46】,GF 0025—2021 Appendix A,1,一级,46,提问的方法,未细分,,REF-GF0025-2021,1b5e95de7216a22388709b1008569cd1f28c95737d73cecd6d3ebdc8e6278f2d,184,GF0025-2021 PDF p.184,ocr_detected,verified_inventory,46,draft_unreviewed,not_promoted,outside_current_37_label_claim_unless_crosswalked
GF0025-2021-1-047,【一47】,GF 0025—2021 Appendix A,1,一级,47,提问的方法,未细分,,REF-GF0025-2021,1b5e95de7216a22388709b1008569cd1f28c95737d73cecd6d3ebdc8e6278f2d,184,GF0025-2021 PDF p.184,ocr_detected,verified_inventory,47,draft_unreviewed,not_promoted,outside_current_37_label_claim_unless_crosswalked
GF0025-2021-1-048,【一48】,GF 0025—2021 Appendix A,1,一级,48,提问的方法,未细分,,REF-GF0025-2021,1b5e95de7216a22388709b1008569cd1f28c95737d73cecd6d3ebdc8e6278f2d,184,GF0025-2021 PDF p.184,ocr_detected,verified_inventory,48,draft_unreviewed,not_promoted,outside_current_37_label_claim_unless_crosswalked
GF0025-2021-2-001,【二01】,GF 0025—2021 Appendix A,2,二级,1,词类,动词,能愿动词,REF-GF0025-2021,1b5e95de7216a22388709b1008569cd1f28c95737d73cecd6d3ebdc8e6278f2d,185,GF0025-2021 PDF p.185,ocr_detected,verified_inventory,49,draft_unreviewed,not_promoted,outside_current_37_label_claim_unless_crosswalked
GF0025-2021-2-002,【二02】,GF 0025—2021 Appendix A,2,二级,2,词类,动词,能愿动词,REF-GF0025-2021,1b5e95de7216a22388709b1008569cd1f28c95737d73cecd6d3ebdc8e6278f2d,185,GF0025-2021 PDF p.185,ocr_detected,verified_inventory,50,draft_unreviewed,not_promoted,outside_current_37_label_claim_unless_crosswalked
GF0025-2021-2-003,【二03】,GF 0025—2021 Appendix A,2,二级,3,词类,动词,能愿动词,REF-GF0025-2021,1b5e95de7216a22388709b1008569cd1f28c95737d73cecd6d3ebdc8e6278f2d,185,GF0025-2021 PDF p.185,ocr_detected,verified_inventory,51,draft_unreviewed,not_promoted,outside_current_37_label_claim_unless_crosswalked
GF0025-2021-2-004,【二04】,GF 0025—2021 Appendix A,2,二级,4,词类,动词,动词重叠,REF-GF0025-2021,1b5e95de7216a22388709b1008569cd1f28c95737d73cecd6d3ebdc8e6278f2d,185,GF0025-2021 PDF p.185,ocr_detected,verified_inventory,52,draft_unreviewed,not_promoted,outside_current_37_label_claim_unless_crosswalked
GF0025-2021-2-005,【二05】,GF 0025—2021 Appendix A,2,二级,5,词类,代词,疑问代词,REF-GF0025-2021,1b5e95de7216a22388709b1008569cd1f28c95737d73cecd6d3ebdc8e6278f2d,185,GF0025-2021 PDF p.185,ocr_detected,verified_inventory,53,draft_unreviewed,not_promoted,outside_current_37_label_claim_unless_crosswalked
GF0025-2021-2-006,【二06】,GF 0025—2021 Appendix A,2,二级,6,词类,代词,人称代词,REF-GF0025-2021,1b5e95de7216a22388709b1008569cd1f28c95737d73cecd6d3ebdc8e6278f2d,185,GF0025-2021 PDF p.185,ocr_detected,verified_inventory,54,draft_unreviewed,not_promoted,outside_current_37_label_claim_unless_crosswalked
GF0025-2021-2-007,【二07】,GF 0025—2021 Appendix A,2,二级,7,词类,代词,指示代词,REF-GF0025-2021,1b5e95de7216a22388709b1008569cd1f28c95737d73cecd6d3ebdc8e6278f2d,186,GF0025-2021 PDF p.186,ocr_detected,verified_inventory,55,draft_unreviewed,not_promoted,outside_current_37_label_claim_unless_crosswalked
GF0025-2021-2-008,【二08】,GF 0025—2021 Appendix A,2,二级,8,词类,形容词,形容词重叠,REF-GF0025-2021,1b5e95de7216a22388709b1008569cd1f28c95737d73cecd6d3ebdc8e6278f2d,186,GF0025-2021 PDF p.186,ocr_detected,verified_inventory,56,draft_unreviewed,not_promoted,outside_current_37_label_claim_unless_crosswalked
GF0025-2021-2-009,【二09】,GF 0025—2021 Appendix A,2,二级,9,词类,数词,,REF-GF0025-2021,1b5e95de7216a22388709b1008569cd1f28c95737d73cecd6d3ebdc8e6278f2d,186,GF0025-2021 PDF p.186,ocr_detected,verified_inventory,57,draft_unreviewed,not_promoted,outside_current_37_label_claim_unless_crosswalked
GF0025-2021-2-010,【二10】,GF 0025—2021 Appendix A,2,二级,10,词类,量词,名量词,REF-GF0025-2021,1b5e95de7216a22388709b1008569cd1f28c95737d73cecd6d3ebdc8e6278f2d,186,GF0025-2021 PDF p.186,ocr_detected,verified_inventory,58,draft_unreviewed,not_promoted,outside_current_37_label_claim_unless_crosswalked
GF0025-2021-2-011,【二11】,GF 0025—2021 Appendix A,2,二级,11,词类,量词,动量词,REF-GF0025-2021,1b5e95de7216a22388709b1008569cd1f28c95737d73cecd6d3ebdc8e6278f2d,186,GF0025-2021 PDF p.186,ocr_detected,verified_inventory,59,draft_unreviewed,not_promoted,outside_current_37_label_claim_unless_crosswalked
GF0025-2021-2-012,【二12】,GF 0025—2021 Appendix A,2,二级,12,词类,量词,时量词,REF-GF0025-2021,1b5e95de7216a22388709b1008569cd1f28c95737d73cecd6d3ebdc8e6278f2d,,GF0025-2021 PDF pp.176–259,appendix_span_verified,verified_inventory,60,draft_unreviewed,not_promoted,outside_current_37_label_claim_unless_crosswalked
GF0025-2021-2-013,【二13】,GF 0025—2021 Appendix A,2,二级,13,词类,副词,程度副词,REF-GF0025-2021,1b5e95de7216a22388709b1008569cd1f28c95737d73cecd6d3ebdc8e6278f2d,186,GF0025-2021 PDF p.186,ocr_detected,verified_inventory,61,draft_unreviewed,not_promoted,outside_current_37_label_claim_unless_crosswalked
GF0025-2021-2-014,【二14】,GF 0025—2021 Appendix A,2,二级,14,词类,副词,范围、协同副词,REF-GF0025-2021,1b5e95de7216a22388709b1008569cd1f28c95737d73cecd6d3ebdc8e6278f2d,,GF0025-2021 PDF pp.176–259,appendix_span_verified,verified_inventory,62,draft_unreviewed,not_promoted,outside_current_37_label_claim_unless_crosswalked
GF0025-2021-2-015,【二15】,GF 0025—2021 Appendix A,2,二级,15,词类,副词,时间副词,REF-GF0025-2021,1b5e95de7216a22388709b1008569cd1f28c95737d73cecd6d3ebdc8e6278f2d,,GF0025-2021 PDF pp.176–259,appendix_span_verified,verified_inventory,63,draft_unreviewed,not_promoted,outside_current_37_label_claim_unless_crosswalked
GF0025-2021-2-016,【二16】,GF 0025—2021 Appendix A,2,二级,16,词类,副词,频率、重复副词,REF-GF0025-2021,1b5e95de7216a22388709b1008569cd1f28c95737d73cecd6d3ebdc8e6278f2d,187,GF0025-2021 PDF p.187,ocr_detected,verified_inventory,64,draft_unreviewed,not_promoted,outside_current_37_label_claim_unless_crosswalked
GF0025-2021-2-017,【二17】,GF 0025—2021 Appendix A,2,二级,17,词类,副词,关联副词,REF-GF0025-2021,1b5e95de7216a22388709b1008569cd1f28c95737d73cecd6d3ebdc8e6278f2d,187,GF0025-2021 PDF p.187,ocr_detected,verified_inventory,65,draft_unreviewed,not_promoted,outside_current_37_label_claim_unless_crosswalked
GF0025-2021-2-018,【二18】,GF 0025—2021 Appendix A,2,二级,18,词类,副词,方式副词,REF-GF0025-2021,1b5e95de7216a22388709b1008569cd1f28c95737d73cecd6d3ebdc8e6278f2d,,GF0025-2021 PDF pp.176–259,appendix_span_verified,verified_inventory,66,draft_unreviewed,not_promoted,outside_current_37_label_claim_unless_crosswalked
GF0025-2021-2-019,【二19】,GF 0025—2021 Appendix A,2,二级,19,词类,副词,情态副词,REF-GF0025-2021,1b5e95de7216a22388709b1008569cd1f28c95737d73cecd6d3ebdc8e6278f2d,187,GF0025-2021 PDF p.187,ocr_detected,verified_inventory,67,draft_unreviewed,not_promoted,outside_current_37_label_claim_unless_crosswalked
GF0025-2021-2-020,【二20】,GF 0025—2021 Appendix A,2,二级,20,词类,副词,语气副词,REF-GF0025-2021,1b5e95de7216a22388709b1008569cd1f28c95737d73cecd6d3ebdc8e6278f2d,188,GF0025-2021 PDF p.188,ocr_detected,verified_inventory,68,draft_unreviewed,not_promoted,outside_current_37_label_claim_unless_crosswalked
GF0025-2021-2-021,【二21】,GF 0025—2021 Appendix A,2,二级,21,词类,介词,引出时间、处所,REF-GF0025-2021,1b5e95de7216a22388709b1008569cd1f28c95737d73cecd6d3ebdc8e6278f2d,188,GF0025-2021 PDF p.188,ocr_detected,verified_inventory,69,draft_unreviewed,not_promoted,outside_current_37_label_claim_unless_crosswalked
GF0025-2021-2-022,【二22】,GF 0025—2021 Appendix A,2,二级,22,词类,介词,引出方向、路径,REF-GF0025-2021,1b5e95de7216a22388709b1008569cd1f28c95737d73cecd6d3ebdc8e6278f2d,188,GF0025-2021 PDF p.188,ocr_detected,verified_inventory,70,draft_unreviewed,not_promoted,outside_current_37_label_claim_unless_crosswalked
GF0025-2021-2-023,【二23】,GF 0025—2021 Appendix A,2,二级,23,词类,介词,引出方向、路径,REF-GF0025-2021,1b5e95de7216a22388709b1008569cd1f28c95737d73cecd6d3ebdc8e6278f2d,188,GF0025-2021 PDF p.188,ocr_detected,verified_inventory,71,draft_unreviewed,not_promoted,outside_current_37_label_claim_unless_crosswalked
GF0025-2021-2-024,【二24】,GF 0025—2021 Appendix A,2,二级,24,词类,介词,引出方向、路径,REF-GF0025-2021,1b5e95de7216a22388709b1008569cd1f28c95737d73cecd6d3ebdc8e6278f2d,188,GF0025-2021 PDF p.188,ocr_detected,verified_inventory,72,draft_unreviewed,not_promoted,outside_current_37_label_claim_unless_crosswalked
GF0025-2021-2-025,【二25】,GF 0025—2021 Appendix A,2,二级,25,词类,介词,引出对象,REF-GF0025-2021,1b5e95de7216a22388709b1008569cd1f28c95737d73cecd6d3ebdc8e6278f2d,188,GF0025-2021 PDF p.188,ocr_detected,verified_inventory,73,draft_unreviewed,not_promoted,outside_current_37_label_claim_unless_crosswalked
GF0025-2021-2-026,【二26】,GF 0025—2021 Appendix A,2,二级,26,词类,介词,引出对象,REF-GF0025-2021,1b5e95de7216a22388709b1008569cd1f28c95737d73cecd6d3ebdc8e6278f2d,188,GF0025-2021 PDF p.188,ocr_detected,verified_inventory,74,draft_unreviewed,not_promoted,outside_current_37_label_claim_unless_crosswalked
GF0025-2021-2-027,【二27】,GF 0025—2021 Appendix A,2,二级,27,词类,介词,引出对象,REF-GF0025-2021,1b5e95de7216a22388709b1008569cd1f28c95737d73cecd6d3ebdc8e6278f2d,188,GF0025-2021 PDF p.188,ocr_detected,verified_inventory,75,draft_unreviewed,not_promoted,outside_current_37_label_claim_unless_crosswalked
GF0025-2021-2-028,【二28】,GF 0025—2021 Appendix A,2,二级,28,词类,介词,引出目的、原因,REF-GF0025-2021,1b5e95de7216a22388709b1008569cd1f28c95737d73cecd6d3ebdc8e6278f2d,189,GF0025-2021 PDF p.189,ocr_detected,verified_inventory,76,draft_unreviewed,not_promoted,outside_current_37_label_claim_unless_crosswalked
GF0025-2021-2-029,【二29】,GF 0025—2021 Appendix A,2,二级,29,词类,连词,连接词或词组,REF-GF0025-2021,1b5e95de7216a22388709b1008569cd1f28c95737d73cecd6d3ebdc8e6278f2d,189,GF0025-2021 PDF p.189,ocr_detected,verified_inventory,77,draft_unreviewed,not_promoted,outside_current_37_label_claim_unless_crosswalked
GF0025-2021-2-030,【二30】,GF 0025—2021 Appendix A,2,二级,30,词类,连词,连接分句或句子,REF-GF0025-2021,1b5e95de7216a22388709b1008569cd1f28c95737d73cecd6d3ebdc8e6278f2d,189,GF0025-2021 PDF p.189,ocr_detected,verified_inventory,78,draft_unreviewed,not_promoted,outside_current_37_label_claim_unless_crosswalked
GF0025-2021-2-031,【二31】,GF 0025—2021 Appendix A,2,二级,31,词类,助词,结构助词,REF-GF0025-2021,1b5e95de7216a22388709b1008569cd1f28c95737d73cecd6d3ebdc8e6278f2d,189,GF0025-2021 PDF p.189,ocr_detected,verified_inventory,79,draft_unreviewed,not_promoted,outside_current_37_label_claim_unless_crosswalked
GF0025-2021-2-032,【二32】,GF 0025—2021 Appendix A,2,二级,32,词类,助词,动态助词,REF-GF0025-2021,1b5e95de7216a22388709b1008569cd1f28c95737d73cecd6d3ebdc8e6278f2d,189,GF0025-2021 PDF p.189,ocr_detected,verified_inventory,80,draft_unreviewed,not_promoted,outside_current_37_label_claim_unless_crosswalked
GF0025-2021-2-033,【二33】,GF 0025—2021 Appendix A,2,二级,33,词类,助词,,REF-GF0025-2021,1b5e95de7216a22388709b1008569cd1f28c95737d73cecd6d3ebdc8e6278f2d,189,GF0025-2021 PDF p.189,ocr_detected,verified_inventory,81,draft_unreviewed,not_promoted,outside_current_37_label_claim_unless_crosswalked
GF0025-2021-2-034,【二34】,GF 0025—2021 Appendix A,2,二级,34,词类,助词,语气助词,REF-GF0025-2021,1b5e95de7216a22388709b1008569cd1f28c95737d73cecd6d3ebdc8e6278f2d,189,GF0025-2021 PDF p.189,ocr_detected,verified_inventory,82,draft_unreviewed,not_promoted,outside_current_37_label_claim_unless_crosswalked
GF0025-2021-2-035,【二35】,GF 0025—2021 Appendix A,2,二级,35,词类,助词,其他助词,REF-GF0025-2021,1b5e95de7216a22388709b1008569cd1f28c95737d73cecd6d3ebdc8e6278f2d,189,GF0025-2021 PDF p.189,ocr_detected,verified_inventory,83,draft_unreviewed,not_promoted,outside_current_37_label_claim_unless_crosswalked
GF0025-2021-2-036,【二36】,GF 0025—2021 Appendix A,2,二级,36,词类,叹词,,REF-GF0025-2021,1b5e95de7216a22388709b1008569cd1f28c95737d73cecd6d3ebdc8e6278f2d,190,GF0025-2021 PDF p.190,ocr_detected,verified_inventory,84,draft_unreviewed,not_promoted,outside_current_37_label_claim_unless_crosswalked
GF0025-2021-2-037,【二37】,GF 0025—2021 Appendix A,2,二级,37,短语,结构类型,基本结构类型,REF-GF0025-2021,1b5e95de7216a22388709b1008569cd1f28c95737d73cecd6d3ebdc8e6278f2d,190,GF0025-2021 PDF p.190,ocr_detected,verified_inventory,85,not_available,not_promoted,outside_current_37_label_claim_unless_crosswalked
GF0025-2021-2-038,【二38】,GF 0025—2021 Appendix A,2,二级,38,短语,结构类型,其他结构类型,REF-GF0025-2021,1b5e95de7216a22388709b1008569cd1f28c95737d73cecd6d3ebdc8e6278f2d,190,GF0025-2021 PDF p.190,ocr_detected,verified_inventory,86,not_available,not_promoted,outside_current_37_label_claim_unless_crosswalked
GF0025-2021-2-039,【二39】,GF 0025—2021 Appendix A,2,二级,39,短语,功能类型,,REF-GF0025-2021,1b5e95de7216a22388709b1008569cd1f28c95737d73cecd6d3ebdc8e6278f2d,190,GF0025-2021 PDF p.190,ocr_detected,verified_inventory,87,not_available,not_promoted,outside_current_37_label_claim_unless_crosswalked
GF0025-2021-2-040,【二40】,GF 0025—2021 Appendix A,2,二级,40,短语,功能类型,,REF-GF0025-2021,1b5e95de7216a22388709b1008569cd1f28c95737d73cecd6d3ebdc8e6278f2d,190,GF0025-2021 PDF p.190,ocr_detected,verified_inventory,88,not_available,not_promoted,outside_current_37_label_claim_unless_crosswalked
GF0025-2021-2-041,【二41】,GF 0025—2021 Appendix A,2,二级,41,短语,功能类型,,REF-GF0025-2021,1b5e95de7216a22388709b1008569cd1f28c95737d73cecd6d3ebdc8e6278f2d,190,GF0025-2021 PDF p.190,ocr_detected,verified_inventory,89,not_available,not_promoted,outside_current_37_label_claim_unless_crosswalked
GF0025-2021-2-042,【二42】,GF 0025—2021 Appendix A,2,二级,42,短语,固定短语,其他,REF-GF0025-2021,1b5e95de7216a22388709b1008569cd1f28c95737d73cecd6d3ebdc8e6278f2d,191,GF0025-2021 PDF p.191,ocr_detected,verified_inventory,90,draft_unreviewed,not_promoted,outside_current_37_label_claim_unless_crosswalked
GF0025-2021-2-043,【二43】,GF 0025—2021 Appendix A,2,二级,43,短语,固定短语,其他,REF-GF0025-2021,1b5e95de7216a22388709b1008569cd1f28c95737d73cecd6d3ebdc8e6278f2d,191,GF0025-2021 PDF p.191,ocr_detected,verified_inventory,91,draft_unreviewed,not_promoted,outside_current_37_label_claim_unless_crosswalked
GF0025-2021-2-044,【二44】,GF 0025—2021 Appendix A,2,二级,44,短语,固定短语,其他,REF-GF0025-2021,1b5e95de7216a22388709b1008569cd1f28c95737d73cecd6d3ebdc8e6278f2d,191,GF0025-2021 PDF p.191,ocr_detected,verified_inventory,92,draft_unreviewed,not_promoted,outside_current_37_label_claim_unless_crosswalked
GF0025-2021-2-045,【二45】,GF 0025—2021 Appendix A,2,二级,45,固定格式,未细分,,REF-GF0025-2021,1b5e95de7216a22388709b1008569cd1f28c95737d73cecd6d3ebdc8e6278f2d,191,GF0025-2021 PDF p.191,ocr_detected,verified_inventory,93,draft_unreviewed,not_promoted,outside_current_37_label_claim_unless_crosswalked
GF0025-2021-2-046,【二46】,GF 0025—2021 Appendix A,2,二级,46,固定格式,未细分,,REF-GF0025-2021,1b5e95de7216a22388709b1008569cd1f28c95737d73cecd6d3ebdc8e6278f2d,,GF0025-2021 PDF pp.176–259,appendix_span_verified,verified_inventory,94,draft_unreviewed,not_promoted,outside_current_37_label_claim_unless_crosswalked
GF0025-2021-2-047,【二47】,GF 0025—2021 Appendix A,2,二级,47,固定格式,未细分,,REF-GF0025-2021,1b5e95de7216a22388709b1008569cd1f28c95737d73cecd6d3ebdc8e6278f2d,,GF0025-2021 PDF pp.176–259,appendix_span_verified,verified_inventory,95,draft_unreviewed,not_promoted,outside_current_37_label_claim_unless_crosswalked
GF0025-2021-2-048,【二48】,GF 0025—2021 Appendix A,2,二级,48,句子成分,谓语,,REF-GF0025-2021,1b5e95de7216a22388709b1008569cd1f28c95737d73cecd6d3ebdc8e6278f2d,191,GF0025-2021 PDF p.191,ocr_detected,verified_inventory,96,not_available,not_promoted,outside_current_37_label_claim_unless_crosswalked
GF0025-2021-2-049,【二49】,GF 0025—2021 Appendix A,2,二级,49,句子成分,补语,结果补语,REF-GF0025-2021,1b5e95de7216a22388709b1008569cd1f28c95737d73cecd6d3ebdc8e6278f2d,192,GF0025-2021 PDF p.192,ocr_detected,verified_inventory,97,not_available,not_promoted,outside_current_37_label_claim_unless_crosswalked
GF0025-2021-2-050,【二50】,GF 0025—2021 Appendix A,2,二级,50,句子成分,补语,趋向补语,REF-GF0025-2021,1b5e95de7216a22388709b1008569cd1f28c95737d73cecd6d3ebdc8e6278f2d,192,GF0025-2021 PDF p.192,ocr_detected,verified_inventory,98,not_available,not_promoted,outside_current_37_label_claim_unless_crosswalked
GF0025-2021-2-051,【二51】,GF 0025—2021 Appendix A,2,二级,51,句子成分,补语,状态补语,REF-GF0025-2021,1b5e95de7216a22388709b1008569cd1f28c95737d73cecd6d3ebdc8e6278f2d,,GF0025-2021 PDF pp.176–259,appendix_span_verified,verified_inventory,99,not_available,not_promoted,outside_current_37_label_claim_unless_crosswalked
GF0025-2021-2-052,【二52】,GF 0025—2021 Appendix A,2,二级,52,句子成分,补语,数量补语,REF-GF0025-2021,1b5e95de7216a22388709b1008569cd1f28c95737d73cecd6d3ebdc8e6278f2d,192,GF0025-2021 PDF p.192,ocr_detected,verified_inventory,100,not_available,not_promoted,outside_current_37_label_claim_unless_crosswalked
GF0025-2021-2-053,【二53】,GF 0025—2021 Appendix A,2,二级,53,句子成分,补语,数量补语,REF-GF0025-2021,1b5e95de7216a22388709b1008569cd1f28c95737d73cecd6d3ebdc8e6278f2d,193,GF0025-2021 PDF p.193,ocr_detected,verified_inventory,101,not_available,not_promoted,outside_current_37_label_claim_unless_crosswalked
GF0025-2021-2-054,【二54】,GF 0025—2021 Appendix A,2,二级,54,句子的类型,句型,单句,REF-GF0025-2021,1b5e95de7216a22388709b1008569cd1f28c95737d73cecd6d3ebdc8e6278f2d,193,GF0025-2021 PDF p.193,ocr_detected,verified_inventory,102,not_available,not_promoted,outside_current_37_label_claim_unless_crosswalked
GF0025-2021-2-055,【二55】,GF 0025—2021 Appendix A,2,二级,55,句子的类型,特殊句型,“有”字句,REF-GF0025-2021,1b5e95de7216a22388709b1008569cd1f28c95737d73cecd6d3ebdc8e6278f2d,193,GF0025-2021 PDF p.193,ocr_detected,verified_inventory,103,not_available,not_promoted,outside_current_37_label_claim_unless_crosswalked
GF0025-2021-2-056,【二56】,GF 0025—2021 Appendix A,2,二级,56,句子的类型,特殊句型,存现句,REF-GF0025-2021,1b5e95de7216a22388709b1008569cd1f28c95737d73cecd6d3ebdc8e6278f2d,193,GF0025-2021 PDF p.193,ocr_detected,verified_inventory,104,not_available,not_promoted,outside_current_37_label_claim_unless_crosswalked
GF0025-2021-2-057,【二57】,GF 0025—2021 Appendix A,2,二级,57,句子的类型,特殊句型,连动句,REF-GF0025-2021,1b5e95de7216a22388709b1008569cd1f28c95737d73cecd6d3ebdc8e6278f2d,193,GF0025-2021 PDF p.193,ocr_detected,verified_inventory,105,not_available,not_promoted,outside_current_37_label_claim_unless_crosswalked
GF0025-2021-2-058,【二58】,GF 0025—2021 Appendix A,2,二级,58,句子的类型,特殊句型,比较句,REF-GF0025-2021,1b5e95de7216a22388709b1008569cd1f28c95737d73cecd6d3ebdc8e6278f2d,,GF0025-2021 PDF pp.176–259,appendix_span_verified,verified_inventory,106,not_available,not_promoted,outside_current_37_label_claim_unless_crosswalked
GF0025-2021-2-059,【二59】,GF 0025—2021 Appendix A,2,二级,59,句子的类型,特殊句型,比较句,REF-GF0025-2021,1b5e95de7216a22388709b1008569cd1f28c95737d73cecd6d3ebdc8e6278f2d,194,GF0025-2021 PDF p.194,ocr_detected,verified_inventory,107,draft_unreviewed,not_promoted,outside_current_37_label_claim_unless_crosswalked
GF0025-2021-2-060,【二60】,GF 0025—2021 Appendix A,2,二级,60,句子的类型,特殊句型,“是……的”句,REF-GF0025-2021,1b5e95de7216a22388709b1008569cd1f28c95737d73cecd6d3ebdc8e6278f2d,194,GF0025-2021 PDF p.194,ocr_detected,verified_inventory,108,not_available,not_promoted,outside_current_37_label_claim_unless_crosswalked
GF0025-2021-2-061,【二61】,GF 0025—2021 Appendix A,2,二级,61,句子的类型,特殊句型,双宾语句,REF-GF0025-2021,1b5e95de7216a22388709b1008569cd1f28c95737d73cecd6d3ebdc8e6278f2d,194,GF0025-2021 PDF p.194,ocr_detected,verified_inventory,109,not_available,not_promoted,outside_current_37_label_claim_unless_crosswalked
GF0025-2021-2-062,【二62】,GF 0025—2021 Appendix A,2,二级,62,句子的类型,复句,承接复句,REF-GF0025-2021,1b5e95de7216a22388709b1008569cd1f28c95737d73cecd6d3ebdc8e6278f2d,194,GF0025-2021 PDF p.194,ocr_detected,verified_inventory,110,draft_unreviewed,not_promoted,outside_current_37_label_claim_unless_crosswalked
GF0025-2021-2-063,【二63】,GF 0025—2021 Appendix A,2,二级,63,句子的类型,复句,递进复句,REF-GF0025-2021,1b5e95de7216a22388709b1008569cd1f28c95737d73cecd6d3ebdc8e6278f2d,195,GF0025-2021 PDF p.195,ocr_detected,verified_inventory,111,draft_unreviewed,not_promoted,outside_current_37_label_claim_unless_crosswalked
GF0025-2021-2-064,【二64】,GF 0025—2021 Appendix A,2,二级,64,句子的类型,复句,选择复句,REF-GF0025-2021,1b5e95de7216a22388709b1008569cd1f28c95737d73cecd6d3ebdc8e6278f2d,195,GF0025-2021 PDF p.195,ocr_detected,verified_inventory,112,draft_unreviewed,not_promoted,outside_current_37_label_claim_unless_crosswalked
GF0025-2021-2-065,【二65】,GF 0025—2021 Appendix A,2,二级,65,句子的类型,复句,转折复句,REF-GF0025-2021,1b5e95de7216a22388709b1008569cd1f28c95737d73cecd6d3ebdc8e6278f2d,195,GF0025-2021 PDF p.195,ocr_detected,verified_inventory,113,draft_unreviewed,not_promoted,outside_current_37_label_claim_unless_crosswalked
GF0025-2021-2-066,【二66】,GF 0025—2021 Appendix A,2,二级,66,句子的类型,复句,假设复句,REF-GF0025-2021,1b5e95de7216a22388709b1008569cd1f28c95737d73cecd6d3ebdc8e6278f2d,195,GF0025-2021 PDF p.195,ocr_detected,verified_inventory,114,draft_unreviewed,not_promoted,outside_current_37_label_claim_unless_crosswalked
GF0025-2021-2-067,【二67】,GF 0025—2021 Appendix A,2,二级,67,句子的类型,复句,条件复句,REF-GF0025-2021,1b5e95de7216a22388709b1008569cd1f28c95737d73cecd6d3ebdc8e6278f2d,195,GF0025-2021 PDF p.195,ocr_detected,verified_inventory,115,draft_unreviewed,not_promoted,outside_current_37_label_claim_unless_crosswalked
GF0025-2021-2-068,【二68】,GF 0025—2021 Appendix A,2,二级,68,句子的类型,复句,因果复句,REF-GF0025-2021,1b5e95de7216a22388709b1008569cd1f28c95737d73cecd6d3ebdc8e6278f2d,195,GF0025-2021 PDF p.195,ocr_detected,verified_inventory,116,draft_unreviewed,not_promoted,outside_current_37_label_claim_unless_crosswalked
GF0025-2021-2-069,【二69】,GF 0025—2021 Appendix A,2,二级,69,句子的类型,复句,紧缩复句,REF-GF0025-2021,1b5e95de7216a22388709b1008569cd1f28c95737d73cecd6d3ebdc8e6278f2d,196,GF0025-2021 PDF p.196,ocr_detected,verified_inventory,117,draft_unreviewed,not_promoted,outside_current_37_label_claim_unless_crosswalked
GF0025-2021-2-070,【二70】,GF 0025—2021 Appendix A,2,二级,70,动作的态,动作的态,持续态,REF-GF0025-2021,1b5e95de7216a22388709b1008569cd1f28c95737d73cecd6d3ebdc8e6278f2d,196,GF0025-2021 PDF p.196,ocr_detected,verified_inventory,118,not_available,not_promoted,outside_current_37_label_claim_unless_crosswalked
GF0025-2021-2-071,【二71】,GF 0025—2021 Appendix A,2,二级,71,动作的态,动作的态,经历态,REF-GF0025-2021,1b5e95de7216a22388709b1008569cd1f28c95737d73cecd6d3ebdc8e6278f2d,196,GF0025-2021 PDF p.196,ocr_detected,verified_inventory,119,not_available,not_promoted,outside_current_37_label_claim_unless_crosswalked
GF0025-2021-2-072,【二72】,GF 0025—2021 Appendix A,2,二级,72,特殊表达法,数的表示法,,REF-GF0025-2021,1b5e95de7216a22388709b1008569cd1f28c95737d73cecd6d3ebdc8e6278f2d,196,GF0025-2021 PDF p.196,ocr_detected,verified_inventory,120,not_available,not_promoted,outside_current_37_label_claim_unless_crosswalked
GF0025-2021-2-073,【二73】,GF 0025—2021 Appendix A,2,二级,73,特殊表达法,数的表示法,,REF-GF0025-2021,1b5e95de7216a22388709b1008569cd1f28c95737d73cecd6d3ebdc8e6278f2d,196,GF0025-2021 PDF p.196,ocr_detected,verified_inventory,121,not_available,not_promoted,outside_current_37_label_claim_unless_crosswalked
GF0025-2021-2-074,【二74】,GF 0025—2021 Appendix A,2,二级,74,强调的方法,未细分,,REF-GF0025-2021,1b5e95de7216a22388709b1008569cd1f28c95737d73cecd6d3ebdc8e6278f2d,196,GF0025-2021 PDF p.196,ocr_detected,verified_inventory,122,not_available,not_promoted,outside_current_37_label_claim_unless_crosswalked
GF0025-2021-2-075,【二75】,GF 0025—2021 Appendix A,2,二级,75,提问的方法,未细分,,REF-GF0025-2021,1b5e95de7216a22388709b1008569cd1f28c95737d73cecd6d3ebdc8e6278f2d,196,GF0025-2021 PDF p.196,ocr_detected,verified_inventory,124,draft_unreviewed,not_promoted,outside_current_37_label_claim_unless_crosswalked
GF0025-2021-2-076,【二76】,GF 0025—2021 Appendix A,2,二级,76,提问的方法,未细分,,REF-GF0025-2021,1b5e95de7216a22388709b1008569cd1f28c95737d73cecd6d3ebdc8e6278f2d,197,GF0025-2021 PDF p.197,ocr_detected,verified_inventory,125,draft_unreviewed,not_promoted,outside_current_37_label_claim_unless_crosswalked
GF0025-2021-2-077,【二77】,GF 0025—2021 Appendix A,2,二级,77,提问的方法,未细分,,REF-GF0025-2021,1b5e95de7216a22388709b1008569cd1f28c95737d73cecd6d3ebdc8e6278f2d,197,GF0025-2021 PDF p.197,ocr_detected,verified_inventory,126,draft_unreviewed,not_promoted,outside_current_37_label_claim_unless_crosswalked
GF0025-2021-2-078,【二78】,GF 0025—2021 Appendix A,2,二级,78,提问的方法,未细分,,REF-GF0025-2021,1b5e95de7216a22388709b1008569cd1f28c95737d73cecd6d3ebdc8e6278f2d,197,GF0025-2021 PDF p.197,ocr_detected,verified_inventory,127,draft_unreviewed,not_promoted,outside_current_37_label_claim_unless_crosswalked
GF0025-2021-2-079,【二79】,GF 0025—2021 Appendix A,2,二级,79,提问的方法,未细分,,REF-GF0025-2021,1b5e95de7216a22388709b1008569cd1f28c95737d73cecd6d3ebdc8e6278f2d,197,GF0025-2021 PDF p.197,ocr_detected,verified_inventory,128,draft_unreviewed,not_promoted,outside_current_37_label_claim_unless_crosswalked
GF0025-2021-2-080,【二80】,GF 0025—2021 Appendix A,2,二级,80,口语格式,未细分,,REF-GF0025-2021,1b5e95de7216a22388709b1008569cd1f28c95737d73cecd6d3ebdc8e6278f2d,197,GF0025-2021 PDF p.197,ocr_detected,verified_inventory,129,draft_unreviewed,not_promoted,outside_current_37_label_claim_unless_crosswalked
GF0025-2021-2-081,【二81】,GF 0025—2021 Appendix A,2,二级,81,口语格式,未细分,,REF-GF0025-2021,1b5e95de7216a22388709b1008569cd1f28c95737d73cecd6d3ebdc8e6278f2d,,GF0025-2021 PDF pp.176–259,appendix_span_verified,verified_inventory,130,draft_unreviewed,not_promoted,outside_current_37_label_claim_unless_crosswalked
GF0025-2021-3-001,【三01】,GF 0025—2021 Appendix A,3,三级,1,语素,前缀,,REF-GF0025-2021,1b5e95de7216a22388709b1008569cd1f28c95737d73cecd6d3ebdc8e6278f2d,197,GF0025-2021 PDF p.197,ocr_detected,verified_inventory,131,draft_unreviewed,not_promoted,outside_current_37_label_claim_unless_crosswalked
GF0025-2021-3-002,【三02】,GF 0025—2021 Appendix A,3,三级,2,语素,后缀,,REF-GF0025-2021,1b5e95de7216a22388709b1008569cd1f28c95737d73cecd6d3ebdc8e6278f2d,198,GF0025-2021 PDF p.198,ocr_detected,verified_inventory,132,draft_unreviewed,not_promoted,outside_current_37_label_claim_unless_crosswalked
GF0025-2021-3-003,【三03】,GF 0025—2021 Appendix A,3,三级,3,词类,动词,能愿动词,REF-GF0025-2021,1b5e95de7216a22388709b1008569cd1f28c95737d73cecd6d3ebdc8e6278f2d,,GF0025-2021 PDF pp.176–259,appendix_span_verified,verified_inventory,133,draft_unreviewed,not_promoted,outside_current_37_label_claim_unless_crosswalked
GF0025-2021-3-004,【三04】,GF 0025—2021 Appendix A,3,三级,4,词类,动词,能愿动词,REF-GF0025-2021,1b5e95de7216a22388709b1008569cd1f28c95737d73cecd6d3ebdc8e6278f2d,198,GF0025-2021 PDF p.198,ocr_detected,verified_inventory,134,draft_unreviewed,not_promoted,outside_current_37_label_claim_unless_crosswalked
GF0025-2021-3-005,【三05】,GF 0025—2021 Appendix A,3,三级,5,词类,动词,离合词,REF-GF0025-2021,1b5e95de7216a22388709b1008569cd1f28c95737d73cecd6d3ebdc8e6278f2d,,GF0025-2021 PDF pp.176–259,appendix_span_verified,verified_inventory,135,draft_unreviewed,not_promoted,outside_current_37_label_claim_unless_crosswalked
GF0025-2021-3-006,【三06】,GF 0025—2021 Appendix A,3,三级,6,词类,动词,离合词,REF-GF0025-2021,1b5e95de7216a22388709b1008569cd1f28c95737d73cecd6d3ebdc8e6278f2d,198,GF0025-2021 PDF p.198,ocr_detected,verified_inventory,136,draft_unreviewed,not_promoted,outside_current_37_label_claim_unless_crosswalked
GF0025-2021-3-007,【三07】,GF 0025—2021 Appendix A,3,三级,7,词类,代词,疑问代词,REF-GF0025-2021,1b5e95de7216a22388709b1008569cd1f28c95737d73cecd6d3ebdc8e6278f2d,198,GF0025-2021 PDF p.198,ocr_detected,verified_inventory,137,not_available,not_promoted,outside_current_37_label_claim_unless_crosswalked
GF0025-2021-3-008,【三08】,GF 0025—2021 Appendix A,3,三级,8,词类,代词,指示代词,REF-GF0025-2021,1b5e95de7216a22388709b1008569cd1f28c95737d73cecd6d3ebdc8e6278f2d,199,GF0025-2021 PDF p.199,ocr_detected,verified_inventory,138,draft_unreviewed,not_promoted,outside_current_37_label_claim_unless_crosswalked
GF0025-2021-3-009,【三09】,GF 0025—2021 Appendix A,3,三级,9,词类,量词,名量词,REF-GF0025-2021,1b5e95de7216a22388709b1008569cd1f28c95737d73cecd6d3ebdc8e6278f2d,199,GF0025-2021 PDF p.199,ocr_detected,verified_inventory,139,draft_unreviewed,not_promoted,outside_current_37_label_claim_unless_crosswalked
GF0025-2021-3-010,【三10】,GF 0025—2021 Appendix A,3,三级,10,词类,量词,动量词,REF-GF0025-2021,1b5e95de7216a22388709b1008569cd1f28c95737d73cecd6d3ebdc8e6278f2d,,GF0025-2021 PDF pp.176–259,appendix_span_verified,verified_inventory,140,draft_unreviewed,not_promoted,outside_current_37_label_claim_unless_crosswalked
GF0025-2021-3-011,【三11】,GF 0025—2021 Appendix A,3,三级,11,词类,量词,量词重叠,REF-GF0025-2021,1b5e95de7216a22388709b1008569cd1f28c95737d73cecd6d3ebdc8e6278f2d,,GF0025-2021 PDF pp.176–259,appendix_span_verified,verified_inventory,141,draft_unreviewed,not_promoted,outside_current_37_label_claim_unless_crosswalked
GF0025-2021-3-012,【三12】,GF 0025—2021 Appendix A,3,三级,12,词类,副词,程度副词,REF-GF0025-2021,1b5e95de7216a22388709b1008569cd1f28c95737d73cecd6d3ebdc8e6278f2d,,GF0025-2021 PDF pp.176–259,appendix_span_verified,verified_inventory,142,draft_unreviewed,not_promoted,outside_current_37_label_claim_unless_crosswalked
GF0025-2021-3-013,【三13】,GF 0025—2021 Appendix A,3,三级,13,词类,副词,范围、协同副词,REF-GF0025-2021,1b5e95de7216a22388709b1008569cd1f28c95737d73cecd6d3ebdc8e6278f2d,,GF0025-2021 PDF pp.176–259,appendix_span_verified,verified_inventory,143,draft_unreviewed,not_promoted,outside_current_37_label_claim_unless_crosswalked
GF0025-2021-3-014,【三14】,GF 0025—2021 Appendix A,3,三级,14,词类,副词,时间副词,REF-GF0025-2021,1b5e95de7216a22388709b1008569cd1f28c95737d73cecd6d3ebdc8e6278f2d,,GF0025-2021 PDF pp.176–259,appendix_span_verified,verified_inventory,144,draft_unreviewed,not_promoted,outside_current_37_label_claim_unless_crosswalked
GF0025-2021-3-015,【三15】,GF 0025—2021 Appendix A,3,三级,15,词类,副词,频率、重复副词,REF-GF0025-2021,1b5e95de7216a22388709b1008569cd1f28c95737d73cecd6d3ebdc8e6278f2d,,GF0025-2021 PDF pp.176–259,appendix_span_verified,verified_inventory,145,draft_unreviewed,not_promoted,outside_current_37_label_claim_unless_crosswalked
GF0025-2021-3-016,【三16】,GF 0025—2021 Appendix A,3,三级,16,词类,副词,关联副词,REF-GF0025-2021,1b5e95de7216a22388709b1008569cd1f28c95737d73cecd6d3ebdc8e6278f2d,200,GF0025-2021 PDF p.200,ocr_detected,verified_inventory,146,draft_unreviewed,not_promoted,outside_current_37_label_claim_unless_crosswalked
GF0025-2021-3-017,【三17】,GF 0025—2021 Appendix A,3,三级,17,词类,副词,方式副词,REF-GF0025-2021,1b5e95de7216a22388709b1008569cd1f28c95737d73cecd6d3ebdc8e6278f2d,,GF0025-2021 PDF pp.176–259,appendix_span_verified,verified_inventory,147,draft_unreviewed,not_promoted,outside_current_37_label_claim_unless_crosswalked
GF0025-2021-3-018,【三18】,GF 0025—2021 Appendix A,3,三级,18,词类,副词,情态副词,REF-GF0025-2021,1b5e95de7216a22388709b1008569cd1f28c95737d73cecd6d3ebdc8e6278f2d,,GF0025-2021 PDF pp.176–259,appendix_span_verified,verified_inventory,148,draft_unreviewed,not_promoted,outside_current_37_label_claim_unless_crosswalked
GF0025-2021-3-019,【三19】,GF 0025—2021 Appendix A,3,三级,19,词类,副词,语气副词,REF-GF0025-2021,1b5e95de7216a22388709b1008569cd1f28c95737d73cecd6d3ebdc8e6278f2d,201,GF0025-2021 PDF p.201,ocr_detected,verified_inventory,149,draft_unreviewed,not_promoted,outside_current_37_label_claim_unless_crosswalked
GF0025-2021-3-020,【三20】,GF 0025—2021 Appendix A,3,三级,20,词类,介词,引出时间、处所,REF-GF0025-2021,1b5e95de7216a22388709b1008569cd1f28c95737d73cecd6d3ebdc8e6278f2d,201,GF0025-2021 PDF p.201,ocr_detected,verified_inventory,150,draft_unreviewed,not_promoted,outside_current_37_label_claim_unless_crosswalked
GF0025-2021-3-021,【三21】,GF 0025—2021 Appendix A,3,三级,21,词类,介词,引出时间、处所,REF-GF0025-2021,1b5e95de7216a22388709b1008569cd1f28c95737d73cecd6d3ebdc8e6278f2d,201,GF0025-2021 PDF p.201,ocr_detected,verified_inventory,151,draft_unreviewed,not_promoted,outside_current_37_label_claim_unless_crosswalked
GF0025-2021-3-022,【三22】,GF 0025—2021 Appendix A,3,三级,22,词类,介词,引出方向、路径,REF-GF0025-2021,1b5e95de7216a22388709b1008569cd1f28c95737d73cecd6d3ebdc8e6278f2d,201,GF0025-2021 PDF p.201,ocr_detected,verified_inventory,152,draft_unreviewed,not_promoted,outside_current_37_label_claim_unless_crosswalked
GF0025-2021-3-023,【三23】,GF 0025—2021 Appendix A,3,三级,23,词类,介词,引出对象,REF-GF0025-2021,1b5e95de7216a22388709b1008569cd1f28c95737d73cecd6d3ebdc8e6278f2d,201,GF0025-2021 PDF p.201,ocr_detected,verified_inventory,153,draft_unreviewed,not_promoted,outside_current_37_label_claim_unless_crosswalked
GF0025-2021-3-024,【三24】,GF 0025—2021 Appendix A,3,三级,24,词类,介词,引出对象,REF-GF0025-2021,1b5e95de7216a22388709b1008569cd1f28c95737d73cecd6d3ebdc8e6278f2d,202,GF0025-2021 PDF p.202,ocr_detected,verified_inventory,154,draft_unreviewed,not_promoted,outside_current_37_label_claim_unless_crosswalked
GF0025-2021-3-025,【三25】,GF 0025—2021 Appendix A,3,三级,25,词类,介词,引出目的、原因,REF-GF0025-2021,1b5e95de7216a22388709b1008569cd1f28c95737d73cecd6d3ebdc8e6278f2d,202,GF0025-2021 PDF p.202,ocr_detected,verified_inventory,155,draft_unreviewed,not_promoted,outside_current_37_label_claim_unless_crosswalked
GF0025-2021-3-026,【三26】,GF 0025—2021 Appendix A,3,三级,26,词类,介词,引出目的、原因,REF-GF0025-2021,1b5e95de7216a22388709b1008569cd1f28c95737d73cecd6d3ebdc8e6278f2d,202,GF0025-2021 PDF p.202,ocr_detected,verified_inventory,156,draft_unreviewed,not_promoted,outside_current_37_label_claim_unless_crosswalked
GF0025-2021-3-027,【三27】,GF 0025—2021 Appendix A,3,三级,27,词类,介词,引出施事、受事,REF-GF0025-2021,1b5e95de7216a22388709b1008569cd1f28c95737d73cecd6d3ebdc8e6278f2d,202,GF0025-2021 PDF p.202,ocr_detected,verified_inventory,157,draft_unreviewed,not_promoted,outside_current_37_label_claim_unless_crosswalked
GF0025-2021-3-028,【三28】,GF 0025—2021 Appendix A,3,三级,28,词类,介词,表示排除,REF-GF0025-2021,1b5e95de7216a22388709b1008569cd1f28c95737d73cecd6d3ebdc8e6278f2d,202,GF0025-2021 PDF p.202,ocr_detected,verified_inventory,158,draft_unreviewed,not_promoted,outside_current_37_label_claim_unless_crosswalked
GF0025-2021-3-029,【三29】,GF 0025—2021 Appendix A,3,三级,29,词类,介词,引出凭借、依据,REF-GF0025-2021,1b5e95de7216a22388709b1008569cd1f28c95737d73cecd6d3ebdc8e6278f2d,202,GF0025-2021 PDF p.202,ocr_detected,verified_inventory,159,draft_unreviewed,not_promoted,outside_current_37_label_claim_unless_crosswalked
GF0025-2021-3-030,【三30】,GF 0025—2021 Appendix A,3,三级,30,词类,连词,连接分句或句子,REF-GF0025-2021,1b5e95de7216a22388709b1008569cd1f28c95737d73cecd6d3ebdc8e6278f2d,202,GF0025-2021 PDF p.202,ocr_detected,verified_inventory,160,draft_unreviewed,not_promoted,outside_current_37_label_claim_unless_crosswalked
GF0025-2021-3-031,【三31】,GF 0025—2021 Appendix A,3,三级,31,词类,拟声词,,REF-GF0025-2021,1b5e95de7216a22388709b1008569cd1f28c95737d73cecd6d3ebdc8e6278f2d,203,GF0025-2021 PDF p.203,ocr_detected,verified_inventory,161,draft_unreviewed,not_promoted,outside_current_37_label_claim_unless_crosswalked
GF0025-2021-3-032,【三32】,GF 0025—2021 Appendix A,3,三级,32,短语,结构类型,其他结构类型,REF-GF0025-2021,1b5e95de7216a22388709b1008569cd1f28c95737d73cecd6d3ebdc8e6278f2d,203,GF0025-2021 PDF p.203,ocr_detected,verified_inventory,162,not_available,not_promoted,outside_current_37_label_claim_unless_crosswalked
GF0025-2021-3-033,【三33】,GF 0025—2021 Appendix A,3,三级,33,短语,结构类型,,REF-GF0025-2021,1b5e95de7216a22388709b1008569cd1f28c95737d73cecd6d3ebdc8e6278f2d,,GF0025-2021 PDF pp.176–259,appendix_span_verified,verified_inventory,163,draft_unreviewed,not_promoted,outside_current_37_label_claim_unless_crosswalked
GF0025-2021-3-034,【三34】,GF 0025—2021 Appendix A,3,三级,34,短语,固定短语,四字格,REF-GF0025-2021,1b5e95de7216a22388709b1008569cd1f28c95737d73cecd6d3ebdc8e6278f2d,203,GF0025-2021 PDF p.203,ocr_detected,verified_inventory,164,draft_unreviewed,not_promoted,outside_current_37_label_claim_unless_crosswalked
GF0025-2021-3-035,【三35】,GF 0025—2021 Appendix A,3,三级,35,短语,固定短语,其他,REF-GF0025-2021,1b5e95de7216a22388709b1008569cd1f28c95737d73cecd6d3ebdc8e6278f2d,203,GF0025-2021 PDF p.203,ocr_detected,verified_inventory,165,draft_unreviewed,not_promoted,outside_current_37_label_claim_unless_crosswalked
GF0025-2021-3-036,【三36】,GF 0025—2021 Appendix A,3,三级,36,短语,固定短语,其他,REF-GF0025-2021,1b5e95de7216a22388709b1008569cd1f28c95737d73cecd6d3ebdc8e6278f2d,203,GF0025-2021 PDF p.203,ocr_detected,verified_inventory,166,draft_unreviewed,not_promoted,outside_current_37_label_claim_unless_crosswalked
GF0025-2021-3-037,【三37】,GF 0025—2021 Appendix A,3,三级,37,短语,固定短语,其他,REF-GF0025-2021,1b5e95de7216a22388709b1008569cd1f28c95737d73cecd6d3ebdc8e6278f2d,204,GF0025-2021 PDF p.204,ocr_detected,verified_inventory,167,draft_unreviewed,not_promoted,outside_current_37_label_claim_unless_crosswalked
GF0025-2021-3-038,【三38】,GF 0025—2021 Appendix A,3,三级,38,固定格式,未细分,,REF-GF0025-2021,1b5e95de7216a22388709b1008569cd1f28c95737d73cecd6d3ebdc8e6278f2d,,GF0025-2021 PDF pp.176–259,appendix_span_verified,verified_inventory,168,draft_unreviewed,not_promoted,outside_current_37_label_claim_unless_crosswalked
GF0025-2021-3-039,【三39】,GF 0025—2021 Appendix A,3,三级,39,固定格式,未细分,,REF-GF0025-2021,1b5e95de7216a22388709b1008569cd1f28c95737d73cecd6d3ebdc8e6278f2d,204,GF0025-2021 PDF p.204,ocr_detected,verified_inventory,169,draft_unreviewed,not_promoted,outside_current_37_label_claim_unless_crosswalked
GF0025-2021-3-040,【三40】,GF 0025—2021 Appendix A,3,三级,40,固定格式,未细分,,REF-GF0025-2021,1b5e95de7216a22388709b1008569cd1f28c95737d73cecd6d3ebdc8e6278f2d,204,GF0025-2021 PDF p.204,ocr_detected,verified_inventory,170,draft_unreviewed,not_promoted,outside_current_37_label_claim_unless_crosswalked
GF0025-2021-3-041,【三41】,GF 0025—2021 Appendix A,3,三级,41,固定格式,未细分,,REF-GF0025-2021,1b5e95de7216a22388709b1008569cd1f28c95737d73cecd6d3ebdc8e6278f2d,,GF0025-2021 PDF pp.176–259,appendix_span_verified,verified_inventory,171,draft_unreviewed,not_promoted,outside_current_37_label_claim_unless_crosswalked
GF0025-2021-3-042,【三42】,GF 0025—2021 Appendix A,3,三级,42,固定格式,未细分,,REF-GF0025-2021,1b5e95de7216a22388709b1008569cd1f28c95737d73cecd6d3ebdc8e6278f2d,,GF0025-2021 PDF pp.176–259,appendix_span_verified,verified_inventory,172,draft_unreviewed,not_promoted,outside_current_37_label_claim_unless_crosswalked
GF0025-2021-3-043,【三43】,GF 0025—2021 Appendix A,3,三级,43,句子成分,主语,,REF-GF0025-2021,1b5e95de7216a22388709b1008569cd1f28c95737d73cecd6d3ebdc8e6278f2d,204,GF0025-2021 PDF p.204,ocr_detected,verified_inventory,173,not_available,not_promoted,outside_current_37_label_claim_unless_crosswalked
GF0025-2021-3-044,【三44】,GF 0025—2021 Appendix A,3,三级,44,句子成分,宾语,,REF-GF0025-2021,1b5e95de7216a22388709b1008569cd1f28c95737d73cecd6d3ebdc8e6278f2d,204,GF0025-2021 PDF p.204,ocr_detected,verified_inventory,174,not_available,not_promoted,outside_current_37_label_claim_unless_crosswalked
GF0025-2021-3-045,【三45】,GF 0025—2021 Appendix A,3,三级,45,句子成分,定语,,REF-GF0025-2021,1b5e95de7216a22388709b1008569cd1f28c95737d73cecd6d3ebdc8e6278f2d,205,GF0025-2021 PDF p.205,ocr_detected,verified_inventory,175,not_available,not_promoted,outside_current_37_label_claim_unless_crosswalked
GF0025-2021-3-046,【三46】,GF 0025—2021 Appendix A,3,三级,46,句子成分,补语,结果补语,REF-GF0025-2021,1b5e95de7216a22388709b1008569cd1f28c95737d73cecd6d3ebdc8e6278f2d,205,GF0025-2021 PDF p.205,ocr_detected,verified_inventory,176,not_available,not_promoted,outside_current_37_label_claim_unless_crosswalked
GF0025-2021-3-047,【三47】,GF 0025—2021 Appendix A,3,三级,47,句子成分,补语,趋向补语,REF-GF0025-2021,1b5e95de7216a22388709b1008569cd1f28c95737d73cecd6d3ebdc8e6278f2d,205,GF0025-2021 PDF p.205,ocr_detected,verified_inventory,177,not_available,not_promoted,outside_current_37_label_claim_unless_crosswalked
GF0025-2021-3-048,【三48】,GF 0025—2021 Appendix A,3,三级,48,句子成分,补语,可能补语,REF-GF0025-2021,1b5e95de7216a22388709b1008569cd1f28c95737d73cecd6d3ebdc8e6278f2d,,GF0025-2021 PDF pp.176–259,appendix_span_verified,verified_inventory,178,not_available,not_promoted,outside_current_37_label_claim_unless_crosswalked
GF0025-2021-3-049,【三49】,GF 0025—2021 Appendix A,3,三级,49,句子成分,补语,程度补语,REF-GF0025-2021,1b5e95de7216a22388709b1008569cd1f28c95737d73cecd6d3ebdc8e6278f2d,206,GF0025-2021 PDF p.206,ocr_detected,verified_inventory,179,not_available,not_promoted,outside_current_37_label_claim_unless_crosswalked
GF0025-2021-3-050,【三50】,GF 0025—2021 Appendix A,3,三级,50,句子成分,补语,数量补语,REF-GF0025-2021,1b5e95de7216a22388709b1008569cd1f28c95737d73cecd6d3ebdc8e6278f2d,,GF0025-2021 PDF pp.176–259,appendix_span_verified,verified_inventory,180,not_available,not_promoted,outside_current_37_label_claim_unless_crosswalked
GF0025-2021-3-051,【三51】,GF 0025—2021 Appendix A,3,三级,51,句子成分,补语,数量补语,REF-GF0025-2021,1b5e95de7216a22388709b1008569cd1f28c95737d73cecd6d3ebdc8e6278f2d,,GF0025-2021 PDF pp.176–259,appendix_span_verified,verified_inventory,181,not_available,not_promoted,outside_current_37_label_claim_unless_crosswalked
GF0025-2021-3-052,【三52】,GF 0025—2021 Appendix A,3,三级,52,句子成分,补语,数量补语,REF-GF0025-2021,1b5e95de7216a22388709b1008569cd1f28c95737d73cecd6d3ebdc8e6278f2d,,GF0025-2021 PDF pp.176–259,appendix_span_verified,verified_inventory,182,not_available,not_promoted,outside_current_37_label_claim_unless_crosswalked
GF0025-2021-3-053,【三53】,GF 0025—2021 Appendix A,3,三级,53,句子的类型,句型,单句,REF-GF0025-2021,1b5e95de7216a22388709b1008569cd1f28c95737d73cecd6d3ebdc8e6278f2d,,GF0025-2021 PDF pp.176–259,appendix_span_verified,verified_inventory,183,not_available,not_promoted,outside_current_37_label_claim_unless_crosswalked
GF0025-2021-3-054,【三54】,GF 0025—2021 Appendix A,3,三级,54,句子的类型,特殊句型,“把”字句,REF-GF0025-2021,1b5e95de7216a22388709b1008569cd1f28c95737d73cecd6d3ebdc8e6278f2d,206,GF0025-2021 PDF p.206,ocr_detected,verified_inventory,184,draft_unreviewed,not_promoted,outside_current_37_label_claim_unless_crosswalked
GF0025-2021-3-055,【三55】,GF 0025—2021 Appendix A,3,三级,55,句子的类型,特殊句型,被动句,REF-GF0025-2021,1b5e95de7216a22388709b1008569cd1f28c95737d73cecd6d3ebdc8e6278f2d,,GF0025-2021 PDF pp.176–259,appendix_span_verified,verified_inventory,185,draft_unreviewed,not_promoted,outside_current_37_label_claim_unless_crosswalked
GF0025-2021-3-056,【三56】,GF 0025—2021 Appendix A,3,三级,56,句子的类型,特殊句型,连动句,REF-GF0025-2021,1b5e95de7216a22388709b1008569cd1f28c95737d73cecd6d3ebdc8e6278f2d,207,GF0025-2021 PDF p.207,ocr_detected,verified_inventory,186,not_available,not_promoted,outside_current_37_label_claim_unless_crosswalked
GF0025-2021-3-057,【三57】,GF 0025—2021 Appendix A,3,三级,57,句子的类型,特殊句型,兼语句,REF-GF0025-2021,1b5e95de7216a22388709b1008569cd1f28c95737d73cecd6d3ebdc8e6278f2d,207,GF0025-2021 PDF p.207,ocr_detected,verified_inventory,187,not_available,not_promoted,outside_current_37_label_claim_unless_crosswalked
GF0025-2021-3-058,【三58】,GF 0025—2021 Appendix A,3,三级,58,句子的类型,特殊句型,比较句,REF-GF0025-2021,1b5e95de7216a22388709b1008569cd1f28c95737d73cecd6d3ebdc8e6278f2d,207,GF0025-2021 PDF p.207,ocr_detected,verified_inventory,188,draft_unreviewed,not_promoted,outside_current_37_label_claim_unless_crosswalked
GF0025-2021-3-059,【三59】,GF 0025—2021 Appendix A,3,三级,59,句子的类型,特殊句型,重动句,REF-GF0025-2021,1b5e95de7216a22388709b1008569cd1f28c95737d73cecd6d3ebdc8e6278f2d,,GF0025-2021 PDF pp.176–259,appendix_span_verified,verified_inventory,189,not_available,not_promoted,outside_current_37_label_claim_unless_crosswalked
GF0025-2021-3-060,【三60】,GF 0025—2021 Appendix A,3,三级,60,句子的类型,复句,并列复句,REF-GF0025-2021,1b5e95de7216a22388709b1008569cd1f28c95737d73cecd6d3ebdc8e6278f2d,,GF0025-2021 PDF pp.176–259,appendix_span_verified,verified_inventory,190,draft_unreviewed,not_promoted,outside_current_37_label_claim_unless_crosswalked
GF0025-2021-3-061,【三61】,GF 0025—2021 Appendix A,3,三级,61,句子的类型,复句,并列复句,REF-GF0025-2021,1b5e95de7216a22388709b1008569cd1f28c95737d73cecd6d3ebdc8e6278f2d,,GF0025-2021 PDF pp.176–259,appendix_span_verified,verified_inventory,191,draft_unreviewed,not_promoted,outside_current_37_label_claim_unless_crosswalked
GF0025-2021-3-062,【三62】,GF 0025—2021 Appendix A,3,三级,62,句子的类型,复句,并列复句,REF-GF0025-2021,1b5e95de7216a22388709b1008569cd1f28c95737d73cecd6d3ebdc8e6278f2d,208,GF0025-2021 PDF p.208,ocr_detected,verified_inventory,192,draft_unreviewed,not_promoted,outside_current_37_label_claim_unless_crosswalked
GF0025-2021-3-063,【三63】,GF 0025—2021 Appendix A,3,三级,63,句子的类型,复句,并列复句,REF-GF0025-2021,1b5e95de7216a22388709b1008569cd1f28c95737d73cecd6d3ebdc8e6278f2d,,GF0025-2021 PDF pp.176–259,appendix_span_verified,verified_inventory,193,draft_unreviewed,not_promoted,outside_current_37_label_claim_unless_crosswalked
GF0025-2021-3-064,【三64】,GF 0025—2021 Appendix A,3,三级,64,句子的类型,复句,承接复句,REF-GF0025-2021,1b5e95de7216a22388709b1008569cd1f28c95737d73cecd6d3ebdc8e6278f2d,208,GF0025-2021 PDF p.208,ocr_detected,verified_inventory,194,draft_unreviewed,not_promoted,outside_current_37_label_claim_unless_crosswalked
GF0025-2021-3-065,【三65】,GF 0025—2021 Appendix A,3,三级,65,句子的类型,复句,递进复句,REF-GF0025-2021,1b5e95de7216a22388709b1008569cd1f28c95737d73cecd6d3ebdc8e6278f2d,208,GF0025-2021 PDF p.208,ocr_detected,verified_inventory,195,draft_unreviewed,not_promoted,outside_current_37_label_claim_unless_crosswalked
GF0025-2021-3-066,【三66】,GF 0025—2021 Appendix A,3,三级,66,句子的类型,复句,递进复句,REF-GF0025-2021,1b5e95de7216a22388709b1008569cd1f28c95737d73cecd6d3ebdc8e6278f2d,209,GF0025-2021 PDF p.209,ocr_detected,verified_inventory,196,draft_unreviewed,not_promoted,outside_current_37_label_claim_unless_crosswalked
GF0025-2021-3-067,【三67】,GF 0025—2021 Appendix A,3,三级,67,句子的类型,复句,选择复句,REF-GF0025-2021,1b5e95de7216a22388709b1008569cd1f28c95737d73cecd6d3ebdc8e6278f2d,209,GF0025-2021 PDF p.209,ocr_detected,verified_inventory,197,draft_unreviewed,not_promoted,outside_current_37_label_claim_unless_crosswalked
GF0025-2021-3-068,【三68】,GF 0025—2021 Appendix A,3,三级,68,句子的类型,复句,转折复句,REF-GF0025-2021,1b5e95de7216a22388709b1008569cd1f28c95737d73cecd6d3ebdc8e6278f2d,209,GF0025-2021 PDF p.209,ocr_detected,verified_inventory,198,draft_unreviewed,not_promoted,outside_current_37_label_claim_unless_crosswalked
GF0025-2021-3-069,【三69】,GF 0025—2021 Appendix A,3,三级,69,句子的类型,复句,假设复句,REF-GF0025-2021,1b5e95de7216a22388709b1008569cd1f28c95737d73cecd6d3ebdc8e6278f2d,209,GF0025-2021 PDF p.209,ocr_detected,verified_inventory,199,draft_unreviewed,not_promoted,outside_current_37_label_claim_unless_crosswalked
GF0025-2021-3-070,【三70】,GF 0025—2021 Appendix A,3,三级,70,句子的类型,复句,条件复句,REF-GF0025-2021,1b5e95de7216a22388709b1008569cd1f28c95737d73cecd6d3ebdc8e6278f2d,,GF0025-2021 PDF pp.176–259,appendix_span_verified,verified_inventory,200,draft_unreviewed,not_promoted,outside_current_37_label_claim_unless_crosswalked
GF0025-2021-3-071,【三71】,GF 0025—2021 Appendix A,3,三级,71,句子的类型,复句,因果复句,REF-GF0025-2021,1b5e95de7216a22388709b1008569cd1f28c95737d73cecd6d3ebdc8e6278f2d,209,GF0025-2021 PDF p.209,ocr_detected,verified_inventory,201,draft_unreviewed,not_promoted,outside_current_37_label_claim_unless_crosswalked
GF0025-2021-3-072,【三72】,GF 0025—2021 Appendix A,3,三级,72,句子的类型,复句,目的复句,REF-GF0025-2021,1b5e95de7216a22388709b1008569cd1f28c95737d73cecd6d3ebdc8e6278f2d,209,GF0025-2021 PDF p.209,ocr_detected,verified_inventory,202,draft_unreviewed,not_promoted,outside_current_37_label_claim_unless_crosswalked
GF0025-2021-3-073,【三73】,GF 0025—2021 Appendix A,3,三级,73,句子的类型,复句,紧缩复句,REF-GF0025-2021,1b5e95de7216a22388709b1008569cd1f28c95737d73cecd6d3ebdc8e6278f2d,,GF0025-2021 PDF pp.176–259,appendix_span_verified,verified_inventory,203,draft_unreviewed,not_promoted,outside_current_37_label_claim_unless_crosswalked
GF0025-2021-3-074,【三74】,GF 0025—2021 Appendix A,3,三级,74,特殊表达法,数的表示法,,REF-GF0025-2021,1b5e95de7216a22388709b1008569cd1f28c95737d73cecd6d3ebdc8e6278f2d,,GF0025-2021 PDF pp.176–259,appendix_span_verified,verified_inventory,204,not_available,not_promoted,outside_current_37_label_claim_unless_crosswalked
GF0025-2021-3-075,【三75】,GF 0025—2021 Appendix A,3,三级,75,强调的方法,未细分,,REF-GF0025-2021,1b5e95de7216a22388709b1008569cd1f28c95737d73cecd6d3ebdc8e6278f2d,210,GF0025-2021 PDF p.210,ocr_detected,verified_inventory,205,draft_unreviewed,not_promoted,outside_current_37_label_claim_unless_crosswalked
GF0025-2021-3-076,【三76】,GF 0025—2021 Appendix A,3,三级,76,强调的方法,未细分,,REF-GF0025-2021,1b5e95de7216a22388709b1008569cd1f28c95737d73cecd6d3ebdc8e6278f2d,210,GF0025-2021 PDF p.210,ocr_detected,verified_inventory,206,draft_unreviewed,not_promoted,outside_current_37_label_claim_unless_crosswalked
GF0025-2021-3-077,【三77】,GF 0025—2021 Appendix A,3,三级,77,强调的方法,未细分,,REF-GF0025-2021,1b5e95de7216a22388709b1008569cd1f28c95737d73cecd6d3ebdc8e6278f2d,210,GF0025-2021 PDF p.210,ocr_detected,verified_inventory,207,not_available,not_promoted,outside_current_37_label_claim_unless_crosswalked
GF0025-2021-3-078,【三78】,GF 0025—2021 Appendix A,3,三级,78,提问的方法,未细分,,REF-GF0025-2021,1b5e95de7216a22388709b1008569cd1f28c95737d73cecd6d3ebdc8e6278f2d,210,GF0025-2021 PDF p.210,ocr_detected,verified_inventory,208,draft_unreviewed,not_promoted,outside_current_37_label_claim_unless_crosswalked
GF0025-2021-3-079,【三79】,GF 0025—2021 Appendix A,3,三级,79,口语格式,未细分,,REF-GF0025-2021,1b5e95de7216a22388709b1008569cd1f28c95737d73cecd6d3ebdc8e6278f2d,,GF0025-2021 PDF pp.176–259,appendix_span_verified,verified_inventory,209,draft_unreviewed,not_promoted,outside_current_37_label_claim_unless_crosswalked
GF0025-2021-3-080,【三80】,GF 0025—2021 Appendix A,3,三级,80,口语格式,未细分,,REF-GF0025-2021,1b5e95de7216a22388709b1008569cd1f28c95737d73cecd6d3ebdc8e6278f2d,210,GF0025-2021 PDF p.210,ocr_detected,verified_inventory,210,draft_unreviewed,not_promoted,outside_current_37_label_claim_unless_crosswalked
GF0025-2021-3-081,【三81】,GF 0025—2021 Appendix A,3,三级,81,口语格式,未细分,,REF-GF0025-2021,1b5e95de7216a22388709b1008569cd1f28c95737d73cecd6d3ebdc8e6278f2d,211,GF0025-2021 PDF p.211,ocr_detected,verified_inventory,211,draft_unreviewed,not_promoted,outside_current_37_label_claim_unless_crosswalked
GF0025-2021-4-001,【四01】,GF 0025—2021 Appendix A,4,四级,1,词类,动词,能愿动词,REF-GF0025-2021,1b5e95de7216a22388709b1008569cd1f28c95737d73cecd6d3ebdc8e6278f2d,211,GF0025-2021 PDF p.211,ocr_detected,verified_inventory,212,draft_unreviewed,not_promoted,outside_current_37_label_claim_unless_crosswalked
GF0025-2021-4-002,【四02】,GF 0025—2021 Appendix A,4,四级,2,词类,代词,人称代词,REF-GF0025-2021,1b5e95de7216a22388709b1008569cd1f28c95737d73cecd6d3ebdc8e6278f2d,211,GF0025-2021 PDF p.211,ocr_detected,verified_inventory,213,draft_unreviewed,not_promoted,outside_current_37_label_claim_unless_crosswalked
GF0025-2021-4-003,【四03】,GF 0025—2021 Appendix A,4,四级,3,词类,量词,名量词,REF-GF0025-2021,1b5e95de7216a22388709b1008569cd1f28c95737d73cecd6d3ebdc8e6278f2d,211,GF0025-2021 PDF p.211,ocr_detected,verified_inventory,214,draft_unreviewed,not_promoted,outside_current_37_label_claim_unless_crosswalked
GF0025-2021-4-004,【四04】,GF 0025—2021 Appendix A,4,四级,4,词类,量词,借用量词,REF-GF0025-2021,1b5e95de7216a22388709b1008569cd1f28c95737d73cecd6d3ebdc8e6278f2d,211,GF0025-2021 PDF p.211,ocr_detected,verified_inventory,215,draft_unreviewed,not_promoted,outside_current_37_label_claim_unless_crosswalked
GF0025-2021-4-005,【四05】,GF 0025—2021 Appendix A,4,四级,5,词类,副词,程度副词,REF-GF0025-2021,1b5e95de7216a22388709b1008569cd1f28c95737d73cecd6d3ebdc8e6278f2d,211,GF0025-2021 PDF p.211,ocr_detected,verified_inventory,216,draft_unreviewed,not_promoted,outside_current_37_label_claim_unless_crosswalked
GF0025-2021-4-006,【四06】,GF 0025—2021 Appendix A,4,四级,6,词类,副词,范围、协同副词,REF-GF0025-2021,1b5e95de7216a22388709b1008569cd1f28c95737d73cecd6d3ebdc8e6278f2d,211,GF0025-2021 PDF p.211,ocr_detected,verified_inventory,217,draft_unreviewed,not_promoted,outside_current_37_label_claim_unless_crosswalked
GF0025-2021-4-007,【四07】,GF 0025—2021 Appendix A,4,四级,7,词类,副词,时间副词,REF-GF0025-2021,1b5e95de7216a22388709b1008569cd1f28c95737d73cecd6d3ebdc8e6278f2d,212,GF0025-2021 PDF p.212,ocr_detected,verified_inventory,218,draft_unreviewed,not_promoted,outside_current_37_label_claim_unless_crosswalked
GF0025-2021-4-008,【四08】,GF 0025—2021 Appendix A,4,四级,8,词类,副词,频率、重复副词,REF-GF0025-2021,1b5e95de7216a22388709b1008569cd1f28c95737d73cecd6d3ebdc8e6278f2d,212,GF0025-2021 PDF p.212,ocr_detected,verified_inventory,219,draft_unreviewed,not_promoted,outside_current_37_label_claim_unless_crosswalked
GF0025-2021-4-009,【四09】,GF 0025—2021 Appendix A,4,四级,9,词类,副词,关联副词,REF-GF0025-2021,1b5e95de7216a22388709b1008569cd1f28c95737d73cecd6d3ebdc8e6278f2d,212,GF0025-2021 PDF p.212,ocr_detected,verified_inventory,220,draft_unreviewed,not_promoted,outside_current_37_label_claim_unless_crosswalked
GF0025-2021-4-010,【四10】,GF 0025—2021 Appendix A,4,四级,10,词类,副词,否定副词,REF-GF0025-2021,1b5e95de7216a22388709b1008569cd1f28c95737d73cecd6d3ebdc8e6278f2d,,GF0025-2021 PDF pp.176–259,appendix_span_verified,verified_inventory,221,draft_unreviewed,not_promoted,outside_current_37_label_claim_unless_crosswalked
GF0025-2021-4-011,【四11】,GF 0025—2021 Appendix A,4,四级,11,词类,副词,情态副词,REF-GF0025-2021,1b5e95de7216a22388709b1008569cd1f28c95737d73cecd6d3ebdc8e6278f2d,212,GF0025-2021 PDF p.212,ocr_detected,verified_inventory,222,draft_unreviewed,not_promoted,outside_current_37_label_claim_unless_crosswalked
GF0025-2021-4-012,【四12】,GF 0025—2021 Appendix A,4,四级,12,词类,副词,语气副词,REF-GF0025-2021,1b5e95de7216a22388709b1008569cd1f28c95737d73cecd6d3ebdc8e6278f2d,212,GF0025-2021 PDF p.212,ocr_detected,verified_inventory,223,draft_unreviewed,not_promoted,outside_current_37_label_claim_unless_crosswalked
GF0025-2021-4-013,【四13】,GF 0025—2021 Appendix A,4,四级,13,词类,介词,引出时间、处所,REF-GF0025-2021,1b5e95de7216a22388709b1008569cd1f28c95737d73cecd6d3ebdc8e6278f2d,212,GF0025-2021 PDF p.212,ocr_detected,verified_inventory,224,draft_unreviewed,not_promoted,outside_current_37_label_claim_unless_crosswalked
GF0025-2021-4-014,【四14】,GF 0025—2021 Appendix A,4,四级,14,词类,介词,引出对象,REF-GF0025-2021,1b5e95de7216a22388709b1008569cd1f28c95737d73cecd6d3ebdc8e6278f2d,212,GF0025-2021 PDF p.212,ocr_detected,verified_inventory,225,draft_unreviewed,not_promoted,outside_current_37_label_claim_unless_crosswalked
GF0025-2021-4-015,【四15】,GF 0025—2021 Appendix A,4,四级,15,词类,介词,引出对象,REF-GF0025-2021,1b5e95de7216a22388709b1008569cd1f28c95737d73cecd6d3ebdc8e6278f2d,,GF0025-2021 PDF pp.176–259,appendix_span_verified,verified_inventory,226,draft_unreviewed,not_promoted,outside_current_37_label_claim_unless_crosswalked
GF0025-2021-4-016,【四16】,GF 0025—2021 Appendix A,4,四级,16,词类,介词,引出对象,REF-GF0025-2021,1b5e95de7216a22388709b1008569cd1f28c95737d73cecd6d3ebdc8e6278f2d,213,GF0025-2021 PDF p.213,ocr_detected,verified_inventory,227,draft_unreviewed,not_promoted,outside_current_37_label_claim_unless_crosswalked
GF0025-2021-4-017,【四17】,GF 0025—2021 Appendix A,4,四级,17,词类,介词,引出凭借、依据,REF-GF0025-2021,1b5e95de7216a22388709b1008569cd1f28c95737d73cecd6d3ebdc8e6278f2d,213,GF0025-2021 PDF p.213,ocr_detected,verified_inventory,228,draft_unreviewed,not_promoted,outside_current_37_label_claim_unless_crosswalked
GF0025-2021-4-018,【四18】,GF 0025—2021 Appendix A,4,四级,18,词类,介词,引出凭借、依据,REF-GF0025-2021,1b5e95de7216a22388709b1008569cd1f28c95737d73cecd6d3ebdc8e6278f2d,213,GF0025-2021 PDF p.213,ocr_detected,verified_inventory,229,draft_unreviewed,not_promoted,outside_current_37_label_claim_unless_crosswalked
GF0025-2021-4-019,【四19】,GF 0025—2021 Appendix A,4,四级,19,词类,连词,连接词或词组,REF-GF0025-2021,1b5e95de7216a22388709b1008569cd1f28c95737d73cecd6d3ebdc8e6278f2d,213,GF0025-2021 PDF p.213,ocr_detected,verified_inventory,230,draft_unreviewed,not_promoted,outside_current_37_label_claim_unless_crosswalked
GF0025-2021-4-020,【四20】,GF 0025—2021 Appendix A,4,四级,20,词类,连词,连接分句或句子,REF-GF0025-2021,1b5e95de7216a22388709b1008569cd1f28c95737d73cecd6d3ebdc8e6278f2d,213,GF0025-2021 PDF p.213,ocr_detected,verified_inventory,231,draft_unreviewed,not_promoted,outside_current_37_label_claim_unless_crosswalked
GF0025-2021-4-021,【四21】,GF 0025—2021 Appendix A,4,四级,21,词类,助词,其他助词,REF-GF0025-2021,1b5e95de7216a22388709b1008569cd1f28c95737d73cecd6d3ebdc8e6278f2d,213,GF0025-2021 PDF p.213,ocr_detected,verified_inventory,232,draft_unreviewed,not_promoted,outside_current_37_label_claim_unless_crosswalked
GF0025-2021-4-022,【四22】,GF 0025—2021 Appendix A,4,四级,22,词类,叹词,,REF-GF0025-2021,1b5e95de7216a22388709b1008569cd1f28c95737d73cecd6d3ebdc8e6278f2d,214,GF0025-2021 PDF p.214,ocr_detected,verified_inventory,233,draft_unreviewed,not_promoted,outside_current_37_label_claim_unless_crosswalked
GF0025-2021-4-023,【四23】,GF 0025—2021 Appendix A,4,四级,23,短语,固定短语,四字格,REF-GF0025-2021,1b5e95de7216a22388709b1008569cd1f28c95737d73cecd6d3ebdc8e6278f2d,214,GF0025-2021 PDF p.214,ocr_detected,verified_inventory,234,draft_unreviewed,not_promoted,outside_current_37_label_claim_unless_crosswalked
GF0025-2021-4-024,【四24】,GF 0025—2021 Appendix A,4,四级,24,短语,固定短语,四字格,REF-GF0025-2021,1b5e95de7216a22388709b1008569cd1f28c95737d73cecd6d3ebdc8e6278f2d,214,GF0025-2021 PDF p.214,ocr_detected,verified_inventory,235,draft_unreviewed,not_promoted,outside_current_37_label_claim_unless_crosswalked
GF0025-2021-4-025,【四25】,GF 0025—2021 Appendix A,4,四级,25,短语,固定短语,其他,REF-GF0025-2021,1b5e95de7216a22388709b1008569cd1f28c95737d73cecd6d3ebdc8e6278f2d,,GF0025-2021 PDF pp.176–259,appendix_span_verified,verified_inventory,236,draft_unreviewed,not_promoted,outside_current_37_label_claim_unless_crosswalked
GF0025-2021-4-026,【四26】,GF 0025—2021 Appendix A,4,四级,26,短语,固定短语,其他,REF-GF0025-2021,1b5e95de7216a22388709b1008569cd1f28c95737d73cecd6d3ebdc8e6278f2d,,GF0025-2021 PDF pp.176–259,appendix_span_verified,verified_inventory,237,draft_unreviewed,not_promoted,outside_current_37_label_claim_unless_crosswalked
GF0025-2021-4-027,【四27】,GF 0025—2021 Appendix A,4,四级,27,短语,固定短语,其他,REF-GF0025-2021,1b5e95de7216a22388709b1008569cd1f28c95737d73cecd6d3ebdc8e6278f2d,,GF0025-2021 PDF pp.176–259,appendix_span_verified,verified_inventory,238,draft_unreviewed,not_promoted,outside_current_37_label_claim_unless_crosswalked
GF0025-2021-4-028,【四28】,GF 0025—2021 Appendix A,4,四级,28,短语,固定短语,其他,REF-GF0025-2021,1b5e95de7216a22388709b1008569cd1f28c95737d73cecd6d3ebdc8e6278f2d,,GF0025-2021 PDF pp.176–259,appendix_span_verified,verified_inventory,239,draft_unreviewed,not_promoted,outside_current_37_label_claim_unless_crosswalked
GF0025-2021-4-029,【四29】,GF 0025—2021 Appendix A,4,四级,29,固定格式,未细分,,REF-GF0025-2021,1b5e95de7216a22388709b1008569cd1f28c95737d73cecd6d3ebdc8e6278f2d,,GF0025-2021 PDF pp.176–259,appendix_span_verified,verified_inventory,240,draft_unreviewed,not_promoted,outside_current_37_label_claim_unless_crosswalked
GF0025-2021-4-030,【四30】,GF 0025—2021 Appendix A,4,四级,30,固定格式,未细分,,REF-GF0025-2021,1b5e95de7216a22388709b1008569cd1f28c95737d73cecd6d3ebdc8e6278f2d,215,GF0025-2021 PDF p.215,ocr_detected,verified_inventory,241,draft_unreviewed,not_promoted,outside_current_37_label_claim_unless_crosswalked
GF0025-2021-4-031,【四31】,GF 0025—2021 Appendix A,4,四级,31,固定格式,未细分,,REF-GF0025-2021,1b5e95de7216a22388709b1008569cd1f28c95737d73cecd6d3ebdc8e6278f2d,215,GF0025-2021 PDF p.215,ocr_detected,verified_inventory,242,draft_unreviewed,not_promoted,outside_current_37_label_claim_unless_crosswalked
GF0025-2021-4-032,【四32】,GF 0025—2021 Appendix A,4,四级,32,固定格式,未细分,,REF-GF0025-2021,1b5e95de7216a22388709b1008569cd1f28c95737d73cecd6d3ebdc8e6278f2d,215,GF0025-2021 PDF p.215,ocr_detected,verified_inventory,243,draft_unreviewed,not_promoted,outside_current_37_label_claim_unless_crosswalked
GF0025-2021-4-033,【四33】,GF 0025—2021 Appendix A,4,四级,33,固定格式,未细分,,REF-GF0025-2021,1b5e95de7216a22388709b1008569cd1f28c95737d73cecd6d3ebdc8e6278f2d,,GF0025-2021 PDF pp.176–259,appendix_span_verified,verified_inventory,244,draft_unreviewed,not_promoted,outside_current_37_label_claim_unless_crosswalked
GF0025-2021-4-034,【四34】,GF 0025—2021 Appendix A,4,四级,34,句子成分,主语,,REF-GF0025-2021,1b5e95de7216a22388709b1008569cd1f28c95737d73cecd6d3ebdc8e6278f2d,,GF0025-2021 PDF pp.176–259,appendix_span_verified,verified_inventory,245,not_available,not_promoted,outside_current_37_label_claim_unless_crosswalked
GF0025-2021-4-035,【四35】,GF 0025—2021 Appendix A,4,四级,35,句子成分,主语,,REF-GF0025-2021,1b5e95de7216a22388709b1008569cd1f28c95737d73cecd6d3ebdc8e6278f2d,215,GF0025-2021 PDF p.215,ocr_detected,verified_inventory,246,not_available,not_promoted,outside_current_37_label_claim_unless_crosswalked
GF0025-2021-4-036,【四36】,GF 0025—2021 Appendix A,4,四级,36,句子成分,定语,,REF-GF0025-2021,1b5e95de7216a22388709b1008569cd1f28c95737d73cecd6d3ebdc8e6278f2d,216,GF0025-2021 PDF p.216,ocr_detected,verified_inventory,247,not_available,not_promoted,outside_current_37_label_claim_unless_crosswalked
GF0025-2021-4-037,【四37】,GF 0025—2021 Appendix A,4,四级,37,句子成分,补语,趋向补语,REF-GF0025-2021,1b5e95de7216a22388709b1008569cd1f28c95737d73cecd6d3ebdc8e6278f2d,216,GF0025-2021 PDF p.216,ocr_detected,verified_inventory,248,not_available,not_promoted,outside_current_37_label_claim_unless_crosswalked
GF0025-2021-4-038,【四38】,GF 0025—2021 Appendix A,4,四级,38,句子的类型,特殊句型,“把”字句,REF-GF0025-2021,1b5e95de7216a22388709b1008569cd1f28c95737d73cecd6d3ebdc8e6278f2d,216,GF0025-2021 PDF p.216,ocr_detected,verified_inventory,249,draft_unreviewed,not_promoted,outside_current_37_label_claim_unless_crosswalked
GF0025-2021-4-039,【四39】,GF 0025—2021 Appendix A,4,四级,39,句子的类型,特殊句型,被动句,REF-GF0025-2021,1b5e95de7216a22388709b1008569cd1f28c95737d73cecd6d3ebdc8e6278f2d,,GF0025-2021 PDF pp.176–259,appendix_span_verified,verified_inventory,250,not_available,not_promoted,outside_current_37_label_claim_unless_crosswalked
GF0025-2021-4-040,【四40】,GF 0025—2021 Appendix A,4,四级,40,句子的类型,特殊句型,存现句,REF-GF0025-2021,1b5e95de7216a22388709b1008569cd1f28c95737d73cecd6d3ebdc8e6278f2d,217,GF0025-2021 PDF p.217,ocr_detected,verified_inventory,251,not_available,not_promoted,outside_current_37_label_claim_unless_crosswalked
GF0025-2021-4-041,【四41】,GF 0025—2021 Appendix A,4,四级,41,句子的类型,特殊句型,兼语句,REF-GF0025-2021,1b5e95de7216a22388709b1008569cd1f28c95737d73cecd6d3ebdc8e6278f2d,217,GF0025-2021 PDF p.217,ocr_detected,verified_inventory,252,not_available,not_promoted,outside_current_37_label_claim_unless_crosswalked
GF0025-2021-4-042,【四42】,GF 0025—2021 Appendix A,4,四级,42,句子的类型,特殊句型,“是……的”句,REF-GF0025-2021,1b5e95de7216a22388709b1008569cd1f28c95737d73cecd6d3ebdc8e6278f2d,217,GF0025-2021 PDF p.217,ocr_detected,verified_inventory,253,draft_unreviewed,not_promoted,outside_current_37_label_claim_unless_crosswalked
GF0025-2021-4-043,【四43】,GF 0025—2021 Appendix A,4,四级,43,句子的类型,复句,并列复句,REF-GF0025-2021,1b5e95de7216a22388709b1008569cd1f28c95737d73cecd6d3ebdc8e6278f2d,217,GF0025-2021 PDF p.217,ocr_detected,verified_inventory,254,draft_unreviewed,not_promoted,outside_current_37_label_claim_unless_crosswalked
GF0025-2021-4-044,【四44】,GF 0025—2021 Appendix A,4,四级,44,句子的类型,复句,并列复句,REF-GF0025-2021,1b5e95de7216a22388709b1008569cd1f28c95737d73cecd6d3ebdc8e6278f2d,217,GF0025-2021 PDF p.217,ocr_detected,verified_inventory,255,draft_unreviewed,not_promoted,outside_current_37_label_claim_unless_crosswalked
GF0025-2021-4-045,【四45】,GF 0025—2021 Appendix A,4,四级,45,句子的类型,复句,承接复句,REF-GF0025-2021,1b5e95de7216a22388709b1008569cd1f28c95737d73cecd6d3ebdc8e6278f2d,218,GF0025-2021 PDF p.218,ocr_detected,verified_inventory,256,draft_unreviewed,not_promoted,outside_current_37_label_claim_unless_crosswalked
GF0025-2021-4-046,【四46】,GF 0025—2021 Appendix A,4,四级,46,句子的类型,复句,承接复句,REF-GF0025-2021,1b5e95de7216a22388709b1008569cd1f28c95737d73cecd6d3ebdc8e6278f2d,218,GF0025-2021 PDF p.218,ocr_detected,verified_inventory,257,draft_unreviewed,not_promoted,outside_current_37_label_claim_unless_crosswalked
GF0025-2021-4-047,【四47】,GF 0025—2021 Appendix A,4,四级,47,句子的类型,复句,递进复句,REF-GF0025-2021,1b5e95de7216a22388709b1008569cd1f28c95737d73cecd6d3ebdc8e6278f2d,218,GF0025-2021 PDF p.218,ocr_detected,verified_inventory,258,draft_unreviewed,not_promoted,outside_current_37_label_claim_unless_crosswalked
GF0025-2021-4-048,【四48】,GF 0025—2021 Appendix A,4,四级,48,句子的类型,复句,选择复句,REF-GF0025-2021,1b5e95de7216a22388709b1008569cd1f28c95737d73cecd6d3ebdc8e6278f2d,218,GF0025-2021 PDF p.218,ocr_detected,verified_inventory,259,draft_unreviewed,not_promoted,outside_current_37_label_claim_unless_crosswalked
GF0025-2021-4-049,【四49】,GF 0025—2021 Appendix A,4,四级,49,句子的类型,复句,转折复句,REF-GF0025-2021,1b5e95de7216a22388709b1008569cd1f28c95737d73cecd6d3ebdc8e6278f2d,218,GF0025-2021 PDF p.218,ocr_detected,verified_inventory,260,draft_unreviewed,not_promoted,outside_current_37_label_claim_unless_crosswalked
GF0025-2021-4-050,【四50】,GF 0025—2021 Appendix A,4,四级,50,句子的类型,复句,假设复句,REF-GF0025-2021,1b5e95de7216a22388709b1008569cd1f28c95737d73cecd6d3ebdc8e6278f2d,218,GF0025-2021 PDF p.218,ocr_detected,verified_inventory,261,draft_unreviewed,not_promoted,outside_current_37_label_claim_unless_crosswalked
GF0025-2021-4-051,【四51】,GF 0025—2021 Appendix A,4,四级,51,句子的类型,复句,假设复句,REF-GF0025-2021,1b5e95de7216a22388709b1008569cd1f28c95737d73cecd6d3ebdc8e6278f2d,,GF0025-2021 PDF pp.176–259,appendix_span_verified,verified_inventory,262,draft_unreviewed,not_promoted,outside_current_37_label_claim_unless_crosswalked
GF0025-2021-4-052,【四52】,GF 0025—2021 Appendix A,4,四级,52,句子的类型,复句,假设复句,REF-GF0025-2021,1b5e95de7216a22388709b1008569cd1f28c95737d73cecd6d3ebdc8e6278f2d,219,GF0025-2021 PDF p.219,ocr_detected,verified_inventory,263,draft_unreviewed,not_promoted,outside_current_37_label_claim_unless_crosswalked
GF0025-2021-4-053,【四53】,GF 0025—2021 Appendix A,4,四级,53,句子的类型,复句,条件复句,REF-GF0025-2021,1b5e95de7216a22388709b1008569cd1f28c95737d73cecd6d3ebdc8e6278f2d,,GF0025-2021 PDF pp.176–259,appendix_span_verified,verified_inventory,264,draft_unreviewed,not_promoted,outside_current_37_label_claim_unless_crosswalked
GF0025-2021-4-054,【四54】,GF 0025—2021 Appendix A,4,四级,54,句子的类型,复句,条件复句,REF-GF0025-2021,1b5e95de7216a22388709b1008569cd1f28c95737d73cecd6d3ebdc8e6278f2d,,GF0025-2021 PDF pp.176–259,appendix_span_verified,verified_inventory,265,draft_unreviewed,not_promoted,outside_current_37_label_claim_unless_crosswalked
GF0025-2021-4-055,【四55】,GF 0025—2021 Appendix A,4,四级,55,句子的类型,复句,因果复句,REF-GF0025-2021,1b5e95de7216a22388709b1008569cd1f28c95737d73cecd6d3ebdc8e6278f2d,219,GF0025-2021 PDF p.219,ocr_detected,verified_inventory,266,draft_unreviewed,not_promoted,outside_current_37_label_claim_unless_crosswalked
GF0025-2021-4-056,【四56】,GF 0025—2021 Appendix A,4,四级,56,句子的类型,复句,因果复句,REF-GF0025-2021,1b5e95de7216a22388709b1008569cd1f28c95737d73cecd6d3ebdc8e6278f2d,219,GF0025-2021 PDF p.219,ocr_detected,verified_inventory,267,draft_unreviewed,not_promoted,outside_current_37_label_claim_unless_crosswalked
GF0025-2021-4-057,【四57】,GF 0025—2021 Appendix A,4,四级,57,句子的类型,复句,让步复句,REF-GF0025-2021,1b5e95de7216a22388709b1008569cd1f28c95737d73cecd6d3ebdc8e6278f2d,,GF0025-2021 PDF pp.176–259,appendix_span_verified,verified_inventory,268,draft_unreviewed,not_promoted,outside_current_37_label_claim_unless_crosswalked
GF0025-2021-4-058,【四58】,GF 0025—2021 Appendix A,4,四级,58,句子的类型,复句,目的复句,REF-GF0025-2021,1b5e95de7216a22388709b1008569cd1f28c95737d73cecd6d3ebdc8e6278f2d,,GF0025-2021 PDF pp.176–259,appendix_span_verified,verified_inventory,269,draft_unreviewed,not_promoted,outside_current_37_label_claim_unless_crosswalked
GF0025-2021-4-059,【四59】,GF 0025—2021 Appendix A,4,四级,59,句子的类型,复句,紧缩复句,REF-GF0025-2021,1b5e95de7216a22388709b1008569cd1f28c95737d73cecd6d3ebdc8e6278f2d,,GF0025-2021 PDF pp.176–259,appendix_span_verified,verified_inventory,270,not_available,not_promoted,outside_current_37_label_claim_unless_crosswalked
GF0025-2021-4-060,【四60】,GF 0025—2021 Appendix A,4,四级,60,句子的类型,复句,紧缩复句,REF-GF0025-2021,1b5e95de7216a22388709b1008569cd1f28c95737d73cecd6d3ebdc8e6278f2d,,GF0025-2021 PDF pp.176–259,appendix_span_verified,verified_inventory,271,draft_unreviewed,not_promoted,outside_current_37_label_claim_unless_crosswalked
GF0025-2021-4-061,【四61】,GF 0025—2021 Appendix A,4,四级,61,特殊表达法,数的表示法,,REF-GF0025-2021,1b5e95de7216a22388709b1008569cd1f28c95737d73cecd6d3ebdc8e6278f2d,220,GF0025-2021 PDF p.220,ocr_detected,verified_inventory,272,draft_unreviewed,not_promoted,outside_current_37_label_claim_unless_crosswalked
GF0025-2021-4-062,【四62】,GF 0025—2021 Appendix A,4,四级,62,特殊表达法,数的表示法,,REF-GF0025-2021,1b5e95de7216a22388709b1008569cd1f28c95737d73cecd6d3ebdc8e6278f2d,220,GF0025-2021 PDF p.220,ocr_detected,verified_inventory,273,not_available,not_promoted,outside_current_37_label_claim_unless_crosswalked
GF0025-2021-4-063,【四63】,GF 0025—2021 Appendix A,4,四级,63,强调的方法,未细分,,REF-GF0025-2021,1b5e95de7216a22388709b1008569cd1f28c95737d73cecd6d3ebdc8e6278f2d,220,GF0025-2021 PDF p.220,ocr_detected,verified_inventory,274,not_available,not_promoted,outside_current_37_label_claim_unless_crosswalked
GF0025-2021-4-064,【四64】,GF 0025—2021 Appendix A,4,四级,64,强调的方法,未细分,,REF-GF0025-2021,1b5e95de7216a22388709b1008569cd1f28c95737d73cecd6d3ebdc8e6278f2d,220,GF0025-2021 PDF p.220,ocr_detected,verified_inventory,275,not_available,not_promoted,outside_current_37_label_claim_unless_crosswalked
GF0025-2021-4-065,【四65】,GF 0025—2021 Appendix A,4,四级,65,强调的方法,未细分,,REF-GF0025-2021,1b5e95de7216a22388709b1008569cd1f28c95737d73cecd6d3ebdc8e6278f2d,220,GF0025-2021 PDF p.220,ocr_detected,verified_inventory,276,draft_unreviewed,not_promoted,outside_current_37_label_claim_unless_crosswalked
GF0025-2021-4-066,【四66】,GF 0025—2021 Appendix A,4,四级,66,强调的方法,未细分,,REF-GF0025-2021,1b5e95de7216a22388709b1008569cd1f28c95737d73cecd6d3ebdc8e6278f2d,,GF0025-2021 PDF pp.176–259,appendix_span_verified,verified_inventory,277,draft_unreviewed,not_promoted,outside_current_37_label_claim_unless_crosswalked
GF0025-2021-4-067,【四67】,GF 0025—2021 Appendix A,4,四级,67,口语格式,未细分,,REF-GF0025-2021,1b5e95de7216a22388709b1008569cd1f28c95737d73cecd6d3ebdc8e6278f2d,221,GF0025-2021 PDF p.221,ocr_detected,verified_inventory,278,draft_unreviewed,not_promoted,outside_current_37_label_claim_unless_crosswalked
GF0025-2021-4-068,【四68】,GF 0025—2021 Appendix A,4,四级,68,口语格式,未细分,,REF-GF0025-2021,1b5e95de7216a22388709b1008569cd1f28c95737d73cecd6d3ebdc8e6278f2d,221,GF0025-2021 PDF p.221,ocr_detected,verified_inventory,279,not_available,not_promoted,outside_current_37_label_claim_unless_crosswalked
GF0025-2021-4-069,【四69】,GF 0025—2021 Appendix A,4,四级,69,口语格式,未细分,,REF-GF0025-2021,1b5e95de7216a22388709b1008569cd1f28c95737d73cecd6d3ebdc8e6278f2d,221,GF0025-2021 PDF p.221,ocr_detected,verified_inventory,280,draft_unreviewed,not_promoted,outside_current_37_label_claim_unless_crosswalked
GF0025-2021-4-070,【四70】,GF 0025—2021 Appendix A,4,四级,70,口语格式,未细分,,REF-GF0025-2021,1b5e95de7216a22388709b1008569cd1f28c95737d73cecd6d3ebdc8e6278f2d,221,GF0025-2021 PDF p.221,ocr_detected,verified_inventory,281,draft_unreviewed,not_promoted,outside_current_37_label_claim_unless_crosswalked
GF0025-2021-4-071,【四71】,GF 0025—2021 Appendix A,4,四级,71,口语格式,未细分,,REF-GF0025-2021,1b5e95de7216a22388709b1008569cd1f28c95737d73cecd6d3ebdc8e6278f2d,,GF0025-2021 PDF pp.176–259,appendix_span_verified,verified_inventory,282,draft_unreviewed,not_promoted,outside_current_37_label_claim_unless_crosswalked
GF0025-2021-4-072,【四72】,GF 0025—2021 Appendix A,4,四级,72,口语格式,未细分,,REF-GF0025-2021,1b5e95de7216a22388709b1008569cd1f28c95737d73cecd6d3ebdc8e6278f2d,,GF0025-2021 PDF pp.176–259,appendix_span_verified,verified_inventory,283,draft_unreviewed,not_promoted,outside_current_37_label_claim_unless_crosswalked
GF0025-2021-4-073,【四73】,GF 0025—2021 Appendix A,4,四级,73,口语格式,未细分,,REF-GF0025-2021,1b5e95de7216a22388709b1008569cd1f28c95737d73cecd6d3ebdc8e6278f2d,,GF0025-2021 PDF pp.176–259,appendix_span_verified,verified_inventory,284,draft_unreviewed,not_promoted,outside_current_37_label_claim_unless_crosswalked
GF0025-2021-4-074,【四74】,GF 0025—2021 Appendix A,4,四级,74,口语格式,未细分,,REF-GF0025-2021,1b5e95de7216a22388709b1008569cd1f28c95737d73cecd6d3ebdc8e6278f2d,221,GF0025-2021 PDF p.221,ocr_detected,verified_inventory,285,draft_unreviewed,not_promoted,outside_current_37_label_claim_unless_crosswalked
GF0025-2021-4-075,【四75】,GF 0025—2021 Appendix A,4,四级,75,口语格式,未细分,,REF-GF0025-2021,1b5e95de7216a22388709b1008569cd1f28c95737d73cecd6d3ebdc8e6278f2d,221,GF0025-2021 PDF p.221,ocr_detected,verified_inventory,286,draft_unreviewed,not_promoted,outside_current_37_label_claim_unless_crosswalked
GF0025-2021-4-076,【四76】,GF 0025—2021 Appendix A,4,四级,76,口语格式,未细分,,REF-GF0025-2021,1b5e95de7216a22388709b1008569cd1f28c95737d73cecd6d3ebdc8e6278f2d,222,GF0025-2021 PDF p.222,ocr_detected,verified_inventory,287,draft_unreviewed,not_promoted,outside_current_37_label_claim_unless_crosswalked
GF0025-2021-5-001,【五01】,GF 0025—2021 Appendix A,5,五级,1,词类,代词,指示代词,REF-GF0025-2021,1b5e95de7216a22388709b1008569cd1f28c95737d73cecd6d3ebdc8e6278f2d,222,GF0025-2021 PDF p.222,ocr_detected,verified_inventory,288,draft_unreviewed,not_promoted,outside_current_37_label_claim_unless_crosswalked
GF0025-2021-5-002,【五02】,GF 0025—2021 Appendix A,5,五级,2,词类,量词,名量词,REF-GF0025-2021,1b5e95de7216a22388709b1008569cd1f28c95737d73cecd6d3ebdc8e6278f2d,222,GF0025-2021 PDF p.222,ocr_detected,verified_inventory,289,draft_unreviewed,not_promoted,outside_current_37_label_claim_unless_crosswalked
GF0025-2021-5-003,【五03】,GF 0025—2021 Appendix A,5,五级,3,词类,副词,程度副词,REF-GF0025-2021,1b5e95de7216a22388709b1008569cd1f28c95737d73cecd6d3ebdc8e6278f2d,222,GF0025-2021 PDF p.222,ocr_detected,verified_inventory,290,draft_unreviewed,not_promoted,outside_current_37_label_claim_unless_crosswalked
GF0025-2021-5-004,【五04】,GF 0025—2021 Appendix A,5,五级,4,词类,副词,范围、协同副词,REF-GF0025-2021,1b5e95de7216a22388709b1008569cd1f28c95737d73cecd6d3ebdc8e6278f2d,222,GF0025-2021 PDF p.222,ocr_detected,verified_inventory,291,draft_unreviewed,not_promoted,outside_current_37_label_claim_unless_crosswalked
GF0025-2021-5-005,【五05】,GF 0025—2021 Appendix A,5,五级,5,词类,副词,时间副词,REF-GF0025-2021,1b5e95de7216a22388709b1008569cd1f28c95737d73cecd6d3ebdc8e6278f2d,222,GF0025-2021 PDF p.222,ocr_detected,verified_inventory,292,draft_unreviewed,not_promoted,outside_current_37_label_claim_unless_crosswalked
GF0025-2021-5-006,【五06】,GF 0025—2021 Appendix A,5,五级,6,词类,副词,频率、重复副词,REF-GF0025-2021,1b5e95de7216a22388709b1008569cd1f28c95737d73cecd6d3ebdc8e6278f2d,223,GF0025-2021 PDF p.223,ocr_detected,verified_inventory,293,draft_unreviewed,not_promoted,outside_current_37_label_claim_unless_crosswalked
GF0025-2021-5-007,【五07】,GF 0025—2021 Appendix A,5,五级,7,词类,副词,方式副词,REF-GF0025-2021,1b5e95de7216a22388709b1008569cd1f28c95737d73cecd6d3ebdc8e6278f2d,223,GF0025-2021 PDF p.223,ocr_detected,verified_inventory,294,draft_unreviewed,not_promoted,outside_current_37_label_claim_unless_crosswalked
GF0025-2021-5-008,【五08】,GF 0025—2021 Appendix A,5,五级,8,词类,副词,语气副词,REF-GF0025-2021,1b5e95de7216a22388709b1008569cd1f28c95737d73cecd6d3ebdc8e6278f2d,223,GF0025-2021 PDF p.223,ocr_detected,verified_inventory,295,draft_unreviewed,not_promoted,outside_current_37_label_claim_unless_crosswalked
GF0025-2021-5-009,【五09】,GF 0025—2021 Appendix A,5,五级,9,词类,介词,引出时间、处所,REF-GF0025-2021,1b5e95de7216a22388709b1008569cd1f28c95737d73cecd6d3ebdc8e6278f2d,223,GF0025-2021 PDF p.223,ocr_detected,verified_inventory,296,draft_unreviewed,not_promoted,outside_current_37_label_claim_unless_crosswalked
GF0025-2021-5-010,【五10】,GF 0025—2021 Appendix A,5,五级,10,词类,介词,引出目的、原因,REF-GF0025-2021,1b5e95de7216a22388709b1008569cd1f28c95737d73cecd6d3ebdc8e6278f2d,223,GF0025-2021 PDF p.223,ocr_detected,verified_inventory,297,draft_unreviewed,not_promoted,outside_current_37_label_claim_unless_crosswalked
GF0025-2021-5-011,【五11】,GF 0025—2021 Appendix A,5,五级,11,词类,介词,引出施事、受事,REF-GF0025-2021,1b5e95de7216a22388709b1008569cd1f28c95737d73cecd6d3ebdc8e6278f2d,223,GF0025-2021 PDF p.223,ocr_detected,verified_inventory,298,draft_unreviewed,not_promoted,outside_current_37_label_claim_unless_crosswalked
GF0025-2021-5-012,【五12】,GF 0025—2021 Appendix A,5,五级,12,词类,介词,引出凭借、依据,REF-GF0025-2021,1b5e95de7216a22388709b1008569cd1f28c95737d73cecd6d3ebdc8e6278f2d,224,GF0025-2021 PDF p.224,ocr_detected,verified_inventory,299,draft_unreviewed,not_promoted,outside_current_37_label_claim_unless_crosswalked
GF0025-2021-5-013,【五13】,GF 0025—2021 Appendix A,5,五级,13,词类,介词,引出凭借、依据,REF-GF0025-2021,1b5e95de7216a22388709b1008569cd1f28c95737d73cecd6d3ebdc8e6278f2d,224,GF0025-2021 PDF p.224,ocr_detected,verified_inventory,300,draft_unreviewed,not_promoted,outside_current_37_label_claim_unless_crosswalked
GF0025-2021-5-014,【五14】,GF 0025—2021 Appendix A,5,五级,14,词类,介词,引出凭借、依据,REF-GF0025-2021,1b5e95de7216a22388709b1008569cd1f28c95737d73cecd6d3ebdc8e6278f2d,224,GF0025-2021 PDF p.224,ocr_detected,verified_inventory,301,draft_unreviewed,not_promoted,outside_current_37_label_claim_unless_crosswalked
GF0025-2021-5-015,【五15】,GF 0025—2021 Appendix A,5,五级,15,词类,连词,连接分句或句子,REF-GF0025-2021,1b5e95de7216a22388709b1008569cd1f28c95737d73cecd6d3ebdc8e6278f2d,,GF0025-2021 PDF pp.176–259,appendix_span_verified,verified_inventory,302,draft_unreviewed,not_promoted,outside_current_37_label_claim_unless_crosswalked
GF0025-2021-5-016,【五16】,GF 0025—2021 Appendix A,5,五级,16,词类,助词,其他助词,REF-GF0025-2021,1b5e95de7216a22388709b1008569cd1f28c95737d73cecd6d3ebdc8e6278f2d,224,GF0025-2021 PDF p.224,ocr_detected,verified_inventory,303,draft_unreviewed,not_promoted,outside_current_37_label_claim_unless_crosswalked
GF0025-2021-5-017,【五17】,GF 0025—2021 Appendix A,5,五级,17,短语,固定短语,四字格,REF-GF0025-2021,1b5e95de7216a22388709b1008569cd1f28c95737d73cecd6d3ebdc8e6278f2d,224,GF0025-2021 PDF p.224,ocr_detected,verified_inventory,304,draft_unreviewed,not_promoted,outside_current_37_label_claim_unless_crosswalked
GF0025-2021-5-018,【五18】,GF 0025—2021 Appendix A,5,五级,18,短语,固定短语,四字格,REF-GF0025-2021,1b5e95de7216a22388709b1008569cd1f28c95737d73cecd6d3ebdc8e6278f2d,224,GF0025-2021 PDF p.224,ocr_detected,verified_inventory,305,draft_unreviewed,not_promoted,outside_current_37_label_claim_unless_crosswalked
GF0025-2021-5-019,【五19】,GF 0025—2021 Appendix A,5,五级,19,短语,固定短语,四字格,REF-GF0025-2021,1b5e95de7216a22388709b1008569cd1f28c95737d73cecd6d3ebdc8e6278f2d,225,GF0025-2021 PDF p.225,ocr_detected,verified_inventory,306,draft_unreviewed,not_promoted,outside_current_37_label_claim_unless_crosswalked
GF0025-2021-5-020,【五20】,GF 0025—2021 Appendix A,5,五级,20,短语,固定短语,四字格,REF-GF0025-2021,1b5e95de7216a22388709b1008569cd1f28c95737d73cecd6d3ebdc8e6278f2d,225,GF0025-2021 PDF p.225,ocr_detected,verified_inventory,307,draft_unreviewed,not_promoted,outside_current_37_label_claim_unless_crosswalked
GF0025-2021-5-021,【五21】,GF 0025—2021 Appendix A,5,五级,21,短语,固定短语,四字格,REF-GF0025-2021,1b5e95de7216a22388709b1008569cd1f28c95737d73cecd6d3ebdc8e6278f2d,225,GF0025-2021 PDF p.225,ocr_detected,verified_inventory,308,draft_unreviewed,not_promoted,outside_current_37_label_claim_unless_crosswalked
GF0025-2021-5-022,【五22】,GF 0025—2021 Appendix A,5,五级,22,短语,固定短语,其他,REF-GF0025-2021,1b5e95de7216a22388709b1008569cd1f28c95737d73cecd6d3ebdc8e6278f2d,,GF0025-2021 PDF pp.176–259,appendix_span_verified,verified_inventory,309,draft_unreviewed,not_promoted,outside_current_37_label_claim_unless_crosswalked
GF0025-2021-5-023,【五23】,GF 0025—2021 Appendix A,5,五级,23,短语,固定短语,其他,REF-GF0025-2021,1b5e95de7216a22388709b1008569cd1f28c95737d73cecd6d3ebdc8e6278f2d,,GF0025-2021 PDF pp.176–259,appendix_span_verified,verified_inventory,310,draft_unreviewed,not_promoted,outside_current_37_label_claim_unless_crosswalked
GF0025-2021-5-024,【五24】,GF 0025—2021 Appendix A,5,五级,24,短语,固定短语,其他,REF-GF0025-2021,1b5e95de7216a22388709b1008569cd1f28c95737d73cecd6d3ebdc8e6278f2d,225,GF0025-2021 PDF p.225,ocr_detected,verified_inventory,311,draft_unreviewed,not_promoted,outside_current_37_label_claim_unless_crosswalked
GF0025-2021-5-025,【五25】,GF 0025—2021 Appendix A,5,五级,25,短语,固定短语,其他,REF-GF0025-2021,1b5e95de7216a22388709b1008569cd1f28c95737d73cecd6d3ebdc8e6278f2d,225,GF0025-2021 PDF p.225,ocr_detected,verified_inventory,312,draft_unreviewed,not_promoted,outside_current_37_label_claim_unless_crosswalked
GF0025-2021-5-026,【五26】,GF 0025—2021 Appendix A,5,五级,26,固定格式,未细分,,REF-GF0025-2021,1b5e95de7216a22388709b1008569cd1f28c95737d73cecd6d3ebdc8e6278f2d,,GF0025-2021 PDF pp.176–259,appendix_span_verified,verified_inventory,313,draft_unreviewed,not_promoted,outside_current_37_label_claim_unless_crosswalked
GF0025-2021-5-027,【五27】,GF 0025—2021 Appendix A,5,五级,27,固定格式,未细分,,REF-GF0025-2021,1b5e95de7216a22388709b1008569cd1f28c95737d73cecd6d3ebdc8e6278f2d,226,GF0025-2021 PDF p.226,ocr_detected,verified_inventory,314,draft_unreviewed,not_promoted,outside_current_37_label_claim_unless_crosswalked
GF0025-2021-5-028,【五28】,GF 0025—2021 Appendix A,5,五级,28,固定格式,未细分,,REF-GF0025-2021,1b5e95de7216a22388709b1008569cd1f28c95737d73cecd6d3ebdc8e6278f2d,,GF0025-2021 PDF pp.176–259,appendix_span_verified,verified_inventory,315,draft_unreviewed,not_promoted,outside_current_37_label_claim_unless_crosswalked
GF0025-2021-5-029,【五29】,GF 0025—2021 Appendix A,5,五级,29,固定格式,未细分,,REF-GF0025-2021,1b5e95de7216a22388709b1008569cd1f28c95737d73cecd6d3ebdc8e6278f2d,226,GF0025-2021 PDF p.226,ocr_detected,verified_inventory,316,draft_unreviewed,not_promoted,outside_current_37_label_claim_unless_crosswalked
GF0025-2021-5-030,【五30】,GF 0025—2021 Appendix A,5,五级,30,固定格式,未细分,,REF-GF0025-2021,1b5e95de7216a22388709b1008569cd1f28c95737d73cecd6d3ebdc8e6278f2d,226,GF0025-2021 PDF p.226,ocr_detected,verified_inventory,317,draft_unreviewed,not_promoted,outside_current_37_label_claim_unless_crosswalked
GF0025-2021-5-031,【五31】,GF 0025—2021 Appendix A,5,五级,31,固定格式,未细分,,REF-GF0025-2021,1b5e95de7216a22388709b1008569cd1f28c95737d73cecd6d3ebdc8e6278f2d,226,GF0025-2021 PDF p.226,ocr_detected,verified_inventory,318,draft_unreviewed,not_promoted,outside_current_37_label_claim_unless_crosswalked
GF0025-2021-5-032,【五32】,GF 0025—2021 Appendix A,5,五级,32,句子成分,宾语,,REF-GF0025-2021,1b5e95de7216a22388709b1008569cd1f28c95737d73cecd6d3ebdc8e6278f2d,226,GF0025-2021 PDF p.226,ocr_detected,verified_inventory,319,not_available,not_promoted,outside_current_37_label_claim_unless_crosswalked
GF0025-2021-5-033,【五33】,GF 0025—2021 Appendix A,5,五级,33,句子成分,状语,,REF-GF0025-2021,1b5e95de7216a22388709b1008569cd1f28c95737d73cecd6d3ebdc8e6278f2d,226,GF0025-2021 PDF p.226,ocr_detected,verified_inventory,320,not_available,not_promoted,outside_current_37_label_claim_unless_crosswalked
GF0025-2021-5-034,【五34】,GF 0025—2021 Appendix A,5,五级,34,句子成分,补语,趋向补语,REF-GF0025-2021,1b5e95de7216a22388709b1008569cd1f28c95737d73cecd6d3ebdc8e6278f2d,227,GF0025-2021 PDF p.227,ocr_detected,verified_inventory,321,not_available,not_promoted,outside_current_37_label_claim_unless_crosswalked
GF0025-2021-5-035,【五35】,GF 0025—2021 Appendix A,5,五级,35,句子成分,补语,可能补语,REF-GF0025-2021,1b5e95de7216a22388709b1008569cd1f28c95737d73cecd6d3ebdc8e6278f2d,227,GF0025-2021 PDF p.227,ocr_detected,verified_inventory,322,not_available,not_promoted,outside_current_37_label_claim_unless_crosswalked
GF0025-2021-5-036,【五36】,GF 0025—2021 Appendix A,5,五级,36,句子成分,补语,程度补语,REF-GF0025-2021,1b5e95de7216a22388709b1008569cd1f28c95737d73cecd6d3ebdc8e6278f2d,227,GF0025-2021 PDF p.227,ocr_detected,verified_inventory,323,not_available,not_promoted,outside_current_37_label_claim_unless_crosswalked
GF0025-2021-5-037,【五37】,GF 0025—2021 Appendix A,5,五级,37,句子成分,补语,状态补语,REF-GF0025-2021,1b5e95de7216a22388709b1008569cd1f28c95737d73cecd6d3ebdc8e6278f2d,227,GF0025-2021 PDF p.227,ocr_detected,verified_inventory,324,not_available,not_promoted,outside_current_37_label_claim_unless_crosswalked
GF0025-2021-5-038,【五38】,GF 0025—2021 Appendix A,5,五级,38,句子的类型,特殊句型,“有”字句,REF-GF0025-2021,1b5e95de7216a22388709b1008569cd1f28c95737d73cecd6d3ebdc8e6278f2d,228,GF0025-2021 PDF p.228,ocr_detected,verified_inventory,325,not_available,not_promoted,outside_current_37_label_claim_unless_crosswalked
GF0025-2021-5-039,【五39】,GF 0025—2021 Appendix A,5,五级,39,句子的类型,特殊句型,“把”字句,REF-GF0025-2021,1b5e95de7216a22388709b1008569cd1f28c95737d73cecd6d3ebdc8e6278f2d,228,GF0025-2021 PDF p.228,ocr_detected,verified_inventory,326,draft_unreviewed,not_promoted,outside_current_37_label_claim_unless_crosswalked
GF0025-2021-5-040,【五40】,GF 0025—2021 Appendix A,5,五级,40,句子的类型,特殊句型,被动句,REF-GF0025-2021,1b5e95de7216a22388709b1008569cd1f28c95737d73cecd6d3ebdc8e6278f2d,,GF0025-2021 PDF pp.176–259,appendix_span_verified,verified_inventory,327,not_available,not_promoted,outside_current_37_label_claim_unless_crosswalked
GF0025-2021-5-041,【五41】,GF 0025—2021 Appendix A,5,五级,41,句子的类型,特殊句型,连动句,REF-GF0025-2021,1b5e95de7216a22388709b1008569cd1f28c95737d73cecd6d3ebdc8e6278f2d,,GF0025-2021 PDF pp.176–259,appendix_span_verified,verified_inventory,328,not_available,not_promoted,outside_current_37_label_claim_unless_crosswalked
GF0025-2021-5-042,【五42】,GF 0025—2021 Appendix A,5,五级,42,句子的类型,特殊句型,兼语句,REF-GF0025-2021,1b5e95de7216a22388709b1008569cd1f28c95737d73cecd6d3ebdc8e6278f2d,229,GF0025-2021 PDF p.229,ocr_detected,verified_inventory,329,not_available,not_promoted,outside_current_37_label_claim_unless_crosswalked
GF0025-2021-5-043,【五43】,GF 0025—2021 Appendix A,5,五级,43,句子的类型,特殊句型,比较句,REF-GF0025-2021,1b5e95de7216a22388709b1008569cd1f28c95737d73cecd6d3ebdc8e6278f2d,229,GF0025-2021 PDF p.229,ocr_detected,verified_inventory,330,draft_unreviewed,not_promoted,outside_current_37_label_claim_unless_crosswalked
GF0025-2021-5-044,【五44】,GF 0025—2021 Appendix A,5,五级,44,句子的类型,复句,选择复句,REF-GF0025-2021,1b5e95de7216a22388709b1008569cd1f28c95737d73cecd6d3ebdc8e6278f2d,229,GF0025-2021 PDF p.229,ocr_detected,verified_inventory,331,draft_unreviewed,not_promoted,outside_current_37_label_claim_unless_crosswalked
GF0025-2021-5-045,【五45】,GF 0025—2021 Appendix A,5,五级,45,句子的类型,复句,转折复句,REF-GF0025-2021,1b5e95de7216a22388709b1008569cd1f28c95737d73cecd6d3ebdc8e6278f2d,229,GF0025-2021 PDF p.229,ocr_detected,verified_inventory,332,draft_unreviewed,not_promoted,outside_current_37_label_claim_unless_crosswalked
GF0025-2021-5-046,【五46】,GF 0025—2021 Appendix A,5,五级,46,句子的类型,复句,假设复句,REF-GF0025-2021,1b5e95de7216a22388709b1008569cd1f28c95737d73cecd6d3ebdc8e6278f2d,,GF0025-2021 PDF pp.176–259,appendix_span_verified,verified_inventory,333,draft_unreviewed,not_promoted,outside_current_37_label_claim_unless_crosswalked
GF0025-2021-5-047,【五47】,GF 0025—2021 Appendix A,5,五级,47,句子的类型,复句,假设复句,REF-GF0025-2021,1b5e95de7216a22388709b1008569cd1f28c95737d73cecd6d3ebdc8e6278f2d,,GF0025-2021 PDF pp.176–259,appendix_span_verified,verified_inventory,334,draft_unreviewed,not_promoted,outside_current_37_label_claim_unless_crosswalked
GF0025-2021-5-048,【五48】,GF 0025—2021 Appendix A,5,五级,48,句子的类型,复句,条件复句,REF-GF0025-2021,1b5e95de7216a22388709b1008569cd1f28c95737d73cecd6d3ebdc8e6278f2d,230,GF0025-2021 PDF p.230,ocr_detected,verified_inventory,335,draft_unreviewed,not_promoted,outside_current_37_label_claim_unless_crosswalked
GF0025-2021-5-049,【五49】,GF 0025—2021 Appendix A,5,五级,49,句子的类型,复句,条件复句,REF-GF0025-2021,1b5e95de7216a22388709b1008569cd1f28c95737d73cecd6d3ebdc8e6278f2d,230,GF0025-2021 PDF p.230,ocr_detected,verified_inventory,336,draft_unreviewed,not_promoted,outside_current_37_label_claim_unless_crosswalked
GF0025-2021-5-050,【五50】,GF 0025—2021 Appendix A,5,五级,50,句子的类型,复句,因果复句,REF-GF0025-2021,1b5e95de7216a22388709b1008569cd1f28c95737d73cecd6d3ebdc8e6278f2d,230,GF0025-2021 PDF p.230,ocr_detected,verified_inventory,337,draft_unreviewed,not_promoted,outside_current_37_label_claim_unless_crosswalked
GF0025-2021-5-051,【五51】,GF 0025—2021 Appendix A,5,五级,51,句子的类型,复句,让步复句,REF-GF0025-2021,1b5e95de7216a22388709b1008569cd1f28c95737d73cecd6d3ebdc8e6278f2d,,GF0025-2021 PDF pp.176–259,appendix_span_verified,verified_inventory,338,draft_unreviewed,not_promoted,outside_current_37_label_claim_unless_crosswalked
GF0025-2021-5-052,【五52】,GF 0025—2021 Appendix A,5,五级,52,句子的类型,复句,目的复句,REF-GF0025-2021,1b5e95de7216a22388709b1008569cd1f28c95737d73cecd6d3ebdc8e6278f2d,230,GF0025-2021 PDF p.230,ocr_detected,verified_inventory,339,draft_unreviewed,not_promoted,outside_current_37_label_claim_unless_crosswalked
GF0025-2021-5-053,【五53】,GF 0025—2021 Appendix A,5,五级,53,句子的类型,复句,目的复句,REF-GF0025-2021,1b5e95de7216a22388709b1008569cd1f28c95737d73cecd6d3ebdc8e6278f2d,230,GF0025-2021 PDF p.230,ocr_detected,verified_inventory,340,draft_unreviewed,not_promoted,outside_current_37_label_claim_unless_crosswalked
GF0025-2021-5-054,【五54】,GF 0025—2021 Appendix A,5,五级,54,句子的类型,复句,紧缩复句,REF-GF0025-2021,1b5e95de7216a22388709b1008569cd1f28c95737d73cecd6d3ebdc8e6278f2d,230,GF0025-2021 PDF p.230,ocr_detected,verified_inventory,341,draft_unreviewed,not_promoted,outside_current_37_label_claim_unless_crosswalked
GF0025-2021-5-055,【五55】,GF 0025—2021 Appendix A,5,五级,55,句子的类型,复句,紧缩复句,REF-GF0025-2021,1b5e95de7216a22388709b1008569cd1f28c95737d73cecd6d3ebdc8e6278f2d,,GF0025-2021 PDF pp.176–259,appendix_span_verified,verified_inventory,342,draft_unreviewed,not_promoted,outside_current_37_label_claim_unless_crosswalked
GF0025-2021-5-056,【五56】,GF 0025—2021 Appendix A,5,五级,56,句子的类型,复句,多重复句,REF-GF0025-2021,1b5e95de7216a22388709b1008569cd1f28c95737d73cecd6d3ebdc8e6278f2d,231,GF0025-2021 PDF p.231,ocr_detected,verified_inventory,343,not_available,not_promoted,outside_current_37_label_claim_unless_crosswalked
GF0025-2021-5-057,【五57】,GF 0025—2021 Appendix A,5,五级,57,强调的方法,未细分,,REF-GF0025-2021,1b5e95de7216a22388709b1008569cd1f28c95737d73cecd6d3ebdc8e6278f2d,231,GF0025-2021 PDF p.231,ocr_detected,verified_inventory,344,draft_unreviewed,not_promoted,outside_current_37_label_claim_unless_crosswalked
GF0025-2021-5-058,【五58】,GF 0025—2021 Appendix A,5,五级,58,强调的方法,未细分,,REF-GF0025-2021,1b5e95de7216a22388709b1008569cd1f28c95737d73cecd6d3ebdc8e6278f2d,231,GF0025-2021 PDF p.231,ocr_detected,verified_inventory,345,not_available,not_promoted,outside_current_37_label_claim_unless_crosswalked
GF0025-2021-5-059,【五59】,GF 0025—2021 Appendix A,5,五级,59,强调的方法,未细分,,REF-GF0025-2021,1b5e95de7216a22388709b1008569cd1f28c95737d73cecd6d3ebdc8e6278f2d,231,GF0025-2021 PDF p.231,ocr_detected,verified_inventory,346,draft_unreviewed,not_promoted,outside_current_37_label_claim_unless_crosswalked
GF0025-2021-5-060,【五60】,GF 0025—2021 Appendix A,5,五级,60,口语格式,未细分,,REF-GF0025-2021,1b5e95de7216a22388709b1008569cd1f28c95737d73cecd6d3ebdc8e6278f2d,,GF0025-2021 PDF pp.176–259,appendix_span_verified,verified_inventory,347,draft_unreviewed,not_promoted,outside_current_37_label_claim_unless_crosswalked
GF0025-2021-5-061,【五61】,GF 0025—2021 Appendix A,5,五级,61,口语格式,未细分,,REF-GF0025-2021,1b5e95de7216a22388709b1008569cd1f28c95737d73cecd6d3ebdc8e6278f2d,,GF0025-2021 PDF pp.176–259,appendix_span_verified,verified_inventory,348,draft_unreviewed,not_promoted,outside_current_37_label_claim_unless_crosswalked
GF0025-2021-5-062,【五62】,GF 0025—2021 Appendix A,5,五级,62,口语格式,未细分,,REF-GF0025-2021,1b5e95de7216a22388709b1008569cd1f28c95737d73cecd6d3ebdc8e6278f2d,232,GF0025-2021 PDF p.232,ocr_detected,verified_inventory,349,draft_unreviewed,not_promoted,outside_current_37_label_claim_unless_crosswalked
GF0025-2021-5-063,【五63】,GF 0025—2021 Appendix A,5,五级,63,口语格式,未细分,,REF-GF0025-2021,1b5e95de7216a22388709b1008569cd1f28c95737d73cecd6d3ebdc8e6278f2d,232,GF0025-2021 PDF p.232,ocr_detected,verified_inventory,350,draft_unreviewed,not_promoted,outside_current_37_label_claim_unless_crosswalked
GF0025-2021-5-064,【五64】,GF 0025—2021 Appendix A,5,五级,64,口语格式,未细分,,REF-GF0025-2021,1b5e95de7216a22388709b1008569cd1f28c95737d73cecd6d3ebdc8e6278f2d,232,GF0025-2021 PDF p.232,ocr_detected,verified_inventory,351,draft_unreviewed,not_promoted,outside_current_37_label_claim_unless_crosswalked
GF0025-2021-5-065,【五65】,GF 0025—2021 Appendix A,5,五级,65,口语格式,未细分,,REF-GF0025-2021,1b5e95de7216a22388709b1008569cd1f28c95737d73cecd6d3ebdc8e6278f2d,,GF0025-2021 PDF pp.176–259,appendix_span_verified,verified_inventory,352,draft_unreviewed,not_promoted,outside_current_37_label_claim_unless_crosswalked
GF0025-2021-5-066,【五66】,GF 0025—2021 Appendix A,5,五级,66,口语格式,未细分,,REF-GF0025-2021,1b5e95de7216a22388709b1008569cd1f28c95737d73cecd6d3ebdc8e6278f2d,,GF0025-2021 PDF pp.176–259,appendix_span_verified,verified_inventory,353,draft_unreviewed,not_promoted,outside_current_37_label_claim_unless_crosswalked
GF0025-2021-5-067,【五67】,GF 0025—2021 Appendix A,5,五级,67,口语格式,未细分,,REF-GF0025-2021,1b5e95de7216a22388709b1008569cd1f28c95737d73cecd6d3ebdc8e6278f2d,232,GF0025-2021 PDF p.232,ocr_detected,verified_inventory,354,draft_unreviewed,not_promoted,outside_current_37_label_claim_unless_crosswalked
GF0025-2021-5-068,【五68】,GF 0025—2021 Appendix A,5,五级,68,口语格式,未细分,,REF-GF0025-2021,1b5e95de7216a22388709b1008569cd1f28c95737d73cecd6d3ebdc8e6278f2d,232,GF0025-2021 PDF p.232,ocr_detected,verified_inventory,355,draft_unreviewed,not_promoted,outside_current_37_label_claim_unless_crosswalked
GF0025-2021-5-069,【五69】,GF 0025—2021 Appendix A,5,五级,69,口语格式,未细分,,REF-GF0025-2021,1b5e95de7216a22388709b1008569cd1f28c95737d73cecd6d3ebdc8e6278f2d,,GF0025-2021 PDF pp.176–259,appendix_span_verified,verified_inventory,356,draft_unreviewed,not_promoted,outside_current_37_label_claim_unless_crosswalked
GF0025-2021-5-070,【五70】,GF 0025—2021 Appendix A,5,五级,70,句群,形式分类,用代词复指,REF-GF0025-2021,1b5e95de7216a22388709b1008569cd1f28c95737d73cecd6d3ebdc8e6278f2d,232,GF0025-2021 PDF p.232,ocr_detected,verified_inventory,357,not_available,not_promoted,outside_current_37_label_claim_unless_crosswalked
GF0025-2021-5-071,【五71】,GF 0025—2021 Appendix A,5,五级,71,句群,形式分类,带省略成分,REF-GF0025-2021,1b5e95de7216a22388709b1008569cd1f28c95737d73cecd6d3ebdc8e6278f2d,233,GF0025-2021 PDF p.233,ocr_detected,verified_inventory,358,not_available,not_promoted,outside_current_37_label_claim_unless_crosswalked
GF0025-2021-6-001,【六01】,GF 0025—2021 Appendix A,6,六级,1,语素,前缀,,REF-GF0025-2021,1b5e95de7216a22388709b1008569cd1f28c95737d73cecd6d3ebdc8e6278f2d,233,GF0025-2021 PDF p.233,ocr_detected,verified_inventory,359,draft_unreviewed,not_promoted,outside_current_37_label_claim_unless_crosswalked
GF0025-2021-6-002,【六02】,GF 0025—2021 Appendix A,6,六级,2,语素,后缀,,REF-GF0025-2021,1b5e95de7216a22388709b1008569cd1f28c95737d73cecd6d3ebdc8e6278f2d,233,GF0025-2021 PDF p.233,ocr_detected,verified_inventory,360,draft_unreviewed,not_promoted,outside_current_37_label_claim_unless_crosswalked
GF0025-2021-6-003,【六03】,GF 0025—2021 Appendix A,6,六级,3,词类,代词,指示代词,REF-GF0025-2021,1b5e95de7216a22388709b1008569cd1f28c95737d73cecd6d3ebdc8e6278f2d,233,GF0025-2021 PDF p.233,ocr_detected,verified_inventory,361,draft_unreviewed,not_promoted,outside_current_37_label_claim_unless_crosswalked
GF0025-2021-6-004,【六04】,GF 0025—2021 Appendix A,6,六级,4,词类,量词,名量词,REF-GF0025-2021,1b5e95de7216a22388709b1008569cd1f28c95737d73cecd6d3ebdc8e6278f2d,234,GF0025-2021 PDF p.234,ocr_detected,verified_inventory,362,draft_unreviewed,not_promoted,outside_current_37_label_claim_unless_crosswalked
GF0025-2021-6-005,【六05】,GF 0025—2021 Appendix A,6,六级,5,词类,量词,动量词,REF-GF0025-2021,1b5e95de7216a22388709b1008569cd1f28c95737d73cecd6d3ebdc8e6278f2d,234,GF0025-2021 PDF p.234,ocr_detected,verified_inventory,363,draft_unreviewed,not_promoted,outside_current_37_label_claim_unless_crosswalked
GF0025-2021-6-006,【六06】,GF 0025—2021 Appendix A,6,六级,6,词类,副词,程度副词,REF-GF0025-2021,1b5e95de7216a22388709b1008569cd1f28c95737d73cecd6d3ebdc8e6278f2d,234,GF0025-2021 PDF p.234,ocr_detected,verified_inventory,364,draft_unreviewed,not_promoted,outside_current_37_label_claim_unless_crosswalked
GF0025-2021-6-007,【六07】,GF 0025—2021 Appendix A,6,六级,7,词类,副词,范围、协同副词,REF-GF0025-2021,1b5e95de7216a22388709b1008569cd1f28c95737d73cecd6d3ebdc8e6278f2d,234,GF0025-2021 PDF p.234,ocr_detected,verified_inventory,365,draft_unreviewed,not_promoted,outside_current_37_label_claim_unless_crosswalked
GF0025-2021-6-008,【六08】,GF 0025—2021 Appendix A,6,六级,8,词类,副词,时间副词,REF-GF0025-2021,1b5e95de7216a22388709b1008569cd1f28c95737d73cecd6d3ebdc8e6278f2d,234,GF0025-2021 PDF p.234,ocr_detected,verified_inventory,366,draft_unreviewed,not_promoted,outside_current_37_label_claim_unless_crosswalked
GF0025-2021-6-009,【六09】,GF 0025—2021 Appendix A,6,六级,9,词类,副词,关联副词,REF-GF0025-2021,1b5e95de7216a22388709b1008569cd1f28c95737d73cecd6d3ebdc8e6278f2d,234,GF0025-2021 PDF p.234,ocr_detected,verified_inventory,367,draft_unreviewed,not_promoted,outside_current_37_label_claim_unless_crosswalked
GF0025-2021-6-010,【六10】,GF 0025—2021 Appendix A,6,六级,10,词类,副词,方式副词,REF-GF0025-2021,1b5e95de7216a22388709b1008569cd1f28c95737d73cecd6d3ebdc8e6278f2d,234,GF0025-2021 PDF p.234,ocr_detected,verified_inventory,368,draft_unreviewed,not_promoted,outside_current_37_label_claim_unless_crosswalked
GF0025-2021-6-011,【六11】,GF 0025—2021 Appendix A,6,六级,11,词类,副词,情态副词,REF-GF0025-2021,1b5e95de7216a22388709b1008569cd1f28c95737d73cecd6d3ebdc8e6278f2d,234,GF0025-2021 PDF p.234,ocr_detected,verified_inventory,369,draft_unreviewed,not_promoted,outside_current_37_label_claim_unless_crosswalked
GF0025-2021-6-012,【六12】,GF 0025—2021 Appendix A,6,六级,12,词类,副词,语气副词,REF-GF0025-2021,1b5e95de7216a22388709b1008569cd1f28c95737d73cecd6d3ebdc8e6278f2d,234,GF0025-2021 PDF p.234,ocr_detected,verified_inventory,370,draft_unreviewed,not_promoted,outside_current_37_label_claim_unless_crosswalked
GF0025-2021-6-013,【六13】,GF 0025—2021 Appendix A,6,六级,13,词类,介词,引出时间、处所,REF-GF0025-2021,1b5e95de7216a22388709b1008569cd1f28c95737d73cecd6d3ebdc8e6278f2d,235,GF0025-2021 PDF p.235,ocr_detected,verified_inventory,371,draft_unreviewed,not_promoted,outside_current_37_label_claim_unless_crosswalked
GF0025-2021-6-014,【六14】,GF 0025—2021 Appendix A,6,六级,14,词类,介词,引出方向、路径,REF-GF0025-2021,1b5e95de7216a22388709b1008569cd1f28c95737d73cecd6d3ebdc8e6278f2d,235,GF0025-2021 PDF p.235,ocr_detected,verified_inventory,372,draft_unreviewed,not_promoted,outside_current_37_label_claim_unless_crosswalked
GF0025-2021-6-015,【六15】,GF 0025—2021 Appendix A,6,六级,15,词类,介词,引出对象,REF-GF0025-2021,1b5e95de7216a22388709b1008569cd1f28c95737d73cecd6d3ebdc8e6278f2d,,GF0025-2021 PDF pp.176–259,appendix_span_verified,verified_inventory,373,draft_unreviewed,not_promoted,outside_current_37_label_claim_unless_crosswalked
GF0025-2021-6-016,【六16】,GF 0025—2021 Appendix A,6,六级,16,词类,介词,引出对象,REF-GF0025-2021,1b5e95de7216a22388709b1008569cd1f28c95737d73cecd6d3ebdc8e6278f2d,235,GF0025-2021 PDF p.235,ocr_detected,verified_inventory,374,draft_unreviewed,not_promoted,outside_current_37_label_claim_unless_crosswalked
GF0025-2021-6-017,【六17】,GF 0025—2021 Appendix A,6,六级,17,词类,介词,引出目的、原因,REF-GF0025-2021,1b5e95de7216a22388709b1008569cd1f28c95737d73cecd6d3ebdc8e6278f2d,235,GF0025-2021 PDF p.235,ocr_detected,verified_inventory,375,draft_unreviewed,not_promoted,outside_current_37_label_claim_unless_crosswalked
GF0025-2021-6-018,【六18】,GF 0025—2021 Appendix A,6,六级,18,词类,介词,表示排除,REF-GF0025-2021,1b5e95de7216a22388709b1008569cd1f28c95737d73cecd6d3ebdc8e6278f2d,235,GF0025-2021 PDF p.235,ocr_detected,verified_inventory,376,draft_unreviewed,not_promoted,outside_current_37_label_claim_unless_crosswalked
GF0025-2021-6-019,【六19】,GF 0025—2021 Appendix A,6,六级,19,词类,介词,引出凭借、依据,REF-GF0025-2021,1b5e95de7216a22388709b1008569cd1f28c95737d73cecd6d3ebdc8e6278f2d,236,GF0025-2021 PDF p.236,ocr_detected,verified_inventory,377,draft_unreviewed,not_promoted,outside_current_37_label_claim_unless_crosswalked
GF0025-2021-6-020,【六20】,GF 0025—2021 Appendix A,6,六级,20,词类,连词,连接词或词组,REF-GF0025-2021,1b5e95de7216a22388709b1008569cd1f28c95737d73cecd6d3ebdc8e6278f2d,236,GF0025-2021 PDF p.236,ocr_detected,verified_inventory,378,draft_unreviewed,not_promoted,outside_current_37_label_claim_unless_crosswalked
GF0025-2021-6-021,【六21】,GF 0025—2021 Appendix A,6,六级,21,词类,连词,连接分句或句子,REF-GF0025-2021,1b5e95de7216a22388709b1008569cd1f28c95737d73cecd6d3ebdc8e6278f2d,236,GF0025-2021 PDF p.236,ocr_detected,verified_inventory,379,draft_unreviewed,not_promoted,outside_current_37_label_claim_unless_crosswalked
GF0025-2021-6-022,【六22】,GF 0025—2021 Appendix A,6,六级,22,词类,助词,结构助词,REF-GF0025-2021,1b5e95de7216a22388709b1008569cd1f28c95737d73cecd6d3ebdc8e6278f2d,236,GF0025-2021 PDF p.236,ocr_detected,verified_inventory,380,draft_unreviewed,not_promoted,outside_current_37_label_claim_unless_crosswalked
GF0025-2021-6-023,【六23】,GF 0025—2021 Appendix A,6,六级,23,词类,助词,语气助词,REF-GF0025-2021,1b5e95de7216a22388709b1008569cd1f28c95737d73cecd6d3ebdc8e6278f2d,236,GF0025-2021 PDF p.236,ocr_detected,verified_inventory,381,draft_unreviewed,not_promoted,outside_current_37_label_claim_unless_crosswalked
GF0025-2021-6-024,【六24】,GF 0025—2021 Appendix A,6,六级,24,短语,结构类型,基本结构类型,REF-GF0025-2021,1b5e95de7216a22388709b1008569cd1f28c95737d73cecd6d3ebdc8e6278f2d,236,GF0025-2021 PDF p.236,ocr_detected,verified_inventory,382,not_available,not_promoted,outside_current_37_label_claim_unless_crosswalked
GF0025-2021-6-025,【六25】,GF 0025—2021 Appendix A,6,六级,25,短语,固定短语,四字格,REF-GF0025-2021,1b5e95de7216a22388709b1008569cd1f28c95737d73cecd6d3ebdc8e6278f2d,236,GF0025-2021 PDF p.236,ocr_detected,verified_inventory,383,draft_unreviewed,not_promoted,outside_current_37_label_claim_unless_crosswalked
GF0025-2021-6-026,【六26】,GF 0025—2021 Appendix A,6,六级,26,短语,固定短语,四字格,REF-GF0025-2021,1b5e95de7216a22388709b1008569cd1f28c95737d73cecd6d3ebdc8e6278f2d,237,GF0025-2021 PDF p.237,ocr_detected,verified_inventory,384,draft_unreviewed,not_promoted,outside_current_37_label_claim_unless_crosswalked
GF0025-2021-6-027,【六27】,GF 0025—2021 Appendix A,6,六级,27,短语,固定短语,四字格,REF-GF0025-2021,1b5e95de7216a22388709b1008569cd1f28c95737d73cecd6d3ebdc8e6278f2d,237,GF0025-2021 PDF p.237,ocr_detected,verified_inventory,385,draft_unreviewed,not_promoted,outside_current_37_label_claim_unless_crosswalked
GF0025-2021-6-028,【六28】,GF 0025—2021 Appendix A,6,六级,28,短语,固定短语,四字格,REF-GF0025-2021,1b5e95de7216a22388709b1008569cd1f28c95737d73cecd6d3ebdc8e6278f2d,237,GF0025-2021 PDF p.237,ocr_detected,verified_inventory,386,draft_unreviewed,not_promoted,outside_current_37_label_claim_unless_crosswalked
GF0025-2021-6-029,【六29】,GF 0025—2021 Appendix A,6,六级,29,短语,固定短语,其他,REF-GF0025-2021,1b5e95de7216a22388709b1008569cd1f28c95737d73cecd6d3ebdc8e6278f2d,237,GF0025-2021 PDF p.237,ocr_detected,verified_inventory,387,draft_unreviewed,not_promoted,outside_current_37_label_claim_unless_crosswalked
GF0025-2021-6-030,【六30】,GF 0025—2021 Appendix A,6,六级,30,短语,固定短语,其他,REF-GF0025-2021,1b5e95de7216a22388709b1008569cd1f28c95737d73cecd6d3ebdc8e6278f2d,,GF0025-2021 PDF pp.176–259,appendix_span_verified,verified_inventory,388,draft_unreviewed,not_promoted,outside_current_37_label_claim_unless_crosswalked
GF0025-2021-6-031,【六31】,GF 0025—2021 Appendix A,6,六级,31,短语,固定短语,其他,REF-GF0025-2021,1b5e95de7216a22388709b1008569cd1f28c95737d73cecd6d3ebdc8e6278f2d,237,GF0025-2021 PDF p.237,ocr_detected,verified_inventory,389,draft_unreviewed,not_promoted,outside_current_37_label_claim_unless_crosswalked
GF0025-2021-6-032,【六32】,GF 0025—2021 Appendix A,6,六级,32,短语,固定短语,其他,REF-GF0025-2021,1b5e95de7216a22388709b1008569cd1f28c95737d73cecd6d3ebdc8e6278f2d,,GF0025-2021 PDF pp.176–259,appendix_span_verified,verified_inventory,390,draft_unreviewed,not_promoted,outside_current_37_label_claim_unless_crosswalked
GF0025-2021-6-033,【六33】,GF 0025—2021 Appendix A,6,六级,33,短语,固定短语,其他,REF-GF0025-2021,1b5e95de7216a22388709b1008569cd1f28c95737d73cecd6d3ebdc8e6278f2d,237,GF0025-2021 PDF p.237,ocr_detected,verified_inventory,391,draft_unreviewed,not_promoted,outside_current_37_label_claim_unless_crosswalked
GF0025-2021-6-034,【六34】,GF 0025—2021 Appendix A,6,六级,34,短语,固定短语,其他,REF-GF0025-2021,1b5e95de7216a22388709b1008569cd1f28c95737d73cecd6d3ebdc8e6278f2d,,GF0025-2021 PDF pp.176–259,appendix_span_verified,verified_inventory,392,draft_unreviewed,not_promoted,outside_current_37_label_claim_unless_crosswalked
GF0025-2021-6-035,【六35】,GF 0025—2021 Appendix A,6,六级,35,固定格式,未细分,,REF-GF0025-2021,1b5e95de7216a22388709b1008569cd1f28c95737d73cecd6d3ebdc8e6278f2d,,GF0025-2021 PDF pp.176–259,appendix_span_verified,verified_inventory,393,draft_unreviewed,not_promoted,outside_current_37_label_claim_unless_crosswalked
GF0025-2021-6-036,【六36】,GF 0025—2021 Appendix A,6,六级,36,固定格式,未细分,,REF-GF0025-2021,1b5e95de7216a22388709b1008569cd1f28c95737d73cecd6d3ebdc8e6278f2d,238,GF0025-2021 PDF p.238,ocr_detected,verified_inventory,394,draft_unreviewed,not_promoted,outside_current_37_label_claim_unless_crosswalked
GF0025-2021-6-037,【六37】,GF 0025—2021 Appendix A,6,六级,37,固定格式,未细分,,REF-GF0025-2021,1b5e95de7216a22388709b1008569cd1f28c95737d73cecd6d3ebdc8e6278f2d,,GF0025-2021 PDF pp.176–259,appendix_span_verified,verified_inventory,395,draft_unreviewed,not_promoted,outside_current_37_label_claim_unless_crosswalked
GF0025-2021-6-038,【六38】,GF 0025—2021 Appendix A,6,六级,38,句子成分,宾语,,REF-GF0025-2021,1b5e95de7216a22388709b1008569cd1f28c95737d73cecd6d3ebdc8e6278f2d,,GF0025-2021 PDF pp.176–259,appendix_span_verified,verified_inventory,396,not_available,not_promoted,outside_current_37_label_claim_unless_crosswalked
GF0025-2021-6-039,【六39】,GF 0025—2021 Appendix A,6,六级,39,句子成分,补语,趋向补语,REF-GF0025-2021,1b5e95de7216a22388709b1008569cd1f28c95737d73cecd6d3ebdc8e6278f2d,238,GF0025-2021 PDF p.238,ocr_detected,verified_inventory,397,not_available,not_promoted,outside_current_37_label_claim_unless_crosswalked
GF0025-2021-6-040,【六40】,GF 0025—2021 Appendix A,6,六级,40,句子的类型,特殊句型,“把”字句,REF-GF0025-2021,1b5e95de7216a22388709b1008569cd1f28c95737d73cecd6d3ebdc8e6278f2d,239,GF0025-2021 PDF p.239,ocr_detected,verified_inventory,398,not_available,not_promoted,outside_current_37_label_claim_unless_crosswalked
GF0025-2021-6-041,【六41】,GF 0025—2021 Appendix A,6,六级,41,句子的类型,特殊句型,被动句,REF-GF0025-2021,1b5e95de7216a22388709b1008569cd1f28c95737d73cecd6d3ebdc8e6278f2d,239,GF0025-2021 PDF p.239,ocr_detected,verified_inventory,399,draft_unreviewed,not_promoted,outside_current_37_label_claim_unless_crosswalked
GF0025-2021-6-042,【六42】,GF 0025—2021 Appendix A,6,六级,42,句子的类型,复句,并列复句,REF-GF0025-2021,1b5e95de7216a22388709b1008569cd1f28c95737d73cecd6d3ebdc8e6278f2d,239,GF0025-2021 PDF p.239,ocr_detected,verified_inventory,400,draft_unreviewed,not_promoted,outside_current_37_label_claim_unless_crosswalked
GF0025-2021-6-043,【六43】,GF 0025—2021 Appendix A,6,六级,43,句子的类型,复句,并列复句,REF-GF0025-2021,1b5e95de7216a22388709b1008569cd1f28c95737d73cecd6d3ebdc8e6278f2d,239,GF0025-2021 PDF p.239,ocr_detected,verified_inventory,401,draft_unreviewed,not_promoted,outside_current_37_label_claim_unless_crosswalked
GF0025-2021-6-044,【六44】,GF 0025—2021 Appendix A,6,六级,44,句子的类型,复句,承接复句,REF-GF0025-2021,1b5e95de7216a22388709b1008569cd1f28c95737d73cecd6d3ebdc8e6278f2d,,GF0025-2021 PDF pp.176–259,appendix_span_verified,verified_inventory,402,draft_unreviewed,not_promoted,outside_current_37_label_claim_unless_crosswalked
GF0025-2021-6-045,【六45】,GF 0025—2021 Appendix A,6,六级,45,句子的类型,复句,递进复句,REF-GF0025-2021,1b5e95de7216a22388709b1008569cd1f28c95737d73cecd6d3ebdc8e6278f2d,239,GF0025-2021 PDF p.239,ocr_detected,verified_inventory,403,draft_unreviewed,not_promoted,outside_current_37_label_claim_unless_crosswalked
GF0025-2021-6-046,【六46】,GF 0025—2021 Appendix A,6,六级,46,句子的类型,复句,递进复句,REF-GF0025-2021,1b5e95de7216a22388709b1008569cd1f28c95737d73cecd6d3ebdc8e6278f2d,240,GF0025-2021 PDF p.240,ocr_detected,verified_inventory,404,draft_unreviewed,not_promoted,outside_current_37_label_claim_unless_crosswalked
GF0025-2021-6-047,【六47】,GF 0025—2021 Appendix A,6,六级,47,句子的类型,复句,递进复句,REF-GF0025-2021,1b5e95de7216a22388709b1008569cd1f28c95737d73cecd6d3ebdc8e6278f2d,,GF0025-2021 PDF pp.176–259,appendix_span_verified,verified_inventory,405,draft_unreviewed,not_promoted,outside_current_37_label_claim_unless_crosswalked
GF0025-2021-6-048,【六48】,GF 0025—2021 Appendix A,6,六级,48,句子的类型,复句,选择复句,REF-GF0025-2021,1b5e95de7216a22388709b1008569cd1f28c95737d73cecd6d3ebdc8e6278f2d,,GF0025-2021 PDF pp.176–259,appendix_span_verified,verified_inventory,406,draft_unreviewed,not_promoted,outside_current_37_label_claim_unless_crosswalked
GF0025-2021-6-049,【六49】,GF 0025—2021 Appendix A,6,六级,49,句子的类型,复句,转折复句,REF-GF0025-2021,1b5e95de7216a22388709b1008569cd1f28c95737d73cecd6d3ebdc8e6278f2d,,GF0025-2021 PDF pp.176–259,appendix_span_verified,verified_inventory,407,draft_unreviewed,not_promoted,outside_current_37_label_claim_unless_crosswalked
GF0025-2021-6-050,【六50】,GF 0025—2021 Appendix A,6,六级,50,句子的类型,复句,假设复句,REF-GF0025-2021,1b5e95de7216a22388709b1008569cd1f28c95737d73cecd6d3ebdc8e6278f2d,,GF0025-2021 PDF pp.176–259,appendix_span_verified,verified_inventory,408,draft_unreviewed,not_promoted,outside_current_37_label_claim_unless_crosswalked
GF0025-2021-6-051,【六51】,GF 0025—2021 Appendix A,6,六级,51,句子的类型,复句,条件复句,REF-GF0025-2021,1b5e95de7216a22388709b1008569cd1f28c95737d73cecd6d3ebdc8e6278f2d,240,GF0025-2021 PDF p.240,ocr_detected,verified_inventory,409,draft_unreviewed,not_promoted,outside_current_37_label_claim_unless_crosswalked
GF0025-2021-6-052,【六52】,GF 0025—2021 Appendix A,6,六级,52,句子的类型,复句,让步复句,REF-GF0025-2021,1b5e95de7216a22388709b1008569cd1f28c95737d73cecd6d3ebdc8e6278f2d,240,GF0025-2021 PDF p.240,ocr_detected,verified_inventory,410,draft_unreviewed,not_promoted,outside_current_37_label_claim_unless_crosswalked
GF0025-2021-6-053,【六53】,GF 0025—2021 Appendix A,6,六级,53,句子的类型,复句,紧缩复句,REF-GF0025-2021,1b5e95de7216a22388709b1008569cd1f28c95737d73cecd6d3ebdc8e6278f2d,,GF0025-2021 PDF pp.176–259,appendix_span_verified,verified_inventory,411,draft_unreviewed,not_promoted,outside_current_37_label_claim_unless_crosswalked
GF0025-2021-6-054,【六54】,GF 0025—2021 Appendix A,6,六级,54,句子的类型,复句,多重复句,REF-GF0025-2021,1b5e95de7216a22388709b1008569cd1f28c95737d73cecd6d3ebdc8e6278f2d,241,GF0025-2021 PDF p.241,ocr_detected,verified_inventory,412,not_available,not_promoted,outside_current_37_label_claim_unless_crosswalked
GF0025-2021-6-055,【六55】,GF 0025—2021 Appendix A,6,六级,55,强调的方法,未细分,,REF-GF0025-2021,1b5e95de7216a22388709b1008569cd1f28c95737d73cecd6d3ebdc8e6278f2d,241,GF0025-2021 PDF p.241,ocr_detected,verified_inventory,413,draft_unreviewed,not_promoted,outside_current_37_label_claim_unless_crosswalked
GF0025-2021-6-056,【六56】,GF 0025—2021 Appendix A,6,六级,56,口语格式,未细分,,REF-GF0025-2021,1b5e95de7216a22388709b1008569cd1f28c95737d73cecd6d3ebdc8e6278f2d,241,GF0025-2021 PDF p.241,ocr_detected,verified_inventory,414,draft_unreviewed,not_promoted,outside_current_37_label_claim_unless_crosswalked
GF0025-2021-6-057,【六57】,GF 0025—2021 Appendix A,6,六级,57,口语格式,未细分,,REF-GF0025-2021,1b5e95de7216a22388709b1008569cd1f28c95737d73cecd6d3ebdc8e6278f2d,241,GF0025-2021 PDF p.241,ocr_detected,verified_inventory,415,draft_unreviewed,not_promoted,outside_current_37_label_claim_unless_crosswalked
GF0025-2021-6-058,【六58】,GF 0025—2021 Appendix A,6,六级,58,口语格式,未细分,,REF-GF0025-2021,1b5e95de7216a22388709b1008569cd1f28c95737d73cecd6d3ebdc8e6278f2d,241,GF0025-2021 PDF p.241,ocr_detected,verified_inventory,416,draft_unreviewed,not_promoted,outside_current_37_label_claim_unless_crosswalked
GF0025-2021-6-059,【六59】,GF 0025—2021 Appendix A,6,六级,59,口语格式,未细分,,REF-GF0025-2021,1b5e95de7216a22388709b1008569cd1f28c95737d73cecd6d3ebdc8e6278f2d,241,GF0025-2021 PDF p.241,ocr_detected,verified_inventory,417,draft_unreviewed,not_promoted,outside_current_37_label_claim_unless_crosswalked
GF0025-2021-6-060,【六60】,GF 0025—2021 Appendix A,6,六级,60,口语格式,未细分,,REF-GF0025-2021,1b5e95de7216a22388709b1008569cd1f28c95737d73cecd6d3ebdc8e6278f2d,242,GF0025-2021 PDF p.242,ocr_detected,verified_inventory,418,draft_unreviewed,not_promoted,outside_current_37_label_claim_unless_crosswalked
GF0025-2021-6-061,【六61】,GF 0025—2021 Appendix A,6,六级,61,口语格式,未细分,,REF-GF0025-2021,1b5e95de7216a22388709b1008569cd1f28c95737d73cecd6d3ebdc8e6278f2d,242,GF0025-2021 PDF p.242,ocr_detected,verified_inventory,419,not_available,not_promoted,outside_current_37_label_claim_unless_crosswalked
GF0025-2021-6-062,【六62】,GF 0025—2021 Appendix A,6,六级,62,口语格式,未细分,,REF-GF0025-2021,1b5e95de7216a22388709b1008569cd1f28c95737d73cecd6d3ebdc8e6278f2d,242,GF0025-2021 PDF p.242,ocr_detected,verified_inventory,420,draft_unreviewed,not_promoted,outside_current_37_label_claim_unless_crosswalked
GF0025-2021-6-063,【六63】,GF 0025—2021 Appendix A,6,六级,63,口语格式,未细分,,REF-GF0025-2021,1b5e95de7216a22388709b1008569cd1f28c95737d73cecd6d3ebdc8e6278f2d,,GF0025-2021 PDF pp.176–259,appendix_span_verified,verified_inventory,421,draft_unreviewed,not_promoted,outside_current_37_label_claim_unless_crosswalked
GF0025-2021-6-064,【六64】,GF 0025—2021 Appendix A,6,六级,64,口语格式,未细分,,REF-GF0025-2021,1b5e95de7216a22388709b1008569cd1f28c95737d73cecd6d3ebdc8e6278f2d,,GF0025-2021 PDF pp.176–259,appendix_span_verified,verified_inventory,422,draft_unreviewed,not_promoted,outside_current_37_label_claim_unless_crosswalked
GF0025-2021-6-065,【六65】,GF 0025—2021 Appendix A,6,六级,65,口语格式,未细分,,REF-GF0025-2021,1b5e95de7216a22388709b1008569cd1f28c95737d73cecd6d3ebdc8e6278f2d,,GF0025-2021 PDF pp.176–259,appendix_span_verified,verified_inventory,423,draft_unreviewed,not_promoted,outside_current_37_label_claim_unless_crosswalked
GF0025-2021-6-066,【六66】,GF 0025—2021 Appendix A,6,六级,66,口语格式,未细分,,REF-GF0025-2021,1b5e95de7216a22388709b1008569cd1f28c95737d73cecd6d3ebdc8e6278f2d,,GF0025-2021 PDF pp.176–259,appendix_span_verified,verified_inventory,424,draft_unreviewed,not_promoted,outside_current_37_label_claim_unless_crosswalked
GF0025-2021-6-067,【六67】,GF 0025—2021 Appendix A,6,六级,67,口语格式,未细分,,REF-GF0025-2021,1b5e95de7216a22388709b1008569cd1f28c95737d73cecd6d3ebdc8e6278f2d,242,GF0025-2021 PDF p.242,ocr_detected,verified_inventory,425,draft_unreviewed,not_promoted,outside_current_37_label_claim_unless_crosswalked
GF0025-2021-7_9-001,【七—九01】,GF 0025—2021 Appendix A,7-9,七—九级,1,词类,动词,能愿动词,REF-GF0025-2021,1b5e95de7216a22388709b1008569cd1f28c95737d73cecd6d3ebdc8e6278f2d,255,GF0025-2021 PDF p.255,ocr_detected,verified_inventory,426,draft_unreviewed,not_promoted,outside_current_37_label_claim_unless_crosswalked
GF0025-2021-7_9-002,【七—九02】,GF 0025—2021 Appendix A,7-9,七—九级,2,词类,代词,疑问代词,REF-GF0025-2021,1b5e95de7216a22388709b1008569cd1f28c95737d73cecd6d3ebdc8e6278f2d,,GF0025-2021 PDF pp.176–259,appendix_span_verified,verified_inventory,427,draft_unreviewed,not_promoted,outside_current_37_label_claim_unless_crosswalked
GF0025-2021-7_9-003,【七—九03】,GF 0025—2021 Appendix A,7-9,七—九级,3,词类,代词,指示代词,REF-GF0025-2021,1b5e95de7216a22388709b1008569cd1f28c95737d73cecd6d3ebdc8e6278f2d,,GF0025-2021 PDF pp.176–259,appendix_span_verified,verified_inventory,428,draft_unreviewed,not_promoted,outside_current_37_label_claim_unless_crosswalked
GF0025-2021-7_9-004,【七—九04】,GF 0025—2021 Appendix A,7-9,七—九级,4,词类,量词,名量词,REF-GF0025-2021,1b5e95de7216a22388709b1008569cd1f28c95737d73cecd6d3ebdc8e6278f2d,,GF0025-2021 PDF pp.176–259,appendix_span_verified,verified_inventory,429,draft_unreviewed,not_promoted,outside_current_37_label_claim_unless_crosswalked
GF0025-2021-7_9-005,【七—九05】,GF 0025—2021 Appendix A,7-9,七—九级,5,词类,副词,关联副词,REF-GF0025-2021,1b5e95de7216a22388709b1008569cd1f28c95737d73cecd6d3ebdc8e6278f2d,,GF0025-2021 PDF pp.176–259,appendix_span_verified,verified_inventory,430,draft_unreviewed,not_promoted,outside_current_37_label_claim_unless_crosswalked
GF0025-2021-7_9-006,【七—九06】,GF 0025—2021 Appendix A,7-9,七—九级,6,词类,介词,引出方向、路径,REF-GF0025-2021,1b5e95de7216a22388709b1008569cd1f28c95737d73cecd6d3ebdc8e6278f2d,,GF0025-2021 PDF pp.176–259,appendix_span_verified,verified_inventory,431,draft_unreviewed,not_promoted,outside_current_37_label_claim_unless_crosswalked
GF0025-2021-7_9-007,【七—九07】,GF 0025—2021 Appendix A,7-9,七—九级,7,词类,连词,连接词或词组,REF-GF0025-2021,1b5e95de7216a22388709b1008569cd1f28c95737d73cecd6d3ebdc8e6278f2d,,GF0025-2021 PDF pp.176–259,appendix_span_verified,verified_inventory,432,draft_unreviewed,not_promoted,outside_current_37_label_claim_unless_crosswalked
GF0025-2021-7_9-008,【七—九08】,GF 0025—2021 Appendix A,7-9,七—九级,8,词类,连词,连接分句或句子,REF-GF0025-2021,1b5e95de7216a22388709b1008569cd1f28c95737d73cecd6d3ebdc8e6278f2d,,GF0025-2021 PDF pp.176–259,appendix_span_verified,verified_inventory,433,draft_unreviewed,not_promoted,outside_current_37_label_claim_unless_crosswalked
GF0025-2021-7_9-009,【七—九09】,GF 0025—2021 Appendix A,7-9,七—九级,9,词类,助词,结构助词,REF-GF0025-2021,1b5e95de7216a22388709b1008569cd1f28c95737d73cecd6d3ebdc8e6278f2d,,GF0025-2021 PDF pp.176–259,appendix_span_verified,verified_inventory,434,draft_unreviewed,not_promoted,outside_current_37_label_claim_unless_crosswalked
GF0025-2021-7_9-010,【七—九10】,GF 0025—2021 Appendix A,7-9,七—九级,10,短语,结构类型,基本结构类型,REF-GF0025-2021,1b5e95de7216a22388709b1008569cd1f28c95737d73cecd6d3ebdc8e6278f2d,,GF0025-2021 PDF pp.176–259,appendix_span_verified,verified_inventory,435,not_available,not_promoted,outside_current_37_label_claim_unless_crosswalked
GF0025-2021-7_9-011,【七—九11】,GF 0025—2021 Appendix A,7-9,七—九级,11,短语,固定短语,四字格,REF-GF0025-2021,1b5e95de7216a22388709b1008569cd1f28c95737d73cecd6d3ebdc8e6278f2d,,GF0025-2021 PDF pp.176–259,appendix_span_verified,verified_inventory,436,draft_unreviewed,not_promoted,outside_current_37_label_claim_unless_crosswalked
GF0025-2021-7_9-012,【七—九12】,GF 0025—2021 Appendix A,7-9,七—九级,12,短语,固定短语,四字格,REF-GF0025-2021,1b5e95de7216a22388709b1008569cd1f28c95737d73cecd6d3ebdc8e6278f2d,,GF0025-2021 PDF pp.176–259,appendix_span_verified,verified_inventory,437,draft_unreviewed,not_promoted,outside_current_37_label_claim_unless_crosswalked
GF0025-2021-7_9-013,【七—九13】,GF 0025—2021 Appendix A,7-9,七—九级,13,短语,固定短语,四字格,REF-GF0025-2021,1b5e95de7216a22388709b1008569cd1f28c95737d73cecd6d3ebdc8e6278f2d,,GF0025-2021 PDF pp.176–259,appendix_span_verified,verified_inventory,438,draft_unreviewed,not_promoted,outside_current_37_label_claim_unless_crosswalked
GF0025-2021-7_9-014,【七—九14】,GF 0025—2021 Appendix A,7-9,七—九级,14,短语,固定短语,四字格,REF-GF0025-2021,1b5e95de7216a22388709b1008569cd1f28c95737d73cecd6d3ebdc8e6278f2d,,GF0025-2021 PDF pp.176–259,appendix_span_verified,verified_inventory,439,draft_unreviewed,not_promoted,outside_current_37_label_claim_unless_crosswalked
GF0025-2021-7_9-015,【七—九15】,GF 0025—2021 Appendix A,7-9,七—九级,15,短语,固定短语,四字格,REF-GF0025-2021,1b5e95de7216a22388709b1008569cd1f28c95737d73cecd6d3ebdc8e6278f2d,,GF0025-2021 PDF pp.176–259,appendix_span_verified,verified_inventory,440,draft_unreviewed,not_promoted,outside_current_37_label_claim_unless_crosswalked
GF0025-2021-7_9-016,【七—九16】,GF 0025—2021 Appendix A,7-9,七—九级,16,短语,固定短语,四字格,REF-GF0025-2021,1b5e95de7216a22388709b1008569cd1f28c95737d73cecd6d3ebdc8e6278f2d,,GF0025-2021 PDF pp.176–259,appendix_span_verified,verified_inventory,441,draft_unreviewed,not_promoted,outside_current_37_label_claim_unless_crosswalked
GF0025-2021-7_9-017,【七—九17】,GF 0025—2021 Appendix A,7-9,七—九级,17,短语,固定短语,四字格,REF-GF0025-2021,1b5e95de7216a22388709b1008569cd1f28c95737d73cecd6d3ebdc8e6278f2d,,GF0025-2021 PDF pp.176–259,appendix_span_verified,verified_inventory,442,draft_unreviewed,not_promoted,outside_current_37_label_claim_unless_crosswalked
GF0025-2021-7_9-018,【七—九18】,GF 0025—2021 Appendix A,7-9,七—九级,18,短语,固定短语,四字格,REF-GF0025-2021,1b5e95de7216a22388709b1008569cd1f28c95737d73cecd6d3ebdc8e6278f2d,,GF0025-2021 PDF pp.176–259,appendix_span_verified,verified_inventory,443,draft_unreviewed,not_promoted,outside_current_37_label_claim_unless_crosswalked
GF0025-2021-7_9-019,【七—九19】,GF 0025—2021 Appendix A,7-9,七—九级,19,短语,固定短语,其他,REF-GF0025-2021,1b5e95de7216a22388709b1008569cd1f28c95737d73cecd6d3ebdc8e6278f2d,,GF0025-2021 PDF pp.176–259,appendix_span_verified,verified_inventory,444,draft_unreviewed,not_promoted,outside_current_37_label_claim_unless_crosswalked
GF0025-2021-7_9-020,【七—九20】,GF 0025—2021 Appendix A,7-9,七—九级,20,短语,固定短语,其他,REF-GF0025-2021,1b5e95de7216a22388709b1008569cd1f28c95737d73cecd6d3ebdc8e6278f2d,,GF0025-2021 PDF pp.176–259,appendix_span_verified,verified_inventory,445,draft_unreviewed,not_promoted,outside_current_37_label_claim_unless_crosswalked
GF0025-2021-7_9-021,【七—九21】,GF 0025—2021 Appendix A,7-9,七—九级,21,短语,固定短语,其他,REF-GF0025-2021,1b5e95de7216a22388709b1008569cd1f28c95737d73cecd6d3ebdc8e6278f2d,,GF0025-2021 PDF pp.176–259,appendix_span_verified,verified_inventory,446,draft_unreviewed,not_promoted,outside_current_37_label_claim_unless_crosswalked
GF0025-2021-7_9-022,【七—九22】,GF 0025—2021 Appendix A,7-9,七—九级,22,短语,固定短语,其他,REF-GF0025-2021,1b5e95de7216a22388709b1008569cd1f28c95737d73cecd6d3ebdc8e6278f2d,,GF0025-2021 PDF pp.176–259,appendix_span_verified,verified_inventory,447,draft_unreviewed,not_promoted,outside_current_37_label_claim_unless_crosswalked
GF0025-2021-7_9-023,【七—九23】,GF 0025—2021 Appendix A,7-9,七—九级,23,短语,固定短语,其他,REF-GF0025-2021,1b5e95de7216a22388709b1008569cd1f28c95737d73cecd6d3ebdc8e6278f2d,,GF0025-2021 PDF pp.176–259,appendix_span_verified,verified_inventory,448,draft_unreviewed,not_promoted,outside_current_37_label_claim_unless_crosswalked
GF0025-2021-7_9-024,【七—九24】,GF 0025—2021 Appendix A,7-9,七—九级,24,短语,固定短语,其他,REF-GF0025-2021,1b5e95de7216a22388709b1008569cd1f28c95737d73cecd6d3ebdc8e6278f2d,,GF0025-2021 PDF pp.176–259,appendix_span_verified,verified_inventory,449,draft_unreviewed,not_promoted,outside_current_37_label_claim_unless_crosswalked
GF0025-2021-7_9-025,【七—九25】,GF 0025—2021 Appendix A,7-9,七—九级,25,短语,固定短语,其他,REF-GF0025-2021,1b5e95de7216a22388709b1008569cd1f28c95737d73cecd6d3ebdc8e6278f2d,,GF0025-2021 PDF pp.176–259,appendix_span_verified,verified_inventory,450,draft_unreviewed,not_promoted,outside_current_37_label_claim_unless_crosswalked
GF0025-2021-7_9-026,【七—九26】,GF 0025—2021 Appendix A,7-9,七—九级,26,短语,固定短语,其他,REF-GF0025-2021,1b5e95de7216a22388709b1008569cd1f28c95737d73cecd6d3ebdc8e6278f2d,,GF0025-2021 PDF pp.176–259,appendix_span_verified,verified_inventory,451,draft_unreviewed,not_promoted,outside_current_37_label_claim_unless_crosswalked
GF0025-2021-7_9-027,【七—九27】,GF 0025—2021 Appendix A,7-9,七—九级,27,固定格式,未细分,,REF-GF0025-2021,1b5e95de7216a22388709b1008569cd1f28c95737d73cecd6d3ebdc8e6278f2d,,GF0025-2021 PDF pp.176–259,appendix_span_verified,verified_inventory,452,draft_unreviewed,not_promoted,outside_current_37_label_claim_unless_crosswalked
GF0025-2021-7_9-028,【七—九28】,GF 0025—2021 Appendix A,7-9,七—九级,28,固定格式,未细分,,REF-GF0025-2021,1b5e95de7216a22388709b1008569cd1f28c95737d73cecd6d3ebdc8e6278f2d,,GF0025-2021 PDF pp.176–259,appendix_span_verified,verified_inventory,453,draft_unreviewed,not_promoted,outside_current_37_label_claim_unless_crosswalked
GF0025-2021-7_9-029,【七—九29】,GF 0025—2021 Appendix A,7-9,七—九级,29,固定格式,未细分,,REF-GF0025-2021,1b5e95de7216a22388709b1008569cd1f28c95737d73cecd6d3ebdc8e6278f2d,,GF0025-2021 PDF pp.176–259,appendix_span_verified,verified_inventory,454,draft_unreviewed,not_promoted,outside_current_37_label_claim_unless_crosswalked
GF0025-2021-7_9-030,【七—九30】,GF 0025—2021 Appendix A,7-9,七—九级,30,固定格式,未细分,,REF-GF0025-2021,1b5e95de7216a22388709b1008569cd1f28c95737d73cecd6d3ebdc8e6278f2d,,GF0025-2021 PDF pp.176–259,appendix_span_verified,verified_inventory,455,draft_unreviewed,not_promoted,outside_current_37_label_claim_unless_crosswalked
GF0025-2021-7_9-031,【七—九31】,GF 0025—2021 Appendix A,7-9,七—九级,31,固定格式,未细分,,REF-GF0025-2021,1b5e95de7216a22388709b1008569cd1f28c95737d73cecd6d3ebdc8e6278f2d,,GF0025-2021 PDF pp.176–259,appendix_span_verified,verified_inventory,456,draft_unreviewed,not_promoted,outside_current_37_label_claim_unless_crosswalked
GF0025-2021-7_9-032,【七—九32】,GF 0025—2021 Appendix A,7-9,七—九级,32,句子成分,宾语,,REF-GF0025-2021,1b5e95de7216a22388709b1008569cd1f28c95737d73cecd6d3ebdc8e6278f2d,,GF0025-2021 PDF pp.176–259,appendix_span_verified,verified_inventory,457,not_available,not_promoted,outside_current_37_label_claim_unless_crosswalked
GF0025-2021-7_9-033,【七—九33】,GF 0025—2021 Appendix A,7-9,七—九级,33,句子成分,补语,程度补语,REF-GF0025-2021,1b5e95de7216a22388709b1008569cd1f28c95737d73cecd6d3ebdc8e6278f2d,,GF0025-2021 PDF pp.176–259,appendix_span_verified,verified_inventory,458,not_available,not_promoted,outside_current_37_label_claim_unless_crosswalked
GF0025-2021-7_9-034,【七—九34】,GF 0025—2021 Appendix A,7-9,七—九级,34,句子成分,补语,状态补语,REF-GF0025-2021,1b5e95de7216a22388709b1008569cd1f28c95737d73cecd6d3ebdc8e6278f2d,,GF0025-2021 PDF pp.176–259,appendix_span_verified,verified_inventory,459,not_available,not_promoted,outside_current_37_label_claim_unless_crosswalked
GF0025-2021-7_9-035,【七—九35】,GF 0025—2021 Appendix A,7-9,七—九级,35,句子的类型,特殊句型,“把”字句,REF-GF0025-2021,1b5e95de7216a22388709b1008569cd1f28c95737d73cecd6d3ebdc8e6278f2d,,GF0025-2021 PDF pp.176–259,appendix_span_verified,verified_inventory,460,not_available,not_promoted,outside_current_37_label_claim_unless_crosswalked
GF0025-2021-7_9-036,【七—九36】,GF 0025—2021 Appendix A,7-9,七—九级,36,句子的类型,特殊句型,被动句,REF-GF0025-2021,1b5e95de7216a22388709b1008569cd1f28c95737d73cecd6d3ebdc8e6278f2d,,GF0025-2021 PDF pp.176–259,appendix_span_verified,verified_inventory,461,draft_unreviewed,not_promoted,outside_current_37_label_claim_unless_crosswalked
GF0025-2021-7_9-037,【七—九37】,GF 0025—2021 Appendix A,7-9,七—九级,37,句子的类型,特殊句型,比较句,REF-GF0025-2021,1b5e95de7216a22388709b1008569cd1f28c95737d73cecd6d3ebdc8e6278f2d,,GF0025-2021 PDF pp.176–259,appendix_span_verified,verified_inventory,462,draft_unreviewed,not_promoted,outside_current_37_label_claim_unless_crosswalked
GF0025-2021-7_9-038,【七—九38】,GF 0025—2021 Appendix A,7-9,七—九级,38,句子的类型,复句,并列复句,REF-GF0025-2021,1b5e95de7216a22388709b1008569cd1f28c95737d73cecd6d3ebdc8e6278f2d,,GF0025-2021 PDF pp.176–259,appendix_span_verified,verified_inventory,463,draft_unreviewed,not_promoted,outside_current_37_label_claim_unless_crosswalked
GF0025-2021-7_9-039,【七—九39】,GF 0025—2021 Appendix A,7-9,七—九级,39,句子的类型,复句,承接复句,REF-GF0025-2021,1b5e95de7216a22388709b1008569cd1f28c95737d73cecd6d3ebdc8e6278f2d,,GF0025-2021 PDF pp.176–259,appendix_span_verified,verified_inventory,464,draft_unreviewed,not_promoted,outside_current_37_label_claim_unless_crosswalked
GF0025-2021-7_9-040,【七—九40】,GF 0025—2021 Appendix A,7-9,七—九级,40,句子的类型,复句,承接复句,REF-GF0025-2021,1b5e95de7216a22388709b1008569cd1f28c95737d73cecd6d3ebdc8e6278f2d,,GF0025-2021 PDF pp.176–259,appendix_span_verified,verified_inventory,465,draft_unreviewed,not_promoted,outside_current_37_label_claim_unless_crosswalked
GF0025-2021-7_9-041,【七—九41】,GF 0025—2021 Appendix A,7-9,七—九级,41,句子的类型,复句,递进复句,REF-GF0025-2021,1b5e95de7216a22388709b1008569cd1f28c95737d73cecd6d3ebdc8e6278f2d,,GF0025-2021 PDF pp.176–259,appendix_span_verified,verified_inventory,466,draft_unreviewed,not_promoted,outside_current_37_label_claim_unless_crosswalked
GF0025-2021-7_9-042,【七—九42】,GF 0025—2021 Appendix A,7-9,七—九级,42,句子的类型,复句,递进复句,REF-GF0025-2021,1b5e95de7216a22388709b1008569cd1f28c95737d73cecd6d3ebdc8e6278f2d,,GF0025-2021 PDF pp.176–259,appendix_span_verified,verified_inventory,467,draft_unreviewed,not_promoted,outside_current_37_label_claim_unless_crosswalked
GF0025-2021-7_9-043,【七—九43】,GF 0025—2021 Appendix A,7-9,七—九级,43,句子的类型,复句,递进复句,REF-GF0025-2021,1b5e95de7216a22388709b1008569cd1f28c95737d73cecd6d3ebdc8e6278f2d,,GF0025-2021 PDF pp.176–259,appendix_span_verified,verified_inventory,468,draft_unreviewed,not_promoted,outside_current_37_label_claim_unless_crosswalked
GF0025-2021-7_9-044,【七—九44】,GF 0025—2021 Appendix A,7-9,七—九级,44,句子的类型,复句,递进复句,REF-GF0025-2021,1b5e95de7216a22388709b1008569cd1f28c95737d73cecd6d3ebdc8e6278f2d,,GF0025-2021 PDF pp.176–259,appendix_span_verified,verified_inventory,469,draft_unreviewed,not_promoted,outside_current_37_label_claim_unless_crosswalked
GF0025-2021-7_9-045,【七—九45】,GF 0025—2021 Appendix A,7-9,七—九级,45,句子的类型,复句,递进复句,REF-GF0025-2021,1b5e95de7216a22388709b1008569cd1f28c95737d73cecd6d3ebdc8e6278f2d,,GF0025-2021 PDF pp.176–259,appendix_span_verified,verified_inventory,470,draft_unreviewed,not_promoted,outside_current_37_label_claim_unless_crosswalked
GF0025-2021-7_9-046,【七—九46】,GF 0025—2021 Appendix A,7-9,七—九级,46,句子的类型,复句,递进复句,REF-GF0025-2021,1b5e95de7216a22388709b1008569cd1f28c95737d73cecd6d3ebdc8e6278f2d,,GF0025-2021 PDF pp.176–259,appendix_span_verified,verified_inventory,471,draft_unreviewed,not_promoted,outside_current_37_label_claim_unless_crosswalked
GF0025-2021-7_9-047,【七—九47】,GF 0025—2021 Appendix A,7-9,七—九级,47,句子的类型,复句,选择复句,REF-GF0025-2021,1b5e95de7216a22388709b1008569cd1f28c95737d73cecd6d3ebdc8e6278f2d,,GF0025-2021 PDF pp.176–259,appendix_span_verified,verified_inventory,472,draft_unreviewed,not_promoted,outside_current_37_label_claim_unless_crosswalked
GF0025-2021-7_9-048,【七—九48】,GF 0025—2021 Appendix A,7-9,七—九级,48,句子的类型,复句,选择复句,REF-GF0025-2021,1b5e95de7216a22388709b1008569cd1f28c95737d73cecd6d3ebdc8e6278f2d,,GF0025-2021 PDF pp.176–259,appendix_span_verified,verified_inventory,473,draft_unreviewed,not_promoted,outside_current_37_label_claim_unless_crosswalked
GF0025-2021-7_9-049,【七—九49】,GF 0025—2021 Appendix A,7-9,七—九级,49,句子的类型,复句,选择复句,REF-GF0025-2021,1b5e95de7216a22388709b1008569cd1f28c95737d73cecd6d3ebdc8e6278f2d,,GF0025-2021 PDF pp.176–259,appendix_span_verified,verified_inventory,474,draft_unreviewed,not_promoted,outside_current_37_label_claim_unless_crosswalked
GF0025-2021-7_9-050,【七—九50】,GF 0025—2021 Appendix A,7-9,七—九级,50,句子的类型,复句,选择复句,REF-GF0025-2021,1b5e95de7216a22388709b1008569cd1f28c95737d73cecd6d3ebdc8e6278f2d,,GF0025-2021 PDF pp.176–259,appendix_span_verified,verified_inventory,475,draft_unreviewed,not_promoted,outside_current_37_label_claim_unless_crosswalked
GF0025-2021-7_9-051,【七—九51】,GF 0025—2021 Appendix A,7-9,七—九级,51,句子的类型,复句,转折复句,REF-GF0025-2021,1b5e95de7216a22388709b1008569cd1f28c95737d73cecd6d3ebdc8e6278f2d,,GF0025-2021 PDF pp.176–259,appendix_span_verified,verified_inventory,476,draft_unreviewed,not_promoted,outside_current_37_label_claim_unless_crosswalked
GF0025-2021-7_9-052,【七—九52】,GF 0025—2021 Appendix A,7-9,七—九级,52,句子的类型,复句,转折复句,REF-GF0025-2021,1b5e95de7216a22388709b1008569cd1f28c95737d73cecd6d3ebdc8e6278f2d,,GF0025-2021 PDF pp.176–259,appendix_span_verified,verified_inventory,477,draft_unreviewed,not_promoted,outside_current_37_label_claim_unless_crosswalked
GF0025-2021-7_9-053,【七—九53】,GF 0025—2021 Appendix A,7-9,七—九级,53,句子的类型,复句,假设复句,REF-GF0025-2021,1b5e95de7216a22388709b1008569cd1f28c95737d73cecd6d3ebdc8e6278f2d,,GF0025-2021 PDF pp.176–259,appendix_span_verified,verified_inventory,478,draft_unreviewed,not_promoted,outside_current_37_label_claim_unless_crosswalked
GF0025-2021-7_9-054,【七—九54】,GF 0025—2021 Appendix A,7-9,七—九级,54,句子的类型,复句,假设复句,REF-GF0025-2021,1b5e95de7216a22388709b1008569cd1f28c95737d73cecd6d3ebdc8e6278f2d,,GF0025-2021 PDF pp.176–259,appendix_span_verified,verified_inventory,479,draft_unreviewed,not_promoted,outside_current_37_label_claim_unless_crosswalked
GF0025-2021-7_9-055,【七—九55】,GF 0025—2021 Appendix A,7-9,七—九级,55,句子的类型,复句,假设复句,REF-GF0025-2021,1b5e95de7216a22388709b1008569cd1f28c95737d73cecd6d3ebdc8e6278f2d,,GF0025-2021 PDF pp.176–259,appendix_span_verified,verified_inventory,480,draft_unreviewed,not_promoted,outside_current_37_label_claim_unless_crosswalked
GF0025-2021-7_9-056,【七—九56】,GF 0025—2021 Appendix A,7-9,七—九级,56,句子的类型,复句,条件复句,REF-GF0025-2021,1b5e95de7216a22388709b1008569cd1f28c95737d73cecd6d3ebdc8e6278f2d,,GF0025-2021 PDF pp.176–259,appendix_span_verified,verified_inventory,481,draft_unreviewed,not_promoted,outside_current_37_label_claim_unless_crosswalked
GF0025-2021-7_9-057,【七—九57】,GF 0025—2021 Appendix A,7-9,七—九级,57,句子的类型,复句,条件复句,REF-GF0025-2021,1b5e95de7216a22388709b1008569cd1f28c95737d73cecd6d3ebdc8e6278f2d,,GF0025-2021 PDF pp.176–259,appendix_span_verified,verified_inventory,482,draft_unreviewed,not_promoted,outside_current_37_label_claim_unless_crosswalked
GF0025-2021-7_9-058,【七—九58】,GF 0025—2021 Appendix A,7-9,七—九级,58,句子的类型,复句,因果复句,REF-GF0025-2021,1b5e95de7216a22388709b1008569cd1f28c95737d73cecd6d3ebdc8e6278f2d,,GF0025-2021 PDF pp.176–259,appendix_span_verified,verified_inventory,483,draft_unreviewed,not_promoted,outside_current_37_label_claim_unless_crosswalked
GF0025-2021-7_9-059,【七—九59】,GF 0025—2021 Appendix A,7-9,七—九级,59,句子的类型,复句,因果复句,REF-GF0025-2021,1b5e95de7216a22388709b1008569cd1f28c95737d73cecd6d3ebdc8e6278f2d,,GF0025-2021 PDF pp.176–259,appendix_span_verified,verified_inventory,484,draft_unreviewed,not_promoted,outside_current_37_label_claim_unless_crosswalked
GF0025-2021-7_9-060,【七—九60】,GF 0025—2021 Appendix A,7-9,七—九级,60,句子的类型,复句,因果复句,REF-GF0025-2021,1b5e95de7216a22388709b1008569cd1f28c95737d73cecd6d3ebdc8e6278f2d,,GF0025-2021 PDF pp.176–259,appendix_span_verified,verified_inventory,485,draft_unreviewed,not_promoted,outside_current_37_label_claim_unless_crosswalked
GF0025-2021-7_9-061,【七—九61】,GF 0025—2021 Appendix A,7-9,七—九级,61,句子的类型,复句,因果复句,REF-GF0025-2021,1b5e95de7216a22388709b1008569cd1f28c95737d73cecd6d3ebdc8e6278f2d,,GF0025-2021 PDF pp.176–259,appendix_span_verified,verified_inventory,486,draft_unreviewed,not_promoted,outside_current_37_label_claim_unless_crosswalked
GF0025-2021-7_9-062,【七—九62】,GF 0025—2021 Appendix A,7-9,七—九级,62,句子的类型,复句,因果复句,REF-GF0025-2021,1b5e95de7216a22388709b1008569cd1f28c95737d73cecd6d3ebdc8e6278f2d,,GF0025-2021 PDF pp.176–259,appendix_span_verified,verified_inventory,487,draft_unreviewed,not_promoted,outside_current_37_label_claim_unless_crosswalked
GF0025-2021-7_9-063,【七—九63】,GF 0025—2021 Appendix A,7-9,七—九级,63,句子的类型,复句,让步复句,REF-GF0025-2021,1b5e95de7216a22388709b1008569cd1f28c95737d73cecd6d3ebdc8e6278f2d,,GF0025-2021 PDF pp.176–259,appendix_span_verified,verified_inventory,488,draft_unreviewed,not_promoted,outside_current_37_label_claim_unless_crosswalked
GF0025-2021-7_9-064,【七—九64】,GF 0025—2021 Appendix A,7-9,七—九级,64,句子的类型,复句,让步复句,REF-GF0025-2021,1b5e95de7216a22388709b1008569cd1f28c95737d73cecd6d3ebdc8e6278f2d,,GF0025-2021 PDF pp.176–259,appendix_span_verified,verified_inventory,489,draft_unreviewed,not_promoted,outside_current_37_label_claim_unless_crosswalked
GF0025-2021-7_9-065,【七—九65】,GF 0025—2021 Appendix A,7-9,七—九级,65,句子的类型,复句,让步复句,REF-GF0025-2021,1b5e95de7216a22388709b1008569cd1f28c95737d73cecd6d3ebdc8e6278f2d,,GF0025-2021 PDF pp.176–259,appendix_span_verified,verified_inventory,490,draft_unreviewed,not_promoted,outside_current_37_label_claim_unless_crosswalked
GF0025-2021-7_9-066,【七—九66】,GF 0025—2021 Appendix A,7-9,七—九级,66,句子的类型,复句,让步复句,REF-GF0025-2021,1b5e95de7216a22388709b1008569cd1f28c95737d73cecd6d3ebdc8e6278f2d,,GF0025-2021 PDF pp.176–259,appendix_span_verified,verified_inventory,491,draft_unreviewed,not_promoted,outside_current_37_label_claim_unless_crosswalked
GF0025-2021-7_9-067,【七—九67】,GF 0025—2021 Appendix A,7-9,七—九级,67,句子的类型,复句,让步复句,REF-GF0025-2021,1b5e95de7216a22388709b1008569cd1f28c95737d73cecd6d3ebdc8e6278f2d,,GF0025-2021 PDF pp.176–259,appendix_span_verified,verified_inventory,492,draft_unreviewed,not_promoted,outside_current_37_label_claim_unless_crosswalked
GF0025-2021-7_9-068,【七—九68】,GF 0025—2021 Appendix A,7-9,七—九级,68,句子的类型,复句,目的复句,REF-GF0025-2021,1b5e95de7216a22388709b1008569cd1f28c95737d73cecd6d3ebdc8e6278f2d,,GF0025-2021 PDF pp.176–259,appendix_span_verified,verified_inventory,493,draft_unreviewed,not_promoted,outside_current_37_label_claim_unless_crosswalked
GF0025-2021-7_9-069,【七—九69】,GF 0025—2021 Appendix A,7-9,七—九级,69,句子的类型,复句,目的复句,REF-GF0025-2021,1b5e95de7216a22388709b1008569cd1f28c95737d73cecd6d3ebdc8e6278f2d,,GF0025-2021 PDF pp.176–259,appendix_span_verified,verified_inventory,494,draft_unreviewed,not_promoted,outside_current_37_label_claim_unless_crosswalked
GF0025-2021-7_9-070,【七—九70】,GF 0025—2021 Appendix A,7-9,七—九级,70,句子的类型,复句,解说复句,REF-GF0025-2021,1b5e95de7216a22388709b1008569cd1f28c95737d73cecd6d3ebdc8e6278f2d,,GF0025-2021 PDF pp.176–259,appendix_span_verified,verified_inventory,495,draft_unreviewed,not_promoted,outside_current_37_label_claim_unless_crosswalked
GF0025-2021-7_9-071,【七—九71】,GF 0025—2021 Appendix A,7-9,七—九级,71,句子的类型,复句,紧缩复句,REF-GF0025-2021,1b5e95de7216a22388709b1008569cd1f28c95737d73cecd6d3ebdc8e6278f2d,,GF0025-2021 PDF pp.176–259,appendix_span_verified,verified_inventory,496,not_available,not_promoted,outside_current_37_label_claim_unless_crosswalked
GF0025-2021-7_9-072,【七—九72】,GF 0025—2021 Appendix A,7-9,七—九级,72,句子的类型,复句,紧缩复句,REF-GF0025-2021,1b5e95de7216a22388709b1008569cd1f28c95737d73cecd6d3ebdc8e6278f2d,,GF0025-2021 PDF pp.176–259,appendix_span_verified,verified_inventory,497,not_available,not_promoted,outside_current_37_label_claim_unless_crosswalked
GF0025-2021-7_9-073,【七—九73】,GF 0025—2021 Appendix A,7-9,七—九级,73,句子的类型,复句,多重复句,REF-GF0025-2021,1b5e95de7216a22388709b1008569cd1f28c95737d73cecd6d3ebdc8e6278f2d,,GF0025-2021 PDF pp.176–259,appendix_span_verified,verified_inventory,498,not_available,not_promoted,outside_current_37_label_claim_unless_crosswalked
GF0025-2021-7_9-074,【七—九74】,GF 0025—2021 Appendix A,7-9,七—九级,74,强调的方法,未细分,,REF-GF0025-2021,1b5e95de7216a22388709b1008569cd1f28c95737d73cecd6d3ebdc8e6278f2d,,GF0025-2021 PDF pp.176–259,appendix_span_verified,verified_inventory,499,draft_unreviewed,not_promoted,outside_current_37_label_claim_unless_crosswalked
GF0025-2021-7_9-075,【七—九75】,GF 0025—2021 Appendix A,7-9,七—九级,75,口语格式,未细分,,REF-GF0025-2021,1b5e95de7216a22388709b1008569cd1f28c95737d73cecd6d3ebdc8e6278f2d,,GF0025-2021 PDF pp.176–259,appendix_span_verified,verified_inventory,500,draft_unreviewed,not_promoted,outside_current_37_label_claim_unless_crosswalked
GF0025-2021-7_9-076,【七—九76】,GF 0025—2021 Appendix A,7-9,七—九级,76,口语格式,未细分,,REF-GF0025-2021,1b5e95de7216a22388709b1008569cd1f28c95737d73cecd6d3ebdc8e6278f2d,,GF0025-2021 PDF pp.176–259,appendix_span_verified,verified_inventory,501,draft_unreviewed,not_promoted,outside_current_37_label_claim_unless_crosswalked
GF0025-2021-7_9-077,【七—九77】,GF 0025—2021 Appendix A,7-9,七—九级,77,口语格式,未细分,,REF-GF0025-2021,1b5e95de7216a22388709b1008569cd1f28c95737d73cecd6d3ebdc8e6278f2d,,GF0025-2021 PDF pp.176–259,appendix_span_verified,verified_inventory,502,draft_unreviewed,not_promoted,outside_current_37_label_claim_unless_crosswalked
GF0025-2021-7_9-078,【七—九78】,GF 0025—2021 Appendix A,7-9,七—九级,78,口语格式,未细分,,REF-GF0025-2021,1b5e95de7216a22388709b1008569cd1f28c95737d73cecd6d3ebdc8e6278f2d,,GF0025-2021 PDF pp.176–259,appendix_span_verified,verified_inventory,503,draft_unreviewed,not_promoted,outside_current_37_label_claim_unless_crosswalked
GF0025-2021-7_9-079,【七—九79】,GF 0025—2021 Appendix A,7-9,七—九级,79,口语格式,未细分,,REF-GF0025-2021,1b5e95de7216a22388709b1008569cd1f28c95737d73cecd6d3ebdc8e6278f2d,,GF0025-2021 PDF pp.176–259,appendix_span_verified,verified_inventory,504,draft_unreviewed,not_promoted,outside_current_37_label_claim_unless_crosswalked
GF0025-2021-7_9-080,【七—九80】,GF 0025—2021 Appendix A,7-9,七—九级,80,口语格式,未细分,,REF-GF0025-2021,1b5e95de7216a22388709b1008569cd1f28c95737d73cecd6d3ebdc8e6278f2d,,GF0025-2021 PDF pp.176–259,appendix_span_verified,verified_inventory,505,draft_unreviewed,not_promoted,outside_current_37_label_claim_unless_crosswalked
GF0025-2021-7_9-081,【七—九81】,GF 0025—2021 Appendix A,7-9,七—九级,81,口语格式,未细分,,REF-GF0025-2021,1b5e95de7216a22388709b1008569cd1f28c95737d73cecd6d3ebdc8e6278f2d,,GF0025-2021 PDF pp.176–259,appendix_span_verified,verified_inventory,506,draft_unreviewed,not_promoted,outside_current_37_label_claim_unless_crosswalked
GF0025-2021-7_9-082,【七—九82】,GF 0025—2021 Appendix A,7-9,七—九级,82,口语格式,未细分,,REF-GF0025-2021,1b5e95de7216a22388709b1008569cd1f28c95737d73cecd6d3ebdc8e6278f2d,,GF0025-2021 PDF pp.176–259,appendix_span_verified,verified_inventory,507,draft_unreviewed,not_promoted,outside_current_37_label_claim_unless_crosswalked
GF0025-2021-7_9-083,【七—九83】,GF 0025—2021 Appendix A,7-9,七—九级,83,口语格式,未细分,,REF-GF0025-2021,1b5e95de7216a22388709b1008569cd1f28c95737d73cecd6d3ebdc8e6278f2d,,GF0025-2021 PDF pp.176–259,appendix_span_verified,verified_inventory,508,draft_unreviewed,not_promoted,outside_current_37_label_claim_unless_crosswalked
GF0025-2021-7_9-084,【七—九84】,GF 0025—2021 Appendix A,7-9,七—九级,84,口语格式,未细分,,REF-GF0025-2021,1b5e95de7216a22388709b1008569cd1f28c95737d73cecd6d3ebdc8e6278f2d,,GF0025-2021 PDF pp.176–259,appendix_span_verified,verified_inventory,509,draft_unreviewed,not_promoted,outside_current_37_label_claim_unless_crosswalked
GF0025-2021-7_9-085,【七—九85】,GF 0025—2021 Appendix A,7-9,七—九级,85,口语格式,未细分,,REF-GF0025-2021,1b5e95de7216a22388709b1008569cd1f28c95737d73cecd6d3ebdc8e6278f2d,,GF0025-2021 PDF pp.176–259,appendix_span_verified,verified_inventory,510,draft_unreviewed,not_promoted,outside_current_37_label_claim_unless_crosswalked
GF0025-2021-7_9-086,【七—九86】,GF 0025—2021 Appendix A,7-9,七—九级,86,口语格式,未细分,,REF-GF0025-2021,1b5e95de7216a22388709b1008569cd1f28c95737d73cecd6d3ebdc8e6278f2d,,GF0025-2021 PDF pp.176–259,appendix_span_verified,verified_inventory,511,draft_unreviewed,not_promoted,outside_current_37_label_claim_unless_crosswalked
GF0025-2021-7_9-087,【七—九87】,GF 0025—2021 Appendix A,7-9,七—九级,87,口语格式,未细分,,REF-GF0025-2021,1b5e95de7216a22388709b1008569cd1f28c95737d73cecd6d3ebdc8e6278f2d,,GF0025-2021 PDF pp.176–259,appendix_span_verified,verified_inventory,512,draft_unreviewed,not_promoted,outside_current_37_label_claim_unless_crosswalked
GF0025-2021-7_9-088,【七—九88】,GF 0025—2021 Appendix A,7-9,七—九级,88,口语格式,未细分,,REF-GF0025-2021,1b5e95de7216a22388709b1008569cd1f28c95737d73cecd6d3ebdc8e6278f2d,,GF0025-2021 PDF pp.176–259,appendix_span_verified,verified_inventory,513,draft_unreviewed,not_promoted,outside_current_37_label_claim_unless_crosswalked
GF0025-2021-7_9-089,【七—九89】,GF 0025—2021 Appendix A,7-9,七—九级,89,口语格式,未细分,,REF-GF0025-2021,1b5e95de7216a22388709b1008569cd1f28c95737d73cecd6d3ebdc8e6278f2d,,GF0025-2021 PDF pp.176–259,appendix_span_verified,verified_inventory,514,draft_unreviewed,not_promoted,outside_current_37_label_claim_unless_crosswalked
GF0025-2021-7_9-090,【七—九90】,GF 0025—2021 Appendix A,7-9,七—九级,90,句群,形式分类,带关联词语,REF-GF0025-2021,1b5e95de7216a22388709b1008569cd1f28c95737d73cecd6d3ebdc8e6278f2d,,GF0025-2021 PDF pp.176–259,appendix_span_verified,verified_inventory,515,not_available,not_promoted,outside_current_37_label_claim_unless_crosswalked
GF0025-2021-7_9-091,【七—九91】,GF 0025—2021 Appendix A,7-9,七—九级,91,句群,形式分类,不带关联词语,REF-GF0025-2021,1b5e95de7216a22388709b1008569cd1f28c95737d73cecd6d3ebdc8e6278f2d,,GF0025-2021 PDF pp.176–259,appendix_span_verified,verified_inventory,516,not_available,not_promoted,outside_current_37_label_claim_unless_crosswalked
GF0025-2021-7_9-092,【七—九92】,GF 0025—2021 Appendix A,7-9,七—九级,92,句群,意义分类,,REF-GF0025-2021,1b5e95de7216a22388709b1008569cd1f28c95737d73cecd6d3ebdc8e6278f2d,,GF0025-2021 PDF pp.176–259,appendix_span_verified,verified_inventory,517,not_available,not_promoted,outside_current_37_label_claim_unless_crosswalked
GF0025-2021-7_9-093,【七—九93】,GF 0025—2021 Appendix A,7-9,七—九级,93,句群,意义分类,,REF-GF0025-2021,1b5e95de7216a22388709b1008569cd1f28c95737d73cecd6d3ebdc8e6278f2d,,GF0025-2021 PDF pp.176–259,appendix_span_verified,verified_inventory,518,not_available,not_promoted,outside_current_37_label_claim_unless_crosswalked
GF0025-2021-7_9-094,【七—九94】,GF 0025—2021 Appendix A,7-9,七—九级,94,词类,副词,程度副词,REF-GF0025-2021,1b5e95de7216a22388709b1008569cd1f28c95737d73cecd6d3ebdc8e6278f2d,,GF0025-2021 PDF pp.176–259,appendix_span_verified,verified_inventory,519,draft_unreviewed,not_promoted,outside_current_37_label_claim_unless_crosswalked
GF0025-2021-7_9-095,【七—九95】,GF 0025—2021 Appendix A,7-9,七—九级,95,词类,副词,程度副词,REF-GF0025-2021,1b5e95de7216a22388709b1008569cd1f28c95737d73cecd6d3ebdc8e6278f2d,,GF0025-2021 PDF pp.176–259,appendix_span_verified,verified_inventory,520,draft_unreviewed,not_promoted,outside_current_37_label_claim_unless_crosswalked
GF0025-2021-7_9-096,【七—九96】,GF 0025—2021 Appendix A,7-9,七—九级,96,词类,副词,程度副词,REF-GF0025-2021,1b5e95de7216a22388709b1008569cd1f28c95737d73cecd6d3ebdc8e6278f2d,,GF0025-2021 PDF pp.176–259,appendix_span_verified,verified_inventory,521,draft_unreviewed,not_promoted,outside_current_37_label_claim_unless_crosswalked
GF0025-2021-7_9-097,【七—九97】,GF 0025—2021 Appendix A,7-9,七—九级,97,词类,副词,程度副词,REF-GF0025-2021,1b5e95de7216a22388709b1008569cd1f28c95737d73cecd6d3ebdc8e6278f2d,,GF0025-2021 PDF pp.176–259,appendix_span_verified,verified_inventory,522,draft_unreviewed,not_promoted,outside_current_37_label_claim_unless_crosswalked
GF0025-2021-7_9-098,【七—九98】,GF 0025—2021 Appendix A,7-9,七—九级,98,词类,副词,程度副词,REF-GF0025-2021,1b5e95de7216a22388709b1008569cd1f28c95737d73cecd6d3ebdc8e6278f2d,,GF0025-2021 PDF pp.176–259,appendix_span_verified,verified_inventory,523,draft_unreviewed,not_promoted,outside_current_37_label_claim_unless_crosswalked
GF0025-2021-7_9-099,【七—九99】,GF 0025—2021 Appendix A,7-9,七—九级,99,词类,副词,程度副词,REF-GF0025-2021,1b5e95de7216a22388709b1008569cd1f28c95737d73cecd6d3ebdc8e6278f2d,,GF0025-2021 PDF pp.176–259,appendix_span_verified,verified_inventory,524,draft_unreviewed,not_promoted,outside_current_37_label_claim_unless_crosswalked
GF0025-2021-7_9-100,【七—九100】,GF 0025—2021 Appendix A,7-9,七—九级,100,词类,副词,程度副词,REF-GF0025-2021,1b5e95de7216a22388709b1008569cd1f28c95737d73cecd6d3ebdc8e6278f2d,,GF0025-2021 PDF pp.176–259,appendix_span_verified,verified_inventory,525,draft_unreviewed,not_promoted,outside_current_37_label_claim_unless_crosswalked
GF0025-2021-7_9-101,【七—九101】,GF 0025—2021 Appendix A,7-9,七—九级,101,句子的类型,复句,递进复句,REF-GF0025-2021,1b5e95de7216a22388709b1008569cd1f28c95737d73cecd6d3ebdc8e6278f2d,,GF0025-2021 PDF pp.176–259,appendix_span_verified,verified_inventory,526,draft_unreviewed,not_promoted,outside_current_37_label_claim_unless_crosswalked
GF0025-2021-7_9-102,【七—九102】,GF 0025—2021 Appendix A,7-9,七—九级,102,句子的类型,复句,递进复句,REF-GF0025-2021,1b5e95de7216a22388709b1008569cd1f28c95737d73cecd6d3ebdc8e6278f2d,,GF0025-2021 PDF pp.176–259,appendix_span_verified,verified_inventory,527,draft_unreviewed,not_promoted,outside_current_37_label_claim_unless_crosswalked
GF0025-2021-7_9-103,【七—九103】,GF 0025—2021 Appendix A,7-9,七—九级,103,词类,副词,范围、协同副词,REF-GF0025-2021,1b5e95de7216a22388709b1008569cd1f28c95737d73cecd6d3ebdc8e6278f2d,,GF0025-2021 PDF pp.176–259,appendix_span_verified,verified_inventory,528,draft_unreviewed,not_promoted,outside_current_37_label_claim_unless_crosswalked
GF0025-2021-7_9-104,【七—九104】,GF 0025—2021 Appendix A,7-9,七—九级,104,词类,副词,范围、协同副词,REF-GF0025-2021,1b5e95de7216a22388709b1008569cd1f28c95737d73cecd6d3ebdc8e6278f2d,,GF0025-2021 PDF pp.176–259,appendix_span_verified,verified_inventory,529,draft_unreviewed,not_promoted,outside_current_37_label_claim_unless_crosswalked
GF0025-2021-7_9-105,【七—九105】,GF 0025—2021 Appendix A,7-9,七—九级,105,词类,副词,范围、协同副词,REF-GF0025-2021,1b5e95de7216a22388709b1008569cd1f28c95737d73cecd6d3ebdc8e6278f2d,,GF0025-2021 PDF pp.176–259,appendix_span_verified,verified_inventory,530,draft_unreviewed,not_promoted,outside_current_37_label_claim_unless_crosswalked
GF0025-2021-7_9-106,【七—九106】,GF 0025—2021 Appendix A,7-9,七—九级,106,词类,副词,范围、协同副词,REF-GF0025-2021,1b5e95de7216a22388709b1008569cd1f28c95737d73cecd6d3ebdc8e6278f2d,,GF0025-2021 PDF pp.176–259,appendix_span_verified,verified_inventory,531,draft_unreviewed,not_promoted,outside_current_37_label_claim_unless_crosswalked
GF0025-2021-7_9-107,【七—九107】,GF 0025—2021 Appendix A,7-9,七—九级,107,词类,副词,方式副词,REF-GF0025-2021,1b5e95de7216a22388709b1008569cd1f28c95737d73cecd6d3ebdc8e6278f2d,,GF0025-2021 PDF pp.176–259,appendix_span_verified,verified_inventory,532,draft_unreviewed,not_promoted,outside_current_37_label_claim_unless_crosswalked
GF0025-2021-7_9-108,【七—九108】,GF 0025—2021 Appendix A,7-9,七—九级,108,词类,副词,方式副词,REF-GF0025-2021,1b5e95de7216a22388709b1008569cd1f28c95737d73cecd6d3ebdc8e6278f2d,,GF0025-2021 PDF pp.176–259,appendix_span_verified,verified_inventory,533,draft_unreviewed,not_promoted,outside_current_37_label_claim_unless_crosswalked
GF0025-2021-7_9-109,【七—九109】,GF 0025—2021 Appendix A,7-9,七—九级,109,词类,副词,方式副词,REF-GF0025-2021,1b5e95de7216a22388709b1008569cd1f28c95737d73cecd6d3ebdc8e6278f2d,,GF0025-2021 PDF pp.176–259,appendix_span_verified,verified_inventory,534,draft_unreviewed,not_promoted,outside_current_37_label_claim_unless_crosswalked
GF0025-2021-7_9-110,【七—九110】,GF 0025—2021 Appendix A,7-9,七—九级,110,词类,副词,否定副词,REF-GF0025-2021,1b5e95de7216a22388709b1008569cd1f28c95737d73cecd6d3ebdc8e6278f2d,,GF0025-2021 PDF pp.176–259,appendix_span_verified,verified_inventory,535,draft_unreviewed,not_promoted,outside_current_37_label_claim_unless_crosswalked
GF0025-2021-7_9-111,【七—九111】,GF 0025—2021 Appendix A,7-9,七—九级,111,词类,副词,否定副词,REF-GF0025-2021,1b5e95de7216a22388709b1008569cd1f28c95737d73cecd6d3ebdc8e6278f2d,,GF0025-2021 PDF pp.176–259,appendix_span_verified,verified_inventory,536,draft_unreviewed,not_promoted,outside_current_37_label_claim_unless_crosswalked
GF0025-2021-7_9-112,【七—九112】,GF 0025—2021 Appendix A,7-9,七—九级,112,词类,副词,频率、重复副词,REF-GF0025-2021,1b5e95de7216a22388709b1008569cd1f28c95737d73cecd6d3ebdc8e6278f2d,,GF0025-2021 PDF pp.176–259,appendix_span_verified,verified_inventory,537,draft_unreviewed,not_promoted,outside_current_37_label_claim_unless_crosswalked
GF0025-2021-7_9-113,【七—九113】,GF 0025—2021 Appendix A,7-9,七—九级,113,词类,副词,频率、重复副词,REF-GF0025-2021,1b5e95de7216a22388709b1008569cd1f28c95737d73cecd6d3ebdc8e6278f2d,,GF0025-2021 PDF pp.176–259,appendix_span_verified,verified_inventory,538,draft_unreviewed,not_promoted,outside_current_37_label_claim_unless_crosswalked
GF0025-2021-7_9-114,【七—九114】,GF 0025—2021 Appendix A,7-9,七—九级,114,短语,固定短语,其他,REF-GF0025-2021,1b5e95de7216a22388709b1008569cd1f28c95737d73cecd6d3ebdc8e6278f2d,,GF0025-2021 PDF pp.176–259,appendix_span_verified,verified_inventory,539,draft_unreviewed,not_promoted,outside_current_37_label_claim_unless_crosswalked
GF0025-2021-7_9-115,【七—九115】,GF 0025—2021 Appendix A,7-9,七—九级,115,短语,固定短语,其他,REF-GF0025-2021,1b5e95de7216a22388709b1008569cd1f28c95737d73cecd6d3ebdc8e6278f2d,,GF0025-2021 PDF pp.176–259,appendix_span_verified,verified_inventory,540,draft_unreviewed,not_promoted,outside_current_37_label_claim_unless_crosswalked
GF0025-2021-7_9-116,【七—九116】,GF 0025—2021 Appendix A,7-9,七—九级,116,短语,固定短语,其他,REF-GF0025-2021,1b5e95de7216a22388709b1008569cd1f28c95737d73cecd6d3ebdc8e6278f2d,256,GF0025-2021 PDF p.256,ocr_detected,verified_inventory,541,draft_unreviewed,not_promoted,outside_current_37_label_claim_unless_crosswalked
GF0025-2021-7_9-117,【七—九117】,GF 0025—2021 Appendix A,7-9,七—九级,117,短语,固定短语,其他,REF-GF0025-2021,1b5e95de7216a22388709b1008569cd1f28c95737d73cecd6d3ebdc8e6278f2d,256,GF0025-2021 PDF p.256,ocr_detected,verified_inventory,542,draft_unreviewed,not_promoted,outside_current_37_label_claim_unless_crosswalked
GF0025-2021-7_9-118,【七—九118】,GF 0025—2021 Appendix A,7-9,七—九级,118,词类,副词,情态副词,REF-GF0025-2021,1b5e95de7216a22388709b1008569cd1f28c95737d73cecd6d3ebdc8e6278f2d,256,GF0025-2021 PDF p.256,ocr_detected,verified_inventory,543,draft_unreviewed,not_promoted,outside_current_37_label_claim_unless_crosswalked
GF0025-2021-7_9-119,【七—九119】,GF 0025—2021 Appendix A,7-9,七—九级,119,词类,副词,情态副词,REF-GF0025-2021,1b5e95de7216a22388709b1008569cd1f28c95737d73cecd6d3ebdc8e6278f2d,256,GF0025-2021 PDF p.256,ocr_detected,verified_inventory,544,draft_unreviewed,not_promoted,outside_current_37_label_claim_unless_crosswalked
GF0025-2021-7_9-120,【七—九120】,GF 0025—2021 Appendix A,7-9,七—九级,120,词类,副词,情态副词,REF-GF0025-2021,1b5e95de7216a22388709b1008569cd1f28c95737d73cecd6d3ebdc8e6278f2d,256,GF0025-2021 PDF p.256,ocr_detected,verified_inventory,545,draft_unreviewed,not_promoted,outside_current_37_label_claim_unless_crosswalked
GF0025-2021-7_9-121,【七—九121】,GF 0025—2021 Appendix A,7-9,七—九级,121,词类,副词,情态副词,REF-GF0025-2021,1b5e95de7216a22388709b1008569cd1f28c95737d73cecd6d3ebdc8e6278f2d,256,GF0025-2021 PDF p.256,ocr_detected,verified_inventory,546,draft_unreviewed,not_promoted,outside_current_37_label_claim_unless_crosswalked
GF0025-2021-7_9-122,【七—九122】,GF 0025—2021 Appendix A,7-9,七—九级,122,词类,副词,情态副词,REF-GF0025-2021,1b5e95de7216a22388709b1008569cd1f28c95737d73cecd6d3ebdc8e6278f2d,256,GF0025-2021 PDF p.256,ocr_detected,verified_inventory,547,draft_unreviewed,not_promoted,outside_current_37_label_claim_unless_crosswalked
GF0025-2021-7_9-123,【七—九123】,GF 0025—2021 Appendix A,7-9,七—九级,123,词类,副词,时间副词,REF-GF0025-2021,1b5e95de7216a22388709b1008569cd1f28c95737d73cecd6d3ebdc8e6278f2d,256,GF0025-2021 PDF p.256,ocr_detected,verified_inventory,548,draft_unreviewed,not_promoted,outside_current_37_label_claim_unless_crosswalked
GF0025-2021-7_9-124,【七—九124】,GF 0025—2021 Appendix A,7-9,七—九级,124,词类,副词,时间副词,REF-GF0025-2021,1b5e95de7216a22388709b1008569cd1f28c95737d73cecd6d3ebdc8e6278f2d,256,GF0025-2021 PDF p.256,ocr_detected,verified_inventory,549,draft_unreviewed,not_promoted,outside_current_37_label_claim_unless_crosswalked
GF0025-2021-7_9-125,【七—九125】,GF 0025—2021 Appendix A,7-9,七—九级,125,词类,副词,时间副词,REF-GF0025-2021,1b5e95de7216a22388709b1008569cd1f28c95737d73cecd6d3ebdc8e6278f2d,257,GF0025-2021 PDF p.257,ocr_detected,verified_inventory,550,draft_unreviewed,not_promoted,outside_current_37_label_claim_unless_crosswalked
GF0025-2021-7_9-126,【七—九126】,GF 0025—2021 Appendix A,7-9,七—九级,126,词类,副词,时间副词,REF-GF0025-2021,1b5e95de7216a22388709b1008569cd1f28c95737d73cecd6d3ebdc8e6278f2d,257,GF0025-2021 PDF p.257,ocr_detected,verified_inventory,551,draft_unreviewed,not_promoted,outside_current_37_label_claim_unless_crosswalked
GF0025-2021-7_9-127,【七—九127】,GF 0025—2021 Appendix A,7-9,七—九级,127,词类,介词,引出对象,REF-GF0025-2021,1b5e95de7216a22388709b1008569cd1f28c95737d73cecd6d3ebdc8e6278f2d,257,GF0025-2021 PDF p.257,ocr_detected,verified_inventory,552,draft_unreviewed,not_promoted,outside_current_37_label_claim_unless_crosswalked
GF0025-2021-7_9-128,【七—九128】,GF 0025—2021 Appendix A,7-9,七—九级,128,词类,介词,引出对象,REF-GF0025-2021,1b5e95de7216a22388709b1008569cd1f28c95737d73cecd6d3ebdc8e6278f2d,257,GF0025-2021 PDF p.257,ocr_detected,verified_inventory,553,draft_unreviewed,not_promoted,outside_current_37_label_claim_unless_crosswalked
GF0025-2021-7_9-129,【七—九129】,GF 0025—2021 Appendix A,7-9,七—九级,129,词类,介词,引出凭借、依据,REF-GF0025-2021,1b5e95de7216a22388709b1008569cd1f28c95737d73cecd6d3ebdc8e6278f2d,257,GF0025-2021 PDF p.257,ocr_detected,verified_inventory,554,draft_unreviewed,not_promoted,outside_current_37_label_claim_unless_crosswalked
GF0025-2021-7_9-130,【七—九130】,GF 0025—2021 Appendix A,7-9,七—九级,130,词类,介词,引出凭借、依据,REF-GF0025-2021,1b5e95de7216a22388709b1008569cd1f28c95737d73cecd6d3ebdc8e6278f2d,257,GF0025-2021 PDF p.257,ocr_detected,verified_inventory,555,draft_unreviewed,not_promoted,outside_current_37_label_claim_unless_crosswalked
GF0025-2021-7_9-131,【七—九131】,GF 0025—2021 Appendix A,7-9,七—九级,131,词类,介词,引出凭借、依据,REF-GF0025-2021,1b5e95de7216a22388709b1008569cd1f28c95737d73cecd6d3ebdc8e6278f2d,257,GF0025-2021 PDF p.257,ocr_detected,verified_inventory,556,draft_unreviewed,not_promoted,outside_current_37_label_claim_unless_crosswalked
GF0025-2021-7_9-132,【七—九132】,GF 0025—2021 Appendix A,7-9,七—九级,132,词类,副词,语气副词,REF-GF0025-2021,1b5e95de7216a22388709b1008569cd1f28c95737d73cecd6d3ebdc8e6278f2d,257,GF0025-2021 PDF p.257,ocr_detected,verified_inventory,557,draft_unreviewed,not_promoted,outside_current_37_label_claim_unless_crosswalked
GF0025-2021-7_9-133,【七—九133】,GF 0025—2021 Appendix A,7-9,七—九级,133,词类,副词,语气副词,REF-GF0025-2021,1b5e95de7216a22388709b1008569cd1f28c95737d73cecd6d3ebdc8e6278f2d,258,GF0025-2021 PDF p.258,ocr_detected,verified_inventory,558,draft_unreviewed,not_promoted,outside_current_37_label_claim_unless_crosswalked
GF0025-2021-7_9-134,【七—九134】,GF 0025—2021 Appendix A,7-9,七—九级,134,词类,副词,语气副词,REF-GF0025-2021,1b5e95de7216a22388709b1008569cd1f28c95737d73cecd6d3ebdc8e6278f2d,258,GF0025-2021 PDF p.258,ocr_detected,verified_inventory,559,draft_unreviewed,not_promoted,outside_current_37_label_claim_unless_crosswalked
GF0025-2021-7_9-135,【七—九135】,GF 0025—2021 Appendix A,7-9,七—九级,135,词类,副词,语气副词,REF-GF0025-2021,1b5e95de7216a22388709b1008569cd1f28c95737d73cecd6d3ebdc8e6278f2d,258,GF0025-2021 PDF p.258,ocr_detected,verified_inventory,560,draft_unreviewed,not_promoted,outside_current_37_label_claim_unless_crosswalked
GF0025-2021-7_9-136,【七—九136】,GF 0025—2021 Appendix A,7-9,七—九级,136,词类,副词,语气副词,REF-GF0025-2021,1b5e95de7216a22388709b1008569cd1f28c95737d73cecd6d3ebdc8e6278f2d,258,GF0025-2021 PDF p.258,ocr_detected,verified_inventory,561,draft_unreviewed,not_promoted,outside_current_37_label_claim_unless_crosswalked
GF0025-2021-7_9-137,【七—九137】,GF 0025—2021 Appendix A,7-9,七—九级,137,词类,副词,语气副词,REF-GF0025-2021,1b5e95de7216a22388709b1008569cd1f28c95737d73cecd6d3ebdc8e6278f2d,258,GF0025-2021 PDF p.258,ocr_detected,verified_inventory,562,draft_unreviewed,not_promoted,outside_current_37_label_claim_unless_crosswalked
GF0025-2021-7_9-138,【七—九138】,GF 0025—2021 Appendix A,7-9,七—九级,138,词类,副词,语气副词,REF-GF0025-2021,1b5e95de7216a22388709b1008569cd1f28c95737d73cecd6d3ebdc8e6278f2d,258,GF0025-2021 PDF p.258,ocr_detected,verified_inventory,563,draft_unreviewed,not_promoted,outside_current_37_label_claim_unless_crosswalked
GF0025-2021-7_9-139,【七—九139】,GF 0025—2021 Appendix A,7-9,七—九级,139,词类,副词,语气副词,REF-GF0025-2021,1b5e95de7216a22388709b1008569cd1f28c95737d73cecd6d3ebdc8e6278f2d,258,GF0025-2021 PDF p.258,ocr_detected,verified_inventory,564,draft_unreviewed,not_promoted,outside_current_37_label_claim_unless_crosswalked
GF0025-2021-7_9-140,【七—九140】,GF 0025—2021 Appendix A,7-9,七—九级,140,词类,副词,语气副词,REF-GF0025-2021,1b5e95de7216a22388709b1008569cd1f28c95737d73cecd6d3ebdc8e6278f2d,258,GF0025-2021 PDF p.258,ocr_detected,verified_inventory,565,draft_unreviewed,not_promoted,outside_current_37_label_claim_unless_crosswalked
GF0025-2021-7_9-141,【七—九141】,GF 0025—2021 Appendix A,7-9,七—九级,141,词类,副词,语气副词,REF-GF0025-2021,1b5e95de7216a22388709b1008569cd1f28c95737d73cecd6d3ebdc8e6278f2d,258,GF0025-2021 PDF p.258,ocr_detected,verified_inventory,566,draft_unreviewed,not_promoted,outside_current_37_label_claim_unless_crosswalked
GF0025-2021-7_9-142,【七—九142】,GF 0025—2021 Appendix A,7-9,七—九级,142,词类,副词,语气副词,REF-GF0025-2021,1b5e95de7216a22388709b1008569cd1f28c95737d73cecd6d3ebdc8e6278f2d,258,GF0025-2021 PDF p.258,ocr_detected,verified_inventory,567,draft_unreviewed,not_promoted,outside_current_37_label_claim_unless_crosswalked
GF0025-2021-7_9-143,【七—九143】,GF 0025—2021 Appendix A,7-9,七—九级,143,词类,副词,语气副词,REF-GF0025-2021,1b5e95de7216a22388709b1008569cd1f28c95737d73cecd6d3ebdc8e6278f2d,259,GF0025-2021 PDF p.259,ocr_detected,verified_inventory,568,draft_unreviewed,not_promoted,outside_current_37_label_claim_unless_crosswalked
GF0025-2021-7_9-144,【七—九144】,GF 0025—2021 Appendix A,7-9,七—九级,144,词类,副词,语气副词,REF-GF0025-2021,1b5e95de7216a22388709b1008569cd1f28c95737d73cecd6d3ebdc8e6278f2d,259,GF0025-2021 PDF p.259,ocr_detected,verified_inventory,569,draft_unreviewed,not_promoted,outside_current_37_label_claim_unless_crosswalked
GF0025-2021-7_9-145,【七—九145】,GF 0025—2021 Appendix A,7-9,七—九级,145,词类,副词,语气副词,REF-GF0025-2021,1b5e95de7216a22388709b1008569cd1f28c95737d73cecd6d3ebdc8e6278f2d,259,GF0025-2021 PDF p.259,ocr_detected,verified_inventory,570,draft_unreviewed,not_promoted,outside_current_37_label_claim_unless_crosswalked
GF0025-2021-7_9-146,【七—九146】,GF 0025—2021 Appendix A,7-9,七—九级,146,词类,副词,语气副词,REF-GF0025-2021,1b5e95de7216a22388709b1008569cd1f28c95737d73cecd6d3ebdc8e6278f2d,259,GF0025-2021 PDF p.259,ocr_detected,verified_inventory,571,draft_unreviewed,not_promoted,outside_current_37_label_claim_unless_crosswalked
GF0025-2021-7_9-147,【七—九147】,GF 0025—2021 Appendix A,7-9,七—九级,147,词类,助词,语气助词,REF-GF0025-2021,1b5e95de7216a22388709b1008569cd1f28c95737d73cecd6d3ebdc8e6278f2d,259,GF0025-2021 PDF p.259,ocr_detected,verified_inventory,572,draft_unreviewed,not_promoted,outside_current_37_label_claim_unless_crosswalked
GF0025-2021-7_9-148,【七—九148】,GF 0025—2021 Appendix A,7-9,七—九级,148,词类,助词,语气助词,REF-GF0025-2021,1b5e95de7216a22388709b1008569cd1f28c95737d73cecd6d3ebdc8e6278f2d,259,GF0025-2021 PDF p.259,ocr_detected,verified_inventory,573,draft_unreviewed,not_promoted,outside_current_37_label_claim_unless_crosswalked
