standard_point_id,official_label,level,category,subcategory,positive_example_pairs,raw_workbook_mentions,evidence_status,example_hashes_sample,source_workbook_sha256
GF0025-2021-1-001,【一01】,1,词类,名词,28,58,annotated_positive_present,078f7ac982532d9019c9764b72dc64238a35a3390f02baf08bb914dafafc0dcd | 0c9678679d78f3f57feef24191ab9c8599b569ef8efe637015c6d02997577783 | 0f2178aa12ec265032db4595b7edf0560d9d4806f4d9ba47f26ad8811238b54b,acd97d81b442afc3a2de42b397a1f488140b1d42c210c43d510630a096068b43
GF0025-2021-1-002,【一02】,1,词类,动词,20,52,annotated_positive_present,027641ebb173b77d54a3f9d5470b25b2fb01adc0cc6e8bebad5d00e7fa895adf | 0579a971e630c39a56620a991cc326c84d0968f7dd351e07fe369e2320d34ffe | 0a030e2ff4d2713d30f8f47ff9efea20a1c5694e7f72e77b3b91b03a3524bb4b,acd97d81b442afc3a2de42b397a1f488140b1d42c210c43d510630a096068b43
GF0025-2021-1-003,【一03】,1,词类,动词,20,42,annotated_positive_present,19d34be86f4510d14802ca3d30e8d1d3227c38e56e074d6ae7c30d2ad8ce461c | 28994b99734c2f38c10f0ec2e02af54499ab4ce3fe593ccd88040f98db9df512 | 37599333949877a3602d96e9a01d81353a9c6f6de3e1e3e8080b7fe6fd2843c2,acd97d81b442afc3a2de42b397a1f488140b1d42c210c43d510630a096068b43
GF0025-2021-1-004,【一04】,1,词类,代词,11,22,annotated_positive_present,00586401255e6628ef78c314b799caa831407fc37ead057acff7b2995d955aba | 246fcb803f8e50e9fb0124bf7fcf13e85d0ba74e03febb9a8d8e5ac9f5bcea52 | 2d058b9edf3a11566cb753a0ec67ae92b0232c9f8c0736c32ee552e9a82eaa1a,acd97d81b442afc3a2de42b397a1f488140b1d42c210c43d510630a096068b43
GF0025-2021-1-005,【一05】,1,词类,代词,54,194,annotated_positive_present,0dc95b916757a8aaf27ab5c487a329c0f7d19448aad6c5d0a345b4cff55aae79 | 13d16bdc1e4698948b9a0953b320248d380fdabaec431d60d78b2902f6f8cfcb | 163aabd6c684fe5b9efe0dd60ec07a502f3e1dd8902608fc0c5992aac8b62c2d,acd97d81b442afc3a2de42b397a1f488140b1d42c210c43d510630a096068b43
GF0025-2021-1-006,【一06】,1,词类,代词,58,132,annotated_positive_present,11de9a675754deb90bc8228bd46ae419e1e6029d9021919e7335564046d3372e | 15a7f0b4b358f4d390b7fc151dcfa1d18565adc6ffc86f6f91e0de6d34cb0d49 | 192680f0b96af68c44998f4ba3e44214d800a703c263f75279cd24716ad93e6d,acd97d81b442afc3a2de42b397a1f488140b1d42c210c43d510630a096068b43
GF0025-2021-1-007,【一07】,1,词类,数词,42,100,annotated_positive_present,02a19c0433b3628e40712bf9979d1d288e9a2f01f2fa416c5c3e7a851bb73dc7 | 1309d7f38e2b74abfc74ec1145c3f54bbe3e891808dc8cf5af25a264a745272d | 192680f0b96af68c44998f4ba3e44214d800a703c263f75279cd24716ad93e6d,acd97d81b442afc3a2de42b397a1f488140b1d42c210c43d510630a096068b43
GF0025-2021-1-008,【一08】,1,词类,量词,22,46,annotated_positive_present,0a1d9527d16545378abb98cafcac1e5ca699a492285d54a769c38779b0b3b155 | 25d75f01e1f30b25b832fb86ea32ff15ce80b1c36bbeb7d04e31f3959da1851d | 2d058b9edf3a11566cb753a0ec67ae92b0232c9f8c0736c32ee552e9a82eaa1a,acd97d81b442afc3a2de42b397a1f488140b1d42c210c43d510630a096068b43
GF0025-2021-1-009,【一09】,1,词类,副词,66,144,annotated_positive_present,02a19c0433b3628e40712bf9979d1d288e9a2f01f2fa416c5c3e7a851bb73dc7 | 045f9e5fdb01a174ccd0e7b5c0970005d8fd3fcfeae225ed198ecb25b9d70843 | 0a1d9527d16545378abb98cafcac1e5ca699a492285d54a769c38779b0b3b155,acd97d81b442afc3a2de42b397a1f488140b1d42c210c43d510630a096068b43
GF0025-2021-1-010,【一10】,1,词类,副词,24,56,annotated_positive_present,0d3bce5bdc7b4806bc4b93635c061325e288bfd183c664e4a3c86f6aac6363dd | 1edae52a4feec2e4cb3e6f451e84944be51705167d97c4b43c04f0121ea061f4 | 23e7568d0cb862d2bbc09487697c52a6f481407b71b59b159528fff8bb20ae5e,acd97d81b442afc3a2de42b397a1f488140b1d42c210c43d510630a096068b43
GF0025-2021-1-011,【一11】,1,词类,副词,13,26,annotated_positive_present,0c9678679d78f3f57feef24191ab9c8599b569ef8efe637015c6d02997577783 | 285af5056e6d5a723aa5e2a0b49bcd39da06e470170f9b4a179ca0df9388e01f | 455802aee82550c50a56918bac84c2467a678ae6903f71b5d2b004408aab1b1d,acd97d81b442afc3a2de42b397a1f488140b1d42c210c43d510630a096068b43
GF0025-2021-1-012,【一12】,1,词类,副词,9,18,annotated_positive_present,3332d01accc80f5a79ec1998d909c1d5044928e14b6d79f172a897e419e57d0a | 526cdd93427f4bb9f77854494183e8b94f3afad960c0338a04f204dbc07f1fc0 | 58dde53825b9e95eb3eb2c13b38809f17722f739a092a197106a9d90f2f562cf,acd97d81b442afc3a2de42b397a1f488140b1d42c210c43d510630a096068b43
GF0025-2021-1-013,【一13】,1,词类,副词,51,104,annotated_positive_present,0579a971e630c39a56620a991cc326c84d0968f7dd351e07fe369e2320d34ffe | 09624f04759dd778d973a6a59cdcf8ccf43c172a401229029efd157f56c22681 | 0a030e2ff4d2713d30f8f47ff9efea20a1c5694e7f72e77b3b91b03a3524bb4b,acd97d81b442afc3a2de42b397a1f488140b1d42c210c43d510630a096068b43
GF0025-2021-1-014,【一14】,1,词类,副词,65,168,annotated_positive_present,09624f04759dd778d973a6a59cdcf8ccf43c172a401229029efd157f56c22681 | 0a1d9527d16545378abb98cafcac1e5ca699a492285d54a769c38779b0b3b155 | 0b18a12bfc395fc394c80771eea456da07a4b71343c25c64f607dd71ea6ec99e,acd97d81b442afc3a2de42b397a1f488140b1d42c210c43d510630a096068b43
GF0025-2021-1-015,【一15】,1,词类,介词,15,32,annotated_positive_present,02a19c0433b3628e40712bf9979d1d288e9a2f01f2fa416c5c3e7a851bb73dc7 | 19d34be86f4510d14802ca3d30e8d1d3227c38e56e074d6ae7c30d2ad8ce461c | 3757a5e97a9802ad915e981e1e0e546ccdc7ab6f9e5dac373b0b3682ec159ad6,acd97d81b442afc3a2de42b397a1f488140b1d42c210c43d510630a096068b43
GF0025-2021-1-016,【一16】,1,词类,介词,60,134,annotated_positive_present,082a3ebb3ef27d6031bdf56b09e1cbe8c87daa6b82758c416ef61f1028fff4dd | 09624f04759dd778d973a6a59cdcf8ccf43c172a401229029efd157f56c22681 | 12d520e14ab81ce0cef94e2c853468023b856c59d35ba892071e691e81075011,acd97d81b442afc3a2de42b397a1f488140b1d42c210c43d510630a096068b43
GF0025-2021-1-017,【一17】,1,词类,介词,19,38,annotated_positive_present,1025473df790cabe74c3088b13831579af93209551048c0d40ec51b27905305f | 2f76b5c20f026057eadc987bf66e2a9aa4e7bdfa0936551138e71cfeabe131c8 | 4bfae5f9d22922789af1f87ba0a4fd09a890453ca16483437c8c27379f70fd50,acd97d81b442afc3a2de42b397a1f488140b1d42c210c43d510630a096068b43
GF0025-2021-1-018,【一18】,1,词类,介词,1,2,annotated_positive_present,b825fbe2d4e8c0936a30721aa06abcf9cc6ac511f04696997dc8b65b1ac067ea,acd97d81b442afc3a2de42b397a1f488140b1d42c210c43d510630a096068b43
GF0025-2021-1-019,【一19】,1,词类,连词,44,104,annotated_positive_present,0c9678679d78f3f57feef24191ab9c8599b569ef8efe637015c6d02997577783 | 0d3bce5bdc7b4806bc4b93635c061325e288bfd183c664e4a3c86f6aac6363dd | 17b7732f0a2e22c86121cd94fd5a9173db6bc4e7e0ea8c57d36e2edfa961dedb,acd97d81b442afc3a2de42b397a1f488140b1d42c210c43d510630a096068b43
GF0025-2021-1-020,【一20】,1,词类,助词,114,346,annotated_positive_present,02a19c0433b3628e40712bf9979d1d288e9a2f01f2fa416c5c3e7a851bb73dc7 | 0a1d9527d16545378abb98cafcac1e5ca699a492285d54a769c38779b0b3b155 | 0ae9905733425705bb61efc32d14e7248a6afea50f34f8506c736215cfa74936,acd97d81b442afc3a2de42b397a1f488140b1d42c210c43d510630a096068b43
GF0025-2021-1-021,【一21】,1,词类,助词,65,152,annotated_positive_present,078f7ac982532d9019c9764b72dc64238a35a3390f02baf08bb914dafafc0dcd | 09624f04759dd778d973a6a59cdcf8ccf43c172a401229029efd157f56c22681 | 0a1d9527d16545378abb98cafcac1e5ca699a492285d54a769c38779b0b3b155,acd97d81b442afc3a2de42b397a1f488140b1d42c210c43d510630a096068b43
GF0025-2021-1-022,【一22】,1,词类,助词,52,116,annotated_positive_present,12a6ec3488aa244ad7344d15051410f36b08abd65b2a0d3d8816612c72e6df4b | 16f6684483839af527bdd1babf73f43a2aad149e32b57205524bdd5c98c46cdf | 192dfd0f342d662ae9462142a7046d420b7be70da76951da05ec985e0cde8b08,acd97d81b442afc3a2de42b397a1f488140b1d42c210c43d510630a096068b43
GF0025-2021-1-023,【一23】,1,短语,结构类型,46,120,annotated_positive_present,0f2178aa12ec265032db4595b7edf0560d9d4806f4d9ba47f26ad8811238b54b | 17af5da648b52c1ac956e407895b58b93abd5761b8af0ac784a79c7009b70b1d | 19d34be86f4510d14802ca3d30e8d1d3227c38e56e074d6ae7c30d2ad8ce461c,acd97d81b442afc3a2de42b397a1f488140b1d42c210c43d510630a096068b43
GF0025-2021-1-024,【一24】,1,句子成分,主语,284,690,annotated_positive_present,027641ebb173b77d54a3f9d5470b25b2fb01adc0cc6e8bebad5d00e7fa895adf | 02a19c0433b3628e40712bf9979d1d288e9a2f01f2fa416c5c3e7a851bb73dc7 | 045f9e5fdb01a174ccd0e7b5c0970005d8fd3fcfeae225ed198ecb25b9d70843,acd97d81b442afc3a2de42b397a1f488140b1d42c210c43d510630a096068b43
GF0025-2021-1-025,【一25】,1,句子成分,谓语,308,836,annotated_positive_present,00586401255e6628ef78c314b799caa831407fc37ead057acff7b2995d955aba | 027641ebb173b77d54a3f9d5470b25b2fb01adc0cc6e8bebad5d00e7fa895adf | 02a19c0433b3628e40712bf9979d1d288e9a2f01f2fa416c5c3e7a851bb73dc7,acd97d81b442afc3a2de42b397a1f488140b1d42c210c43d510630a096068b43
GF0025-2021-1-026,【一26】,1,句子成分,宾语,213,476,annotated_positive_present,00586401255e6628ef78c314b799caa831407fc37ead057acff7b2995d955aba | 027641ebb173b77d54a3f9d5470b25b2fb01adc0cc6e8bebad5d00e7fa895adf | 02a19c0433b3628e40712bf9979d1d288e9a2f01f2fa416c5c3e7a851bb73dc7,acd97d81b442afc3a2de42b397a1f488140b1d42c210c43d510630a096068b43
GF0025-2021-1-027,【一27】,1,句子成分,定语,192,656,annotated_positive_present,027641ebb173b77d54a3f9d5470b25b2fb01adc0cc6e8bebad5d00e7fa895adf | 02a19c0433b3628e40712bf9979d1d288e9a2f01f2fa416c5c3e7a851bb73dc7 | 05bc66152da60424e5187b4bcc3a1916cc47f709bb93dec08b2680cf572606bc,acd97d81b442afc3a2de42b397a1f488140b1d42c210c43d510630a096068b43
GF0025-2021-1-028,【一28】,1,句子成分,状语,155,418,annotated_positive_present,027641ebb173b77d54a3f9d5470b25b2fb01adc0cc6e8bebad5d00e7fa895adf | 02a19c0433b3628e40712bf9979d1d288e9a2f01f2fa416c5c3e7a851bb73dc7 | 078f7ac982532d9019c9764b72dc64238a35a3390f02baf08bb914dafafc0dcd,acd97d81b442afc3a2de42b397a1f488140b1d42c210c43d510630a096068b43
GF0025-2021-1-029,【一29】,1,句子的类型,句型,3,8,annotated_positive_present,af14ca3e684ac284e147f35337c350d2b40c2060d2672a683f2b807b120b5ca3 | d322a2c13dcdb7ae6095de26badf61cb206e643bf40b22a73dc412f2234d8935 | dd76a36441fcd2117b8ca7af307efddd1a706c6266fcc55b5293eaa03f107b20,acd97d81b442afc3a2de42b397a1f488140b1d42c210c43d510630a096068b43
GF0025-2021-1-030,【一30】,1,句子的类型,句型,0,0,no_annotated_positive,,acd97d81b442afc3a2de42b397a1f488140b1d42c210c43d510630a096068b43
GF0025-2021-1-031,【一31】,1,句子的类型,句型,5,12,annotated_positive_present,0a030e2ff4d2713d30f8f47ff9efea20a1c5694e7f72e77b3b91b03a3524bb4b | 536902d025e5a2f96c273ab9b067786cea29634580e5be2cff0527441655b125 | 63a4aeb6aea5f7a5ecccb76195a92e02b10662ceaa4f50291e0b4a8ddffb804e,acd97d81b442afc3a2de42b397a1f488140b1d42c210c43d510630a096068b43
GF0025-2021-1-032,【一32】,1,句子的类型,句类,0,0,no_annotated_positive,,acd97d81b442afc3a2de42b397a1f488140b1d42c210c43d510630a096068b43
GF0025-2021-1-033,【一33】,1,句子的类型,句类,4,8,annotated_positive_present,3128caeff7607e24781f9d5f68bb7fd8abfd5db8367aaf61f55dc9aeb151f6b4 | 8e1fcde21cf431274c67fa0ccf20c4b46267d674f3440d12c28792f4445bdb29 | c2b49aa81be7821b49be67fde8aacf3a8dceedea86f4ca4b85941ce54a1d7088,acd97d81b442afc3a2de42b397a1f488140b1d42c210c43d510630a096068b43
GF0025-2021-1-034,【一34】,1,句子的类型,句类,1,2,annotated_positive_present,adf04306c00e814e89303a27ba87b1f20dd50f89c05210b79fab2121f79f9e60,acd97d81b442afc3a2de42b397a1f488140b1d42c210c43d510630a096068b43
GF0025-2021-1-035,【一35】,1,句子的类型,句类,0,0,no_annotated_positive,,acd97d81b442afc3a2de42b397a1f488140b1d42c210c43d510630a096068b43
GF0025-2021-1-036,【一36】,1,句子的类型,特殊句型,49,120,annotated_positive_present,02a19c0433b3628e40712bf9979d1d288e9a2f01f2fa416c5c3e7a851bb73dc7 | 078f7ac982532d9019c9764b72dc64238a35a3390f02baf08bb914dafafc0dcd | 11de9a675754deb90bc8228bd46ae419e1e6029d9021919e7335564046d3372e,acd97d81b442afc3a2de42b397a1f488140b1d42c210c43d510630a096068b43
GF0025-2021-1-037,【一37】,1,句子的类型,特殊句型,31,66,annotated_positive_present,045f9e5fdb01a174ccd0e7b5c0970005d8fd3fcfeae225ed198ecb25b9d70843 | 05bc66152da60424e5187b4bcc3a1916cc47f709bb93dec08b2680cf572606bc | 082a3ebb3ef27d6031bdf56b09e1cbe8c87daa6b82758c416ef61f1028fff4dd,acd97d81b442afc3a2de42b397a1f488140b1d42c210c43d510630a096068b43
GF0025-2021-1-038,【一38】,1,句子的类型,特殊句型,0,0,no_annotated_positive,,acd97d81b442afc3a2de42b397a1f488140b1d42c210c43d510630a096068b43
GF0025-2021-1-039,【一39】,1,句子的类型,复句,7,14,annotated_positive_present,00586401255e6628ef78c314b799caa831407fc37ead057acff7b2995d955aba | 6320af3df806e966b2d9ae3cecd284a234e91871c93c9d9c8634d2c615f44ed9 | 8be9484a1c0f10ec6365d55000aaf6a8bc285df7f3d58f5f76093fff7de1a20e,acd97d81b442afc3a2de42b397a1f488140b1d42c210c43d510630a096068b43
GF0025-2021-1-040,【一40】,1,动作的态,动作的态,1,2,annotated_positive_present,884cf785b1f12fb63532bfc000a6e9c0157d9c948f7db3bc7cb64a8d2aeae57a,acd97d81b442afc3a2de42b397a1f488140b1d42c210c43d510630a096068b43
GF0025-2021-1-041,【一41】,1,动作的态,动作的态,16,38,annotated_positive_present,0ae9905733425705bb61efc32d14e7248a6afea50f34f8506c736215cfa74936 | 1309d7f38e2b74abfc74ec1145c3f54bbe3e891808dc8cf5af25a264a745272d | 22a8f0ac9405b6c0e014402392c51fbfadd63d8c338ef327fe32cffb001b7a63,acd97d81b442afc3a2de42b397a1f488140b1d42c210c43d510630a096068b43
GF0025-2021-1-042,【一42】,1,动作的态,动作的态,0,0,no_annotated_positive,,acd97d81b442afc3a2de42b397a1f488140b1d42c210c43d510630a096068b43
GF0025-2021-1-043,【一43】,1,特殊表达法,数的表示法,0,0,no_annotated_positive,,acd97d81b442afc3a2de42b397a1f488140b1d42c210c43d510630a096068b43
GF0025-2021-1-044,【一44】,1,特殊表达法,时间表示法,24,57,annotated_positive_present,02a19c0433b3628e40712bf9979d1d288e9a2f01f2fa416c5c3e7a851bb73dc7 | 09624f04759dd778d973a6a59cdcf8ccf43c172a401229029efd157f56c22681 | 0dc0d7e0654276f59c6ee6985eb2f07c955d83ad6502fc6e3184c7898dd45dd5,acd97d81b442afc3a2de42b397a1f488140b1d42c210c43d510630a096068b43
GF0025-2021-1-045,【一45】,1,提问的方法,未细分,9,18,annotated_positive_present,11de9a675754deb90bc8228bd46ae419e1e6029d9021919e7335564046d3372e | 3f6cee171ae0a8c8f2fd536469bb641d0939e674ffff5371e3fec4264f4f321a | 7ec0e8070ec1ca60a703bcc6b910a4f026bbca21e98c0168216f4767cebb2ccf,acd97d81b442afc3a2de42b397a1f488140b1d42c210c43d510630a096068b43
GF0025-2021-1-046,【一46】,1,提问的方法,未细分,6,12,annotated_positive_present,0a030e2ff4d2713d30f8f47ff9efea20a1c5694e7f72e77b3b91b03a3524bb4b | 4839797658dcdd5f96f133ccf229c07dc4215f77bf76a1c12495d3377060dc3e | b00218e7c958d383f2e3383304e1cf8d6189fcd63c5d618e6d40306071c1a6c9,acd97d81b442afc3a2de42b397a1f488140b1d42c210c43d510630a096068b43
GF0025-2021-1-047,【一47】,1,提问的方法,未细分,0,0,no_annotated_positive,,acd97d81b442afc3a2de42b397a1f488140b1d42c210c43d510630a096068b43
GF0025-2021-1-048,【一48】,1,提问的方法,未细分,0,0,no_annotated_positive,,acd97d81b442afc3a2de42b397a1f488140b1d42c210c43d510630a096068b43
GF0025-2021-2-001,【二01】,2,词类,动词,37,78,annotated_positive_present,082a3ebb3ef27d6031bdf56b09e1cbe8c87daa6b82758c416ef61f1028fff4dd | 13d16bdc1e4698948b9a0953b320248d380fdabaec431d60d78b2902f6f8cfcb | 2405524d5a1e7d4decf68b95679f9ce9c9deed194c27556102b8b29ad704b357,acd97d81b442afc3a2de42b397a1f488140b1d42c210c43d510630a096068b43
GF0025-2021-2-002,【二02】,2,词类,动词,5,10,annotated_positive_present,2d058b9edf3a11566cb753a0ec67ae92b0232c9f8c0736c32ee552e9a82eaa1a | 41a3047748adbdf396e8a6b5df20fd8d5ee52e9362146fb0e9e9f1c511a0944d | 6e137f2894000d0b8e1cde4e41318f711a80305975b57c994cae8e33ee207464,acd97d81b442afc3a2de42b397a1f488140b1d42c210c43d510630a096068b43
GF0025-2021-2-003,【二03】,2,词类,动词,2,4,annotated_positive_present,9c249b1aeac93129c98040c521682bd5e0ebd75119c13b2b1bbc1cfabbbb5323 | fdaea729febb4447a8871d7c8e10ce671e2d6867bac441954d2c5e7c213472b6,acd97d81b442afc3a2de42b397a1f488140b1d42c210c43d510630a096068b43
GF0025-2021-2-004,【二04】,2,词类,动词,6,16,annotated_positive_present,58dde53825b9e95eb3eb2c13b38809f17722f739a092a197106a9d90f2f562cf | 6e137f2894000d0b8e1cde4e41318f711a80305975b57c994cae8e33ee207464 | 8d239f3d57cdcdfdecff1b980a4ce267846950595048f343152fdadbb2775161,acd97d81b442afc3a2de42b397a1f488140b1d42c210c43d510630a096068b43
GF0025-2021-2-005,【二05】,2,词类,代词,3,6,annotated_positive_present,192dfd0f342d662ae9462142a7046d420b7be70da76951da05ec985e0cde8b08 | 7c56b60394f295d3a1138981abdb46b306f663e69ac0bc51295fed9094109c22 | b16db1cf70252806fc8f6987e9b83feb34a788fdce03634e7209574bb41bc158,acd97d81b442afc3a2de42b397a1f488140b1d42c210c43d510630a096068b43
GF0025-2021-2-006,【二06】,2,词类,代词,5,10,annotated_positive_present,13d16bdc1e4698948b9a0953b320248d380fdabaec431d60d78b2902f6f8cfcb | 16ee3471a7b8ee0cb337231975a4891a25fe9600f79dce31f9b15fff2bdd72be | 2f700e95ec2acaf0715523a558822cf7b66ec289371d515dcc2dbee7c4bcf75d,acd97d81b442afc3a2de42b397a1f488140b1d42c210c43d510630a096068b43
GF0025-2021-2-007,【二07】,2,词类,代词,6,12,annotated_positive_present,2d0a16b32069766200b515712c8c3ba166b4219e4da93a13dec3f64497598f71 | 52566e1f585dde2653617bfaaaafa58c0936c8055e93366dd328fe0e7809bdfe | 7f77d6b62253cd4c22fd1a7443aa60d20325657d791003d71a44f7b45308abf0,acd97d81b442afc3a2de42b397a1f488140b1d42c210c43d510630a096068b43
GF0025-2021-2-008,【二08】,2,词类,形容词,11,46,annotated_positive_present,1b4c1b6f6a1527f4bc84898ad18fb17c884d6fbdac68e15f932af1b3bbd32b2e | 1fac2d9b2ef1affbb2b2850985b07ed55f804a8197f7d73e298cd399c3677193 | 28994b99734c2f38c10f0ec2e02af54499ab4ce3fe593ccd88040f98db9df512,acd97d81b442afc3a2de42b397a1f488140b1d42c210c43d510630a096068b43
GF0025-2021-2-009,【二09】,2,词类,数词,9,22,annotated_positive_present,02a19c0433b3628e40712bf9979d1d288e9a2f01f2fa416c5c3e7a851bb73dc7 | 17b7732f0a2e22c86121cd94fd5a9173db6bc4e7e0ea8c57d36e2edfa961dedb | 45a1879e0854d220f95d61f573f5736deee58db048d90565e1893703ca782ee6,acd97d81b442afc3a2de42b397a1f488140b1d42c210c43d510630a096068b43
GF0025-2021-2-010,【二10】,2,词类,量词,21,52,annotated_positive_present,15a7f0b4b358f4d390b7fc151dcfa1d18565adc6ffc86f6f91e0de6d34cb0d49 | 3332d01accc80f5a79ec1998d909c1d5044928e14b6d79f172a897e419e57d0a | 37599333949877a3602d96e9a01d81353a9c6f6de3e1e3e8080b7fe6fd2843c2,acd97d81b442afc3a2de42b397a1f488140b1d42c210c43d510630a096068b43
GF0025-2021-2-011,【二11】,2,词类,量词,8,20,annotated_positive_present,285af5056e6d5a723aa5e2a0b49bcd39da06e470170f9b4a179ca0df9388e01f | 2fdf69e42ff0c1e057ee83fdd080753e3be810579b40eb91cf9611d78ab44c72 | 3f2c04695bb11fc9f44340124e2ec985aba001ed6b6b674621b4b4be22ffc629,acd97d81b442afc3a2de42b397a1f488140b1d42c210c43d510630a096068b43
GF0025-2021-2-012,【二12】,2,词类,量词,7,14,annotated_positive_present,34753ebd7fe7aa44593317581ba997abf66a9d73511d06a30f878b8cfc7d84e2 | 60dc73b7c689418ca1599d6451a637ff790d29a6a1e4724da9641771b7289cd2 | 7c56b60394f295d3a1138981abdb46b306f663e69ac0bc51295fed9094109c22,acd97d81b442afc3a2de42b397a1f488140b1d42c210c43d510630a096068b43
GF0025-2021-2-013,【二13】,2,词类,副词,19,44,annotated_positive_present,082a3ebb3ef27d6031bdf56b09e1cbe8c87daa6b82758c416ef61f1028fff4dd | 1ddef7469d245bb12110c5e82ec4fa21fd21f91013baf9b480446da2d9b90bf1 | 1e4b9b82d102baccde78ca16a884e2136184c9c2aad2d171b4efa95a4331de47,acd97d81b442afc3a2de42b397a1f488140b1d42c210c43d510630a096068b43
GF0025-2021-2-014,【二14】,2,词类,副词,4,8,annotated_positive_present,027641ebb173b77d54a3f9d5470b25b2fb01adc0cc6e8bebad5d00e7fa895adf | 56f37d5414ddebfa15d0f754f370980788ccb5fe909da5009dbdc274e2db5ceb | 6f851cbf74df70d7594bb772df3a6b2baa00fa392cf41caef6eff6ce1c9f8a5d,acd97d81b442afc3a2de42b397a1f488140b1d42c210c43d510630a096068b43
GF0025-2021-2-015,【二15】,2,词类,副词,25,58,annotated_positive_present,1c76b5a1814fadf180bd8299cbe3fd57d5072d58890b6e1be9531ad721f88002 | 1f8e207b1b661418bc0169caa8852f47a887e839a7cc1a7a97ca2e30cac4ff09 | 230ee48de2647b4cdbfd7af5c1a46ae4efcad8b7dfdc77f5525680dd5b13338f,acd97d81b442afc3a2de42b397a1f488140b1d42c210c43d510630a096068b43
GF0025-2021-2-016,【二16】,2,词类,副词,4,10,annotated_positive_present,15a7f0b4b358f4d390b7fc151dcfa1d18565adc6ffc86f6f91e0de6d34cb0d49 | 3f2c04695bb11fc9f44340124e2ec985aba001ed6b6b674621b4b4be22ffc629 | 95a60997b3b131d92e259aea53dd4949bf418f325e778d2816f46212403e0178,acd97d81b442afc3a2de42b397a1f488140b1d42c210c43d510630a096068b43
GF0025-2021-2-017,【二17】,2,词类,副词,23,50,annotated_positive_present,12a6ec3488aa244ad7344d15051410f36b08abd65b2a0d3d8816612c72e6df4b | 19d34be86f4510d14802ca3d30e8d1d3227c38e56e074d6ae7c30d2ad8ce461c | 1fac2d9b2ef1affbb2b2850985b07ed55f804a8197f7d73e298cd399c3677193,acd97d81b442afc3a2de42b397a1f488140b1d42c210c43d510630a096068b43
GF0025-2021-2-018,【二18】,2,词类,副词,0,0,no_annotated_positive,,acd97d81b442afc3a2de42b397a1f488140b1d42c210c43d510630a096068b43
GF0025-2021-2-019,【二19】,2,词类,副词,7,14,annotated_positive_present,230ee48de2647b4cdbfd7af5c1a46ae4efcad8b7dfdc77f5525680dd5b13338f | 3a18b358d59e8123f3958391e5609d687192bf37fa067e1b540e9a1230755242 | 5f196a662a10ae25ccea08b84ab8b7f91484a39ef7cf3f64637e8df9e821c592,acd97d81b442afc3a2de42b397a1f488140b1d42c210c43d510630a096068b43
GF0025-2021-2-020,【二20】,2,词类,副词,8,18,annotated_positive_present,16f6684483839af527bdd1babf73f43a2aad149e32b57205524bdd5c98c46cdf | 2697dbe9e4d22c9b08c5f9c0de7d2f16d636968d4e48b04b8bce196c93184ebd | 2fdf69e42ff0c1e057ee83fdd080753e3be810579b40eb91cf9611d78ab44c72,acd97d81b442afc3a2de42b397a1f488140b1d42c210c43d510630a096068b43
GF0025-2021-2-021,【二21】,2,词类,介词,2,4,annotated_positive_present,1f8df0720ac31b83d5c25ff6b4d23c61f7048c3ea1f9998c002dd1d477e0d3b1 | 3f2c04695bb11fc9f44340124e2ec985aba001ed6b6b674621b4b4be22ffc629,acd97d81b442afc3a2de42b397a1f488140b1d42c210c43d510630a096068b43
GF0025-2021-2-022,【二22】,2,词类,介词,3,6,annotated_positive_present,00586401255e6628ef78c314b799caa831407fc37ead057acff7b2995d955aba | 230ee48de2647b4cdbfd7af5c1a46ae4efcad8b7dfdc77f5525680dd5b13338f | 9a45333dc2b80ba4bba3de869451c1f978d4c06d43dc29dc49ca42e237d16a81,acd97d81b442afc3a2de42b397a1f488140b1d42c210c43d510630a096068b43
GF0025-2021-2-023,【二23】,2,词类,介词,2,4,annotated_positive_present,17af5da648b52c1ac956e407895b58b93abd5761b8af0ac784a79c7009b70b1d | c90b8482d9b43fea90ae5de2fc50d0debc27a1a638a2d00dfa98d16486e02a2c,acd97d81b442afc3a2de42b397a1f488140b1d42c210c43d510630a096068b43
GF0025-2021-2-024,【二24】,2,词类,介词,0,0,no_annotated_positive,,acd97d81b442afc3a2de42b397a1f488140b1d42c210c43d510630a096068b43
GF0025-2021-2-025,【二25】,2,词类,介词,24,52,annotated_positive_present,16a69e03543adc9564491ca8f84abfbdbdf2226264d34eaa225536e2383f11c9 | 16ee7d6ffb1d12bbb02cd1e0b0073be876596a6f2df54a41d037f739b35a1ff4 | 1edae52a4feec2e4cb3e6f451e84944be51705167d97c4b43c04f0121ea061f4,acd97d81b442afc3a2de42b397a1f488140b1d42c210c43d510630a096068b43
GF0025-2021-2-026,【二26】,2,词类,介词,14,30,annotated_positive_present,163aabd6c684fe5b9efe0dd60ec07a502f3e1dd8902608fc0c5992aac8b62c2d | 28f0d550b08b2c6c2684c159fafadd42f57ccfdfbc5007a26413c6cd17938206 | 2d058b9edf3a11566cb753a0ec67ae92b0232c9f8c0736c32ee552e9a82eaa1a,acd97d81b442afc3a2de42b397a1f488140b1d42c210c43d510630a096068b43
GF0025-2021-2-027,【二27】,2,词类,介词,0,0,no_annotated_positive,,acd97d81b442afc3a2de42b397a1f488140b1d42c210c43d510630a096068b43
GF0025-2021-2-028,【二28】,2,词类,介词,0,0,no_annotated_positive,,acd97d81b442afc3a2de42b397a1f488140b1d42c210c43d510630a096068b43
GF0025-2021-2-029,【二29】,2,词类,连词,3,6,annotated_positive_present,35619a4386aa0ff05b18d1c1854ac14122ca11dbd2ed230258e5d4b065578e79 | 6bcce1f20949b7b8f22181f49ffc38ff7079a75a277b8a9972f47548b5807f7c | a985c4e689e90427ec3867a0e7263cc3761616c68f17691aa4336cd9eeddf7cb,acd97d81b442afc3a2de42b397a1f488140b1d42c210c43d510630a096068b43
GF0025-2021-2-030,【二30】,2,词类,连词,18,44,annotated_positive_present,246fcb803f8e50e9fb0124bf7fcf13e85d0ba74e03febb9a8d8e5ac9f5bcea52 | 3128caeff7607e24781f9d5f68bb7fd8abfd5db8367aaf61f55dc9aeb151f6b4 | 52566e1f585dde2653617bfaaaafa58c0936c8055e93366dd328fe0e7809bdfe,acd97d81b442afc3a2de42b397a1f488140b1d42c210c43d510630a096068b43
GF0025-2021-2-031,【二31】,2,词类,助词,2,4,annotated_positive_present,368f5230273e2c2cb1dec5ce07785b92801017daaa9eeacfcf96c03864980903 | b98f8e33b94a7d9b8db30b4010a8c7b5ac0a12a03899b062488281afd6c61f02,acd97d81b442afc3a2de42b397a1f488140b1d42c210c43d510630a096068b43
GF0025-2021-2-032,【二32】,2,词类,助词,5,10,annotated_positive_present,0dc95b916757a8aaf27ab5c487a329c0f7d19448aad6c5d0a345b4cff55aae79 | 49742fd8b8aa471b144bf8a454a9217a48a68ff393823b0028a745e482081d15 | 5c225730ea05bb33bff50eb334060deb386d7a4aa3896941785901e9a751f52c,acd97d81b442afc3a2de42b397a1f488140b1d42c210c43d510630a096068b43
GF0025-2021-2-033,【二33】,2,词类,助词,23,58,annotated_positive_present,05bc66152da60424e5187b4bcc3a1916cc47f709bb93dec08b2680cf572606bc | 17af5da648b52c1ac956e407895b58b93abd5761b8af0ac784a79c7009b70b1d | 1b4c1b6f6a1527f4bc84898ad18fb17c884d6fbdac68e15f932af1b3bbd32b2e,acd97d81b442afc3a2de42b397a1f488140b1d42c210c43d510630a096068b43
GF0025-2021-2-034,【二34】,2,词类,助词,19,40,annotated_positive_present,045f9e5fdb01a174ccd0e7b5c0970005d8fd3fcfeae225ed198ecb25b9d70843 | 11de9a675754deb90bc8228bd46ae419e1e6029d9021919e7335564046d3372e | 1a9f3fca80a30ab3fa8d59b2f53cc4b14df694f29ec266a1514ced6b5fca351a,acd97d81b442afc3a2de42b397a1f488140b1d42c210c43d510630a096068b43
GF0025-2021-2-035,【二35】,2,词类,助词,19,42,annotated_positive_present,0579a971e630c39a56620a991cc326c84d0968f7dd351e07fe369e2320d34ffe | 0dc0d7e0654276f59c6ee6985eb2f07c955d83ad6502fc6e3184c7898dd45dd5 | 13d16bdc1e4698948b9a0953b320248d380fdabaec431d60d78b2902f6f8cfcb,acd97d81b442afc3a2de42b397a1f488140b1d42c210c43d510630a096068b43
GF0025-2021-2-036,【二36】,2,词类,叹词,0,0,no_annotated_positive,,acd97d81b442afc3a2de42b397a1f488140b1d42c210c43d510630a096068b43
GF0025-2021-2-037,【二37】,2,短语,结构类型,42,116,annotated_positive_present,0579a971e630c39a56620a991cc326c84d0968f7dd351e07fe369e2320d34ffe | 05bc66152da60424e5187b4bcc3a1916cc47f709bb93dec08b2680cf572606bc | 192680f0b96af68c44998f4ba3e44214d800a703c263f75279cd24716ad93e6d,acd97d81b442afc3a2de42b397a1f488140b1d42c210c43d510630a096068b43
GF0025-2021-2-038,【二38】,2,短语,结构类型,39,94,annotated_positive_present,05bc66152da60424e5187b4bcc3a1916cc47f709bb93dec08b2680cf572606bc | 163aabd6c684fe5b9efe0dd60ec07a502f3e1dd8902608fc0c5992aac8b62c2d | 1f8df0720ac31b83d5c25ff6b4d23c61f7048c3ea1f9998c002dd1d477e0d3b1,acd97d81b442afc3a2de42b397a1f488140b1d42c210c43d510630a096068b43
GF0025-2021-2-039,【二39】,2,短语,功能类型,0,0,no_annotated_positive,,acd97d81b442afc3a2de42b397a1f488140b1d42c210c43d510630a096068b43
GF0025-2021-2-040,【二40】,2,短语,功能类型,0,0,no_annotated_positive,,acd97d81b442afc3a2de42b397a1f488140b1d42c210c43d510630a096068b43
GF0025-2021-2-041,【二41】,2,短语,功能类型,0,0,no_annotated_positive,,acd97d81b442afc3a2de42b397a1f488140b1d42c210c43d510630a096068b43
GF0025-2021-2-042,【二42】,2,短语,固定短语,0,0,no_annotated_positive,,acd97d81b442afc3a2de42b397a1f488140b1d42c210c43d510630a096068b43
GF0025-2021-2-043,【二43】,2,短语,固定短语,1,2,annotated_positive_present,05bc66152da60424e5187b4bcc3a1916cc47f709bb93dec08b2680cf572606bc,acd97d81b442afc3a2de42b397a1f488140b1d42c210c43d510630a096068b43
GF0025-2021-2-044,【二44】,2,短语,固定短语,3,6,annotated_positive_present,0c9678679d78f3f57feef24191ab9c8599b569ef8efe637015c6d02997577783 | 9267ef06ef44036697d9f9cee821e11876dfe96ecff4581db46ba77add9f0e8f | d9e0bbe10e4d0303e203eabf49cd2c940b0535ba2fbe85dcda13904a202f9ac1,acd97d81b442afc3a2de42b397a1f488140b1d42c210c43d510630a096068b43
GF0025-2021-2-045,【二45】,2,固定格式,未细分,0,0,no_annotated_positive,,acd97d81b442afc3a2de42b397a1f488140b1d42c210c43d510630a096068b43
GF0025-2021-2-046,【二46】,2,固定格式,未细分,2,4,annotated_positive_present,b0240a693ed3185ba0af825a1bb2f9ac780d9ec22098188685512e5ed3ca77a0 | f103edff97a09981a8b2f028f56d903d4881495037e57cc7f01b26196c17eb79,acd97d81b442afc3a2de42b397a1f488140b1d42c210c43d510630a096068b43
GF0025-2021-2-047,【二47】,2,固定格式,未细分,2,4,annotated_positive_present,af14ca3e684ac284e147f35337c350d2b40c2060d2672a683f2b807b120b5ca3 | cd0e248cc38d97772107996f78247c3ab847ace991d02415cc8154654d934759,acd97d81b442afc3a2de42b397a1f488140b1d42c210c43d510630a096068b43
GF0025-2021-2-048,【二48】,2,句子成分,谓语,0,0,no_annotated_positive,,acd97d81b442afc3a2de42b397a1f488140b1d42c210c43d510630a096068b43
GF0025-2021-2-049,【二49】,2,句子成分,补语,10,20,annotated_positive_present,0dc95b916757a8aaf27ab5c487a329c0f7d19448aad6c5d0a345b4cff55aae79 | 511852673f6f3db10b50cc7ea78671d838f73038c039d75014eef5699899e880 | 526cdd93427f4bb9f77854494183e8b94f3afad960c0338a04f204dbc07f1fc0,acd97d81b442afc3a2de42b397a1f488140b1d42c210c43d510630a096068b43
GF0025-2021-2-050,【二50】,2,句子成分,补语,15,32,annotated_positive_present,00586401255e6628ef78c314b799caa831407fc37ead057acff7b2995d955aba | 078f7ac982532d9019c9764b72dc64238a35a3390f02baf08bb914dafafc0dcd | 15a7f0b4b358f4d390b7fc151dcfa1d18565adc6ffc86f6f91e0de6d34cb0d49,acd97d81b442afc3a2de42b397a1f488140b1d42c210c43d510630a096068b43
GF0025-2021-2-051,【二51】,2,句子成分,补语,3,6,annotated_positive_present,368f5230273e2c2cb1dec5ce07785b92801017daaa9eeacfcf96c03864980903 | b98f8e33b94a7d9b8db30b4010a8c7b5ac0a12a03899b062488281afd6c61f02 | d575edafb9be3cd9123f71c08ae8269b52ae99ee12442513c431ba1499d11e34,acd97d81b442afc3a2de42b397a1f488140b1d42c210c43d510630a096068b43
GF0025-2021-2-052,【二52】,2,句子成分,补语,8,16,annotated_positive_present,078f7ac982532d9019c9764b72dc64238a35a3390f02baf08bb914dafafc0dcd | 285af5056e6d5a723aa5e2a0b49bcd39da06e470170f9b4a179ca0df9388e01f | 3757a5e97a9802ad915e981e1e0e546ccdc7ab6f9e5dac373b0b3682ec159ad6,acd97d81b442afc3a2de42b397a1f488140b1d42c210c43d510630a096068b43
GF0025-2021-2-053,【二53】,2,句子成分,补语,0,0,no_annotated_positive,,acd97d81b442afc3a2de42b397a1f488140b1d42c210c43d510630a096068b43
GF0025-2021-2-054,【二54】,2,句子的类型,句型,3,6,annotated_positive_present,8fe40c0aa741b12f9ad81c84720d7a98a9202aa9bb5e9aad7bbcdea76284f589 | bb1f4a872a5dbed551e0b0bb45fdbdefd081c2eea39a63f8fe0d62473c24ee4e | dd9d23731c59680e723c8c6a8cecabac3b437ad316dab79f4d3b4d70697e3dc6,acd97d81b442afc3a2de42b397a1f488140b1d42c210c43d510630a096068b43
GF0025-2021-2-055,【二55】,2,句子的类型,特殊句型,1,2,annotated_positive_present,fa8a0d31f9ca7b240db233cc5ea53a0ee3878d26af661d99b4dbb182fe3183e3,acd97d81b442afc3a2de42b397a1f488140b1d42c210c43d510630a096068b43
GF0025-2021-2-056,【二56】,2,句子的类型,特殊句型,0,0,no_annotated_positive,,acd97d81b442afc3a2de42b397a1f488140b1d42c210c43d510630a096068b43
GF0025-2021-2-057,【二57】,2,句子的类型,特殊句型,9,18,annotated_positive_present,0d3bce5bdc7b4806bc4b93635c061325e288bfd183c664e4a3c86f6aac6363dd | 52e1cc158ea98981442acda7d50005a89260148e2b78fb40c1233068ebd181b9 | 7f329b0551a217b4b17d2a765aa7b479816b461da584a418010e5f0d4680e52d,acd97d81b442afc3a2de42b397a1f488140b1d42c210c43d510630a096068b43
GF0025-2021-2-058,【二58】,2,句子的类型,特殊句型,1,2,annotated_positive_present,5b8ea8d08229f1a02db373f4282c6eed315eddac47f0793199508662ed3d15a3,acd97d81b442afc3a2de42b397a1f488140b1d42c210c43d510630a096068b43
GF0025-2021-2-059,【二59】,2,句子的类型,特殊句型,0,0,no_annotated_positive,,acd97d81b442afc3a2de42b397a1f488140b1d42c210c43d510630a096068b43
GF0025-2021-2-060,【二60】,2,句子的类型,特殊句型,4,8,annotated_positive_present,53daaa3dfc16a648fbb2506dc7994f84ab8ced365aced3d47c238b367712361c | 7c56b60394f295d3a1138981abdb46b306f663e69ac0bc51295fed9094109c22 | ccb5dca3f85eb3f9a6fa0a1f7f8f7786a4e2a742d4e0f3dbe2d29bc8a226baff,acd97d81b442afc3a2de42b397a1f488140b1d42c210c43d510630a096068b43
GF0025-2021-2-061,【二61】,2,句子的类型,特殊句型,2,6,annotated_positive_present,88066abc069dbaa39fea482f5c224966cc4c6b9bdd4bfc513fa7c95d918ecc9f | 8e35f2e74d6ee689a89f26cb27156963ca4d15e3ad6e69e3ccdef43dbafb3791,acd97d81b442afc3a2de42b397a1f488140b1d42c210c43d510630a096068b43
GF0025-2021-2-062,【二62】,2,句子的类型,复句,1,2,annotated_positive_present,192680f0b96af68c44998f4ba3e44214d800a703c263f75279cd24716ad93e6d,acd97d81b442afc3a2de42b397a1f488140b1d42c210c43d510630a096068b43
GF0025-2021-2-063,【二63】,2,句子的类型,复句,0,0,no_annotated_positive,,acd97d81b442afc3a2de42b397a1f488140b1d42c210c43d510630a096068b43
GF0025-2021-2-064,【二64】,2,句子的类型,复句,0,0,no_annotated_positive,,acd97d81b442afc3a2de42b397a1f488140b1d42c210c43d510630a096068b43
GF0025-2021-2-065,【二65】,2,句子的类型,复句,9,18,annotated_positive_present,285af5056e6d5a723aa5e2a0b49bcd39da06e470170f9b4a179ca0df9388e01f | 368f5230273e2c2cb1dec5ce07785b92801017daaa9eeacfcf96c03864980903 | 5c225730ea05bb33bff50eb334060deb386d7a4aa3896941785901e9a751f52c,acd97d81b442afc3a2de42b397a1f488140b1d42c210c43d510630a096068b43
GF0025-2021-2-066,【二66】,2,句子的类型,复句,5,12,annotated_positive_present,027641ebb173b77d54a3f9d5470b25b2fb01adc0cc6e8bebad5d00e7fa895adf | 8d1f0c4d2ecd4147069d82256e24efa0550ecff21f797bd875591e4d83aebafe | af14ca3e684ac284e147f35337c350d2b40c2060d2672a683f2b807b120b5ca3,acd97d81b442afc3a2de42b397a1f488140b1d42c210c43d510630a096068b43
GF0025-2021-2-067,【二67】,2,句子的类型,复句,2,4,annotated_positive_present,56595ea2f7ebc116b5ad4f84ac169c384832532dd5a58740bab8309273a621d2 | d575edafb9be3cd9123f71c08ae8269b52ae99ee12442513c431ba1499d11e34,acd97d81b442afc3a2de42b397a1f488140b1d42c210c43d510630a096068b43
GF0025-2021-2-068,【二68】,2,句子的类型,复句,0,0,no_annotated_positive,,acd97d81b442afc3a2de42b397a1f488140b1d42c210c43d510630a096068b43
GF0025-2021-2-069,【二69】,2,句子的类型,复句,9,18,annotated_positive_present,0a030e2ff4d2713d30f8f47ff9efea20a1c5694e7f72e77b3b91b03a3524bb4b | 16ee7d6ffb1d12bbb02cd1e0b0073be876596a6f2df54a41d037f739b35a1ff4 | 16f6684483839af527bdd1babf73f43a2aad149e32b57205524bdd5c98c46cdf,acd97d81b442afc3a2de42b397a1f488140b1d42c210c43d510630a096068b43
GF0025-2021-2-070,【二70】,2,动作的态,动作的态,0,0,no_annotated_positive,,acd97d81b442afc3a2de42b397a1f488140b1d42c210c43d510630a096068b43
GF0025-2021-2-071,【二71】,2,动作的态,动作的态,0,0,no_annotated_positive,,acd97d81b442afc3a2de42b397a1f488140b1d42c210c43d510630a096068b43
GF0025-2021-2-072,【二72】,2,特殊表达法,数的表示法,6,14,annotated_positive_present,15a7f0b4b358f4d390b7fc151dcfa1d18565adc6ffc86f6f91e0de6d34cb0d49 | 61b0d31d122b67e19a36fb492cf840ef1426e051d6e3a7a237077862db67292e | 6e137f2894000d0b8e1cde4e41318f711a80305975b57c994cae8e33ee207464,acd97d81b442afc3a2de42b397a1f488140b1d42c210c43d510630a096068b43
GF0025-2021-2-073,【二73】,2,特殊表达法,数的表示法,9,20,annotated_positive_present,368f5230273e2c2cb1dec5ce07785b92801017daaa9eeacfcf96c03864980903 | 6f187e51165737011df7bd97b8b8dc2bc89fb0629dea1ced53e7d79ba7d42bd9 | 7c56b60394f295d3a1138981abdb46b306f663e69ac0bc51295fed9094109c22,acd97d81b442afc3a2de42b397a1f488140b1d42c210c43d510630a096068b43
GF0025-2021-2-074,【二74】,2,强调的方法,未细分,6,16,annotated_positive_present,00586401255e6628ef78c314b799caa831407fc37ead057acff7b2995d955aba | 455802aee82550c50a56918bac84c2467a678ae6903f71b5d2b004408aab1b1d | 5597a48b6b213795529f4ad68688066a0917eee02d970293917e5508b5195be6,acd97d81b442afc3a2de42b397a1f488140b1d42c210c43d510630a096068b43
GF0025-2021-2-075,【二75】,2,提问的方法,未细分,0,0,no_annotated_positive,,acd97d81b442afc3a2de42b397a1f488140b1d42c210c43d510630a096068b43
GF0025-2021-2-076,【二76】,2,提问的方法,未细分,0,0,no_annotated_positive,,acd97d81b442afc3a2de42b397a1f488140b1d42c210c43d510630a096068b43
GF0025-2021-2-077,【二77】,2,提问的方法,未细分,0,0,no_annotated_positive,,acd97d81b442afc3a2de42b397a1f488140b1d42c210c43d510630a096068b43
GF0025-2021-2-078,【二78】,2,提问的方法,未细分,0,0,no_annotated_positive,,acd97d81b442afc3a2de42b397a1f488140b1d42c210c43d510630a096068b43
GF0025-2021-2-079,【二79】,2,提问的方法,未细分,1,2,annotated_positive_present,525e0ede4c3a10710162b86cb3aa03670a6d3d104285a3a683e1e2a58a31e388,acd97d81b442afc3a2de42b397a1f488140b1d42c210c43d510630a096068b43
GF0025-2021-2-080,【二80】,2,口语格式,未细分,0,0,no_annotated_positive,,acd97d81b442afc3a2de42b397a1f488140b1d42c210c43d510630a096068b43
GF0025-2021-2-081,【二81】,2,口语格式,未细分,0,0,no_annotated_positive,,acd97d81b442afc3a2de42b397a1f488140b1d42c210c43d510630a096068b43
GF0025-2021-3-001,【三01】,3,语素,前缀,2,4,annotated_positive_present,1f8df0720ac31b83d5c25ff6b4d23c61f7048c3ea1f9998c002dd1d477e0d3b1 | 32a3f45e3f248a2ceb2ac65054be81eec2a76aac384483b440f021bbb4c2eee3,acd97d81b442afc3a2de42b397a1f488140b1d42c210c43d510630a096068b43
GF0025-2021-3-002,【三02】,3,语素,后缀,18,38,annotated_positive_present,0f2178aa12ec265032db4595b7edf0560d9d4806f4d9ba47f26ad8811238b54b | 1025473df790cabe74c3088b13831579af93209551048c0d40ec51b27905305f | 11de9a675754deb90bc8228bd46ae419e1e6029d9021919e7335564046d3372e,acd97d81b442afc3a2de42b397a1f488140b1d42c210c43d510630a096068b43
GF0025-2021-3-003,【三03】,3,词类,动词,0,0,no_annotated_positive,,acd97d81b442afc3a2de42b397a1f488140b1d42c210c43d510630a096068b43
GF0025-2021-3-004,【三04】,3,词类,动词,8,18,annotated_positive_present,027641ebb173b77d54a3f9d5470b25b2fb01adc0cc6e8bebad5d00e7fa895adf | 0b18a12bfc395fc394c80771eea456da07a4b71343c25c64f607dd71ea6ec99e | 19d34be86f4510d14802ca3d30e8d1d3227c38e56e074d6ae7c30d2ad8ce461c,acd97d81b442afc3a2de42b397a1f488140b1d42c210c43d510630a096068b43
GF0025-2021-3-005,【三05】,3,词类,动词,4,8,annotated_positive_present,54fad3f01324a3975d85817eca2b64c712e4c81ccdcadd98654b2eb64f4a5312 | 5b14e771572b77f86dfc73000c48f2eca448052470647a769fd66d918b112142 | 5eb9cdfa9c013e3a3ad180bbdefee33eb7fa5c9f08aa6f80d5cc54d60728e673,acd97d81b442afc3a2de42b397a1f488140b1d42c210c43d510630a096068b43
GF0025-2021-3-006,【三06】,3,词类,动词,1,2,annotated_positive_present,5b8ea8d08229f1a02db373f4282c6eed315eddac47f0793199508662ed3d15a3,acd97d81b442afc3a2de42b397a1f488140b1d42c210c43d510630a096068b43
GF0025-2021-3-007,【三07】,3,词类,代词,16,38,annotated_positive_present,0a030e2ff4d2713d30f8f47ff9efea20a1c5694e7f72e77b3b91b03a3524bb4b | 2405524d5a1e7d4decf68b95679f9ce9c9deed194c27556102b8b29ad704b357 | 2f76b5c20f026057eadc987bf66e2a9aa4e7bdfa0936551138e71cfeabe131c8,acd97d81b442afc3a2de42b397a1f488140b1d42c210c43d510630a096068b43
GF0025-2021-3-008,【三08】,3,词类,代词,8,16,annotated_positive_present,5f196a662a10ae25ccea08b84ab8b7f91484a39ef7cf3f64637e8df9e821c592 | 60dc73b7c689418ca1599d6451a637ff790d29a6a1e4724da9641771b7289cd2 | 7bb3979d9161e536564fc0c7675514376b955acdc04d61df889d791986f7f3b6,acd97d81b442afc3a2de42b397a1f488140b1d42c210c43d510630a096068b43
GF0025-2021-3-009,【三09】,3,词类,量词,4,8,annotated_positive_present,3d37ff4c04786a416f9c04a1e68aafff96c4d1e7d95d4df564f21c1d50b8cd7d | 525e0ede4c3a10710162b86cb3aa03670a6d3d104285a3a683e1e2a58a31e388 | 9196755d0a3f5351f94317ccf04cebc1a07f688abf9bad423146616acad4467c,acd97d81b442afc3a2de42b397a1f488140b1d42c210c43d510630a096068b43
GF0025-2021-3-010,【三10】,3,词类,量词,0,0,no_annotated_positive,,acd97d81b442afc3a2de42b397a1f488140b1d42c210c43d510630a096068b43
GF0025-2021-3-011,【三11】,3,词类,量词,0,0,no_annotated_positive,,acd97d81b442afc3a2de42b397a1f488140b1d42c210c43d510630a096068b43
GF0025-2021-3-012,【三12】,3,词类,副词,4,8,annotated_positive_present,9267ef06ef44036697d9f9cee821e11876dfe96ecff4581db46ba77add9f0e8f | a985c4e689e90427ec3867a0e7263cc3761616c68f17691aa4336cd9eeddf7cb | a996717ba056e2ba3ee5543d960eacf38a393aba810467cb33b3bdd89255d284,acd97d81b442afc3a2de42b397a1f488140b1d42c210c43d510630a096068b43
GF0025-2021-3-013,【三13】,3,词类,副词,4,8,annotated_positive_present,60dc73b7c689418ca1599d6451a637ff790d29a6a1e4724da9641771b7289cd2 | 74350c8590afdb5100753938141d228486b7ba2f31ab5d3394a113a8510d823e | a62456ceb7464cc31e1c065f1267fef6feea80f689fe9bdd0742ebb3603eca12,acd97d81b442afc3a2de42b397a1f488140b1d42c210c43d510630a096068b43
GF0025-2021-3-014,【三14】,3,词类,副词,1,2,annotated_positive_present,a671c912d0bda8a30284971f2263f5aab24a2bbe2bd7defc76afa408843f7bb8,acd97d81b442afc3a2de42b397a1f488140b1d42c210c43d510630a096068b43
GF0025-2021-3-015,【三15】,3,词类,副词,4,8,annotated_positive_present,5eb4d11912d0870b3dac5bf618eda257327eb16b9f3b567bb0d47f1a24acd101 | 65b12b882c1620d97aeed989f465df205d407751b9c2454a8b9b0845ce73adc5 | 7f77d6b62253cd4c22fd1a7443aa60d20325657d791003d71a44f7b45308abf0,acd97d81b442afc3a2de42b397a1f488140b1d42c210c43d510630a096068b43
GF0025-2021-3-016,【三16】,3,词类,副词,3,6,annotated_positive_present,00586401255e6628ef78c314b799caa831407fc37ead057acff7b2995d955aba | 64e5f7e88232001229036fd304338cc0ffbb2a341923404a3e15b60801f3926e | c4ab5c338d81a384b974b377a63ad9c07b6a6885fe1e6fe30d3b9efcd10f483d,acd97d81b442afc3a2de42b397a1f488140b1d42c210c43d510630a096068b43
GF0025-2021-3-017,【三17】,3,词类,副词,0,0,no_annotated_positive,,acd97d81b442afc3a2de42b397a1f488140b1d42c210c43d510630a096068b43
GF0025-2021-3-018,【三18】,3,词类,副词,1,2,annotated_positive_present,c8a3bf0f1b9279575048b79bb55e6357d4f583cbb929fd0a1750a09b493c9b6d,acd97d81b442afc3a2de42b397a1f488140b1d42c210c43d510630a096068b43
GF0025-2021-3-019,【三19】,3,词类,副词,13,28,annotated_positive_present,045f9e5fdb01a174ccd0e7b5c0970005d8fd3fcfeae225ed198ecb25b9d70843 | 163aabd6c684fe5b9efe0dd60ec07a502f3e1dd8902608fc0c5992aac8b62c2d | 5c6b7b88a58363d2630d9f6cf626391455ca9464f7cd47999982fabbc85ca757,acd97d81b442afc3a2de42b397a1f488140b1d42c210c43d510630a096068b43
GF0025-2021-3-020,【三20】,3,词类,介词,0,0,no_annotated_positive,,acd97d81b442afc3a2de42b397a1f488140b1d42c210c43d510630a096068b43
GF0025-2021-3-021,【三21】,3,词类,介词,2,4,annotated_positive_present,e54ee2cbcd69f7c3793dce9b6b5b92bba1d62de078de4d89c16f72df4b97a688 | f884408f4caf086e8e31174826b08a9983ec2cd99bf340564f08b09ce93f06a6,acd97d81b442afc3a2de42b397a1f488140b1d42c210c43d510630a096068b43
GF0025-2021-3-022,【三22】,3,词类,介词,1,2,annotated_positive_present,2bc1ac9b90413af6971d0109f705e326ac270f4205f6d3bd47cd4d86f71e535b,acd97d81b442afc3a2de42b397a1f488140b1d42c210c43d510630a096068b43
GF0025-2021-3-023,【三23】,3,词类,介词,7,14,annotated_positive_present,1e4b9b82d102baccde78ca16a884e2136184c9c2aad2d171b4efa95a4331de47 | 32b9133d3e31a2356eef7e518c771d09c67accaff00bd09f0568c0865f97ee23 | 41a3047748adbdf396e8a6b5df20fd8d5ee52e9362146fb0e9e9f1c511a0944d,acd97d81b442afc3a2de42b397a1f488140b1d42c210c43d510630a096068b43
GF0025-2021-3-024,【三24】,3,词类,介词,1,2,annotated_positive_present,9dae9d7c7ede170400d047b3079d7df6710b95115b2bf7e0fb89621a45e1db5c,acd97d81b442afc3a2de42b397a1f488140b1d42c210c43d510630a096068b43
GF0025-2021-3-025,【三25】,3,词类,介词,6,12,annotated_positive_present,082a3ebb3ef27d6031bdf56b09e1cbe8c87daa6b82758c416ef61f1028fff4dd | 0a030e2ff4d2713d30f8f47ff9efea20a1c5694e7f72e77b3b91b03a3524bb4b | 8d239f3d57cdcdfdecff1b980a4ce267846950595048f343152fdadbb2775161,acd97d81b442afc3a2de42b397a1f488140b1d42c210c43d510630a096068b43
GF0025-2021-3-026,【三26】,3,词类,介词,1,2,annotated_positive_present,6609fe7d3a9672205ddba687e1c048c401cb1536d83d20b59168ae3a651e3ba9,acd97d81b442afc3a2de42b397a1f488140b1d42c210c43d510630a096068b43
GF0025-2021-3-027,【三27】,3,词类,介词,2,4,annotated_positive_present,15a7f0b4b358f4d390b7fc151dcfa1d18565adc6ffc86f6f91e0de6d34cb0d49 | 56595ea2f7ebc116b5ad4f84ac169c384832532dd5a58740bab8309273a621d2,acd97d81b442afc3a2de42b397a1f488140b1d42c210c43d510630a096068b43
GF0025-2021-3-028,【三28】,3,词类,介词,2,4,annotated_positive_present,62edcfe22753b50b2c3373ff9c95e0e557e8971191c40fecaf9efc55cb436ffb | 884cf785b1f12fb63532bfc000a6e9c0157d9c948f7db3bc7cb64a8d2aeae57a,acd97d81b442afc3a2de42b397a1f488140b1d42c210c43d510630a096068b43
GF0025-2021-3-029,【三29】,3,词类,介词,2,4,annotated_positive_present,49b4419f95a36d1aa60dcaf0997e3202f62e874d1680c36389402bcb524c2bc6 | ace59534ea490ee1c74b6d38d23983d15fab9f0210d8eb2737982a62ad445df5,acd97d81b442afc3a2de42b397a1f488140b1d42c210c43d510630a096068b43
GF0025-2021-3-030,【三30】,3,词类,连词,7,14,annotated_positive_present,2cdc302cd71be7d9fd3a522cf95d15719e8d9a988be495a0a3517885f87f7809 | 41a3047748adbdf396e8a6b5df20fd8d5ee52e9362146fb0e9e9f1c511a0944d | 96f093dcdffb0c4dc34278a62dfd1e63e7b8332391fca7ac127cb1eb8ecac8e0,acd97d81b442afc3a2de42b397a1f488140b1d42c210c43d510630a096068b43
GF0025-2021-3-031,【三31】,3,词类,拟声词,0,0,no_annotated_positive,,acd97d81b442afc3a2de42b397a1f488140b1d42c210c43d510630a096068b43
GF0025-2021-3-032,【三32】,3,短语,结构类型,14,36,annotated_positive_present,0ae9905733425705bb61efc32d14e7248a6afea50f34f8506c736215cfa74936 | 17b7732f0a2e22c86121cd94fd5a9173db6bc4e7e0ea8c57d36e2edfa961dedb | 192680f0b96af68c44998f4ba3e44214d800a703c263f75279cd24716ad93e6d,acd97d81b442afc3a2de42b397a1f488140b1d42c210c43d510630a096068b43
GF0025-2021-3-033,【三33】,3,短语,结构类型,3,6,annotated_positive_present,17af5da648b52c1ac956e407895b58b93abd5761b8af0ac784a79c7009b70b1d | ace59534ea490ee1c74b6d38d23983d15fab9f0210d8eb2737982a62ad445df5 | ee0cc3bda33d24ebb92d13d18376add655439064c17b99fad4b9c5f1bed78696,acd97d81b442afc3a2de42b397a1f488140b1d42c210c43d510630a096068b43
GF0025-2021-3-034,【三34】,3,短语,固定短语,3,6,annotated_positive_present,50840eeb01ceea2a6b9590ca70cf436c2d5a76f117f539a9d79ff823d59073ef | cc6007aa3a5c0e3bfd0ae49431c6d6e42abf60a2c693343881403089c3ec2824 | efbd29238b131200a72f0a32ccfc783ef9f3496e749c3607580f3d030e56cc53,acd97d81b442afc3a2de42b397a1f488140b1d42c210c43d510630a096068b43
GF0025-2021-3-035,【三35】,3,短语,固定短语,2,8,annotated_positive_present,56f37d5414ddebfa15d0f754f370980788ccb5fe909da5009dbdc274e2db5ceb | bcf9ec092eb7924f4f7bec6524ca170e2ada211676950ac4212cebd0fccb6cec,acd97d81b442afc3a2de42b397a1f488140b1d42c210c43d510630a096068b43
GF0025-2021-3-036,【三36】,3,短语,固定短语,0,0,no_annotated_positive,,acd97d81b442afc3a2de42b397a1f488140b1d42c210c43d510630a096068b43
GF0025-2021-3-037,【三37】,3,短语,固定短语,0,0,no_annotated_positive,,acd97d81b442afc3a2de42b397a1f488140b1d42c210c43d510630a096068b43
GF0025-2021-3-038,【三38】,3,固定格式,未细分,0,0,no_annotated_positive,,acd97d81b442afc3a2de42b397a1f488140b1d42c210c43d510630a096068b43
GF0025-2021-3-039,【三39】,3,固定格式,未细分,0,0,no_annotated_positive,,acd97d81b442afc3a2de42b397a1f488140b1d42c210c43d510630a096068b43
GF0025-2021-3-040,【三40】,3,固定格式,未细分,0,0,no_annotated_positive,,acd97d81b442afc3a2de42b397a1f488140b1d42c210c43d510630a096068b43
GF0025-2021-3-041,【三41】,3,固定格式,未细分,3,6,annotated_positive_present,05bc66152da60424e5187b4bcc3a1916cc47f709bb93dec08b2680cf572606bc | 1fac2d9b2ef1affbb2b2850985b07ed55f804a8197f7d73e298cd399c3677193 | 8be9484a1c0f10ec6365d55000aaf6a8bc285df7f3d58f5f76093fff7de1a20e,acd97d81b442afc3a2de42b397a1f488140b1d42c210c43d510630a096068b43
GF0025-2021-3-042,【三42】,3,固定格式,未细分,0,0,no_annotated_positive,,acd97d81b442afc3a2de42b397a1f488140b1d42c210c43d510630a096068b43
GF0025-2021-3-043,【三43】,3,句子成分,主语,12,24,annotated_positive_present,0b18a12bfc395fc394c80771eea456da07a4b71343c25c64f607dd71ea6ec99e | 28994b99734c2f38c10f0ec2e02af54499ab4ce3fe593ccd88040f98db9df512 | 360900c102b8820c9da359936adc40b4b6dc951bc742d86010fbe0467bbe6fcd,acd97d81b442afc3a2de42b397a1f488140b1d42c210c43d510630a096068b43
GF0025-2021-3-044,【三44】,3,句子成分,宾语,25,54,annotated_positive_present,0ae9905733425705bb61efc32d14e7248a6afea50f34f8506c736215cfa74936 | 0dc0d7e0654276f59c6ee6985eb2f07c955d83ad6502fc6e3184c7898dd45dd5 | 12d520e14ab81ce0cef94e2c853468023b856c59d35ba892071e691e81075011,acd97d81b442afc3a2de42b397a1f488140b1d42c210c43d510630a096068b43
GF0025-2021-3-045,【三45】,3,句子成分,定语,56,138,annotated_positive_present,02a19c0433b3628e40712bf9979d1d288e9a2f01f2fa416c5c3e7a851bb73dc7 | 16a69e03543adc9564491ca8f84abfbdbdf2226264d34eaa225536e2383f11c9 | 1a9f3fca80a30ab3fa8d59b2f53cc4b14df694f29ec266a1514ced6b5fca351a,acd97d81b442afc3a2de42b397a1f488140b1d42c210c43d510630a096068b43
GF0025-2021-3-046,【三46】,3,句子成分,补语,19,44,annotated_positive_present,15a7f0b4b358f4d390b7fc151dcfa1d18565adc6ffc86f6f91e0de6d34cb0d49 | 19d34be86f4510d14802ca3d30e8d1d3227c38e56e074d6ae7c30d2ad8ce461c | 41fc1a02d9d7b60f97b639123901ab8620149cee21d382ebe7f1dc2b408ba6e6,acd97d81b442afc3a2de42b397a1f488140b1d42c210c43d510630a096068b43
GF0025-2021-3-047,【三47】,3,句子成分,补语,9,22,annotated_positive_present,1fac2d9b2ef1affbb2b2850985b07ed55f804a8197f7d73e298cd399c3677193 | 3128caeff7607e24781f9d5f68bb7fd8abfd5db8367aaf61f55dc9aeb151f6b4 | 4fa3de33bb32df51f896a570a680f3f45742c6fd211b940fc70b265ddaa6175b,acd97d81b442afc3a2de42b397a1f488140b1d42c210c43d510630a096068b43
GF0025-2021-3-048,【三48】,3,句子成分,补语,5,10,annotated_positive_present,0f2178aa12ec265032db4595b7edf0560d9d4806f4d9ba47f26ad8811238b54b | 884cf785b1f12fb63532bfc000a6e9c0157d9c948f7db3bc7cb64a8d2aeae57a | 9a45333dc2b80ba4bba3de869451c1f978d4c06d43dc29dc49ca42e237d16a81,acd97d81b442afc3a2de42b397a1f488140b1d42c210c43d510630a096068b43
GF0025-2021-3-049,【三49】,3,句子成分,补语,1,2,annotated_positive_present,d968105690c3fd50d507be999ddf7e2ef6bf8b50446a1d1dc31e316c708b0aae,acd97d81b442afc3a2de42b397a1f488140b1d42c210c43d510630a096068b43
GF0025-2021-3-050,【三50】,3,句子成分,补语,0,0,no_annotated_positive,,acd97d81b442afc3a2de42b397a1f488140b1d42c210c43d510630a096068b43
GF0025-2021-3-051,【三51】,3,句子成分,补语,6,12,annotated_positive_present,23e7568d0cb862d2bbc09487697c52a6f481407b71b59b159528fff8bb20ae5e | 686b8b03c00deed9bf9af0ca0bb896cdf1578248fd2617a0d03041ffdcd537e7 | 6f187e51165737011df7bd97b8b8dc2bc89fb0629dea1ced53e7d79ba7d42bd9,acd97d81b442afc3a2de42b397a1f488140b1d42c210c43d510630a096068b43
GF0025-2021-3-052,【三52】,3,句子成分,补语,1,2,annotated_positive_present,cc68e411474738b5cf24e3288e7d224ee15655ea72782f22a69ed72c34227a61,acd97d81b442afc3a2de42b397a1f488140b1d42c210c43d510630a096068b43
GF0025-2021-3-053,【三53】,3,句子的类型,句型,6,12,annotated_positive_present,2908f0a71d9c1536a3c2beb917d505a88efae514bcd4d9eb7487631a170ee95d | 48c63c858622be81c24fc8452f4c13f345730b1be8fe5fec8afc5b201bb62cae | 49742fd8b8aa471b144bf8a454a9217a48a68ff393823b0028a745e482081d15,acd97d81b442afc3a2de42b397a1f488140b1d42c210c43d510630a096068b43
GF0025-2021-3-054,【三54】,3,句子的类型,特殊句型,10,20,annotated_positive_present,027641ebb173b77d54a3f9d5470b25b2fb01adc0cc6e8bebad5d00e7fa895adf | 192680f0b96af68c44998f4ba3e44214d800a703c263f75279cd24716ad93e6d | 19d34be86f4510d14802ca3d30e8d1d3227c38e56e074d6ae7c30d2ad8ce461c,acd97d81b442afc3a2de42b397a1f488140b1d42c210c43d510630a096068b43
GF0025-2021-3-055,【三55】,3,句子的类型,特殊句型,1,2,annotated_positive_present,5ef1b0f8c20953481a63893e6fd913e18fd0247e84683d390b163f7436bc7043,acd97d81b442afc3a2de42b397a1f488140b1d42c210c43d510630a096068b43
GF0025-2021-3-056,【三56】,3,句子的类型,特殊句型,5,10,annotated_positive_present,1f8df0720ac31b83d5c25ff6b4d23c61f7048c3ea1f9998c002dd1d477e0d3b1 | 8d239f3d57cdcdfdecff1b980a4ce267846950595048f343152fdadbb2775161 | ccb5dca3f85eb3f9a6fa0a1f7f8f7786a4e2a742d4e0f3dbe2d29bc8a226baff,acd97d81b442afc3a2de42b397a1f488140b1d42c210c43d510630a096068b43
GF0025-2021-3-057,【三57】,3,句子的类型,特殊句型,18,38,annotated_positive_present,163aabd6c684fe5b9efe0dd60ec07a502f3e1dd8902608fc0c5992aac8b62c2d | 22a8f0ac9405b6c0e014402392c51fbfadd63d8c338ef327fe32cffb001b7a63 | 230ee48de2647b4cdbfd7af5c1a46ae4efcad8b7dfdc77f5525680dd5b13338f,acd97d81b442afc3a2de42b397a1f488140b1d42c210c43d510630a096068b43
GF0025-2021-3-058,【三58】,3,句子的类型,特殊句型,1,2,annotated_positive_present,5b14e771572b77f86dfc73000c48f2eca448052470647a769fd66d918b112142,acd97d81b442afc3a2de42b397a1f488140b1d42c210c43d510630a096068b43
GF0025-2021-3-059,【三59】,3,句子的类型,特殊句型,0,0,no_annotated_positive,,acd97d81b442afc3a2de42b397a1f488140b1d42c210c43d510630a096068b43
GF0025-2021-3-060,【三60】,3,句子的类型,复句,0,0,no_annotated_positive,,acd97d81b442afc3a2de42b397a1f488140b1d42c210c43d510630a096068b43
GF0025-2021-3-061,【三61】,3,句子的类型,复句,1,2,annotated_positive_present,95a60997b3b131d92e259aea53dd4949bf418f325e778d2816f46212403e0178,acd97d81b442afc3a2de42b397a1f488140b1d42c210c43d510630a096068b43
GF0025-2021-3-062,【三62】,3,句子的类型,复句,3,6,annotated_positive_present,74350c8590afdb5100753938141d228486b7ba2f31ab5d3394a113a8510d823e | 74e1b00a2c42536e558abb5fe150fafc3671233a89dfc35b448371bfcfc71e07 | b3fef209745bc60cb6aeb4f286aecee70ab7cfe1897588f3929fe9b09b687b5d,acd97d81b442afc3a2de42b397a1f488140b1d42c210c43d510630a096068b43
GF0025-2021-3-063,【三63】,3,句子的类型,复句,0,0,no_annotated_positive,,acd97d81b442afc3a2de42b397a1f488140b1d42c210c43d510630a096068b43
GF0025-2021-3-064,【三64】,3,句子的类型,复句,0,0,no_annotated_positive,,acd97d81b442afc3a2de42b397a1f488140b1d42c210c43d510630a096068b43
GF0025-2021-3-065,【三65】,3,句子的类型,复句,0,0,no_annotated_positive,,acd97d81b442afc3a2de42b397a1f488140b1d42c210c43d510630a096068b43
GF0025-2021-3-066,【三66】,3,句子的类型,复句,5,10,annotated_positive_present,237ff99f1af6a0377b6cf84a6d9ce0d0065a0d73f93a72f51a69a664d3ffc7a4 | 2c43e87a97477cb15e2cd389e899f8f5819d20d50094d05e0a2360fcd8280225 | 82a836333b1534a9f323e5ef13663aad4a11a7f0999ea46c48f933d76a4df8e4,acd97d81b442afc3a2de42b397a1f488140b1d42c210c43d510630a096068b43
GF0025-2021-3-067,【三67】,3,句子的类型,复句,0,0,no_annotated_positive,,acd97d81b442afc3a2de42b397a1f488140b1d42c210c43d510630a096068b43
GF0025-2021-3-068,【三68】,3,句子的类型,复句,0,0,no_annotated_positive,,acd97d81b442afc3a2de42b397a1f488140b1d42c210c43d510630a096068b43
GF0025-2021-3-069,【三69】,3,句子的类型,复句,0,0,no_annotated_positive,,acd97d81b442afc3a2de42b397a1f488140b1d42c210c43d510630a096068b43
GF0025-2021-3-070,【三70】,3,句子的类型,复句,0,0,no_annotated_positive,,acd97d81b442afc3a2de42b397a1f488140b1d42c210c43d510630a096068b43
GF0025-2021-3-071,【三71】,3,句子的类型,复句,1,2,annotated_positive_present,37599333949877a3602d96e9a01d81353a9c6f6de3e1e3e8080b7fe6fd2843c2,acd97d81b442afc3a2de42b397a1f488140b1d42c210c43d510630a096068b43
GF0025-2021-3-072,【三72】,3,句子的类型,复句,1,2,annotated_positive_present,52869117cbbb1ff22c28463592dc5b01672b59e8a8c2d228fb75e19705abab58,acd97d81b442afc3a2de42b397a1f488140b1d42c210c43d510630a096068b43
GF0025-2021-3-073,【三73】,3,句子的类型,复句,0,0,no_annotated_positive,,acd97d81b442afc3a2de42b397a1f488140b1d42c210c43d510630a096068b43
GF0025-2021-3-074,【三74】,3,特殊表达法,数的表示法,20,46,annotated_positive_present,00586401255e6628ef78c314b799caa831407fc37ead057acff7b2995d955aba | 02a19c0433b3628e40712bf9979d1d288e9a2f01f2fa416c5c3e7a851bb73dc7 | 1f8df0720ac31b83d5c25ff6b4d23c61f7048c3ea1f9998c002dd1d477e0d3b1,acd97d81b442afc3a2de42b397a1f488140b1d42c210c43d510630a096068b43
GF0025-2021-3-075,【三75】,3,强调的方法,未细分,0,0,no_annotated_positive,,acd97d81b442afc3a2de42b397a1f488140b1d42c210c43d510630a096068b43
GF0025-2021-3-076,【三76】,3,强调的方法,未细分,1,2,annotated_positive_present,e56967eb7250171d9702109cdee5b0901d6386396bc6147348ef233c3a85da3f,acd97d81b442afc3a2de42b397a1f488140b1d42c210c43d510630a096068b43
GF0025-2021-3-077,【三77】,3,强调的方法,未细分,1,2,annotated_positive_present,fb361a60da1804346e48e9a0e7557a3261e082c0d048b7e5b4937c254882a561,acd97d81b442afc3a2de42b397a1f488140b1d42c210c43d510630a096068b43
GF0025-2021-3-078,【三78】,3,提问的方法,未细分,0,0,no_annotated_positive,,acd97d81b442afc3a2de42b397a1f488140b1d42c210c43d510630a096068b43
GF0025-2021-3-079,【三79】,3,口语格式,未细分,0,0,no_annotated_positive,,acd97d81b442afc3a2de42b397a1f488140b1d42c210c43d510630a096068b43
GF0025-2021-3-080,【三80】,3,口语格式,未细分,0,0,no_annotated_positive,,acd97d81b442afc3a2de42b397a1f488140b1d42c210c43d510630a096068b43
GF0025-2021-3-081,【三81】,3,口语格式,未细分,0,0,no_annotated_positive,,acd97d81b442afc3a2de42b397a1f488140b1d42c210c43d510630a096068b43
GF0025-2021-4-001,【四01】,4,词类,动词,2,2,annotated_positive_present,34753ebd7fe7aa44593317581ba997abf66a9d73511d06a30f878b8cfc7d84e2 | 8e35f2e74d6ee689a89f26cb27156963ca4d15e3ad6e69e3ccdef43dbafb3791,acd97d81b442afc3a2de42b397a1f488140b1d42c210c43d510630a096068b43
GF0025-2021-4-002,【四02】,4,词类,代词,0,0,no_annotated_positive,,acd97d81b442afc3a2de42b397a1f488140b1d42c210c43d510630a096068b43
GF0025-2021-4-003,【四03】,4,词类,量词,4,4,annotated_positive_present,19d34be86f4510d14802ca3d30e8d1d3227c38e56e074d6ae7c30d2ad8ce461c | 2cb49530541ba6ced06d59b045b209614e61028ef8307263fba7e3380df631f4 | 842c79c0694c7733cc74dd3d67e507328e4b5f1297b0ba81ad90a60147070756,acd97d81b442afc3a2de42b397a1f488140b1d42c210c43d510630a096068b43
GF0025-2021-4-004,【四04】,4,词类,量词,4,4,annotated_positive_present,7984ec91795c555d99f9f6641d9b0f0d8ca97053fedc7008d0ad928e25b0c993 | baf6b20e8911d777a4913a3edee3e3a4963bf3b9feabe2b91009706e916aa106 | d0e2a7709b7a8f5969d74c3e917ca0f65e480e1f6d4f1d80abc25cb3f98acfc8,acd97d81b442afc3a2de42b397a1f488140b1d42c210c43d510630a096068b43
GF0025-2021-4-005,【四05】,4,词类,副词,2,2,annotated_positive_present,6bcce1f20949b7b8f22181f49ffc38ff7079a75a277b8a9972f47548b5807f7c | a141eba3175c64e8eb3315da50ca1fe9e0215f2a5dc02a35f5574c4b9d90aaae,acd97d81b442afc3a2de42b397a1f488140b1d42c210c43d510630a096068b43
GF0025-2021-4-006,【四06】,4,词类,副词,0,0,no_annotated_positive,,acd97d81b442afc3a2de42b397a1f488140b1d42c210c43d510630a096068b43
GF0025-2021-4-007,【四07】,4,词类,副词,2,2,annotated_positive_present,2bc1ac9b90413af6971d0109f705e326ac270f4205f6d3bd47cd4d86f71e535b | c97bfe3702ff022e9ee8bf2af387b96f5dba8dbae5bcc7c3887f047a224984cd,acd97d81b442afc3a2de42b397a1f488140b1d42c210c43d510630a096068b43
GF0025-2021-4-008,【四08】,4,词类,副词,0,0,no_annotated_positive,,acd97d81b442afc3a2de42b397a1f488140b1d42c210c43d510630a096068b43
GF0025-2021-4-009,【四09】,4,词类,副词,11,12,annotated_positive_present,11de9a675754deb90bc8228bd46ae419e1e6029d9021919e7335564046d3372e | 230ee48de2647b4cdbfd7af5c1a46ae4efcad8b7dfdc77f5525680dd5b13338f | 360900c102b8820c9da359936adc40b4b6dc951bc742d86010fbe0467bbe6fcd,acd97d81b442afc3a2de42b397a1f488140b1d42c210c43d510630a096068b43
GF0025-2021-4-010,【四10】,4,词类,副词,0,0,no_annotated_positive,,acd97d81b442afc3a2de42b397a1f488140b1d42c210c43d510630a096068b43
GF0025-2021-4-011,【四11】,4,词类,副词,8,8,annotated_positive_present,0b18a12bfc395fc394c80771eea456da07a4b71343c25c64f607dd71ea6ec99e | 2405524d5a1e7d4decf68b95679f9ce9c9deed194c27556102b8b29ad704b357 | 54fad3f01324a3975d85817eca2b64c712e4c81ccdcadd98654b2eb64f4a5312,acd97d81b442afc3a2de42b397a1f488140b1d42c210c43d510630a096068b43
GF0025-2021-4-012,【四12】,4,词类,副词,2,2,annotated_positive_present,0dc0d7e0654276f59c6ee6985eb2f07c955d83ad6502fc6e3184c7898dd45dd5 | fb361a60da1804346e48e9a0e7557a3261e082c0d048b7e5b4937c254882a561,acd97d81b442afc3a2de42b397a1f488140b1d42c210c43d510630a096068b43
GF0025-2021-4-013,【四13】,4,词类,介词,4,4,annotated_positive_present,3f6cee171ae0a8c8f2fd536469bb641d0939e674ffff5371e3fec4264f4f321a | a03e79a514315fb4d4cf644dc79c2f91d4b5fa0638bbe8619b38f5b7ae1e70b3 | a996717ba056e2ba3ee5543d960eacf38a393aba810467cb33b3bdd89255d284,acd97d81b442afc3a2de42b397a1f488140b1d42c210c43d510630a096068b43
GF0025-2021-4-014,【四14】,4,词类,介词,2,2,annotated_positive_present,237ff99f1af6a0377b6cf84a6d9ce0d0065a0d73f93a72f51a69a664d3ffc7a4 | d8d3df8867c3af8cb2a46b0895f6e57e904050cd482494eb1c07714770a2f50e,acd97d81b442afc3a2de42b397a1f488140b1d42c210c43d510630a096068b43
GF0025-2021-4-015,【四15】,4,词类,介词,0,0,no_annotated_positive,,acd97d81b442afc3a2de42b397a1f488140b1d42c210c43d510630a096068b43
GF0025-2021-4-016,【四16】,4,词类,介词,0,0,no_annotated_positive,,acd97d81b442afc3a2de42b397a1f488140b1d42c210c43d510630a096068b43
GF0025-2021-4-017,【四17】,4,词类,介词,0,0,no_annotated_positive,,acd97d81b442afc3a2de42b397a1f488140b1d42c210c43d510630a096068b43
GF0025-2021-4-018,【四18】,4,词类,介词,2,2,annotated_positive_present,842c79c0694c7733cc74dd3d67e507328e4b5f1297b0ba81ad90a60147070756 | e7df09a775fd9e769e195600333ff33e55449758c44b21e6f6ad5b5bfc41d704,acd97d81b442afc3a2de42b397a1f488140b1d42c210c43d510630a096068b43
GF0025-2021-4-019,【四19】,4,词类,连词,10,12,annotated_positive_present,027641ebb173b77d54a3f9d5470b25b2fb01adc0cc6e8bebad5d00e7fa895adf | 17b7732f0a2e22c86121cd94fd5a9173db6bc4e7e0ea8c57d36e2edfa961dedb | 192680f0b96af68c44998f4ba3e44214d800a703c263f75279cd24716ad93e6d,acd97d81b442afc3a2de42b397a1f488140b1d42c210c43d510630a096068b43
GF0025-2021-4-020,【四20】,4,词类,连词,22,22,annotated_positive_present,11de9a675754deb90bc8228bd46ae419e1e6029d9021919e7335564046d3372e | 19d34be86f4510d14802ca3d30e8d1d3227c38e56e074d6ae7c30d2ad8ce461c | 2405524d5a1e7d4decf68b95679f9ce9c9deed194c27556102b8b29ad704b357,acd97d81b442afc3a2de42b397a1f488140b1d42c210c43d510630a096068b43
GF0025-2021-4-021,【四21】,4,词类,助词,6,6,annotated_positive_present,4fa3de33bb32df51f896a570a680f3f45742c6fd211b940fc70b265ddaa6175b | 6320af3df806e966b2d9ae3cecd284a234e91871c93c9d9c8634d2c615f44ed9 | 8d239f3d57cdcdfdecff1b980a4ce267846950595048f343152fdadbb2775161,acd97d81b442afc3a2de42b397a1f488140b1d42c210c43d510630a096068b43
GF0025-2021-4-022,【四22】,4,词类,叹词,0,0,no_annotated_positive,,acd97d81b442afc3a2de42b397a1f488140b1d42c210c43d510630a096068b43
GF0025-2021-4-023,【四23】,4,短语,固定短语,2,2,annotated_positive_present,0b18a12bfc395fc394c80771eea456da07a4b71343c25c64f607dd71ea6ec99e | d886c3ea2856314b0aecc68cd6f04baa9714ce4285066183ed1ed9dc1ca4c2ad,acd97d81b442afc3a2de42b397a1f488140b1d42c210c43d510630a096068b43
GF0025-2021-4-024,【四24】,4,短语,固定短语,0,0,no_annotated_positive,,acd97d81b442afc3a2de42b397a1f488140b1d42c210c43d510630a096068b43
GF0025-2021-4-025,【四25】,4,短语,固定短语,0,0,no_annotated_positive,,acd97d81b442afc3a2de42b397a1f488140b1d42c210c43d510630a096068b43
GF0025-2021-4-026,【四26】,4,短语,固定短语,0,0,no_annotated_positive,,acd97d81b442afc3a2de42b397a1f488140b1d42c210c43d510630a096068b43
GF0025-2021-4-027,【四27】,4,短语,固定短语,2,2,annotated_positive_present,0dc0d7e0654276f59c6ee6985eb2f07c955d83ad6502fc6e3184c7898dd45dd5 | fb361a60da1804346e48e9a0e7557a3261e082c0d048b7e5b4937c254882a561,acd97d81b442afc3a2de42b397a1f488140b1d42c210c43d510630a096068b43
GF0025-2021-4-028,【四28】,4,短语,固定短语,0,0,no_annotated_positive,,acd97d81b442afc3a2de42b397a1f488140b1d42c210c43d510630a096068b43
GF0025-2021-4-029,【四29】,4,固定格式,未细分,0,0,no_annotated_positive,,acd97d81b442afc3a2de42b397a1f488140b1d42c210c43d510630a096068b43
GF0025-2021-4-030,【四30】,4,固定格式,未细分,2,2,annotated_positive_present,3f6cee171ae0a8c8f2fd536469bb641d0939e674ffff5371e3fec4264f4f321a | f963f03bcc30c498000ec30942075478e49fa136380660ab819b991e5d339e92,acd97d81b442afc3a2de42b397a1f488140b1d42c210c43d510630a096068b43
GF0025-2021-4-031,【四31】,4,固定格式,未细分,0,0,no_annotated_positive,,acd97d81b442afc3a2de42b397a1f488140b1d42c210c43d510630a096068b43
GF0025-2021-4-032,【四32】,4,固定格式,未细分,10,10,annotated_positive_present,1309d7f38e2b74abfc74ec1145c3f54bbe3e891808dc8cf5af25a264a745272d | 3761914c18e081347069a33cf1141d1a420c17b117d4874663dff16fd302daa8 | 47506bf2e9a347f6b578a1a9f13f9142b2035f43242a9b352e4e8da6a8c9afc7,acd97d81b442afc3a2de42b397a1f488140b1d42c210c43d510630a096068b43
GF0025-2021-4-033,【四33】,4,固定格式,未细分,19,20,annotated_positive_present,0ae9905733425705bb61efc32d14e7248a6afea50f34f8506c736215cfa74936 | 1fac2d9b2ef1affbb2b2850985b07ed55f804a8197f7d73e298cd399c3677193 | 2abcf8d689d41ea460e726832748c7fac16005c59fa8802b39998a8de653dd45,acd97d81b442afc3a2de42b397a1f488140b1d42c210c43d510630a096068b43
GF0025-2021-4-034,【四34】,4,句子成分,主语,16,16,annotated_positive_present,0dc95b916757a8aaf27ab5c487a329c0f7d19448aad6c5d0a345b4cff55aae79 | 2697dbe9e4d22c9b08c5f9c0de7d2f16d636968d4e48b04b8bce196c93184ebd | 2908f0a71d9c1536a3c2beb917d505a88efae514bcd4d9eb7487631a170ee95d,acd97d81b442afc3a2de42b397a1f488140b1d42c210c43d510630a096068b43
GF0025-2021-4-035,【四35】,4,句子成分,主语,2,2,annotated_positive_present,0dc0d7e0654276f59c6ee6985eb2f07c955d83ad6502fc6e3184c7898dd45dd5 | 163aabd6c684fe5b9efe0dd60ec07a502f3e1dd8902608fc0c5992aac8b62c2d,acd97d81b442afc3a2de42b397a1f488140b1d42c210c43d510630a096068b43
GF0025-2021-4-036,【四36】,4,句子成分,定语,129,168,annotated_positive_present,027641ebb173b77d54a3f9d5470b25b2fb01adc0cc6e8bebad5d00e7fa895adf | 078f7ac982532d9019c9764b72dc64238a35a3390f02baf08bb914dafafc0dcd | 0c9678679d78f3f57feef24191ab9c8599b569ef8efe637015c6d02997577783,acd97d81b442afc3a2de42b397a1f488140b1d42c210c43d510630a096068b43
GF0025-2021-4-037,【四37】,4,句子成分,补语,16,18,annotated_positive_present,192680f0b96af68c44998f4ba3e44214d800a703c263f75279cd24716ad93e6d | 1a9f3fca80a30ab3fa8d59b2f53cc4b14df694f29ec266a1514ced6b5fca351a | 285412b0f506b7f4a8b749a7f4431cd7d58065ff6eeaa4acb87033fb5fb1485e,acd97d81b442afc3a2de42b397a1f488140b1d42c210c43d510630a096068b43
GF0025-2021-4-038,【四38】,4,句子的类型,特殊句型,0,0,no_annotated_positive,,acd97d81b442afc3a2de42b397a1f488140b1d42c210c43d510630a096068b43
GF0025-2021-4-039,【四39】,4,句子的类型,特殊句型,8,10,annotated_positive_present,35619a4386aa0ff05b18d1c1854ac14122ca11dbd2ed230258e5d4b065578e79 | 4fa3de33bb32df51f896a570a680f3f45742c6fd211b940fc70b265ddaa6175b | 7e61d8bbb32340a4a2a5081876f04f63c81690ce4b3e9e4a080f09e4e1ee2f3d,acd97d81b442afc3a2de42b397a1f488140b1d42c210c43d510630a096068b43
GF0025-2021-4-040,【四40】,4,句子的类型,特殊句型,0,0,no_annotated_positive,,acd97d81b442afc3a2de42b397a1f488140b1d42c210c43d510630a096068b43
GF0025-2021-4-041,【四41】,4,句子的类型,特殊句型,0,0,no_annotated_positive,,acd97d81b442afc3a2de42b397a1f488140b1d42c210c43d510630a096068b43
GF0025-2021-4-042,【四42】,4,句子的类型,特殊句型,6,6,annotated_positive_present,4502ab0dd6c52a0a59277477611553e3b0f6b25e31c8de6e309222f263085873 | 82a836333b1534a9f323e5ef13663aad4a11a7f0999ea46c48f933d76a4df8e4 | 8fe40c0aa741b12f9ad81c84720d7a98a9202aa9bb5e9aad7bbcdea76284f589,acd97d81b442afc3a2de42b397a1f488140b1d42c210c43d510630a096068b43
GF0025-2021-4-043,【四43】,4,句子的类型,复句,0,0,no_annotated_positive,,acd97d81b442afc3a2de42b397a1f488140b1d42c210c43d510630a096068b43
GF0025-2021-4-044,【四44】,4,句子的类型,复句,6,6,annotated_positive_present,2d0a16b32069766200b515712c8c3ba166b4219e4da93a13dec3f64497598f71 | 4343adfd8906888bb3abcf5128c9da21a734fa928a06a89aac69ea91d300c473 | 578bb45ef0d10b7bbdd1ce5d4ac859a3b0c9eaaaae6ddab549fb319c3d313a39,acd97d81b442afc3a2de42b397a1f488140b1d42c210c43d510630a096068b43
GF0025-2021-4-045,【四45】,4,句子的类型,复句,0,0,no_annotated_positive,,acd97d81b442afc3a2de42b397a1f488140b1d42c210c43d510630a096068b43
GF0025-2021-4-046,【四46】,4,句子的类型,复句,6,6,annotated_positive_present,63a4aeb6aea5f7a5ecccb76195a92e02b10662ceaa4f50291e0b4a8ddffb804e | 6e137f2894000d0b8e1cde4e41318f711a80305975b57c994cae8e33ee207464 | 739a631cd1ca8524a9aa994db852179656bf93b9d8ab786f201ead34864cef99,acd97d81b442afc3a2de42b397a1f488140b1d42c210c43d510630a096068b43
GF0025-2021-4-047,【四47】,4,句子的类型,复句,4,4,annotated_positive_present,2405524d5a1e7d4decf68b95679f9ce9c9deed194c27556102b8b29ad704b357 | 30d2382d6b7aede07e6d6c36c8ac06f3189e2b4e8878e02a7f1bc57256cca07d | 8be9484a1c0f10ec6365d55000aaf6a8bc285df7f3d58f5f76093fff7de1a20e,acd97d81b442afc3a2de42b397a1f488140b1d42c210c43d510630a096068b43
GF0025-2021-4-048,【四48】,4,句子的类型,复句,0,0,no_annotated_positive,,acd97d81b442afc3a2de42b397a1f488140b1d42c210c43d510630a096068b43
GF0025-2021-4-049,【四49】,4,句子的类型,复句,0,0,no_annotated_positive,,acd97d81b442afc3a2de42b397a1f488140b1d42c210c43d510630a096068b43
GF0025-2021-4-050,【四50】,4,句子的类型,复句,0,0,no_annotated_positive,,acd97d81b442afc3a2de42b397a1f488140b1d42c210c43d510630a096068b43
GF0025-2021-4-051,【四51】,4,句子的类型,复句,2,2,annotated_positive_present,5eb4d11912d0870b3dac5bf618eda257327eb16b9f3b567bb0d47f1a24acd101 | b00218e7c958d383f2e3383304e1cf8d6189fcd63c5d618e6d40306071c1a6c9,acd97d81b442afc3a2de42b397a1f488140b1d42c210c43d510630a096068b43
GF0025-2021-4-052,【四52】,4,句子的类型,复句,0,0,no_annotated_positive,,acd97d81b442afc3a2de42b397a1f488140b1d42c210c43d510630a096068b43
GF0025-2021-4-053,【四53】,4,句子的类型,复句,0,0,no_annotated_positive,,acd97d81b442afc3a2de42b397a1f488140b1d42c210c43d510630a096068b43
GF0025-2021-4-054,【四54】,4,句子的类型,复句,0,0,no_annotated_positive,,acd97d81b442afc3a2de42b397a1f488140b1d42c210c43d510630a096068b43
GF0025-2021-4-055,【四55】,4,句子的类型,复句,2,2,annotated_positive_present,baf6b20e8911d777a4913a3edee3e3a4963bf3b9feabe2b91009706e916aa106 | d0e2a7709b7a8f5969d74c3e917ca0f65e480e1f6d4f1d80abc25cb3f98acfc8,acd97d81b442afc3a2de42b397a1f488140b1d42c210c43d510630a096068b43
GF0025-2021-4-056,【四56】,4,句子的类型,复句,0,0,no_annotated_positive,,acd97d81b442afc3a2de42b397a1f488140b1d42c210c43d510630a096068b43
GF0025-2021-4-057,【四57】,4,句子的类型,复句,2,2,annotated_positive_present,3a18b358d59e8123f3958391e5609d687192bf37fa067e1b540e9a1230755242 | 526cdd93427f4bb9f77854494183e8b94f3afad960c0338a04f204dbc07f1fc0,acd97d81b442afc3a2de42b397a1f488140b1d42c210c43d510630a096068b43
GF0025-2021-4-058,【四58】,4,句子的类型,复句,0,0,no_annotated_positive,,acd97d81b442afc3a2de42b397a1f488140b1d42c210c43d510630a096068b43
GF0025-2021-4-059,【四59】,4,句子的类型,复句,0,0,no_annotated_positive,,acd97d81b442afc3a2de42b397a1f488140b1d42c210c43d510630a096068b43
GF0025-2021-4-060,【四60】,4,句子的类型,复句,0,0,no_annotated_positive,,acd97d81b442afc3a2de42b397a1f488140b1d42c210c43d510630a096068b43
GF0025-2021-4-061,【四61】,4,特殊表达法,数的表示法,0,0,no_annotated_positive,,acd97d81b442afc3a2de42b397a1f488140b1d42c210c43d510630a096068b43
GF0025-2021-4-062,【四62】,4,特殊表达法,数的表示法,28,38,annotated_positive_present,02a19c0433b3628e40712bf9979d1d288e9a2f01f2fa416c5c3e7a851bb73dc7 | 11de9a675754deb90bc8228bd46ae419e1e6029d9021919e7335564046d3372e | 16a69e03543adc9564491ca8f84abfbdbdf2226264d34eaa225536e2383f11c9,acd97d81b442afc3a2de42b397a1f488140b1d42c210c43d510630a096068b43
GF0025-2021-4-063,【四63】,4,强调的方法,未细分,2,2,annotated_positive_present,2f76b5c20f026057eadc987bf66e2a9aa4e7bdfa0936551138e71cfeabe131c8 | c2b20a91767f60617987b9ae57612611ad9a2b590750b3a39cc78c24ebbd13b3,acd97d81b442afc3a2de42b397a1f488140b1d42c210c43d510630a096068b43
GF0025-2021-4-064,【四64】,4,强调的方法,未细分,0,0,no_annotated_positive,,acd97d81b442afc3a2de42b397a1f488140b1d42c210c43d510630a096068b43
GF0025-2021-4-065,【四65】,4,强调的方法,未细分,0,0,no_annotated_positive,,acd97d81b442afc3a2de42b397a1f488140b1d42c210c43d510630a096068b43
GF0025-2021-4-066,【四66】,4,强调的方法,未细分,2,2,annotated_positive_present,54fad3f01324a3975d85817eca2b64c712e4c81ccdcadd98654b2eb64f4a5312 | b98f8e33b94a7d9b8db30b4010a8c7b5ac0a12a03899b062488281afd6c61f02,acd97d81b442afc3a2de42b397a1f488140b1d42c210c43d510630a096068b43
GF0025-2021-4-067,【四67】,4,口语格式,未细分,0,0,no_annotated_positive,,acd97d81b442afc3a2de42b397a1f488140b1d42c210c43d510630a096068b43
GF0025-2021-4-068,【四68】,4,口语格式,未细分,0,0,no_annotated_positive,,acd97d81b442afc3a2de42b397a1f488140b1d42c210c43d510630a096068b43
GF0025-2021-4-069,【四69】,4,口语格式,未细分,0,0,no_annotated_positive,,acd97d81b442afc3a2de42b397a1f488140b1d42c210c43d510630a096068b43
GF0025-2021-4-070,【四70】,4,口语格式,未细分,0,0,no_annotated_positive,,acd97d81b442afc3a2de42b397a1f488140b1d42c210c43d510630a096068b43
GF0025-2021-4-071,【四71】,4,口语格式,未细分,0,0,no_annotated_positive,,acd97d81b442afc3a2de42b397a1f488140b1d42c210c43d510630a096068b43
GF0025-2021-4-072,【四72】,4,口语格式,未细分,0,0,no_annotated_positive,,acd97d81b442afc3a2de42b397a1f488140b1d42c210c43d510630a096068b43
GF0025-2021-4-073,【四73】,4,口语格式,未细分,0,0,no_annotated_positive,,acd97d81b442afc3a2de42b397a1f488140b1d42c210c43d510630a096068b43
GF0025-2021-4-074,【四74】,4,口语格式,未细分,0,0,no_annotated_positive,,acd97d81b442afc3a2de42b397a1f488140b1d42c210c43d510630a096068b43
GF0025-2021-4-075,【四75】,4,口语格式,未细分,0,0,no_annotated_positive,,acd97d81b442afc3a2de42b397a1f488140b1d42c210c43d510630a096068b43
GF0025-2021-4-076,【四76】,4,口语格式,未细分,0,0,no_annotated_positive,,acd97d81b442afc3a2de42b397a1f488140b1d42c210c43d510630a096068b43
GF0025-2021-5-001,【五01】,5,词类,代词,0,0,no_annotated_positive,,acd97d81b442afc3a2de42b397a1f488140b1d42c210c43d510630a096068b43
GF0025-2021-5-002,【五02】,5,词类,量词,0,0,no_annotated_positive,,acd97d81b442afc3a2de42b397a1f488140b1d42c210c43d510630a096068b43
GF0025-2021-5-003,【五03】,5,词类,副词,0,0,no_annotated_positive,,acd97d81b442afc3a2de42b397a1f488140b1d42c210c43d510630a096068b43
GF0025-2021-5-004,【五04】,5,词类,副词,4,4,annotated_positive_present,2f700e95ec2acaf0715523a558822cf7b66ec289371d515dcc2dbee7c4bcf75d | 5722c7bc4c47dd1b2943d69cb6698cf6d69eefe620285994a5390ceba4c5a398 | baf6b20e8911d777a4913a3edee3e3a4963bf3b9feabe2b91009706e916aa106,acd97d81b442afc3a2de42b397a1f488140b1d42c210c43d510630a096068b43
GF0025-2021-5-005,【五05】,5,词类,副词,14,14,annotated_positive_present,02a19c0433b3628e40712bf9979d1d288e9a2f01f2fa416c5c3e7a851bb73dc7 | 1af087dfd3070465a030512c9fdac0eb4c27a47c6981e86c27bd91fd4375ae15 | 1ecd96f92ed4b91fff434eef9406b62690d74e14ec5c670e890916953ecc8adc,acd97d81b442afc3a2de42b397a1f488140b1d42c210c43d510630a096068b43
GF0025-2021-5-006,【五06】,5,词类,副词,0,0,no_annotated_positive,,acd97d81b442afc3a2de42b397a1f488140b1d42c210c43d510630a096068b43
GF0025-2021-5-007,【五07】,5,词类,副词,0,0,no_annotated_positive,,acd97d81b442afc3a2de42b397a1f488140b1d42c210c43d510630a096068b43
GF0025-2021-5-008,【五08】,5,词类,副词,2,2,annotated_positive_present,1f8e207b1b661418bc0169caa8852f47a887e839a7cc1a7a97ca2e30cac4ff09 | 7d385a54cfa23e09c3d8ed195c022d7d3f49e94d25562ff066e5b7eb269ac68e,acd97d81b442afc3a2de42b397a1f488140b1d42c210c43d510630a096068b43
GF0025-2021-5-009,【五09】,5,词类,介词,2,2,annotated_positive_present,91d62381cbbbcbb7afae2c5e3ddfbb4256abd263e7df10f84d468f561eacf0b5 | a996717ba056e2ba3ee5543d960eacf38a393aba810467cb33b3bdd89255d284,acd97d81b442afc3a2de42b397a1f488140b1d42c210c43d510630a096068b43
GF0025-2021-5-010,【五10】,5,词类,介词,4,4,annotated_positive_present,7f329b0551a217b4b17d2a765aa7b479816b461da584a418010e5f0d4680e52d | aba8bbf210776e55954f66287fd92f632a683e853428f6236f1c9604684a6ff5 | f27eb83bae7fc9332e6cbe37550d1f0f381aa099d04019decdba904e5963c25f,acd97d81b442afc3a2de42b397a1f488140b1d42c210c43d510630a096068b43
GF0025-2021-5-011,【五11】,5,词类,介词,4,4,annotated_positive_present,2d058b9edf3a11566cb753a0ec67ae92b0232c9f8c0736c32ee552e9a82eaa1a | 47506bf2e9a347f6b578a1a9f13f9142b2035f43242a9b352e4e8da6a8c9afc7 | 5c225730ea05bb33bff50eb334060deb386d7a4aa3896941785901e9a751f52c,acd97d81b442afc3a2de42b397a1f488140b1d42c210c43d510630a096068b43
GF0025-2021-5-012,【五12】,5,词类,介词,2,2,annotated_positive_present,0b18a12bfc395fc394c80771eea456da07a4b71343c25c64f607dd71ea6ec99e | d886c3ea2856314b0aecc68cd6f04baa9714ce4285066183ed1ed9dc1ca4c2ad,acd97d81b442afc3a2de42b397a1f488140b1d42c210c43d510630a096068b43
GF0025-2021-5-013,【五13】,5,词类,介词,0,0,no_annotated_positive,,acd97d81b442afc3a2de42b397a1f488140b1d42c210c43d510630a096068b43
GF0025-2021-5-014,【五14】,5,词类,介词,0,0,no_annotated_positive,,acd97d81b442afc3a2de42b397a1f488140b1d42c210c43d510630a096068b43
GF0025-2021-5-015,【五15】,5,词类,连词,0,0,no_annotated_positive,,acd97d81b442afc3a2de42b397a1f488140b1d42c210c43d510630a096068b43
GF0025-2021-5-016,【五16】,5,词类,助词,0,0,no_annotated_positive,,acd97d81b442afc3a2de42b397a1f488140b1d42c210c43d510630a096068b43
GF0025-2021-5-017,【五17】,5,短语,固定短语,0,0,no_annotated_positive,,acd97d81b442afc3a2de42b397a1f488140b1d42c210c43d510630a096068b43
GF0025-2021-5-018,【五18】,5,短语,固定短语,0,0,no_annotated_positive,,acd97d81b442afc3a2de42b397a1f488140b1d42c210c43d510630a096068b43
GF0025-2021-5-019,【五19】,5,短语,固定短语,0,0,no_annotated_positive,,acd97d81b442afc3a2de42b397a1f488140b1d42c210c43d510630a096068b43
GF0025-2021-5-020,【五20】,5,短语,固定短语,0,0,no_annotated_positive,,acd97d81b442afc3a2de42b397a1f488140b1d42c210c43d510630a096068b43
GF0025-2021-5-021,【五21】,5,短语,固定短语,0,0,no_annotated_positive,,acd97d81b442afc3a2de42b397a1f488140b1d42c210c43d510630a096068b43
GF0025-2021-5-022,【五22】,5,短语,固定短语,0,0,no_annotated_positive,,acd97d81b442afc3a2de42b397a1f488140b1d42c210c43d510630a096068b43
GF0025-2021-5-023,【五23】,5,短语,固定短语,0,0,no_annotated_positive,,acd97d81b442afc3a2de42b397a1f488140b1d42c210c43d510630a096068b43
GF0025-2021-5-024,【五24】,5,短语,固定短语,0,0,no_annotated_positive,,acd97d81b442afc3a2de42b397a1f488140b1d42c210c43d510630a096068b43
GF0025-2021-5-025,【五25】,5,短语,固定短语,0,0,no_annotated_positive,,acd97d81b442afc3a2de42b397a1f488140b1d42c210c43d510630a096068b43
GF0025-2021-5-026,【五26】,5,固定格式,未细分,4,4,annotated_positive_present,b8e406b22a2eccd2b8b214880da4151dba6493c102d910dddfd4f70d230f51e8 | b96fe7bc74d72b4e32381bb3eef04a1eea5dec3ee6c1b9836732151d8b7a1cbd | d5dea15e9330a96f32b630560d5c2349103423a695dd4d03943c77f9ac52d511,acd97d81b442afc3a2de42b397a1f488140b1d42c210c43d510630a096068b43
GF0025-2021-5-027,【五27】,5,固定格式,未细分,0,0,no_annotated_positive,,acd97d81b442afc3a2de42b397a1f488140b1d42c210c43d510630a096068b43
GF0025-2021-5-028,【五28】,5,固定格式,未细分,0,0,no_annotated_positive,,acd97d81b442afc3a2de42b397a1f488140b1d42c210c43d510630a096068b43
GF0025-2021-5-029,【五29】,5,固定格式,未细分,0,0,no_annotated_positive,,acd97d81b442afc3a2de42b397a1f488140b1d42c210c43d510630a096068b43
GF0025-2021-5-030,【五30】,5,固定格式,未细分,0,0,no_annotated_positive,,acd97d81b442afc3a2de42b397a1f488140b1d42c210c43d510630a096068b43
GF0025-2021-5-031,【五31】,5,固定格式,未细分,0,0,no_annotated_positive,,acd97d81b442afc3a2de42b397a1f488140b1d42c210c43d510630a096068b43
GF0025-2021-5-032,【五32】,5,句子成分,宾语,0,0,no_annotated_positive,,acd97d81b442afc3a2de42b397a1f488140b1d42c210c43d510630a096068b43
GF0025-2021-5-033,【五33】,5,句子成分,状语,6,6,annotated_positive_present,1b4c1b6f6a1527f4bc84898ad18fb17c884d6fbdac68e15f932af1b3bbd32b2e | 1edae52a4feec2e4cb3e6f451e84944be51705167d97c4b43c04f0121ea061f4 | 54ab4b18a8d5a92415456a7dd325fc87ac1bef5db98c1fba5fee9f3668c19e90,acd97d81b442afc3a2de42b397a1f488140b1d42c210c43d510630a096068b43
GF0025-2021-5-034,【五34】,5,句子成分,补语,0,0,no_annotated_positive,,acd97d81b442afc3a2de42b397a1f488140b1d42c210c43d510630a096068b43
GF0025-2021-5-035,【五35】,5,句子成分,补语,0,0,no_annotated_positive,,acd97d81b442afc3a2de42b397a1f488140b1d42c210c43d510630a096068b43
GF0025-2021-5-036,【五36】,5,句子成分,补语,0,0,no_annotated_positive,,acd97d81b442afc3a2de42b397a1f488140b1d42c210c43d510630a096068b43
GF0025-2021-5-037,【五37】,5,句子成分,补语,6,6,annotated_positive_present,3ea1824734330a897b60dee39eb7a3d5343d5235a95a41554cf7a77e7d16f219 | 96f093dcdffb0c4dc34278a62dfd1e63e7b8332391fca7ac127cb1eb8ecac8e0 | a377978e24466c4b3c579be3d0d136e8f36b0785bba8e66522d04eca0989afb4,acd97d81b442afc3a2de42b397a1f488140b1d42c210c43d510630a096068b43
GF0025-2021-5-038,【五38】,5,句子的类型,特殊句型,0,0,no_annotated_positive,,acd97d81b442afc3a2de42b397a1f488140b1d42c210c43d510630a096068b43
GF0025-2021-5-039,【五39】,5,句子的类型,特殊句型,0,0,no_annotated_positive,,acd97d81b442afc3a2de42b397a1f488140b1d42c210c43d510630a096068b43
GF0025-2021-5-040,【五40】,5,句子的类型,特殊句型,0,0,no_annotated_positive,,acd97d81b442afc3a2de42b397a1f488140b1d42c210c43d510630a096068b43
GF0025-2021-5-041,【五41】,5,句子的类型,特殊句型,0,0,no_annotated_positive,,acd97d81b442afc3a2de42b397a1f488140b1d42c210c43d510630a096068b43
GF0025-2021-5-042,【五42】,5,句子的类型,特殊句型,10,10,annotated_positive_present,0dc0d7e0654276f59c6ee6985eb2f07c955d83ad6502fc6e3184c7898dd45dd5 | 15a7f0b4b358f4d390b7fc151dcfa1d18565adc6ffc86f6f91e0de6d34cb0d49 | 25d75f01e1f30b25b832fb86ea32ff15ce80b1c36bbeb7d04e31f3959da1851d,acd97d81b442afc3a2de42b397a1f488140b1d42c210c43d510630a096068b43
GF0025-2021-5-043,【五43】,5,句子的类型,特殊句型,2,2,annotated_positive_present,74350c8590afdb5100753938141d228486b7ba2f31ab5d3394a113a8510d823e | f926878b0067684c4a7152d9039c6f34f51171614e8cafddac0ea5d787d6da32,acd97d81b442afc3a2de42b397a1f488140b1d42c210c43d510630a096068b43
GF0025-2021-5-044,【五44】,5,句子的类型,复句,2,2,annotated_positive_present,7a1cf7a443ea4f87f4dd1fabb9467c0de4fc38319e137824b8b97a73895e00b8 | f7911a22afd7d6b2bf3fecf63bdbc2ef15e4a8858246c138db05da4e40e14725,acd97d81b442afc3a2de42b397a1f488140b1d42c210c43d510630a096068b43
GF0025-2021-5-045,【五45】,5,句子的类型,复句,6,6,annotated_positive_present,1c76b5a1814fadf180bd8299cbe3fd57d5072d58890b6e1be9531ad721f88002 | 85e0a3f331ab3d4ca1646e1eb2e7949ebb620d36ce7b9ed32a60937261eda774 | a671c912d0bda8a30284971f2263f5aab24a2bbe2bd7defc76afa408843f7bb8,acd97d81b442afc3a2de42b397a1f488140b1d42c210c43d510630a096068b43
GF0025-2021-5-046,【五46】,5,句子的类型,复句,2,2,annotated_positive_present,192dfd0f342d662ae9462142a7046d420b7be70da76951da05ec985e0cde8b08 | 5c6b7b88a58363d2630d9f6cf626391455ca9464f7cd47999982fabbc85ca757,acd97d81b442afc3a2de42b397a1f488140b1d42c210c43d510630a096068b43
GF0025-2021-5-047,【五47】,5,句子的类型,复句,0,0,no_annotated_positive,,acd97d81b442afc3a2de42b397a1f488140b1d42c210c43d510630a096068b43
GF0025-2021-5-048,【五48】,5,句子的类型,复句,2,2,annotated_positive_present,8d1f0c4d2ecd4147069d82256e24efa0550ecff21f797bd875591e4d83aebafe | c0ef9aec0af0b4bd3cdbed58ae6417aea47175c4442a0dec971fe2896c33c4a8,acd97d81b442afc3a2de42b397a1f488140b1d42c210c43d510630a096068b43
GF0025-2021-5-049,【五49】,5,句子的类型,复句,0,0,no_annotated_positive,,acd97d81b442afc3a2de42b397a1f488140b1d42c210c43d510630a096068b43
GF0025-2021-5-050,【五50】,5,句子的类型,复句,0,0,no_annotated_positive,,acd97d81b442afc3a2de42b397a1f488140b1d42c210c43d510630a096068b43
GF0025-2021-5-051,【五51】,5,句子的类型,复句,2,2,annotated_positive_present,3332d01accc80f5a79ec1998d909c1d5044928e14b6d79f172a897e419e57d0a | 6e68e3ae92979012750dacbaf553b6f6e215a826a2405f197e49797160d21e4d,acd97d81b442afc3a2de42b397a1f488140b1d42c210c43d510630a096068b43
GF0025-2021-5-052,【五52】,5,句子的类型,复句,0,0,no_annotated_positive,,acd97d81b442afc3a2de42b397a1f488140b1d42c210c43d510630a096068b43
GF0025-2021-5-053,【五53】,5,句子的类型,复句,0,0,no_annotated_positive,,acd97d81b442afc3a2de42b397a1f488140b1d42c210c43d510630a096068b43
GF0025-2021-5-054,【五54】,5,句子的类型,复句,0,0,no_annotated_positive,,acd97d81b442afc3a2de42b397a1f488140b1d42c210c43d510630a096068b43
GF0025-2021-5-055,【五55】,5,句子的类型,复句,2,2,annotated_positive_present,aba8bbf210776e55954f66287fd92f632a683e853428f6236f1c9604684a6ff5 | c8a3bf0f1b9279575048b79bb55e6357d4f583cbb929fd0a1750a09b493c9b6d,acd97d81b442afc3a2de42b397a1f488140b1d42c210c43d510630a096068b43
GF0025-2021-5-056,【五56】,5,句子的类型,复句,0,0,no_annotated_positive,,acd97d81b442afc3a2de42b397a1f488140b1d42c210c43d510630a096068b43
GF0025-2021-5-057,【五57】,5,强调的方法,未细分,2,2,annotated_positive_present,0dc95b916757a8aaf27ab5c487a329c0f7d19448aad6c5d0a345b4cff55aae79 | e0ae8354273737b8a3510ef5a625515b7c48fd2a6b53936143ec9d5acadc7a9e,acd97d81b442afc3a2de42b397a1f488140b1d42c210c43d510630a096068b43
GF0025-2021-5-058,【五58】,5,强调的方法,未细分,0,0,no_annotated_positive,,acd97d81b442afc3a2de42b397a1f488140b1d42c210c43d510630a096068b43
GF0025-2021-5-059,【五59】,5,强调的方法,未细分,0,0,no_annotated_positive,,acd97d81b442afc3a2de42b397a1f488140b1d42c210c43d510630a096068b43
GF0025-2021-5-060,【五60】,5,口语格式,未细分,0,0,no_annotated_positive,,acd97d81b442afc3a2de42b397a1f488140b1d42c210c43d510630a096068b43
GF0025-2021-5-061,【五61】,5,口语格式,未细分,0,0,no_annotated_positive,,acd97d81b442afc3a2de42b397a1f488140b1d42c210c43d510630a096068b43
GF0025-2021-5-062,【五62】,5,口语格式,未细分,0,0,no_annotated_positive,,acd97d81b442afc3a2de42b397a1f488140b1d42c210c43d510630a096068b43
GF0025-2021-5-063,【五63】,5,口语格式,未细分,0,0,no_annotated_positive,,acd97d81b442afc3a2de42b397a1f488140b1d42c210c43d510630a096068b43
GF0025-2021-5-064,【五64】,5,口语格式,未细分,0,0,no_annotated_positive,,acd97d81b442afc3a2de42b397a1f488140b1d42c210c43d510630a096068b43
GF0025-2021-5-065,【五65】,5,口语格式,未细分,0,0,no_annotated_positive,,acd97d81b442afc3a2de42b397a1f488140b1d42c210c43d510630a096068b43
GF0025-2021-5-066,【五66】,5,口语格式,未细分,0,0,no_annotated_positive,,acd97d81b442afc3a2de42b397a1f488140b1d42c210c43d510630a096068b43
GF0025-2021-5-067,【五67】,5,口语格式,未细分,0,0,no_annotated_positive,,acd97d81b442afc3a2de42b397a1f488140b1d42c210c43d510630a096068b43
GF0025-2021-5-068,【五68】,5,口语格式,未细分,0,0,no_annotated_positive,,acd97d81b442afc3a2de42b397a1f488140b1d42c210c43d510630a096068b43
GF0025-2021-5-069,【五69】,5,口语格式,未细分,0,0,no_annotated_positive,,acd97d81b442afc3a2de42b397a1f488140b1d42c210c43d510630a096068b43
GF0025-2021-5-070,【五70】,5,句群,形式分类,0,0,no_annotated_positive,,acd97d81b442afc3a2de42b397a1f488140b1d42c210c43d510630a096068b43
GF0025-2021-5-071,【五71】,5,句群,形式分类,58,70,annotated_positive_present,05bc66152da60424e5187b4bcc3a1916cc47f709bb93dec08b2680cf572606bc | 18a5a88387b9d5b2de1439aec57f73aaec290a23fd327d84cfdbb707536c9640 | 1ddef7469d245bb12110c5e82ec4fa21fd21f91013baf9b480446da2d9b90bf1,acd97d81b442afc3a2de42b397a1f488140b1d42c210c43d510630a096068b43
GF0025-2021-6-001,【六01】,6,语素,前缀,4,4,annotated_positive_present,89fbf3bdf0152dc89729607bd7c78c68c62a45ded010c3834ed5b7a600221c08 | 8c289f471e28171a5dbd8765b1b1784cc5558265b488ae494c79dfcd0be6248d | b58af0322883235a196fa7ab9bbe71c613b1f4d642acc94007531b7b46812e87,acd97d81b442afc3a2de42b397a1f488140b1d42c210c43d510630a096068b43
GF0025-2021-6-002,【六02】,6,语素,后缀,2,2,annotated_positive_present,6609fe7d3a9672205ddba687e1c048c401cb1536d83d20b59168ae3a651e3ba9 | a126c672b4ba1dc0e815b52a34d08320ae1e7886950faf2a002ea44e7aecc285,acd97d81b442afc3a2de42b397a1f488140b1d42c210c43d510630a096068b43
GF0025-2021-6-003,【六03】,6,词类,代词,0,0,no_annotated_positive,,acd97d81b442afc3a2de42b397a1f488140b1d42c210c43d510630a096068b43
GF0025-2021-6-004,【六04】,6,词类,量词,0,0,no_annotated_positive,,acd97d81b442afc3a2de42b397a1f488140b1d42c210c43d510630a096068b43
GF0025-2021-6-005,【六05】,6,词类,量词,0,0,no_annotated_positive,,acd97d81b442afc3a2de42b397a1f488140b1d42c210c43d510630a096068b43
GF0025-2021-6-006,【六06】,6,词类,副词,2,2,annotated_positive_present,6320af3df806e966b2d9ae3cecd284a234e91871c93c9d9c8634d2c615f44ed9 | a6de6fd23210f33b36c5582144f1e32553289c8454e52f9ad38b205030ac4c2d,acd97d81b442afc3a2de42b397a1f488140b1d42c210c43d510630a096068b43
GF0025-2021-6-007,【六07】,6,词类,副词,0,0,no_annotated_positive,,acd97d81b442afc3a2de42b397a1f488140b1d42c210c43d510630a096068b43
GF0025-2021-6-008,【六08】,6,词类,副词,0,0,no_annotated_positive,,acd97d81b442afc3a2de42b397a1f488140b1d42c210c43d510630a096068b43
GF0025-2021-6-009,【六09】,6,词类,副词,0,0,no_annotated_positive,,acd97d81b442afc3a2de42b397a1f488140b1d42c210c43d510630a096068b43
GF0025-2021-6-010,【六10】,6,词类,副词,0,0,no_annotated_positive,,acd97d81b442afc3a2de42b397a1f488140b1d42c210c43d510630a096068b43
GF0025-2021-6-011,【六11】,6,词类,副词,0,0,no_annotated_positive,,acd97d81b442afc3a2de42b397a1f488140b1d42c210c43d510630a096068b43
GF0025-2021-6-012,【六12】,6,词类,副词,0,0,no_annotated_positive,,acd97d81b442afc3a2de42b397a1f488140b1d42c210c43d510630a096068b43
GF0025-2021-6-013,【六13】,6,词类,介词,6,6,annotated_positive_present,1f8e207b1b661418bc0169caa8852f47a887e839a7cc1a7a97ca2e30cac4ff09 | 58dde53825b9e95eb3eb2c13b38809f17722f739a092a197106a9d90f2f562cf | 7d385a54cfa23e09c3d8ed195c022d7d3f49e94d25562ff066e5b7eb269ac68e,acd97d81b442afc3a2de42b397a1f488140b1d42c210c43d510630a096068b43
GF0025-2021-6-014,【六14】,6,词类,介词,0,0,no_annotated_positive,,acd97d81b442afc3a2de42b397a1f488140b1d42c210c43d510630a096068b43
GF0025-2021-6-015,【六15】,6,词类,介词,6,6,annotated_positive_present,49742fd8b8aa471b144bf8a454a9217a48a68ff393823b0028a745e482081d15 | 54cd21c0055ae744316123c692ef1f613c71b19e4fbc001595cef5ebc52e024b | 57f22497e839856d70dcfb444727b67db69cfd5c75e561b32b8f3b87bfc0e095,acd97d81b442afc3a2de42b397a1f488140b1d42c210c43d510630a096068b43
GF0025-2021-6-016,【六16】,6,词类,介词,0,0,no_annotated_positive,,acd97d81b442afc3a2de42b397a1f488140b1d42c210c43d510630a096068b43
GF0025-2021-6-017,【六17】,6,词类,介词,0,0,no_annotated_positive,,acd97d81b442afc3a2de42b397a1f488140b1d42c210c43d510630a096068b43
GF0025-2021-6-018,【六18】,6,词类,介词,0,0,no_annotated_positive,,acd97d81b442afc3a2de42b397a1f488140b1d42c210c43d510630a096068b43
GF0025-2021-6-019,【六19】,6,词类,介词,4,4,annotated_positive_present,804aebd02520f4ce4dfa783c2f608a4297972e2a6bc74d8dc89c228b646ea5f8 | c459847e23853fd76e308cb6ff41e0a08cd7d1c3b61ac64cd3f2880cb519a6ef | ddc900a4c735528beb1a089d3cd6f930aeeaa0d4aaf95b95386981554a72f185,acd97d81b442afc3a2de42b397a1f488140b1d42c210c43d510630a096068b43
GF0025-2021-6-020,【六20】,6,词类,连词,13,14,annotated_positive_present,30d2382d6b7aede07e6d6c36c8ac06f3189e2b4e8878e02a7f1bc57256cca07d | 3712e0948c5133b60ca581910ecc270c4a418d7fa8f25511e913e943e7cc8259 | 47506bf2e9a347f6b578a1a9f13f9142b2035f43242a9b352e4e8da6a8c9afc7,acd97d81b442afc3a2de42b397a1f488140b1d42c210c43d510630a096068b43
GF0025-2021-6-021,【六21】,6,词类,连词,4,4,annotated_positive_present,2405524d5a1e7d4decf68b95679f9ce9c9deed194c27556102b8b29ad704b357 | 2697dbe9e4d22c9b08c5f9c0de7d2f16d636968d4e48b04b8bce196c93184ebd | c4ab5c338d81a384b974b377a63ad9c07b6a6885fe1e6fe30d3b9efcd10f483d,acd97d81b442afc3a2de42b397a1f488140b1d42c210c43d510630a096068b43
GF0025-2021-6-022,【六22】,6,词类,助词,2,2,annotated_positive_present,b58af0322883235a196fa7ab9bbe71c613b1f4d642acc94007531b7b46812e87 | f9e369c431eda42f506e31e5ace9726544991befb6a842aeec1114cf7577110f,acd97d81b442afc3a2de42b397a1f488140b1d42c210c43d510630a096068b43
GF0025-2021-6-023,【六23】,6,词类,助词,4,4,annotated_positive_present,52e1cc158ea98981442acda7d50005a89260148e2b78fb40c1233068ebd181b9 | 7bb3979d9161e536564fc0c7675514376b955acdc04d61df889d791986f7f3b6 | 7c56b60394f295d3a1138981abdb46b306f663e69ac0bc51295fed9094109c22,acd97d81b442afc3a2de42b397a1f488140b1d42c210c43d510630a096068b43
GF0025-2021-6-024,【六24】,6,短语,结构类型,0,0,no_annotated_positive,,acd97d81b442afc3a2de42b397a1f488140b1d42c210c43d510630a096068b43
GF0025-2021-6-025,【六25】,6,短语,固定短语,0,0,no_annotated_positive,,acd97d81b442afc3a2de42b397a1f488140b1d42c210c43d510630a096068b43
GF0025-2021-6-026,【六26】,6,短语,固定短语,0,0,no_annotated_positive,,acd97d81b442afc3a2de42b397a1f488140b1d42c210c43d510630a096068b43
GF0025-2021-6-027,【六27】,6,短语,固定短语,0,0,no_annotated_positive,,acd97d81b442afc3a2de42b397a1f488140b1d42c210c43d510630a096068b43
GF0025-2021-6-028,【六28】,6,短语,固定短语,0,0,no_annotated_positive,,acd97d81b442afc3a2de42b397a1f488140b1d42c210c43d510630a096068b43
GF0025-2021-6-029,【六29】,6,短语,固定短语,0,0,no_annotated_positive,,acd97d81b442afc3a2de42b397a1f488140b1d42c210c43d510630a096068b43
GF0025-2021-6-030,【六30】,6,短语,固定短语,0,0,no_annotated_positive,,acd97d81b442afc3a2de42b397a1f488140b1d42c210c43d510630a096068b43
GF0025-2021-6-031,【六31】,6,短语,固定短语,2,2,annotated_positive_present,0dc95b916757a8aaf27ab5c487a329c0f7d19448aad6c5d0a345b4cff55aae79 | fdaea729febb4447a8871d7c8e10ce671e2d6867bac441954d2c5e7c213472b6,acd97d81b442afc3a2de42b397a1f488140b1d42c210c43d510630a096068b43
GF0025-2021-6-032,【六32】,6,短语,固定短语,0,0,no_annotated_positive,,acd97d81b442afc3a2de42b397a1f488140b1d42c210c43d510630a096068b43
GF0025-2021-6-033,【六33】,6,短语,固定短语,0,0,no_annotated_positive,,acd97d81b442afc3a2de42b397a1f488140b1d42c210c43d510630a096068b43
GF0025-2021-6-034,【六34】,6,短语,固定短语,0,0,no_annotated_positive,,acd97d81b442afc3a2de42b397a1f488140b1d42c210c43d510630a096068b43
GF0025-2021-6-035,【六35】,6,固定格式,未细分,0,0,no_annotated_positive,,acd97d81b442afc3a2de42b397a1f488140b1d42c210c43d510630a096068b43
GF0025-2021-6-036,【六36】,6,固定格式,未细分,0,0,no_annotated_positive,,acd97d81b442afc3a2de42b397a1f488140b1d42c210c43d510630a096068b43
GF0025-2021-6-037,【六37】,6,固定格式,未细分,0,0,no_annotated_positive,,acd97d81b442afc3a2de42b397a1f488140b1d42c210c43d510630a096068b43
GF0025-2021-6-038,【六38】,6,句子成分,宾语,0,0,no_annotated_positive,,acd97d81b442afc3a2de42b397a1f488140b1d42c210c43d510630a096068b43
GF0025-2021-6-039,【六39】,6,句子成分,补语,0,0,no_annotated_positive,,acd97d81b442afc3a2de42b397a1f488140b1d42c210c43d510630a096068b43
GF0025-2021-6-040,【六40】,6,句子的类型,特殊句型,0,0,no_annotated_positive,,acd97d81b442afc3a2de42b397a1f488140b1d42c210c43d510630a096068b43
GF0025-2021-6-041,【六41】,6,句子的类型,特殊句型,0,0,no_annotated_positive,,acd97d81b442afc3a2de42b397a1f488140b1d42c210c43d510630a096068b43
GF0025-2021-6-042,【六42】,6,句子的类型,复句,0,0,no_annotated_positive,,acd97d81b442afc3a2de42b397a1f488140b1d42c210c43d510630a096068b43
GF0025-2021-6-043,【六43】,6,句子的类型,复句,0,0,no_annotated_positive,,acd97d81b442afc3a2de42b397a1f488140b1d42c210c43d510630a096068b43
GF0025-2021-6-044,【六44】,6,句子的类型,复句,0,0,no_annotated_positive,,acd97d81b442afc3a2de42b397a1f488140b1d42c210c43d510630a096068b43
GF0025-2021-6-045,【六45】,6,句子的类型,复句,0,0,no_annotated_positive,,acd97d81b442afc3a2de42b397a1f488140b1d42c210c43d510630a096068b43
GF0025-2021-6-046,【六46】,6,句子的类型,复句,0,0,no_annotated_positive,,acd97d81b442afc3a2de42b397a1f488140b1d42c210c43d510630a096068b43
GF0025-2021-6-047,【六47】,6,句子的类型,复句,0,0,no_annotated_positive,,acd97d81b442afc3a2de42b397a1f488140b1d42c210c43d510630a096068b43
GF0025-2021-6-048,【六48】,6,句子的类型,复句,0,0,no_annotated_positive,,acd97d81b442afc3a2de42b397a1f488140b1d42c210c43d510630a096068b43
GF0025-2021-6-049,【六49】,6,句子的类型,复句,0,0,no_annotated_positive,,acd97d81b442afc3a2de42b397a1f488140b1d42c210c43d510630a096068b43
GF0025-2021-6-050,【六50】,6,句子的类型,复句,0,0,no_annotated_positive,,acd97d81b442afc3a2de42b397a1f488140b1d42c210c43d510630a096068b43
GF0025-2021-6-051,【六51】,6,句子的类型,复句,0,0,no_annotated_positive,,acd97d81b442afc3a2de42b397a1f488140b1d42c210c43d510630a096068b43
GF0025-2021-6-052,【六52】,6,句子的类型,复句,0,0,no_annotated_positive,,acd97d81b442afc3a2de42b397a1f488140b1d42c210c43d510630a096068b43
GF0025-2021-6-053,【六53】,6,句子的类型,复句,0,0,no_annotated_positive,,acd97d81b442afc3a2de42b397a1f488140b1d42c210c43d510630a096068b43
GF0025-2021-6-054,【六54】,6,句子的类型,复句,0,0,no_annotated_positive,,acd97d81b442afc3a2de42b397a1f488140b1d42c210c43d510630a096068b43
GF0025-2021-6-055,【六55】,6,强调的方法,未细分,0,0,no_annotated_positive,,acd97d81b442afc3a2de42b397a1f488140b1d42c210c43d510630a096068b43
GF0025-2021-6-056,【六56】,6,口语格式,未细分,0,0,no_annotated_positive,,acd97d81b442afc3a2de42b397a1f488140b1d42c210c43d510630a096068b43
GF0025-2021-6-057,【六57】,6,口语格式,未细分,0,0,no_annotated_positive,,acd97d81b442afc3a2de42b397a1f488140b1d42c210c43d510630a096068b43
GF0025-2021-6-058,【六58】,6,口语格式,未细分,0,0,no_annotated_positive,,acd97d81b442afc3a2de42b397a1f488140b1d42c210c43d510630a096068b43
GF0025-2021-6-059,【六59】,6,口语格式,未细分,0,0,no_annotated_positive,,acd97d81b442afc3a2de42b397a1f488140b1d42c210c43d510630a096068b43
GF0025-2021-6-060,【六60】,6,口语格式,未细分,0,0,no_annotated_positive,,acd97d81b442afc3a2de42b397a1f488140b1d42c210c43d510630a096068b43
GF0025-2021-6-061,【六61】,6,口语格式,未细分,0,0,no_annotated_positive,,acd97d81b442afc3a2de42b397a1f488140b1d42c210c43d510630a096068b43
GF0025-2021-6-062,【六62】,6,口语格式,未细分,0,0,no_annotated_positive,,acd97d81b442afc3a2de42b397a1f488140b1d42c210c43d510630a096068b43
GF0025-2021-6-063,【六63】,6,口语格式,未细分,0,0,no_annotated_positive,,acd97d81b442afc3a2de42b397a1f488140b1d42c210c43d510630a096068b43
GF0025-2021-6-064,【六64】,6,口语格式,未细分,0,0,no_annotated_positive,,acd97d81b442afc3a2de42b397a1f488140b1d42c210c43d510630a096068b43
GF0025-2021-6-065,【六65】,6,口语格式,未细分,0,0,no_annotated_positive,,acd97d81b442afc3a2de42b397a1f488140b1d42c210c43d510630a096068b43
GF0025-2021-6-066,【六66】,6,口语格式,未细分,0,0,no_annotated_positive,,acd97d81b442afc3a2de42b397a1f488140b1d42c210c43d510630a096068b43
GF0025-2021-6-067,【六67】,6,口语格式,未细分,0,0,no_annotated_positive,,acd97d81b442afc3a2de42b397a1f488140b1d42c210c43d510630a096068b43
GF0025-2021-7_9-001,【七—九01】,7-9,词类,动词,0,0,no_annotated_positive,,acd97d81b442afc3a2de42b397a1f488140b1d42c210c43d510630a096068b43
GF0025-2021-7_9-002,【七—九02】,7-9,词类,代词,2,6,annotated_positive_present,2f76b5c20f026057eadc987bf66e2a9aa4e7bdfa0936551138e71cfeabe131c8 | 54fad3f01324a3975d85817eca2b64c712e4c81ccdcadd98654b2eb64f4a5312,acd97d81b442afc3a2de42b397a1f488140b1d42c210c43d510630a096068b43
GF0025-2021-7_9-003,【七—九03】,7-9,词类,代词,4,4,annotated_positive_present,19d34be86f4510d14802ca3d30e8d1d3227c38e56e074d6ae7c30d2ad8ce461c | 2cb49530541ba6ced06d59b045b209614e61028ef8307263fba7e3380df631f4 | 6e137f2894000d0b8e1cde4e41318f711a80305975b57c994cae8e33ee207464,acd97d81b442afc3a2de42b397a1f488140b1d42c210c43d510630a096068b43
GF0025-2021-7_9-004,【七—九04】,7-9,词类,量词,0,0,no_annotated_positive,,acd97d81b442afc3a2de42b397a1f488140b1d42c210c43d510630a096068b43
GF0025-2021-7_9-005,【七—九05】,7-9,词类,副词,0,0,no_annotated_positive,,acd97d81b442afc3a2de42b397a1f488140b1d42c210c43d510630a096068b43
GF0025-2021-7_9-006,【七—九06】,7-9,词类,介词,0,0,no_annotated_positive,,acd97d81b442afc3a2de42b397a1f488140b1d42c210c43d510630a096068b43
GF0025-2021-7_9-007,【七—九07】,7-9,词类,连词,0,0,no_annotated_positive,,acd97d81b442afc3a2de42b397a1f488140b1d42c210c43d510630a096068b43
GF0025-2021-7_9-008,【七—九08】,7-9,词类,连词,0,0,no_annotated_positive,,acd97d81b442afc3a2de42b397a1f488140b1d42c210c43d510630a096068b43
GF0025-2021-7_9-009,【七—九09】,7-9,词类,助词,0,0,no_annotated_positive,,acd97d81b442afc3a2de42b397a1f488140b1d42c210c43d510630a096068b43
GF0025-2021-7_9-010,【七—九10】,7-9,短语,结构类型,0,0,no_annotated_positive,,acd97d81b442afc3a2de42b397a1f488140b1d42c210c43d510630a096068b43
GF0025-2021-7_9-011,【七—九11】,7-9,短语,固定短语,0,0,no_annotated_positive,,acd97d81b442afc3a2de42b397a1f488140b1d42c210c43d510630a096068b43
GF0025-2021-7_9-012,【七—九12】,7-9,短语,固定短语,0,0,no_annotated_positive,,acd97d81b442afc3a2de42b397a1f488140b1d42c210c43d510630a096068b43
GF0025-2021-7_9-013,【七—九13】,7-9,短语,固定短语,0,0,no_annotated_positive,,acd97d81b442afc3a2de42b397a1f488140b1d42c210c43d510630a096068b43
GF0025-2021-7_9-014,【七—九14】,7-9,短语,固定短语,0,0,no_annotated_positive,,acd97d81b442afc3a2de42b397a1f488140b1d42c210c43d510630a096068b43
GF0025-2021-7_9-015,【七—九15】,7-9,短语,固定短语,0,0,no_annotated_positive,,acd97d81b442afc3a2de42b397a1f488140b1d42c210c43d510630a096068b43
GF0025-2021-7_9-016,【七—九16】,7-9,短语,固定短语,0,0,no_annotated_positive,,acd97d81b442afc3a2de42b397a1f488140b1d42c210c43d510630a096068b43
GF0025-2021-7_9-017,【七—九17】,7-9,短语,固定短语,0,0,no_annotated_positive,,acd97d81b442afc3a2de42b397a1f488140b1d42c210c43d510630a096068b43
GF0025-2021-7_9-018,【七—九18】,7-9,短语,固定短语,0,0,no_annotated_positive,,acd97d81b442afc3a2de42b397a1f488140b1d42c210c43d510630a096068b43
GF0025-2021-7_9-019,【七—九19】,7-9,短语,固定短语,0,0,no_annotated_positive,,acd97d81b442afc3a2de42b397a1f488140b1d42c210c43d510630a096068b43
GF0025-2021-7_9-020,【七—九20】,7-9,短语,固定短语,0,0,no_annotated_positive,,acd97d81b442afc3a2de42b397a1f488140b1d42c210c43d510630a096068b43
GF0025-2021-7_9-021,【七—九21】,7-9,短语,固定短语,0,0,no_annotated_positive,,acd97d81b442afc3a2de42b397a1f488140b1d42c210c43d510630a096068b43
GF0025-2021-7_9-022,【七—九22】,7-9,短语,固定短语,0,0,no_annotated_positive,,acd97d81b442afc3a2de42b397a1f488140b1d42c210c43d510630a096068b43
GF0025-2021-7_9-023,【七—九23】,7-9,短语,固定短语,0,0,no_annotated_positive,,acd97d81b442afc3a2de42b397a1f488140b1d42c210c43d510630a096068b43
GF0025-2021-7_9-024,【七—九24】,7-9,短语,固定短语,0,0,no_annotated_positive,,acd97d81b442afc3a2de42b397a1f488140b1d42c210c43d510630a096068b43
GF0025-2021-7_9-025,【七—九25】,7-9,短语,固定短语,0,0,no_annotated_positive,,acd97d81b442afc3a2de42b397a1f488140b1d42c210c43d510630a096068b43
GF0025-2021-7_9-026,【七—九26】,7-9,短语,固定短语,0,0,no_annotated_positive,,acd97d81b442afc3a2de42b397a1f488140b1d42c210c43d510630a096068b43
GF0025-2021-7_9-027,【七—九27】,7-9,固定格式,未细分,0,0,no_annotated_positive,,acd97d81b442afc3a2de42b397a1f488140b1d42c210c43d510630a096068b43
GF0025-2021-7_9-028,【七—九28】,7-9,固定格式,未细分,0,0,no_annotated_positive,,acd97d81b442afc3a2de42b397a1f488140b1d42c210c43d510630a096068b43
GF0025-2021-7_9-029,【七—九29】,7-9,固定格式,未细分,0,0,no_annotated_positive,,acd97d81b442afc3a2de42b397a1f488140b1d42c210c43d510630a096068b43
GF0025-2021-7_9-030,【七—九30】,7-9,固定格式,未细分,0,0,no_annotated_positive,,acd97d81b442afc3a2de42b397a1f488140b1d42c210c43d510630a096068b43
GF0025-2021-7_9-031,【七—九31】,7-9,固定格式,未细分,0,0,no_annotated_positive,,acd97d81b442afc3a2de42b397a1f488140b1d42c210c43d510630a096068b43
GF0025-2021-7_9-032,【七—九32】,7-9,句子成分,宾语,0,0,no_annotated_positive,,acd97d81b442afc3a2de42b397a1f488140b1d42c210c43d510630a096068b43
GF0025-2021-7_9-033,【七—九33】,7-9,句子成分,补语,0,0,no_annotated_positive,,acd97d81b442afc3a2de42b397a1f488140b1d42c210c43d510630a096068b43
GF0025-2021-7_9-034,【七—九34】,7-9,句子成分,补语,0,0,no_annotated_positive,,acd97d81b442afc3a2de42b397a1f488140b1d42c210c43d510630a096068b43
GF0025-2021-7_9-035,【七—九35】,7-9,句子的类型,特殊句型,0,0,no_annotated_positive,,acd97d81b442afc3a2de42b397a1f488140b1d42c210c43d510630a096068b43
GF0025-2021-7_9-036,【七—九36】,7-9,句子的类型,特殊句型,0,0,no_annotated_positive,,acd97d81b442afc3a2de42b397a1f488140b1d42c210c43d510630a096068b43
GF0025-2021-7_9-037,【七—九37】,7-9,句子的类型,特殊句型,0,0,no_annotated_positive,,acd97d81b442afc3a2de42b397a1f488140b1d42c210c43d510630a096068b43
GF0025-2021-7_9-038,【七—九38】,7-9,句子的类型,复句,0,0,no_annotated_positive,,acd97d81b442afc3a2de42b397a1f488140b1d42c210c43d510630a096068b43
GF0025-2021-7_9-039,【七—九39】,7-9,句子的类型,复句,0,0,no_annotated_positive,,acd97d81b442afc3a2de42b397a1f488140b1d42c210c43d510630a096068b43
GF0025-2021-7_9-040,【七—九40】,7-9,句子的类型,复句,0,0,no_annotated_positive,,acd97d81b442afc3a2de42b397a1f488140b1d42c210c43d510630a096068b43
GF0025-2021-7_9-041,【七—九41】,7-9,句子的类型,复句,0,0,no_annotated_positive,,acd97d81b442afc3a2de42b397a1f488140b1d42c210c43d510630a096068b43
GF0025-2021-7_9-042,【七—九42】,7-9,句子的类型,复句,0,0,no_annotated_positive,,acd97d81b442afc3a2de42b397a1f488140b1d42c210c43d510630a096068b43
GF0025-2021-7_9-043,【七—九43】,7-9,句子的类型,复句,0,0,no_annotated_positive,,acd97d81b442afc3a2de42b397a1f488140b1d42c210c43d510630a096068b43
GF0025-2021-7_9-044,【七—九44】,7-9,句子的类型,复句,0,0,no_annotated_positive,,acd97d81b442afc3a2de42b397a1f488140b1d42c210c43d510630a096068b43
GF0025-2021-7_9-045,【七—九45】,7-9,句子的类型,复句,0,0,no_annotated_positive,,acd97d81b442afc3a2de42b397a1f488140b1d42c210c43d510630a096068b43
GF0025-2021-7_9-046,【七—九46】,7-9,句子的类型,复句,0,0,no_annotated_positive,,acd97d81b442afc3a2de42b397a1f488140b1d42c210c43d510630a096068b43
GF0025-2021-7_9-047,【七—九47】,7-9,句子的类型,复句,0,0,no_annotated_positive,,acd97d81b442afc3a2de42b397a1f488140b1d42c210c43d510630a096068b43
GF0025-2021-7_9-048,【七—九48】,7-9,句子的类型,复句,0,0,no_annotated_positive,,acd97d81b442afc3a2de42b397a1f488140b1d42c210c43d510630a096068b43
GF0025-2021-7_9-049,【七—九49】,7-9,句子的类型,复句,0,0,no_annotated_positive,,acd97d81b442afc3a2de42b397a1f488140b1d42c210c43d510630a096068b43
GF0025-2021-7_9-050,【七—九50】,7-9,句子的类型,复句,0,0,no_annotated_positive,,acd97d81b442afc3a2de42b397a1f488140b1d42c210c43d510630a096068b43
GF0025-2021-7_9-051,【七—九51】,7-9,句子的类型,复句,0,0,no_annotated_positive,,acd97d81b442afc3a2de42b397a1f488140b1d42c210c43d510630a096068b43
GF0025-2021-7_9-052,【七—九52】,7-9,句子的类型,复句,0,0,no_annotated_positive,,acd97d81b442afc3a2de42b397a1f488140b1d42c210c43d510630a096068b43
GF0025-2021-7_9-053,【七—九53】,7-9,句子的类型,复句,0,0,no_annotated_positive,,acd97d81b442afc3a2de42b397a1f488140b1d42c210c43d510630a096068b43
GF0025-2021-7_9-054,【七—九54】,7-9,句子的类型,复句,2,2,annotated_positive_present,192680f0b96af68c44998f4ba3e44214d800a703c263f75279cd24716ad93e6d | dd6966ce6c2f3ae1cb21777e466012b31f2f55dccac92dce571636a232b1b19f,acd97d81b442afc3a2de42b397a1f488140b1d42c210c43d510630a096068b43
GF0025-2021-7_9-055,【七—九55】,7-9,句子的类型,复句,0,0,no_annotated_positive,,acd97d81b442afc3a2de42b397a1f488140b1d42c210c43d510630a096068b43
GF0025-2021-7_9-056,【七—九56】,7-9,句子的类型,复句,0,0,no_annotated_positive,,acd97d81b442afc3a2de42b397a1f488140b1d42c210c43d510630a096068b43
GF0025-2021-7_9-057,【七—九57】,7-9,句子的类型,复句,0,0,no_annotated_positive,,acd97d81b442afc3a2de42b397a1f488140b1d42c210c43d510630a096068b43
GF0025-2021-7_9-058,【七—九58】,7-9,句子的类型,复句,0,0,no_annotated_positive,,acd97d81b442afc3a2de42b397a1f488140b1d42c210c43d510630a096068b43
GF0025-2021-7_9-059,【七—九59】,7-9,句子的类型,复句,0,0,no_annotated_positive,,acd97d81b442afc3a2de42b397a1f488140b1d42c210c43d510630a096068b43
GF0025-2021-7_9-060,【七—九60】,7-9,句子的类型,复句,0,0,no_annotated_positive,,acd97d81b442afc3a2de42b397a1f488140b1d42c210c43d510630a096068b43
GF0025-2021-7_9-061,【七—九61】,7-9,句子的类型,复句,0,0,no_annotated_positive,,acd97d81b442afc3a2de42b397a1f488140b1d42c210c43d510630a096068b43
GF0025-2021-7_9-062,【七—九62】,7-9,句子的类型,复句,0,0,no_annotated_positive,,acd97d81b442afc3a2de42b397a1f488140b1d42c210c43d510630a096068b43
GF0025-2021-7_9-063,【七—九63】,7-9,句子的类型,复句,0,0,no_annotated_positive,,acd97d81b442afc3a2de42b397a1f488140b1d42c210c43d510630a096068b43
GF0025-2021-7_9-064,【七—九64】,7-9,句子的类型,复句,2,2,annotated_positive_present,2abcf8d689d41ea460e726832748c7fac16005c59fa8802b39998a8de653dd45 | 9ecf2dc42e854ac8b03dc800ee7db37070c14d17e7941d03637bac53dd8a9ee4,acd97d81b442afc3a2de42b397a1f488140b1d42c210c43d510630a096068b43
GF0025-2021-7_9-065,【七—九65】,7-9,句子的类型,复句,0,0,no_annotated_positive,,acd97d81b442afc3a2de42b397a1f488140b1d42c210c43d510630a096068b43
GF0025-2021-7_9-066,【七—九66】,7-9,句子的类型,复句,0,0,no_annotated_positive,,acd97d81b442afc3a2de42b397a1f488140b1d42c210c43d510630a096068b43
GF0025-2021-7_9-067,【七—九67】,7-9,句子的类型,复句,0,0,no_annotated_positive,,acd97d81b442afc3a2de42b397a1f488140b1d42c210c43d510630a096068b43
GF0025-2021-7_9-068,【七—九68】,7-9,句子的类型,复句,0,0,no_annotated_positive,,acd97d81b442afc3a2de42b397a1f488140b1d42c210c43d510630a096068b43
GF0025-2021-7_9-069,【七—九69】,7-9,句子的类型,复句,0,0,no_annotated_positive,,acd97d81b442afc3a2de42b397a1f488140b1d42c210c43d510630a096068b43
GF0025-2021-7_9-070,【七—九70】,7-9,句子的类型,复句,0,0,no_annotated_positive,,acd97d81b442afc3a2de42b397a1f488140b1d42c210c43d510630a096068b43
GF0025-2021-7_9-071,【七—九71】,7-9,句子的类型,复句,0,0,no_annotated_positive,,acd97d81b442afc3a2de42b397a1f488140b1d42c210c43d510630a096068b43
GF0025-2021-7_9-072,【七—九72】,7-9,句子的类型,复句,0,0,no_annotated_positive,,acd97d81b442afc3a2de42b397a1f488140b1d42c210c43d510630a096068b43
GF0025-2021-7_9-073,【七—九73】,7-9,句子的类型,复句,0,0,no_annotated_positive,,acd97d81b442afc3a2de42b397a1f488140b1d42c210c43d510630a096068b43
GF0025-2021-7_9-074,【七—九74】,7-9,强调的方法,未细分,0,0,no_annotated_positive,,acd97d81b442afc3a2de42b397a1f488140b1d42c210c43d510630a096068b43
GF0025-2021-7_9-075,【七—九75】,7-9,口语格式,未细分,0,0,no_annotated_positive,,acd97d81b442afc3a2de42b397a1f488140b1d42c210c43d510630a096068b43
GF0025-2021-7_9-076,【七—九76】,7-9,口语格式,未细分,0,0,no_annotated_positive,,acd97d81b442afc3a2de42b397a1f488140b1d42c210c43d510630a096068b43
GF0025-2021-7_9-077,【七—九77】,7-9,口语格式,未细分,0,0,no_annotated_positive,,acd97d81b442afc3a2de42b397a1f488140b1d42c210c43d510630a096068b43
GF0025-2021-7_9-078,【七—九78】,7-9,口语格式,未细分,0,0,no_annotated_positive,,acd97d81b442afc3a2de42b397a1f488140b1d42c210c43d510630a096068b43
GF0025-2021-7_9-079,【七—九79】,7-9,口语格式,未细分,0,0,no_annotated_positive,,acd97d81b442afc3a2de42b397a1f488140b1d42c210c43d510630a096068b43
GF0025-2021-7_9-080,【七—九80】,7-9,口语格式,未细分,0,0,no_annotated_positive,,acd97d81b442afc3a2de42b397a1f488140b1d42c210c43d510630a096068b43
GF0025-2021-7_9-081,【七—九81】,7-9,口语格式,未细分,0,0,no_annotated_positive,,acd97d81b442afc3a2de42b397a1f488140b1d42c210c43d510630a096068b43
GF0025-2021-7_9-082,【七—九82】,7-9,口语格式,未细分,0,0,no_annotated_positive,,acd97d81b442afc3a2de42b397a1f488140b1d42c210c43d510630a096068b43
GF0025-2021-7_9-083,【七—九83】,7-9,口语格式,未细分,0,0,no_annotated_positive,,acd97d81b442afc3a2de42b397a1f488140b1d42c210c43d510630a096068b43
GF0025-2021-7_9-084,【七—九84】,7-9,口语格式,未细分,0,0,no_annotated_positive,,acd97d81b442afc3a2de42b397a1f488140b1d42c210c43d510630a096068b43
GF0025-2021-7_9-085,【七—九85】,7-9,口语格式,未细分,0,0,no_annotated_positive,,acd97d81b442afc3a2de42b397a1f488140b1d42c210c43d510630a096068b43
GF0025-2021-7_9-086,【七—九86】,7-9,口语格式,未细分,0,0,no_annotated_positive,,acd97d81b442afc3a2de42b397a1f488140b1d42c210c43d510630a096068b43
GF0025-2021-7_9-087,【七—九87】,7-9,口语格式,未细分,4,4,annotated_positive_present,1f8df0720ac31b83d5c25ff6b4d23c61f7048c3ea1f9998c002dd1d477e0d3b1 | 5b14e771572b77f86dfc73000c48f2eca448052470647a769fd66d918b112142 | 5c6b7b88a58363d2630d9f6cf626391455ca9464f7cd47999982fabbc85ca757,acd97d81b442afc3a2de42b397a1f488140b1d42c210c43d510630a096068b43
GF0025-2021-7_9-088,【七—九88】,7-9,口语格式,未细分,0,0,no_annotated_positive,,acd97d81b442afc3a2de42b397a1f488140b1d42c210c43d510630a096068b43
GF0025-2021-7_9-089,【七—九89】,7-9,口语格式,未细分,0,0,no_annotated_positive,,acd97d81b442afc3a2de42b397a1f488140b1d42c210c43d510630a096068b43
GF0025-2021-7_9-090,【七—九90】,7-9,句群,形式分类,0,0,no_annotated_positive,,acd97d81b442afc3a2de42b397a1f488140b1d42c210c43d510630a096068b43
GF0025-2021-7_9-091,【七—九91】,7-9,句群,形式分类,0,0,no_annotated_positive,,acd97d81b442afc3a2de42b397a1f488140b1d42c210c43d510630a096068b43
GF0025-2021-7_9-092,【七—九92】,7-9,句群,意义分类,0,0,no_annotated_positive,,acd97d81b442afc3a2de42b397a1f488140b1d42c210c43d510630a096068b43
GF0025-2021-7_9-093,【七—九93】,7-9,句群,意义分类,0,0,no_annotated_positive,,acd97d81b442afc3a2de42b397a1f488140b1d42c210c43d510630a096068b43
GF0025-2021-7_9-094,【七—九94】,7-9,词类,副词,0,0,no_annotated_positive,,acd97d81b442afc3a2de42b397a1f488140b1d42c210c43d510630a096068b43
GF0025-2021-7_9-095,【七—九95】,7-9,词类,副词,0,0,no_annotated_positive,,acd97d81b442afc3a2de42b397a1f488140b1d42c210c43d510630a096068b43
GF0025-2021-7_9-096,【七—九96】,7-9,词类,副词,0,0,no_annotated_positive,,acd97d81b442afc3a2de42b397a1f488140b1d42c210c43d510630a096068b43
GF0025-2021-7_9-097,【七—九97】,7-9,词类,副词,0,0,no_annotated_positive,,acd97d81b442afc3a2de42b397a1f488140b1d42c210c43d510630a096068b43
GF0025-2021-7_9-098,【七—九98】,7-9,词类,副词,0,0,no_annotated_positive,,acd97d81b442afc3a2de42b397a1f488140b1d42c210c43d510630a096068b43
GF0025-2021-7_9-099,【七—九99】,7-9,词类,副词,0,0,no_annotated_positive,,acd97d81b442afc3a2de42b397a1f488140b1d42c210c43d510630a096068b43
GF0025-2021-7_9-100,【七—九100】,7-9,词类,副词,0,0,no_annotated_positive,,acd97d81b442afc3a2de42b397a1f488140b1d42c210c43d510630a096068b43
GF0025-2021-7_9-101,【七—九101】,7-9,句子的类型,复句,0,0,no_annotated_positive,,acd97d81b442afc3a2de42b397a1f488140b1d42c210c43d510630a096068b43
GF0025-2021-7_9-102,【七—九102】,7-9,句子的类型,复句,0,0,no_annotated_positive,,acd97d81b442afc3a2de42b397a1f488140b1d42c210c43d510630a096068b43
GF0025-2021-7_9-103,【七—九103】,7-9,词类,副词,0,0,no_annotated_positive,,acd97d81b442afc3a2de42b397a1f488140b1d42c210c43d510630a096068b43
GF0025-2021-7_9-104,【七—九104】,7-9,词类,副词,0,0,no_annotated_positive,,acd97d81b442afc3a2de42b397a1f488140b1d42c210c43d510630a096068b43
GF0025-2021-7_9-105,【七—九105】,7-9,词类,副词,0,0,no_annotated_positive,,acd97d81b442afc3a2de42b397a1f488140b1d42c210c43d510630a096068b43
GF0025-2021-7_9-106,【七—九106】,7-9,词类,副词,0,0,no_annotated_positive,,acd97d81b442afc3a2de42b397a1f488140b1d42c210c43d510630a096068b43
GF0025-2021-7_9-107,【七—九107】,7-9,词类,副词,0,0,no_annotated_positive,,acd97d81b442afc3a2de42b397a1f488140b1d42c210c43d510630a096068b43
GF0025-2021-7_9-108,【七—九108】,7-9,词类,副词,0,0,no_annotated_positive,,acd97d81b442afc3a2de42b397a1f488140b1d42c210c43d510630a096068b43
GF0025-2021-7_9-109,【七—九109】,7-9,词类,副词,0,0,no_annotated_positive,,acd97d81b442afc3a2de42b397a1f488140b1d42c210c43d510630a096068b43
GF0025-2021-7_9-110,【七—九110】,7-9,词类,副词,0,0,no_annotated_positive,,acd97d81b442afc3a2de42b397a1f488140b1d42c210c43d510630a096068b43
GF0025-2021-7_9-111,【七—九111】,7-9,词类,副词,0,0,no_annotated_positive,,acd97d81b442afc3a2de42b397a1f488140b1d42c210c43d510630a096068b43
GF0025-2021-7_9-112,【七—九112】,7-9,词类,副词,0,0,no_annotated_positive,,acd97d81b442afc3a2de42b397a1f488140b1d42c210c43d510630a096068b43
GF0025-2021-7_9-113,【七—九113】,7-9,词类,副词,0,0,no_annotated_positive,,acd97d81b442afc3a2de42b397a1f488140b1d42c210c43d510630a096068b43
GF0025-2021-7_9-114,【七—九114】,7-9,短语,固定短语,0,0,no_annotated_positive,,acd97d81b442afc3a2de42b397a1f488140b1d42c210c43d510630a096068b43
GF0025-2021-7_9-115,【七—九115】,7-9,短语,固定短语,0,0,no_annotated_positive,,acd97d81b442afc3a2de42b397a1f488140b1d42c210c43d510630a096068b43
GF0025-2021-7_9-116,【七—九116】,7-9,短语,固定短语,0,0,no_annotated_positive,,acd97d81b442afc3a2de42b397a1f488140b1d42c210c43d510630a096068b43
GF0025-2021-7_9-117,【七—九117】,7-9,短语,固定短语,0,0,no_annotated_positive,,acd97d81b442afc3a2de42b397a1f488140b1d42c210c43d510630a096068b43
GF0025-2021-7_9-118,【七—九118】,7-9,词类,副词,0,0,no_annotated_positive,,acd97d81b442afc3a2de42b397a1f488140b1d42c210c43d510630a096068b43
GF0025-2021-7_9-119,【七—九119】,7-9,词类,副词,0,0,no_annotated_positive,,acd97d81b442afc3a2de42b397a1f488140b1d42c210c43d510630a096068b43
GF0025-2021-7_9-120,【七—九120】,7-9,词类,副词,0,0,no_annotated_positive,,acd97d81b442afc3a2de42b397a1f488140b1d42c210c43d510630a096068b43
GF0025-2021-7_9-121,【七—九121】,7-9,词类,副词,0,0,no_annotated_positive,,acd97d81b442afc3a2de42b397a1f488140b1d42c210c43d510630a096068b43
GF0025-2021-7_9-122,【七—九122】,7-9,词类,副词,0,0,no_annotated_positive,,acd97d81b442afc3a2de42b397a1f488140b1d42c210c43d510630a096068b43
GF0025-2021-7_9-123,【七—九123】,7-9,词类,副词,0,0,no_annotated_positive,,acd97d81b442afc3a2de42b397a1f488140b1d42c210c43d510630a096068b43
GF0025-2021-7_9-124,【七—九124】,7-9,词类,副词,0,0,no_annotated_positive,,acd97d81b442afc3a2de42b397a1f488140b1d42c210c43d510630a096068b43
GF0025-2021-7_9-125,【七—九125】,7-9,词类,副词,0,0,no_annotated_positive,,acd97d81b442afc3a2de42b397a1f488140b1d42c210c43d510630a096068b43
GF0025-2021-7_9-126,【七—九126】,7-9,词类,副词,0,0,no_annotated_positive,,acd97d81b442afc3a2de42b397a1f488140b1d42c210c43d510630a096068b43
GF0025-2021-7_9-127,【七—九127】,7-9,词类,介词,0,0,no_annotated_positive,,acd97d81b442afc3a2de42b397a1f488140b1d42c210c43d510630a096068b43
GF0025-2021-7_9-128,【七—九128】,7-9,词类,介词,0,0,no_annotated_positive,,acd97d81b442afc3a2de42b397a1f488140b1d42c210c43d510630a096068b43
GF0025-2021-7_9-129,【七—九129】,7-9,词类,介词,0,0,no_annotated_positive,,acd97d81b442afc3a2de42b397a1f488140b1d42c210c43d510630a096068b43
GF0025-2021-7_9-130,【七—九130】,7-9,词类,介词,0,0,no_annotated_positive,,acd97d81b442afc3a2de42b397a1f488140b1d42c210c43d510630a096068b43
GF0025-2021-7_9-131,【七—九131】,7-9,词类,介词,0,0,no_annotated_positive,,acd97d81b442afc3a2de42b397a1f488140b1d42c210c43d510630a096068b43
GF0025-2021-7_9-132,【七—九132】,7-9,词类,副词,0,0,no_annotated_positive,,acd97d81b442afc3a2de42b397a1f488140b1d42c210c43d510630a096068b43
GF0025-2021-7_9-133,【七—九133】,7-9,词类,副词,0,0,no_annotated_positive,,acd97d81b442afc3a2de42b397a1f488140b1d42c210c43d510630a096068b43
GF0025-2021-7_9-134,【七—九134】,7-9,词类,副词,0,0,no_annotated_positive,,acd97d81b442afc3a2de42b397a1f488140b1d42c210c43d510630a096068b43
GF0025-2021-7_9-135,【七—九135】,7-9,词类,副词,0,0,no_annotated_positive,,acd97d81b442afc3a2de42b397a1f488140b1d42c210c43d510630a096068b43
GF0025-2021-7_9-136,【七—九136】,7-9,词类,副词,0,0,no_annotated_positive,,acd97d81b442afc3a2de42b397a1f488140b1d42c210c43d510630a096068b43
GF0025-2021-7_9-137,【七—九137】,7-9,词类,副词,0,0,no_annotated_positive,,acd97d81b442afc3a2de42b397a1f488140b1d42c210c43d510630a096068b43
GF0025-2021-7_9-138,【七—九138】,7-9,词类,副词,0,0,no_annotated_positive,,acd97d81b442afc3a2de42b397a1f488140b1d42c210c43d510630a096068b43
GF0025-2021-7_9-139,【七—九139】,7-9,词类,副词,0,0,no_annotated_positive,,acd97d81b442afc3a2de42b397a1f488140b1d42c210c43d510630a096068b43
GF0025-2021-7_9-140,【七—九140】,7-9,词类,副词,0,0,no_annotated_positive,,acd97d81b442afc3a2de42b397a1f488140b1d42c210c43d510630a096068b43
GF0025-2021-7_9-141,【七—九141】,7-9,词类,副词,0,0,no_annotated_positive,,acd97d81b442afc3a2de42b397a1f488140b1d42c210c43d510630a096068b43
GF0025-2021-7_9-142,【七—九142】,7-9,词类,副词,0,0,no_annotated_positive,,acd97d81b442afc3a2de42b397a1f488140b1d42c210c43d510630a096068b43
GF0025-2021-7_9-143,【七—九143】,7-9,词类,副词,0,0,no_annotated_positive,,acd97d81b442afc3a2de42b397a1f488140b1d42c210c43d510630a096068b43
GF0025-2021-7_9-144,【七—九144】,7-9,词类,副词,0,0,no_annotated_positive,,acd97d81b442afc3a2de42b397a1f488140b1d42c210c43d510630a096068b43
GF0025-2021-7_9-145,【七—九145】,7-9,词类,副词,0,0,no_annotated_positive,,acd97d81b442afc3a2de42b397a1f488140b1d42c210c43d510630a096068b43
GF0025-2021-7_9-146,【七—九146】,7-9,词类,副词,0,0,no_annotated_positive,,acd97d81b442afc3a2de42b397a1f488140b1d42c210c43d510630a096068b43
GF0025-2021-7_9-147,【七—九147】,7-9,词类,助词,0,0,no_annotated_positive,,acd97d81b442afc3a2de42b397a1f488140b1d42c210c43d510630a096068b43
GF0025-2021-7_9-148,【七—九148】,7-9,词类,助词,0,0,no_annotated_positive,,acd97d81b442afc3a2de42b397a1f488140b1d42c210c43d510630a096068b43
