standard_point_id,handbook_source_id,primary_page,candidate_pages,matched_source_derived_keywords,alignment_score,score_margin,alignment_method,alignment_status,confidence,page_text_sha256
GF0025-2021-1-001,SRC-GRAMMAR-HANDBOOK-ELEM-2022,20,20;19;21,上边 | 下边 | 东边 | 前边 | 北边 | 南边 | 右边 | 后边,142.900,32.700,printed_id_plus_lexical,aligned,high,2fe9e04764dc5366e1a291e583260c32735efa58f759c4e7ea7fb1f7c5aac713
GF0025-2021-1-002,SRC-GRAMMAR-HANDBOOK-ELEM-2022,22,22;23,会 | 能 | 能愿动词 | 动词,94.300,0.000,printed_id_plus_lexical,aligned,high,56c9a9a53541566d93e626ed5ddb92d81d634ff10bb7e2c31a3cc01fea11b143
GF0025-2021-1-003,SRC-GRAMMAR-HANDBOOK-ELEM-2022,24,24;25;116;313,想 | 要 | 能愿动词 | 动词,94.300,0.000,printed_id_plus_lexical,aligned,high,2ec93483724fe73e5935e416c4f7f90ae27cae9d86b0e8e201512f1a37fd335e
GF0025-2021-1-004,SRC-GRAMMAR-HANDBOOK-ELEM-2022,32,32;31;33;110;27;28;34;35,哪些 | 哪儿 | 哪 | 多 | 疑问代词 | 代词,130.500,1.000,printed_id_plus_lexical,aligned,high,26b8cee3ead097b664d0cb9b69da3146c68c5dac8e5a1fa5fb36e62bbfc7f2ba
GF0025-2021-1-005,SRC-GRAMMAR-HANDBOOK-ELEM-2022,37,37;36;38;74,他们 | 你们 | 她们 | 我们 | 他 | 你 | 她 | 您,142.900,40.600,printed_id_plus_lexical,aligned,high,4cd4523ab1241a50a511a1a062a2d9232a7d7bfef8b660028dfd38e9bbc0bab4
GF0025-2021-1-006,SRC-GRAMMAR-HANDBOOK-ELEM-2022,42,42;44;39;43;40;41;171,这些 | 这儿 | 这里 | 那些 | 那儿 | 那里 | 这 | 那,141.400,6.900,printed_id_plus_lexical,aligned,high,2adf8c0ca5f497fc1ad33b207ed0d62e22e1ac99b8f402ab9b2e5c12321a8049
GF0025-2021-1-007,SRC-GRAMMAR-HANDBOOK-ELEM-2022,399,399,一 | 七 | 三 | 两 | 九 | 二 | 五 | 八,109.300,90.600,handbook_heading_lexical,aligned,high,4d71571ba133758394f23acfcd6586560b0f569ec574e0c3d5d53346f44a5d02
GF0025-2021-1-008,SRC-GRAMMAR-HANDBOOK-ELEM-2022,400,400,杯、本、个、家、间、口、块、页 | 个 | 口 | 块 | 家 | 本 | 杯 | 间,110.700,65.800,handbook_heading_lexical,aligned,high,7b1003294ca4faa1d63600996e55c57440c0f1219fc08d43b00248294cb62b9b
GF0025-2021-1-009,SRC-GRAMMAR-HANDBOOK-ELEM-2022,49,49;46;47;50;45;84;96;132,非常 | 太 | 很 | 真 | 程度副词 | 副词,126.500,1.000,printed_id_plus_lexical,aligned,high,cd1716c3d09ead042944a8824630a7c0c10ffea28bec41a5220ef842e07c6c81
GF0025-2021-1-010,SRC-GRAMMAR-HANDBOOK-ELEM-2022,53,53;51;52,一块儿 | 一起 | 范围、协同副词 | 副词 | 都,135.850,47.250,printed_id_plus_lexical,aligned,high,a04264dc59a6a2e0d1c5867db2d9e00505033ee8e927c28059e1a42cd7059afc
GF0025-2021-1-011,SRC-GRAMMAR-HANDBOOK-ELEM-2022,55,55;56;57;54,马上 | 先 | 在 | 时间副词 | 副词,125.500,0.000,printed_id_plus_lexical,aligned,high,6d18aa757763c5c5feac1dab1129253a068fc8b6c996898071d3575af58ca23b
GF0025-2021-1-012,SRC-GRAMMAR-HANDBOOK-ELEM-2022,59,59;58,再1 | 常常 | 常 | 频率、重复副词 | 副词 | 再,133.200,7.500,printed_id_plus_lexical,aligned,high,6a629e5f3aa73fac3dde79cb2dcef323429dc4cf0904eca3d17f9b154ba087a4
GF0025-2021-1-013,SRC-GRAMMAR-HANDBOOK-ELEM-2022,61,61;60,还1 | 也 | 关联副词 | 副词,124.500,41.200,printed_id_plus_lexical,aligned,high,01e82401975fcd1e73f86b07760ef45d948e5a294cf497f2ed2f92da5e611996
GF0025-2021-1-014,SRC-GRAMMAR-HANDBOOK-ELEM-2022,64,64;62;358,没有 | 不 | 没 | 否定副词 | 副词,125.500,25.200,printed_id_plus_lexical,aligned,high,76094a186318145b347ec0c038d06428f7a9d2991097eb3a32c303360ce041c5
GF0025-2021-1-015,SRC-GRAMMAR-HANDBOOK-ELEM-2022,66,66,从1 | 引出时间、处所 | 介词 | 从,145.600,72.600,printed_id_plus_lexical,aligned,high,5778c1d20b4cb7bad6fc207f0ed1bd49ffb7900e1571ccd859a7886474041aa1
GF0025-2021-1-016,SRC-GRAMMAR-HANDBOOK-ELEM-2022,67,67,在 | 引出时间、处所 | 介词,117.800,48.000,printed_id_plus_lexical,aligned,high,ef4fb41bf12b8857228c14095a69cf5cf42fe44de34cf791fe3e234c935d848e
GF0025-2021-1-017,SRC-GRAMMAR-HANDBOOK-ELEM-2022,69,69;68,跟1、和1 | 跟1 | 1 | 引出对象 | 介词 | 跟和,107.800,10.400,handbook_heading_lexical,aligned,high,3b66ac27942cc13f4e2d1aa1048ffc2d471451ea68d3375b72bdf81f2264c567
GF0025-2021-1-018,SRC-GRAMMAR-HANDBOOK-ELEM-2022,69,69,比 | 引出对象 | 介词,115.000,79.700,printed_id_plus_lexical,aligned,high,3b66ac27942cc13f4e2d1aa1048ffc2d471451ea68d3375b72bdf81f2264c567
GF0025-2021-1-019,SRC-GRAMMAR-HANDBOOK-ELEM-2022,71,71;70,跟2 | 还是 | 2 | 连词 | 和 | 跟,113.600,5.000,printed_id_plus_lexical,aligned,high,50bcb3438d3632fa0bf92b88115c21afbbbc55965b38e6870af8d5d0b06450eb
GF0025-2021-1-020,SRC-GRAMMAR-HANDBOOK-ELEM-2022,74,74;72;73,地 | 结构助词 | 助词,93.300,10.000,printed_id_plus_lexical,aligned,high,55e90908c5999323012d92ff72f7600eb8f878c9580b7ed29773b9cb6576d1f9
GF0025-2021-1-021,SRC-GRAMMAR-HANDBOOK-ELEM-2022,75,75;202;259;280,了1 | 动态助词 | 助词 | 了,144.400,48.000,printed_id_plus_lexical,aligned,high,eb055ba79eea01cbd643bead272d9f4355719ec4615cdb1fc26473968222f408
GF0025-2021-1-022,SRC-GRAMMAR-HANDBOOK-ELEM-2022,77,77;76;79,了2 | 吧1 | 语气助词 | 助词,128.500,5.000,printed_id_plus_lexical,aligned,high,ae700633a170254f05df8aab988ee898c403d34e4d1737054f72994ff68469da
GF0025-2021-1-023,SRC-GRAMMAR-HANDBOOK-ELEM-2022,403,403;80;102;160;206;274;275;387,数量短语 | 个 | 包 | 本 | 结构类型,63.800,2.400,handbook_heading_lexical,aligned,high,ae78ccf474b6ed915043db8f87ca0012ee362e864b0e7ef755b39f522fba5bb5
GF0025-2021-1-024,SRC-GRAMMAR-HANDBOOK-ELEM-2022,406,406,名词、代词或名词性短语作主语 | 代词或名词性短语作主语 | 名词 | 主语,113.900,57.800,handbook_heading_lexical,aligned,high,3aa1e91822363080bc240b27cd14de0633679eaafc5a706bf826c418cad1dea6
GF0025-2021-1-025,SRC-GRAMMAR-HANDBOOK-ELEM-2022,407,407,形容词或形容词性短语作谓语 | 动词或动词性短语 | 谓语,128.000,61.200,handbook_heading_lexical,aligned,high,3341b67e4893286d037a5876c60f55359c8c5411e8a51da40df7d8c4a4aa03c3
GF0025-2021-1-026,SRC-GRAMMAR-HANDBOOK-ELEM-2022,407,407,名词、代词或名词性短语作宾语 | 代词或名词性短语作宾语 | 名词 | 宾语,113.900,57.800,handbook_heading_lexical,aligned,high,3341b67e4893286d037a5876c60f55359c8c5411e8a51da40df7d8c4a4aa03c3
GF0025-2021-1-027,SRC-GRAMMAR-HANDBOOK-ELEM-2022,80,80,名词性词语、形容词性词语、数量短语作定语 | 数量短语作定语 | 形容词性词语 | 名词性词语 | 定语,171.200,102.050,printed_id_plus_lexical,aligned,high,d4df27d1b946563da738d5adeb22feaa7bc399fba74c3e55e0f38cd69587707f
GF0025-2021-1-028,SRC-GRAMMAR-HANDBOOK-ELEM-2022,81,81,处所的词语作状语 | 形容词作状语 | 表示时间 | 副词 | 状语,171.800,109.700,printed_id_plus_lexical,aligned,high,c2b7c517e7417c7c9f7bf7a99fe06ef38ba82919faf243cf9a6ba84a3edad301
GF0025-2021-1-029,SRC-GRAMMAR-HANDBOOK-ELEM-2022,82,82,主谓句1:动词谓语句 | 主谓句1 | 动词谓语句 | 单句,175.850,144.000,printed_id_plus_lexical,aligned,high,d52d03084946dc63e617ff80134a9c33a05e3d87ba1e2acbfae162b054616e07
GF0025-2021-1-030,SRC-GRAMMAR-HANDBOOK-ELEM-2022,83,83,主谓句2:形容词谓语句 | 主谓句2 | 形容词谓语句,164.900,88.800,printed_id_plus_lexical,aligned,high,d89f6fc32d53bb1531df16ea177c540f57e58fe1121f1c5ecbedade997eb83cf
GF0025-2021-1-031,SRC-GRAMMAR-HANDBOOK-ELEM-2022,85,85,非主谓句,121.600,114.600,printed_id_plus_lexical,aligned,high,078da0026690c9dddd9f97e866e75430b8ed7a6e2b317e11f2d181e14cdfeafa
GF0025-2021-1-032,SRC-GRAMMAR-HANDBOOK-ELEM-2022,86,86,陈述句,119.700,48.000,printed_id_plus_lexical,aligned,high,78c9f0586f387d724ebb39664db6f4dd534d190dd026c35da91c74a9fee99dbb
GF0025-2021-1-033,SRC-GRAMMAR-HANDBOOK-ELEM-2022,87,87;78;111;52;86;305;80;109,是非问句 | 是 | 疑问句 | 什么 | 还是 | 吗,84.900,2.600,handbook_heading_lexical,aligned,high,8386bcc8f6b9919b25832591e97fc4211845640aacdf034ad1310d7e966634b8
GF0025-2021-1-034,SRC-GRAMMAR-HANDBOOK-ELEM-2022,87,87,祈使句,119.700,48.000,printed_id_plus_lexical,aligned,high,8386bcc8f6b9919b25832591e97fc4211845640aacdf034ad1310d7e966634b8
GF0025-2021-1-035,SRC-GRAMMAR-HANDBOOK-ELEM-2022,89,89,感叹句,119.700,48.000,printed_id_plus_lexical,aligned,high,7192099a4f6813fe9f9613d1339b2cd5bffd10659eab759cd4c60157fed0019e
GF0025-2021-1-036,SRC-GRAMMAR-HANDBOOK-ELEM-2022,90,90;91;92,表示等同或类属 | “是”字句,131.250,0.000,printed_id_plus_lexical,aligned,high,f7f519e03cf88b64c6e5164cf7bae826dee0e2b41c60cd4f358e4e5cfa9e6f4d
GF0025-2021-1-037,SRC-GRAMMAR-HANDBOOK-ELEM-2022,93,93;94;206,“有”字句1 | 表示领有 | 字句1 | 有 | “有”字句,143.800,0.000,printed_id_plus_lexical,aligned,high,0f2ecb5ff9a92e6ed486623444f68d1520521ca4f01662f425dc3dbcd891a8ba
GF0025-2021-1-038,SRC-GRAMMAR-HANDBOOK-ELEM-2022,95,95;96,比较句1 | 比较句,136.600,0.000,printed_id_plus_lexical,aligned,high,0b76447ecddc0bfb5bf41cc725f35e6afcb62a4009c0e31def732837199e9c18
GF0025-2021-1-039,SRC-GRAMMAR-HANDBOOK-ELEM-2022,98,98;99;97,一边 | 也 | 并列复句 | 复句,124.500,0.000,printed_id_plus_lexical,aligned,high,ab4ab10f359645421893478ae95291d9730178eac43a02ddb37bdb07f1f8a69c
GF0025-2021-1-040,SRC-GRAMMAR-HANDBOOK-ELEM-2022,100,100,用语气助词“了2”表示 | 用语气助词 | 了2 | 表示 | 变化态 | 了,172.150,99.900,printed_id_plus_lexical,aligned,high,3cd205f243d814e3ec4edb70174aae670bd1cd108e17e8562f287c271f930695
GF0025-2021-1-041,SRC-GRAMMAR-HANDBOOK-ELEM-2022,101,101;202,用动态助词 | 表示 | 完成态 | 了,134.050,61.800,printed_id_plus_lexical,aligned,high,705ed0bec3c746e2ae1564cc436108b818e5830f5d60c21f1f8b7dc1a287fa5b
GF0025-2021-1-042,SRC-GRAMMAR-HANDBOOK-ELEM-2022,102,102;103;105,在 | 正 | 进行态,88.200,0.000,printed_id_plus_lexical,aligned,high,1e3123713c1f6ce6e62ba9b6f8db0c65cf574fe016800ecb2c7bdd31de4d3197
GF0025-2021-1-043,SRC-GRAMMAR-HANDBOOK-ELEM-2022,106,106,钱数表示法,75.500,73.500,handbook_heading_lexical,aligned,high,7a2803e8f0121bf9baca07b409ff7fc4dcfdeaa6aacffa7c24a71401768933c5
GF0025-2021-1-044,SRC-GRAMMAR-HANDBOOK-ELEM-2022,107,107,星期表示法 钟点表示法 | 年 | 日 | 月 | 时间表示法 | 星期 | 分 | 十,82.350,64.650,printed_id_plus_lexical,aligned,high,0b28c86b615cc5ce8508e0cfc07211a72569cfb15f1ef6139ae22024f0240f61
GF0025-2021-1-045,SRC-GRAMMAR-HANDBOOK-ELEM-2022,109,109;87,用“吗”提问 | 提问 | 吗 | 用,128.600,48.000,printed_id_plus_lexical,aligned,high,8260176622b785b155c816addce28bdc83afdcf4cd656ce1b7f1317b8b229231
GF0025-2021-1-046,SRC-GRAMMAR-HANDBOOK-ELEM-2022,87,87;110,什么 | 哪些 | 哪儿 | 哪里 | 多少 | 怎么 | 提问 | 几,167.000,0.000,printed_id_plus_lexical,aligned,high,8386bcc8f6b9919b25832591e97fc4211845640aacdf034ad1310d7e966634b8
GF0025-2021-1-047,SRC-GRAMMAR-HANDBOOK-ELEM-2022,111,111;72,用“还是”提问 | 提问 | 还是 | 用,134.500,48.000,printed_id_plus_lexical,aligned,high,65eabeb8be4c13fddc48e9ec6455974b0dfdac0957e46d2dff206b9fc46c34ee
GF0025-2021-1-048,SRC-GRAMMAR-HANDBOOK-ELEM-2022,111,111,用正反疑问形式提问 | 没有 | 一 | 不,132.300,53.000,printed_id_plus_lexical,aligned,high,65eabeb8be4c13fddc48e9ec6455974b0dfdac0957e46d2dff206b9fc46c34ee
GF0025-2021-2-001,SRC-GRAMMAR-HANDBOOK-ELEM-2022,114,114;115;116,可以 | 可能 | 能愿动词 | 动词,128.500,0.000,printed_id_plus_lexical,aligned,high,086b8c53edc2c7b73e227ac47780ccd3143f083c6ff2164450da11a4c88709f4
GF0025-2021-2-002,SRC-GRAMMAR-HANDBOOK-ELEM-2022,116,116;117,该、应该 | 应该 | 该 | 能愿动词 | 动词,149.800,48.000,printed_id_plus_lexical,aligned,high,ef363d18761e9a2ffffc61b304f0b1bf79448eaa2eac87dbb2fcf76bec128890
GF0025-2021-2-003,SRC-GRAMMAR-HANDBOOK-ELEM-2022,117,117;118;324;325,愿意 | 能愿动词 | 动词,141.900,48.000,printed_id_plus_lexical,aligned,high,c691b191b70d556600f9eb501bd2582e6398f6c5126c993744552d9307865a81
GF0025-2021-2-004,SRC-GRAMMAR-HANDBOOK-ELEM-2022,119,119,动词重叠:AA、A一A、A了A、ABAB | 动词重叠 | ABAB | A一A | A了A | AA | 动词 | 一,182.700,112.100,printed_id_plus_lexical,aligned,high,36d610f0cd4f0d6de3effa1dc01a61866204a48484a168e41dce0efc3a775598
GF0025-2021-2-005,SRC-GRAMMAR-HANDBOOK-ELEM-2022,121,121;124;123;120;36;125,为什么 | 多久 | 疑问代词 | 代词,132.150,0.000,printed_id_plus_lexical,aligned,high,8b142051400c8dce30d4124d4a414e90f0d87fd4cb509e6cccc820943846e0f9
GF0025-2021-2-006,SRC-GRAMMAR-HANDBOOK-ELEM-2022,127,127;128;129;126;125,咱们 | 大家 | 它们 | 咱 | 它 | 人称代词 | 代词,135.500,0.000,printed_id_plus_lexical,aligned,high,2f7ff9bb90d70811d4333550049a388f2a553818d86c6f0b1496c9852e2e53b3
GF0025-2021-2-007,SRC-GRAMMAR-HANDBOOK-ELEM-2022,132,132;131,这么 | 这样 | 那么 | 那样 | 指示代词 | 代词,138.500,10.000,printed_id_plus_lexical,aligned,high,8cc05bbc7a632c3151fb163b609873523245a8b2fd5211d5149362fa8ad6d91f
GF0025-2021-2-008,SRC-GRAMMAR-HANDBOOK-ELEM-2022,134,134,AA、AABB | AABB | AA | 形容词重叠 | 形容词 | 一,166.550,107.600,printed_id_plus_lexical,aligned,high,c2e18748eb0d5e972e1e32d4abe84dbc18719b408c505344beb298b4624a03d5
GF0025-2021-2-009,SRC-GRAMMAR-HANDBOOK-ELEM-2022,399,399,千、万、亿 | 万 | 亿 | 千 | 数词,125.400,48.000,printed_id_plus_lexical,aligned,high,4d71571ba133758394f23acfcd6586560b0f569ec574e0c3d5d53346f44a5d02
GF0025-2021-2-010,SRC-GRAMMAR-HANDBOOK-ELEM-2022,401,401,层、封、件、条、位 | 件 | 位 | 封 | 层 | 条,78.500,35.600,printed_id_plus_lexical,aligned,high,2fd3709a1c61dbe89f07c9dc96cc4d20ddc61cd2d537e92bab5a01b070b0044b
GF0025-2021-2-011,SRC-GRAMMAR-HANDBOOK-ELEM-2022,402,402,遍、次、场、回、下 | 下 | 回 | 场 | 次 | 遍 | 动量词 | 量词,119.400,76.500,printed_id_plus_lexical,aligned,high,fca5ddf0cf84b3fd05d0d07155d33796d685c7b8d9fd1ece326566222ea01f0e
GF0025-2021-2-012,SRC-GRAMMAR-HANDBOOK-ELEM-2022,402,402,分钟、年、天、周 | 分钟 | 周 | 天 | 年 | 时量词 | 量词,153.000,76.100,printed_id_plus_lexical,aligned,high,fca5ddf0cf84b3fd05d0d07155d33796d685c7b8d9fd1ece326566222ea01f0e
GF0025-2021-2-013,SRC-GRAMMAR-HANDBOOK-ELEM-2022,142,142;140;139;135;141;137;138;136,点儿 | 一 | 多 | 好 | 挺 | 有 | 程度副词 | 副词,132.600,2.100,printed_id_plus_lexical,aligned,high,ff5c50d4d0f16da48a33fe36c1bb3b024d85bb561ccb6538ba9d7383e9e7215a
GF0025-2021-2-014,SRC-GRAMMAR-HANDBOOK-ELEM-2022,145,145;144,一共 | 全 | 范围、协同副词 | 副词,125.700,29.600,printed_id_plus_lexical,aligned,high,a8ea7efc11b92658758f46243edce465d45d5670c12ba5aa75f699b3f7e86d1c
GF0025-2021-2-015,SRC-GRAMMAR-HANDBOOK-ELEM-2022,148,148;149;150;151;147,刚刚 | 还2 | 刚 | 时间副词 | 副词 | 还,132.000,1.000,printed_id_plus_lexical,aligned,high,e4967ec0d624db4d54182b3392bdf5b612a07c99b2251dce284ebe54dd8ed44f
GF0025-2021-2-016,SRC-GRAMMAR-HANDBOOK-ELEM-2022,154,154;155;153,经常 | 老是 | 老 | 频率、重复副词 | 副词,130.700,4.000,printed_id_plus_lexical,aligned,high,e84d5c51154ab5d135e6a9c0351f469f5fae94481988fad1038d7c04037f0392
GF0025-2021-2-017,SRC-GRAMMAR-HANDBOOK-ELEM-2022,156,156,关联副词 | 副词 | 就,85.800,50.500,printed_id_plus_lexical,aligned,high,c3c54f5562ecf08dc47ca66e800098a85daf2d66628919145908de710086b81f
GF0025-2021-2-018,SRC-GRAMMAR-HANDBOOK-ELEM-2022,157,157,故意 | 方式副词 | 副词,141.900,67.400,printed_id_plus_lexical,aligned,high,daa7880d4eb8592f10222935cca354b5e62f42ca86c108823045e921a4a5292d
GF0025-2021-2-019,SRC-GRAMMAR-HANDBOOK-ELEM-2022,161,161;160;158;163,差不多 | 好像 | 情态副词 | 副词,132.150,5.000,printed_id_plus_lexical,aligned,high,65ea9746471fd068f43973848d110f9e089a741796217f18e92758ec72e5b3be
GF0025-2021-2-020,SRC-GRAMMAR-HANDBOOK-ELEM-2022,165,165;166;167;164,才1 | 都2 | 语气副词 | 副词 | 就 | 才 | 都,133.000,0.000,printed_id_plus_lexical,aligned,high,7f6f6affa7a584bbb63ac759016defec14b14beda31e76cbc17c28795a45d230
GF0025-2021-2-021,SRC-GRAMMAR-HANDBOOK-ELEM-2022,169,169,当 | 介词,112.200,74.100,printed_id_plus_lexical,aligned,high,40a7f6481c4fc72ffb9b6f781dc457e60003f70a1a470a58e8a85d7a7416f94f
GF0025-2021-2-022,SRC-GRAMMAR-HANDBOOK-ELEM-2022,170,170,往 | 引出方向、路径 | 介词,117.800,48.000,printed_id_plus_lexical,aligned,high,e52a618c5324c4bec7319500e5a2469a54c96e4105c1adcdbb5f912cb6265ee9
GF0025-2021-2-023,SRC-GRAMMAR-HANDBOOK-ELEM-2022,171,171,向1 | 引出方向、路径 | 介词 | 向,145.600,72.600,printed_id_plus_lexical,aligned,high,74bb2195efedcc7d956893a7b83699354acd9e85c02a6a9ea0a1c53646b779c7
GF0025-2021-2-024,SRC-GRAMMAR-HANDBOOK-ELEM-2022,172,172,从2 | 引出方向、路径 | 介词 | 从,145.600,68.600,printed_id_plus_lexical,aligned,high,fa34480bfa1e9ddb590b62c4abb13e3f8dc7cf60e76a25e3be7d8eb248172e5a
GF0025-2021-2-025,SRC-GRAMMAR-HANDBOOK-ELEM-2022,173,173,对 | 引出对象 | 介词,115.000,48.000,printed_id_plus_lexical,aligned,high,d584bbe0be7d4769e9cf196355b101f8eb44c08d896d809795dbed3e4b28a30b
GF0025-2021-2-026,SRC-GRAMMAR-HANDBOOK-ELEM-2022,174,174,给 | 引出对象 | 介词,115.000,48.000,printed_id_plus_lexical,aligned,high,b4364ad77f9fccd58e0835c76cee0ddb6d11106e163bfe45806b434e5019510c
GF0025-2021-2-027,SRC-GRAMMAR-HANDBOOK-ELEM-2022,175,175,离 | 引出对象 | 介词,115.000,79.700,printed_id_plus_lexical,aligned,high,789a412490de9ca285eba3fd64bf4f9c40bae27dedd434ea0e6772cea5ab4a2b
GF0025-2021-2-028,SRC-GRAMMAR-HANDBOOK-ELEM-2022,176,176;177,引出目的、原因 | 介词 | 为,88.600,16.300,printed_id_plus_lexical,aligned,high,22698911c58d0c107791b1e69a0e0d302fa28d486139a73e826d8d35d6ab2924
GF0025-2021-2-029,SRC-GRAMMAR-HANDBOOK-ELEM-2022,177,177,或、或者 | 者 | 连词 | 或者 | 或,130.500,93.600,printed_id_plus_lexical,aligned,high,0d30f4159bc2bb0358f33e5f8e0ef7acfef37f82e597ff4f22960b7cb99b9631
GF0025-2021-2-030,SRC-GRAMMAR-HANDBOOK-ELEM-2022,179,179;178;230;298,但是 | 但 | 那 | 连接分句或句子 | 连词,127.300,1.000,printed_id_plus_lexical,aligned,high,b729d42a5e37228a70445bae9484c3b4a8367af87b51324c877a690880b639ba
GF0025-2021-2-031,SRC-GRAMMAR-HANDBOOK-ELEM-2022,180,180,得 | 结构助词 | 助词,115.000,48.000,printed_id_plus_lexical,aligned,high,86d489ee68fe4c87fb2be30d2e40b7c819861d98e465832b2a0bc8b3f7c33c29
GF0025-2021-2-032,SRC-GRAMMAR-HANDBOOK-ELEM-2022,181,181;152,过 | 动态助词 | 助词,115.000,31.400,printed_id_plus_lexical,aligned,high,e745cf42b58bf26e29231018511f0ef96e68f2af6c6eaa698f9f2c28de5f6dcf
GF0025-2021-2-033,SRC-GRAMMAR-HANDBOOK-ELEM-2022,182,182,着 | 助词,112.200,48.000,printed_id_plus_lexical,aligned,high,60013eabfafefa21e240f7af704b0f1010296d2a8aebe67a56b2874e2177e6b3
GF0025-2021-2-034,SRC-GRAMMAR-HANDBOOK-ELEM-2022,185,185;184;183;136,吧2 | 的2 | 语气助词 | 助词 | 吧 | 的,132.000,4.000,printed_id_plus_lexical,aligned,high,54f4e00d8efbd592b7eb7d7f1f011e3499dc142c244ae8da8095e118133e8f2d
GF0025-2021-2-035,SRC-GRAMMAR-HANDBOOK-ELEM-2022,186,186;187;180,的话 | 等 | 其他助词 | 助词,124.500,0.000,printed_id_plus_lexical,aligned,high,8b8c075fbf6af79f8c2aba627ac35318b66cfb99d509ae64e9442e69e48ea280
GF0025-2021-2-036,SRC-GRAMMAR-HANDBOOK-ELEM-2022,188,188,喂 | 叹词,112.200,109.200,printed_id_plus_lexical,aligned,high,5200bbd1ec137a9e86e814aa0c8f2a2369e103f666e4920c03d5253ef8c6268b
GF0025-2021-2-037,SRC-GRAMMAR-HANDBOOK-ELEM-2022,403,403,基本结构类型 | 结构类型,123.600,118.200,printed_id_plus_lexical,aligned,high,ae78ccf474b6ed915043db8f87ca0012ee362e864b0e7ef755b39f522fba5bb5
GF0025-2021-2-038,SRC-GRAMMAR-HANDBOOK-ELEM-2022,404,404,其他结构类型1 | 的 | 其他结构类型 | 结构类型,145.400,98.600,printed_id_plus_lexical,aligned,high,d8f7836adce20dcf29f04cede5db1b33155c777e06c42f28c009e6857286fde7
GF0025-2021-2-039,SRC-GRAMMAR-HANDBOOK-ELEM-2022,406,406,名词性短语 | 功能类型,126.900,51.400,printed_id_plus_lexical,aligned,high,3aa1e91822363080bc240b27cd14de0633679eaafc5a706bf826c418cad1dea6
GF0025-2021-2-040,SRC-GRAMMAR-HANDBOOK-ELEM-2022,406,406,动词性短语 | 功能类型,126.900,51.400,printed_id_plus_lexical,aligned,high,3aa1e91822363080bc240b27cd14de0633679eaafc5a706bf826c418cad1dea6
GF0025-2021-2-041,SRC-GRAMMAR-HANDBOOK-ELEM-2022,406,406,形容词性短语 | 功能类型,128.800,51.400,printed_id_plus_lexical,aligned,high,3aa1e91822363080bc240b27cd14de0633679eaafc5a706bf826c418cad1dea6
GF0025-2021-2-042,SRC-GRAMMAR-HANDBOOK-ELEM-2022,189,189;190,不一会儿 | 固定短语,127.000,48.000,printed_id_plus_lexical,aligned,high,6c939c736536cff79d0ffbc3bcddb220ada753d9f8bc2464be43ddee9d155fd7
GF0025-2021-2-043,SRC-GRAMMAR-HANDBOOK-ELEM-2022,190,190,什么的 | 固定短语,125.100,48.000,printed_id_plus_lexical,aligned,high,45ff40d5cdaa609f5c9e15198621fc006d2c586196c2412035a7a3844e3db9f1
GF0025-2021-2-044,SRC-GRAMMAR-HANDBOOK-ELEM-2022,191,191,越来越 | 固定短语,125.100,53.400,printed_id_plus_lexical,aligned,high,294c7a153b9d1a5ad56f09f9aef12906bce076b52d2f66dcb1d2401b200ebb40
GF0025-2021-2-045,SRC-GRAMMAR-HANDBOOK-ELEM-2022,192,192,还是......吧 | 还是 | 吧,124.800,117.700,printed_id_plus_lexical,aligned,high,0128664152ea2af04b3622ecda5fbf5593d730e510f1d077241de8ef594e6cf7
GF0025-2021-2-046,SRC-GRAMMAR-HANDBOOK-ELEM-2022,194,194,又......又...... | 又,120.300,48.000,printed_id_plus_lexical,aligned,high,89320ea5952f886615adeed3169f56c57d1b869342ebe094429dca62d32bd333
GF0025-2021-2-047,SRC-GRAMMAR-HANDBOOK-ELEM-2022,195,195,(在)......以前/以后/前/后 | 以前 | 以后 | 前 | 后 | 在,140.300,80.900,printed_id_plus_lexical,aligned,high,02ba4fa2c2668f0c0c55e087abe3311e39aa13b7c59f4c583720856646b3fdcb
GF0025-2021-2-048,SRC-GRAMMAR-HANDBOOK-ELEM-2022,407,407,名词性短语作谓语 | 数量短语 | 代词 | 名词 | 数词 | 谓语,137.600,65.200,printed_id_plus_lexical,aligned,high,3341b67e4893286d037a5876c60f55359c8c5411e8a51da40df7d8c4a4aa03c3
GF0025-2021-2-049,SRC-GRAMMAR-HANDBOOK-ELEM-2022,196,196,结果补语1 | 动词+错 | 干净 | 清楚 | 会 | 好 | 完 | 懂,190.200,126.100,printed_id_plus_lexical,aligned,high,96afa38cb0e62621676f897cbc0e74edb56bc7c269d4d122f8b50deef8c61c95
GF0025-2021-2-050,SRC-GRAMMAR-HANDBOOK-ELEM-2022,198,198;12,趋向补语1 简单趋向补语的趋向意义用法 | 去 动词+上 | 下 | 出 | 回 | 开 | 起 | 过,157.000,105.700,printed_id_plus_lexical,aligned,high,d52287f6327c2d56db1c1b66228d6b3bb888c6a27cf880cbdc8221ac5fcee942
GF0025-2021-2-051,SRC-GRAMMAR-HANDBOOK-ELEM-2022,200,200,状态补语1:动词+得+形容词性词语 | 状态补语1 | 动词+得+形容词性词语 | 状态补语 | 补语,187.600,130.000,printed_id_plus_lexical,aligned,high,d2728b232c456a899aee9249bdc68a7ec8cb0903f069b928fbfcc0dbccebaed9
GF0025-2021-2-052,SRC-GRAMMAR-HANDBOOK-ELEM-2022,202,202,数量补语1:动词+动量补语 | 数量补语1 | 动词+动量补语 | 数量补语 | 补语,181.900,95.700,printed_id_plus_lexical,aligned,high,5d06b9e199d7f9752f47e5c14a9da17ac6887f8b39513b92d83e9488839f7ec1
GF0025-2021-2-053,SRC-GRAMMAR-HANDBOOK-ELEM-2022,203,203,数量补语2:形容词+数量补语 | 数量补语2 | 形容词+数量补语 | 数量补语 | 补语,183.800,95.250,printed_id_plus_lexical,aligned,high,d0c0b5b43e65b6355955a6a43d3db686173a059e2a9578fec4715f629b2ba165
GF0025-2021-2-054,SRC-GRAMMAR-HANDBOOK-ELEM-2022,204,204,主谓句3:名词谓语句 | 主谓句3 | 名词谓语句,161.850,102.100,printed_id_plus_lexical,aligned,high,c42b9ee3a2dccbd0fc3a22cc77d77bf05bdbb3198785ff91567dd219a563a038
GF0025-2021-2-055,SRC-GRAMMAR-HANDBOOK-ELEM-2022,205,205;206,“有”字句2 | 表示评价 | 字句2 | 达到 | 有 | “有”字句,143.800,0.000,printed_id_plus_lexical,aligned,high,7d06cce35359aaca7a2dc0b37f6283597a729d90f18209b0ca67403f2b65983e
GF0025-2021-2-056,SRC-GRAMMAR-HANDBOOK-ELEM-2022,206,206;274;30;80;102;275;388;403,存现句1 | 处所+动词+着 | 数量短语 | 字句1- | 名词 | 有 | 见 | 存现句,97.000,32.600,handbook_heading_lexical,aligned,high,f6a8fbd4eb8d4a5582c9c44c49d04cbe3403bb562d5c8e9fc1534ee164004cc6
GF0025-2021-2-057,SRC-GRAMMAR-HANDBOOK-ELEM-2022,207,207,连动句1:表示前后动作先后发生 | 连动句1 | 表示前后动作先后发生 | 连动句,187.600,130.000,printed_id_plus_lexical,aligned,high,292c37b1eb9c9b36af82b3a3a5956e78a07567e97dd2b174b3f87ac697fc0d6f
GF0025-2021-2-058,SRC-GRAMMAR-HANDBOOK-ELEM-2022,208,208;209;210;211;206,比较句2 | 形容词 | 比较句,143.800,0.000,printed_id_plus_lexical,aligned,high,6ff01b03104ad046e7685006094e7226d841ad0dcc2e1e095eed69ee3316afeb
GF0025-2021-2-059,SRC-GRAMMAR-HANDBOOK-ELEM-2022,212,212;213,比较句3 | 比较句 | 一样 | 相同 | 和,144.300,0.000,printed_id_plus_lexical,aligned,high,5452dda8851339d98a88ce74ba101b27f055494acd8c16dbe45ac7e390dd308f
GF0025-2021-2-060,SRC-GRAMMAR-HANDBOOK-ELEM-2022,215,215;246,“是......的”句1 | 强调时间 | 动作者 | 句1 | 地点 | 方式 | 是......的 | “是......的”句,176.300,48.000,printed_id_plus_lexical,aligned,high,a1187a7d55662333d5f1194481e5190ba0ed575d505afc311f1141d77c81913b
GF0025-2021-2-061,SRC-GRAMMAR-HANDBOOK-ELEM-2022,216,216;217,双宾语句,78.600,0.000,printed_id_plus_lexical,aligned,high,854b036c5621ae98f2ad32e1313f6fb6868958214c1cc5a0f11948251efe9a63
GF0025-2021-2-062,SRC-GRAMMAR-HANDBOOK-ELEM-2022,220,220;219,然后 | 先 | 再 | 承接复句 | 复句,125.500,32.200,printed_id_plus_lexical,aligned,high,fe045ad0a1cb8b3603e126718c7e33b2c108d105d225f6aca7ed89eec0e0c96b
GF0025-2021-2-063,SRC-GRAMMAR-HANDBOOK-ELEM-2022,224,224;223;221,不但 | 而且 | 更 | 还 | 递进复句 | 复句,130.500,36.200,printed_id_plus_lexical,aligned,high,973f12b965bc5d7b8a87ef3f253470a0d2c6ac4e70ab46422878a557a594510d
GF0025-2021-2-064,SRC-GRAMMAR-HANDBOOK-ELEM-2022,227,227;225,还是 | 是 | 选择复句 | 复句,124.500,31.200,printed_id_plus_lexical,aligned,high,41576a8dde379eba5560f8f46f2d04a59807b393f622ec6991b4499cfd389dc7
GF0025-2021-2-065,SRC-GRAMMAR-HANDBOOK-ELEM-2022,229,229,不过 | 但是 | 可是 | 虽然 | 转折复句 | 复句,138.500,55.200,printed_id_plus_lexical,aligned,high,993033d16fcfb60a7727518efa7c4acac5d24123297f8c17c352088d395af2cb
GF0025-2021-2-066,SRC-GRAMMAR-HANDBOOK-ELEM-2022,232,232;231,如果 | 的话 | 就 | 假设复句 | 复句,129.500,36.200,printed_id_plus_lexical,aligned,high,d450a2a27f0e922e2a0d749863cdf4e716928af25e824c903db860757eee4fea
GF0025-2021-2-067,SRC-GRAMMAR-HANDBOOK-ELEM-2022,233,233,"只要......,就...... | 只要 | 就 | 条件复句 | 复句",149.800,97.400,printed_id_plus_lexical,aligned,high,d53c9497deb2845ac48e1d57b0fe5d2b46248d977a02f8d92440c2202bd1a1cd
GF0025-2021-2-068,SRC-GRAMMAR-HANDBOOK-ELEM-2022,236,236;235,因为 | 所以 | 因果复句 | 复句,128.500,45.200,printed_id_plus_lexical,aligned,high,20102bf6f5c55677fc6d26c430dfc50ef80457d05bba4d87165022eba18bf95e
GF0025-2021-2-069,SRC-GRAMMAR-HANDBOOK-ELEM-2022,238,238,一......就...... | 紧缩复句 | 复句 | 一 | 就,145.400,106.600,printed_id_plus_lexical,aligned,high,bb1029f18f7a2fdd2b5b97c8ea5cb566fd1a3e2087130af7d62cada0d1496c94
GF0025-2021-2-070,SRC-GRAMMAR-HANDBOOK-ELEM-2022,239,239;240,持续态,77.200,0.000,printed_id_plus_lexical,aligned,high,f096ecb7b23b37e2c0e5dba10b39c574cf116a9cc7b2cf77054f53169b89bd9b
GF0025-2021-2-071,SRC-GRAMMAR-HANDBOOK-ELEM-2022,241,241,用动态助词“过”表示 | 用动态助词 | 表示 | 过 | 经历态,163.750,98.000,printed_id_plus_lexical,aligned,high,07cb203bbe422bfe0cb93b0d534d360029cd8a6d8355e2283c3e24fccdc92ec1
GF0025-2021-2-072,SRC-GRAMMAR-HANDBOOK-ELEM-2022,242,242,序数表示法,123.500,98.000,printed_id_plus_lexical,aligned,high,ef2ad12f43ef8f86bcc77f230a5649531fe2c27bda07a4f86b979286daff1766
GF0025-2021-2-073,SRC-GRAMMAR-HANDBOOK-ELEM-2022,243,243,概数表示法1 | 数词+多+量词 数词+量词+多,140.500,134.800,printed_id_plus_lexical,aligned,high,c1501816ede539ca1171c169fde9300bbc146242828738d490b82439d7d1dccc
GF0025-2021-2-074,SRC-GRAMMAR-HANDBOOK-ELEM-2022,245,245,用“就”表示强调 | 表示强调 | 就 | 用,136.000,76.600,printed_id_plus_lexical,aligned,high,d6c26f0af07615a4cf4cfd3afea54dd0b74cc8762f33c39961b856b8ee49bc02
GF0025-2021-2-075,SRC-GRAMMAR-HANDBOOK-ELEM-2022,246,246,用“好吗/可以吗/行吗/怎么样”提问 | 可以吗 | 怎么样 | 好吗 | 提问 | 行吗 | 用,169.600,91.100,printed_id_plus_lexical,aligned,high,36300dd68b236a1886eb8279c8c511a4ade8258ef8162355c81b0c62d36d5249
GF0025-2021-2-076,SRC-GRAMMAR-HANDBOOK-ELEM-2022,247,247;248,什么时候 | 为什么 | 什么样 | 怎么样 | 怎样 | 提问 | 用,169.400,34.800,printed_id_plus_lexical,aligned,high,b205a2851ee94e93b7d534e4def8d7e73e534eba6e35bf993b74f8e1a7a0fabd
GF0025-2021-2-077,SRC-GRAMMAR-HANDBOOK-ELEM-2022,248,248,构成的省略式疑问句 | 名词+呢 | 代词 | 提问 | 呢 | 用,171.200,104.150,printed_id_plus_lexical,aligned,high,f695815fd43e209de9bcdf3d7cd18c0c73363524b189186677d16a5e04ade8b2
GF0025-2021-2-078,SRC-GRAMMAR-HANDBOOK-ELEM-2022,249,249;250,用“是不是”提问 | 是不是 | 提问 | 用,138.850,48.000,printed_id_plus_lexical,aligned,high,df972376a937f5fbeb2478116791ea71ee5c1a7a15e103962823b571e1e76664
GF0025-2021-2-079,SRC-GRAMMAR-HANDBOOK-ELEM-2022,251,251,用“吧”提问 | 提问 | 吧 | 用,128.600,75.200,printed_id_plus_lexical,aligned,high,291e09898ce88154cb6752cf5bb884439be55eb698218876af81ce09d0ebe741
GF0025-2021-2-080,SRC-GRAMMAR-HANDBOOK-ELEM-2022,252,252,该......了 | 了 | 该,121.300,92.400,printed_id_plus_lexical,aligned,high,fdc5d84c321cae2f8fc021f073f80014b4abdc49fc697c830ca14458b173cfbb
GF0025-2021-2-081,SRC-GRAMMAR-HANDBOOK-ELEM-2022,253,253;254,要/快要/就要......了 | 就要......了 | 快要 | 要 | 就要 | 了,143.950,48.000,printed_id_plus_lexical,aligned,high,a5015c69776c9c60be6916c51a6b30d7b99605eeb97509f278abee85971db959
GF0025-2021-3-001,SRC-GRAMMAR-HANDBOOK-ELEM-2022,399,399,第-、老-、小- | 小- | 第- | 老- | 前缀,125.400,122.400,printed_id_plus_lexical,aligned,high,4d71571ba133758394f23acfcd6586560b0f569ec574e0c3d5d53346f44a5d02
GF0025-2021-3-002,SRC-GRAMMAR-HANDBOOK-ELEM-2022,399,399,儿、家、们、头、子 | 们 | 儿 | 头 | 子 | 家 | 后缀,131.200,128.200,printed_id_plus_lexical,aligned,high,4d71571ba133758394f23acfcd6586560b0f569ec574e0c3d5d53346f44a5d02
GF0025-2021-3-003,SRC-GRAMMAR-HANDBOOK-ELEM-2022,256,256,敢 | 能愿动词 | 动词,115.000,48.000,printed_id_plus_lexical,aligned,high,14201856a496583eed10ef1e82347cd459a0d5865b106b3b073633ab9a817407
GF0025-2021-3-004,SRC-GRAMMAR-HANDBOOK-ELEM-2022,257,257;114;117;324,需要 | 能愿动词 | 动词,141.900,48.000,printed_id_plus_lexical,aligned,high,7a4c98e45dc2f6cf3c5eb98a0a496faa2ed8846d63a169e02cf2ec07265d2247
GF0025-2021-3-005,SRC-GRAMMAR-HANDBOOK-ELEM-2022,258,258,动宾式离合词 | 帮忙 | 干杯 | 放假 | 洗澡 | 点头 | 理发 | 看病,180.800,82.600,printed_id_plus_lexical,aligned,high,e12035bc67e7d51c323ae6be3eae8885e504c66e801267898f2791008e8f3637
GF0025-2021-3-006,SRC-GRAMMAR-HANDBOOK-ELEM-2022,260,260,动补式离合词:打开、看见、离开、完成 | 动补式离合词 | 完成 | 打开 | 看见 | 离开 | 离合词 | 动词,187.600,91.600,printed_id_plus_lexical,aligned,high,06c46ae7b92f79aefeae431f7cd540e866acb48f83371e5a031521b6fcfa0069
GF0025-2021-3-007,SRC-GRAMMAR-HANDBOOK-ELEM-2022,261,261;263,疑问代词 | 代词,83.300,0.000,printed_id_plus_lexical,aligned,high,8827a57cb272abc1e21f67c0a678a33a9479b52d30c85c4d16faf9536a967edc
GF0025-2021-3-008,SRC-GRAMMAR-HANDBOOK-ELEM-2022,265,265;267,任何 | 各位 | 各种 | 各 | 每 | 指示代词 | 代词,135.500,11.000,printed_id_plus_lexical,aligned,high,bf436a491b6af990f8b175f84b24ee5a37d1134d32f80a5506b413d0dba3a39e
GF0025-2021-3-009,SRC-GRAMMAR-HANDBOOK-ELEM-2022,401,401,双 | 只 | 台 | 张 | 把 | 支 | 束 | 架,88.700,46.800,printed_id_plus_lexical,aligned,high,2fd3709a1c61dbe89f07c9dc96cc4d20ddc61cd2d537e92bab5a01b070b0044b
GF0025-2021-3-010,SRC-GRAMMAR-HANDBOOK-ELEM-2022,402,402,顿、口、眼 | 口 | 眼 | 顿 | 动量词 | 量词,116.000,66.000,printed_id_plus_lexical,aligned,high,fca5ddf0cf84b3fd05d0d07155d33796d685c7b8d9fd1ece326566222ea01f0e
GF0025-2021-3-011,SRC-GRAMMAR-HANDBOOK-ELEM-2022,403,403,量词重叠 | AA | 量词,125.500,74.100,printed_id_plus_lexical,aligned,high,ae78ccf474b6ed915043db8f87ca0012ee362e864b0e7ef755b39f522fba5bb5
GF0025-2021-3-012,SRC-GRAMMAR-HANDBOOK-ELEM-2022,270,270;269;272;268,更加 | 还3 | 程度副词 | 副词 | 还,131.000,2.500,printed_id_plus_lexical,aligned,high,811cfa925cec5f1929f243dc1e939b00fe3037c4da5530e35149ed235e630f8b
GF0025-2021-3-013,SRC-GRAMMAR-HANDBOOK-ELEM-2022,276,276;273;275,就3 | 至少 | 范围、协同副词 | 副词 | 就,132.200,33.600,printed_id_plus_lexical,aligned,high,f335167c1fad130b92d3daaa70e7ec61cd033a091dca52897cdc39951d394016
GF0025-2021-3-014,SRC-GRAMMAR-HANDBOOK-ELEM-2022,282,282;283;284;285;288;289;278;280,从来 | 赶紧 | 时间副词 | 副词 | 才,131.000,2.500,printed_id_plus_lexical,aligned,high,1e61c91babeb11fbfd8fe2226a641e3bb749da84d75ad7d9fb4634ad44c4e667
GF0025-2021-3-015,SRC-GRAMMAR-HANDBOOK-ELEM-2022,291,291;294;290,往往 | 通常 | 频率、重复副词 | 副词,129.700,4.000,printed_id_plus_lexical,aligned,high,1cf5f8777d048a7307cbda9997451bd4237b685d557d3069b18ce39009267638
GF0025-2021-3-016,SRC-GRAMMAR-HANDBOOK-ELEM-2022,295,295,再2 | 关联副词 | 副词 | 再,144.400,67.400,printed_id_plus_lexical,aligned,high,d3a3c4cd44e2d05d41c58ab18b7cc939f9a2d05d9d108268c18ee6e6499240aa
GF0025-2021-3-017,SRC-GRAMMAR-HANDBOOK-ELEM-2022,297,297;296;299,互相 | 尽量 | 相互 | 方式副词 | 副词,133.500,5.000,printed_id_plus_lexical,aligned,high,abf7dd43fca9010444df72913bdcf3a9a06ef7a80837b69caee7298c552b6fc8
GF0025-2021-3-018,SRC-GRAMMAR-HANDBOOK-ELEM-2022,301,301,大概 | 恐怕 | 情态副词 | 副词,128.500,53.000,printed_id_plus_lexical,aligned,high,2e11df115a3dc804d6ef1c2093782d6c204c6ae355ea1b9ebfae443064a8e963
GF0025-2021-3-019,SRC-GRAMMAR-HANDBOOK-ELEM-2022,304,304;305;308;310;311;312;313;317,并1 | 当然 | 语气副词 | 副词 | 并,131.000,2.500,printed_id_plus_lexical,aligned,high,ec12a05da3307ab31a8708610d8b52b4bfaeda96f4de18b150aa9c7cb4913835
GF0025-2021-3-020,SRC-GRAMMAR-HANDBOOK-ELEM-2022,320,320;319,由1 | 引出时间、处所 | 介词 | 由,97.600,9.000,handbook_heading_lexical,aligned,high,6728efc30be983ba5eb97684bc494b20c94e5c5f19d7d19797552f253e65ffbb
GF0025-2021-3-021,SRC-GRAMMAR-HANDBOOK-ELEM-2022,320,320,自从 | 引出时间、处所 | 介词,143.100,68.600,printed_id_plus_lexical,aligned,high,6728efc30be983ba5eb97684bc494b20c94e5c5f19d7d19797552f253e65ffbb
GF0025-2021-3-022,SRC-GRAMMAR-HANDBOOK-ELEM-2022,321,321,朝 | 引出方向、路径 | 介词,117.800,79.700,printed_id_plus_lexical,aligned,high,c583893f9acb20ccefb545fabb5901ae226166128ce9f7755915c9eb9a6ba348
GF0025-2021-3-023,SRC-GRAMMAR-HANDBOOK-ELEM-2022,323,323,为2 | 引出对象 | 介词 | 为,144.400,74.200,printed_id_plus_lexical,aligned,high,a131075753eb7825d117f8f883ef87e41b15280dc8d51417ff654593094ff5ee
GF0025-2021-3-024,SRC-GRAMMAR-HANDBOOK-ELEM-2022,324,324,向2 | 引出对象 | 介词 | 向,144.400,67.400,printed_id_plus_lexical,aligned,high,9ee456535ebc40523f85969c387a6e8d3156319a39dc46b3d3c58822135cdbb7
GF0025-2021-3-025,SRC-GRAMMAR-HANDBOOK-ELEM-2022,326,326;325,由于1 | 因为 | 引出目的、原因 | 介词 | 由于,137.450,5.000,printed_id_plus_lexical,aligned,high,f0b6690c85dac3efb4d374e8dfefc92b425cd94c60ed70db99be797892873020
GF0025-2021-3-026,SRC-GRAMMAR-HANDBOOK-ELEM-2022,327,327,为了 | 引出目的、原因 | 介词,143.100,68.600,printed_id_plus_lexical,aligned,high,e8dcb2090b3c9648ba9e3558b70b8fb749f6fd1f9efdcbbdd52a7194645c8976
GF0025-2021-3-027,SRC-GRAMMAR-HANDBOOK-ELEM-2022,328,328,把、被、叫、让 | 叫 | 把 | 被 | 让 | 引出施事、受事 | 介词,150.900,141.200,printed_id_plus_lexical,aligned,high,54c22a8c5531ad777ed8f5b71e955c90ad6056946f7fdc8c2b9f96c6f534eb8c
GF0025-2021-3-028,SRC-GRAMMAR-HANDBOOK-ELEM-2022,328,328;338,除了 | 表示排除 | 介词,141.900,52.700,printed_id_plus_lexical,aligned,high,54c22a8c5531ad777ed8f5b71e955c90ad6056946f7fdc8c2b9f96c6f534eb8c
GF0025-2021-3-029,SRC-GRAMMAR-HANDBOOK-ELEM-2022,329,329,按、按照 | 按照 | 按 | 引出凭借、依据 | 介词,151.000,68.600,printed_id_plus_lexical,aligned,high,a5cde0b7c33405c45c18964bcf1633168b4001f26f0aab6ea8d7b0641eb8bdaa
GF0025-2021-3-030,SRC-GRAMMAR-HANDBOOK-ELEM-2022,331,331;381;374;375;380,另外 | 连接分句或句子 | 连词,125.300,64.800,printed_id_plus_lexical,aligned,high,50d6f4ff41943004c47c42e0e102a8e415e3d20b00575593733558228a554cec
GF0025-2021-3-031,SRC-GRAMMAR-HANDBOOK-ELEM-2022,403,403,哈哈 | 拟声词,120.850,118.850,printed_id_plus_lexical,aligned,high,ae78ccf474b6ed915043db8f87ca0012ee362e864b0e7ef755b39f522fba5bb5
GF0025-2021-3-032,SRC-GRAMMAR-HANDBOOK-ELEM-2022,405,405,其他结构类型2 | 其他结构类型 | 结构类型,145.400,108.600,printed_id_plus_lexical,aligned,high,e8bd78f65c62eb2784606effca7aa9bd35e2af3543e5e3d400f0430f67ccd975
GF0025-2021-3-033,SRC-GRAMMAR-HANDBOOK-ELEM-2022,332,332,数量重叠:数词+量词+数词+量词 | 数量重叠 | 数词+量词+数词+量词,171.000,104.200,printed_id_plus_lexical,aligned,high,d0a8d23f5736132a23d0e7519950041bdeb2911899cda5ec43d27e237aa8cc98
GF0025-2021-3-034,SRC-GRAMMAR-HANDBOOK-ELEM-2022,333,333,不A不B | 固定短语 | 一 | 不,130.500,53.400,printed_id_plus_lexical,aligned,high,72ae0fab031bad6216fa7f1e334414edd3225ddd2dd8aab55286fb820964ec80
GF0025-2021-3-035,SRC-GRAMMAR-HANDBOOK-ELEM-2022,335,335,看起来 | 固定短语,125.100,48.000,printed_id_plus_lexical,aligned,high,793dfa9a189c04d08ec18f7fa930673bda73150f525e54e90186249006c13819
GF0025-2021-3-036,SRC-GRAMMAR-HANDBOOK-ELEM-2022,336,336,看上去 | 固定短语,125.100,48.000,printed_id_plus_lexical,aligned,high,fd712689ff3d0e7f7cfa8d9dcec0e83f5be7b3f5167bb7ae990444425b10bba8
GF0025-2021-3-037,SRC-GRAMMAR-HANDBOOK-ELEM-2022,337,337,有的是 | 固定短语,125.100,53.400,printed_id_plus_lexical,aligned,high,96d87bb8dcb2b7eda41b2f84966a1ad735884b779eb03e8c4494386d37c12482
GF0025-2021-3-038,SRC-GRAMMAR-HANDBOOK-ELEM-2022,338,338,以外 | 除了 | 也 | 还 | 都,140.300,54.000,printed_id_plus_lexical,aligned,high,1225a7af787a623e2aedda87b880a23de37c4286099342bed302993dc49c2b92
GF0025-2021-3-039,SRC-GRAMMAR-HANDBOOK-ELEM-2022,340,340,从......起 | 从 | 起,121.300,118.300,printed_id_plus_lexical,aligned,high,e098c213fea65ec157ed64672cef54bcb380c87f5f39975d366422cdffe5f4c3
GF0025-2021-3-040,SRC-GRAMMAR-HANDBOOK-ELEM-2022,341,341,对......来说 | 来说 | 对,124.800,48.000,printed_id_plus_lexical,aligned,high,eeb83907db5c0cb77e45718f0cb3029e28909043674fc519c62921efb46f21bf
GF0025-2021-3-041,SRC-GRAMMAR-HANDBOOK-ELEM-2022,342,342,一......也/都+不/没...... | 一......也 | 都+不 | 没 | 一 | 不 | 也 | 都,140.000,82.100,printed_id_plus_lexical,aligned,high,6632f50c5e9d5e28130e3e26b34d77b633e607308fde4dfa7c372ad8f7e86bb5
GF0025-2021-3-042,SRC-GRAMMAR-HANDBOOK-ELEM-2022,343,343,越......越...... | 越,120.300,48.000,printed_id_plus_lexical,aligned,high,3f00be1de8467f8afdb26231d0515e12c7c617c7202441f7c3a9988fc5c062e3
GF0025-2021-3-043,SRC-GRAMMAR-HANDBOOK-ELEM-2022,407,407,形容词或形容词性短语作主语 | 动词或动词性短语 | 主语,176.000,109.200,printed_id_plus_lexical,aligned,high,3341b67e4893286d037a5876c60f55359c8c5411e8a51da40df7d8c4a4aa03c3
GF0025-2021-3-044,SRC-GRAMMAR-HANDBOOK-ELEM-2022,407,407,形容词或形容词性短语和主谓短语作宾语 | 动词或动词性短语 | 宾语,176.000,106.500,printed_id_plus_lexical,aligned,high,3341b67e4893286d037a5876c60f55359c8c5411e8a51da40df7d8c4a4aa03c3
GF0025-2021-3-045,SRC-GRAMMAR-HANDBOOK-ELEM-2022,408,408,动词或动词性短语、主谓短语作定语 | 动词或动词性短语 | 主谓短语作定语 | 定语,170.450,103.650,printed_id_plus_lexical,aligned,high,6557700a187660efc2878588f8a91f355d6d0c9c3472c9ec6803e82c19d62cb0
GF0025-2021-3-046,SRC-GRAMMAR-HANDBOOK-ELEM-2022,344,344,结果补语2:动词+到/住/走 | 结果补语2 | 动词+到 | 住 | 走 | 结果补语 | 补语,180.000,130.000,printed_id_plus_lexical,aligned,high,c1e31ede22b54594f5e48ed9b52029856dbe312d04b55040b666c1d68b42c0ed
GF0025-2021-3-047,SRC-GRAMMAR-HANDBOOK-ELEM-2022,345,345,趋向补语2 复合趋向补语的趋向意义用法 | 动词+出来 | 上去 | 上来 | 下去 | 下来 | 出去 | 回去,191.600,98.200,printed_id_plus_lexical,aligned,high,00e1098897957d5029fdff3104a20d27f4ce432ea6fc5fe7de73a5217b4fff9a
GF0025-2021-3-048,SRC-GRAMMAR-HANDBOOK-ELEM-2022,347,347,可能补语1 | 不+动词 | 动词+得 | 形容词 | 不+了 | 可能补语 | 补语,179.600,88.000,printed_id_plus_lexical,aligned,high,bc5cfe2c6c5a240e650e3d38e3dabcb6326d8f1a528ed958a321a4b2d33798be
GF0025-2021-3-049,SRC-GRAMMAR-HANDBOOK-ELEM-2022,349,349,程度补语1 | 心理动词+得很 | 形容词 | 极了 | 死了 | 程度补语 | 补语,180.800,91.650,printed_id_plus_lexical,aligned,high,0fd96fdd21f4f5cc24b14e0ead9c19d0cdbdc89dade150febfa1a2ada2d5cbb2
GF0025-2021-3-050,SRC-GRAMMAR-HANDBOOK-ELEM-2022,350,350,数量补语 3(动词+动量补语) | 宾语和动量补语共现 | 动词+动量补语 | 数量补语 3 | 数量补语 | 补语,186.800,85.000,printed_id_plus_lexical,aligned,high,a04d5cecb1befcca3cb5714a1edeb1353ef39f275e725380cc7c284883511d1c
GF0025-2021-3-051,SRC-GRAMMAR-HANDBOOK-ELEM-2022,352,352;402,数量补语4(动词+时量补语) | 表示动作持续的时间 | 动词+时量补语 | 数量补语4 | 数量补语 | 补语,186.800,45.200,printed_id_plus_lexical,aligned,high,d29fb257e10cf3fb3f753f3b760c56c404bdfcca14388a48492c6a60816aa462
GF0025-2021-3-052,SRC-GRAMMAR-HANDBOOK-ELEM-2022,353,353,数量补语5(动词+时量补语) | 表示动作结束后到某个时间点的间隔时间 | 动词+时量补语 | 数量补语5 | 数量补语 | 补语,186.800,100.600,printed_id_plus_lexical,aligned,high,35db6d41493b6230066d93802f1e0f2da391fafd5d79247cd1d2031bef4cefd4
GF0025-2021-3-053,SRC-GRAMMAR-HANDBOOK-ELEM-2022,355,355,主谓句4:主谓谓语句 | 主谓句4 | 主谓谓语句,161.850,130.000,printed_id_plus_lexical,aligned,high,8eb1accc19a77447e203b7a762595e1177d4f57879cf0a15f06302327087f479
GF0025-2021-3-054,SRC-GRAMMAR-HANDBOOK-ELEM-2022,356,356;328;200,“把”字句1 | 字句1 | 把 | 给 | “把”字句 | 到 | 在,145.300,49.200,printed_id_plus_lexical,aligned,high,d76082faa746f3460c15b09668f286fe5df2189e9617f847fccbc320fb56c914
GF0025-2021-3-055,SRC-GRAMMAR-HANDBOOK-ELEM-2022,358,358;328,被动句1 | 让+宾语+动词+其他成分 | 主语+被 | 叫 | 被动句 | 被 | 让,179.200,48.000,printed_id_plus_lexical,aligned,high,609e9871a64d37432afaa1b0aec3430adaca9d30f3fe2a2020e29f1995992e71
GF0025-2021-3-056,SRC-GRAMMAR-HANDBOOK-ELEM-2022,359,359;360,连动句2 | 连动句,136.600,0.000,printed_id_plus_lexical,aligned,high,09a2053baf65dee9613b003de1824720e1d360e280b0d36b3db9532dbc494d28
GF0025-2021-3-057,SRC-GRAMMAR-HANDBOOK-ELEM-2022,361,361,兼语句1 表使令 | 让......+宾语1 +动词+宾语2 | 主语+叫 | 派 | 请 | 兼语句,182.000,127.600,printed_id_plus_lexical,aligned,high,5536ba84451b7665b035887453824c83de810dc2cb1eb3433e0d84693b194712
GF0025-2021-3-058,SRC-GRAMMAR-HANDBOOK-ELEM-2022,364,364;365;363,比较句4 | 比较句 | 不比 | 得比 | 得 | 比,145.300,0.000,printed_id_plus_lexical,aligned,high,11619768eaf23bd3e89d90af85da280b1aaec2c003509c3a54fb616a9181490f
GF0025-2021-3-059,SRC-GRAMMAR-HANDBOOK-ELEM-2022,366,366,主语+动词+宾语+动词+补语 | 重动句,151.800,130.000,printed_id_plus_lexical,aligned,high,b2a8893ccb46caa9c5d72961f2b896db9ec27266b5576095425917e8054afeae
GF0025-2021-3-060,SRC-GRAMMAR-HANDBOOK-ELEM-2022,367,367;368,"(也)......,也...... | 也 | 并列复句 | 复句",142.900,48.000,printed_id_plus_lexical,aligned,high,92091b68ca053995979ce4285d92bee2dc4056851b1db8665204e5cc04762ea3
GF0025-2021-3-061,SRC-GRAMMAR-HANDBOOK-ELEM-2022,368,368,"一会儿......,一会儿...... | 一会儿 | 并列复句 | 复句",156.950,77.800,printed_id_plus_lexical,aligned,high,db60857f2bc110cc3f229f7aefa93549977b202d885003b327448f9eeadc9281
GF0025-2021-3-062,SRC-GRAMMAR-HANDBOOK-ELEM-2022,369,369;370,"一方面......,另一方面...... | 另一方面 | 一方面 | 并列复句 | 复句",167.450,48.000,printed_id_plus_lexical,aligned,high,b66927c7b1fc741ca6a0372b0ff48e91ab2254a0ecb757c2d5d0728118d60c14
GF0025-2021-3-063,SRC-GRAMMAR-HANDBOOK-ELEM-2022,370,370,"又......,又...... | 又 | 并列复句 | 复句",142.900,72.100,printed_id_plus_lexical,aligned,high,f53bcb27e8b8e7d07385ad01f7494a4ac4378ce5e035bebf820b2acc4d7717a4
GF0025-2021-3-064,SRC-GRAMMAR-HANDBOOK-ELEM-2022,372,372,"首先......,然后...... | 然后 | 首先 | 承接复句 | 复句",155.700,67.400,printed_id_plus_lexical,aligned,high,792ac188ca14fb86a5495966645ccbc66c6c7295fa630777d7409fe36eb586f9
GF0025-2021-3-065,SRC-GRAMMAR-HANDBOOK-ELEM-2022,373,373;374,"......,并且...... | 递进复句 | 复句",93.900,24.100,handbook_heading_lexical,aligned,high,b315a0133492700e0b74b7e92b3058558c0fdcd9742afc3faee80e69d4050098
GF0025-2021-3-066,SRC-GRAMMAR-HANDBOOK-ELEM-2022,375,375,不仅 | 不光 | 而且 | 还 | 递进复句 | 复句,167.400,90.900,printed_id_plus_lexical,aligned,high,f9760fac357c69f2f9bc1955f70dacda6ed5cc51c49b9a776e273e36dfb8d7c6
GF0025-2021-3-067,SRC-GRAMMAR-HANDBOOK-ELEM-2022,376,376;377,"不是......,就是...... | 不是 | 就是 | 选择复句 | 复句",107.700,26.500,handbook_heading_lexical,aligned,high,8ca89b5df5c9b66892fcb3962560d2dd7d60c6055e9dc1d1daf551473f99d648
GF0025-2021-3-068,SRC-GRAMMAR-HANDBOOK-ELEM-2022,378,378,X是X | 不过 | 就是 | 转折复句 | 复句 | 一 | 是,172.350,93.350,printed_id_plus_lexical,aligned,high,e45dee258f648ede2657c7cc11de6e0d86d6bc23959ce9736b2f49ec99abf2ed
GF0025-2021-3-069,SRC-GRAMMAR-HANDBOOK-ELEM-2022,379,379,"要是......,就...... | 要是 | 就 | 假设复句 | 复句",149.800,92.700,printed_id_plus_lexical,aligned,high,e0de5388026d3683be8e6d21a1255eff5264e796a8ac02acb403dde0bce47fd8
GF0025-2021-3-070,SRC-GRAMMAR-HANDBOOK-ELEM-2022,380,380,"只有......,才...... | 只有 | 才 | 条件复句 | 复句",149.800,67.400,printed_id_plus_lexical,aligned,high,73fda3996e1c40f7759ee21305ddc6fa73d2432d9d8cc6f985010ea7a9de8526
GF0025-2021-3-071,SRC-GRAMMAR-HANDBOOK-ELEM-2022,381,381,因此 | 所以 | 由于 | 因果复句 | 复句,164.500,89.000,printed_id_plus_lexical,aligned,high,0d5352db3e248c2b4e11e7fa139df419aed324be5716e3e6b313dd79e34d7616
GF0025-2021-3-072,SRC-GRAMMAR-HANDBOOK-ELEM-2022,383,383,"为了......,...... | 目的复句 | 复句",141.900,72.100,printed_id_plus_lexical,aligned,high,d383d4b977c72bd70bcfebf6694e5b3ab638166db9d45d1d36090cc030962f3c
GF0025-2021-3-073,SRC-GRAMMAR-HANDBOOK-ELEM-2022,384,384,了 | 就 | 紧缩复句 | 复句,143.900,72.100,printed_id_plus_lexical,aligned,high,20fcf7f0f4a492326847c89cbb6058afa10d110c139d40cb158614f5113ea241
GF0025-2021-3-074,SRC-GRAMMAR-HANDBOOK-ELEM-2022,385,385;386;387,概数表示法2 | 表示概数 | 大概 | 大约 | 几 | 用,137.200,0.000,printed_id_plus_lexical,aligned,high,2bf8da6f97758615429d95141842c8aeff6a3f19cdaa67f1c0ea4603acb010ec
GF0025-2021-3-075,SRC-GRAMMAR-HANDBOOK-ELEM-2022,389,389,用“一点儿也不......”表示强调 | 一点儿也不 | 表示强调 | 用,152.350,93.950,printed_id_plus_lexical,aligned,high,0b567fc1459a6a0426d97c388e1556a387a233fe1eff0b061341080ffeae1c47
GF0025-2021-3-076,SRC-GRAMMAR-HANDBOOK-ELEM-2022,391,391;390,不是......吗 | 难道......吗 | 不是 | 难道 | 吗,118.200,10.050,printed_id_plus_lexical,aligned,high,da38a36adfb3724e986afbb064df0e548e1f589f23c4fd637e41658832ecaa08
GF0025-2021-3-077,SRC-GRAMMAR-HANDBOOK-ELEM-2022,393,393;392;245;246;389;390;391;47,用“是”表示强调 | 表示强调 | 是 | 用,88.000,27.400,handbook_heading_lexical,aligned,high,4e81a1e2bbe1b16f8685dfefb99deb809edcbb705ab91225645d6e77731b7459
GF0025-2021-3-078,SRC-GRAMMAR-HANDBOOK-ELEM-2022,393,393,用疑问语调表示疑问,131.100,129.100,printed_id_plus_lexical,aligned,high,4e81a1e2bbe1b16f8685dfefb99deb809edcbb705ab91225645d6e77731b7459
GF0025-2021-3-079,SRC-GRAMMAR-HANDBOOK-ELEM-2022,394,394,都......了 | 了 | 都,121.300,92.400,printed_id_plus_lexical,aligned,high,9b487ae4651507eaefac84f46ef4448846cb80b9f620e91323e1a77091a42bed
GF0025-2021-3-080,SRC-GRAMMAR-HANDBOOK-ELEM-2022,395,395;396,X就X(点儿)吧 | X就X | 点儿 | 吧 | 一 | 就,142.350,48.000,printed_id_plus_lexical,aligned,high,e9c9cea6658d1b6a516ab038eee800f388d8d9fe64824d10f00be39fcd03744d
GF0025-2021-3-081,SRC-GRAMMAR-HANDBOOK-ELEM-2022,397,397,X什么(啊) | X什么 | 啊 | 什么 | 一,135.150,127.050,printed_id_plus_lexical,aligned,high,fd0c45b69bb64419e351a6f4b38fabc3e7978c820295b6dbcbc3ed108fff731f
GF0025-2021-4-001,SRC-GRAMMAR-HANDBOOK-INTER-2022,12,12,得 | 能愿动词 | 动词,115.000,48.000,printed_id_plus_lexical,aligned,high,c52bb4131accf64802a1e24e3374a793ac743670e1aa853603f488e4266e441e
GF0025-2021-4-002,SRC-GRAMMAR-HANDBOOK-INTER-2022,13,13,人家 | 人称代词 | 代词,141.900,67.400,printed_id_plus_lexical,aligned,high,013ed18e1c753b4642684903ed790e96936001c763450b54cb1ea1b206a44a14
GF0025-2021-4-003,SRC-GRAMMAR-HANDBOOK-INTER-2022,377,377,打、袋、根、卷、棵、批 | 卷 | 打 | 批 | 根 | 棵 | 袋 | 名量词,152.900,109.000,printed_id_plus_lexical,aligned,high,3fde11a96fae4e2efd8f45dc922a15c616f94108dd6607e084fb764604b9c291
GF0025-2021-4-004,SRC-GRAMMAR-HANDBOOK-INTER-2022,378,378;379;377,名量词 | 屋子 | 手 | 碗 | 脸 | 借用量词 | 量词 | 桌子,137.250,26.050,printed_id_plus_lexical,aligned,high,208da6b731fe8de83821c02fe70a56b299a0f135d4c312af8b6e5feedddef0a6
GF0025-2021-4-005,SRC-GRAMMAR-HANDBOOK-INTER-2022,15,15;14,极其 | 格外 | 极 | 程度副词 | 副词,129.500,6.000,printed_id_plus_lexical,aligned,high,4914b6e89b51dd5122f5e90d036ad818516e5874236f2d7130372795d814084f
GF0025-2021-4-006,SRC-GRAMMAR-HANDBOOK-INTER-2022,17,17,共 | 范围、协同副词 | 副词,117.800,79.700,printed_id_plus_lexical,aligned,high,417f03d9c12734d5ae6fccb5703e6e54a5f0b749ebbf1f297f2d43bf606e5244
GF0025-2021-4-007,SRC-GRAMMAR-HANDBOOK-INTER-2022,19,19;20;22;23;18,即将 | 按时 | 时间副词 | 副词,128.500,0.000,printed_id_plus_lexical,aligned,high,adb467c9ec1f3097ac2dbe47cffcdd643669bc5a046b8814bb1a7be1713de2ea
GF0025-2021-4-008,SRC-GRAMMAR-HANDBOOK-INTER-2022,24,24;26,一再 | 频率、重复副词 | 副词,124.700,0.000,printed_id_plus_lexical,aligned,high,d585d9161df65f377a042c783428da9c12aed5f7a88b88bc31960326c80ecd24
GF0025-2021-4-009,SRC-GRAMMAR-HANDBOOK-INTER-2022,27,27,却 | 关联副词 | 副词,115.000,79.700,printed_id_plus_lexical,aligned,high,759472a972b9bfbc295e9305a6fbe16f95a1a239d2e9f216af1ed6bbd43441ea
GF0025-2021-4-010,SRC-GRAMMAR-HANDBOOK-INTER-2022,28,28,未必 | 否定副词 | 副词,141.900,67.400,printed_id_plus_lexical,aligned,high,c6fc1ef06fb91c06dc26feea5fd0a9e80d053e4be226d53644143fe8c005b721
GF0025-2021-4-011,SRC-GRAMMAR-HANDBOOK-INTER-2022,31,31;29,似乎 | 几乎 | 情态副词 | 副词,128.500,5.000,printed_id_plus_lexical,aligned,high,90475f4efcbe694c9ce7d59eb7836b87d5dc3122f3e89628d45792b2bd039055
GF0025-2021-4-012,SRC-GRAMMAR-HANDBOOK-INTER-2022,37,37;33;36;32;35,究竟 | 竟然 | 语气副词 | 副词 | 还,131.000,2.500,printed_id_plus_lexical,aligned,high,13bd7251cf1609b328a4717f431603feb8dfe72543532f1f19a399ab89358cde
GF0025-2021-4-013,SRC-GRAMMAR-HANDBOOK-INTER-2022,39,39;175;292;40,自 | 引出时间、处所 | 介词,69.800,0.000,handbook_heading_lexical,aligned,high,e2effe0d011aa18d18c7782d14aeb6c82d44524086001d1746b946a51a7b832a
GF0025-2021-4-014,SRC-GRAMMAR-HANDBOOK-INTER-2022,40,40;41,对于 | 引出对象 | 介词,141.900,48.000,printed_id_plus_lexical,aligned,high,fef236816af07f91e565a8d2eb8f7fd2b139feb230170a47eeb568a4c3adbac2
GF0025-2021-4-015,SRC-GRAMMAR-HANDBOOK-INTER-2022,41,41;43,关于 | 引出对象 | 介词,141.900,48.000,printed_id_plus_lexical,aligned,high,3f047d7d5aaa0b7ecdcebeba039a460a3768ffb231c37ae19e91ba391eadca83
GF0025-2021-4-016,SRC-GRAMMAR-HANDBOOK-INTER-2022,43,43,替 | 引出对象 | 介词,115.000,79.700,printed_id_plus_lexical,aligned,high,3303adb3ac847e6f86c2207b0a4aa11050a35a5bac8859fa3123dd1249e41743
GF0025-2021-4-017,SRC-GRAMMAR-HANDBOOK-INTER-2022,44,44;45,根据 | 引出凭借、依据 | 介词,143.100,48.000,printed_id_plus_lexical,aligned,high,4e6cdf92ddf3c06c937db4e893a03932f5d8340d6a69c66b98fc248ef35d5371
GF0025-2021-4-018,SRC-GRAMMAR-HANDBOOK-INTER-2022,45,45,作为 | 引出凭借、依据 | 介词,143.100,72.600,printed_id_plus_lexical,aligned,high,7d4d94b521c405f90f95083b615e97521f0481400adafba2f11cfe125b379aab
GF0025-2021-4-019,SRC-GRAMMAR-HANDBOOK-INTER-2022,48,48;47,并2 | 连词 | 以及 | 并,109.200,2.600,printed_id_plus_lexical,aligned,high,41a85e84f1dc1ae537d4f5c8994835e141b017d5d7d2080e6e47ec9e59cbd52a
GF0025-2021-4-020,SRC-GRAMMAR-HANDBOOK-INTER-2022,52,52;49;51;53,总之 | 连接分句或句子 | 连词 | 而,127.800,2.500,printed_id_plus_lexical,aligned,high,29d64b9d75850072819f3ab67e3fdbcad3efd27a773ea7968f05db7df75bcd0e
GF0025-2021-4-021,SRC-GRAMMAR-HANDBOOK-INTER-2022,53,53,似的 | 其他助词 | 助词,141.900,72.100,printed_id_plus_lexical,aligned,high,fb023a056a01df1f30ef2985e7b62edfcb1544f6eac6ab20af0fc7d5c8cb6920
GF0025-2021-4-022,SRC-GRAMMAR-HANDBOOK-INTER-2022,54,54,啊2 | 叹词 | 啊,125.000,97.100,printed_id_plus_lexical,aligned,high,d0d9e36ac01b75a25caf64e9522047169dcf7394fe06d32fcebc1189116f7bc5
GF0025-2021-4-023,SRC-GRAMMAR-HANDBOOK-INTER-2022,55,55,大A大B | 固定短语 | 一 | 大,130.500,76.000,printed_id_plus_lexical,aligned,high,1b4905251adf61b0a9270b3f10b4c75761bbc1af75d16752bd31382f4152e198
GF0025-2021-4-024,SRC-GRAMMAR-HANDBOOK-INTER-2022,56,56,一A一B | 四字格 | 固定短语 | 一,148.300,66.800,printed_id_plus_lexical,aligned,high,92b0c63d5522a24435e3d64ea89e42a94929bab15464985ae071fbe695ce7fda
GF0025-2021-4-025,SRC-GRAMMAR-HANDBOOK-INTER-2022,58,58,看来 | 固定短语,123.200,48.000,printed_id_plus_lexical,aligned,high,76f4d0323dfa9e9ab241167dd899b7fe296f49458196dafb6307d34b31adf971
GF0025-2021-4-026,SRC-GRAMMAR-HANDBOOK-INTER-2022,60,60;59,来不及 | 来得及 | 固定短语,115.900,7.450,printed_id_plus_lexical,aligned,high,9f312e0da4100762b4e46595b313a6132afbfd2ef9fb8d8f9725c1ad1b2bc421
GF0025-2021-4-027,SRC-GRAMMAR-HANDBOOK-INTER-2022,61,61;62,说不定 | 固定短语,125.100,39.400,printed_id_plus_lexical,aligned,high,86a1b113a4e1816e1e9ee4d9bbc7c1b2af10476cf5d5727882b3af5a089e4289
GF0025-2021-4-028,SRC-GRAMMAR-HANDBOOK-INTER-2022,63,63,一般来说 | 固定短语,127.000,53.400,printed_id_plus_lexical,aligned,high,a63a23a09181e527cd7a3ce281586c0c3f394af5631234f2069e59ce5dc13a4b
GF0025-2021-4-029,SRC-GRAMMAR-HANDBOOK-INTER-2022,64,64;65,一+量词+比+一+量词 | 比一 | 一,132.400,48.000,printed_id_plus_lexical,aligned,high,f7d14684b86a5ffa51166cb2b8d7802706c672fe77d9b1f615863f8f851e7ee1
GF0025-2021-4-030,SRC-GRAMMAR-HANDBOOK-INTER-2022,65,65,(自)......以来 | 以来 | 自,125.700,48.000,printed_id_plus_lexical,aligned,high,29e17a45ed79459d1a3f54e29bab6d097df6edd15f4616152293311d9dd72d9f
GF0025-2021-4-031,SRC-GRAMMAR-HANDBOOK-INTER-2022,66,66;67,由......组成 | 组成 | 由,76.800,0.000,handbook_heading_lexical,aligned,high,81aea57f9e9703b69111580d1e6dad812aee2e6ab0153c973a2020b4eba4be38
GF0025-2021-4-032,SRC-GRAMMAR-HANDBOOK-INTER-2022,67,67,在......方面 | 方面 | 在,124.800,48.000,printed_id_plus_lexical,aligned,high,84ab0078ca5937056492b68f69092ba5cf4f5fde07170d34e58e94b912aee277
GF0025-2021-4-033,SRC-GRAMMAR-HANDBOOK-INTER-2022,70,70;69,在......上 | 下 | 中 | 上 | 在,104.900,1.000,printed_id_plus_lexical,aligned,high,1b977963c4fe1ae3363006eecb4b49296e6c94950c822db4485a894306d7f5d4
GF0025-2021-4-034,SRC-GRAMMAR-HANDBOOK-INTER-2022,379,379,主谓短语作主语 | 主语,79.600,72.900,printed_id_plus_lexical,aligned,high,5cfe563e1f8828b06dfb1ba9523807e00c2f47b3556d712f553e6a8223555416
GF0025-2021-4-035,SRC-GRAMMAR-HANDBOOK-INTER-2022,379,379,受事主语 | 主语,77.500,70.800,printed_id_plus_lexical,aligned,high,5cfe563e1f8828b06dfb1ba9523807e00c2f47b3556d712f553e6a8223555416
GF0025-2021-4-036,SRC-GRAMMAR-HANDBOOK-INTER-2022,379,379,多项定语 | 定语,114.700,85.200,printed_id_plus_lexical,aligned,high,5cfe563e1f8828b06dfb1ba9523807e00c2f47b3556d712f553e6a8223555416
GF0025-2021-4-037,SRC-GRAMMAR-HANDBOOK-INTER-2022,73,73;74;75;76,趋向补语3 表示结果意义(引申用法) | 趋向补语3 表示结果意义 | 引申用法 | 动词+上 | 趋向补语 | 补语,157.000,0.000,printed_id_plus_lexical,aligned,high,0a610299b281f3aa0b1360f897938cf7cd94094886b1476024ed9f03b1bee080
GF0025-2021-4-038,SRC-GRAMMAR-HANDBOOK-INTER-2022,79,79;81;78,“把”字句2 | 动词+了 | 字句2 | 一 | 了 | 把 | 给 | “把”字句,145.300,0.000,printed_id_plus_lexical,aligned,high,ae43e083cf550433ce1bfa145eee1eec6de1f30d115ba5d4400bae0d86681016
GF0025-2021-4-039,SRC-GRAMMAR-HANDBOOK-INTER-2022,82,82,被动句2:主语+被+动词+其他成分 | 被动句2 | 主语+被+动词+其他成分 | 被动句,185.700,116.550,printed_id_plus_lexical,aligned,high,60e7072bd7a07da39b350a0d7f91f5d1ddd900588c36b0b02389f179a63ceef4
GF0025-2021-4-040,SRC-GRAMMAR-HANDBOOK-INTER-2022,84,84;85,存现句2 | 处所词+动词+趋向补语 | 结果补语+动态助词 | 数量短语+人 | 表示出现 | 了 | 物 | 存现句,148.600,3.600,printed_id_plus_lexical,aligned,high,1ddab8d06035647a2da307b47d7cf266de95d0419a3408d4067a9ab12dca1a1f
GF0025-2021-4-041,SRC-GRAMMAR-HANDBOOK-INTER-2022,87,87;88,兼语句2 (1)表爱憎义 | 主语+表扬 | 为 | 兼语句,149.800,6.000,printed_id_plus_lexical,aligned,high,a86211b2693fa1bb0f79dfc22fbfb6c8e39d4b6d7e679f10360c2366cfbfd8ed
GF0025-2021-4-042,SRC-GRAMMAR-HANDBOOK-INTER-2022,90,90,“是......的”句2 | 强调说话人的看法或态度 | 句2 | 是......的 | “是......的”句 | 是 | 的,191.000,91.000,printed_id_plus_lexical,aligned,high,aa5e1dcb360adbe17ba7c123e319a37fa5dd1802afc7a05b580bdb5519a18325
GF0025-2021-4-043,SRC-GRAMMAR-HANDBOOK-INTER-2022,53,53;91,"不是......,而是...... | 不是 | 而是 | 并列复句 | 复句",155.700,0.000,printed_id_plus_lexical,aligned,high,fb023a056a01df1f30ef2985e7b62edfcb1544f6eac6ab20af0fc7d5c8cb6920
GF0025-2021-4-044,SRC-GRAMMAR-HANDBOOK-INTER-2022,93,93,"既......,又/也...... | 也 | 又 | 既 | 并列复句 | 复句",146.800,101.500,printed_id_plus_lexical,aligned,high,dfecfc6a842f6da9dd35890220efa407ebcb8bbfc7a1f1a342e3eeb75d402a64
GF0025-2021-4-045,SRC-GRAMMAR-HANDBOOK-INTER-2022,94,94,"首先......,其次...... | 其次 | 首先 | 承接复句 | 复句",155.700,99.300,printed_id_plus_lexical,aligned,high,06ba082bfc4f20777f24816f6c8ea14680b6c18ffe8af5c904875326b4e2f8bb
GF0025-2021-4-046,SRC-GRAMMAR-HANDBOOK-INTER-2022,96,96,"......,于是...... | 承接复句 | 复句",141.900,67.400,printed_id_plus_lexical,aligned,high,b3784a4a57979997506ebdf18ae2b7344896b842a8b79d8fb3a017ef4872fc14
GF0025-2021-4-047,SRC-GRAMMAR-HANDBOOK-INTER-2022,53,53;97,"......,甚至...... | 递进复句 | 复句",141.900,0.000,printed_id_plus_lexical,aligned,high,fb023a056a01df1f30ef2985e7b62edfcb1544f6eac6ab20af0fc7d5c8cb6920
GF0025-2021-4-048,SRC-GRAMMAR-HANDBOOK-INTER-2022,99,99,"或者......,或者...... | 者 | 选择复句 | 复句 | 或者",150.800,105.500,printed_id_plus_lexical,aligned,high,1180328b7b41058e822aaa54a9f5c4c7a162011f641887845d5aaa3c2e436833
GF0025-2021-4-049,SRC-GRAMMAR-HANDBOOK-INTER-2022,100,100,"......,然而...... | 转折复句 | 复句",141.900,67.400,printed_id_plus_lexical,aligned,high,656d39d57a653357c6ce5efa87a8c0151259a0aa80eaaca50bada0071c4284db
GF0025-2021-4-050,SRC-GRAMMAR-HANDBOOK-INTER-2022,101,101;235,"......,否则...... | 假设复句 | 复句",141.900,48.000,printed_id_plus_lexical,aligned,high,187df1c0f761170bd65f8500c7ed06bfdefa27a74ee49e437f4deff492154ff4
GF0025-2021-4-051,SRC-GRAMMAR-HANDBOOK-INTER-2022,103,103;53,"假如......,(就)...... | 假如 | 就 | 假设复句 | 复句",149.800,27.400,printed_id_plus_lexical,aligned,high,718c74bc08783343413b28576746f7b9e9578adac2c86b510a173db04937cfba
GF0025-2021-4-052,SRC-GRAMMAR-HANDBOOK-INTER-2022,104,104,"万一......,(就)...... | 万一 | 就 | 假设复句 | 复句",149.800,97.400,printed_id_plus_lexical,aligned,high,be3db7adf11af0dba93c0ba857be5544a621b01cd0e9c29f68404d118ccea7a5
GF0025-2021-4-053,SRC-GRAMMAR-HANDBOOK-INTER-2022,106,106,"不管......,都/也...... | 不管 | 也 | 都 | 条件复句 | 复句",152.700,75.200,printed_id_plus_lexical,aligned,high,8080d411184ad5bb913102b7552adb172bc80a21d0c73445a8667537b43ddac3
GF0025-2021-4-054,SRC-GRAMMAR-HANDBOOK-INTER-2022,107,107,"无论......,都/也...... | 无论 | 也 | 都 | 条件复句 | 复句",152.700,67.400,printed_id_plus_lexical,aligned,high,76fe0d9429b2ba9f149bc6ace99e4ea26746197cc5e6a472f7fa43ec40fd0a14
GF0025-2021-4-055,SRC-GRAMMAR-HANDBOOK-INTER-2022,53,53;108,"既然......,就...... | 既然 | 就 | 因果复句 | 复句",149.800,0.000,printed_id_plus_lexical,aligned,high,fb023a056a01df1f30ef2985e7b62edfcb1544f6eac6ab20af0fc7d5c8cb6920
GF0025-2021-4-056,SRC-GRAMMAR-HANDBOOK-INTER-2022,53,53;110,"......,可见...... | 因果复句 | 复句",141.900,0.000,printed_id_plus_lexical,aligned,high,fb023a056a01df1f30ef2985e7b62edfcb1544f6eac6ab20af0fc7d5c8cb6920
GF0025-2021-4-057,SRC-GRAMMAR-HANDBOOK-INTER-2022,111,111;116,"哪怕......,也/还...... | 哪怕 | 也 | 还 | 让步复句 | 复句",152.700,48.000,printed_id_plus_lexical,aligned,high,ff33daea7e2dba0c95b5e94c21e988f58d1c59494ede70a55b0c627734e8beda
GF0025-2021-4-058,SRC-GRAMMAR-HANDBOOK-INTER-2022,112,112,"......,好...... | 目的复句 | 复句",115.000,48.000,printed_id_plus_lexical,aligned,high,6fe44c83fdaf6511d393c93727d5fa8117e71628f0250eeb1710ed6c3ce3cf32
GF0025-2021-4-059,SRC-GRAMMAR-HANDBOOK-INTER-2022,114,114,无标记 | 紧缩复句 | 复句,143.800,108.500,printed_id_plus_lexical,aligned,high,7feb77f024d904842d013e6fbf4ae4f4e00658074cb04127a357de7135a41cab
GF0025-2021-4-060,SRC-GRAMMAR-HANDBOOK-INTER-2022,115,115,不......也...... | 紧缩复句 | 复句 | 不 | 也,145.400,67.400,printed_id_plus_lexical,aligned,high,1e1c7f47399caedb52e27faca907aa2f86d68c021fc8cbfc3332fc6d31ea1b61
GF0025-2021-4-061,SRC-GRAMMAR-HANDBOOK-INTER-2022,116,116,概数表示法3:数词+来+量词 | 概数表示法3 | 数词+来+量词 | 来,168.150,124.250,printed_id_plus_lexical,aligned,high,120d5c480e78a8671611606f5fc4e4f9336188667c4a289f0e50b9a152cf1b0c
GF0025-2021-4-062,SRC-GRAMMAR-HANDBOOK-INTER-2022,118,118,小数、分数、百分数、倍数的表示法; | 倍数的表示法 | 百分数 | 分数 | 小数 | 数的表示法,172.800,107.750,printed_id_plus_lexical,aligned,high,4df1e620667af2d207b3443eb41444d93519ebbe0a5682cb5fcd725570bc267f
GF0025-2021-4-063,SRC-GRAMMAR-HANDBOOK-INTER-2022,119,119,由疑问代词构成的反问句,120.700,48.000,printed_id_plus_lexical,aligned,high,d5bd54fba8261a081835f31e4a5c067eabe4c2cd53d607195d5cacf5864ecc70
GF0025-2021-4-064,SRC-GRAMMAR-HANDBOOK-INTER-2022,121,121,用双重否定表示强调,83.100,81.100,handbook_heading_lexical,aligned,high,2d3b3411802ff17ac13ecb426f02324908adf7a0ccb503fc546ef505d0c35366
GF0025-2021-4-065,SRC-GRAMMAR-HANDBOOK-INTER-2022,122,122,表示强调 | 一+量词 | 也没 | 名词 | 不 | 也 | 用 | 都,164.450,92.900,printed_id_plus_lexical,aligned,high,4500fafe976ae6bc62cab5b115caaa0b5f22ff9cd0128fedd57e1eebfed8335f
GF0025-2021-4-066,SRC-GRAMMAR-HANDBOOK-INTER-2022,123,123,表示强调 | 连......也 | 用 | 都 | 也 | 连,148.300,86.400,printed_id_plus_lexical,aligned,high,40378fd4d5ff1395cb67b5983bc2e6fd0c4d9fef42f5d3d00e9906e19f802246
GF0025-2021-4-067,SRC-GRAMMAR-HANDBOOK-INTER-2022,125,125;126,不X白不X | 白不 | 一 | 不,129.600,48.000,printed_id_plus_lexical,aligned,high,a0544189cbffcfb8e231ebbb3b1b283c78411e73aee132e06d0d5113d7ef6dc1
GF0025-2021-4-068,SRC-GRAMMAR-HANDBOOK-INTER-2022,126,126,动词+一X是一X,127.300,125.300,printed_id_plus_lexical,aligned,high,56ca621f130764c34d8524f8ee268a2e892e45e828afead9f51b0a12db5600b0
GF0025-2021-4-069,SRC-GRAMMAR-HANDBOOK-INTER-2022,127,127;128,(没)有什么(好)X的 | 有什么 | X的 | 好 | 没 | 有什么好 | 一 | 的,148.450,52.800,printed_id_plus_lexical,aligned,high,730d18e4c2bee333f2c94413b32078be8066a1a9972d2e9b07820669b59b94c9
GF0025-2021-4-070,SRC-GRAMMAR-HANDBOOK-INTER-2022,128,128;129,"X是X,Y是Y | X是X | Y是Y | 一 | 是",143.800,48.000,printed_id_plus_lexical,aligned,high,afd1bc315e715ab90d9e499fa06b35c967b1c2d75ef94cbb67694aab615c408a
GF0025-2021-4-071,SRC-GRAMMAR-HANDBOOK-INTER-2022,130,130;131,"X也得X,不X也得X | 不X也得X | X也得X | 也得 | 一 | 不",155.550,48.000,printed_id_plus_lexical,aligned,high,9d70d1d190a93b56c52f311b9eac7a1d49aaf953e1d237a3fa0a47ed4124dbc9
GF0025-2021-4-072,SRC-GRAMMAR-HANDBOOK-INTER-2022,131,131,X就是了 | 就是了 | 一,79.000,71.600,handbook_heading_lexical,aligned,high,06858b7e499178d513c1221a14c4ad720f85a80579e6c395536d6112fccac08f
GF0025-2021-4-073,SRC-GRAMMAR-HANDBOOK-INTER-2022,132,132,还X呢 | 一 | 呢 | 还,124.200,48.000,printed_id_plus_lexical,aligned,high,5fdad3503ecb041f3a2babb21f7570e9fe55cf5e4742577de5d128514d1ab467
GF0025-2021-4-074,SRC-GRAMMAR-HANDBOOK-INTER-2022,133,133,你X你的吧 | 你的吧 | 一 | 你,129.900,96.000,printed_id_plus_lexical,aligned,high,4ad51507fed46b334c8d42ba1fa47a97985b32439bdd948e62112496cb5e103f
GF0025-2021-4-075,SRC-GRAMMAR-HANDBOOK-INTER-2022,134,134;135,让/叫你X你就X | 叫你X你就X | 让 | 你就 | 一 | 你 | 叫,146.300,48.000,printed_id_plus_lexical,aligned,high,7ec14e15f03988bc877f38dca3e07e6a09e9c75695767a689ff3158ea6f63365
GF0025-2021-4-076,SRC-GRAMMAR-HANDBOOK-INTER-2022,135,135;136,说什么/怎么(着)也得X | 也得X | 说什么 | 怎么 | 着 | 怎么着 | 也得 | 一,160.000,55.200,printed_id_plus_lexical,aligned,high,258ba8d3559f6eba6587ca320c23095039f46291985f2761a0de85c678856a91
GF0025-2021-5-001,SRC-GRAMMAR-HANDBOOK-INTER-2022,139,139,如此 | 彼此 | 指示代词 | 代词,128.500,53.000,printed_id_plus_lexical,aligned,high,c6e3951762475478863ea3375e13fe10cd3e03dfe6eea1581d53f30ee04188a0
GF0025-2021-5-002,SRC-GRAMMAR-HANDBOOK-INTER-2022,378,378,册、朵、幅、届、颗、匹、扇 | 册 | 匹 | 届 | 幅 | 扇 | 朵 | 颗,155.800,111.900,printed_id_plus_lexical,aligned,high,208da6b731fe8de83821c02fe70a56b299a0f135d4c312af8b6e5feedddef0a6
GF0025-2021-5-003,SRC-GRAMMAR-HANDBOOK-INTER-2022,146,146;143;140;142;144,尤其 | 稍微 | 稍 | 程度副词 | 副词 | 可,132.000,5.000,printed_id_plus_lexical,aligned,high,d4a0eaf94b677a6bc48e23f50a34b73f10d4cec4af325330ec924d4a59c059bb
GF0025-2021-5-004,SRC-GRAMMAR-HANDBOOK-INTER-2022,147,147,大都 | 副词,122.500,48.000,printed_id_plus_lexical,aligned,high,ea4b8569bc599e93b73468d0fe15318803f4914641809ed4631462bcc1a8d81d
GF0025-2021-5-005,SRC-GRAMMAR-HANDBOOK-INTER-2022,152,152;153;154;155;149;148;157,仍旧 | 将要 | 将 | 时间副词 | 副词,129.500,1.000,printed_id_plus_lexical,aligned,high,cc3564995fad2378800f00a6c5e6cf9838c34adc2c76cecf8671b340d89db707
GF0025-2021-5-006,SRC-GRAMMAR-HANDBOOK-INTER-2022,159,159;158,偶尔 | 再次 | 频率、重复副词 | 副词,129.700,5.000,printed_id_plus_lexical,aligned,high,b86a95578b149d5a56d96b8d842ab2f6e3f60034bc37f79603c77904a57a3fcd
GF0025-2021-5-007,SRC-GRAMMAR-HANDBOOK-INTER-2022,160,160,偷偷 | 方式副词 | 副词,141.900,67.400,printed_id_plus_lexical,aligned,high,50458c6fe9d336d42ad64a6859e78f869ed95566be7c4861c2d3cb31d843525f
GF0025-2021-5-008,SRC-GRAMMAR-HANDBOOK-INTER-2022,167,167;165;164;172;163;173;168;161,倒是 | 干脆 | 点儿 | 一 | 语气副词 | 副词 | 可 | 就,138.000,1.400,printed_id_plus_lexical,aligned,high,38d584bdfc0ac717bba570ffed1b74afb7c889769e79aec0280a814d11a5be05
GF0025-2021-5-009,SRC-GRAMMAR-HANDBOOK-INTER-2022,175,175,随着 | 引出时间、处所 | 介词,143.100,68.600,printed_id_plus_lexical,aligned,high,cb20c82960900a7799c89ad64b387152b4eb9b7ac300565d90ec4307d60eabf0
GF0025-2021-5-010,SRC-GRAMMAR-HANDBOOK-INTER-2022,176,176,将 | 介词,64.200,34.800,handbook_heading_lexical,aligned,high,bf47848dc8bff3dc723099e7787990e4c5fae1dbd5b084ccfb524b3975f1ba01
GF0025-2021-5-011,SRC-GRAMMAR-HANDBOOK-INTER-2022,177,177,由2 | 介词 | 由,125.000,48.000,printed_id_plus_lexical,aligned,high,edd3dafce7f4007012e330e59c3a96c1fd2799654ff095b6a1606db008a3eed4
GF0025-2021-5-012,SRC-GRAMMAR-HANDBOOK-INTER-2022,44,44;45;178;180;181;301,凭 | 引出凭借、依据 | 介词,69.800,0.000,handbook_heading_lexical,aligned,high,4e6cdf92ddf3c06c937db4e893a03932f5d8340d6a69c66b98fc248ef35d5371
GF0025-2021-5-013,SRC-GRAMMAR-HANDBOOK-INTER-2022,180,180;44;45;178;181;301,依据 | 引出凭借、依据 | 介词,143.100,48.000,printed_id_plus_lexical,aligned,high,d8600ad0333e7b4c6481e65f5ec9c6c37d7d4cc0728b968111e0a81ad3a59da3
GF0025-2021-5-014,SRC-GRAMMAR-HANDBOOK-INTER-2022,181,181,依照 | 引出凭借、依据 | 介词,143.100,73.300,printed_id_plus_lexical,aligned,high,c88726d412dcad5fa7d0536f8746aa233016056fe4b9d48ab50cd391104d2c60
GF0025-2021-5-015,SRC-GRAMMAR-HANDBOOK-INTER-2022,184,184;185;186;182,从而 | 加上 | 连接分句或句子 | 连词,130.300,0.000,printed_id_plus_lexical,aligned,high,b3eca7e093dd88b50dda49ab79e3e959ae1e040ed8e0277b139a77f2a3c5fb84
GF0025-2021-5-016,SRC-GRAMMAR-HANDBOOK-INTER-2022,187,187,也好 | 助词,122.500,52.700,printed_id_plus_lexical,aligned,high,b8392993087dd7e0804d1f0f4eddf81a9af8b65425074981d70668fb2d3a2047
GF0025-2021-5-017,SRC-GRAMMAR-HANDBOOK-INTER-2022,189,189;190,A来A去 | 固定短语 | 一 | 去 | 来,131.500,48.000,printed_id_plus_lexical,aligned,high,7cea4987e1552f7ce0eddfb4126c161403198cd9247925d0b2b338758b2856e7
GF0025-2021-5-018,SRC-GRAMMAR-HANDBOOK-INTER-2022,190,190,A着A着 | 固定短语 | 一 | 着,130.500,94.800,printed_id_plus_lexical,aligned,high,ce05ad10040fdbe13707979686736f702a64e5589d4d4b9228ee127bd0761228
GF0025-2021-5-019,SRC-GRAMMAR-HANDBOOK-INTER-2022,191,191,没A没B | 固定短语 | 一 | 没,130.500,53.400,printed_id_plus_lexical,aligned,high,96b26a40f9da3b72111f613f282d107482cb15d8e49fb83e09516dcab36416ff
GF0025-2021-5-020,SRC-GRAMMAR-HANDBOOK-INTER-2022,193,193;194,说A就A | 固定短语 | 一 | 就 | 说,131.500,48.000,printed_id_plus_lexical,aligned,high,1b26ccba22f7083778dfe69417e17df7d603f5945284142b192f331faa76b954
GF0025-2021-5-021,SRC-GRAMMAR-HANDBOOK-INTER-2022,194,194;195,有A有B | 固定短语 | 一 | 有,82.500,5.400,handbook_heading_lexical,aligned,high,0429fba6c3f4c7273a3c4669c9285a8af10dffe834548a0fe7c3aaf0925c54d7
GF0025-2021-5-022,SRC-GRAMMAR-HANDBOOK-INTER-2022,196,196;319,不得了 | 固定短语,125.100,34.000,printed_id_plus_lexical,aligned,high,fd5b01f580a40b8905a1b7108ddad6241fcb3aad07c678d8a02df35fff7f3a21
GF0025-2021-5-023,SRC-GRAMMAR-HANDBOOK-INTER-2022,197,197;198,不敢当 | 固定短语,125.100,34.000,printed_id_plus_lexical,aligned,high,869e67c10bfad7a271feffe30a60ee4f7914ff12352efcaa75447339b2329535
GF0025-2021-5-024,SRC-GRAMMAR-HANDBOOK-INTER-2022,198,198;319,得了 | 其他 | 固定短语,137.200,48.000,printed_id_plus_lexical,aligned,high,ac60eae3d3599c9e4327739f08dbd96de852827221a0de412232b86772eb772e
GF0025-2021-5-025,SRC-GRAMMAR-HANDBOOK-INTER-2022,200,200,用不着 | 固定短语,125.100,53.400,printed_id_plus_lexical,aligned,high,204df4499e60ac570af6d2fe6fe95981d63f3dd1a8861e8d3079927b3a5e67ab
GF0025-2021-5-026,SRC-GRAMMAR-HANDBOOK-INTER-2022,201,201,从......来看 | 来看 | 从,124.800,93.600,printed_id_plus_lexical,aligned,high,175e36d418e58b941027d76b136a973ff158ceb0e93ca96b9a203b8eafd85f67
GF0025-2021-5-027,SRC-GRAMMAR-HANDBOOK-INTER-2022,202,202,到......为止 | 为止 | 到,124.800,93.600,printed_id_plus_lexical,aligned,high,5b936c37cedf2386ca65c7073b406213da827befb49a501ab484ed4db7bd8710
GF0025-2021-5-028,SRC-GRAMMAR-HANDBOOK-INTER-2022,203,203,够......的 | 够 | 的,121.300,92.400,printed_id_plus_lexical,aligned,high,2fe7f5da196468c7833025487b636d7ddff0ddc989214887519e5f83150a7ece
GF0025-2021-5-029,SRC-GRAMMAR-HANDBOOK-INTER-2022,204,204,拿......来说 | 来说 | 拿,124.800,93.600,printed_id_plus_lexical,aligned,high,bef9e83d6184540a3a0fa0e13b9eca1e8afca1d5b918bb8cfe77849535866061
GF0025-2021-5-030,SRC-GRAMMAR-HANDBOOK-INTER-2022,205,205;206,"A的A,B的B | A的A | B的B | 一 | 的",143.800,48.000,printed_id_plus_lexical,aligned,high,5aad487a172e226cd07f66e78ac3c1cd435ada8477214e84dbee2103f87cf1ae
GF0025-2021-5-031,SRC-GRAMMAR-HANDBOOK-INTER-2022,207,207,在......看来 | 看来 | 在,124.800,48.000,printed_id_plus_lexical,aligned,high,1184164778a4188a65393a408f96e8e5ab4228c92ff6bf1a47715febdfbcc2d5
GF0025-2021-5-032,SRC-GRAMMAR-HANDBOOK-INTER-2022,380,380,宾语的语义类型1 | 受事宾语 | 施事宾语 | 宾语,167.400,105.300,printed_id_plus_lexical,aligned,high,4984301540870c47a990e3f326e74dd8ab91562d37838446880529ce5a8f3613
GF0025-2021-5-033,SRC-GRAMMAR-HANDBOOK-INTER-2022,381,381,多项状语 | 状语,114.700,108.000,printed_id_plus_lexical,aligned,high,ed95b56e38d9fc340aa84c77c97a73675b759e95616dbeac6e82007bd4a2bae3
GF0025-2021-5-034,SRC-GRAMMAR-HANDBOOK-INTER-2022,208,208;209,趋向补语4 表示时间意义 | 表示动作行为的开始 | 引申用法 | 动词+上 | 趋向补语 | 补语,152.200,8.400,printed_id_plus_lexical,aligned,high,d41142d5e546dd4d96acbed8c20a59b87a5ac691d0a96ee25f24466fce4fdaab
GF0025-2021-5-035,SRC-GRAMMAR-HANDBOOK-INTER-2022,211,211,可能补语2:动词+得/不得 | 可能补语2 | 动词+得 | 不得 | 可能补语 | 补语,180.000,104.500,printed_id_plus_lexical,aligned,high,84992c3c9b60714e38b71f2c8afc8c779f4b0e149302ad8a1fb77201673017d2
GF0025-2021-5-036,SRC-GRAMMAR-HANDBOOK-INTER-2022,197,197;212;214,程度补语2 | 心理动词+得+不得了 | 形容词 | 动词 | 厉害 | 慌 | 程度补语 | 补语,145.000,0.000,printed_id_plus_lexical,aligned,high,869e67c10bfad7a271feffe30a60ee4f7914ff12352efcaa75447339b2329535
GF0025-2021-5-037,SRC-GRAMMAR-HANDBOOK-INTER-2022,382,382,状态补语2 | 形容词+得+短语  动词 | 动词 | 状态补语 | 补语,143.000,67.500,printed_id_plus_lexical,aligned,high,5a806a1ce384c4f5f66b6ca055da877799436b2436d40d65c6b7d064dec37bb5
GF0025-2021-5-038,SRC-GRAMMAR-HANDBOOK-INTER-2022,215,215;216,“有”字句3 | 表示存在 | 字句3 | 具有 | 有 | “有”字句,143.800,0.000,printed_id_plus_lexical,aligned,high,1b4ae05973135daad78d366204c73bc9b342a56c83da696c83465af7e401ed86
GF0025-2021-5-039,SRC-GRAMMAR-HANDBOOK-INTER-2022,217,217;219;220;222,“把”字句3 | 字句3 | 把 | “把”字句 | 一,145.300,0.000,printed_id_plus_lexical,aligned,high,5ada3741acbfa199849dad6c633d46556d732553e20df55718720cc77cb1ddce
GF0025-2021-5-040,SRC-GRAMMAR-HANDBOOK-INTER-2022,223,223,被动句3:意念被动句 | 被动句3 | 意念被动句 | 被动句,178.100,99.550,printed_id_plus_lexical,aligned,high,fd87c41aaf54020b21d18679351ab7cf44a86b2ad781695a8883e1eaf69415a0
GF0025-2021-5-041,SRC-GRAMMAR-HANDBOOK-INTER-2022,225,225,连动句3 | 前后两个动词性词语具有因果 | 条件关系 | 转折 | 连动句,189.200,82.600,printed_id_plus_lexical,aligned,high,81b93e7d35567270a4c339ea6e631151ce29c3d932a91ed14b611aa2c9d7fff0
GF0025-2021-5-042,SRC-GRAMMAR-HANDBOOK-INTER-2022,226,226,兼语句3 表致使 | 让+人称代词+动词短语 | 主语+叫 | 令 | 使 | 兼语句,182.000,107.150,printed_id_plus_lexical,aligned,high,93fc026f37a9fd40b97bf93a68292ba6af3c411005882cd3e612e64a688998ee
GF0025-2021-5-043,SRC-GRAMMAR-HANDBOOK-INTER-2022,228,228;229,比较句5 | 比较句 | 相比 | 跟,141.700,0.000,printed_id_plus_lexical,aligned,high,efae94e4a12b493ed9f79b0a73bd19aef2b82399f307c32fe82c318dfa8bf419
GF0025-2021-5-044,SRC-GRAMMAR-HANDBOOK-INTER-2022,230,230,"或是......,或是...... | 是 | 选择复句 | 复句 | 或是",150.800,72.100,printed_id_plus_lexical,aligned,high,41622d9cefe2d584010b050fc71a3f7de1da1e16785d8643c43b836d0b85b52b
GF0025-2021-5-045,SRC-GRAMMAR-HANDBOOK-INTER-2022,232,232,"尽管......,但是/可是...... | 但是 | 可是 | 尽管 | 转折复句 | 复句",164.500,67.400,printed_id_plus_lexical,aligned,high,35e9b3217967f899a211fc3efa601dc7578958a5ef1e171186dbbdd48a2281ca
GF0025-2021-5-046,SRC-GRAMMAR-HANDBOOK-INTER-2022,233,233,"一旦......,就...... | 一旦 | 就 | 假设复句 | 复句",149.800,72.100,printed_id_plus_lexical,aligned,high,5c6f60f612fef801f802bf23e549dfa95cd39968bb1bf504907cb9ced4b79afe
GF0025-2021-5-047,SRC-GRAMMAR-HANDBOOK-INTER-2022,235,235,否则 | 要是 | 就 | 假设复句 | 复句,158.600,67.400,printed_id_plus_lexical,aligned,high,68049fdeee73849236e840c870bfee712698cd49ad26737c1cd5dceae39354f4
GF0025-2021-5-048,SRC-GRAMMAR-HANDBOOK-INTER-2022,236,236;238;237,"除非......,才...... | 除非 | 才 | 条件复句 | 复句",101.800,0.000,handbook_heading_lexical,aligned,high,827bcc22adadea36f65b8af7586fa26e653591a3befb3ea10b6015f59066b58d
GF0025-2021-5-049,SRC-GRAMMAR-HANDBOOK-INTER-2022,238,238,"除非......,否则/不然...... | 不然 | 否则 | 除非 | 条件复句 | 复句",164.500,67.400,printed_id_plus_lexical,aligned,high,542772810335b29d00ac2961cae4e367164ed9b3d1ff8d1813fcffcbfea79ab3
GF0025-2021-5-050,SRC-GRAMMAR-HANDBOOK-INTER-2022,239,239,"......,因而...... | 因果复句 | 复句",141.900,67.400,printed_id_plus_lexical,aligned,high,892054c32445f147812246e152c8a9f00ad371a1e7cf199103ef963075094f13
GF0025-2021-5-051,SRC-GRAMMAR-HANDBOOK-INTER-2022,240,240,"即使......,也...... | 即使 | 也 | 让步复句 | 复句",149.800,67.400,printed_id_plus_lexical,aligned,high,cf373b2bdd97ab8f4ae428859e17b265e2088a2e03236cde5e8ac012b05fdfb7
GF0025-2021-5-052,SRC-GRAMMAR-HANDBOOK-INTER-2022,242,242;243,"......,为的是...... | 目的复句 | 复句",143.800,48.000,printed_id_plus_lexical,aligned,high,267c372b75c3abb7a475e173fa866ade28567d4be402c1c2cdb6c04148221a05
GF0025-2021-5-053,SRC-GRAMMAR-HANDBOOK-INTER-2022,243,243,"......,以便...... | 目的复句 | 复句",141.900,67.400,printed_id_plus_lexical,aligned,high,df734830478c52178653037177d137d28606f12d3ff990066ef0fd66344740f0
GF0025-2021-5-054,SRC-GRAMMAR-HANDBOOK-INTER-2022,244,244,没有......就没有...... | 紧缩复句 | 复句 | 就没有 | 没有,154.600,115.200,printed_id_plus_lexical,aligned,high,53f59455c0d0a33443368adc710043359952db9c890892ca618ca536e4e686e2
GF0025-2021-5-055,SRC-GRAMMAR-HANDBOOK-INTER-2022,246,246,再......也...... | 紧缩复句 | 复句 | 也 | 再,145.400,67.400,printed_id_plus_lexical,aligned,high,b061792987d12ce89a9324184431bb0bbfe58bba9c5bcc04a980e1e725a9d114
GF0025-2021-5-056,SRC-GRAMMAR-HANDBOOK-INTER-2022,247,247,二重复句1:单句+复句;复句+单句 | 二重复句1 | 单句+复句 | 复句+单句 | 多重复句 | 复句,185.700,115.000,printed_id_plus_lexical,aligned,high,d0787d230b7765986182b073a72c13585ca27a6cd3585b73e64d1bcce0d0ccea
GF0025-2021-5-057,SRC-GRAMMAR-HANDBOOK-INTER-2022,249,249,用“再也不/没”表示强调 | 表示强调 | 再也不 | 没 | 用 | 再也 | 不,154.250,82.300,printed_id_plus_lexical,aligned,high,f442a8a5596803eff2f36dcd200687d13ad4ad3ebb50a198d5efdd45db1e0547
GF0025-2021-5-058,SRC-GRAMMAR-HANDBOOK-INTER-2022,250,250,用副词“可”表示强调 | 表示强调 | 用副词 | 可,146.250,87.850,printed_id_plus_lexical,aligned,high,104bb1f57a4c8b63b18f80e3d7eedd7e05df2cbc8d6256c8150566fc7866d81f
GF0025-2021-5-059,SRC-GRAMMAR-HANDBOOK-INTER-2022,251,251,用“怎么都/也+不/没”表示强调 | 表示强调 | 怎么都 | 也+不 | 没 | 用 | 怎么 | 不,165.050,93.550,printed_id_plus_lexical,aligned,high,7a6c8085eeff331b9609b907c01b8aea8c3eac838f245629424d79d7631c333e
GF0025-2021-5-060,SRC-GRAMMAR-HANDBOOK-INTER-2022,252,252;253,"X也不是,Y也不是 | X也不是 | Y也不是 | 也不是 | 一",151.800,48.000,printed_id_plus_lexical,aligned,high,ad4ae36ae67991ac95c7210d9ce5fe8f71e1e74c44146a78fbdae66ccb0f317c
GF0025-2021-5-061,SRC-GRAMMAR-HANDBOOK-INTER-2022,253,253;254,"X也X不得,Y也Y不得 | X也X不得 | Y也Y不得 | 不得 | 一 | 也",158.600,48.000,printed_id_plus_lexical,aligned,high,794616d694db486e5f844b1a1cedbf140e9a4a252619b092c6ce7c0fa703110d
GF0025-2021-5-062,SRC-GRAMMAR-HANDBOOK-INTER-2022,254,254,"X是它,Y也是它 | Y也是它 | X是它 | 也是它 | 是它 | 一",151.350,130.000,printed_id_plus_lexical,aligned,high,c855cd071f86ff414599d6d1c668986744b7cfd2607c48a2cae38e51b36d4586
GF0025-2021-5-063,SRC-GRAMMAR-HANDBOOK-INTER-2022,256,256,X着也是X着 | 着也是 | 一 | 着,131.800,123.400,printed_id_plus_lexical,aligned,high,60ef6b735d039e43beebd41f6e473f71c5754a099ad79f792949e38147858202
GF0025-2021-5-064,SRC-GRAMMAR-HANDBOOK-INTER-2022,257,257,"X归X,Y归Y | X归X | Y归Y | 一 | 归",143.800,130.000,printed_id_plus_lexical,aligned,high,f0b2dd8c2bc14ca0ad92add5d096cf57d45aa74870cc92fa32a334b05823eee7
GF0025-2021-5-065,SRC-GRAMMAR-HANDBOOK-INTER-2022,258,258;259,不管怎样说,75.500,0.000,handbook_heading_lexical,aligned,high,57b97414c00d6b154864c81babe4b3b34c5ab5f43bb7ce979bf12fbbafa0de3c
GF0025-2021-5-066,SRC-GRAMMAR-HANDBOOK-INTER-2022,259,259,看你X的/瞧他X的 | 看你X的 | 瞧他X的 | 看你 | 瞧他 | 一 | 的,155.100,130.000,printed_id_plus_lexical,aligned,high,b0fe27b98eb1892ce7bc224b428ca146f6796c8b47e8c6c03c27c0163112a10c
GF0025-2021-5-067,SRC-GRAMMAR-HANDBOOK-INTER-2022,261,261;32;74;75;83;92;98;248,真有你 | 她的 | 他 | 真有 | 你 | 她 | 的,68.150,11.250,handbook_heading_lexical,aligned,high,8dcd80e0b89f2867d2c0d85c48f12fdd21dd95bb1f5cd019bd0c1615c3034382
GF0025-2021-5-068,SRC-GRAMMAR-HANDBOOK-INTER-2022,262,262,X什么X | 什么 | 一,126.700,119.600,printed_id_plus_lexical,aligned,high,1da044fc1389d110f4a2a300e73b503cca99563629355efcf6203c20e5223c0c
GF0025-2021-5-069,SRC-GRAMMAR-HANDBOOK-INTER-2022,263,263,什么X不X(的) | 什么X不X | 的 | 什么 | 一 | 不,142.250,130.000,printed_id_plus_lexical,aligned,high,c7d51f881977486730bf4adc9ac0e7f3034e6789e0ac1d49bd3ae1770f4ff0b9
GF0025-2021-5-070,SRC-GRAMMAR-HANDBOOK-INTER-2022,382,382,用代词复指,78.000,46.000,printed_id_plus_lexical,aligned,high,5a806a1ce384c4f5f66b6ca055da877799436b2436d40d65c6b7d064dec37bb5
GF0025-2021-5-071,SRC-GRAMMAR-HANDBOOK-INTER-2022,383,383,带省略成分,78.000,76.000,printed_id_plus_lexical,aligned,high,045997dccc4506ed8fb4117f2eff5cf33872982374e10d443c348e13afeae47e
GF0025-2021-6-001,SRC-GRAMMAR-HANDBOOK-INTER-2022,377,377,类前缀 | 亚- | 准- | 反- | 多- | 无- | 超- | 前缀,125.300,122.300,printed_id_plus_lexical,aligned,high,3fde11a96fae4e2efd8f45dc922a15c616f94108dd6607e084fb764604b9c291
GF0025-2021-6-002,SRC-GRAMMAR-HANDBOOK-INTER-2022,377,377,类后缀 | -化 | -型 | -式 | -性 | 后缀,123.300,120.300,printed_id_plus_lexical,aligned,high,3fde11a96fae4e2efd8f45dc922a15c616f94108dd6607e084fb764604b9c291
GF0025-2021-6-003,SRC-GRAMMAR-HANDBOOK-INTER-2022,266,266;265,本 | 此 | 指示代词 | 代词,94.300,1.000,printed_id_plus_lexical,aligned,high,7c14f4ff2bf8d09a0a16da84f99eff49bbdfbf7b674fcf9a9915ef2ff5d8e646
GF0025-2021-6-004,SRC-GRAMMAR-HANDBOOK-INTER-2022,378,378,餐、串、滴、副、股、集、枝 | 串 | 副 | 枝 | 滴 | 股 | 集 | 餐,155.800,121.900,printed_id_plus_lexical,aligned,high,208da6b731fe8de83821c02fe70a56b299a0f135d4c312af8b6e5feedddef0a6
GF0025-2021-6-005,SRC-GRAMMAR-HANDBOOK-INTER-2022,378,378,番、声、趟 | 声 | 番 | 趟 | 动量词 | 量词,144.200,110.300,printed_id_plus_lexical,aligned,high,208da6b731fe8de83821c02fe70a56b299a0f135d4c312af8b6e5feedddef0a6
GF0025-2021-6-006,SRC-GRAMMAR-HANDBOOK-INTER-2022,268,268;267,异常 | 特 | 程度副词 | 副词,124.500,31.200,printed_id_plus_lexical,aligned,high,d5c1c06483862cbe4874d39be62207cf9028c5e739ad66bf746104ef8122d132
GF0025-2021-6-007,SRC-GRAMMAR-HANDBOOK-INTER-2022,274,274;272;271;269,一同 | 一齐 | 范围、协同副词 | 副词,129.700,4.000,printed_id_plus_lexical,aligned,high,e30324927a96683af18e8d011feeef05bfe45bf814cb123c4a17b55083f14b29
GF0025-2021-6-008,SRC-GRAMMAR-HANDBOOK-INTER-2022,278,278;275;277,一时 | 早晚 | 时间副词 | 副词,128.500,5.000,printed_id_plus_lexical,aligned,high,1ed4a24d01a613fba8de7915f15798a4eedf3381698fdbe70cad5dff5f13b69e
GF0025-2021-6-009,SRC-GRAMMAR-HANDBOOK-INTER-2022,27,27;279,便 | 关联副词 | 副词,67.000,0.000,handbook_heading_lexical,aligned,high,759472a972b9bfbc295e9305a6fbe16f95a1a239d2e9f216af1ed6bbd43441ea
GF0025-2021-6-010,SRC-GRAMMAR-HANDBOOK-INTER-2022,284,284;283;280;282,亲眼 | 特地 | 特意 | 方式副词 | 副词,133.500,5.000,printed_id_plus_lexical,aligned,high,acfef61c95a28d8f8ab4bbba59c870283ccd56dac9051414fa314bbca66dc099
GF0025-2021-6-011,SRC-GRAMMAR-HANDBOOK-INTER-2022,285,285,仿佛 | 情态副词 | 副词,141.900,67.400,printed_id_plus_lexical,aligned,high,a5d533a664f65fa06ced6d4433f0bfc8ede6b07dc24cb8d8d08cbfcc4c9d94fc
GF0025-2021-6-012,SRC-GRAMMAR-HANDBOOK-INTER-2022,288,288;287;291,刚好 | 才3 | 语气副词 | 副词 | 才,131.000,5.000,printed_id_plus_lexical,aligned,high,c66c2f95c9611f2d11bb5283736112300ea2e279f4416f82ba054476a0e32d3a
GF0025-2021-6-013,SRC-GRAMMAR-HANDBOOK-INTER-2022,292,292,于 | 引出时间、处所 | 介词,117.800,48.000,printed_id_plus_lexical,aligned,high,2ddb2385a42e6df7b412fff0a40a6a83fb1895d29b94b812c36390c610606466
GF0025-2021-6-014,SRC-GRAMMAR-HANDBOOK-INTER-2022,293,293,沿(着) | 沿 | 着 | 引出方向、路径 | 介词,145.100,68.600,printed_id_plus_lexical,aligned,high,4d8f231b21b86c1e0129b454ea52c171d28dd353c612d6fe23d7340405d5e23e
GF0025-2021-6-015,SRC-GRAMMAR-HANDBOOK-INTER-2022,294,294;296,同1 | 1 | 引出对象 | 介词 | 与 | 同,128.000,31.200,printed_id_plus_lexical,aligned,high,9737a0a59d3a36e5c3c64982412da87ea29d5674645bd85cb1b518c24c4e42fd
GF0025-2021-6-016,SRC-GRAMMAR-HANDBOOK-INTER-2022,297,297,至于 | 引出对象 | 介词,141.900,67.400,printed_id_plus_lexical,aligned,high,957ee91d34404ae8b5e441ecbbdc3586bfc21def4a6893db1d38775e72f06ec6
GF0025-2021-6-017,SRC-GRAMMAR-HANDBOOK-INTER-2022,298,298,因 | 引出目的、原因 | 介词,117.800,88.400,printed_id_plus_lexical,aligned,high,731d5ff4fd9224ffe2494b2b98eea6fdba83bf05a86b8725c74cbd0433bd6cf2
GF0025-2021-6-018,SRC-GRAMMAR-HANDBOOK-INTER-2022,299,299,除 | 表示排除 | 介词,115.000,52.700,printed_id_plus_lexical,aligned,high,3aaf1daa1c5f40e9fec9cfa2c379e6007f66d19d3b809e787dbd970111ef3c63
GF0025-2021-6-019,SRC-GRAMMAR-HANDBOOK-INTER-2022,301,301,据 | 引出凭借、依据 | 介词,117.800,48.000,printed_id_plus_lexical,aligned,high,219e3f8635fbabfda6142bd7ea0806bbd4f483f71b48397194fc0132908d44ba
GF0025-2021-6-020,SRC-GRAMMAR-HANDBOOK-INTER-2022,303,303;302,同2 | 而2 | 2 | 连词 | 同 | 而,113.600,5.000,printed_id_plus_lexical,aligned,high,9d2f4f2842eb7df9d52159e344d3da1a458c1e016eb13197aa5e4d0c2634b0ff
GF0025-2021-6-021,SRC-GRAMMAR-HANDBOOK-INTER-2022,306,306;308;307,不料 | 连接分句或句子 | 连词 | 可,127.800,22.800,printed_id_plus_lexical,aligned,high,fe79027cf59f8170aeab7090bcad3b8457ae39919b03045cd59bc6e873653e6a
GF0025-2021-6-022,SRC-GRAMMAR-HANDBOOK-INTER-2022,310,310,所 | 结构助词 | 助词,67.000,31.700,handbook_heading_lexical,aligned,high,9b5d5140873c926cad9bf6bfa944dfa422dca05faaadea3968d915275915f2ea
GF0025-2021-6-023,SRC-GRAMMAR-HANDBOOK-INTER-2022,312,312;311;314,罢了 | 啦 | 语气助词 | 助词,124.500,1.000,printed_id_plus_lexical,aligned,high,0f8f5870963773760990f338e09be8ead5f6d67751350504acd0b08d6fd3dde7
GF0025-2021-6-024,SRC-GRAMMAR-HANDBOOK-INTER-2022,315,315,数词+形容词+量词 | 结构类型,132.700,130.000,printed_id_plus_lexical,aligned,high,cfdfdc951db888ce5aa0f19524840fc20fec131299fd4d0d7a40d7ee127e3b5b
GF0025-2021-6-025,SRC-GRAMMAR-HANDBOOK-INTER-2022,316,316;317,或A或B | A或B | 固定短语 | 一 | 或,137.950,48.000,printed_id_plus_lexical,aligned,high,24eee7874edf15555cbe5ec422e8c9abc55c0a7efa6e325b1a3bc085f9e1dba0
GF0025-2021-6-026,SRC-GRAMMAR-HANDBOOK-INTER-2022,317,317;318,无A无B | 固定短语 | 一 | 无,130.500,29.200,printed_id_plus_lexical,aligned,high,06f9738637298134f7c60ae5361db2f67a783e3ac17c76f3c8da13c70e7f79d1
GF0025-2021-6-027,SRC-GRAMMAR-HANDBOOK-INTER-2022,319,319,A这A那 | 四字格 | 固定短语 | 一 | 这 | 那,150.300,128.600,printed_id_plus_lexical,aligned,high,e071727416d0cf2dcc3e35ef030ec92fedcd7655308ac705c2ed590eedf16e6d
GF0025-2021-6-028,SRC-GRAMMAR-HANDBOOK-INTER-2022,320,320;321,左A右B | 固定短语 | 一 | 右 | 左,131.500,29.200,printed_id_plus_lexical,aligned,high,96586dee4c35b9eb34fc3961a6655740f5523a0483bfc1b92d8fdf3152f1263e
GF0025-2021-6-029,SRC-GRAMMAR-HANDBOOK-INTER-2022,321,321,不怎么 | 其他 | 固定短语,139.100,62.000,printed_id_plus_lexical,aligned,high,6b683cab573a3008936325bee1eab9843a9a026aa26e2b56b6f73d60b0ece6f7
GF0025-2021-6-030,SRC-GRAMMAR-HANDBOOK-INTER-2022,323,323;324,不怎么样 | 固定短语,127.000,48.000,printed_id_plus_lexical,aligned,high,1f7f6f0d8dc30c473e0154ea947aff36bb20ff83bba3aed5bac03a134f9ad54c
GF0025-2021-6-031,SRC-GRAMMAR-HANDBOOK-INTER-2022,324,324;325,好(不)容易 | 容易 | 不 | 好 | 固定短语 | 好不,138.100,48.000,printed_id_plus_lexical,aligned,high,c71a1e38d572da5e1e00d9c75c67dc12388363ae786f5b38a75947945c823e43
GF0025-2021-6-032,SRC-GRAMMAR-HANDBOOK-INTER-2022,325,325;327,那倒(也)是 | 那倒 | 也 | 是 | 固定短语 | 那倒也,138.400,48.000,printed_id_plus_lexical,aligned,high,db36999424ade993d01af5088d9eb7fd162dbf6809127b3fbc52dd9b133bf64e
GF0025-2021-6-033,SRC-GRAMMAR-HANDBOOK-INTER-2022,327,327;328,就是说/这就是说 | 这就是说 | 就是说 | 固定短语,148.750,48.000,printed_id_plus_lexical,aligned,high,9a573ba94ea7bfa8fa74894a54cf28c17ee3d2d516155b94657d67d89afe34f5
GF0025-2021-6-034,SRC-GRAMMAR-HANDBOOK-INTER-2022,328,328,算了 | 固定短语,123.200,53.400,printed_id_plus_lexical,aligned,high,b0f73327a270e52b871440b69e9d7b74801b76fa4f137b3b4ed1e62d6decd86f
GF0025-2021-6-035,SRC-GRAMMAR-HANDBOOK-INTER-2022,330,330;331,"A一+量词,B一+量词 | A一+量词 | B一+量词 | 一",148.900,48.000,printed_id_plus_lexical,aligned,high,85f69bfb9caa4191d8884b01a022bbe85ee604f63cac17343eb0d248469aeab7
GF0025-2021-6-036,SRC-GRAMMAR-HANDBOOK-INTER-2022,332,332,"东一A,西一A | 东一A | 西一A | 东一 | 西一 | 一",148.000,90.300,printed_id_plus_lexical,aligned,high,e21210a6a0a7c2f49a7ef21d40e8367a5332e63171b64ff3ba5eba2387d5129b
GF0025-2021-6-037,SRC-GRAMMAR-HANDBOOK-INTER-2022,333,333,为了......而...... | 为了 | 而,124.800,117.700,printed_id_plus_lexical,aligned,high,4dfe8095bf44c22754c8d2d772c9e8be9be5c2b1a76b4d3696d8e241e8012afc
GF0025-2021-6-038,SRC-GRAMMAR-HANDBOOK-INTER-2022,380,380,宾语的语义类型2 | 宾语,108.300,101.600,printed_id_plus_lexical,aligned,high,4984301540870c47a990e3f326e74dd8ab91562d37838446880529ce5a8f3613
GF0025-2021-6-039,SRC-GRAMMAR-HANDBOOK-INTER-2022,334,334;335;337,趋向补语5 表示状态意义(引申用法) | 趋向补语5 表示状态意义 | 形容词+下来 | 引申用法 | 下去 | 动词 | 趋向补语 | 补语,157.000,0.000,printed_id_plus_lexical,aligned,high,20bd0b1b193bac8e98d473e31e830fcdb482223adf395ec072fdc13f84c90b6d
GF0025-2021-6-040,SRC-GRAMMAR-HANDBOOK-INTER-2022,338,338;340;226,“把”字句4 | 动词+其他成分 | 非生物体 | 字句4 | 把 | “把”字句,146.200,0.000,printed_id_plus_lexical,aligned,high,3705e57dbf1ff4ddc678593d16a8cc3cb6186f09004d7db7bc3cdd082dfd401e
GF0025-2021-6-041,SRC-GRAMMAR-HANDBOOK-INTER-2022,341,341;9,被动句4 | 让+宾语+给+动词+其他成分 | 主语+被 | 叫 | 被动句 | 被叫让 | 给,152.500,78.650,printed_id_plus_lexical,aligned,high,3d58beb79c1550e12eb3114c45b6e2c23a10451064488152dcb3aa32249c0368
GF0025-2021-6-042,SRC-GRAMMAR-HANDBOOK-INTER-2022,342,342;343,"时而......,时而...... | 时而 | 并列复句 | 复句",150.700,48.000,printed_id_plus_lexical,aligned,high,5b112acab47f10fa418198f3b18821a0014805295dd5b7db6b201f5631ea18fc
GF0025-2021-6-043,SRC-GRAMMAR-HANDBOOK-INTER-2022,343,343,一时......一时...... | 并列复句 | 复句 | 一时,149.800,67.400,printed_id_plus_lexical,aligned,high,f7a2e198703b668dbac0379b3d2b22c32c949acdd85b73736f1a035bd9189168
GF0025-2021-6-044,SRC-GRAMMAR-HANDBOOK-INTER-2022,344,344,......便...... | 承接复句 | 复句,115.000,48.000,printed_id_plus_lexical,aligned,high,b7e42d2167ac8714e8927ff181113ab9ea95d5b2668e83f09f7d017d31a371a1
GF0025-2021-6-045,SRC-GRAMMAR-HANDBOOK-INTER-2022,345,345,不但没有 | 不但不 | 反而 | 递进复句 | 复句,176.250,106.400,printed_id_plus_lexical,aligned,high,21765fa56fed15d45303c01a5bcd06c0c06daf807068929d53171885699d2c2b
GF0025-2021-6-046,SRC-GRAMMAR-HANDBOOK-INTER-2022,347,347,"不是......,还/还是...... | 不是 | 还是 | 还 | 递进复句 | 复句",158.600,77.100,printed_id_plus_lexical,aligned,high,69e2b9f1d5a9175dad4bbdb1b2b9a96cdf790b3beffc7c24f17b29679ddea64d
GF0025-2021-6-047,SRC-GRAMMAR-HANDBOOK-INTER-2022,348,348,也 | 更 | 递进复句 | 复句 | 连 | 都,97.800,48.000,printed_id_plus_lexical,aligned,high,eacca523f5f452bf21eae3ce5c78ab033e75f12558fe4cb6b8eef35508361e2b
GF0025-2021-6-048,SRC-GRAMMAR-HANDBOOK-INTER-2022,349,349,"要么......,要么...... | 要么 | 选择复句 | 复句",150.700,94.600,printed_id_plus_lexical,aligned,high,b3c668253c8229d4c649a6a1e47218158c55714cabe2a2c798ffcefdd69d0417
GF0025-2021-6-049,SRC-GRAMMAR-HANDBOOK-INTER-2022,351,351,也 | 但 | 却 | 可 | 虽 | 转折复句 | 复句,152.600,105.300,printed_id_plus_lexical,aligned,high,5f0a38a34479221255171f2678f52291d4f0ff6a208cefadc34a9047f942d1bd
GF0025-2021-6-050,SRC-GRAMMAR-HANDBOOK-INTER-2022,352,352,"......,要不然/不然...... | 要不然 | 不然 | 假设复句 | 复句",160.050,67.400,printed_id_plus_lexical,aligned,high,9b80b2e088ef0ad15af4b5ec7f10e254b6982e75eeb6d11dad826f127cc8e85e
GF0025-2021-6-051,SRC-GRAMMAR-HANDBOOK-INTER-2022,354,354,"凡是......,都...... | 凡是 | 都 | 条件复句 | 复句",149.800,67.400,printed_id_plus_lexical,aligned,high,c8c3bdd59036c36882643443976e9c2514bf972a940d45ec64f33d89f3d39834
GF0025-2021-6-052,SRC-GRAMMAR-HANDBOOK-INTER-2022,355,355,就算/就是......也...... | 就是......也 | 就算 | 让步复句 | 复句 | 就是 | 也,165.150,67.400,printed_id_plus_lexical,aligned,high,268154591a3a433d12a077f39b46eb03c2967944e3a0988ccd527fffac2b94b8
GF0025-2021-6-053,SRC-GRAMMAR-HANDBOOK-INTER-2022,357,357,不......不...... | 紧缩复句 | 复句 | 不,144.400,67.400,printed_id_plus_lexical,aligned,high,2d235bc19d63ae2412105105a68c4d5ab983bb0d6a9f9ae0ca44a6d125cf3c59
GF0025-2021-6-054,SRC-GRAMMAR-HANDBOOK-INTER-2022,359,359,二重复句2:复句+复句 | 二重复句2 | 复句+复句 | 多重复句 | 复句,178.100,96.600,printed_id_plus_lexical,aligned,high,02b160f3b6af02c05f8fdacf615ff322623aaf89621ddcb0e788f821b579cc89
GF0025-2021-6-055,SRC-GRAMMAR-HANDBOOK-INTER-2022,360,360,用“非......不可”表示强调 | 表示强调 | 非......不可 | 用 | 不可 | 非,103.350,39.850,handbook_heading_lexical,aligned,high,2907bbd46cec918ff7a7dd72adc0cbc880fa5f6e41195396a9dec54a74e578bf
GF0025-2021-6-056,SRC-GRAMMAR-HANDBOOK-INTER-2022,362,362,X到Y头上来了 | 头上来了 | 一 | 到,134.000,130.000,printed_id_plus_lexical,aligned,high,2974c32e89192813b0fa47b57b060cd75b3da38b129d9073a2296b6bb5373101
GF0025-2021-6-057,SRC-GRAMMAR-HANDBOOK-INTER-2022,363,363,X就X吧 | 一 | 吧 | 就,126.100,123.100,printed_id_plus_lexical,aligned,high,500ca54c8b6be8d194f979dc061e15714d316482aeb84aabd4011b8a5b2043c3
GF0025-2021-6-058,SRC-GRAMMAR-HANDBOOK-INTER-2022,364,364,X是X | 一 | 是,123.200,48.000,printed_id_plus_lexical,aligned,high,8d0902fb14d0cc49c4c74b0cbfd9a16cbc1c501f80a84e0abdbfb07c5285ee50
GF0025-2021-6-059,SRC-GRAMMAR-HANDBOOK-INTER-2022,365,365,"不X不......,一X...... | 不X不 | 一X | 一 | 不",139.450,84.550,printed_id_plus_lexical,aligned,high,b2a6c31a1bd33c2f9de0751cba584d27206110919ec9162db50221983980aeef
GF0025-2021-6-060,SRC-GRAMMAR-HANDBOOK-INTER-2022,366,366,好你个X | 好你个 | 一,127.000,94.800,printed_id_plus_lexical,aligned,high,1837ea0c5d35a149f53d38c8abea98bc5c9f14685f0f74a4fd9d7ad43ca2071f
GF0025-2021-6-061,SRC-GRAMMAR-HANDBOOK-INTER-2022,367,367,动词+什么(就)是什么 | 动词+什么 | 是什么 | 就,146.250,90.200,printed_id_plus_lexical,aligned,high,48d6b99f9e27ec47cec5906f706989d98b95bdd7203a82916bcd05d6ba3e2c5b
GF0025-2021-6-062,SRC-GRAMMAR-HANDBOOK-INTER-2022,368,368;369,"早(也)不X,晚(也)不X | 不X | 也 | 早 | 晚 | 早也 | 晚也 | 不",144.900,47.000,printed_id_plus_lexical,aligned,high,4e4a77dfdbaf81ffa4f57322acd8c4fca50f24fb053299236690301c507ccd3c
GF0025-2021-6-063,SRC-GRAMMAR-HANDBOOK-INTER-2022,370,370,看/瞧+把+宾语(施事)+ X 得 | 瞧+把+宾语 | X 得 | 施事 | 看 | 得 | 把 | 瞧,155.200,101.300,printed_id_plus_lexical,aligned,high,df82dcc046a1cc63d8a62f4da1cd34be6f4a71500d34305b585630d067bee7d8
GF0025-2021-6-064,SRC-GRAMMAR-HANDBOOK-INTER-2022,371,371,放着X不Y | 放着 | 一 | 不,129.600,96.000,printed_id_plus_lexical,aligned,high,d963f43630a061677bfff54252a5a573347399f2f7b4ac8c58d3b76b8379536c
GF0025-2021-6-065,SRC-GRAMMAR-HANDBOOK-INTER-2022,372,372,"X来X去,都是/就是 ...... | X来X去 | 就是 | 都是 | 一 | 去 | 来",152.300,91.400,printed_id_plus_lexical,aligned,high,26107ce271cac897d776377faaaec27bc929ac9ecbabd45c36e0057d2249695a
GF0025-2021-6-066,SRC-GRAMMAR-HANDBOOK-INTER-2022,373,373,"X了就X了,(没)有...... | X了就X了 | 有 | 没 | 了就 | 一 | 了",145.150,77.300,printed_id_plus_lexical,aligned,high,47505c7e00db2725d63eba70c750cc9420b249ae46d08b61fc9a47cc09a5597e
GF0025-2021-6-067,SRC-GRAMMAR-HANDBOOK-INTER-2022,374,374,"这/那也不X,那/这也不Y | 这也不Y | 那也不X | 这 | 那 | 这也不 | 那也不 | 一",160.500,137.200,printed_id_plus_lexical,aligned,high,2336069c9ceeff09a143b2878b6de06410b0e3f9d0a5aadfccf24b2573db6cdf
GF0025-2021-7_9-001,SRC-GRAMMAR-HANDBOOK-ADV-2022,8,8,需 | 能愿动词 | 动词,67.000,31.700,handbook_heading_lexical,aligned,high,08f4bc4e51f28cb02100f73c9fdbe21a5727e93fbbffcafca840f64b66ac0d08
GF0025-2021-7_9-002,SRC-GRAMMAR-HANDBOOK-ADV-2022,9,9,何 | 疑问代词 | 代词,67.000,31.700,handbook_heading_lexical,aligned,high,9343e21d6811e657c92a0763903e9135513bc0d2dc1a875eadb2d8e3695fb05d
GF0025-2021-7_9-003,SRC-GRAMMAR-HANDBOOK-ADV-2022,11,11;10;211,另 | 该 | 指示代词 | 代词,46.300,1.000,handbook_heading_lexical,aligned,medium,555c0abf372187ed194b4ac7531eeac75985695b9a7e73705b4664ff3c56ef34
GF0025-2021-7_9-004,SRC-GRAMMAR-HANDBOOK-ADV-2022,211,211,(1)栋、粒、枚、则、盏(2)复合量词 | 人次 | 则 | 枚 | 栋 | 粒 | 名量词 | 量词,137.200,130.500,handbook_heading_lexical,aligned,high,7abf814b9a561318ddda15b6f0326f883752a234c5501b486ee31868dbb9fcc6
GF0025-2021-7_9-005,SRC-GRAMMAR-HANDBOOK-ADV-2022,34,34;35,亦 | 关联副词 | 副词,67.000,18.200,handbook_heading_lexical,aligned,high,70cc330929ee9cfdd93a14bb446463f28812ce8822a9ed56ceca4b5c8d6f225f
GF0025-2021-7_9-006,SRC-GRAMMAR-HANDBOOK-ADV-2022,71,71;72,顺着 | 引出方向、路径 | 介词,95.100,20.600,handbook_heading_lexical,aligned,high,07bda3dd0c66f85e4c78955c938202466b8d23b46ef4297403504fb3989c4c4d
GF0025-2021-7_9-007,SRC-GRAMMAR-HANDBOOK-ADV-2022,79,79,及 | 连词,64.200,34.800,handbook_heading_lexical,aligned,high,f4cb1fabcc4c85ec4ebcf73d8c58d6bf61bf13a0fbfa82377599a56ffdd1cfdc
GF0025-2021-7_9-008,SRC-GRAMMAR-HANDBOOK-ADV-2022,82,82;81;83;84,要不是 | 继而 | 连接分句或句子 | 连词,85.950,8.650,handbook_heading_lexical,aligned,high,e9efc2ece934ad58d774f4919f1153b98bb2648c11f7d2c09c2bb05610430f85
GF0025-2021-7_9-009,SRC-GRAMMAR-HANDBOOK-ADV-2022,84,84;85,之 | 结构助词 | 助词,67.000,0.000,handbook_heading_lexical,aligned,high,1c843bee678e94413fc8345f8887c2eec20390122522b943e2f68797886b1baa
GF0025-2021-7_9-010,SRC-GRAMMAR-HANDBOOK-ADV-2022,88,88;89,数词+量词+抽象事物,81.200,0.000,handbook_heading_lexical,aligned,high,85a6602b230115d066c8aea46b3bd6e38557b4b4cf6b4d1634bc1934605a3324
GF0025-2021-7_9-011,SRC-GRAMMAR-HANDBOOK-ADV-2022,89,89;90,爱A不A | 四字格 | 固定短语 | 一 | 不 | 爱,102.300,0.000,handbook_heading_lexical,aligned,high,919b08b2e290abca88a3165a3e18e34db5972225d680fa8325d66bcb2cffff18
GF0025-2021-7_9-012,SRC-GRAMMAR-HANDBOOK-ADV-2022,90,90;91,半A半B | 四字格 | 固定短语 | 一 | 半,101.300,0.000,handbook_heading_lexical,aligned,high,6d106b3f5fcdc81306d9bcf782295efe3097c6f93d7e7848e12d39c9d4ae7ac7
GF0025-2021-7_9-013,SRC-GRAMMAR-HANDBOOK-ADV-2022,91,91;92,东A西B | 四字格 | 固定短语 | 一 | 东 | 西,102.300,0.000,handbook_heading_lexical,aligned,high,8ae2947330991dd7f34f63d059ce1b253ea9111557501963e26f17109f0797ad
GF0025-2021-7_9-014,SRC-GRAMMAR-HANDBOOK-ADV-2022,92,92;93,非A非B | 四字格 | 固定短语 | 一 | 非,101.300,0.000,handbook_heading_lexical,aligned,high,29cf7e87d44cc5aef645936b5410e825c3daa07d6600a8630c12fd53baef3bb6
GF0025-2021-7_9-015,SRC-GRAMMAR-HANDBOOK-ADV-2022,93,93;94,忽A忽B | 四字格 | 固定短语 | 一 | 忽,101.300,0.000,handbook_heading_lexical,aligned,high,46255ef50feed4c01851e4f4828914f06b0cbf0ee408eeb869e0d7c6a564aee2
GF0025-2021-7_9-016,SRC-GRAMMAR-HANDBOOK-ADV-2022,94,94;96;95,连A带B | 四字格 | 固定短语 | 一 | 带 | 连,102.300,0.000,handbook_heading_lexical,aligned,high,bcc68c8544424799bb9e5bd7b3fd6a1e96fc0274066956dd534e5a9b46ec5a2e
GF0025-2021-7_9-017,SRC-GRAMMAR-HANDBOOK-ADV-2022,96,96;97,时A时B | 四字格 | 固定短语 | 一 | 时,101.300,0.000,handbook_heading_lexical,aligned,high,ac1a327f3ce5da9ef89362c7c363ee5bc6adfc8dc8da4141321f5c66044e083c
GF0025-2021-7_9-018,SRC-GRAMMAR-HANDBOOK-ADV-2022,97,97;98,自A自B | 四字格 | 固定短语 | 一 | 自,101.300,24.200,handbook_heading_lexical,aligned,high,296af851972036cc9c98b1a75faa90cb1656dbe659390ecd9acad09383b87b72
GF0025-2021-7_9-019,SRC-GRAMMAR-HANDBOOK-ADV-2022,99,99,巴不得 | 固定短语,77.100,48.100,handbook_heading_lexical,aligned,high,128771421f05ed0ac3a32c2f8b96a3d4ac2e635e5b66b2feab0f1cc1eab39f6d
GF0025-2021-7_9-020,SRC-GRAMMAR-HANDBOOK-ADV-2022,100,100;101,别提了 | 其他 | 固定短语,91.100,0.000,handbook_heading_lexical,aligned,high,88cbeb26c87032505c6446404acb3fa521f48eecfbe6b88c28ad7371a10c28a6
GF0025-2021-7_9-021,SRC-GRAMMAR-HANDBOOK-ADV-2022,101,101;102,除此之外 | 其他 | 固定短语,93.000,0.000,handbook_heading_lexical,aligned,high,f70954b8a01c8628fd2d9e6172f92daef4f02820843b6aac2a0c91ab27dc19a7
GF0025-2021-7_9-022,SRC-GRAMMAR-HANDBOOK-ADV-2022,102,102;103,归根到底 | 其他 | 固定短语,93.000,14.000,handbook_heading_lexical,aligned,high,97e03447196a4b1bbbf04775d355ead572c1322646c54be89e4af060265c7f5c
GF0025-2021-7_9-023,SRC-GRAMMAR-HANDBOOK-ADV-2022,103,103;105;104,可不是 | 固定短语,77.100,0.000,handbook_heading_lexical,aligned,high,3bfd28bea495d7b7d69e6e9e8b98cf9390f51c87d6d070e788ce7561fa547fd1
GF0025-2021-7_9-024,SRC-GRAMMAR-HANDBOOK-ADV-2022,105,105;106,没说的 | 固定短语,77.100,0.000,handbook_heading_lexical,aligned,high,34637929fb12d4f9ad780caa28751b402babe932a08464e995a5285ad6e91d2c
GF0025-2021-7_9-025,SRC-GRAMMAR-HANDBOOK-ADV-2022,106,106;107,无论如何 | 固定短语,79.000,0.000,handbook_heading_lexical,aligned,high,7a976ce738b1ccccee570b35e4b91f0ea0a7a7ac5f856d9dd0489874873a620f
GF0025-2021-7_9-026,SRC-GRAMMAR-HANDBOOK-ADV-2022,107,107;108,由此可见 | 固定短语,79.000,0.000,handbook_heading_lexical,aligned,high,f8082d7220732be670eebc2aa7a7e5469d06ed8791bcd17b33ebda9db9855db7
GF0025-2021-7_9-027,SRC-GRAMMAR-HANDBOOK-ADV-2022,114,114;115,不知......好 | 不知 | 好,76.800,0.000,handbook_heading_lexical,aligned,high,0ba6b9b58c967b84b987347175d86a4f91a94ea23ff7d0983ff97598f9f1e657
GF0025-2021-7_9-028,SRC-GRAMMAR-HANDBOOK-ADV-2022,115,115;116,所谓......就是...... | 就是 | 所谓,80.300,0.000,handbook_heading_lexical,aligned,high,f8be7788c2aef8c755a5a05a6c1037e03cb19ddecea1d589682798aa0745be4a
GF0025-2021-7_9-029,SRC-GRAMMAR-HANDBOOK-ADV-2022,117,117;118,只是......而已 | 只不过 | 不过 | 无非 | 罢了 | 只是 | 而已,128.450,0.000,handbook_heading_lexical,aligned,high,2b4b2fb23246bd86c29b0c67bcdc584eae33eb2d0823be0954957b006916a694
GF0025-2021-7_9-030,SRC-GRAMMAR-HANDBOOK-ADV-2022,24,24;118;119;201,以......为...... | 为 | 以,73.300,0.000,handbook_heading_lexical,aligned,high,1fe02ea344f05445ebac00620e9ee4eed9f16916d7f78288ae6ff52e04aa39d5
GF0025-2021-7_9-031,SRC-GRAMMAR-HANDBOOK-ADV-2022,119,119;120,因......而...... | 因 | 而,73.300,0.000,handbook_heading_lexical,aligned,high,71f3d883cd0a13669bb318854f6010b20c059a5d0d7f11db79ad128a8d29aef4
GF0025-2021-7_9-032,SRC-GRAMMAR-HANDBOOK-ADV-2022,211,211,宾语的语义类型3 | 宾语,60.300,53.600,full_label_lexical,aligned,medium,7abf814b9a561318ddda15b6f0326f883752a234c5501b486ee31868dbb9fcc6
GF0025-2021-7_9-033,SRC-GRAMMAR-HANDBOOK-ADV-2022,121,121;122,程度补语3 | 形容词 | 程度补语 | 补语,97.000,0.000,handbook_heading_lexical,aligned,high,34d1dd6797863590cd4ab974c7b987861447fdc281562033bb2cba98d49866c8
GF0025-2021-7_9-034,SRC-GRAMMAR-HANDBOOK-ADV-2022,123,123,状态补语3:“个”引导的补语 | 状态补语3 | 引导的补语 | 个 | 状态补语 | 补语,133.900,82.000,handbook_heading_lexical,aligned,high,b207d5070c9be7fd5677d0ebef5ffd5fed11305fa8e810f2aa2c206bd21b2446
GF0025-2021-7_9-035,SRC-GRAMMAR-HANDBOOK-ADV-2022,124,124,“把”字句5 | 动词+了 | 字句5 | 把+宾语 | 表致使 | 主语 | 施事 | 把,129.700,77.300,handbook_heading_lexical,aligned,high,5e1b9b14599d7407be625d905c511d00540875c03cc48a62e4029eb438df92a9
GF0025-2021-7_9-036,SRC-GRAMMAR-HANDBOOK-ADV-2022,127,127;125,被动句5 | 被动句 | 为 | 所 | 被,93.100,1.000,handbook_heading_lexical,aligned,high,fd1e3468729b5339c7b7fbb1f5e5050d8cd6e01da93748a792a98ae88d721ca8
GF0025-2021-7_9-037,SRC-GRAMMAR-HANDBOOK-ADV-2022,128,128;131;130,比较句6 | 比起 | 来 | 比较句 | 一 | 比,97.300,3.200,handbook_heading_lexical,aligned,high,305f19c16e86abe7f3460e0ceb1099c66563f333a24eda27da4e6b502d6a3db1
GF0025-2021-7_9-038,SRC-GRAMMAR-HANDBOOK-ADV-2022,132,132;133,"一面......,一面...... | 一面 | 并列复句 | 复句",102.700,19.400,handbook_heading_lexical,aligned,high,a0be8959e7d3ed2f5bb66fcc07eeaafb4af24b4cbe36ada00102fa0b8afcb7c5
GF0025-2021-7_9-039,SRC-GRAMMAR-HANDBOOK-ADV-2022,134,134;135,"......,此后...... | 承接复句 | 复句",93.900,0.000,handbook_heading_lexical,aligned,high,3f37aa93be6c3bcd802b2dbd51718782987eef591254bf66d2f9cf8739bbec90
GF0025-2021-7_9-040,SRC-GRAMMAR-HANDBOOK-ADV-2022,135,135;136,起初 | 才 | 承接复句 | 复句,101.800,0.000,handbook_heading_lexical,aligned,high,843c874de71e337be90f1fd6fbd3afe35c7eaf388a95a05ff34761ead705772c
GF0025-2021-7_9-041,SRC-GRAMMAR-HANDBOOK-ADV-2022,140,140;139;137;138,即使......也 | 别说 | 都 | 递进复句 | 复句 | 即使 | 也,90.250,1.000,handbook_heading_lexical,aligned,high,e40c6bf676fb5d0ff7d31c38966b6511197d8b3bdad7d94d902b9bc58aa25882
GF0025-2021-7_9-042,SRC-GRAMMAR-HANDBOOK-ADV-2022,143,143;145;144,"......,况且...... | 递进复句 | 复句",93.900,0.000,handbook_heading_lexical,aligned,high,fec45d24a8198f1ff9817ae657df4f6f3b455846994069102c5bc11ed7a11eff
GF0025-2021-7_9-043,SRC-GRAMMAR-HANDBOOK-ADV-2022,145,145;146,"连......,更不用说...... | 更不用说 | 连 | 递进复句 | 复句",109.200,0.000,handbook_heading_lexical,aligned,high,ec518faef86262f13b1ff5b97fefd64eee9d1b88c47d312234364477b8af4544
GF0025-2021-7_9-044,SRC-GRAMMAR-HANDBOOK-ADV-2022,147,147;148,"......,乃至...... | 递进复句 | 复句",93.900,0.000,handbook_heading_lexical,aligned,high,bafa628b528a7c912a19e0f5ba29f8019ba4e624fcf9a7af28b5cf19fd46dcd5
GF0025-2021-7_9-045,SRC-GRAMMAR-HANDBOOK-ADV-2022,142,142;143;145;148;149;150,"......,且...... | 递进复句 | 复句",67.000,0.000,handbook_heading_lexical,aligned,high,a751a952e10a4e2fc2515cd52c61be7da721d1677c8bccc80a705b288a4b6efb
GF0025-2021-7_9-046,SRC-GRAMMAR-HANDBOOK-ADV-2022,150,150;151,"......,甚至于...... | 递进复句 | 复句",95.800,0.000,handbook_heading_lexical,aligned,high,a280a6cd6cec2274b68b1af3a166764f53bfc503e5aa26434eb6496465eea493
GF0025-2021-7_9-047,SRC-GRAMMAR-HANDBOOK-ADV-2022,151,151;152,"或......,或...... | 选择复句 | 复句 | 或",96.400,0.000,handbook_heading_lexical,aligned,high,1023623c48503c3d4c3fb2c6b1281eb25185a7fa191fcb0fded8294c995754f4
GF0025-2021-7_9-048,SRC-GRAMMAR-HANDBOOK-ADV-2022,152,152;155;156,"宁可/宁愿......,也...... | 宁可 | 宁愿 | 也 | 选择复句 | 复句",110.600,29.100,handbook_heading_lexical,aligned,high,2e6e74412f987dfc986c8d0848ca39f2b681a0e2ac01a6859edd9c1ee8845c07
GF0025-2021-7_9-049,SRC-GRAMMAR-HANDBOOK-ADV-2022,154,154,"与其......,不如...... | 不如 | 其 | 选择复句 | 复句 | 与其",107.800,51.700,handbook_heading_lexical,aligned,high,b9460eac221dc25c55937a038b9327448355b0a6f70a6654e57444de8b469998
GF0025-2021-7_9-050,SRC-GRAMMAR-HANDBOOK-ADV-2022,155,155;156;152,"与其......,宁可/宁愿...... | 宁可 | 宁愿 | 其 | 选择复句 | 复句 | 与其",116.600,0.000,handbook_heading_lexical,aligned,high,d3dcb9412880f67243666643e63851a00b4232b85bfa95871c5fc2dbd3015abe
GF0025-2021-7_9-051,SRC-GRAMMAR-HANDBOOK-ADV-2022,156,156;157,则 | 而 | 转折复句 | 复句,95.900,0.000,handbook_heading_lexical,aligned,high,5bc586b88322f9ba5ff24c6f1eedf4a5a0712fbcac70a5ef1f3d841074ee3685
GF0025-2021-7_9-052,SRC-GRAMMAR-HANDBOOK-ADV-2022,158,158;159,反倒 | 倒 | 转折复句 | 复句,101.800,0.000,handbook_heading_lexical,aligned,high,232ca38d1550b00707e989a2ccd6822bc49790158cae4287b5690c2b7a0ce3b4
GF0025-2021-7_9-053,SRC-GRAMMAR-HANDBOOK-ADV-2022,159,159;161;160;162;163,"倘若/若......,...... | 倘若 | 若 | 假设复句 | 复句",101.800,0.000,handbook_heading_lexical,aligned,high,38d9f80028faddae57cba483acddf40b7175ea47311ba0cd1d0c78c4c262e052
GF0025-2021-7_9-054,SRC-GRAMMAR-HANDBOOK-ADV-2022,162,162;163;161;159,倘若 | 假使 | 假设 | 么 | 就 | 若 | 那 | 假设复句,132.200,0.000,handbook_heading_lexical,aligned,high,83a1733e9be1b3b6ce85d80842787940f29e69f42f22168141e304071e83ee95
GF0025-2021-7_9-055,SRC-GRAMMAR-HANDBOOK-ADV-2022,163,163;164,要不然 | 不然 | 否则 | 幸亏 | 要不 | 假设复句 | 复句,124.300,29.700,handbook_heading_lexical,aligned,high,2b7d353ca76effa9f6feca040e3dba83e5ff332bcce2c9d2d0a02068e68d7ff9
GF0025-2021-7_9-056,SRC-GRAMMAR-HANDBOOK-ADV-2022,164,164;165;166,"别管......,都...... | 别管 | 都 | 条件复句 | 复句",101.800,0.000,handbook_heading_lexical,aligned,high,7dcb3127c7044ed80d3728fd2309f99abdb356ffbee1faad00072267be213722
GF0025-2021-7_9-057,SRC-GRAMMAR-HANDBOOK-ADV-2022,166,166;167,"任......,也...... | 也 | 任 | 条件复句 | 复句",95.900,0.000,handbook_heading_lexical,aligned,high,a679c99f0154be20cefa338d2907f778c44197885672fc4d90e4363f11f4bc15
GF0025-2021-7_9-058,SRC-GRAMMAR-HANDBOOK-ADV-2022,167,167;168;169,"(因)......,故...... | 因 | 故 | 因果复句 | 复句",95.900,0.000,handbook_heading_lexical,aligned,high,3512d9096fb6aea0919634f30eb3a287659326709daa904c788e0bd15cce51e5
GF0025-2021-7_9-059,SRC-GRAMMAR-HANDBOOK-ADV-2022,169,169;170,"鉴于......,...... | 因果复句 | 复句",93.900,0.000,handbook_heading_lexical,aligned,high,0f208d86133659313a9601ff81b8c209026d6a826a61c55a16ab7b24430488c1
GF0025-2021-7_9-060,SRC-GRAMMAR-HANDBOOK-ADV-2022,170,170;171;173;174,"(由于)......,以致...... | 以致 | 由于 | 因果复句 | 复句",107.700,0.000,handbook_heading_lexical,aligned,high,4d451133c7a279b8e950e6df80e3c7927bf362c68a1d83736fe5427550b97e20
GF0025-2021-7_9-061,SRC-GRAMMAR-HANDBOOK-ADV-2022,171,171;173;172,"......,以至于...... | 因果复句 | 复句",95.800,0.000,handbook_heading_lexical,aligned,high,3e94888e2ed3a212cb98356f02ea1280be5493a2c7d2070625f44c22f030e2a9
GF0025-2021-7_9-062,SRC-GRAMMAR-HANDBOOK-ADV-2022,173,173;174,之所以 | 是因为 | 是由于 | 因果复句 | 复句,129.550,0.000,handbook_heading_lexical,aligned,high,8cfe952c9449b29ed97cc4c43830df776b4062a6935972799aab02d4c854dd45
GF0025-2021-7_9-063,SRC-GRAMMAR-HANDBOOK-ADV-2022,174,174;176;177,"固然......,也...... | 固然 | 也 | 让步复句 | 复句",101.800,0.000,handbook_heading_lexical,aligned,high,25825d0dd4d5c367bd4251b560372724caef00de397e17c6988787404297a4da
GF0025-2021-7_9-064,SRC-GRAMMAR-HANDBOOK-ADV-2022,176,176;177;179;180,不过 | 但是 | 可是 | 固然 | 让步复句 | 复句,125.300,0.000,handbook_heading_lexical,aligned,high,cd1d3b83255f59ee1772bb8d336f8ec09fe30a3394d6b0778c1e3b8c90677416
GF0025-2021-7_9-065,SRC-GRAMMAR-HANDBOOK-ADV-2022,177,177;179,"即便......,也...... | 即便 | 也 | 让步复句 | 复句",101.800,0.000,handbook_heading_lexical,aligned,high,4a803c827c7d22f714584bbacca411bde158b841a31a0fb3885975a54f9a3c44
GF0025-2021-7_9-066,SRC-GRAMMAR-HANDBOOK-ADV-2022,179,179;180;176;177,不过 | 但是 | 可是 | 虽说 | 让步复句 | 复句,125.300,0.000,handbook_heading_lexical,aligned,high,51e507437f07974fb2aa27f295cf616480fd8446e655eec29cbbf2f6d357835c
GF0025-2021-7_9-067,SRC-GRAMMAR-HANDBOOK-ADV-2022,181,181;182,"纵然......,也...... | 纵然 | 也 | 让步复句 | 复句",101.800,0.000,handbook_heading_lexical,aligned,high,fc925e5ca6512b6da928751f8e9d07c79dd82b99c4ba43cb94a668b5af399edc
GF0025-2021-7_9-068,SRC-GRAMMAR-HANDBOOK-ADV-2022,182,182;183;184;185;70;146;170;171,"......,以...... | 目的复句 | 复句",67.000,0.000,handbook_heading_lexical,aligned,high,29a04037c244741ded9869b6ba240a77da6e8db90eacbd4f9e3a2319f8370f51
GF0025-2021-7_9-069,SRC-GRAMMAR-HANDBOOK-ADV-2022,184,184;185,"......,以免/免得...... | 以免 | 免得 | 目的复句 | 复句",107.700,0.000,handbook_heading_lexical,aligned,high,b4982958743c996ee5b15a73fbdf4dfe5caa5376a2966fb103f6853996dd4b9b
GF0025-2021-7_9-070,SRC-GRAMMAR-HANDBOOK-ADV-2022,185,185;186,"......,也就是说...... | 解说复句 | 复句",97.700,0.000,handbook_heading_lexical,aligned,high,0a1ad7e062c866d35cc0e802b6717bcf25aa93b63baa969cb53a275fcec10dc0
GF0025-2021-7_9-071,SRC-GRAMMAR-HANDBOOK-ADV-2022,187,187;188,(要+)动词+就+动词+个+补语 | 动词+就+动词+个+补语 | 要 | 紧缩复句 | 复句,121.400,0.000,handbook_heading_lexical,aligned,high,548719704bcd837ed45527b08b8c7cc0f9412559783a9bab56522382780f2c60
GF0025-2021-7_9-072,SRC-GRAMMAR-HANDBOOK-ADV-2022,188,188;189;187,宾语1 | 就+动词 | 动词 | 别 | 紧缩复句 | 复句,123.000,30.400,handbook_heading_lexical,aligned,high,630430afb2f4dd820720e7fb2c456130597b97a853acf5a1c4aab492d42a86bb
GF0025-2021-7_9-073,SRC-GRAMMAR-HANDBOOK-ADV-2022,212,212,三重或三重以上的复句 | 复句,87.700,80.000,handbook_heading_lexical,aligned,high,44ea2e969879c60197c7a7e1c0f47372d5c5eab8cec4b801b18463540c2b750f
GF0025-2021-7_9-074,SRC-GRAMMAR-HANDBOOK-ADV-2022,189,189;190;59;47;48,何苦......呢 | 何必 | 何苦 | 呢,65.150,0.000,handbook_heading_lexical,aligned,high,0236bfb8f5493db8874f47a2461dadd9201b069577d8ee3e4abc551b21b378bf
GF0025-2021-7_9-075,SRC-GRAMMAR-HANDBOOK-ADV-2022,191,191;192,话又说回来 | 不过 | 可是 | 但,105.750,6.000,handbook_heading_lexical,aligned,high,d3df7483880cc53262d41a43d9b577b509f6cf98953daa64d576111a2611c0c5
GF0025-2021-7_9-076,SRC-GRAMMAR-HANDBOOK-ADV-2022,192,192;193,"X(也)不是,不X也不是 | 不X也不是 | 不是 | X | 也 | 也不是 | 一 | 不",106.250,8.400,handbook_heading_lexical,aligned,high,e14e224fda8befb69ebdf7222ea6f38b3f9e54a3307d52b823f7afd07430b9b9
GF0025-2021-7_9-077,SRC-GRAMMAR-HANDBOOK-ADV-2022,193,193;194,"X也好/也罢,Y也好/也罢 | X也好 | Y也好 | 也罢 | 也好 | 一",110.000,0.000,handbook_heading_lexical,aligned,high,67eca6d073177be2bb5e78882fe3d761e3361fec0009f98c2f3927cedcef60dd
GF0025-2021-7_9-078,SRC-GRAMMAR-HANDBOOK-ADV-2022,195,195,"X了又Y,Y了又X | X了又Y | Y了又X | 了又 | 一",103.500,82.000,handbook_heading_lexical,aligned,high,a22af3edeb59de6b33e3958584d42316ae03de81b05da4d7ea5041830ad96dc1
GF0025-2021-7_9-079,SRC-GRAMMAR-HANDBOOK-ADV-2022,196,196;197,X也X不 | Y也Y不 | 一 | 不 | 也,102.900,0.000,handbook_heading_lexical,aligned,high,0b079ce9c86cc31270f163bd1dbfe5b69d5f603c30a885cd3df00fb319a568e0
GF0025-2021-7_9-080,SRC-GRAMMAR-HANDBOOK-ADV-2022,197,197;198,别提(有)多X了 | 多X了 | 别提 | 有 | 别提有 | 一 | 了 | 多,98.250,0.000,handbook_heading_lexical,aligned,high,5a0dbb304203ac72b723545026d379b7a15321bd6912fa0186837c733efe958b
GF0025-2021-7_9-081,SRC-GRAMMAR-HANDBOOK-ADV-2022,198,198;199,不知X的 | 不知 | 一 | 的,79.700,0.000,handbook_heading_lexical,aligned,high,89e43371cb857b4bf96d79786e820aca87237448871f17537297f6d9f458ff1b
GF0025-2021-7_9-082,SRC-GRAMMAR-HANDBOOK-ADV-2022,199,199;200,是这么说 | 不过 | 可是 | 可 | 话 | 说 | 话说,104.200,0.000,handbook_heading_lexical,aligned,high,a815bf2ec0ad594a05138f093d106bf9dea105f7ed51683787b12ed7fc695462
GF0025-2021-7_9-083,SRC-GRAMMAR-HANDBOOK-ADV-2022,201,201,看/瞧你那(X)样 | 瞧你那 | X | 样 | 看 | 你那 | 一 | 瞧,93.950,75.400,handbook_heading_lexical,aligned,high,b9ad40b089f415d17b2752193492b4a05aa28bac3df72384201af76c24439d52
GF0025-2021-7_9-084,SRC-GRAMMAR-HANDBOOK-ADV-2022,202,202;203,看在X的面子上 | 的面子上 | 看在 | 一,87.600,0.000,handbook_heading_lexical,aligned,high,f776a0974d2c9f882775218d1242cb55e737799bcf17b1a9c326252d24cbea3c
GF0025-2021-7_9-085,SRC-GRAMMAR-HANDBOOK-ADV-2022,203,203,哪有X这么Y的/有X这样Y的吗 | 哪有X这么Y的 | 有X这样Y的吗 | 哪有 | 的吗 | 这么 | 这样 | 一,131.600,58.800,handbook_heading_lexical,aligned,high,58db5343264a9bfecb9d90f2321f38780b35f05c605d41a5acf3b4b2b3f19d37
GF0025-2021-7_9-086,SRC-GRAMMAR-HANDBOOK-ADV-2022,204,204;205,什么X的Y的 | 什么 | 一 | 的,83.500,0.000,handbook_heading_lexical,aligned,high,13b0465c8e26fedfb6922ac65e8b2dc25788c676fefc6317b40404b6397e4b56
GF0025-2021-7_9-087,SRC-GRAMMAR-HANDBOOK-ADV-2022,205,205;206,说到/想到哪儿去了 | 想到哪儿去了 | 说到 | 哪儿去了 | 想到,104.400,0.000,handbook_heading_lexical,aligned,high,6442e2e82790b800e0173ce302bde30b3fe96ba4b4c2d31bb5f0bb17a3c13c63
GF0025-2021-7_9-088,SRC-GRAMMAR-HANDBOOK-ADV-2022,207,207,无所谓X不X | 无所谓 | 一 | 不,83.800,75.400,handbook_heading_lexical,aligned,high,7d199b4dd1e714a4750bb09aedacc4a35e47784b80d64bf5dfad97afe976f8c0
GF0025-2021-7_9-089,SRC-GRAMMAR-HANDBOOK-ADV-2022,208,208;209,"要X有/没X,要Y有/没Y | 要X有 | 要Y有 | 没X | 没Y | 一 | 有 | 没",115.400,0.000,handbook_heading_lexical,aligned,high,79af424114ba2abfe0d3cde0ac21c35a41870906d2b86496530f6cff71377ada
GF0025-2021-7_9-090,SRC-GRAMMAR-HANDBOOK-ADV-2022,213,213,带关联词语 | 形式分类,78.900,76.900,handbook_heading_lexical,aligned,high,690b21ce8c79d3dc2f8165a6dd0635b1e1b47bb176652147dd163a9770b67bb2
GF0025-2021-7_9-091,SRC-GRAMMAR-HANDBOOK-ADV-2022,213,213,不带关联词语 | 形式分类,80.800,78.800,handbook_heading_lexical,aligned,high,690b21ce8c79d3dc2f8165a6dd0635b1e1b47bb176652147dd163a9770b67bb2
GF0025-2021-7_9-092,SRC-GRAMMAR-HANDBOOK-ADV-2022,213,213;214,联合关系 | 并列句群 | 总括句群 | 承接句群 | 解说句群 | 选择句群 | 递进句群 | 意义分类,84.800,3.600,handbook_heading_lexical,aligned,high,690b21ce8c79d3dc2f8165a6dd0635b1e1b47bb176652147dd163a9770b67bb2
GF0025-2021-7_9-093,SRC-GRAMMAR-HANDBOOK-ADV-2022,214,214;213,偏正关系 | 假设句群 | 因果句群 | 条件句群 | 目的句群 | 让步句群 | 转折句群,84.800,11.600,handbook_heading_lexical,aligned,high,93299951c26aa9300946c6655bfb6c78fa15ecbff6df2abce6c6a86b1b259c4d
GF0025-2021-7_9-094,SRC-GRAMMAR-HANDBOOK-ADV-2022,12,12;13,极为 | 程度副词 | 副词,93.900,24.100,handbook_heading_lexical,aligned,high,69ce4876c091652438c060e28f51c32273a691c0b31b9ba54914892d07841039
GF0025-2021-7_9-095,SRC-GRAMMAR-HANDBOOK-ADV-2022,14,14,尽 | 程度副词 | 副词,58.000,22.700,toc_reference_verified_offset,aligned,medium,e3b0c44298fc1c149afbf4c8996fb92427ae41e4649b934ca495991b7852b855
GF0025-2021-7_9-096,SRC-GRAMMAR-HANDBOOK-ADV-2022,15,15;16,蛮 | 程度副词 | 副词,67.000,0.000,handbook_heading_lexical,aligned,high,a7fb8c2d3b8b0b363f4e0903b887b42e4f8c8d60c46644ed4fdffb28bfa2d4d7
GF0025-2021-7_9-097,SRC-GRAMMAR-HANDBOOK-ADV-2022,16,16;17,颇 | 程度副词 | 副词,67.000,0.000,handbook_heading_lexical,aligned,high,96d251c996f8c663ec9314b1113dfad14a7c1e3d600399dd8d553ec77a0ae2c8
GF0025-2021-7_9-098,SRC-GRAMMAR-HANDBOOK-ADV-2022,17,17;19;18,稍稍 | 程度副词 | 副词,93.900,0.000,handbook_heading_lexical,aligned,high,92fd520c66a934adae8f68e6972ddce76ac450ea5acc7078c74fbca1cd737ea6
GF0025-2021-7_9-099,SRC-GRAMMAR-HANDBOOK-ADV-2022,19,19;20,尤为 | 程度副词 | 副词,93.900,0.000,handbook_heading_lexical,aligned,high,f807e6b12f823a4fb772854b0008efce38e8afc88d9e79bea27db68789a2d24b
GF0025-2021-7_9-100,SRC-GRAMMAR-HANDBOOK-ADV-2022,20,20;21,越发 | 程度副词 | 副词,93.900,24.100,handbook_heading_lexical,aligned,high,22fecdfa1213ededbbb4cf8651820a8c0ccc6e487fbc410a4591dae8dba147cd
GF0025-2021-7_9-101,SRC-GRAMMAR-HANDBOOK-ADV-2022,140,140;141;142,"......,何况...... | 递进复句 | 复句",93.900,0.000,handbook_heading_lexical,aligned,high,e40c6bf676fb5d0ff7d31c38966b6511197d8b3bdad7d94d902b9bc58aa25882
GF0025-2021-7_9-102,SRC-GRAMMAR-HANDBOOK-ADV-2022,142,142;143,"......,进而...... | 递进复句 | 复句",93.900,0.000,handbook_heading_lexical,aligned,high,a751a952e10a4e2fc2515cd52c61be7da721d1677c8bccc80a705b288a4b6efb
GF0025-2021-7_9-103,SRC-GRAMMAR-HANDBOOK-ADV-2022,22,22;23,凡 | 范围、协同副词 | 副词,69.800,0.000,handbook_heading_lexical,aligned,high,da6dca32d7d29d6d4abdff6c34a57cfc5808bb097f3e59917a3f8a9c4af4d36e
GF0025-2021-7_9-104,SRC-GRAMMAR-HANDBOOK-ADV-2022,23,23;24,皆 | 范围、协同副词 | 副词,69.800,0.000,handbook_heading_lexical,aligned,high,963a42aa959facd585b8ebbc4845684f7e34806da2df18a49eedd126ff2bbebd
GF0025-2021-7_9-105,SRC-GRAMMAR-HANDBOOK-ADV-2022,24,24;25;205,统统 | 范围、协同副词 | 副词,95.100,25.300,handbook_heading_lexical,aligned,high,1fe02ea344f05445ebac00620e9ee4eed9f16916d7f78288ae6ff52e04aa39d5
GF0025-2021-7_9-106,SRC-GRAMMAR-HANDBOOK-ADV-2022,26,26;27,唯独 | 范围、协同副词 | 副词,95.100,20.600,handbook_heading_lexical,aligned,high,699b63c9dffc78f0bf2dd66cd5489cd9a430e848f4920cc4cfd544b50e936d0f
GF0025-2021-7_9-107,SRC-GRAMMAR-HANDBOOK-ADV-2022,38,38;39,不由得 | 方式副词 | 副词,95.800,0.000,handbook_heading_lexical,aligned,high,1e4328d4fce8ddba47f41966cf38bc306ec8341ce77e32baa0e6f042d77dd287
GF0025-2021-7_9-108,SRC-GRAMMAR-HANDBOOK-ADV-2022,41,41;42,一连 | 方式副词 | 副词,93.900,0.000,handbook_heading_lexical,aligned,high,4f70c77213ab9d9d4d340a0324b887652c420d7fd2e1e3b6ab1bc95c17f445e3
GF0025-2021-7_9-109,SRC-GRAMMAR-HANDBOOK-ADV-2022,39,39;40,顺便 | 方式副词 | 副词,93.900,0.000,handbook_heading_lexical,aligned,high,566bf1bb012066534fd45fbdd3a8f88ed44f2edb22c4aa48af33870ee0815a13
GF0025-2021-7_9-110,SRC-GRAMMAR-HANDBOOK-ADV-2022,35,35;36;63,未 | 否定副词 | 副词,67.000,0.000,handbook_heading_lexical,aligned,high,7f8ce3e57cd986e85bd9f8f4fa1e501cc42c320f4e25aa31e7248e0df7e5d85e
GF0025-2021-7_9-111,SRC-GRAMMAR-HANDBOOK-ADV-2022,37,37,勿 | 否定副词 | 副词,67.000,31.700,handbook_heading_lexical,aligned,high,c77b3120e2fb837359a90fe84dac13b06558339d4546f3d7a456ce91d10d16c2
GF0025-2021-7_9-112,SRC-GRAMMAR-HANDBOOK-ADV-2022,31,31;32,频频 | 频率、重复副词 | 副词,95.100,20.600,handbook_heading_lexical,aligned,high,a14b946332d2345242a7a41b1da40e0ed4ffe8cdbeb8f898fb77e66ac028d1b5
GF0025-2021-7_9-113,SRC-GRAMMAR-HANDBOOK-ADV-2022,33,33;34,再度 | 频率、重复副词 | 副词,95.100,24.600,handbook_heading_lexical,aligned,high,dff8c5547c30566779f06d22974cc37c512d3238fc803e8e6d5bc248d50690d3
GF0025-2021-7_9-114,SRC-GRAMMAR-HANDBOOK-ADV-2022,108,108;109,与此同时 | 此同时 | 固定短语,86.450,5.400,handbook_heading_lexical,aligned,high,9ce37d70561db6dc8faa542671a76362bbe0b3ff77b0ad81b0d11430e0d4f27d
GF0025-2021-7_9-115,SRC-GRAMMAR-HANDBOOK-ADV-2022,110,110;111,这样一来 | 固定短语,79.000,0.000,handbook_heading_lexical,aligned,high,20fe8ed3f2c1add534f61911990c8d4ddf1caced43c9efd8246967fe6b8864e3
GF0025-2021-7_9-116,SRC-GRAMMAR-HANDBOOK-ADV-2022,111,111;112,综上所述 | 固定短语,79.000,5.400,handbook_heading_lexical,aligned,high,18ceb5d871cd0e4ec27a24aced4203105d080933590a6151b46a791bc6009769
GF0025-2021-7_9-117,SRC-GRAMMAR-HANDBOOK-ADV-2022,113,113;114,总的来说/总而言之 | 总的来说 | 总而言之 | 其他 | 固定短语,117.800,19.400,handbook_heading_lexical,aligned,high,65d916fc21a90c646d70a79276bbfbfc837584e814a211217201d7b63d4ac8a7
GF0025-2021-7_9-118,SRC-GRAMMAR-HANDBOOK-ADV-2022,44,44;45,必定 | 副词,74.500,0.000,handbook_heading_lexical,aligned,high,308baab72ca67985fed53f151200f07817ea8054c603e7fb50ea9096e4f75c9e
GF0025-2021-7_9-119,SRC-GRAMMAR-HANDBOOK-ADV-2022,45,45;46,不妨 | 副词,74.500,0.000,handbook_heading_lexical,aligned,high,5ea33e3a812155f221988fa8e44bf253ab10a54977db88cc9fa3a86437d88fcb
GF0025-2021-7_9-120,SRC-GRAMMAR-HANDBOOK-ADV-2022,47,47;48;189;190,何必 | 副词,74.500,0.000,handbook_heading_lexical,aligned,high,74ad33dd5141a6cfcb5c813638015e898bf5395d27ec4c7d1a1c631e05e6b6b1
GF0025-2021-7_9-121,SRC-GRAMMAR-HANDBOOK-ADV-2022,48,48;49,莫非 | 副词,74.500,0.000,handbook_heading_lexical,aligned,high,2f600cbf78fcc60b8c13ba3fbb7f143aa9da92c943f2d85e28cad4f49c54eee5
GF0025-2021-7_9-122,SRC-GRAMMAR-HANDBOOK-ADV-2022,42,42;43,按说 | 情态副词 | 副词,93.900,0.000,handbook_heading_lexical,aligned,high,52f8ae583d35f64ba2526f9672330da284a8509a6a3f3837507970534f6a61cf
GF0025-2021-7_9-123,SRC-GRAMMAR-HANDBOOK-ADV-2022,211,211,即 | 时间副词 | 副词,65.000,29.700,handbook_heading_lexical,aligned,high,7abf814b9a561318ddda15b6f0326f883752a234c5501b486ee31868dbb9fcc6
GF0025-2021-7_9-124,SRC-GRAMMAR-HANDBOOK-ADV-2022,27,27;28,历来 | 时间副词 | 副词,93.900,0.000,handbook_heading_lexical,aligned,high,274064c7978f1e0b8ee3ec266e0b058c28db3ea0f78b874e456bf2bcbf005fb1
GF0025-2021-7_9-125,SRC-GRAMMAR-HANDBOOK-ADV-2022,28,28;30,尚 | 时间副词 | 副词,67.000,0.000,handbook_heading_lexical,aligned,high,c0252fd59d68037a49ef113c37b96fa42caa95e16c89ae27233d9ad62c587b82
GF0025-2021-7_9-126,SRC-GRAMMAR-HANDBOOK-ADV-2022,30,30;31,向来 | 时间副词 | 副词,93.900,0.000,handbook_heading_lexical,aligned,high,4ca6662774695843edb206870d8fc70788ef50a00837fdbd6d35af5eee778fcf
GF0025-2021-7_9-127,SRC-GRAMMAR-HANDBOOK-ADV-2022,72,72;73,当着 | 引出对象 | 介词,93.900,19.400,handbook_heading_lexical,aligned,high,03d4680f602a4423eb247a89c5253e3c9ce9ccfe941af2d719abe27dd8fcdffc
GF0025-2021-7_9-128,SRC-GRAMMAR-HANDBOOK-ADV-2022,74,74,就5 | 引出对象 | 介词 | 就,96.400,58.600,handbook_heading_lexical,aligned,high,6ac01a43ff1385858df1973eea662134924e9e4276247e52dc490103633648ef
GF0025-2021-7_9-129,SRC-GRAMMAR-HANDBOOK-ADV-2022,75,75,趁 | 引出凭借、依据 | 介词,69.800,31.700,handbook_heading_lexical,aligned,high,e29a887d004917cdbaa606fb7b912051b3871130655662ee11d08073390fd493
GF0025-2021-7_9-130,SRC-GRAMMAR-HANDBOOK-ADV-2022,77,77;78,基于 | 引出凭借、依据 | 介词,95.100,0.000,handbook_heading_lexical,aligned,high,a2596680155f585814f49c8061e70837c48b041fef7240d125c34de7e8ad7066
GF0025-2021-7_9-131,SRC-GRAMMAR-HANDBOOK-ADV-2022,75,75;77;78,依 | 引出凭借、依据 | 介词,69.800,0.000,handbook_heading_lexical,aligned,high,e29a887d004917cdbaa606fb7b912051b3871130655662ee11d08073390fd493
GF0025-2021-7_9-132,SRC-GRAMMAR-HANDBOOK-ADV-2022,49,49;50;51,白白 | 语气副词 | 副词,93.900,0.000,handbook_heading_lexical,aligned,high,a075c12515dce4d889df73142755248de072dc5b142c26ab91f254ce680a1bc4
GF0025-2021-7_9-133,SRC-GRAMMAR-HANDBOOK-ADV-2022,51,51;52;158;159,反倒 | 语气副词 | 副词,93.900,0.000,handbook_heading_lexical,aligned,high,ce52f07fb49f3bada0f07cd1a690edeb88866b7de7066a27c14ccefd94803b30
GF0025-2021-7_9-134,SRC-GRAMMAR-HANDBOOK-ADV-2022,52,52;54;53,分明 | 语气副词 | 副词,93.900,0.000,handbook_heading_lexical,aligned,high,a9321bfe8088b20c7688f41d8247c2670daa5456460504a233e5a5fdff03a72a
GF0025-2021-7_9-135,SRC-GRAMMAR-HANDBOOK-ADV-2022,54,54;55;56,怪不得 | 语气副词 | 副词,95.800,0.000,handbook_heading_lexical,aligned,high,423d063c83893cc8a5c8a319c0925259b8baa2b889402a28cf9d614e3bb05dd6
GF0025-2021-7_9-136,SRC-GRAMMAR-HANDBOOK-ADV-2022,56,56;57;203,好在 | 语气副词 | 副词,93.900,0.000,handbook_heading_lexical,aligned,high,3eac1a1532ee2b9b6a44c7a8440f95aa0e3137d6baaaef2e20749832d4bc696c
GF0025-2021-7_9-137,SRC-GRAMMAR-HANDBOOK-ADV-2022,57,57,乃 | 语气副词 | 副词,67.000,31.700,handbook_heading_lexical,aligned,high,79a360402d62a0a97e81e286e5ab2dfa68b13a53391f517dd69dcfbf07285958
GF0025-2021-7_9-138,SRC-GRAMMAR-HANDBOOK-ADV-2022,54,54;56;133;144,难怪 | 语气副词 | 副词,93.900,0.000,handbook_heading_lexical,aligned,high,423d063c83893cc8a5c8a319c0925259b8baa2b889402a28cf9d614e3bb05dd6
GF0025-2021-7_9-139,SRC-GRAMMAR-HANDBOOK-ADV-2022,59,59;60,偏偏 | 语气副词 | 副词,93.900,0.000,handbook_heading_lexical,aligned,high,33b49f592c198c880ddcfe96a645c2b3dcda96411217e1afc6a422c773b55b9e
GF0025-2021-7_9-140,SRC-GRAMMAR-HANDBOOK-ADV-2022,60,60;61,索性 | 语气副词 | 副词,93.900,0.000,handbook_heading_lexical,aligned,high,a60686042105bb30c83bb2b0c1b11e25540add0107bd020fffeda4a80477e9c6
GF0025-2021-7_9-141,SRC-GRAMMAR-HANDBOOK-ADV-2022,61,61;63;62,万万 | 语气副词 | 副词,93.900,0.000,handbook_heading_lexical,aligned,high,ed901c682c8eb02cda1bfce7322e8d5d3c2fa6267b84a2d364949b11f67b3db0
GF0025-2021-7_9-142,SRC-GRAMMAR-HANDBOOK-ADV-2022,63,63;65;64,未免 | 语气副词 | 副词,93.900,0.000,handbook_heading_lexical,aligned,high,50d86ae89f78f2edfbeb5418e1fc2afb412fad6c3a44e490855f4c72082a0bc4
GF0025-2021-7_9-143,SRC-GRAMMAR-HANDBOOK-ADV-2022,65,65;66;86;117,无非 | 语气副词 | 副词,93.900,0.000,handbook_heading_lexical,aligned,high,76d2f5bc66f5ee61f77132b56ce253fd63b170839b41c17db7a156a731ade7ad
GF0025-2021-7_9-144,SRC-GRAMMAR-HANDBOOK-ADV-2022,66,66;69;67;68,幸好 | 语气副词 | 副词,93.900,0.000,handbook_heading_lexical,aligned,high,1af6a50e58f84fce0f5b8a8def28ad94e009edda95e41e06e0464abafb244dad
GF0025-2021-7_9-145,SRC-GRAMMAR-HANDBOOK-ADV-2022,68,68;69;163;164,幸亏 | 语气副词 | 副词,93.900,0.000,handbook_heading_lexical,aligned,high,7252718789ead57758b6c0bec2504cc27efc703a31cb634aa8411c65b6bd81c7
GF0025-2021-7_9-146,SRC-GRAMMAR-HANDBOOK-ADV-2022,69,69;70;71,终究 | 语气副词 | 副词,93.900,0.000,handbook_heading_lexical,aligned,high,3920f08f26df0abaa9b1e7801cb0465a34d387e43954eaabcb687546c7d6a5aa
GF0025-2021-7_9-147,SRC-GRAMMAR-HANDBOOK-ADV-2022,85,85;86;65;66;93;117;206,而已 | 语气助词 | 助词,93.900,0.000,handbook_heading_lexical,aligned,high,3472e41687b1370bfabc69b205a5d38f0166933f067869cbe5effb949a5a8ac5
GF0025-2021-7_9-148,SRC-GRAMMAR-HANDBOOK-ADV-2022,86,86;87,矣 | 语气助词 | 助词,67.000,0.000,handbook_heading_lexical,aligned,high,89a24c3954e6dc1ea2eea877919158dcf0b36f1f3cfd86b6fea038673473feb7
