规则ID,规则组,候选语法点,规范名称,语法家族,规则层级,规则文本,支撑文献ID,支撑文献说明,官方手册页码锚点,规则说明页码,规则关键词,样例锚点,证据状态,论文可用表述,待补动作
KG-RULE-V02-0001,把字句,把字句候选,把字句,处置/受事重组构式,正向接受规则,候选片段包含处置标记“把”。,REF-GF0025-2021；REF-GRAMMAR-MANUAL-ELEM；REF-GRAMMAR-MANUAL-INTER；REF-LIU-PRACTICAL-GRAMMAR；REF-LU-TCSL-GRAMMAR,REF-GF0025-2021=国际中文教育中文水平等级标准: GF0025-2021；REF-GRAMMAR-MANUAL-ELEM=国际中文教育中文水平等级标准·语法学习手册（初等）；REF-GRAMMAR-MANUAL-INTER=国际中文教育中文水平等级标准·语法学习手册（中等）；REF-LIU-PRACTICAL-GRAMMAR=实用现代汉语语法；REF-LU-TCSL-GRAMMAR=对外汉语教学实用语法,国际中文教育中文水平等级标准·语法学习手册（初等） p.357（15例）；国际中文教育中文水平等级标准·语法学习手册（中等） p.80（14例）；国际中文教育中文水平等级标准·语法学习手册（中等） p.223（12例）；国际中文教育中文水平等级标准·语法学习手册（中等） p.339（12例）；国际中文教育中文水平等级标准·语法学习手册（中等） p.218（12例）；国际中文教育中文水平等级标准·语法学习手册（中等） p.370（11例）,初等 p.357；中等 p.80；中等 p.223；中等 p.339；中等 p.218；中等 p.370,把；处置标记；受事；谓词性成分；结果/补足成分；表层触发；正向接受；结构成立；功能成立；候选片段,WITHHELD_COPYRIGHTED_EXAMPLES,页面已复核；本条为手册结构/用法说明的结构化转写，并非逐字引文。,可写为：本规则以《等级标准》语法等级大纲及其语法学习手册为标准锚点，并由现代汉语/对外汉语教学语法参考书补充定义。,证据类型=source-grounded schema transcription；保留规则转写判断与版本记录。
KG-RULE-V02-0002,把字句,把字句候选,把字句,处置/受事重组构式,正向接受规则,“把”后存在可解释为受事的名词性成分。,REF-GF0025-2021；REF-GRAMMAR-MANUAL-ELEM；REF-GRAMMAR-MANUAL-INTER；REF-LIU-PRACTICAL-GRAMMAR；REF-LU-TCSL-GRAMMAR,REF-GF0025-2021=国际中文教育中文水平等级标准: GF0025-2021；REF-GRAMMAR-MANUAL-ELEM=国际中文教育中文水平等级标准·语法学习手册（初等）；REF-GRAMMAR-MANUAL-INTER=国际中文教育中文水平等级标准·语法学习手册（中等）；REF-LIU-PRACTICAL-GRAMMAR=实用现代汉语语法；REF-LU-TCSL-GRAMMAR=对外汉语教学实用语法,国际中文教育中文水平等级标准·语法学习手册（初等） p.357（15例）；国际中文教育中文水平等级标准·语法学习手册（中等） p.80（14例）；国际中文教育中文水平等级标准·语法学习手册（中等） p.223（12例）；国际中文教育中文水平等级标准·语法学习手册（中等） p.339（12例）；国际中文教育中文水平等级标准·语法学习手册（中等） p.218（12例）；国际中文教育中文水平等级标准·语法学习手册（中等） p.370（11例）,初等 p.357；中等 p.80；中等 p.223；中等 p.339；中等 p.218；中等 p.370,把；处置标记；受事；谓词性成分；结果/补足成分；表层触发；正向接受；结构成立；功能成立,WITHHELD_COPYRIGHTED_EXAMPLES,页面已复核；本条为手册结构/用法说明的结构化转写，并非逐字引文。,可写为：本规则以《等级标准》语法等级大纲及其语法学习手册为标准锚点，并由现代汉语/对外汉语教学语法参考书补充定义。,证据类型=source-grounded schema transcription；保留规则转写判断与版本记录。
KG-RULE-V02-0003,把字句,把字句候选,把字句,处置/受事重组构式,正向接受规则,受事之后存在谓词性成分。,REF-GF0025-2021；REF-GRAMMAR-MANUAL-ELEM；REF-GRAMMAR-MANUAL-INTER；REF-LIU-PRACTICAL-GRAMMAR；REF-LU-TCSL-GRAMMAR,REF-GF0025-2021=国际中文教育中文水平等级标准: GF0025-2021；REF-GRAMMAR-MANUAL-ELEM=国际中文教育中文水平等级标准·语法学习手册（初等）；REF-GRAMMAR-MANUAL-INTER=国际中文教育中文水平等级标准·语法学习手册（中等）；REF-LIU-PRACTICAL-GRAMMAR=实用现代汉语语法；REF-LU-TCSL-GRAMMAR=对外汉语教学实用语法,国际中文教育中文水平等级标准·语法学习手册（初等） p.357（15例）；国际中文教育中文水平等级标准·语法学习手册（中等） p.80（14例）；国际中文教育中文水平等级标准·语法学习手册（中等） p.223（12例）；国际中文教育中文水平等级标准·语法学习手册（中等） p.339（12例）；国际中文教育中文水平等级标准·语法学习手册（中等） p.218（12例）；国际中文教育中文水平等级标准·语法学习手册（中等） p.370（11例）,初等 p.357；中等 p.80；中等 p.223；中等 p.339；中等 p.218；中等 p.370,把；处置标记；受事；谓词性成分；结果/补足成分；表层触发；正向接受；结构成立；功能成立,WITHHELD_COPYRIGHTED_EXAMPLES,页面已复核；本条为手册结构/用法说明的结构化转写，并非逐字引文。,可写为：本规则以《等级标准》语法等级大纲及其语法学习手册为标准锚点，并由现代汉语/对外汉语教学语法参考书补充定义。,证据类型=source-grounded schema transcription；保留规则转写判断与版本记录。
KG-RULE-V02-0004,把字句,把字句候选,把字句,处置/受事重组构式,正向接受规则,优先接受带有结果、趋向、状态变化或补足成分的处置表达。,REF-GF0025-2021；REF-GRAMMAR-MANUAL-ELEM；REF-GRAMMAR-MANUAL-INTER；REF-LIU-PRACTICAL-GRAMMAR；REF-LU-TCSL-GRAMMAR,REF-GF0025-2021=国际中文教育中文水平等级标准: GF0025-2021；REF-GRAMMAR-MANUAL-ELEM=国际中文教育中文水平等级标准·语法学习手册（初等）；REF-GRAMMAR-MANUAL-INTER=国际中文教育中文水平等级标准·语法学习手册（中等）；REF-LIU-PRACTICAL-GRAMMAR=实用现代汉语语法；REF-LU-TCSL-GRAMMAR=对外汉语教学实用语法,国际中文教育中文水平等级标准·语法学习手册（初等） p.357（15例）；国际中文教育中文水平等级标准·语法学习手册（中等） p.80（14例）；国际中文教育中文水平等级标准·语法学习手册（中等） p.223（12例）；国际中文教育中文水平等级标准·语法学习手册（中等） p.339（12例）；国际中文教育中文水平等级标准·语法学习手册（中等） p.218（12例）；国际中文教育中文水平等级标准·语法学习手册（中等） p.370（11例）,初等 p.357；中等 p.80；中等 p.223；中等 p.339；中等 p.218；中等 p.370,把；处置标记；受事；谓词性成分；结果/补足成分；表层触发；正向接受；结构成立；功能成立,WITHHELD_COPYRIGHTED_EXAMPLES,页面已复核；本条为手册结构/用法说明的结构化转写，并非逐字引文。,可写为：本规则以《等级标准》语法等级大纲及其语法学习手册为标准锚点，并由现代汉语/对外汉语教学语法参考书补充定义。,证据类型=source-grounded schema transcription；保留规则转写判断与版本记录。
KG-RULE-V02-0005,把字句,把字句候选,把字句,处置/受事重组构式,弱拒绝规则,候选片段只截到“把+受事”而缺少谓词性成分。,REF-GF0025-2021；REF-GRAMMAR-MANUAL-ELEM；REF-GRAMMAR-MANUAL-INTER；REF-LIU-PRACTICAL-GRAMMAR；REF-LU-TCSL-GRAMMAR,REF-GF0025-2021=国际中文教育中文水平等级标准: GF0025-2021；REF-GRAMMAR-MANUAL-ELEM=国际中文教育中文水平等级标准·语法学习手册（初等）；REF-GRAMMAR-MANUAL-INTER=国际中文教育中文水平等级标准·语法学习手册（中等）；REF-LIU-PRACTICAL-GRAMMAR=实用现代汉语语法；REF-LU-TCSL-GRAMMAR=对外汉语教学实用语法,国际中文教育中文水平等级标准·语法学习手册（初等） p.357（15例）；国际中文教育中文水平等级标准·语法学习手册（中等） p.80（14例）；国际中文教育中文水平等级标准·语法学习手册（中等） p.223（12例）；国际中文教育中文水平等级标准·语法学习手册（中等） p.339（12例）；国际中文教育中文水平等级标准·语法学习手册（中等） p.218（12例）；国际中文教育中文水平等级标准·语法学习手册（中等） p.370（11例）,初等 p.357；中等 p.80；中等 p.223；中等 p.339；中等 p.218；中等 p.370,把；处置标记；受事；谓词性成分；结果/补足成分；表层触发；弱拒绝；边界复核；上下文复核；把+受事；候选片段,WITHHELD_COPYRIGHTED_EXAMPLES,基础结构页面已复核；本条为依据必要结构派生的缺槽或边界规则。,可写为：本规则以《等级标准》语法等级大纲及其语法学习手册为标准锚点，并由现代汉语/对外汉语教学语法参考书补充定义。,证据类型=computational boundary derivation；保留规则转写判断与版本记录。
KG-RULE-V02-0006,把字句,把字句候选,把字句,处置/受事重组构式,弱拒绝规则,候选边界包含前置无关动作链，但核心把字结构仍可定位。,REF-GF0025-2021；REF-GRAMMAR-MANUAL-ELEM；REF-GRAMMAR-MANUAL-INTER；REF-LIU-PRACTICAL-GRAMMAR；REF-LU-TCSL-GRAMMAR,REF-GF0025-2021=国际中文教育中文水平等级标准: GF0025-2021；REF-GRAMMAR-MANUAL-ELEM=国际中文教育中文水平等级标准·语法学习手册（初等）；REF-GRAMMAR-MANUAL-INTER=国际中文教育中文水平等级标准·语法学习手册（中等）；REF-LIU-PRACTICAL-GRAMMAR=实用现代汉语语法；REF-LU-TCSL-GRAMMAR=对外汉语教学实用语法,国际中文教育中文水平等级标准·语法学习手册（初等） p.357（15例）；国际中文教育中文水平等级标准·语法学习手册（中等） p.80（14例）；国际中文教育中文水平等级标准·语法学习手册（中等） p.223（12例）；国际中文教育中文水平等级标准·语法学习手册（中等） p.339（12例）；国际中文教育中文水平等级标准·语法学习手册（中等） p.218（12例）；国际中文教育中文水平等级标准·语法学习手册（中等） p.370（11例）,初等 p.357；中等 p.80；中等 p.223；中等 p.339；中等 p.218；中等 p.370,把；处置标记；受事；谓词性成分；结果/补足成分；表层触发；弱拒绝；边界复核；上下文复核,WITHHELD_COPYRIGHTED_EXAMPLES,基础结构页面已复核；本条为依据必要结构派生的缺槽或边界规则。,可写为：本规则以《等级标准》语法等级大纲及其语法学习手册为标准锚点，并由现代汉语/对外汉语教学语法参考书补充定义。,证据类型=computational boundary derivation；保留规则转写判断与版本记录。
KG-RULE-V02-0007,把字句,把字句候选,把字句,处置/受事重组构式,强拒绝规则,“把”只出现在术语、标题、编号或非句法用例中。,REF-GF0025-2021；REF-GRAMMAR-MANUAL-ELEM；REF-GRAMMAR-MANUAL-INTER；REF-LIU-PRACTICAL-GRAMMAR；REF-LU-TCSL-GRAMMAR,REF-GF0025-2021=国际中文教育中文水平等级标准: GF0025-2021；REF-GRAMMAR-MANUAL-ELEM=国际中文教育中文水平等级标准·语法学习手册（初等）；REF-GRAMMAR-MANUAL-INTER=国际中文教育中文水平等级标准·语法学习手册（中等）；REF-LIU-PRACTICAL-GRAMMAR=实用现代汉语语法；REF-LU-TCSL-GRAMMAR=对外汉语教学实用语法,国际中文教育中文水平等级标准·语法学习手册（初等） p.357（15例）；国际中文教育中文水平等级标准·语法学习手册（中等） p.80（14例）；国际中文教育中文水平等级标准·语法学习手册（中等） p.223（12例）；国际中文教育中文水平等级标准·语法学习手册（中等） p.339（12例）；国际中文教育中文水平等级标准·语法学习手册（中等） p.218（12例）；国际中文教育中文水平等级标准·语法学习手册（中等） p.370（11例）,初等 p.357；中等 p.80；中等 p.223；中等 p.339；中等 p.218；中等 p.370,把；处置标记；受事；谓词性成分；结果/补足成分；表层触发；强拒绝；硬拒绝；非目标；术语；标题；编号,WITHHELD_COPYRIGHTED_EXAMPLES,基础结构页面已复核；本条为候选治理的操作性排除规则，不主张文献逐字给出。,可写为：本规则以《等级标准》语法等级大纲及其语法学习手册为标准锚点，并由现代汉语/对外汉语教学语法参考书补充定义。,证据类型=operational rejection rule；保留规则转写判断与版本记录。
KG-RULE-V02-0008,把字句,把字句候选,把字句,处置/受事重组构式,强拒绝规则,候选片段为残片，无法定位受事或谓词。,REF-GF0025-2021；REF-GRAMMAR-MANUAL-ELEM；REF-GRAMMAR-MANUAL-INTER；REF-LIU-PRACTICAL-GRAMMAR；REF-LU-TCSL-GRAMMAR,REF-GF0025-2021=国际中文教育中文水平等级标准: GF0025-2021；REF-GRAMMAR-MANUAL-ELEM=国际中文教育中文水平等级标准·语法学习手册（初等）；REF-GRAMMAR-MANUAL-INTER=国际中文教育中文水平等级标准·语法学习手册（中等）；REF-LIU-PRACTICAL-GRAMMAR=实用现代汉语语法；REF-LU-TCSL-GRAMMAR=对外汉语教学实用语法,国际中文教育中文水平等级标准·语法学习手册（初等） p.357（15例）；国际中文教育中文水平等级标准·语法学习手册（中等） p.80（14例）；国际中文教育中文水平等级标准·语法学习手册（中等） p.223（12例）；国际中文教育中文水平等级标准·语法学习手册（中等） p.339（12例）；国际中文教育中文水平等级标准·语法学习手册（中等） p.218（12例）；国际中文教育中文水平等级标准·语法学习手册（中等） p.370（11例）,初等 p.357；中等 p.80；中等 p.223；中等 p.339；中等 p.218；中等 p.370,把；处置标记；受事；谓词性成分；结果/补足成分；表层触发；强拒绝；硬拒绝；非目标；候选片段；残片,WITHHELD_COPYRIGHTED_EXAMPLES,基础结构页面已复核；本条为候选治理的操作性排除规则，不主张文献逐字给出。,可写为：本规则以《等级标准》语法等级大纲及其语法学习手册为标准锚点，并由现代汉语/对外汉语教学语法参考书补充定义。,证据类型=operational rejection rule；保留规则转写判断与版本记录。
KG-RULE-V02-0009,把字句,把字句候选,把字句,处置/受事重组构式,偏误推演规则,若缺少受事，则诊断为“结构缺槽”。,REF-GF0025-2021；REF-GRAMMAR-MANUAL-ELEM；REF-GRAMMAR-MANUAL-INTER；REF-LIU-PRACTICAL-GRAMMAR；REF-LU-TCSL-GRAMMAR,REF-GF0025-2021=国际中文教育中文水平等级标准: GF0025-2021；REF-GRAMMAR-MANUAL-ELEM=国际中文教育中文水平等级标准·语法学习手册（初等）；REF-GRAMMAR-MANUAL-INTER=国际中文教育中文水平等级标准·语法学习手册（中等）；REF-LIU-PRACTICAL-GRAMMAR=实用现代汉语语法；REF-LU-TCSL-GRAMMAR=对外汉语教学实用语法,国际中文教育中文水平等级标准·语法学习手册（初等） p.357（15例）；国际中文教育中文水平等级标准·语法学习手册（中等） p.80（14例）；国际中文教育中文水平等级标准·语法学习手册（中等） p.223（12例）；国际中文教育中文水平等级标准·语法学习手册（中等） p.339（12例）；国际中文教育中文水平等级标准·语法学习手册（中等） p.218（12例）；国际中文教育中文水平等级标准·语法学习手册（中等） p.370（11例）,初等 p.357；中等 p.80；中等 p.223；中等 p.339；中等 p.218；中等 p.370,把；处置标记；受事；谓词性成分；结果/补足成分；表层触发；偏误推演；诊断类型；规则冲突；结构缺槽,WITHHELD_COPYRIGHTED_EXAMPLES,基础结构页面已复核；本条为从结构条件派生的诊断规则，不主张文献逐字给出。,可写为：本规则以《等级标准》语法等级大纲及其语法学习手册为标准锚点，并由现代汉语/对外汉语教学语法参考书补充定义。,证据类型=derived diagnostic rule；保留规则转写判断与版本记录。
KG-RULE-V02-0010,把字句,把字句候选,把字句,处置/受事重组构式,偏误推演规则,若缺少谓词或结果成分，则诊断为“结构缺槽”。,REF-GF0025-2021；REF-GRAMMAR-MANUAL-ELEM；REF-GRAMMAR-MANUAL-INTER；REF-LIU-PRACTICAL-GRAMMAR；REF-LU-TCSL-GRAMMAR,REF-GF0025-2021=国际中文教育中文水平等级标准: GF0025-2021；REF-GRAMMAR-MANUAL-ELEM=国际中文教育中文水平等级标准·语法学习手册（初等）；REF-GRAMMAR-MANUAL-INTER=国际中文教育中文水平等级标准·语法学习手册（中等）；REF-LIU-PRACTICAL-GRAMMAR=实用现代汉语语法；REF-LU-TCSL-GRAMMAR=对外汉语教学实用语法,国际中文教育中文水平等级标准·语法学习手册（初等） p.357（15例）；国际中文教育中文水平等级标准·语法学习手册（中等） p.80（14例）；国际中文教育中文水平等级标准·语法学习手册（中等） p.223（12例）；国际中文教育中文水平等级标准·语法学习手册（中等） p.339（12例）；国际中文教育中文水平等级标准·语法学习手册（中等） p.218（12例）；国际中文教育中文水平等级标准·语法学习手册（中等） p.370（11例）,初等 p.357；中等 p.80；中等 p.223；中等 p.339；中等 p.218；中等 p.370,把；处置标记；受事；谓词性成分；结果/补足成分；表层触发；偏误推演；诊断类型；规则冲突；结构缺槽,WITHHELD_COPYRIGHTED_EXAMPLES,基础结构页面已复核；本条为从结构条件派生的诊断规则，不主张文献逐字给出。,可写为：本规则以《等级标准》语法等级大纲及其语法学习手册为标准锚点，并由现代汉语/对外汉语教学语法参考书补充定义。,证据类型=derived diagnostic rule；保留规则转写判断与版本记录。
KG-RULE-V02-0011,把字句,把字句候选,把字句,处置/受事重组构式,偏误推演规则,若只因出现“把”而结构不成立，则诊断为“表层触发但非目标”。,REF-GF0025-2021；REF-GRAMMAR-MANUAL-ELEM；REF-GRAMMAR-MANUAL-INTER；REF-LIU-PRACTICAL-GRAMMAR；REF-LU-TCSL-GRAMMAR,REF-GF0025-2021=国际中文教育中文水平等级标准: GF0025-2021；REF-GRAMMAR-MANUAL-ELEM=国际中文教育中文水平等级标准·语法学习手册（初等）；REF-GRAMMAR-MANUAL-INTER=国际中文教育中文水平等级标准·语法学习手册（中等）；REF-LIU-PRACTICAL-GRAMMAR=实用现代汉语语法；REF-LU-TCSL-GRAMMAR=对外汉语教学实用语法,国际中文教育中文水平等级标准·语法学习手册（初等） p.357（15例）；国际中文教育中文水平等级标准·语法学习手册（中等） p.80（14例）；国际中文教育中文水平等级标准·语法学习手册（中等） p.223（12例）；国际中文教育中文水平等级标准·语法学习手册（中等） p.339（12例）；国际中文教育中文水平等级标准·语法学习手册（中等） p.218（12例）；国际中文教育中文水平等级标准·语法学习手册（中等） p.370（11例）,初等 p.357；中等 p.80；中等 p.223；中等 p.339；中等 p.218；中等 p.370,把；处置标记；受事；谓词性成分；结果/补足成分；表层触发；偏误推演；诊断类型；规则冲突；表层触发但非目标,WITHHELD_COPYRIGHTED_EXAMPLES,基础结构页面已复核；本条为从结构条件派生的诊断规则，不主张文献逐字给出。,可写为：本规则以《等级标准》语法等级大纲及其语法学习手册为标准锚点，并由现代汉语/对外汉语教学语法参考书补充定义。,证据类型=derived diagnostic rule；保留规则转写判断与版本记录。
KG-RULE-V02-0012,把字句,将字处置候选,将字处置,处置/受事重组构式,正向接受规则,候选片段包含或可解释出“将字处置”相关标记/结构线索。,REF-GF0025-2021；REF-GRAMMAR-MANUAL-ELEM；REF-GRAMMAR-MANUAL-INTER；REF-LIU-PRACTICAL-GRAMMAR；REF-LU-TCSL-GRAMMAR,REF-GF0025-2021=国际中文教育中文水平等级标准: GF0025-2021；REF-GRAMMAR-MANUAL-ELEM=国际中文教育中文水平等级标准·语法学习手册（初等）；REF-GRAMMAR-MANUAL-INTER=国际中文教育中文水平等级标准·语法学习手册（中等）；REF-LIU-PRACTICAL-GRAMMAR=实用现代汉语语法；REF-LU-TCSL-GRAMMAR=对外汉语教学实用语法,国际中文教育中文水平等级标准·语法学习手册（中等） p.176（2例）；国际中文教育中文水平等级标准·语法学习手册（中等） p.177（1例）,中等 p.176；中等 p.177,把；处置标记；受事；谓词性成分；结果/补足成分；表层触发；正向接受；结构成立；功能成立；将字处置；候选片段；结构线索,WITHHELD_COPYRIGHTED_EXAMPLES,页面已复核；本条为手册结构/用法说明的结构化转写，并非逐字引文。,可写为：本规则以《等级标准》语法等级大纲及其语法学习手册为标准锚点，并由现代汉语/对外汉语教学语法参考书补充定义。,证据类型=source-grounded schema transcription；保留规则转写判断与版本记录。
KG-RULE-V02-0013,把字句,将字处置候选,将字处置,处置/受事重组构式,正向接受规则,候选片段满足所属语法家族的核心槽位要求：施事、处置标记、受事、谓词、结果/补足成分。,REF-GF0025-2021；REF-GRAMMAR-MANUAL-ELEM；REF-GRAMMAR-MANUAL-INTER；REF-LIU-PRACTICAL-GRAMMAR；REF-LU-TCSL-GRAMMAR,REF-GF0025-2021=国际中文教育中文水平等级标准: GF0025-2021；REF-GRAMMAR-MANUAL-ELEM=国际中文教育中文水平等级标准·语法学习手册（初等）；REF-GRAMMAR-MANUAL-INTER=国际中文教育中文水平等级标准·语法学习手册（中等）；REF-LIU-PRACTICAL-GRAMMAR=实用现代汉语语法；REF-LU-TCSL-GRAMMAR=对外汉语教学实用语法,国际中文教育中文水平等级标准·语法学习手册（中等） p.176（2例）；国际中文教育中文水平等级标准·语法学习手册（中等） p.177（1例）,中等 p.176；中等 p.177,把；处置标记；受事；谓词性成分；结果/补足成分；表层触发；正向接受；结构成立；功能成立；候选片段；核心槽位,WITHHELD_COPYRIGHTED_EXAMPLES,页面已复核；本条为手册结构/用法说明的结构化转写，并非逐字引文。,可写为：本规则以《等级标准》语法等级大纲及其语法学习手册为标准锚点，并由现代汉语/对外汉语教学语法参考书补充定义。,证据类型=source-grounded schema transcription；保留规则转写判断与版本记录。
KG-RULE-V02-0014,把字句,将字处置候选,将字处置,处置/受事重组构式,正向接受规则,候选片段在原句中承担该语法点的实际语法功能，而非仅有表层词形。,REF-GF0025-2021；REF-GRAMMAR-MANUAL-ELEM；REF-GRAMMAR-MANUAL-INTER；REF-LIU-PRACTICAL-GRAMMAR；REF-LU-TCSL-GRAMMAR,REF-GF0025-2021=国际中文教育中文水平等级标准: GF0025-2021；REF-GRAMMAR-MANUAL-ELEM=国际中文教育中文水平等级标准·语法学习手册（初等）；REF-GRAMMAR-MANUAL-INTER=国际中文教育中文水平等级标准·语法学习手册（中等）；REF-LIU-PRACTICAL-GRAMMAR=实用现代汉语语法；REF-LU-TCSL-GRAMMAR=对外汉语教学实用语法,国际中文教育中文水平等级标准·语法学习手册（中等） p.176（2例）；国际中文教育中文水平等级标准·语法学习手册（中等） p.177（1例）,中等 p.176；中等 p.177,把；处置标记；受事；谓词性成分；结果/补足成分；表层触发；正向接受；结构成立；功能成立；候选片段；实际语法功能,WITHHELD_COPYRIGHTED_EXAMPLES,页面已复核；本条为手册结构/用法说明的结构化转写，并非逐字引文。,可写为：本规则以《等级标准》语法等级大纲及其语法学习手册为标准锚点，并由现代汉语/对外汉语教学语法参考书补充定义。,证据类型=source-grounded schema transcription；保留规则转写判断与版本记录。
KG-RULE-V02-0015,把字句,将字处置候选,将字处置,处置/受事重组构式,弱拒绝规则,结构大体可定位但边界过短或过长。,REF-GF0025-2021；REF-GRAMMAR-MANUAL-ELEM；REF-GRAMMAR-MANUAL-INTER；REF-LIU-PRACTICAL-GRAMMAR；REF-LU-TCSL-GRAMMAR,REF-GF0025-2021=国际中文教育中文水平等级标准: GF0025-2021；REF-GRAMMAR-MANUAL-ELEM=国际中文教育中文水平等级标准·语法学习手册（初等）；REF-GRAMMAR-MANUAL-INTER=国际中文教育中文水平等级标准·语法学习手册（中等）；REF-LIU-PRACTICAL-GRAMMAR=实用现代汉语语法；REF-LU-TCSL-GRAMMAR=对外汉语教学实用语法,国际中文教育中文水平等级标准·语法学习手册（中等） p.176（2例）；国际中文教育中文水平等级标准·语法学习手册（中等） p.177（1例）,中等 p.176；中等 p.177,把；处置标记；受事；谓词性成分；结果/补足成分；表层触发；弱拒绝；边界复核；上下文复核；边界过短,WITHHELD_COPYRIGHTED_EXAMPLES,基础结构页面已复核；本条为依据必要结构派生的缺槽或边界规则。,可写为：本规则以《等级标准》语法等级大纲及其语法学习手册为标准锚点，并由现代汉语/对外汉语教学语法参考书补充定义。,证据类型=computational boundary derivation；保留规则转写判断与版本记录。
KG-RULE-V02-0016,把字句,将字处置候选,将字处置,处置/受事重组构式,弱拒绝规则,标记存在但核心槽位需要结合上下文复核。,REF-GF0025-2021；REF-GRAMMAR-MANUAL-ELEM；REF-GRAMMAR-MANUAL-INTER；REF-LIU-PRACTICAL-GRAMMAR；REF-LU-TCSL-GRAMMAR,REF-GF0025-2021=国际中文教育中文水平等级标准: GF0025-2021；REF-GRAMMAR-MANUAL-ELEM=国际中文教育中文水平等级标准·语法学习手册（初等）；REF-GRAMMAR-MANUAL-INTER=国际中文教育中文水平等级标准·语法学习手册（中等）；REF-LIU-PRACTICAL-GRAMMAR=实用现代汉语语法；REF-LU-TCSL-GRAMMAR=对外汉语教学实用语法,国际中文教育中文水平等级标准·语法学习手册（中等） p.176（2例）；国际中文教育中文水平等级标准·语法学习手册（中等） p.177（1例）,中等 p.176；中等 p.177,把；处置标记；受事；谓词性成分；结果/补足成分；表层触发；弱拒绝；边界复核；上下文复核；核心槽位,WITHHELD_COPYRIGHTED_EXAMPLES,基础结构页面已复核；本条为依据必要结构派生的缺槽或边界规则。,可写为：本规则以《等级标准》语法等级大纲及其语法学习手册为标准锚点，并由现代汉语/对外汉语教学语法参考书补充定义。,证据类型=computational boundary derivation；保留规则转写判断与版本记录。
KG-RULE-V02-0017,把字句,将字处置候选,将字处置,处置/受事重组构式,强拒绝规则,候选片段只是术语、标题、编号、残片或 OCR 混杂内容。,REF-GF0025-2021；REF-GRAMMAR-MANUAL-ELEM；REF-GRAMMAR-MANUAL-INTER；REF-LIU-PRACTICAL-GRAMMAR；REF-LU-TCSL-GRAMMAR,REF-GF0025-2021=国际中文教育中文水平等级标准: GF0025-2021；REF-GRAMMAR-MANUAL-ELEM=国际中文教育中文水平等级标准·语法学习手册（初等）；REF-GRAMMAR-MANUAL-INTER=国际中文教育中文水平等级标准·语法学习手册（中等）；REF-LIU-PRACTICAL-GRAMMAR=实用现代汉语语法；REF-LU-TCSL-GRAMMAR=对外汉语教学实用语法,国际中文教育中文水平等级标准·语法学习手册（中等） p.176（2例）；国际中文教育中文水平等级标准·语法学习手册（中等） p.177（1例）,中等 p.176；中等 p.177,把；处置标记；受事；谓词性成分；结果/补足成分；表层触发；强拒绝；硬拒绝；非目标；候选片段；术语；标题,WITHHELD_COPYRIGHTED_EXAMPLES,基础结构页面已复核；本条为候选治理的操作性排除规则，不主张文献逐字给出。,可写为：本规则以《等级标准》语法等级大纲及其语法学习手册为标准锚点，并由现代汉语/对外汉语教学语法参考书补充定义。,证据类型=operational rejection rule；保留规则转写判断与版本记录。
KG-RULE-V02-0018,把字句,将字处置候选,将字处置,处置/受事重组构式,强拒绝规则,只有表层标记，无法构成所属语法家族的核心结构。,REF-GF0025-2021；REF-GRAMMAR-MANUAL-ELEM；REF-GRAMMAR-MANUAL-INTER；REF-LIU-PRACTICAL-GRAMMAR；REF-LU-TCSL-GRAMMAR,REF-GF0025-2021=国际中文教育中文水平等级标准: GF0025-2021；REF-GRAMMAR-MANUAL-ELEM=国际中文教育中文水平等级标准·语法学习手册（初等）；REF-GRAMMAR-MANUAL-INTER=国际中文教育中文水平等级标准·语法学习手册（中等）；REF-LIU-PRACTICAL-GRAMMAR=实用现代汉语语法；REF-LU-TCSL-GRAMMAR=对外汉语教学实用语法,国际中文教育中文水平等级标准·语法学习手册（中等） p.176（2例）；国际中文教育中文水平等级标准·语法学习手册（中等） p.177（1例）,中等 p.176；中等 p.177,把；处置标记；受事；谓词性成分；结果/补足成分；表层触发；强拒绝；硬拒绝；非目标；表层标记；核心结构,WITHHELD_COPYRIGHTED_EXAMPLES,基础结构页面已复核；本条为候选治理的操作性排除规则，不主张文献逐字给出。,可写为：本规则以《等级标准》语法等级大纲及其语法学习手册为标准锚点，并由现代汉语/对外汉语教学语法参考书补充定义。,证据类型=operational rejection rule；保留规则转写判断与版本记录。
KG-RULE-V02-0019,把字句,将字处置候选,将字处置,处置/受事重组构式,偏误推演规则,若核心槽位缺失，则诊断为“结构缺槽”。,REF-GF0025-2021；REF-GRAMMAR-MANUAL-ELEM；REF-GRAMMAR-MANUAL-INTER；REF-LIU-PRACTICAL-GRAMMAR；REF-LU-TCSL-GRAMMAR,REF-GF0025-2021=国际中文教育中文水平等级标准: GF0025-2021；REF-GRAMMAR-MANUAL-ELEM=国际中文教育中文水平等级标准·语法学习手册（初等）；REF-GRAMMAR-MANUAL-INTER=国际中文教育中文水平等级标准·语法学习手册（中等）；REF-LIU-PRACTICAL-GRAMMAR=实用现代汉语语法；REF-LU-TCSL-GRAMMAR=对外汉语教学实用语法,国际中文教育中文水平等级标准·语法学习手册（中等） p.176（2例）；国际中文教育中文水平等级标准·语法学习手册（中等） p.177（1例）,中等 p.176；中等 p.177,把；处置标记；受事；谓词性成分；结果/补足成分；表层触发；偏误推演；诊断类型；规则冲突；结构缺槽；核心槽位,WITHHELD_COPYRIGHTED_EXAMPLES,基础结构页面已复核；本条为从结构条件派生的诊断规则，不主张文献逐字给出。,可写为：本规则以《等级标准》语法等级大纲及其语法学习手册为标准锚点，并由现代汉语/对外汉语教学语法参考书补充定义。,证据类型=derived diagnostic rule；保留规则转写判断与版本记录。
KG-RULE-V02-0020,把字句,将字处置候选,将字处置,处置/受事重组构式,偏误推演规则,若只有表层标记，则诊断为“表层触发但非目标”。,REF-GF0025-2021；REF-GRAMMAR-MANUAL-ELEM；REF-GRAMMAR-MANUAL-INTER；REF-LIU-PRACTICAL-GRAMMAR；REF-LU-TCSL-GRAMMAR,REF-GF0025-2021=国际中文教育中文水平等级标准: GF0025-2021；REF-GRAMMAR-MANUAL-ELEM=国际中文教育中文水平等级标准·语法学习手册（初等）；REF-GRAMMAR-MANUAL-INTER=国际中文教育中文水平等级标准·语法学习手册（中等）；REF-LIU-PRACTICAL-GRAMMAR=实用现代汉语语法；REF-LU-TCSL-GRAMMAR=对外汉语教学实用语法,国际中文教育中文水平等级标准·语法学习手册（中等） p.176（2例）；国际中文教育中文水平等级标准·语法学习手册（中等） p.177（1例）,中等 p.176；中等 p.177,把；处置标记；受事；谓词性成分；结果/补足成分；表层触发；偏误推演；诊断类型；规则冲突；表层触发但非目标；表层标记,WITHHELD_COPYRIGHTED_EXAMPLES,基础结构页面已复核；本条为从结构条件派生的诊断规则，不主张文献逐字给出。,可写为：本规则以《等级标准》语法等级大纲及其语法学习手册为标准锚点，并由现代汉语/对外汉语教学语法参考书补充定义。,证据类型=derived diagnostic rule；保留规则转写判断与版本记录。
KG-RULE-V02-0021,把字句,将字处置候选,将字处置,处置/受事重组构式,偏误推演规则,若结构成立但候选边界不准，则诊断为“边界问题”。,REF-GF0025-2021；REF-GRAMMAR-MANUAL-ELEM；REF-GRAMMAR-MANUAL-INTER；REF-LIU-PRACTICAL-GRAMMAR；REF-LU-TCSL-GRAMMAR,REF-GF0025-2021=国际中文教育中文水平等级标准: GF0025-2021；REF-GRAMMAR-MANUAL-ELEM=国际中文教育中文水平等级标准·语法学习手册（初等）；REF-GRAMMAR-MANUAL-INTER=国际中文教育中文水平等级标准·语法学习手册（中等）；REF-LIU-PRACTICAL-GRAMMAR=实用现代汉语语法；REF-LU-TCSL-GRAMMAR=对外汉语教学实用语法,国际中文教育中文水平等级标准·语法学习手册（中等） p.176（2例）；国际中文教育中文水平等级标准·语法学习手册（中等） p.177（1例）,中等 p.176；中等 p.177,把；处置标记；受事；谓词性成分；结果/补足成分；表层触发；偏误推演；诊断类型；规则冲突；边界问题,WITHHELD_COPYRIGHTED_EXAMPLES,基础结构页面已复核；本条为从结构条件派生的诊断规则，不主张文献逐字给出。,可写为：本规则以《等级标准》语法等级大纲及其语法学习手册为标准锚点，并由现代汉语/对外汉语教学语法参考书补充定义。,证据类型=derived diagnostic rule；保留规则转写判断与版本记录。
KG-RULE-V02-0022,被字句,被字句候选,被字句,被动/受事凸显构式,正向接受规则,存在被动标记，且句中可解释出受事和受影响事件。,REF-GF0025-2021；REF-GRAMMAR-MANUAL-ELEM；REF-GRAMMAR-MANUAL-INTER；REF-GRAMMAR-MANUAL-ADV；REF-LIU-PRACTICAL-GRAMMAR；REF-LU-TCSL-GRAMMAR,REF-GF0025-2021=国际中文教育中文水平等级标准: GF0025-2021；REF-GRAMMAR-MANUAL-ELEM=国际中文教育中文水平等级标准·语法学习手册（初等）；REF-GRAMMAR-MANUAL-INTER=国际中文教育中文水平等级标准·语法学习手册（中等）；REF-GRAMMAR-MANUAL-ADV=国际中文教育中文水平等级标准·语法学习手册（高等）；REF-LIU-PRACTICAL-GRAMMAR=实用现代汉语语法；REF-LU-TCSL-GRAMMAR=对外汉语教学实用语法,国际中文教育中文水平等级标准·语法学习手册（中等） p.83（14例）；国际中文教育中文水平等级标准·语法学习手册（高等） p.126（11例）；国际中文教育中文水平等级标准·语法学习手册（初等） p.359（8例）；国际中文教育中文水平等级标准·语法学习手册（初等） p.358（7例）；国际中文教育中文水平等级标准·语法学习手册（中等） p.84（7例）；国际中文教育中文水平等级标准·语法学习手册（中等） p.341（6例）,中等 p.83；高等 p.126；初等 p.359；初等 p.358；中等 p.84；中等 p.341,被动标记；受事；施事；谓词事件；受影响事件；术语残片；正向接受；结构成立；功能成立,WITHHELD_COPYRIGHTED_EXAMPLES,页面已复核；本条为手册结构/用法说明的结构化转写，并非逐字引文。,可写为：本规则以《等级标准》语法等级大纲及其语法学习手册为标准锚点，并由现代汉语/对外汉语教学语法参考书补充定义。,证据类型=source-grounded schema transcription；保留规则转写判断与版本记录。
KG-RULE-V02-0023,被字句,被字句候选,被字句,被动/受事凸显构式,正向接受规则,施事可以明示，也可以省略。,REF-GF0025-2021；REF-GRAMMAR-MANUAL-ELEM；REF-GRAMMAR-MANUAL-INTER；REF-GRAMMAR-MANUAL-ADV；REF-LIU-PRACTICAL-GRAMMAR；REF-LU-TCSL-GRAMMAR,REF-GF0025-2021=国际中文教育中文水平等级标准: GF0025-2021；REF-GRAMMAR-MANUAL-ELEM=国际中文教育中文水平等级标准·语法学习手册（初等）；REF-GRAMMAR-MANUAL-INTER=国际中文教育中文水平等级标准·语法学习手册（中等）；REF-GRAMMAR-MANUAL-ADV=国际中文教育中文水平等级标准·语法学习手册（高等）；REF-LIU-PRACTICAL-GRAMMAR=实用现代汉语语法；REF-LU-TCSL-GRAMMAR=对外汉语教学实用语法,国际中文教育中文水平等级标准·语法学习手册（中等） p.83（14例）；国际中文教育中文水平等级标准·语法学习手册（高等） p.126（11例）；国际中文教育中文水平等级标准·语法学习手册（初等） p.359（8例）；国际中文教育中文水平等级标准·语法学习手册（初等） p.358（7例）；国际中文教育中文水平等级标准·语法学习手册（中等） p.84（7例）；国际中文教育中文水平等级标准·语法学习手册（中等） p.341（6例）,中等 p.83；高等 p.126；初等 p.359；初等 p.358；中等 p.84；中等 p.341,被动标记；受事；施事；谓词事件；受影响事件；术语残片；正向接受；结构成立；功能成立,WITHHELD_COPYRIGHTED_EXAMPLES,页面已复核；本条为手册结构/用法说明的结构化转写，并非逐字引文。,可写为：本规则以《等级标准》语法等级大纲及其语法学习手册为标准锚点，并由现代汉语/对外汉语教学语法参考书补充定义。,证据类型=source-grounded schema transcription；保留规则转写判断与版本记录。
KG-RULE-V02-0024,被字句,被字句候选,被字句,被动/受事凸显构式,正向接受规则,谓词通常表达动作、影响或结果状态。,REF-GF0025-2021；REF-GRAMMAR-MANUAL-ELEM；REF-GRAMMAR-MANUAL-INTER；REF-GRAMMAR-MANUAL-ADV；REF-LIU-PRACTICAL-GRAMMAR；REF-LU-TCSL-GRAMMAR,REF-GF0025-2021=国际中文教育中文水平等级标准: GF0025-2021；REF-GRAMMAR-MANUAL-ELEM=国际中文教育中文水平等级标准·语法学习手册（初等）；REF-GRAMMAR-MANUAL-INTER=国际中文教育中文水平等级标准·语法学习手册（中等）；REF-GRAMMAR-MANUAL-ADV=国际中文教育中文水平等级标准·语法学习手册（高等）；REF-LIU-PRACTICAL-GRAMMAR=实用现代汉语语法；REF-LU-TCSL-GRAMMAR=对外汉语教学实用语法,国际中文教育中文水平等级标准·语法学习手册（中等） p.83（14例）；国际中文教育中文水平等级标准·语法学习手册（高等） p.126（11例）；国际中文教育中文水平等级标准·语法学习手册（初等） p.359（8例）；国际中文教育中文水平等级标准·语法学习手册（初等） p.358（7例）；国际中文教育中文水平等级标准·语法学习手册（中等） p.84（7例）；国际中文教育中文水平等级标准·语法学习手册（中等） p.341（6例）,中等 p.83；高等 p.126；初等 p.359；初等 p.358；中等 p.84；中等 p.341,被动标记；受事；施事；谓词事件；受影响事件；术语残片；正向接受；结构成立；功能成立,WITHHELD_COPYRIGHTED_EXAMPLES,页面已复核；本条为手册结构/用法说明的结构化转写，并非逐字引文。,可写为：本规则以《等级标准》语法等级大纲及其语法学习手册为标准锚点，并由现代汉语/对外汉语教学语法参考书补充定义。,证据类型=source-grounded schema transcription；保留规则转写判断与版本记录。
KG-RULE-V02-0025,被字句,被字句候选,被字句,被动/受事凸显构式,弱拒绝规则,候选片段过短，但原句附近可补足被动事件。,REF-GF0025-2021；REF-GRAMMAR-MANUAL-ELEM；REF-GRAMMAR-MANUAL-INTER；REF-GRAMMAR-MANUAL-ADV；REF-LIU-PRACTICAL-GRAMMAR；REF-LU-TCSL-GRAMMAR,REF-GF0025-2021=国际中文教育中文水平等级标准: GF0025-2021；REF-GRAMMAR-MANUAL-ELEM=国际中文教育中文水平等级标准·语法学习手册（初等）；REF-GRAMMAR-MANUAL-INTER=国际中文教育中文水平等级标准·语法学习手册（中等）；REF-GRAMMAR-MANUAL-ADV=国际中文教育中文水平等级标准·语法学习手册（高等）；REF-LIU-PRACTICAL-GRAMMAR=实用现代汉语语法；REF-LU-TCSL-GRAMMAR=对外汉语教学实用语法,国际中文教育中文水平等级标准·语法学习手册（中等） p.83（14例）；国际中文教育中文水平等级标准·语法学习手册（高等） p.126（11例）；国际中文教育中文水平等级标准·语法学习手册（初等） p.359（8例）；国际中文教育中文水平等级标准·语法学习手册（初等） p.358（7例）；国际中文教育中文水平等级标准·语法学习手册（中等） p.84（7例）；国际中文教育中文水平等级标准·语法学习手册（中等） p.341（6例）,中等 p.83；高等 p.126；初等 p.359；初等 p.358；中等 p.84；中等 p.341,被动标记；受事；施事；谓词事件；受影响事件；术语残片；弱拒绝；边界复核；上下文复核；候选片段,WITHHELD_COPYRIGHTED_EXAMPLES,基础结构页面已复核；本条为依据必要结构派生的缺槽或边界规则。,可写为：本规则以《等级标准》语法等级大纲及其语法学习手册为标准锚点，并由现代汉语/对外汉语教学语法参考书补充定义。,证据类型=computational boundary derivation；保留规则转写判断与版本记录。
KG-RULE-V02-0026,被字句,被字句候选,被字句,被动/受事凸显构式,强拒绝规则,“被”出现在术语残片、语法说明或非句法用例中。,REF-GF0025-2021；REF-GRAMMAR-MANUAL-ELEM；REF-GRAMMAR-MANUAL-INTER；REF-GRAMMAR-MANUAL-ADV；REF-LIU-PRACTICAL-GRAMMAR；REF-LU-TCSL-GRAMMAR,REF-GF0025-2021=国际中文教育中文水平等级标准: GF0025-2021；REF-GRAMMAR-MANUAL-ELEM=国际中文教育中文水平等级标准·语法学习手册（初等）；REF-GRAMMAR-MANUAL-INTER=国际中文教育中文水平等级标准·语法学习手册（中等）；REF-GRAMMAR-MANUAL-ADV=国际中文教育中文水平等级标准·语法学习手册（高等）；REF-LIU-PRACTICAL-GRAMMAR=实用现代汉语语法；REF-LU-TCSL-GRAMMAR=对外汉语教学实用语法,国际中文教育中文水平等级标准·语法学习手册（中等） p.83（14例）；国际中文教育中文水平等级标准·语法学习手册（高等） p.126（11例）；国际中文教育中文水平等级标准·语法学习手册（初等） p.359（8例）；国际中文教育中文水平等级标准·语法学习手册（初等） p.358（7例）；国际中文教育中文水平等级标准·语法学习手册（中等） p.84（7例）；国际中文教育中文水平等级标准·语法学习手册（中等） p.341（6例）,中等 p.83；高等 p.126；初等 p.359；初等 p.358；中等 p.84；中等 p.341,被动标记；受事；施事；谓词事件；受影响事件；术语残片；强拒绝；硬拒绝；非目标；被；术语；残片,WITHHELD_COPYRIGHTED_EXAMPLES,基础结构页面已复核；本条为候选治理的操作性排除规则，不主张文献逐字给出。,可写为：本规则以《等级标准》语法等级大纲及其语法学习手册为标准锚点，并由现代汉语/对外汉语教学语法参考书补充定义。,证据类型=operational rejection rule；保留规则转写判断与版本记录。
KG-RULE-V02-0027,被字句,被字句候选,被字句,被动/受事凸显构式,强拒绝规则,只有被动标记而无可解释谓词事件。,REF-GF0025-2021；REF-GRAMMAR-MANUAL-ELEM；REF-GRAMMAR-MANUAL-INTER；REF-GRAMMAR-MANUAL-ADV；REF-LIU-PRACTICAL-GRAMMAR；REF-LU-TCSL-GRAMMAR,REF-GF0025-2021=国际中文教育中文水平等级标准: GF0025-2021；REF-GRAMMAR-MANUAL-ELEM=国际中文教育中文水平等级标准·语法学习手册（初等）；REF-GRAMMAR-MANUAL-INTER=国际中文教育中文水平等级标准·语法学习手册（中等）；REF-GRAMMAR-MANUAL-ADV=国际中文教育中文水平等级标准·语法学习手册（高等）；REF-LIU-PRACTICAL-GRAMMAR=实用现代汉语语法；REF-LU-TCSL-GRAMMAR=对外汉语教学实用语法,国际中文教育中文水平等级标准·语法学习手册（中等） p.83（14例）；国际中文教育中文水平等级标准·语法学习手册（高等） p.126（11例）；国际中文教育中文水平等级标准·语法学习手册（初等） p.359（8例）；国际中文教育中文水平等级标准·语法学习手册（初等） p.358（7例）；国际中文教育中文水平等级标准·语法学习手册（中等） p.84（7例）；国际中文教育中文水平等级标准·语法学习手册（中等） p.341（6例）,中等 p.83；高等 p.126；初等 p.359；初等 p.358；中等 p.84；中等 p.341,被动标记；受事；施事；谓词事件；受影响事件；术语残片；强拒绝；硬拒绝；非目标,WITHHELD_COPYRIGHTED_EXAMPLES,基础结构页面已复核；本条为候选治理的操作性排除规则，不主张文献逐字给出。,可写为：本规则以《等级标准》语法等级大纲及其语法学习手册为标准锚点，并由现代汉语/对外汉语教学语法参考书补充定义。,证据类型=operational rejection rule；保留规则转写判断与版本记录。
KG-RULE-V02-0028,被字句,被字句候选,被字句,被动/受事凸显构式,偏误推演规则,若缺少被动事件谓词，则诊断为“结构缺槽”。,REF-GF0025-2021；REF-GRAMMAR-MANUAL-ELEM；REF-GRAMMAR-MANUAL-INTER；REF-GRAMMAR-MANUAL-ADV；REF-LIU-PRACTICAL-GRAMMAR；REF-LU-TCSL-GRAMMAR,REF-GF0025-2021=国际中文教育中文水平等级标准: GF0025-2021；REF-GRAMMAR-MANUAL-ELEM=国际中文教育中文水平等级标准·语法学习手册（初等）；REF-GRAMMAR-MANUAL-INTER=国际中文教育中文水平等级标准·语法学习手册（中等）；REF-GRAMMAR-MANUAL-ADV=国际中文教育中文水平等级标准·语法学习手册（高等）；REF-LIU-PRACTICAL-GRAMMAR=实用现代汉语语法；REF-LU-TCSL-GRAMMAR=对外汉语教学实用语法,国际中文教育中文水平等级标准·语法学习手册（中等） p.83（14例）；国际中文教育中文水平等级标准·语法学习手册（高等） p.126（11例）；国际中文教育中文水平等级标准·语法学习手册（初等） p.359（8例）；国际中文教育中文水平等级标准·语法学习手册（初等） p.358（7例）；国际中文教育中文水平等级标准·语法学习手册（中等） p.84（7例）；国际中文教育中文水平等级标准·语法学习手册（中等） p.341（6例）,中等 p.83；高等 p.126；初等 p.359；初等 p.358；中等 p.84；中等 p.341,被动标记；受事；施事；谓词事件；受影响事件；术语残片；偏误推演；诊断类型；规则冲突；结构缺槽,WITHHELD_COPYRIGHTED_EXAMPLES,基础结构页面已复核；本条为从结构条件派生的诊断规则，不主张文献逐字给出。,可写为：本规则以《等级标准》语法等级大纲及其语法学习手册为标准锚点，并由现代汉语/对外汉语教学语法参考书补充定义。,证据类型=derived diagnostic rule；保留规则转写判断与版本记录。
KG-RULE-V02-0029,被字句,被字句候选,被字句,被动/受事凸显构式,偏误推演规则,若术语或说明文字触发，则诊断为“表层触发但非目标”。,REF-GF0025-2021；REF-GRAMMAR-MANUAL-ELEM；REF-GRAMMAR-MANUAL-INTER；REF-GRAMMAR-MANUAL-ADV；REF-LIU-PRACTICAL-GRAMMAR；REF-LU-TCSL-GRAMMAR,REF-GF0025-2021=国际中文教育中文水平等级标准: GF0025-2021；REF-GRAMMAR-MANUAL-ELEM=国际中文教育中文水平等级标准·语法学习手册（初等）；REF-GRAMMAR-MANUAL-INTER=国际中文教育中文水平等级标准·语法学习手册（中等）；REF-GRAMMAR-MANUAL-ADV=国际中文教育中文水平等级标准·语法学习手册（高等）；REF-LIU-PRACTICAL-GRAMMAR=实用现代汉语语法；REF-LU-TCSL-GRAMMAR=对外汉语教学实用语法,国际中文教育中文水平等级标准·语法学习手册（中等） p.83（14例）；国际中文教育中文水平等级标准·语法学习手册（高等） p.126（11例）；国际中文教育中文水平等级标准·语法学习手册（初等） p.359（8例）；国际中文教育中文水平等级标准·语法学习手册（初等） p.358（7例）；国际中文教育中文水平等级标准·语法学习手册（中等） p.84（7例）；国际中文教育中文水平等级标准·语法学习手册（中等） p.341（6例）,中等 p.83；高等 p.126；初等 p.359；初等 p.358；中等 p.84；中等 p.341,被动标记；受事；施事；谓词事件；受影响事件；术语残片；偏误推演；诊断类型；规则冲突；表层触发但非目标；术语,WITHHELD_COPYRIGHTED_EXAMPLES,基础结构页面已复核；本条为从结构条件派生的诊断规则，不主张文献逐字给出。,可写为：本规则以《等级标准》语法等级大纲及其语法学习手册为标准锚点，并由现代汉语/对外汉语教学语法参考书补充定义。,证据类型=derived diagnostic rule；保留规则转写判断与版本记录。
KG-RULE-V02-0030,时间状语,时间状语候选,时间状语,时间/处所功能结构,正向接受规则,候选片段说明中心事件发生的时间、时段、频率或先后。,REF-GF0025-2021；REF-GRAMMAR-MANUAL-ELEM；REF-GRAMMAR-MANUAL-INTER；REF-GRAMMAR-MANUAL-ADV；REF-HUANG-LIAO-MODERN-CHINESE,REF-GF0025-2021=国际中文教育中文水平等级标准: GF0025-2021；REF-GRAMMAR-MANUAL-ELEM=国际中文教育中文水平等级标准·语法学习手册（初等）；REF-GRAMMAR-MANUAL-INTER=国际中文教育中文水平等级标准·语法学习手册（中等）；REF-GRAMMAR-MANUAL-ADV=国际中文教育中文水平等级标准·语法学习手册（高等）；REF-HUANG-LIAO-MODERN-CHINESE=现代汉语,国际中文教育中文水平等级标准·语法学习手册（中等） p.66（6例）；国际中文教育中文水平等级标准·语法学习手册（高等） p.104（5例）；国际中文教育中文水平等级标准·语法学习手册（初等） p.152（5例）；国际中文教育中文水平等级标准·语法学习手册（高等） p.67（5例）；国际中文教育中文水平等级标准·语法学习手册（初等） p.237（4例）；国际中文教育中文水平等级标准·语法学习手册（高等） p.121（4例）,中等 p.66；高等 p.104；初等 p.152；高等 p.67；初等 p.237；高等 p.121,时间表达；中心事件；谓词修饰；状语功能；时量补语区分；正向接受；结构成立；功能成立；候选片段,WITHHELD_COPYRIGHTED_EXAMPLES,页面已复核；本条为手册结构/用法说明的结构化转写，并非逐字引文。,可写为：本规则以《等级标准》语法等级大纲及其语法学习手册为标准锚点，并由现代汉语/对外汉语教学语法参考书补充定义。,证据类型=source-grounded schema transcription；保留规则转写判断与版本记录。
KG-RULE-V02-0031,时间状语,时间状语候选,时间状语,时间/处所功能结构,正向接受规则,能回答“什么时候做/发生”。,REF-GF0025-2021；REF-GRAMMAR-MANUAL-ELEM；REF-GRAMMAR-MANUAL-INTER；REF-GRAMMAR-MANUAL-ADV；REF-HUANG-LIAO-MODERN-CHINESE,REF-GF0025-2021=国际中文教育中文水平等级标准: GF0025-2021；REF-GRAMMAR-MANUAL-ELEM=国际中文教育中文水平等级标准·语法学习手册（初等）；REF-GRAMMAR-MANUAL-INTER=国际中文教育中文水平等级标准·语法学习手册（中等）；REF-GRAMMAR-MANUAL-ADV=国际中文教育中文水平等级标准·语法学习手册（高等）；REF-HUANG-LIAO-MODERN-CHINESE=现代汉语,国际中文教育中文水平等级标准·语法学习手册（中等） p.66（6例）；国际中文教育中文水平等级标准·语法学习手册（高等） p.104（5例）；国际中文教育中文水平等级标准·语法学习手册（初等） p.152（5例）；国际中文教育中文水平等级标准·语法学习手册（高等） p.67（5例）；国际中文教育中文水平等级标准·语法学习手册（初等） p.237（4例）；国际中文教育中文水平等级标准·语法学习手册（高等） p.121（4例）,中等 p.66；高等 p.104；初等 p.152；高等 p.67；初等 p.237；高等 p.121,时间表达；中心事件；谓词修饰；状语功能；时量补语区分；正向接受；结构成立；功能成立；什么时候做/发生,WITHHELD_COPYRIGHTED_EXAMPLES,页面已复核；本条为手册结构/用法说明的结构化转写，并非逐字引文。,可写为：本规则以《等级标准》语法等级大纲及其语法学习手册为标准锚点，并由现代汉语/对外汉语教学语法参考书补充定义。,证据类型=source-grounded schema transcription；保留规则转写判断与版本记录。
KG-RULE-V02-0032,时间状语,时间状语候选,时间状语,时间/处所功能结构,正向接受规则,功能上修饰谓词或事件，而非单纯作名词性论元。,REF-GF0025-2021；REF-GRAMMAR-MANUAL-ELEM；REF-GRAMMAR-MANUAL-INTER；REF-GRAMMAR-MANUAL-ADV；REF-HUANG-LIAO-MODERN-CHINESE,REF-GF0025-2021=国际中文教育中文水平等级标准: GF0025-2021；REF-GRAMMAR-MANUAL-ELEM=国际中文教育中文水平等级标准·语法学习手册（初等）；REF-GRAMMAR-MANUAL-INTER=国际中文教育中文水平等级标准·语法学习手册（中等）；REF-GRAMMAR-MANUAL-ADV=国际中文教育中文水平等级标准·语法学习手册（高等）；REF-HUANG-LIAO-MODERN-CHINESE=现代汉语,国际中文教育中文水平等级标准·语法学习手册（中等） p.66（6例）；国际中文教育中文水平等级标准·语法学习手册（高等） p.104（5例）；国际中文教育中文水平等级标准·语法学习手册（初等） p.152（5例）；国际中文教育中文水平等级标准·语法学习手册（高等） p.67（5例）；国际中文教育中文水平等级标准·语法学习手册（初等） p.237（4例）；国际中文教育中文水平等级标准·语法学习手册（高等） p.121（4例）,中等 p.66；高等 p.104；初等 p.152；高等 p.67；初等 p.237；高等 p.121,时间表达；中心事件；谓词修饰；状语功能；时量补语区分；正向接受；结构成立；功能成立,WITHHELD_COPYRIGHTED_EXAMPLES,页面已复核；本条为手册结构/用法说明的结构化转写，并非逐字引文。,可写为：本规则以《等级标准》语法等级大纲及其语法学习手册为标准锚点，并由现代汉语/对外汉语教学语法参考书补充定义。,证据类型=source-grounded schema transcription；保留规则转写判断与版本记录。
KG-RULE-V02-0033,时间状语,时间状语候选,时间状语,时间/处所功能结构,弱拒绝规则,时间词存在但更像句子话题，需结合谓词关系复核。,REF-GF0025-2021；REF-GRAMMAR-MANUAL-ELEM；REF-GRAMMAR-MANUAL-INTER；REF-GRAMMAR-MANUAL-ADV；REF-HUANG-LIAO-MODERN-CHINESE,REF-GF0025-2021=国际中文教育中文水平等级标准: GF0025-2021；REF-GRAMMAR-MANUAL-ELEM=国际中文教育中文水平等级标准·语法学习手册（初等）；REF-GRAMMAR-MANUAL-INTER=国际中文教育中文水平等级标准·语法学习手册（中等）；REF-GRAMMAR-MANUAL-ADV=国际中文教育中文水平等级标准·语法学习手册（高等）；REF-HUANG-LIAO-MODERN-CHINESE=现代汉语,国际中文教育中文水平等级标准·语法学习手册（中等） p.66（6例）；国际中文教育中文水平等级标准·语法学习手册（高等） p.104（5例）；国际中文教育中文水平等级标准·语法学习手册（初等） p.152（5例）；国际中文教育中文水平等级标准·语法学习手册（高等） p.67（5例）；国际中文教育中文水平等级标准·语法学习手册（初等） p.237（4例）；国际中文教育中文水平等级标准·语法学习手册（高等） p.121（4例）,中等 p.66；高等 p.104；初等 p.152；高等 p.67；初等 p.237；高等 p.121,时间表达；中心事件；谓词修饰；状语功能；时量补语区分；弱拒绝；边界复核；上下文复核,WITHHELD_COPYRIGHTED_EXAMPLES,基础结构页面已复核；本条为依据必要结构派生的缺槽或边界规则。,可写为：本规则以《等级标准》语法等级大纲及其语法学习手册为标准锚点，并由现代汉语/对外汉语教学语法参考书补充定义。,证据类型=computational boundary derivation；保留规则转写判断与版本记录。
KG-RULE-V02-0034,时间状语,时间状语候选,时间状语,时间/处所功能结构,弱拒绝规则,动词后数量/时量成分可能是补语而非时间状语。,REF-GF0025-2021；REF-GRAMMAR-MANUAL-ELEM；REF-GRAMMAR-MANUAL-INTER；REF-GRAMMAR-MANUAL-ADV；REF-HUANG-LIAO-MODERN-CHINESE,REF-GF0025-2021=国际中文教育中文水平等级标准: GF0025-2021；REF-GRAMMAR-MANUAL-ELEM=国际中文教育中文水平等级标准·语法学习手册（初等）；REF-GRAMMAR-MANUAL-INTER=国际中文教育中文水平等级标准·语法学习手册（中等）；REF-GRAMMAR-MANUAL-ADV=国际中文教育中文水平等级标准·语法学习手册（高等）；REF-HUANG-LIAO-MODERN-CHINESE=现代汉语,国际中文教育中文水平等级标准·语法学习手册（中等） p.66（6例）；国际中文教育中文水平等级标准·语法学习手册（高等） p.104（5例）；国际中文教育中文水平等级标准·语法学习手册（初等） p.152（5例）；国际中文教育中文水平等级标准·语法学习手册（高等） p.67（5例）；国际中文教育中文水平等级标准·语法学习手册（初等） p.237（4例）；国际中文教育中文水平等级标准·语法学习手册（高等） p.121（4例）,中等 p.66；高等 p.104；初等 p.152；高等 p.67；初等 p.237；高等 p.121,时间表达；中心事件；谓词修饰；状语功能；时量补语区分；弱拒绝；边界复核；上下文复核,WITHHELD_COPYRIGHTED_EXAMPLES,基础结构页面已复核；本条为依据必要结构派生的缺槽或边界规则。,可写为：本规则以《等级标准》语法等级大纲及其语法学习手册为标准锚点，并由现代汉语/对外汉语教学语法参考书补充定义。,证据类型=computational boundary derivation；保留规则转写判断与版本记录。
KG-RULE-V02-0035,时间状语,时间状语候选,时间状语,时间/处所功能结构,强拒绝规则,时间词作为名词中心语或被定语修饰，不修饰事件。,REF-GF0025-2021；REF-GRAMMAR-MANUAL-ELEM；REF-GRAMMAR-MANUAL-INTER；REF-GRAMMAR-MANUAL-ADV；REF-HUANG-LIAO-MODERN-CHINESE,REF-GF0025-2021=国际中文教育中文水平等级标准: GF0025-2021；REF-GRAMMAR-MANUAL-ELEM=国际中文教育中文水平等级标准·语法学习手册（初等）；REF-GRAMMAR-MANUAL-INTER=国际中文教育中文水平等级标准·语法学习手册（中等）；REF-GRAMMAR-MANUAL-ADV=国际中文教育中文水平等级标准·语法学习手册（高等）；REF-HUANG-LIAO-MODERN-CHINESE=现代汉语,国际中文教育中文水平等级标准·语法学习手册（中等） p.66（6例）；国际中文教育中文水平等级标准·语法学习手册（高等） p.104（5例）；国际中文教育中文水平等级标准·语法学习手册（初等） p.152（5例）；国际中文教育中文水平等级标准·语法学习手册（高等） p.67（5例）；国际中文教育中文水平等级标准·语法学习手册（初等） p.237（4例）；国际中文教育中文水平等级标准·语法学习手册（高等） p.121（4例）,中等 p.66；高等 p.104；初等 p.152；高等 p.67；初等 p.237；高等 p.121,时间表达；中心事件；谓词修饰；状语功能；时量补语区分；强拒绝；硬拒绝；非目标,WITHHELD_COPYRIGHTED_EXAMPLES,基础结构页面已复核；本条为候选治理的操作性排除规则，不主张文献逐字给出。,可写为：本规则以《等级标准》语法等级大纲及其语法学习手册为标准锚点，并由现代汉语/对外汉语教学语法参考书补充定义。,证据类型=operational rejection rule；保留规则转写判断与版本记录。
KG-RULE-V02-0036,时间状语,时间状语候选,时间状语,时间/处所功能结构,强拒绝规则,候选为残缺时间词或 OCR 混杂片段。,REF-GF0025-2021；REF-GRAMMAR-MANUAL-ELEM；REF-GRAMMAR-MANUAL-INTER；REF-GRAMMAR-MANUAL-ADV；REF-HUANG-LIAO-MODERN-CHINESE,REF-GF0025-2021=国际中文教育中文水平等级标准: GF0025-2021；REF-GRAMMAR-MANUAL-ELEM=国际中文教育中文水平等级标准·语法学习手册（初等）；REF-GRAMMAR-MANUAL-INTER=国际中文教育中文水平等级标准·语法学习手册（中等）；REF-GRAMMAR-MANUAL-ADV=国际中文教育中文水平等级标准·语法学习手册（高等）；REF-HUANG-LIAO-MODERN-CHINESE=现代汉语,国际中文教育中文水平等级标准·语法学习手册（中等） p.66（6例）；国际中文教育中文水平等级标准·语法学习手册（高等） p.104（5例）；国际中文教育中文水平等级标准·语法学习手册（初等） p.152（5例）；国际中文教育中文水平等级标准·语法学习手册（高等） p.67（5例）；国际中文教育中文水平等级标准·语法学习手册（初等） p.237（4例）；国际中文教育中文水平等级标准·语法学习手册（高等） p.121（4例）,中等 p.66；高等 p.104；初等 p.152；高等 p.67；初等 p.237；高等 p.121,时间表达；中心事件；谓词修饰；状语功能；时量补语区分；强拒绝；硬拒绝；非目标,WITHHELD_COPYRIGHTED_EXAMPLES,基础结构页面已复核；本条为候选治理的操作性排除规则，不主张文献逐字给出。,可写为：本规则以《等级标准》语法等级大纲及其语法学习手册为标准锚点，并由现代汉语/对外汉语教学语法参考书补充定义。,证据类型=operational rejection rule；保留规则转写判断与版本记录。
KG-RULE-V02-0037,时间状语,时间状语候选,时间状语,时间/处所功能结构,偏误推演规则,若时间表达不修饰事件，则诊断为“表层触发但非目标”。,REF-GF0025-2021；REF-GRAMMAR-MANUAL-ELEM；REF-GRAMMAR-MANUAL-INTER；REF-GRAMMAR-MANUAL-ADV；REF-HUANG-LIAO-MODERN-CHINESE,REF-GF0025-2021=国际中文教育中文水平等级标准: GF0025-2021；REF-GRAMMAR-MANUAL-ELEM=国际中文教育中文水平等级标准·语法学习手册（初等）；REF-GRAMMAR-MANUAL-INTER=国际中文教育中文水平等级标准·语法学习手册（中等）；REF-GRAMMAR-MANUAL-ADV=国际中文教育中文水平等级标准·语法学习手册（高等）；REF-HUANG-LIAO-MODERN-CHINESE=现代汉语,国际中文教育中文水平等级标准·语法学习手册（中等） p.66（6例）；国际中文教育中文水平等级标准·语法学习手册（高等） p.104（5例）；国际中文教育中文水平等级标准·语法学习手册（初等） p.152（5例）；国际中文教育中文水平等级标准·语法学习手册（高等） p.67（5例）；国际中文教育中文水平等级标准·语法学习手册（初等） p.237（4例）；国际中文教育中文水平等级标准·语法学习手册（高等） p.121（4例）,中等 p.66；高等 p.104；初等 p.152；高等 p.67；初等 p.237；高等 p.121,时间表达；中心事件；谓词修饰；状语功能；时量补语区分；偏误推演；诊断类型；规则冲突；表层触发但非目标,WITHHELD_COPYRIGHTED_EXAMPLES,基础结构页面已复核；本条为从结构条件派生的诊断规则，不主张文献逐字给出。,可写为：本规则以《等级标准》语法等级大纲及其语法学习手册为标准锚点，并由现代汉语/对外汉语教学语法参考书补充定义。,证据类型=derived diagnostic rule；保留规则转写判断与版本记录。
KG-RULE-V02-0038,时间状语,时间状语候选,时间状语,时间/处所功能结构,偏误推演规则,若与数量/时量补语混淆，则诊断为“其他具体构式”。,REF-GF0025-2021；REF-GRAMMAR-MANUAL-ELEM；REF-GRAMMAR-MANUAL-INTER；REF-GRAMMAR-MANUAL-ADV；REF-HUANG-LIAO-MODERN-CHINESE,REF-GF0025-2021=国际中文教育中文水平等级标准: GF0025-2021；REF-GRAMMAR-MANUAL-ELEM=国际中文教育中文水平等级标准·语法学习手册（初等）；REF-GRAMMAR-MANUAL-INTER=国际中文教育中文水平等级标准·语法学习手册（中等）；REF-GRAMMAR-MANUAL-ADV=国际中文教育中文水平等级标准·语法学习手册（高等）；REF-HUANG-LIAO-MODERN-CHINESE=现代汉语,国际中文教育中文水平等级标准·语法学习手册（中等） p.66（6例）；国际中文教育中文水平等级标准·语法学习手册（高等） p.104（5例）；国际中文教育中文水平等级标准·语法学习手册（初等） p.152（5例）；国际中文教育中文水平等级标准·语法学习手册（高等） p.67（5例）；国际中文教育中文水平等级标准·语法学习手册（初等） p.237（4例）；国际中文教育中文水平等级标准·语法学习手册（高等） p.121（4例）,中等 p.66；高等 p.104；初等 p.152；高等 p.67；初等 p.237；高等 p.121,时间表达；中心事件；谓词修饰；状语功能；时量补语区分；偏误推演；诊断类型；规则冲突；其他具体构式,WITHHELD_COPYRIGHTED_EXAMPLES,基础结构页面已复核；本条为从结构条件派生的诊断规则，不主张文献逐字给出。,可写为：本规则以《等级标准》语法等级大纲及其语法学习手册为标准锚点，并由现代汉语/对外汉语教学语法参考书补充定义。,证据类型=derived diagnostic rule；保留规则转写判断与版本记录。
KG-RULE-V02-0039,处所状语,处所状语候选,处所状语,时间/处所功能结构,正向接受规则,候选片段说明中心事件发生、移动或存在的处所、方位或路径。,REF-GF0025-2021；REF-GRAMMAR-MANUAL-ELEM；REF-GRAMMAR-MANUAL-INTER；REF-HUANG-LIAO-MODERN-CHINESE,REF-GF0025-2021=国际中文教育中文水平等级标准: GF0025-2021；REF-GRAMMAR-MANUAL-ELEM=国际中文教育中文水平等级标准·语法学习手册（初等）；REF-GRAMMAR-MANUAL-INTER=国际中文教育中文水平等级标准·语法学习手册（中等）；REF-HUANG-LIAO-MODERN-CHINESE=现代汉语,国际中文教育中文水平等级标准·语法学习手册（初等） p.31（27例）；国际中文教育中文水平等级标准·语法学习手册（初等） p.21（26例）；国际中文教育中文水平等级标准·语法学习手册（初等） p.19（20例）；国际中文教育中文水平等级标准·语法学习手册（初等） p.66（18例）；国际中文教育中文水平等级标准·语法学习手册（中等） p.381（18例）；国际中文教育中文水平等级标准·语法学习手册（初等） p.20（17例）,初等 p.31；初等 p.21；初等 p.19；初等 p.66；中等 p.381；初等 p.20,处所表达；方位/路径；中心事件；状语功能；定语修饰区分；正向接受；结构成立；功能成立；候选片段,WITHHELD_COPYRIGHTED_EXAMPLES,页面已复核；本条为手册结构/用法说明的结构化转写，并非逐字引文。,可写为：本规则以《等级标准》语法等级大纲及其语法学习手册为标准锚点，并由现代汉语/对外汉语教学语法参考书补充定义。,证据类型=source-grounded schema transcription；保留规则转写判断与版本记录。
KG-RULE-V02-0040,处所状语,处所状语候选,处所状语,时间/处所功能结构,正向接受规则,能回答“在哪里做/从哪里来/到哪里去”。,REF-GF0025-2021；REF-GRAMMAR-MANUAL-ELEM；REF-GRAMMAR-MANUAL-INTER；REF-HUANG-LIAO-MODERN-CHINESE,REF-GF0025-2021=国际中文教育中文水平等级标准: GF0025-2021；REF-GRAMMAR-MANUAL-ELEM=国际中文教育中文水平等级标准·语法学习手册（初等）；REF-GRAMMAR-MANUAL-INTER=国际中文教育中文水平等级标准·语法学习手册（中等）；REF-HUANG-LIAO-MODERN-CHINESE=现代汉语,国际中文教育中文水平等级标准·语法学习手册（初等） p.31（27例）；国际中文教育中文水平等级标准·语法学习手册（初等） p.21（26例）；国际中文教育中文水平等级标准·语法学习手册（初等） p.19（20例）；国际中文教育中文水平等级标准·语法学习手册（初等） p.66（18例）；国际中文教育中文水平等级标准·语法学习手册（中等） p.381（18例）；国际中文教育中文水平等级标准·语法学习手册（初等） p.20（17例）,初等 p.31；初等 p.21；初等 p.19；初等 p.66；中等 p.381；初等 p.20,处所表达；方位/路径；中心事件；状语功能；定语修饰区分；正向接受；结构成立；功能成立；在哪里做/从哪里来/到哪里去,WITHHELD_COPYRIGHTED_EXAMPLES,页面已复核；本条为手册结构/用法说明的结构化转写，并非逐字引文。,可写为：本规则以《等级标准》语法等级大纲及其语法学习手册为标准锚点，并由现代汉语/对外汉语教学语法参考书补充定义。,证据类型=source-grounded schema transcription；保留规则转写判断与版本记录。
KG-RULE-V02-0041,处所状语,处所状语候选,处所状语,时间/处所功能结构,正向接受规则,与谓词或中心事件存在状语性功能关系。,REF-GF0025-2021；REF-GRAMMAR-MANUAL-ELEM；REF-GRAMMAR-MANUAL-INTER；REF-HUANG-LIAO-MODERN-CHINESE,REF-GF0025-2021=国际中文教育中文水平等级标准: GF0025-2021；REF-GRAMMAR-MANUAL-ELEM=国际中文教育中文水平等级标准·语法学习手册（初等）；REF-GRAMMAR-MANUAL-INTER=国际中文教育中文水平等级标准·语法学习手册（中等）；REF-HUANG-LIAO-MODERN-CHINESE=现代汉语,国际中文教育中文水平等级标准·语法学习手册（初等） p.31（27例）；国际中文教育中文水平等级标准·语法学习手册（初等） p.21（26例）；国际中文教育中文水平等级标准·语法学习手册（初等） p.19（20例）；国际中文教育中文水平等级标准·语法学习手册（初等） p.66（18例）；国际中文教育中文水平等级标准·语法学习手册（中等） p.381（18例）；国际中文教育中文水平等级标准·语法学习手册（初等） p.20（17例）,初等 p.31；初等 p.21；初等 p.19；初等 p.66；中等 p.381；初等 p.20,处所表达；方位/路径；中心事件；状语功能；定语修饰区分；正向接受；结构成立；功能成立,WITHHELD_COPYRIGHTED_EXAMPLES,页面已复核；本条为手册结构/用法说明的结构化转写，并非逐字引文。,可写为：本规则以《等级标准》语法等级大纲及其语法学习手册为标准锚点，并由现代汉语/对外汉语教学语法参考书补充定义。,证据类型=source-grounded schema transcription；保留规则转写判断与版本记录。
KG-RULE-V02-0042,处所状语,处所状语候选,处所状语,时间/处所功能结构,弱拒绝规则,地点表达也可能是论元、定语或事件场域，需复核中心事件关系。,REF-GF0025-2021；REF-GRAMMAR-MANUAL-ELEM；REF-GRAMMAR-MANUAL-INTER；REF-HUANG-LIAO-MODERN-CHINESE,REF-GF0025-2021=国际中文教育中文水平等级标准: GF0025-2021；REF-GRAMMAR-MANUAL-ELEM=国际中文教育中文水平等级标准·语法学习手册（初等）；REF-GRAMMAR-MANUAL-INTER=国际中文教育中文水平等级标准·语法学习手册（中等）；REF-HUANG-LIAO-MODERN-CHINESE=现代汉语,国际中文教育中文水平等级标准·语法学习手册（初等） p.31（27例）；国际中文教育中文水平等级标准·语法学习手册（初等） p.21（26例）；国际中文教育中文水平等级标准·语法学习手册（初等） p.19（20例）；国际中文教育中文水平等级标准·语法学习手册（初等） p.66（18例）；国际中文教育中文水平等级标准·语法学习手册（中等） p.381（18例）；国际中文教育中文水平等级标准·语法学习手册（初等） p.20（17例）,初等 p.31；初等 p.21；初等 p.19；初等 p.66；中等 p.381；初等 p.20,处所表达；方位/路径；中心事件；状语功能；定语修饰区分；弱拒绝；边界复核；上下文复核,WITHHELD_COPYRIGHTED_EXAMPLES,基础结构页面已复核；本条为依据必要结构派生的缺槽或边界规则。,可写为：本规则以《等级标准》语法等级大纲及其语法学习手册为标准锚点，并由现代汉语/对外汉语教学语法参考书补充定义。,证据类型=computational boundary derivation；保留规则转写判断与版本记录。
KG-RULE-V02-0043,处所状语,处所状语候选,处所状语,时间/处所功能结构,强拒绝规则,“在”是进行体标记或词内部成分，如“正在”“在意”。,REF-GF0025-2021；REF-GRAMMAR-MANUAL-ELEM；REF-GRAMMAR-MANUAL-INTER；REF-HUANG-LIAO-MODERN-CHINESE,REF-GF0025-2021=国际中文教育中文水平等级标准: GF0025-2021；REF-GRAMMAR-MANUAL-ELEM=国际中文教育中文水平等级标准·语法学习手册（初等）；REF-GRAMMAR-MANUAL-INTER=国际中文教育中文水平等级标准·语法学习手册（中等）；REF-HUANG-LIAO-MODERN-CHINESE=现代汉语,国际中文教育中文水平等级标准·语法学习手册（初等） p.31（27例）；国际中文教育中文水平等级标准·语法学习手册（初等） p.21（26例）；国际中文教育中文水平等级标准·语法学习手册（初等） p.19（20例）；国际中文教育中文水平等级标准·语法学习手册（初等） p.66（18例）；国际中文教育中文水平等级标准·语法学习手册（中等） p.381（18例）；国际中文教育中文水平等级标准·语法学习手册（初等） p.20（17例）,初等 p.31；初等 p.21；初等 p.19；初等 p.66；中等 p.381；初等 p.20,处所表达；方位/路径；中心事件；状语功能；定语修饰区分；强拒绝；硬拒绝；非目标；在；正在；在意,WITHHELD_COPYRIGHTED_EXAMPLES,基础结构页面已复核；本条为候选治理的操作性排除规则，不主张文献逐字给出。,可写为：本规则以《等级标准》语法等级大纲及其语法学习手册为标准锚点，并由现代汉语/对外汉语教学语法参考书补充定义。,证据类型=operational rejection rule；保留规则转写判断与版本记录。
KG-RULE-V02-0044,处所状语,处所状语候选,处所状语,时间/处所功能结构,强拒绝规则,“在+地点+的+名词”整体更接近定语修饰。,REF-GF0025-2021；REF-GRAMMAR-MANUAL-ELEM；REF-GRAMMAR-MANUAL-INTER；REF-HUANG-LIAO-MODERN-CHINESE,REF-GF0025-2021=国际中文教育中文水平等级标准: GF0025-2021；REF-GRAMMAR-MANUAL-ELEM=国际中文教育中文水平等级标准·语法学习手册（初等）；REF-GRAMMAR-MANUAL-INTER=国际中文教育中文水平等级标准·语法学习手册（中等）；REF-HUANG-LIAO-MODERN-CHINESE=现代汉语,国际中文教育中文水平等级标准·语法学习手册（初等） p.31（27例）；国际中文教育中文水平等级标准·语法学习手册（初等） p.21（26例）；国际中文教育中文水平等级标准·语法学习手册（初等） p.19（20例）；国际中文教育中文水平等级标准·语法学习手册（初等） p.66（18例）；国际中文教育中文水平等级标准·语法学习手册（中等） p.381（18例）；国际中文教育中文水平等级标准·语法学习手册（初等） p.20（17例）,初等 p.31；初等 p.21；初等 p.19；初等 p.66；中等 p.381；初等 p.20,处所表达；方位/路径；中心事件；状语功能；定语修饰区分；强拒绝；硬拒绝；非目标；在+地点+的+名词,WITHHELD_COPYRIGHTED_EXAMPLES,基础结构页面已复核；本条为候选治理的操作性排除规则，不主张文献逐字给出。,可写为：本规则以《等级标准》语法等级大纲及其语法学习手册为标准锚点，并由现代汉语/对外汉语教学语法参考书补充定义。,证据类型=operational rejection rule；保留规则转写判断与版本记录。
KG-RULE-V02-0045,处所状语,处所状语候选,处所状语,时间/处所功能结构,偏误推演规则,若地点词不修饰事件，则诊断为“表层触发但非目标”。,REF-GF0025-2021；REF-GRAMMAR-MANUAL-ELEM；REF-GRAMMAR-MANUAL-INTER；REF-HUANG-LIAO-MODERN-CHINESE,REF-GF0025-2021=国际中文教育中文水平等级标准: GF0025-2021；REF-GRAMMAR-MANUAL-ELEM=国际中文教育中文水平等级标准·语法学习手册（初等）；REF-GRAMMAR-MANUAL-INTER=国际中文教育中文水平等级标准·语法学习手册（中等）；REF-HUANG-LIAO-MODERN-CHINESE=现代汉语,国际中文教育中文水平等级标准·语法学习手册（初等） p.31（27例）；国际中文教育中文水平等级标准·语法学习手册（初等） p.21（26例）；国际中文教育中文水平等级标准·语法学习手册（初等） p.19（20例）；国际中文教育中文水平等级标准·语法学习手册（初等） p.66（18例）；国际中文教育中文水平等级标准·语法学习手册（中等） p.381（18例）；国际中文教育中文水平等级标准·语法学习手册（初等） p.20（17例）,初等 p.31；初等 p.21；初等 p.19；初等 p.66；中等 p.381；初等 p.20,处所表达；方位/路径；中心事件；状语功能；定语修饰区分；偏误推演；诊断类型；规则冲突；表层触发但非目标,WITHHELD_COPYRIGHTED_EXAMPLES,基础结构页面已复核；本条为从结构条件派生的诊断规则，不主张文献逐字给出。,可写为：本规则以《等级标准》语法等级大纲及其语法学习手册为标准锚点，并由现代汉语/对外汉语教学语法参考书补充定义。,证据类型=derived diagnostic rule；保留规则转写判断与版本记录。
KG-RULE-V02-0046,处所状语,处所状语候选,处所状语,时间/处所功能结构,偏误推演规则,若处所片段残缺，则诊断为“边界问题”。,REF-GF0025-2021；REF-GRAMMAR-MANUAL-ELEM；REF-GRAMMAR-MANUAL-INTER；REF-HUANG-LIAO-MODERN-CHINESE,REF-GF0025-2021=国际中文教育中文水平等级标准: GF0025-2021；REF-GRAMMAR-MANUAL-ELEM=国际中文教育中文水平等级标准·语法学习手册（初等）；REF-GRAMMAR-MANUAL-INTER=国际中文教育中文水平等级标准·语法学习手册（中等）；REF-HUANG-LIAO-MODERN-CHINESE=现代汉语,国际中文教育中文水平等级标准·语法学习手册（初等） p.31（27例）；国际中文教育中文水平等级标准·语法学习手册（初等） p.21（26例）；国际中文教育中文水平等级标准·语法学习手册（初等） p.19（20例）；国际中文教育中文水平等级标准·语法学习手册（初等） p.66（18例）；国际中文教育中文水平等级标准·语法学习手册（中等） p.381（18例）；国际中文教育中文水平等级标准·语法学习手册（初等） p.20（17例）,初等 p.31；初等 p.21；初等 p.19；初等 p.66；中等 p.381；初等 p.20,处所表达；方位/路径；中心事件；状语功能；定语修饰区分；偏误推演；诊断类型；规则冲突；边界问题,WITHHELD_COPYRIGHTED_EXAMPLES,基础结构页面已复核；本条为从结构条件派生的诊断规则，不主张文献逐字给出。,可写为：本规则以《等级标准》语法等级大纲及其语法学习手册为标准锚点，并由现代汉语/对外汉语教学语法参考书补充定义。,证据类型=derived diagnostic rule；保留规则转写判断与版本记录。
KG-RULE-V02-0047,得字补语,得字补语候选,得字补语,补语结构,正向接受规则,候选片段包含被补充说明的谓词和补语核心。,REF-GF0025-2021；REF-GRAMMAR-MANUAL-ELEM；REF-GRAMMAR-MANUAL-INTER；REF-GRAMMAR-MANUAL-ADV；REF-LIU-PRACTICAL-GRAMMAR；REF-HUANG-LIAO-MODERN-CHINESE,REF-GF0025-2021=国际中文教育中文水平等级标准: GF0025-2021；REF-GRAMMAR-MANUAL-ELEM=国际中文教育中文水平等级标准·语法学习手册（初等）；REF-GRAMMAR-MANUAL-INTER=国际中文教育中文水平等级标准·语法学习手册（中等）；REF-GRAMMAR-MANUAL-ADV=国际中文教育中文水平等级标准·语法学习手册（高等）；REF-LIU-PRACTICAL-GRAMMAR=实用现代汉语语法；REF-HUANG-LIAO-MODERN-CHINESE=现代汉语,国际中文教育中文水平等级标准·语法学习手册（初等） p.348（7例）；国际中文教育中文水平等级标准·语法学习手册（高等） p.122（7例）；国际中文教育中文水平等级标准·语法学习手册（高等） p.121（5例）；国际中文教育中文水平等级标准·语法学习手册（初等） p.349（4例）；国际中文教育中文水平等级标准·语法学习手册（中等） p.206（4例）；国际中文教育中文水平等级标准·语法学习手册（中等） p.199（4例）,初等 p.348；高等 p.122；高等 p.121；初等 p.349；中等 p.206；中等 p.199,得；补语标记；被补充谓词；补语核心；词内部成分；正向接受；结构成立；功能成立；候选片段,WITHHELD_COPYRIGHTED_EXAMPLES,页面已复核；本条为手册结构/用法说明的结构化转写，并非逐字引文。,可写为：本规则以《等级标准》语法等级大纲及其语法学习手册为标准锚点，并由现代汉语/对外汉语教学语法参考书补充定义。,证据类型=source-grounded schema transcription；保留规则转写判断与版本记录。
KG-RULE-V02-0048,得字补语,得字补语候选,得字补语,补语结构,正向接受规则,“得”后成分说明程度、状态、可能或结果。,REF-GF0025-2021；REF-GRAMMAR-MANUAL-ELEM；REF-GRAMMAR-MANUAL-INTER；REF-GRAMMAR-MANUAL-ADV；REF-LIU-PRACTICAL-GRAMMAR；REF-HUANG-LIAO-MODERN-CHINESE,REF-GF0025-2021=国际中文教育中文水平等级标准: GF0025-2021；REF-GRAMMAR-MANUAL-ELEM=国际中文教育中文水平等级标准·语法学习手册（初等）；REF-GRAMMAR-MANUAL-INTER=国际中文教育中文水平等级标准·语法学习手册（中等）；REF-GRAMMAR-MANUAL-ADV=国际中文教育中文水平等级标准·语法学习手册（高等）；REF-LIU-PRACTICAL-GRAMMAR=实用现代汉语语法；REF-HUANG-LIAO-MODERN-CHINESE=现代汉语,国际中文教育中文水平等级标准·语法学习手册（初等） p.348（7例）；国际中文教育中文水平等级标准·语法学习手册（高等） p.122（7例）；国际中文教育中文水平等级标准·语法学习手册（高等） p.121（5例）；国际中文教育中文水平等级标准·语法学习手册（初等） p.349（4例）；国际中文教育中文水平等级标准·语法学习手册（中等） p.206（4例）；国际中文教育中文水平等级标准·语法学习手册（中等） p.199（4例）,初等 p.348；高等 p.122；高等 p.121；初等 p.349；中等 p.206；中等 p.199,得；补语标记；被补充谓词；补语核心；词内部成分；正向接受；结构成立；功能成立,WITHHELD_COPYRIGHTED_EXAMPLES,页面已复核；本条为手册结构/用法说明的结构化转写，并非逐字引文。,可写为：本规则以《等级标准》语法等级大纲及其语法学习手册为标准锚点，并由现代汉语/对外汉语教学语法参考书补充定义。,证据类型=source-grounded schema transcription；保留规则转写判断与版本记录。
KG-RULE-V02-0049,得字补语,得字补语候选,得字补语,补语结构,弱拒绝规则,只截补语核心或只截谓词，边界需要补足。,REF-GF0025-2021；REF-GRAMMAR-MANUAL-ELEM；REF-GRAMMAR-MANUAL-INTER；REF-GRAMMAR-MANUAL-ADV；REF-LIU-PRACTICAL-GRAMMAR；REF-HUANG-LIAO-MODERN-CHINESE,REF-GF0025-2021=国际中文教育中文水平等级标准: GF0025-2021；REF-GRAMMAR-MANUAL-ELEM=国际中文教育中文水平等级标准·语法学习手册（初等）；REF-GRAMMAR-MANUAL-INTER=国际中文教育中文水平等级标准·语法学习手册（中等）；REF-GRAMMAR-MANUAL-ADV=国际中文教育中文水平等级标准·语法学习手册（高等）；REF-LIU-PRACTICAL-GRAMMAR=实用现代汉语语法；REF-HUANG-LIAO-MODERN-CHINESE=现代汉语,国际中文教育中文水平等级标准·语法学习手册（初等） p.348（7例）；国际中文教育中文水平等级标准·语法学习手册（高等） p.122（7例）；国际中文教育中文水平等级标准·语法学习手册（高等） p.121（5例）；国际中文教育中文水平等级标准·语法学习手册（初等） p.349（4例）；国际中文教育中文水平等级标准·语法学习手册（中等） p.206（4例）；国际中文教育中文水平等级标准·语法学习手册（中等） p.199（4例）,初等 p.348；高等 p.122；高等 p.121；初等 p.349；中等 p.206；中等 p.199,得；补语标记；被补充谓词；补语核心；词内部成分；弱拒绝；边界复核；上下文复核,WITHHELD_COPYRIGHTED_EXAMPLES,基础结构页面已复核；本条为依据必要结构派生的缺槽或边界规则。,可写为：本规则以《等级标准》语法等级大纲及其语法学习手册为标准锚点，并由现代汉语/对外汉语教学语法参考书补充定义。,证据类型=computational boundary derivation；保留规则转写判断与版本记录。
KG-RULE-V02-0050,得字补语,得字补语候选,得字补语,补语结构,强拒绝规则,“得”读作 dei 或作为其他固定词内部成分时不判为得字补语。,REF-GF0025-2021；REF-GRAMMAR-MANUAL-ELEM；REF-GRAMMAR-MANUAL-INTER；REF-GRAMMAR-MANUAL-ADV；REF-LIU-PRACTICAL-GRAMMAR；REF-HUANG-LIAO-MODERN-CHINESE,REF-GF0025-2021=国际中文教育中文水平等级标准: GF0025-2021；REF-GRAMMAR-MANUAL-ELEM=国际中文教育中文水平等级标准·语法学习手册（初等）；REF-GRAMMAR-MANUAL-INTER=国际中文教育中文水平等级标准·语法学习手册（中等）；REF-GRAMMAR-MANUAL-ADV=国际中文教育中文水平等级标准·语法学习手册（高等）；REF-LIU-PRACTICAL-GRAMMAR=实用现代汉语语法；REF-HUANG-LIAO-MODERN-CHINESE=现代汉语,国际中文教育中文水平等级标准·语法学习手册（初等） p.348（7例）；国际中文教育中文水平等级标准·语法学习手册（高等） p.122（7例）；国际中文教育中文水平等级标准·语法学习手册（高等） p.121（5例）；国际中文教育中文水平等级标准·语法学习手册（初等） p.349（4例）；国际中文教育中文水平等级标准·语法学习手册（中等） p.206（4例）；国际中文教育中文水平等级标准·语法学习手册（中等） p.199（4例）,初等 p.348；高等 p.122；高等 p.121；初等 p.349；中等 p.206；中等 p.199,得；补语标记；被补充谓词；补语核心；词内部成分；强拒绝；硬拒绝；非目标,WITHHELD_COPYRIGHTED_EXAMPLES,基础结构页面已复核；本条为候选治理的操作性排除规则，不主张文献逐字给出。,可写为：本规则以《等级标准》语法等级大纲及其语法学习手册为标准锚点，并由现代汉语/对外汉语教学语法参考书补充定义。,证据类型=operational rejection rule；保留规则转写判断与版本记录。
KG-RULE-V02-0051,得字补语,得字补语候选,得字补语,补语结构,偏误推演规则,若缺少被说明的谓词，则诊断为“边界问题”。,REF-GF0025-2021；REF-GRAMMAR-MANUAL-ELEM；REF-GRAMMAR-MANUAL-INTER；REF-GRAMMAR-MANUAL-ADV；REF-LIU-PRACTICAL-GRAMMAR；REF-HUANG-LIAO-MODERN-CHINESE,REF-GF0025-2021=国际中文教育中文水平等级标准: GF0025-2021；REF-GRAMMAR-MANUAL-ELEM=国际中文教育中文水平等级标准·语法学习手册（初等）；REF-GRAMMAR-MANUAL-INTER=国际中文教育中文水平等级标准·语法学习手册（中等）；REF-GRAMMAR-MANUAL-ADV=国际中文教育中文水平等级标准·语法学习手册（高等）；REF-LIU-PRACTICAL-GRAMMAR=实用现代汉语语法；REF-HUANG-LIAO-MODERN-CHINESE=现代汉语,国际中文教育中文水平等级标准·语法学习手册（初等） p.348（7例）；国际中文教育中文水平等级标准·语法学习手册（高等） p.122（7例）；国际中文教育中文水平等级标准·语法学习手册（高等） p.121（5例）；国际中文教育中文水平等级标准·语法学习手册（初等） p.349（4例）；国际中文教育中文水平等级标准·语法学习手册（中等） p.206（4例）；国际中文教育中文水平等级标准·语法学习手册（中等） p.199（4例）,初等 p.348；高等 p.122；高等 p.121；初等 p.349；中等 p.206；中等 p.199,得；补语标记；被补充谓词；补语核心；词内部成分；偏误推演；诊断类型；规则冲突；边界问题,WITHHELD_COPYRIGHTED_EXAMPLES,基础结构页面已复核；本条为从结构条件派生的诊断规则，不主张文献逐字给出。,可写为：本规则以《等级标准》语法等级大纲及其语法学习手册为标准锚点，并由现代汉语/对外汉语教学语法参考书补充定义。,证据类型=derived diagnostic rule；保留规则转写判断与版本记录。
KG-RULE-V02-0052,得字补语,得字补语候选,得字补语,补语结构,偏误推演规则,若缺少补语核心，则诊断为“结构缺槽”。,REF-GF0025-2021；REF-GRAMMAR-MANUAL-ELEM；REF-GRAMMAR-MANUAL-INTER；REF-GRAMMAR-MANUAL-ADV；REF-LIU-PRACTICAL-GRAMMAR；REF-HUANG-LIAO-MODERN-CHINESE,REF-GF0025-2021=国际中文教育中文水平等级标准: GF0025-2021；REF-GRAMMAR-MANUAL-ELEM=国际中文教育中文水平等级标准·语法学习手册（初等）；REF-GRAMMAR-MANUAL-INTER=国际中文教育中文水平等级标准·语法学习手册（中等）；REF-GRAMMAR-MANUAL-ADV=国际中文教育中文水平等级标准·语法学习手册（高等）；REF-LIU-PRACTICAL-GRAMMAR=实用现代汉语语法；REF-HUANG-LIAO-MODERN-CHINESE=现代汉语,国际中文教育中文水平等级标准·语法学习手册（初等） p.348（7例）；国际中文教育中文水平等级标准·语法学习手册（高等） p.122（7例）；国际中文教育中文水平等级标准·语法学习手册（高等） p.121（5例）；国际中文教育中文水平等级标准·语法学习手册（初等） p.349（4例）；国际中文教育中文水平等级标准·语法学习手册（中等） p.206（4例）；国际中文教育中文水平等级标准·语法学习手册（中等） p.199（4例）,初等 p.348；高等 p.122；高等 p.121；初等 p.349；中等 p.206；中等 p.199,得；补语标记；被补充谓词；补语核心；词内部成分；偏误推演；诊断类型；规则冲突；结构缺槽,WITHHELD_COPYRIGHTED_EXAMPLES,基础结构页面已复核；本条为从结构条件派生的诊断规则，不主张文献逐字给出。,可写为：本规则以《等级标准》语法等级大纲及其语法学习手册为标准锚点，并由现代汉语/对外汉语教学语法参考书补充定义。,证据类型=derived diagnostic rule；保留规则转写判断与版本记录。
KG-RULE-V02-0053,比较构式,比字比较候选,比字比较句,比较构式,正向接受规则,存在比较主体、比较对象和比较维度。,REF-GF0025-2021；REF-GRAMMAR-MANUAL-ELEM；REF-GRAMMAR-MANUAL-INTER；REF-GRAMMAR-MANUAL-ADV；REF-LIU-PRACTICAL-GRAMMAR,REF-GF0025-2021=国际中文教育中文水平等级标准: GF0025-2021；REF-GRAMMAR-MANUAL-ELEM=国际中文教育中文水平等级标准·语法学习手册（初等）；REF-GRAMMAR-MANUAL-INTER=国际中文教育中文水平等级标准·语法学习手册（中等）；REF-GRAMMAR-MANUAL-ADV=国际中文教育中文水平等级标准·语法学习手册（高等）；REF-LIU-PRACTICAL-GRAMMAR=实用现代汉语语法,国际中文教育中文水平等级标准·语法学习手册（初等） p.364（8例）；国际中文教育中文水平等级标准·语法学习手册（高等） p.129（8例）；国际中文教育中文水平等级标准·语法学习手册（初等） p.365（8例）；国际中文教育中文水平等级标准·语法学习手册（初等） p.363（7例）；国际中文教育中文水平等级标准·语法学习手册（初等） p.210（7例）；国际中文教育中文水平等级标准·语法学习手册（初等） p.209（6例）,初等 p.364；高等 p.129；初等 p.365；初等 p.363；初等 p.210；初等 p.209,比较主体；比较对象；比较维度；比较标记；词汇化用法；正向接受；结构成立；功能成立,WITHHELD_COPYRIGHTED_EXAMPLES,页面已复核；本条为手册结构/用法说明的结构化转写，并非逐字引文。,可写为：本规则以《等级标准》语法等级大纲及其语法学习手册为标准锚点，并由现代汉语/对外汉语教学语法参考书补充定义。,证据类型=source-grounded schema transcription；保留规则转写判断与版本记录。
KG-RULE-V02-0054,比较构式,比字比较候选,比字比较句,比较构式,正向接受规则,“比”引出比较对象而非其他介词功能。,REF-GF0025-2021；REF-GRAMMAR-MANUAL-ELEM；REF-GRAMMAR-MANUAL-INTER；REF-GRAMMAR-MANUAL-ADV；REF-LIU-PRACTICAL-GRAMMAR,REF-GF0025-2021=国际中文教育中文水平等级标准: GF0025-2021；REF-GRAMMAR-MANUAL-ELEM=国际中文教育中文水平等级标准·语法学习手册（初等）；REF-GRAMMAR-MANUAL-INTER=国际中文教育中文水平等级标准·语法学习手册（中等）；REF-GRAMMAR-MANUAL-ADV=国际中文教育中文水平等级标准·语法学习手册（高等）；REF-LIU-PRACTICAL-GRAMMAR=实用现代汉语语法,国际中文教育中文水平等级标准·语法学习手册（初等） p.364（8例）；国际中文教育中文水平等级标准·语法学习手册（高等） p.129（8例）；国际中文教育中文水平等级标准·语法学习手册（初等） p.365（8例）；国际中文教育中文水平等级标准·语法学习手册（初等） p.363（7例）；国际中文教育中文水平等级标准·语法学习手册（初等） p.210（7例）；国际中文教育中文水平等级标准·语法学习手册（初等） p.209（6例）,初等 p.364；高等 p.129；初等 p.365；初等 p.363；初等 p.210；初等 p.209,比较主体；比较对象；比较维度；比较标记；词汇化用法；正向接受；结构成立；功能成立；比,WITHHELD_COPYRIGHTED_EXAMPLES,页面已复核；本条为手册结构/用法说明的结构化转写，并非逐字引文。,可写为：本规则以《等级标准》语法等级大纲及其语法学习手册为标准锚点，并由现代汉语/对外汉语教学语法参考书补充定义。,证据类型=source-grounded schema transcription；保留规则转写判断与版本记录。
KG-RULE-V02-0055,比较构式,比字比较候选,比字比较句,比较构式,弱拒绝规则,差量或程度成分边界不完整，但比较关系可定位。,REF-GF0025-2021；REF-GRAMMAR-MANUAL-ELEM；REF-GRAMMAR-MANUAL-INTER；REF-GRAMMAR-MANUAL-ADV；REF-LIU-PRACTICAL-GRAMMAR,REF-GF0025-2021=国际中文教育中文水平等级标准: GF0025-2021；REF-GRAMMAR-MANUAL-ELEM=国际中文教育中文水平等级标准·语法学习手册（初等）；REF-GRAMMAR-MANUAL-INTER=国际中文教育中文水平等级标准·语法学习手册（中等）；REF-GRAMMAR-MANUAL-ADV=国际中文教育中文水平等级标准·语法学习手册（高等）；REF-LIU-PRACTICAL-GRAMMAR=实用现代汉语语法,国际中文教育中文水平等级标准·语法学习手册（初等） p.364（8例）；国际中文教育中文水平等级标准·语法学习手册（高等） p.129（8例）；国际中文教育中文水平等级标准·语法学习手册（初等） p.365（8例）；国际中文教育中文水平等级标准·语法学习手册（初等） p.363（7例）；国际中文教育中文水平等级标准·语法学习手册（初等） p.210（7例）；国际中文教育中文水平等级标准·语法学习手册（初等） p.209（6例）,初等 p.364；高等 p.129；初等 p.365；初等 p.363；初等 p.210；初等 p.209,比较主体；比较对象；比较维度；比较标记；词汇化用法；弱拒绝；边界复核；上下文复核,WITHHELD_COPYRIGHTED_EXAMPLES,基础结构页面已复核；本条为依据必要结构派生的缺槽或边界规则。,可写为：本规则以《等级标准》语法等级大纲及其语法学习手册为标准锚点，并由现代汉语/对外汉语教学语法参考书补充定义。,证据类型=computational boundary derivation；保留规则转写判断与版本记录。
KG-RULE-V02-0056,比较构式,比字比较候选,比字比较句,比较构式,强拒绝规则,“比”出现在编号、比例、术语或非比较关系中。,REF-GF0025-2021；REF-GRAMMAR-MANUAL-ELEM；REF-GRAMMAR-MANUAL-INTER；REF-GRAMMAR-MANUAL-ADV；REF-LIU-PRACTICAL-GRAMMAR,REF-GF0025-2021=国际中文教育中文水平等级标准: GF0025-2021；REF-GRAMMAR-MANUAL-ELEM=国际中文教育中文水平等级标准·语法学习手册（初等）；REF-GRAMMAR-MANUAL-INTER=国际中文教育中文水平等级标准·语法学习手册（中等）；REF-GRAMMAR-MANUAL-ADV=国际中文教育中文水平等级标准·语法学习手册（高等）；REF-LIU-PRACTICAL-GRAMMAR=实用现代汉语语法,国际中文教育中文水平等级标准·语法学习手册（初等） p.364（8例）；国际中文教育中文水平等级标准·语法学习手册（高等） p.129（8例）；国际中文教育中文水平等级标准·语法学习手册（初等） p.365（8例）；国际中文教育中文水平等级标准·语法学习手册（初等） p.363（7例）；国际中文教育中文水平等级标准·语法学习手册（初等） p.210（7例）；国际中文教育中文水平等级标准·语法学习手册（初等） p.209（6例）,初等 p.364；高等 p.129；初等 p.365；初等 p.363；初等 p.210；初等 p.209,比较主体；比较对象；比较维度；比较标记；词汇化用法；强拒绝；硬拒绝；非目标；比；术语；编号,WITHHELD_COPYRIGHTED_EXAMPLES,基础结构页面已复核；本条为候选治理的操作性排除规则，不主张文献逐字给出。,可写为：本规则以《等级标准》语法等级大纲及其语法学习手册为标准锚点，并由现代汉语/对外汉语教学语法参考书补充定义。,证据类型=operational rejection rule；保留规则转写判断与版本记录。
KG-RULE-V02-0057,比较构式,比字比较候选,比字比较句,比较构式,偏误推演规则,若缺少比较对象或比较维度，则诊断为“结构缺槽”。,REF-GF0025-2021；REF-GRAMMAR-MANUAL-ELEM；REF-GRAMMAR-MANUAL-INTER；REF-GRAMMAR-MANUAL-ADV；REF-LIU-PRACTICAL-GRAMMAR,REF-GF0025-2021=国际中文教育中文水平等级标准: GF0025-2021；REF-GRAMMAR-MANUAL-ELEM=国际中文教育中文水平等级标准·语法学习手册（初等）；REF-GRAMMAR-MANUAL-INTER=国际中文教育中文水平等级标准·语法学习手册（中等）；REF-GRAMMAR-MANUAL-ADV=国际中文教育中文水平等级标准·语法学习手册（高等）；REF-LIU-PRACTICAL-GRAMMAR=实用现代汉语语法,国际中文教育中文水平等级标准·语法学习手册（初等） p.364（8例）；国际中文教育中文水平等级标准·语法学习手册（高等） p.129（8例）；国际中文教育中文水平等级标准·语法学习手册（初等） p.365（8例）；国际中文教育中文水平等级标准·语法学习手册（初等） p.363（7例）；国际中文教育中文水平等级标准·语法学习手册（初等） p.210（7例）；国际中文教育中文水平等级标准·语法学习手册（初等） p.209（6例）,初等 p.364；高等 p.129；初等 p.365；初等 p.363；初等 p.210；初等 p.209,比较主体；比较对象；比较维度；比较标记；词汇化用法；偏误推演；诊断类型；规则冲突；结构缺槽,WITHHELD_COPYRIGHTED_EXAMPLES,基础结构页面已复核；本条为从结构条件派生的诊断规则，不主张文献逐字给出。,可写为：本规则以《等级标准》语法等级大纲及其语法学习手册为标准锚点，并由现代汉语/对外汉语教学语法参考书补充定义。,证据类型=derived diagnostic rule；保留规则转写判断与版本记录。
KG-RULE-V02-0058,比较构式,比字比较候选,比字比较句,比较构式,偏误推演规则,若与否定“没有”混淆，则诊断为“表层触发但非目标”。,REF-GF0025-2021；REF-GRAMMAR-MANUAL-ELEM；REF-GRAMMAR-MANUAL-INTER；REF-GRAMMAR-MANUAL-ADV；REF-LIU-PRACTICAL-GRAMMAR,REF-GF0025-2021=国际中文教育中文水平等级标准: GF0025-2021；REF-GRAMMAR-MANUAL-ELEM=国际中文教育中文水平等级标准·语法学习手册（初等）；REF-GRAMMAR-MANUAL-INTER=国际中文教育中文水平等级标准·语法学习手册（中等）；REF-GRAMMAR-MANUAL-ADV=国际中文教育中文水平等级标准·语法学习手册（高等）；REF-LIU-PRACTICAL-GRAMMAR=实用现代汉语语法,国际中文教育中文水平等级标准·语法学习手册（初等） p.364（8例）；国际中文教育中文水平等级标准·语法学习手册（高等） p.129（8例）；国际中文教育中文水平等级标准·语法学习手册（初等） p.365（8例）；国际中文教育中文水平等级标准·语法学习手册（初等） p.363（7例）；国际中文教育中文水平等级标准·语法学习手册（初等） p.210（7例）；国际中文教育中文水平等级标准·语法学习手册（初等） p.209（6例）,初等 p.364；高等 p.129；初等 p.365；初等 p.363；初等 p.210；初等 p.209,比较主体；比较对象；比较维度；比较标记；词汇化用法；偏误推演；诊断类型；规则冲突；没有；表层触发但非目标,WITHHELD_COPYRIGHTED_EXAMPLES,基础结构页面已复核；本条为从结构条件派生的诊断规则，不主张文献逐字给出。,可写为：本规则以《等级标准》语法等级大纲及其语法学习手册为标准锚点，并由现代汉语/对外汉语教学语法参考书补充定义。,证据类型=derived diagnostic rule；保留规则转写判断与版本记录。
KG-RULE-V02-0059,比较构式,没有比较候选,没有比较,比较构式,正向接受规则,候选片段包含或可解释出“没有比较”相关标记/结构线索。,REF-GF0025-2021；REF-GRAMMAR-MANUAL-ELEM；REF-GRAMMAR-MANUAL-INTER；REF-GRAMMAR-MANUAL-ADV；REF-LIU-PRACTICAL-GRAMMAR,REF-GF0025-2021=国际中文教育中文水平等级标准: GF0025-2021；REF-GRAMMAR-MANUAL-ELEM=国际中文教育中文水平等级标准·语法学习手册（初等）；REF-GRAMMAR-MANUAL-INTER=国际中文教育中文水平等级标准·语法学习手册（中等）；REF-GRAMMAR-MANUAL-ADV=国际中文教育中文水平等级标准·语法学习手册（高等）；REF-LIU-PRACTICAL-GRAMMAR=实用现代汉语语法,国际中文教育中文水平等级标准·语法学习手册（初等） p.65（8例）；国际中文教育中文水平等级标准·语法学习手册（高等） p.191（3例）；国际中文教育中文水平等级标准·语法学习手册（中等） p.88（3例）；国际中文教育中文水平等级标准·语法学习手册（中等） p.156（3例）；国际中文教育中文水平等级标准·语法学习手册（中等） p.346（3例）；国际中文教育中文水平等级标准·语法学习手册（初等） p.102（3例）,初等 p.65；高等 p.191；中等 p.88；中等 p.156；中等 p.346；初等 p.102,比较主体；比较对象；比较维度；比较标记；词汇化用法；正向接受；结构成立；功能成立；没有比较；候选片段；结构线索,WITHHELD_COPYRIGHTED_EXAMPLES,页面已复核；本条为手册结构/用法说明的结构化转写，并非逐字引文。,可写为：本规则以《等级标准》语法等级大纲及其语法学习手册为标准锚点，并由现代汉语/对外汉语教学语法参考书补充定义。,证据类型=source-grounded schema transcription；保留规则转写判断与版本记录。
KG-RULE-V02-0060,比较构式,没有比较候选,没有比较,比较构式,正向接受规则,候选片段满足所属语法家族的核心槽位要求：比较主体、比较标记、比较对象、比较维度/谓词、差量/程度成分。,REF-GF0025-2021；REF-GRAMMAR-MANUAL-ELEM；REF-GRAMMAR-MANUAL-INTER；REF-GRAMMAR-MANUAL-ADV；REF-LIU-PRACTICAL-GRAMMAR,REF-GF0025-2021=国际中文教育中文水平等级标准: GF0025-2021；REF-GRAMMAR-MANUAL-ELEM=国际中文教育中文水平等级标准·语法学习手册（初等）；REF-GRAMMAR-MANUAL-INTER=国际中文教育中文水平等级标准·语法学习手册（中等）；REF-GRAMMAR-MANUAL-ADV=国际中文教育中文水平等级标准·语法学习手册（高等）；REF-LIU-PRACTICAL-GRAMMAR=实用现代汉语语法,国际中文教育中文水平等级标准·语法学习手册（初等） p.65（8例）；国际中文教育中文水平等级标准·语法学习手册（高等） p.191（3例）；国际中文教育中文水平等级标准·语法学习手册（中等） p.88（3例）；国际中文教育中文水平等级标准·语法学习手册（中等） p.156（3例）；国际中文教育中文水平等级标准·语法学习手册（中等） p.346（3例）；国际中文教育中文水平等级标准·语法学习手册（初等） p.102（3例）,初等 p.65；高等 p.191；中等 p.88；中等 p.156；中等 p.346；初等 p.102,比较主体；比较对象；比较维度；比较标记；词汇化用法；正向接受；结构成立；功能成立；候选片段；核心槽位,WITHHELD_COPYRIGHTED_EXAMPLES,页面已复核；本条为手册结构/用法说明的结构化转写，并非逐字引文。,可写为：本规则以《等级标准》语法等级大纲及其语法学习手册为标准锚点，并由现代汉语/对外汉语教学语法参考书补充定义。,证据类型=source-grounded schema transcription；保留规则转写判断与版本记录。
KG-RULE-V02-0061,比较构式,没有比较候选,没有比较,比较构式,正向接受规则,候选片段在原句中承担该语法点的实际语法功能，而非仅有表层词形。,REF-GF0025-2021；REF-GRAMMAR-MANUAL-ELEM；REF-GRAMMAR-MANUAL-INTER；REF-GRAMMAR-MANUAL-ADV；REF-LIU-PRACTICAL-GRAMMAR,REF-GF0025-2021=国际中文教育中文水平等级标准: GF0025-2021；REF-GRAMMAR-MANUAL-ELEM=国际中文教育中文水平等级标准·语法学习手册（初等）；REF-GRAMMAR-MANUAL-INTER=国际中文教育中文水平等级标准·语法学习手册（中等）；REF-GRAMMAR-MANUAL-ADV=国际中文教育中文水平等级标准·语法学习手册（高等）；REF-LIU-PRACTICAL-GRAMMAR=实用现代汉语语法,国际中文教育中文水平等级标准·语法学习手册（初等） p.65（8例）；国际中文教育中文水平等级标准·语法学习手册（高等） p.191（3例）；国际中文教育中文水平等级标准·语法学习手册（中等） p.88（3例）；国际中文教育中文水平等级标准·语法学习手册（中等） p.156（3例）；国际中文教育中文水平等级标准·语法学习手册（中等） p.346（3例）；国际中文教育中文水平等级标准·语法学习手册（初等） p.102（3例）,初等 p.65；高等 p.191；中等 p.88；中等 p.156；中等 p.346；初等 p.102,比较主体；比较对象；比较维度；比较标记；词汇化用法；正向接受；结构成立；功能成立；候选片段；实际语法功能,WITHHELD_COPYRIGHTED_EXAMPLES,页面已复核；本条为手册结构/用法说明的结构化转写，并非逐字引文。,可写为：本规则以《等级标准》语法等级大纲及其语法学习手册为标准锚点，并由现代汉语/对外汉语教学语法参考书补充定义。,证据类型=source-grounded schema transcription；保留规则转写判断与版本记录。
KG-RULE-V02-0062,比较构式,没有比较候选,没有比较,比较构式,弱拒绝规则,结构大体可定位但边界过短或过长。,REF-GF0025-2021；REF-GRAMMAR-MANUAL-ELEM；REF-GRAMMAR-MANUAL-INTER；REF-GRAMMAR-MANUAL-ADV；REF-LIU-PRACTICAL-GRAMMAR,REF-GF0025-2021=国际中文教育中文水平等级标准: GF0025-2021；REF-GRAMMAR-MANUAL-ELEM=国际中文教育中文水平等级标准·语法学习手册（初等）；REF-GRAMMAR-MANUAL-INTER=国际中文教育中文水平等级标准·语法学习手册（中等）；REF-GRAMMAR-MANUAL-ADV=国际中文教育中文水平等级标准·语法学习手册（高等）；REF-LIU-PRACTICAL-GRAMMAR=实用现代汉语语法,国际中文教育中文水平等级标准·语法学习手册（初等） p.65（8例）；国际中文教育中文水平等级标准·语法学习手册（高等） p.191（3例）；国际中文教育中文水平等级标准·语法学习手册（中等） p.88（3例）；国际中文教育中文水平等级标准·语法学习手册（中等） p.156（3例）；国际中文教育中文水平等级标准·语法学习手册（中等） p.346（3例）；国际中文教育中文水平等级标准·语法学习手册（初等） p.102（3例）,初等 p.65；高等 p.191；中等 p.88；中等 p.156；中等 p.346；初等 p.102,比较主体；比较对象；比较维度；比较标记；词汇化用法；弱拒绝；边界复核；上下文复核；边界过短,WITHHELD_COPYRIGHTED_EXAMPLES,基础结构页面已复核；本条为依据必要结构派生的缺槽或边界规则。,可写为：本规则以《等级标准》语法等级大纲及其语法学习手册为标准锚点，并由现代汉语/对外汉语教学语法参考书补充定义。,证据类型=computational boundary derivation；保留规则转写判断与版本记录。
KG-RULE-V02-0063,比较构式,没有比较候选,没有比较,比较构式,弱拒绝规则,标记存在但核心槽位需要结合上下文复核。,REF-GF0025-2021；REF-GRAMMAR-MANUAL-ELEM；REF-GRAMMAR-MANUAL-INTER；REF-GRAMMAR-MANUAL-ADV；REF-LIU-PRACTICAL-GRAMMAR,REF-GF0025-2021=国际中文教育中文水平等级标准: GF0025-2021；REF-GRAMMAR-MANUAL-ELEM=国际中文教育中文水平等级标准·语法学习手册（初等）；REF-GRAMMAR-MANUAL-INTER=国际中文教育中文水平等级标准·语法学习手册（中等）；REF-GRAMMAR-MANUAL-ADV=国际中文教育中文水平等级标准·语法学习手册（高等）；REF-LIU-PRACTICAL-GRAMMAR=实用现代汉语语法,国际中文教育中文水平等级标准·语法学习手册（初等） p.65（8例）；国际中文教育中文水平等级标准·语法学习手册（高等） p.191（3例）；国际中文教育中文水平等级标准·语法学习手册（中等） p.88（3例）；国际中文教育中文水平等级标准·语法学习手册（中等） p.156（3例）；国际中文教育中文水平等级标准·语法学习手册（中等） p.346（3例）；国际中文教育中文水平等级标准·语法学习手册（初等） p.102（3例）,初等 p.65；高等 p.191；中等 p.88；中等 p.156；中等 p.346；初等 p.102,比较主体；比较对象；比较维度；比较标记；词汇化用法；弱拒绝；边界复核；上下文复核；核心槽位,WITHHELD_COPYRIGHTED_EXAMPLES,基础结构页面已复核；本条为依据必要结构派生的缺槽或边界规则。,可写为：本规则以《等级标准》语法等级大纲及其语法学习手册为标准锚点，并由现代汉语/对外汉语教学语法参考书补充定义。,证据类型=computational boundary derivation；保留规则转写判断与版本记录。
KG-RULE-V02-0064,比较构式,没有比较候选,没有比较,比较构式,强拒绝规则,候选片段只是术语、标题、编号、残片或 OCR 混杂内容。,REF-GF0025-2021；REF-GRAMMAR-MANUAL-ELEM；REF-GRAMMAR-MANUAL-INTER；REF-GRAMMAR-MANUAL-ADV；REF-LIU-PRACTICAL-GRAMMAR,REF-GF0025-2021=国际中文教育中文水平等级标准: GF0025-2021；REF-GRAMMAR-MANUAL-ELEM=国际中文教育中文水平等级标准·语法学习手册（初等）；REF-GRAMMAR-MANUAL-INTER=国际中文教育中文水平等级标准·语法学习手册（中等）；REF-GRAMMAR-MANUAL-ADV=国际中文教育中文水平等级标准·语法学习手册（高等）；REF-LIU-PRACTICAL-GRAMMAR=实用现代汉语语法,国际中文教育中文水平等级标准·语法学习手册（初等） p.65（8例）；国际中文教育中文水平等级标准·语法学习手册（高等） p.191（3例）；国际中文教育中文水平等级标准·语法学习手册（中等） p.88（3例）；国际中文教育中文水平等级标准·语法学习手册（中等） p.156（3例）；国际中文教育中文水平等级标准·语法学习手册（中等） p.346（3例）；国际中文教育中文水平等级标准·语法学习手册（初等） p.102（3例）,初等 p.65；高等 p.191；中等 p.88；中等 p.156；中等 p.346；初等 p.102,比较主体；比较对象；比较维度；比较标记；词汇化用法；强拒绝；硬拒绝；非目标；候选片段；术语；标题；编号,WITHHELD_COPYRIGHTED_EXAMPLES,基础结构页面已复核；本条为候选治理的操作性排除规则，不主张文献逐字给出。,可写为：本规则以《等级标准》语法等级大纲及其语法学习手册为标准锚点，并由现代汉语/对外汉语教学语法参考书补充定义。,证据类型=operational rejection rule；保留规则转写判断与版本记录。
KG-RULE-V02-0065,比较构式,没有比较候选,没有比较,比较构式,强拒绝规则,只有表层标记，无法构成所属语法家族的核心结构。,REF-GF0025-2021；REF-GRAMMAR-MANUAL-ELEM；REF-GRAMMAR-MANUAL-INTER；REF-GRAMMAR-MANUAL-ADV；REF-LIU-PRACTICAL-GRAMMAR,REF-GF0025-2021=国际中文教育中文水平等级标准: GF0025-2021；REF-GRAMMAR-MANUAL-ELEM=国际中文教育中文水平等级标准·语法学习手册（初等）；REF-GRAMMAR-MANUAL-INTER=国际中文教育中文水平等级标准·语法学习手册（中等）；REF-GRAMMAR-MANUAL-ADV=国际中文教育中文水平等级标准·语法学习手册（高等）；REF-LIU-PRACTICAL-GRAMMAR=实用现代汉语语法,国际中文教育中文水平等级标准·语法学习手册（初等） p.65（8例）；国际中文教育中文水平等级标准·语法学习手册（高等） p.191（3例）；国际中文教育中文水平等级标准·语法学习手册（中等） p.88（3例）；国际中文教育中文水平等级标准·语法学习手册（中等） p.156（3例）；国际中文教育中文水平等级标准·语法学习手册（中等） p.346（3例）；国际中文教育中文水平等级标准·语法学习手册（初等） p.102（3例）,初等 p.65；高等 p.191；中等 p.88；中等 p.156；中等 p.346；初等 p.102,比较主体；比较对象；比较维度；比较标记；词汇化用法；强拒绝；硬拒绝；非目标；表层标记；核心结构,WITHHELD_COPYRIGHTED_EXAMPLES,基础结构页面已复核；本条为候选治理的操作性排除规则，不主张文献逐字给出。,可写为：本规则以《等级标准》语法等级大纲及其语法学习手册为标准锚点，并由现代汉语/对外汉语教学语法参考书补充定义。,证据类型=operational rejection rule；保留规则转写判断与版本记录。
KG-RULE-V02-0066,比较构式,没有比较候选,没有比较,比较构式,偏误推演规则,若核心槽位缺失，则诊断为“结构缺槽”。,REF-GF0025-2021；REF-GRAMMAR-MANUAL-ELEM；REF-GRAMMAR-MANUAL-INTER；REF-GRAMMAR-MANUAL-ADV；REF-LIU-PRACTICAL-GRAMMAR,REF-GF0025-2021=国际中文教育中文水平等级标准: GF0025-2021；REF-GRAMMAR-MANUAL-ELEM=国际中文教育中文水平等级标准·语法学习手册（初等）；REF-GRAMMAR-MANUAL-INTER=国际中文教育中文水平等级标准·语法学习手册（中等）；REF-GRAMMAR-MANUAL-ADV=国际中文教育中文水平等级标准·语法学习手册（高等）；REF-LIU-PRACTICAL-GRAMMAR=实用现代汉语语法,国际中文教育中文水平等级标准·语法学习手册（初等） p.65（8例）；国际中文教育中文水平等级标准·语法学习手册（高等） p.191（3例）；国际中文教育中文水平等级标准·语法学习手册（中等） p.88（3例）；国际中文教育中文水平等级标准·语法学习手册（中等） p.156（3例）；国际中文教育中文水平等级标准·语法学习手册（中等） p.346（3例）；国际中文教育中文水平等级标准·语法学习手册（初等） p.102（3例）,初等 p.65；高等 p.191；中等 p.88；中等 p.156；中等 p.346；初等 p.102,比较主体；比较对象；比较维度；比较标记；词汇化用法；偏误推演；诊断类型；规则冲突；结构缺槽；核心槽位,WITHHELD_COPYRIGHTED_EXAMPLES,基础结构页面已复核；本条为从结构条件派生的诊断规则，不主张文献逐字给出。,可写为：本规则以《等级标准》语法等级大纲及其语法学习手册为标准锚点，并由现代汉语/对外汉语教学语法参考书补充定义。,证据类型=derived diagnostic rule；保留规则转写判断与版本记录。
KG-RULE-V02-0067,比较构式,没有比较候选,没有比较,比较构式,偏误推演规则,若只有表层标记，则诊断为“表层触发但非目标”。,REF-GF0025-2021；REF-GRAMMAR-MANUAL-ELEM；REF-GRAMMAR-MANUAL-INTER；REF-GRAMMAR-MANUAL-ADV；REF-LIU-PRACTICAL-GRAMMAR,REF-GF0025-2021=国际中文教育中文水平等级标准: GF0025-2021；REF-GRAMMAR-MANUAL-ELEM=国际中文教育中文水平等级标准·语法学习手册（初等）；REF-GRAMMAR-MANUAL-INTER=国际中文教育中文水平等级标准·语法学习手册（中等）；REF-GRAMMAR-MANUAL-ADV=国际中文教育中文水平等级标准·语法学习手册（高等）；REF-LIU-PRACTICAL-GRAMMAR=实用现代汉语语法,国际中文教育中文水平等级标准·语法学习手册（初等） p.65（8例）；国际中文教育中文水平等级标准·语法学习手册（高等） p.191（3例）；国际中文教育中文水平等级标准·语法学习手册（中等） p.88（3例）；国际中文教育中文水平等级标准·语法学习手册（中等） p.156（3例）；国际中文教育中文水平等级标准·语法学习手册（中等） p.346（3例）；国际中文教育中文水平等级标准·语法学习手册（初等） p.102（3例）,初等 p.65；高等 p.191；中等 p.88；中等 p.156；中等 p.346；初等 p.102,比较主体；比较对象；比较维度；比较标记；词汇化用法；偏误推演；诊断类型；规则冲突；表层触发但非目标；表层标记,WITHHELD_COPYRIGHTED_EXAMPLES,基础结构页面已复核；本条为从结构条件派生的诊断规则，不主张文献逐字给出。,可写为：本规则以《等级标准》语法等级大纲及其语法学习手册为标准锚点，并由现代汉语/对外汉语教学语法参考书补充定义。,证据类型=derived diagnostic rule；保留规则转写判断与版本记录。
KG-RULE-V02-0068,比较构式,没有比较候选,没有比较,比较构式,偏误推演规则,若结构成立但候选边界不准，则诊断为“边界问题”。,REF-GF0025-2021；REF-GRAMMAR-MANUAL-ELEM；REF-GRAMMAR-MANUAL-INTER；REF-GRAMMAR-MANUAL-ADV；REF-LIU-PRACTICAL-GRAMMAR,REF-GF0025-2021=国际中文教育中文水平等级标准: GF0025-2021；REF-GRAMMAR-MANUAL-ELEM=国际中文教育中文水平等级标准·语法学习手册（初等）；REF-GRAMMAR-MANUAL-INTER=国际中文教育中文水平等级标准·语法学习手册（中等）；REF-GRAMMAR-MANUAL-ADV=国际中文教育中文水平等级标准·语法学习手册（高等）；REF-LIU-PRACTICAL-GRAMMAR=实用现代汉语语法,国际中文教育中文水平等级标准·语法学习手册（初等） p.65（8例）；国际中文教育中文水平等级标准·语法学习手册（高等） p.191（3例）；国际中文教育中文水平等级标准·语法学习手册（中等） p.88（3例）；国际中文教育中文水平等级标准·语法学习手册（中等） p.156（3例）；国际中文教育中文水平等级标准·语法学习手册（中等） p.346（3例）；国际中文教育中文水平等级标准·语法学习手册（初等） p.102（3例）,初等 p.65；高等 p.191；中等 p.88；中等 p.156；中等 p.346；初等 p.102,比较主体；比较对象；比较维度；比较标记；词汇化用法；偏误推演；诊断类型；规则冲突；边界问题,WITHHELD_COPYRIGHTED_EXAMPLES,基础结构页面已复核；本条为从结构条件派生的诊断规则，不主张文献逐字给出。,可写为：本规则以《等级标准》语法等级大纲及其语法学习手册为标准锚点，并由现代汉语/对外汉语教学语法参考书补充定义。,证据类型=derived diagnostic rule；保留规则转写判断与版本记录。
KG-RULE-V02-0069,比较构式,越...越候选,越...越,比较构式,正向接受规则,候选片段包含或可解释出“越...越”相关标记/结构线索。,REF-GF0025-2021；REF-GRAMMAR-MANUAL-ELEM；REF-GRAMMAR-MANUAL-INTER；REF-GRAMMAR-MANUAL-ADV；REF-LIU-PRACTICAL-GRAMMAR,REF-GF0025-2021=国际中文教育中文水平等级标准: GF0025-2021；REF-GRAMMAR-MANUAL-ELEM=国际中文教育中文水平等级标准·语法学习手册（初等）；REF-GRAMMAR-MANUAL-INTER=国际中文教育中文水平等级标准·语法学习手册（中等）；REF-GRAMMAR-MANUAL-ADV=国际中文教育中文水平等级标准·语法学习手册（高等）；REF-LIU-PRACTICAL-GRAMMAR=实用现代汉语语法,国际中文教育中文水平等级标准·语法学习手册（初等） p.192（5例）；国际中文教育中文水平等级标准·语法学习手册（高等） p.110（2例）；国际中文教育中文水平等级标准·语法学习手册（中等） p.354（2例）；国际中文教育中文水平等级标准·语法学习手册（初等） p.343（1例）；国际中文教育中文水平等级标准·语法学习手册（中等） p.382（1例）；国际中文教育中文水平等级标准·语法学习手册（中等） p.296（1例）,初等 p.192；高等 p.110；中等 p.354；初等 p.343；中等 p.382；中等 p.296,比较主体；比较对象；比较维度；比较标记；词汇化用法；正向接受；结构成立；功能成立；越...越；候选片段；结构线索,WITHHELD_COPYRIGHTED_EXAMPLES,页面已复核；本条为手册结构/用法说明的结构化转写，并非逐字引文。,可写为：本规则以《等级标准》语法等级大纲及其语法学习手册为标准锚点，并由现代汉语/对外汉语教学语法参考书补充定义。,证据类型=source-grounded schema transcription；保留规则转写判断与版本记录。
KG-RULE-V02-0070,比较构式,越...越候选,越...越,比较构式,正向接受规则,候选片段满足所属语法家族的核心槽位要求：比较主体、比较标记、比较对象、比较维度/谓词、差量/程度成分。,REF-GF0025-2021；REF-GRAMMAR-MANUAL-ELEM；REF-GRAMMAR-MANUAL-INTER；REF-GRAMMAR-MANUAL-ADV；REF-LIU-PRACTICAL-GRAMMAR,REF-GF0025-2021=国际中文教育中文水平等级标准: GF0025-2021；REF-GRAMMAR-MANUAL-ELEM=国际中文教育中文水平等级标准·语法学习手册（初等）；REF-GRAMMAR-MANUAL-INTER=国际中文教育中文水平等级标准·语法学习手册（中等）；REF-GRAMMAR-MANUAL-ADV=国际中文教育中文水平等级标准·语法学习手册（高等）；REF-LIU-PRACTICAL-GRAMMAR=实用现代汉语语法,国际中文教育中文水平等级标准·语法学习手册（初等） p.192（5例）；国际中文教育中文水平等级标准·语法学习手册（高等） p.110（2例）；国际中文教育中文水平等级标准·语法学习手册（中等） p.354（2例）；国际中文教育中文水平等级标准·语法学习手册（初等） p.343（1例）；国际中文教育中文水平等级标准·语法学习手册（中等） p.382（1例）；国际中文教育中文水平等级标准·语法学习手册（中等） p.296（1例）,初等 p.192；高等 p.110；中等 p.354；初等 p.343；中等 p.382；中等 p.296,比较主体；比较对象；比较维度；比较标记；词汇化用法；正向接受；结构成立；功能成立；候选片段；核心槽位,WITHHELD_COPYRIGHTED_EXAMPLES,页面已复核；本条为手册结构/用法说明的结构化转写，并非逐字引文。,可写为：本规则以《等级标准》语法等级大纲及其语法学习手册为标准锚点，并由现代汉语/对外汉语教学语法参考书补充定义。,证据类型=source-grounded schema transcription；保留规则转写判断与版本记录。
KG-RULE-V02-0071,比较构式,越...越候选,越...越,比较构式,正向接受规则,候选片段在原句中承担该语法点的实际语法功能，而非仅有表层词形。,REF-GF0025-2021；REF-GRAMMAR-MANUAL-ELEM；REF-GRAMMAR-MANUAL-INTER；REF-GRAMMAR-MANUAL-ADV；REF-LIU-PRACTICAL-GRAMMAR,REF-GF0025-2021=国际中文教育中文水平等级标准: GF0025-2021；REF-GRAMMAR-MANUAL-ELEM=国际中文教育中文水平等级标准·语法学习手册（初等）；REF-GRAMMAR-MANUAL-INTER=国际中文教育中文水平等级标准·语法学习手册（中等）；REF-GRAMMAR-MANUAL-ADV=国际中文教育中文水平等级标准·语法学习手册（高等）；REF-LIU-PRACTICAL-GRAMMAR=实用现代汉语语法,国际中文教育中文水平等级标准·语法学习手册（初等） p.192（5例）；国际中文教育中文水平等级标准·语法学习手册（高等） p.110（2例）；国际中文教育中文水平等级标准·语法学习手册（中等） p.354（2例）；国际中文教育中文水平等级标准·语法学习手册（初等） p.343（1例）；国际中文教育中文水平等级标准·语法学习手册（中等） p.382（1例）；国际中文教育中文水平等级标准·语法学习手册（中等） p.296（1例）,初等 p.192；高等 p.110；中等 p.354；初等 p.343；中等 p.382；中等 p.296,比较主体；比较对象；比较维度；比较标记；词汇化用法；正向接受；结构成立；功能成立；候选片段；实际语法功能,WITHHELD_COPYRIGHTED_EXAMPLES,页面已复核；本条为手册结构/用法说明的结构化转写，并非逐字引文。,可写为：本规则以《等级标准》语法等级大纲及其语法学习手册为标准锚点，并由现代汉语/对外汉语教学语法参考书补充定义。,证据类型=source-grounded schema transcription；保留规则转写判断与版本记录。
KG-RULE-V02-0072,比较构式,越...越候选,越...越,比较构式,弱拒绝规则,结构大体可定位但边界过短或过长。,REF-GF0025-2021；REF-GRAMMAR-MANUAL-ELEM；REF-GRAMMAR-MANUAL-INTER；REF-GRAMMAR-MANUAL-ADV；REF-LIU-PRACTICAL-GRAMMAR,REF-GF0025-2021=国际中文教育中文水平等级标准: GF0025-2021；REF-GRAMMAR-MANUAL-ELEM=国际中文教育中文水平等级标准·语法学习手册（初等）；REF-GRAMMAR-MANUAL-INTER=国际中文教育中文水平等级标准·语法学习手册（中等）；REF-GRAMMAR-MANUAL-ADV=国际中文教育中文水平等级标准·语法学习手册（高等）；REF-LIU-PRACTICAL-GRAMMAR=实用现代汉语语法,国际中文教育中文水平等级标准·语法学习手册（初等） p.192（5例）；国际中文教育中文水平等级标准·语法学习手册（高等） p.110（2例）；国际中文教育中文水平等级标准·语法学习手册（中等） p.354（2例）；国际中文教育中文水平等级标准·语法学习手册（初等） p.343（1例）；国际中文教育中文水平等级标准·语法学习手册（中等） p.382（1例）；国际中文教育中文水平等级标准·语法学习手册（中等） p.296（1例）,初等 p.192；高等 p.110；中等 p.354；初等 p.343；中等 p.382；中等 p.296,比较主体；比较对象；比较维度；比较标记；词汇化用法；弱拒绝；边界复核；上下文复核；边界过短,WITHHELD_COPYRIGHTED_EXAMPLES,基础结构页面已复核；本条为依据必要结构派生的缺槽或边界规则。,可写为：本规则以《等级标准》语法等级大纲及其语法学习手册为标准锚点，并由现代汉语/对外汉语教学语法参考书补充定义。,证据类型=computational boundary derivation；保留规则转写判断与版本记录。
KG-RULE-V02-0073,比较构式,越...越候选,越...越,比较构式,弱拒绝规则,标记存在但核心槽位需要结合上下文复核。,REF-GF0025-2021；REF-GRAMMAR-MANUAL-ELEM；REF-GRAMMAR-MANUAL-INTER；REF-GRAMMAR-MANUAL-ADV；REF-LIU-PRACTICAL-GRAMMAR,REF-GF0025-2021=国际中文教育中文水平等级标准: GF0025-2021；REF-GRAMMAR-MANUAL-ELEM=国际中文教育中文水平等级标准·语法学习手册（初等）；REF-GRAMMAR-MANUAL-INTER=国际中文教育中文水平等级标准·语法学习手册（中等）；REF-GRAMMAR-MANUAL-ADV=国际中文教育中文水平等级标准·语法学习手册（高等）；REF-LIU-PRACTICAL-GRAMMAR=实用现代汉语语法,国际中文教育中文水平等级标准·语法学习手册（初等） p.192（5例）；国际中文教育中文水平等级标准·语法学习手册（高等） p.110（2例）；国际中文教育中文水平等级标准·语法学习手册（中等） p.354（2例）；国际中文教育中文水平等级标准·语法学习手册（初等） p.343（1例）；国际中文教育中文水平等级标准·语法学习手册（中等） p.382（1例）；国际中文教育中文水平等级标准·语法学习手册（中等） p.296（1例）,初等 p.192；高等 p.110；中等 p.354；初等 p.343；中等 p.382；中等 p.296,比较主体；比较对象；比较维度；比较标记；词汇化用法；弱拒绝；边界复核；上下文复核；核心槽位,WITHHELD_COPYRIGHTED_EXAMPLES,基础结构页面已复核；本条为依据必要结构派生的缺槽或边界规则。,可写为：本规则以《等级标准》语法等级大纲及其语法学习手册为标准锚点，并由现代汉语/对外汉语教学语法参考书补充定义。,证据类型=computational boundary derivation；保留规则转写判断与版本记录。
KG-RULE-V02-0074,比较构式,越...越候选,越...越,比较构式,强拒绝规则,候选片段只是术语、标题、编号、残片或 OCR 混杂内容。,REF-GF0025-2021；REF-GRAMMAR-MANUAL-ELEM；REF-GRAMMAR-MANUAL-INTER；REF-GRAMMAR-MANUAL-ADV；REF-LIU-PRACTICAL-GRAMMAR,REF-GF0025-2021=国际中文教育中文水平等级标准: GF0025-2021；REF-GRAMMAR-MANUAL-ELEM=国际中文教育中文水平等级标准·语法学习手册（初等）；REF-GRAMMAR-MANUAL-INTER=国际中文教育中文水平等级标准·语法学习手册（中等）；REF-GRAMMAR-MANUAL-ADV=国际中文教育中文水平等级标准·语法学习手册（高等）；REF-LIU-PRACTICAL-GRAMMAR=实用现代汉语语法,国际中文教育中文水平等级标准·语法学习手册（初等） p.192（5例）；国际中文教育中文水平等级标准·语法学习手册（高等） p.110（2例）；国际中文教育中文水平等级标准·语法学习手册（中等） p.354（2例）；国际中文教育中文水平等级标准·语法学习手册（初等） p.343（1例）；国际中文教育中文水平等级标准·语法学习手册（中等） p.382（1例）；国际中文教育中文水平等级标准·语法学习手册（中等） p.296（1例）,初等 p.192；高等 p.110；中等 p.354；初等 p.343；中等 p.382；中等 p.296,比较主体；比较对象；比较维度；比较标记；词汇化用法；强拒绝；硬拒绝；非目标；候选片段；术语；标题；编号,WITHHELD_COPYRIGHTED_EXAMPLES,基础结构页面已复核；本条为候选治理的操作性排除规则，不主张文献逐字给出。,可写为：本规则以《等级标准》语法等级大纲及其语法学习手册为标准锚点，并由现代汉语/对外汉语教学语法参考书补充定义。,证据类型=operational rejection rule；保留规则转写判断与版本记录。
KG-RULE-V02-0075,比较构式,越...越候选,越...越,比较构式,强拒绝规则,只有表层标记，无法构成所属语法家族的核心结构。,REF-GF0025-2021；REF-GRAMMAR-MANUAL-ELEM；REF-GRAMMAR-MANUAL-INTER；REF-GRAMMAR-MANUAL-ADV；REF-LIU-PRACTICAL-GRAMMAR,REF-GF0025-2021=国际中文教育中文水平等级标准: GF0025-2021；REF-GRAMMAR-MANUAL-ELEM=国际中文教育中文水平等级标准·语法学习手册（初等）；REF-GRAMMAR-MANUAL-INTER=国际中文教育中文水平等级标准·语法学习手册（中等）；REF-GRAMMAR-MANUAL-ADV=国际中文教育中文水平等级标准·语法学习手册（高等）；REF-LIU-PRACTICAL-GRAMMAR=实用现代汉语语法,国际中文教育中文水平等级标准·语法学习手册（初等） p.192（5例）；国际中文教育中文水平等级标准·语法学习手册（高等） p.110（2例）；国际中文教育中文水平等级标准·语法学习手册（中等） p.354（2例）；国际中文教育中文水平等级标准·语法学习手册（初等） p.343（1例）；国际中文教育中文水平等级标准·语法学习手册（中等） p.382（1例）；国际中文教育中文水平等级标准·语法学习手册（中等） p.296（1例）,初等 p.192；高等 p.110；中等 p.354；初等 p.343；中等 p.382；中等 p.296,比较主体；比较对象；比较维度；比较标记；词汇化用法；强拒绝；硬拒绝；非目标；表层标记；核心结构,WITHHELD_COPYRIGHTED_EXAMPLES,基础结构页面已复核；本条为候选治理的操作性排除规则，不主张文献逐字给出。,可写为：本规则以《等级标准》语法等级大纲及其语法学习手册为标准锚点，并由现代汉语/对外汉语教学语法参考书补充定义。,证据类型=operational rejection rule；保留规则转写判断与版本记录。
KG-RULE-V02-0076,比较构式,越...越候选,越...越,比较构式,偏误推演规则,若核心槽位缺失，则诊断为“结构缺槽”。,REF-GF0025-2021；REF-GRAMMAR-MANUAL-ELEM；REF-GRAMMAR-MANUAL-INTER；REF-GRAMMAR-MANUAL-ADV；REF-LIU-PRACTICAL-GRAMMAR,REF-GF0025-2021=国际中文教育中文水平等级标准: GF0025-2021；REF-GRAMMAR-MANUAL-ELEM=国际中文教育中文水平等级标准·语法学习手册（初等）；REF-GRAMMAR-MANUAL-INTER=国际中文教育中文水平等级标准·语法学习手册（中等）；REF-GRAMMAR-MANUAL-ADV=国际中文教育中文水平等级标准·语法学习手册（高等）；REF-LIU-PRACTICAL-GRAMMAR=实用现代汉语语法,国际中文教育中文水平等级标准·语法学习手册（初等） p.192（5例）；国际中文教育中文水平等级标准·语法学习手册（高等） p.110（2例）；国际中文教育中文水平等级标准·语法学习手册（中等） p.354（2例）；国际中文教育中文水平等级标准·语法学习手册（初等） p.343（1例）；国际中文教育中文水平等级标准·语法学习手册（中等） p.382（1例）；国际中文教育中文水平等级标准·语法学习手册（中等） p.296（1例）,初等 p.192；高等 p.110；中等 p.354；初等 p.343；中等 p.382；中等 p.296,比较主体；比较对象；比较维度；比较标记；词汇化用法；偏误推演；诊断类型；规则冲突；结构缺槽；核心槽位,WITHHELD_COPYRIGHTED_EXAMPLES,基础结构页面已复核；本条为从结构条件派生的诊断规则，不主张文献逐字给出。,可写为：本规则以《等级标准》语法等级大纲及其语法学习手册为标准锚点，并由现代汉语/对外汉语教学语法参考书补充定义。,证据类型=derived diagnostic rule；保留规则转写判断与版本记录。
KG-RULE-V02-0077,比较构式,越...越候选,越...越,比较构式,偏误推演规则,若只有表层标记，则诊断为“表层触发但非目标”。,REF-GF0025-2021；REF-GRAMMAR-MANUAL-ELEM；REF-GRAMMAR-MANUAL-INTER；REF-GRAMMAR-MANUAL-ADV；REF-LIU-PRACTICAL-GRAMMAR,REF-GF0025-2021=国际中文教育中文水平等级标准: GF0025-2021；REF-GRAMMAR-MANUAL-ELEM=国际中文教育中文水平等级标准·语法学习手册（初等）；REF-GRAMMAR-MANUAL-INTER=国际中文教育中文水平等级标准·语法学习手册（中等）；REF-GRAMMAR-MANUAL-ADV=国际中文教育中文水平等级标准·语法学习手册（高等）；REF-LIU-PRACTICAL-GRAMMAR=实用现代汉语语法,国际中文教育中文水平等级标准·语法学习手册（初等） p.192（5例）；国际中文教育中文水平等级标准·语法学习手册（高等） p.110（2例）；国际中文教育中文水平等级标准·语法学习手册（中等） p.354（2例）；国际中文教育中文水平等级标准·语法学习手册（初等） p.343（1例）；国际中文教育中文水平等级标准·语法学习手册（中等） p.382（1例）；国际中文教育中文水平等级标准·语法学习手册（中等） p.296（1例）,初等 p.192；高等 p.110；中等 p.354；初等 p.343；中等 p.382；中等 p.296,比较主体；比较对象；比较维度；比较标记；词汇化用法；偏误推演；诊断类型；规则冲突；表层触发但非目标；表层标记,WITHHELD_COPYRIGHTED_EXAMPLES,基础结构页面已复核；本条为从结构条件派生的诊断规则，不主张文献逐字给出。,可写为：本规则以《等级标准》语法等级大纲及其语法学习手册为标准锚点，并由现代汉语/对外汉语教学语法参考书补充定义。,证据类型=derived diagnostic rule；保留规则转写判断与版本记录。
KG-RULE-V02-0078,比较构式,越...越候选,越...越,比较构式,偏误推演规则,若结构成立但候选边界不准，则诊断为“边界问题”。,REF-GF0025-2021；REF-GRAMMAR-MANUAL-ELEM；REF-GRAMMAR-MANUAL-INTER；REF-GRAMMAR-MANUAL-ADV；REF-LIU-PRACTICAL-GRAMMAR,REF-GF0025-2021=国际中文教育中文水平等级标准: GF0025-2021；REF-GRAMMAR-MANUAL-ELEM=国际中文教育中文水平等级标准·语法学习手册（初等）；REF-GRAMMAR-MANUAL-INTER=国际中文教育中文水平等级标准·语法学习手册（中等）；REF-GRAMMAR-MANUAL-ADV=国际中文教育中文水平等级标准·语法学习手册（高等）；REF-LIU-PRACTICAL-GRAMMAR=实用现代汉语语法,国际中文教育中文水平等级标准·语法学习手册（初等） p.192（5例）；国际中文教育中文水平等级标准·语法学习手册（高等） p.110（2例）；国际中文教育中文水平等级标准·语法学习手册（中等） p.354（2例）；国际中文教育中文水平等级标准·语法学习手册（初等） p.343（1例）；国际中文教育中文水平等级标准·语法学习手册（中等） p.382（1例）；国际中文教育中文水平等级标准·语法学习手册（中等） p.296（1例）,初等 p.192；高等 p.110；中等 p.354；初等 p.343；中等 p.382；中等 p.296,比较主体；比较对象；比较维度；比较标记；词汇化用法；偏误推演；诊断类型；规则冲突；边界问题,WITHHELD_COPYRIGHTED_EXAMPLES,基础结构页面已复核；本条为从结构条件派生的诊断规则，不主张文献逐字给出。,可写为：本规则以《等级标准》语法等级大纲及其语法学习手册为标准锚点，并由现代汉语/对外汉语教学语法参考书补充定义。,证据类型=derived diagnostic rule；保留规则转写判断与版本记录。
KG-RULE-V02-0079,比较构式,不如比较候选,不如比较,比较构式,正向接受规则,候选片段包含或可解释出“不如比较”相关标记/结构线索。,REF-GF0025-2021；REF-GRAMMAR-MANUAL-ELEM；REF-GRAMMAR-MANUAL-INTER；REF-GRAMMAR-MANUAL-ADV；REF-LIU-PRACTICAL-GRAMMAR,REF-GF0025-2021=国际中文教育中文水平等级标准: GF0025-2021；REF-GRAMMAR-MANUAL-ELEM=国际中文教育中文水平等级标准·语法学习手册（初等）；REF-GRAMMAR-MANUAL-INTER=国际中文教育中文水平等级标准·语法学习手册（中等）；REF-GRAMMAR-MANUAL-ADV=国际中文教育中文水平等级标准·语法学习手册（高等）；REF-LIU-PRACTICAL-GRAMMAR=实用现代汉语语法,国际中文教育中文水平等级标准·语法学习手册（高等） p.154（5例）；国际中文教育中文水平等级标准·语法学习手册（高等） p.155（2例）；国际中文教育中文水平等级标准·语法学习手册（中等） p.199（1例）；国际中文教育中文水平等级标准·语法学习手册（高等） p.83（1例）；国际中文教育中文水平等级标准·语法学习手册（高等） p.75（1例）；国际中文教育中文水平等级标准·语法学习手册（高等） p.178（1例）,高等 p.154；高等 p.155；中等 p.199；高等 p.83；高等 p.75；高等 p.178,比较主体；比较对象；比较维度；比较标记；词汇化用法；正向接受；结构成立；功能成立；不如比较；候选片段；结构线索,WITHHELD_COPYRIGHTED_EXAMPLES,页面已复核；本条为手册结构/用法说明的结构化转写，并非逐字引文。,可写为：本规则以《等级标准》语法等级大纲及其语法学习手册为标准锚点，并由现代汉语/对外汉语教学语法参考书补充定义。,证据类型=source-grounded schema transcription；保留规则转写判断与版本记录。
KG-RULE-V02-0080,比较构式,不如比较候选,不如比较,比较构式,正向接受规则,候选片段满足所属语法家族的核心槽位要求：比较主体、比较标记、比较对象、比较维度/谓词、差量/程度成分。,REF-GF0025-2021；REF-GRAMMAR-MANUAL-ELEM；REF-GRAMMAR-MANUAL-INTER；REF-GRAMMAR-MANUAL-ADV；REF-LIU-PRACTICAL-GRAMMAR,REF-GF0025-2021=国际中文教育中文水平等级标准: GF0025-2021；REF-GRAMMAR-MANUAL-ELEM=国际中文教育中文水平等级标准·语法学习手册（初等）；REF-GRAMMAR-MANUAL-INTER=国际中文教育中文水平等级标准·语法学习手册（中等）；REF-GRAMMAR-MANUAL-ADV=国际中文教育中文水平等级标准·语法学习手册（高等）；REF-LIU-PRACTICAL-GRAMMAR=实用现代汉语语法,国际中文教育中文水平等级标准·语法学习手册（高等） p.154（5例）；国际中文教育中文水平等级标准·语法学习手册（高等） p.155（2例）；国际中文教育中文水平等级标准·语法学习手册（中等） p.199（1例）；国际中文教育中文水平等级标准·语法学习手册（高等） p.83（1例）；国际中文教育中文水平等级标准·语法学习手册（高等） p.75（1例）；国际中文教育中文水平等级标准·语法学习手册（高等） p.178（1例）,高等 p.154；高等 p.155；中等 p.199；高等 p.83；高等 p.75；高等 p.178,比较主体；比较对象；比较维度；比较标记；词汇化用法；正向接受；结构成立；功能成立；候选片段；核心槽位,WITHHELD_COPYRIGHTED_EXAMPLES,页面已复核；本条为手册结构/用法说明的结构化转写，并非逐字引文。,可写为：本规则以《等级标准》语法等级大纲及其语法学习手册为标准锚点，并由现代汉语/对外汉语教学语法参考书补充定义。,证据类型=source-grounded schema transcription；保留规则转写判断与版本记录。
KG-RULE-V02-0081,比较构式,不如比较候选,不如比较,比较构式,正向接受规则,候选片段在原句中承担该语法点的实际语法功能，而非仅有表层词形。,REF-GF0025-2021；REF-GRAMMAR-MANUAL-ELEM；REF-GRAMMAR-MANUAL-INTER；REF-GRAMMAR-MANUAL-ADV；REF-LIU-PRACTICAL-GRAMMAR,REF-GF0025-2021=国际中文教育中文水平等级标准: GF0025-2021；REF-GRAMMAR-MANUAL-ELEM=国际中文教育中文水平等级标准·语法学习手册（初等）；REF-GRAMMAR-MANUAL-INTER=国际中文教育中文水平等级标准·语法学习手册（中等）；REF-GRAMMAR-MANUAL-ADV=国际中文教育中文水平等级标准·语法学习手册（高等）；REF-LIU-PRACTICAL-GRAMMAR=实用现代汉语语法,国际中文教育中文水平等级标准·语法学习手册（高等） p.154（5例）；国际中文教育中文水平等级标准·语法学习手册（高等） p.155（2例）；国际中文教育中文水平等级标准·语法学习手册（中等） p.199（1例）；国际中文教育中文水平等级标准·语法学习手册（高等） p.83（1例）；国际中文教育中文水平等级标准·语法学习手册（高等） p.75（1例）；国际中文教育中文水平等级标准·语法学习手册（高等） p.178（1例）,高等 p.154；高等 p.155；中等 p.199；高等 p.83；高等 p.75；高等 p.178,比较主体；比较对象；比较维度；比较标记；词汇化用法；正向接受；结构成立；功能成立；候选片段；实际语法功能,WITHHELD_COPYRIGHTED_EXAMPLES,页面已复核；本条为手册结构/用法说明的结构化转写，并非逐字引文。,可写为：本规则以《等级标准》语法等级大纲及其语法学习手册为标准锚点，并由现代汉语/对外汉语教学语法参考书补充定义。,证据类型=source-grounded schema transcription；保留规则转写判断与版本记录。
KG-RULE-V02-0082,比较构式,不如比较候选,不如比较,比较构式,弱拒绝规则,结构大体可定位但边界过短或过长。,REF-GF0025-2021；REF-GRAMMAR-MANUAL-ELEM；REF-GRAMMAR-MANUAL-INTER；REF-GRAMMAR-MANUAL-ADV；REF-LIU-PRACTICAL-GRAMMAR,REF-GF0025-2021=国际中文教育中文水平等级标准: GF0025-2021；REF-GRAMMAR-MANUAL-ELEM=国际中文教育中文水平等级标准·语法学习手册（初等）；REF-GRAMMAR-MANUAL-INTER=国际中文教育中文水平等级标准·语法学习手册（中等）；REF-GRAMMAR-MANUAL-ADV=国际中文教育中文水平等级标准·语法学习手册（高等）；REF-LIU-PRACTICAL-GRAMMAR=实用现代汉语语法,国际中文教育中文水平等级标准·语法学习手册（高等） p.154（5例）；国际中文教育中文水平等级标准·语法学习手册（高等） p.155（2例）；国际中文教育中文水平等级标准·语法学习手册（中等） p.199（1例）；国际中文教育中文水平等级标准·语法学习手册（高等） p.83（1例）；国际中文教育中文水平等级标准·语法学习手册（高等） p.75（1例）；国际中文教育中文水平等级标准·语法学习手册（高等） p.178（1例）,高等 p.154；高等 p.155；中等 p.199；高等 p.83；高等 p.75；高等 p.178,比较主体；比较对象；比较维度；比较标记；词汇化用法；弱拒绝；边界复核；上下文复核；边界过短,WITHHELD_COPYRIGHTED_EXAMPLES,基础结构页面已复核；本条为依据必要结构派生的缺槽或边界规则。,可写为：本规则以《等级标准》语法等级大纲及其语法学习手册为标准锚点，并由现代汉语/对外汉语教学语法参考书补充定义。,证据类型=computational boundary derivation；保留规则转写判断与版本记录。
KG-RULE-V02-0083,比较构式,不如比较候选,不如比较,比较构式,弱拒绝规则,标记存在但核心槽位需要结合上下文复核。,REF-GF0025-2021；REF-GRAMMAR-MANUAL-ELEM；REF-GRAMMAR-MANUAL-INTER；REF-GRAMMAR-MANUAL-ADV；REF-LIU-PRACTICAL-GRAMMAR,REF-GF0025-2021=国际中文教育中文水平等级标准: GF0025-2021；REF-GRAMMAR-MANUAL-ELEM=国际中文教育中文水平等级标准·语法学习手册（初等）；REF-GRAMMAR-MANUAL-INTER=国际中文教育中文水平等级标准·语法学习手册（中等）；REF-GRAMMAR-MANUAL-ADV=国际中文教育中文水平等级标准·语法学习手册（高等）；REF-LIU-PRACTICAL-GRAMMAR=实用现代汉语语法,国际中文教育中文水平等级标准·语法学习手册（高等） p.154（5例）；国际中文教育中文水平等级标准·语法学习手册（高等） p.155（2例）；国际中文教育中文水平等级标准·语法学习手册（中等） p.199（1例）；国际中文教育中文水平等级标准·语法学习手册（高等） p.83（1例）；国际中文教育中文水平等级标准·语法学习手册（高等） p.75（1例）；国际中文教育中文水平等级标准·语法学习手册（高等） p.178（1例）,高等 p.154；高等 p.155；中等 p.199；高等 p.83；高等 p.75；高等 p.178,比较主体；比较对象；比较维度；比较标记；词汇化用法；弱拒绝；边界复核；上下文复核；核心槽位,WITHHELD_COPYRIGHTED_EXAMPLES,基础结构页面已复核；本条为依据必要结构派生的缺槽或边界规则。,可写为：本规则以《等级标准》语法等级大纲及其语法学习手册为标准锚点，并由现代汉语/对外汉语教学语法参考书补充定义。,证据类型=computational boundary derivation；保留规则转写判断与版本记录。
KG-RULE-V02-0084,比较构式,不如比较候选,不如比较,比较构式,强拒绝规则,候选片段只是术语、标题、编号、残片或 OCR 混杂内容。,REF-GF0025-2021；REF-GRAMMAR-MANUAL-ELEM；REF-GRAMMAR-MANUAL-INTER；REF-GRAMMAR-MANUAL-ADV；REF-LIU-PRACTICAL-GRAMMAR,REF-GF0025-2021=国际中文教育中文水平等级标准: GF0025-2021；REF-GRAMMAR-MANUAL-ELEM=国际中文教育中文水平等级标准·语法学习手册（初等）；REF-GRAMMAR-MANUAL-INTER=国际中文教育中文水平等级标准·语法学习手册（中等）；REF-GRAMMAR-MANUAL-ADV=国际中文教育中文水平等级标准·语法学习手册（高等）；REF-LIU-PRACTICAL-GRAMMAR=实用现代汉语语法,国际中文教育中文水平等级标准·语法学习手册（高等） p.154（5例）；国际中文教育中文水平等级标准·语法学习手册（高等） p.155（2例）；国际中文教育中文水平等级标准·语法学习手册（中等） p.199（1例）；国际中文教育中文水平等级标准·语法学习手册（高等） p.83（1例）；国际中文教育中文水平等级标准·语法学习手册（高等） p.75（1例）；国际中文教育中文水平等级标准·语法学习手册（高等） p.178（1例）,高等 p.154；高等 p.155；中等 p.199；高等 p.83；高等 p.75；高等 p.178,比较主体；比较对象；比较维度；比较标记；词汇化用法；强拒绝；硬拒绝；非目标；候选片段；术语；标题；编号,WITHHELD_COPYRIGHTED_EXAMPLES,基础结构页面已复核；本条为候选治理的操作性排除规则，不主张文献逐字给出。,可写为：本规则以《等级标准》语法等级大纲及其语法学习手册为标准锚点，并由现代汉语/对外汉语教学语法参考书补充定义。,证据类型=operational rejection rule；保留规则转写判断与版本记录。
KG-RULE-V02-0085,比较构式,不如比较候选,不如比较,比较构式,强拒绝规则,只有表层标记，无法构成所属语法家族的核心结构。,REF-GF0025-2021；REF-GRAMMAR-MANUAL-ELEM；REF-GRAMMAR-MANUAL-INTER；REF-GRAMMAR-MANUAL-ADV；REF-LIU-PRACTICAL-GRAMMAR,REF-GF0025-2021=国际中文教育中文水平等级标准: GF0025-2021；REF-GRAMMAR-MANUAL-ELEM=国际中文教育中文水平等级标准·语法学习手册（初等）；REF-GRAMMAR-MANUAL-INTER=国际中文教育中文水平等级标准·语法学习手册（中等）；REF-GRAMMAR-MANUAL-ADV=国际中文教育中文水平等级标准·语法学习手册（高等）；REF-LIU-PRACTICAL-GRAMMAR=实用现代汉语语法,国际中文教育中文水平等级标准·语法学习手册（高等） p.154（5例）；国际中文教育中文水平等级标准·语法学习手册（高等） p.155（2例）；国际中文教育中文水平等级标准·语法学习手册（中等） p.199（1例）；国际中文教育中文水平等级标准·语法学习手册（高等） p.83（1例）；国际中文教育中文水平等级标准·语法学习手册（高等） p.75（1例）；国际中文教育中文水平等级标准·语法学习手册（高等） p.178（1例）,高等 p.154；高等 p.155；中等 p.199；高等 p.83；高等 p.75；高等 p.178,比较主体；比较对象；比较维度；比较标记；词汇化用法；强拒绝；硬拒绝；非目标；表层标记；核心结构,WITHHELD_COPYRIGHTED_EXAMPLES,基础结构页面已复核；本条为候选治理的操作性排除规则，不主张文献逐字给出。,可写为：本规则以《等级标准》语法等级大纲及其语法学习手册为标准锚点，并由现代汉语/对外汉语教学语法参考书补充定义。,证据类型=operational rejection rule；保留规则转写判断与版本记录。
KG-RULE-V02-0086,比较构式,不如比较候选,不如比较,比较构式,偏误推演规则,若核心槽位缺失，则诊断为“结构缺槽”。,REF-GF0025-2021；REF-GRAMMAR-MANUAL-ELEM；REF-GRAMMAR-MANUAL-INTER；REF-GRAMMAR-MANUAL-ADV；REF-LIU-PRACTICAL-GRAMMAR,REF-GF0025-2021=国际中文教育中文水平等级标准: GF0025-2021；REF-GRAMMAR-MANUAL-ELEM=国际中文教育中文水平等级标准·语法学习手册（初等）；REF-GRAMMAR-MANUAL-INTER=国际中文教育中文水平等级标准·语法学习手册（中等）；REF-GRAMMAR-MANUAL-ADV=国际中文教育中文水平等级标准·语法学习手册（高等）；REF-LIU-PRACTICAL-GRAMMAR=实用现代汉语语法,国际中文教育中文水平等级标准·语法学习手册（高等） p.154（5例）；国际中文教育中文水平等级标准·语法学习手册（高等） p.155（2例）；国际中文教育中文水平等级标准·语法学习手册（中等） p.199（1例）；国际中文教育中文水平等级标准·语法学习手册（高等） p.83（1例）；国际中文教育中文水平等级标准·语法学习手册（高等） p.75（1例）；国际中文教育中文水平等级标准·语法学习手册（高等） p.178（1例）,高等 p.154；高等 p.155；中等 p.199；高等 p.83；高等 p.75；高等 p.178,比较主体；比较对象；比较维度；比较标记；词汇化用法；偏误推演；诊断类型；规则冲突；结构缺槽；核心槽位,WITHHELD_COPYRIGHTED_EXAMPLES,基础结构页面已复核；本条为从结构条件派生的诊断规则，不主张文献逐字给出。,可写为：本规则以《等级标准》语法等级大纲及其语法学习手册为标准锚点，并由现代汉语/对外汉语教学语法参考书补充定义。,证据类型=derived diagnostic rule；保留规则转写判断与版本记录。
KG-RULE-V02-0087,比较构式,不如比较候选,不如比较,比较构式,偏误推演规则,若只有表层标记，则诊断为“表层触发但非目标”。,REF-GF0025-2021；REF-GRAMMAR-MANUAL-ELEM；REF-GRAMMAR-MANUAL-INTER；REF-GRAMMAR-MANUAL-ADV；REF-LIU-PRACTICAL-GRAMMAR,REF-GF0025-2021=国际中文教育中文水平等级标准: GF0025-2021；REF-GRAMMAR-MANUAL-ELEM=国际中文教育中文水平等级标准·语法学习手册（初等）；REF-GRAMMAR-MANUAL-INTER=国际中文教育中文水平等级标准·语法学习手册（中等）；REF-GRAMMAR-MANUAL-ADV=国际中文教育中文水平等级标准·语法学习手册（高等）；REF-LIU-PRACTICAL-GRAMMAR=实用现代汉语语法,国际中文教育中文水平等级标准·语法学习手册（高等） p.154（5例）；国际中文教育中文水平等级标准·语法学习手册（高等） p.155（2例）；国际中文教育中文水平等级标准·语法学习手册（中等） p.199（1例）；国际中文教育中文水平等级标准·语法学习手册（高等） p.83（1例）；国际中文教育中文水平等级标准·语法学习手册（高等） p.75（1例）；国际中文教育中文水平等级标准·语法学习手册（高等） p.178（1例）,高等 p.154；高等 p.155；中等 p.199；高等 p.83；高等 p.75；高等 p.178,比较主体；比较对象；比较维度；比较标记；词汇化用法；偏误推演；诊断类型；规则冲突；表层触发但非目标；表层标记,WITHHELD_COPYRIGHTED_EXAMPLES,基础结构页面已复核；本条为从结构条件派生的诊断规则，不主张文献逐字给出。,可写为：本规则以《等级标准》语法等级大纲及其语法学习手册为标准锚点，并由现代汉语/对外汉语教学语法参考书补充定义。,证据类型=derived diagnostic rule；保留规则转写判断与版本记录。
KG-RULE-V02-0088,比较构式,不如比较候选,不如比较,比较构式,偏误推演规则,若结构成立但候选边界不准，则诊断为“边界问题”。,REF-GF0025-2021；REF-GRAMMAR-MANUAL-ELEM；REF-GRAMMAR-MANUAL-INTER；REF-GRAMMAR-MANUAL-ADV；REF-LIU-PRACTICAL-GRAMMAR,REF-GF0025-2021=国际中文教育中文水平等级标准: GF0025-2021；REF-GRAMMAR-MANUAL-ELEM=国际中文教育中文水平等级标准·语法学习手册（初等）；REF-GRAMMAR-MANUAL-INTER=国际中文教育中文水平等级标准·语法学习手册（中等）；REF-GRAMMAR-MANUAL-ADV=国际中文教育中文水平等级标准·语法学习手册（高等）；REF-LIU-PRACTICAL-GRAMMAR=实用现代汉语语法,国际中文教育中文水平等级标准·语法学习手册（高等） p.154（5例）；国际中文教育中文水平等级标准·语法学习手册（高等） p.155（2例）；国际中文教育中文水平等级标准·语法学习手册（中等） p.199（1例）；国际中文教育中文水平等级标准·语法学习手册（高等） p.83（1例）；国际中文教育中文水平等级标准·语法学习手册（高等） p.75（1例）；国际中文教育中文水平等级标准·语法学习手册（高等） p.178（1例）,高等 p.154；高等 p.155；中等 p.199；高等 p.83；高等 p.75；高等 p.178,比较主体；比较对象；比较维度；比较标记；词汇化用法；偏误推演；诊断类型；规则冲突；边界问题,WITHHELD_COPYRIGHTED_EXAMPLES,基础结构页面已复核；本条为从结构条件派生的诊断规则，不主张文献逐字给出。,可写为：本规则以《等级标准》语法等级大纲及其语法学习手册为标准锚点，并由现代汉语/对外汉语教学语法参考书补充定义。,证据类型=derived diagnostic rule；保留规则转写判断与版本记录。
KG-RULE-V02-0089,比较构式,一样比较候选,一样比较,比较构式,正向接受规则,候选片段包含或可解释出“一样比较”相关标记/结构线索。,REF-GF0025-2021；REF-GRAMMAR-MANUAL-ELEM；REF-GRAMMAR-MANUAL-INTER；REF-GRAMMAR-MANUAL-ADV；REF-LIU-PRACTICAL-GRAMMAR,REF-GF0025-2021=国际中文教育中文水平等级标准: GF0025-2021；REF-GRAMMAR-MANUAL-ELEM=国际中文教育中文水平等级标准·语法学习手册（初等）；REF-GRAMMAR-MANUAL-INTER=国际中文教育中文水平等级标准·语法学习手册（中等）；REF-GRAMMAR-MANUAL-ADV=国际中文教育中文水平等级标准·语法学习手册（高等）；REF-LIU-PRACTICAL-GRAMMAR=实用现代汉语语法,国际中文教育中文水平等级标准·语法学习手册（初等） p.213（5例）；国际中文教育中文水平等级标准·语法学习手册（初等） p.214（1例）；国际中文教育中文水平等级标准·语法学习手册（中等） p.296（1例）,初等 p.213；初等 p.214；中等 p.296,比较主体；比较对象；比较维度；比较标记；词汇化用法；正向接受；结构成立；功能成立；一样比较；候选片段；结构线索,WITHHELD_COPYRIGHTED_EXAMPLES,页面已复核；本条为手册结构/用法说明的结构化转写，并非逐字引文。,可写为：本规则以《等级标准》语法等级大纲及其语法学习手册为标准锚点，并由现代汉语/对外汉语教学语法参考书补充定义。,证据类型=source-grounded schema transcription；保留规则转写判断与版本记录。
KG-RULE-V02-0090,比较构式,一样比较候选,一样比较,比较构式,正向接受规则,候选片段满足所属语法家族的核心槽位要求：比较主体、比较标记、比较对象、比较维度/谓词、差量/程度成分。,REF-GF0025-2021；REF-GRAMMAR-MANUAL-ELEM；REF-GRAMMAR-MANUAL-INTER；REF-GRAMMAR-MANUAL-ADV；REF-LIU-PRACTICAL-GRAMMAR,REF-GF0025-2021=国际中文教育中文水平等级标准: GF0025-2021；REF-GRAMMAR-MANUAL-ELEM=国际中文教育中文水平等级标准·语法学习手册（初等）；REF-GRAMMAR-MANUAL-INTER=国际中文教育中文水平等级标准·语法学习手册（中等）；REF-GRAMMAR-MANUAL-ADV=国际中文教育中文水平等级标准·语法学习手册（高等）；REF-LIU-PRACTICAL-GRAMMAR=实用现代汉语语法,国际中文教育中文水平等级标准·语法学习手册（初等） p.213（5例）；国际中文教育中文水平等级标准·语法学习手册（初等） p.214（1例）；国际中文教育中文水平等级标准·语法学习手册（中等） p.296（1例）,初等 p.213；初等 p.214；中等 p.296,比较主体；比较对象；比较维度；比较标记；词汇化用法；正向接受；结构成立；功能成立；候选片段；核心槽位,WITHHELD_COPYRIGHTED_EXAMPLES,页面已复核；本条为手册结构/用法说明的结构化转写，并非逐字引文。,可写为：本规则以《等级标准》语法等级大纲及其语法学习手册为标准锚点，并由现代汉语/对外汉语教学语法参考书补充定义。,证据类型=source-grounded schema transcription；保留规则转写判断与版本记录。
KG-RULE-V02-0091,比较构式,一样比较候选,一样比较,比较构式,正向接受规则,候选片段在原句中承担该语法点的实际语法功能，而非仅有表层词形。,REF-GF0025-2021；REF-GRAMMAR-MANUAL-ELEM；REF-GRAMMAR-MANUAL-INTER；REF-GRAMMAR-MANUAL-ADV；REF-LIU-PRACTICAL-GRAMMAR,REF-GF0025-2021=国际中文教育中文水平等级标准: GF0025-2021；REF-GRAMMAR-MANUAL-ELEM=国际中文教育中文水平等级标准·语法学习手册（初等）；REF-GRAMMAR-MANUAL-INTER=国际中文教育中文水平等级标准·语法学习手册（中等）；REF-GRAMMAR-MANUAL-ADV=国际中文教育中文水平等级标准·语法学习手册（高等）；REF-LIU-PRACTICAL-GRAMMAR=实用现代汉语语法,国际中文教育中文水平等级标准·语法学习手册（初等） p.213（5例）；国际中文教育中文水平等级标准·语法学习手册（初等） p.214（1例）；国际中文教育中文水平等级标准·语法学习手册（中等） p.296（1例）,初等 p.213；初等 p.214；中等 p.296,比较主体；比较对象；比较维度；比较标记；词汇化用法；正向接受；结构成立；功能成立；候选片段；实际语法功能,WITHHELD_COPYRIGHTED_EXAMPLES,页面已复核；本条为手册结构/用法说明的结构化转写，并非逐字引文。,可写为：本规则以《等级标准》语法等级大纲及其语法学习手册为标准锚点，并由现代汉语/对外汉语教学语法参考书补充定义。,证据类型=source-grounded schema transcription；保留规则转写判断与版本记录。
KG-RULE-V02-0092,比较构式,一样比较候选,一样比较,比较构式,弱拒绝规则,结构大体可定位但边界过短或过长。,REF-GF0025-2021；REF-GRAMMAR-MANUAL-ELEM；REF-GRAMMAR-MANUAL-INTER；REF-GRAMMAR-MANUAL-ADV；REF-LIU-PRACTICAL-GRAMMAR,REF-GF0025-2021=国际中文教育中文水平等级标准: GF0025-2021；REF-GRAMMAR-MANUAL-ELEM=国际中文教育中文水平等级标准·语法学习手册（初等）；REF-GRAMMAR-MANUAL-INTER=国际中文教育中文水平等级标准·语法学习手册（中等）；REF-GRAMMAR-MANUAL-ADV=国际中文教育中文水平等级标准·语法学习手册（高等）；REF-LIU-PRACTICAL-GRAMMAR=实用现代汉语语法,国际中文教育中文水平等级标准·语法学习手册（初等） p.213（5例）；国际中文教育中文水平等级标准·语法学习手册（初等） p.214（1例）；国际中文教育中文水平等级标准·语法学习手册（中等） p.296（1例）,初等 p.213；初等 p.214；中等 p.296,比较主体；比较对象；比较维度；比较标记；词汇化用法；弱拒绝；边界复核；上下文复核；边界过短,WITHHELD_COPYRIGHTED_EXAMPLES,基础结构页面已复核；本条为依据必要结构派生的缺槽或边界规则。,可写为：本规则以《等级标准》语法等级大纲及其语法学习手册为标准锚点，并由现代汉语/对外汉语教学语法参考书补充定义。,证据类型=computational boundary derivation；保留规则转写判断与版本记录。
KG-RULE-V02-0093,比较构式,一样比较候选,一样比较,比较构式,弱拒绝规则,标记存在但核心槽位需要结合上下文复核。,REF-GF0025-2021；REF-GRAMMAR-MANUAL-ELEM；REF-GRAMMAR-MANUAL-INTER；REF-GRAMMAR-MANUAL-ADV；REF-LIU-PRACTICAL-GRAMMAR,REF-GF0025-2021=国际中文教育中文水平等级标准: GF0025-2021；REF-GRAMMAR-MANUAL-ELEM=国际中文教育中文水平等级标准·语法学习手册（初等）；REF-GRAMMAR-MANUAL-INTER=国际中文教育中文水平等级标准·语法学习手册（中等）；REF-GRAMMAR-MANUAL-ADV=国际中文教育中文水平等级标准·语法学习手册（高等）；REF-LIU-PRACTICAL-GRAMMAR=实用现代汉语语法,国际中文教育中文水平等级标准·语法学习手册（初等） p.213（5例）；国际中文教育中文水平等级标准·语法学习手册（初等） p.214（1例）；国际中文教育中文水平等级标准·语法学习手册（中等） p.296（1例）,初等 p.213；初等 p.214；中等 p.296,比较主体；比较对象；比较维度；比较标记；词汇化用法；弱拒绝；边界复核；上下文复核；核心槽位,WITHHELD_COPYRIGHTED_EXAMPLES,基础结构页面已复核；本条为依据必要结构派生的缺槽或边界规则。,可写为：本规则以《等级标准》语法等级大纲及其语法学习手册为标准锚点，并由现代汉语/对外汉语教学语法参考书补充定义。,证据类型=computational boundary derivation；保留规则转写判断与版本记录。
KG-RULE-V02-0094,比较构式,一样比较候选,一样比较,比较构式,强拒绝规则,候选片段只是术语、标题、编号、残片或 OCR 混杂内容。,REF-GF0025-2021；REF-GRAMMAR-MANUAL-ELEM；REF-GRAMMAR-MANUAL-INTER；REF-GRAMMAR-MANUAL-ADV；REF-LIU-PRACTICAL-GRAMMAR,REF-GF0025-2021=国际中文教育中文水平等级标准: GF0025-2021；REF-GRAMMAR-MANUAL-ELEM=国际中文教育中文水平等级标准·语法学习手册（初等）；REF-GRAMMAR-MANUAL-INTER=国际中文教育中文水平等级标准·语法学习手册（中等）；REF-GRAMMAR-MANUAL-ADV=国际中文教育中文水平等级标准·语法学习手册（高等）；REF-LIU-PRACTICAL-GRAMMAR=实用现代汉语语法,国际中文教育中文水平等级标准·语法学习手册（初等） p.213（5例）；国际中文教育中文水平等级标准·语法学习手册（初等） p.214（1例）；国际中文教育中文水平等级标准·语法学习手册（中等） p.296（1例）,初等 p.213；初等 p.214；中等 p.296,比较主体；比较对象；比较维度；比较标记；词汇化用法；强拒绝；硬拒绝；非目标；候选片段；术语；标题；编号,WITHHELD_COPYRIGHTED_EXAMPLES,基础结构页面已复核；本条为候选治理的操作性排除规则，不主张文献逐字给出。,可写为：本规则以《等级标准》语法等级大纲及其语法学习手册为标准锚点，并由现代汉语/对外汉语教学语法参考书补充定义。,证据类型=operational rejection rule；保留规则转写判断与版本记录。
KG-RULE-V02-0095,比较构式,一样比较候选,一样比较,比较构式,强拒绝规则,只有表层标记，无法构成所属语法家族的核心结构。,REF-GF0025-2021；REF-GRAMMAR-MANUAL-ELEM；REF-GRAMMAR-MANUAL-INTER；REF-GRAMMAR-MANUAL-ADV；REF-LIU-PRACTICAL-GRAMMAR,REF-GF0025-2021=国际中文教育中文水平等级标准: GF0025-2021；REF-GRAMMAR-MANUAL-ELEM=国际中文教育中文水平等级标准·语法学习手册（初等）；REF-GRAMMAR-MANUAL-INTER=国际中文教育中文水平等级标准·语法学习手册（中等）；REF-GRAMMAR-MANUAL-ADV=国际中文教育中文水平等级标准·语法学习手册（高等）；REF-LIU-PRACTICAL-GRAMMAR=实用现代汉语语法,国际中文教育中文水平等级标准·语法学习手册（初等） p.213（5例）；国际中文教育中文水平等级标准·语法学习手册（初等） p.214（1例）；国际中文教育中文水平等级标准·语法学习手册（中等） p.296（1例）,初等 p.213；初等 p.214；中等 p.296,比较主体；比较对象；比较维度；比较标记；词汇化用法；强拒绝；硬拒绝；非目标；表层标记；核心结构,WITHHELD_COPYRIGHTED_EXAMPLES,基础结构页面已复核；本条为候选治理的操作性排除规则，不主张文献逐字给出。,可写为：本规则以《等级标准》语法等级大纲及其语法学习手册为标准锚点，并由现代汉语/对外汉语教学语法参考书补充定义。,证据类型=operational rejection rule；保留规则转写判断与版本记录。
KG-RULE-V02-0096,比较构式,一样比较候选,一样比较,比较构式,偏误推演规则,若核心槽位缺失，则诊断为“结构缺槽”。,REF-GF0025-2021；REF-GRAMMAR-MANUAL-ELEM；REF-GRAMMAR-MANUAL-INTER；REF-GRAMMAR-MANUAL-ADV；REF-LIU-PRACTICAL-GRAMMAR,REF-GF0025-2021=国际中文教育中文水平等级标准: GF0025-2021；REF-GRAMMAR-MANUAL-ELEM=国际中文教育中文水平等级标准·语法学习手册（初等）；REF-GRAMMAR-MANUAL-INTER=国际中文教育中文水平等级标准·语法学习手册（中等）；REF-GRAMMAR-MANUAL-ADV=国际中文教育中文水平等级标准·语法学习手册（高等）；REF-LIU-PRACTICAL-GRAMMAR=实用现代汉语语法,国际中文教育中文水平等级标准·语法学习手册（初等） p.213（5例）；国际中文教育中文水平等级标准·语法学习手册（初等） p.214（1例）；国际中文教育中文水平等级标准·语法学习手册（中等） p.296（1例）,初等 p.213；初等 p.214；中等 p.296,比较主体；比较对象；比较维度；比较标记；词汇化用法；偏误推演；诊断类型；规则冲突；结构缺槽；核心槽位,WITHHELD_COPYRIGHTED_EXAMPLES,基础结构页面已复核；本条为从结构条件派生的诊断规则，不主张文献逐字给出。,可写为：本规则以《等级标准》语法等级大纲及其语法学习手册为标准锚点，并由现代汉语/对外汉语教学语法参考书补充定义。,证据类型=derived diagnostic rule；保留规则转写判断与版本记录。
KG-RULE-V02-0097,比较构式,一样比较候选,一样比较,比较构式,偏误推演规则,若只有表层标记，则诊断为“表层触发但非目标”。,REF-GF0025-2021；REF-GRAMMAR-MANUAL-ELEM；REF-GRAMMAR-MANUAL-INTER；REF-GRAMMAR-MANUAL-ADV；REF-LIU-PRACTICAL-GRAMMAR,REF-GF0025-2021=国际中文教育中文水平等级标准: GF0025-2021；REF-GRAMMAR-MANUAL-ELEM=国际中文教育中文水平等级标准·语法学习手册（初等）；REF-GRAMMAR-MANUAL-INTER=国际中文教育中文水平等级标准·语法学习手册（中等）；REF-GRAMMAR-MANUAL-ADV=国际中文教育中文水平等级标准·语法学习手册（高等）；REF-LIU-PRACTICAL-GRAMMAR=实用现代汉语语法,国际中文教育中文水平等级标准·语法学习手册（初等） p.213（5例）；国际中文教育中文水平等级标准·语法学习手册（初等） p.214（1例）；国际中文教育中文水平等级标准·语法学习手册（中等） p.296（1例）,初等 p.213；初等 p.214；中等 p.296,比较主体；比较对象；比较维度；比较标记；词汇化用法；偏误推演；诊断类型；规则冲突；表层触发但非目标；表层标记,WITHHELD_COPYRIGHTED_EXAMPLES,基础结构页面已复核；本条为从结构条件派生的诊断规则，不主张文献逐字给出。,可写为：本规则以《等级标准》语法等级大纲及其语法学习手册为标准锚点，并由现代汉语/对外汉语教学语法参考书补充定义。,证据类型=derived diagnostic rule；保留规则转写判断与版本记录。
KG-RULE-V02-0098,比较构式,一样比较候选,一样比较,比较构式,偏误推演规则,若结构成立但候选边界不准，则诊断为“边界问题”。,REF-GF0025-2021；REF-GRAMMAR-MANUAL-ELEM；REF-GRAMMAR-MANUAL-INTER；REF-GRAMMAR-MANUAL-ADV；REF-LIU-PRACTICAL-GRAMMAR,REF-GF0025-2021=国际中文教育中文水平等级标准: GF0025-2021；REF-GRAMMAR-MANUAL-ELEM=国际中文教育中文水平等级标准·语法学习手册（初等）；REF-GRAMMAR-MANUAL-INTER=国际中文教育中文水平等级标准·语法学习手册（中等）；REF-GRAMMAR-MANUAL-ADV=国际中文教育中文水平等级标准·语法学习手册（高等）；REF-LIU-PRACTICAL-GRAMMAR=实用现代汉语语法,国际中文教育中文水平等级标准·语法学习手册（初等） p.213（5例）；国际中文教育中文水平等级标准·语法学习手册（初等） p.214（1例）；国际中文教育中文水平等级标准·语法学习手册（中等） p.296（1例）,初等 p.213；初等 p.214；中等 p.296,比较主体；比较对象；比较维度；比较标记；词汇化用法；偏误推演；诊断类型；规则冲突；边界问题,WITHHELD_COPYRIGHTED_EXAMPLES,基础结构页面已复核；本条为从结构条件派生的诊断规则，不主张文献逐字给出。,可写为：本规则以《等级标准》语法等级大纲及其语法学习手册为标准锚点，并由现代汉语/对外汉语教学语法参考书补充定义。,证据类型=derived diagnostic rule；保留规则转写判断与版本记录。
KG-RULE-V02-0099,介词框架,在字介词框架候选,在字介词框架,介词/框架结构,正向接受规则,候选片段包含或可解释出“在字介词框架”相关标记/结构线索。,REF-GF0025-2021；REF-GRAMMAR-MANUAL-ELEM；REF-GRAMMAR-MANUAL-INTER；REF-GRAMMAR-MANUAL-ADV；REF-HUANG-LIAO-MODERN-CHINESE；REF-LU-TCSL-GRAMMAR,REF-GF0025-2021=国际中文教育中文水平等级标准: GF0025-2021；REF-GRAMMAR-MANUAL-ELEM=国际中文教育中文水平等级标准·语法学习手册（初等）；REF-GRAMMAR-MANUAL-INTER=国际中文教育中文水平等级标准·语法学习手册（中等）；REF-GRAMMAR-MANUAL-ADV=国际中文教育中文水平等级标准·语法学习手册（高等）；REF-HUANG-LIAO-MODERN-CHINESE=现代汉语；REF-LU-TCSL-GRAMMAR=对外汉语教学实用语法,国际中文教育中文水平等级标准·语法学习手册（初等） p.68（6例）；国际中文教育中文水平等级标准·语法学习手册（中等） p.71（6例）；国际中文教育中文水平等级标准·语法学习手册（初等） p.57（5例）；国际中文教育中文水平等级标准·语法学习手册（中等） p.72（5例）；国际中文教育中文水平等级标准·语法学习手册（高等） p.202（4例）；国际中文教育中文水平等级标准·语法学习手册（初等） p.302（3例）,初等 p.68；中等 p.71；初等 p.57；中等 p.72；高等 p.202；初等 p.302,介词标记；框架对象；关系类型；中心事件；词内部成分；正向接受；结构成立；功能成立；在字介词框架；候选片段；结构线索,WITHHELD_COPYRIGHTED_EXAMPLES,页面已复核；本条为手册结构/用法说明的结构化转写，并非逐字引文。,可写为：本规则以《等级标准》语法等级大纲及其语法学习手册为标准锚点，并由现代汉语/对外汉语教学语法参考书补充定义。,证据类型=source-grounded schema transcription；保留规则转写判断与版本记录。
KG-RULE-V02-0100,介词框架,在字介词框架候选,在字介词框架,介词/框架结构,正向接受规则,候选片段满足所属语法家族的核心槽位要求：介词/框架标记、框架对象、谓词/中心事件、关系类型。,REF-GF0025-2021；REF-GRAMMAR-MANUAL-ELEM；REF-GRAMMAR-MANUAL-INTER；REF-GRAMMAR-MANUAL-ADV；REF-HUANG-LIAO-MODERN-CHINESE；REF-LU-TCSL-GRAMMAR,REF-GF0025-2021=国际中文教育中文水平等级标准: GF0025-2021；REF-GRAMMAR-MANUAL-ELEM=国际中文教育中文水平等级标准·语法学习手册（初等）；REF-GRAMMAR-MANUAL-INTER=国际中文教育中文水平等级标准·语法学习手册（中等）；REF-GRAMMAR-MANUAL-ADV=国际中文教育中文水平等级标准·语法学习手册（高等）；REF-HUANG-LIAO-MODERN-CHINESE=现代汉语；REF-LU-TCSL-GRAMMAR=对外汉语教学实用语法,国际中文教育中文水平等级标准·语法学习手册（初等） p.68（6例）；国际中文教育中文水平等级标准·语法学习手册（中等） p.71（6例）；国际中文教育中文水平等级标准·语法学习手册（初等） p.57（5例）；国际中文教育中文水平等级标准·语法学习手册（中等） p.72（5例）；国际中文教育中文水平等级标准·语法学习手册（高等） p.202（4例）；国际中文教育中文水平等级标准·语法学习手册（初等） p.302（3例）,初等 p.68；中等 p.71；初等 p.57；中等 p.72；高等 p.202；初等 p.302,介词标记；框架对象；关系类型；中心事件；词内部成分；正向接受；结构成立；功能成立；候选片段；核心槽位,WITHHELD_COPYRIGHTED_EXAMPLES,页面已复核；本条为手册结构/用法说明的结构化转写，并非逐字引文。,可写为：本规则以《等级标准》语法等级大纲及其语法学习手册为标准锚点，并由现代汉语/对外汉语教学语法参考书补充定义。,证据类型=source-grounded schema transcription；保留规则转写判断与版本记录。
KG-RULE-V02-0101,介词框架,在字介词框架候选,在字介词框架,介词/框架结构,正向接受规则,候选片段在原句中承担该语法点的实际语法功能，而非仅有表层词形。,REF-GF0025-2021；REF-GRAMMAR-MANUAL-ELEM；REF-GRAMMAR-MANUAL-INTER；REF-GRAMMAR-MANUAL-ADV；REF-HUANG-LIAO-MODERN-CHINESE；REF-LU-TCSL-GRAMMAR,REF-GF0025-2021=国际中文教育中文水平等级标准: GF0025-2021；REF-GRAMMAR-MANUAL-ELEM=国际中文教育中文水平等级标准·语法学习手册（初等）；REF-GRAMMAR-MANUAL-INTER=国际中文教育中文水平等级标准·语法学习手册（中等）；REF-GRAMMAR-MANUAL-ADV=国际中文教育中文水平等级标准·语法学习手册（高等）；REF-HUANG-LIAO-MODERN-CHINESE=现代汉语；REF-LU-TCSL-GRAMMAR=对外汉语教学实用语法,国际中文教育中文水平等级标准·语法学习手册（初等） p.68（6例）；国际中文教育中文水平等级标准·语法学习手册（中等） p.71（6例）；国际中文教育中文水平等级标准·语法学习手册（初等） p.57（5例）；国际中文教育中文水平等级标准·语法学习手册（中等） p.72（5例）；国际中文教育中文水平等级标准·语法学习手册（高等） p.202（4例）；国际中文教育中文水平等级标准·语法学习手册（初等） p.302（3例）,初等 p.68；中等 p.71；初等 p.57；中等 p.72；高等 p.202；初等 p.302,介词标记；框架对象；关系类型；中心事件；词内部成分；正向接受；结构成立；功能成立；候选片段；实际语法功能,WITHHELD_COPYRIGHTED_EXAMPLES,页面已复核；本条为手册结构/用法说明的结构化转写，并非逐字引文。,可写为：本规则以《等级标准》语法等级大纲及其语法学习手册为标准锚点，并由现代汉语/对外汉语教学语法参考书补充定义。,证据类型=source-grounded schema transcription；保留规则转写判断与版本记录。
KG-RULE-V02-0102,介词框架,在字介词框架候选,在字介词框架,介词/框架结构,弱拒绝规则,结构大体可定位但边界过短或过长。,REF-GF0025-2021；REF-GRAMMAR-MANUAL-ELEM；REF-GRAMMAR-MANUAL-INTER；REF-GRAMMAR-MANUAL-ADV；REF-HUANG-LIAO-MODERN-CHINESE；REF-LU-TCSL-GRAMMAR,REF-GF0025-2021=国际中文教育中文水平等级标准: GF0025-2021；REF-GRAMMAR-MANUAL-ELEM=国际中文教育中文水平等级标准·语法学习手册（初等）；REF-GRAMMAR-MANUAL-INTER=国际中文教育中文水平等级标准·语法学习手册（中等）；REF-GRAMMAR-MANUAL-ADV=国际中文教育中文水平等级标准·语法学习手册（高等）；REF-HUANG-LIAO-MODERN-CHINESE=现代汉语；REF-LU-TCSL-GRAMMAR=对外汉语教学实用语法,国际中文教育中文水平等级标准·语法学习手册（初等） p.68（6例）；国际中文教育中文水平等级标准·语法学习手册（中等） p.71（6例）；国际中文教育中文水平等级标准·语法学习手册（初等） p.57（5例）；国际中文教育中文水平等级标准·语法学习手册（中等） p.72（5例）；国际中文教育中文水平等级标准·语法学习手册（高等） p.202（4例）；国际中文教育中文水平等级标准·语法学习手册（初等） p.302（3例）,初等 p.68；中等 p.71；初等 p.57；中等 p.72；高等 p.202；初等 p.302,介词标记；框架对象；关系类型；中心事件；词内部成分；弱拒绝；边界复核；上下文复核；边界过短,WITHHELD_COPYRIGHTED_EXAMPLES,基础结构页面已复核；本条为依据必要结构派生的缺槽或边界规则。,可写为：本规则以《等级标准》语法等级大纲及其语法学习手册为标准锚点，并由现代汉语/对外汉语教学语法参考书补充定义。,证据类型=computational boundary derivation；保留规则转写判断与版本记录。
KG-RULE-V02-0103,介词框架,在字介词框架候选,在字介词框架,介词/框架结构,弱拒绝规则,标记存在但核心槽位需要结合上下文复核。,REF-GF0025-2021；REF-GRAMMAR-MANUAL-ELEM；REF-GRAMMAR-MANUAL-INTER；REF-GRAMMAR-MANUAL-ADV；REF-HUANG-LIAO-MODERN-CHINESE；REF-LU-TCSL-GRAMMAR,REF-GF0025-2021=国际中文教育中文水平等级标准: GF0025-2021；REF-GRAMMAR-MANUAL-ELEM=国际中文教育中文水平等级标准·语法学习手册（初等）；REF-GRAMMAR-MANUAL-INTER=国际中文教育中文水平等级标准·语法学习手册（中等）；REF-GRAMMAR-MANUAL-ADV=国际中文教育中文水平等级标准·语法学习手册（高等）；REF-HUANG-LIAO-MODERN-CHINESE=现代汉语；REF-LU-TCSL-GRAMMAR=对外汉语教学实用语法,国际中文教育中文水平等级标准·语法学习手册（初等） p.68（6例）；国际中文教育中文水平等级标准·语法学习手册（中等） p.71（6例）；国际中文教育中文水平等级标准·语法学习手册（初等） p.57（5例）；国际中文教育中文水平等级标准·语法学习手册（中等） p.72（5例）；国际中文教育中文水平等级标准·语法学习手册（高等） p.202（4例）；国际中文教育中文水平等级标准·语法学习手册（初等） p.302（3例）,初等 p.68；中等 p.71；初等 p.57；中等 p.72；高等 p.202；初等 p.302,介词标记；框架对象；关系类型；中心事件；词内部成分；弱拒绝；边界复核；上下文复核；核心槽位,WITHHELD_COPYRIGHTED_EXAMPLES,基础结构页面已复核；本条为依据必要结构派生的缺槽或边界规则。,可写为：本规则以《等级标准》语法等级大纲及其语法学习手册为标准锚点，并由现代汉语/对外汉语教学语法参考书补充定义。,证据类型=computational boundary derivation；保留规则转写判断与版本记录。
KG-RULE-V02-0104,介词框架,在字介词框架候选,在字介词框架,介词/框架结构,强拒绝规则,候选片段只是术语、标题、编号、残片或 OCR 混杂内容。,REF-GF0025-2021；REF-GRAMMAR-MANUAL-ELEM；REF-GRAMMAR-MANUAL-INTER；REF-GRAMMAR-MANUAL-ADV；REF-HUANG-LIAO-MODERN-CHINESE；REF-LU-TCSL-GRAMMAR,REF-GF0025-2021=国际中文教育中文水平等级标准: GF0025-2021；REF-GRAMMAR-MANUAL-ELEM=国际中文教育中文水平等级标准·语法学习手册（初等）；REF-GRAMMAR-MANUAL-INTER=国际中文教育中文水平等级标准·语法学习手册（中等）；REF-GRAMMAR-MANUAL-ADV=国际中文教育中文水平等级标准·语法学习手册（高等）；REF-HUANG-LIAO-MODERN-CHINESE=现代汉语；REF-LU-TCSL-GRAMMAR=对外汉语教学实用语法,国际中文教育中文水平等级标准·语法学习手册（初等） p.68（6例）；国际中文教育中文水平等级标准·语法学习手册（中等） p.71（6例）；国际中文教育中文水平等级标准·语法学习手册（初等） p.57（5例）；国际中文教育中文水平等级标准·语法学习手册（中等） p.72（5例）；国际中文教育中文水平等级标准·语法学习手册（高等） p.202（4例）；国际中文教育中文水平等级标准·语法学习手册（初等） p.302（3例）,初等 p.68；中等 p.71；初等 p.57；中等 p.72；高等 p.202；初等 p.302,介词标记；框架对象；关系类型；中心事件；词内部成分；强拒绝；硬拒绝；非目标；候选片段；术语；标题；编号,WITHHELD_COPYRIGHTED_EXAMPLES,基础结构页面已复核；本条为候选治理的操作性排除规则，不主张文献逐字给出。,可写为：本规则以《等级标准》语法等级大纲及其语法学习手册为标准锚点，并由现代汉语/对外汉语教学语法参考书补充定义。,证据类型=operational rejection rule；保留规则转写判断与版本记录。
KG-RULE-V02-0105,介词框架,在字介词框架候选,在字介词框架,介词/框架结构,强拒绝规则,只有表层标记，无法构成所属语法家族的核心结构。,REF-GF0025-2021；REF-GRAMMAR-MANUAL-ELEM；REF-GRAMMAR-MANUAL-INTER；REF-GRAMMAR-MANUAL-ADV；REF-HUANG-LIAO-MODERN-CHINESE；REF-LU-TCSL-GRAMMAR,REF-GF0025-2021=国际中文教育中文水平等级标准: GF0025-2021；REF-GRAMMAR-MANUAL-ELEM=国际中文教育中文水平等级标准·语法学习手册（初等）；REF-GRAMMAR-MANUAL-INTER=国际中文教育中文水平等级标准·语法学习手册（中等）；REF-GRAMMAR-MANUAL-ADV=国际中文教育中文水平等级标准·语法学习手册（高等）；REF-HUANG-LIAO-MODERN-CHINESE=现代汉语；REF-LU-TCSL-GRAMMAR=对外汉语教学实用语法,国际中文教育中文水平等级标准·语法学习手册（初等） p.68（6例）；国际中文教育中文水平等级标准·语法学习手册（中等） p.71（6例）；国际中文教育中文水平等级标准·语法学习手册（初等） p.57（5例）；国际中文教育中文水平等级标准·语法学习手册（中等） p.72（5例）；国际中文教育中文水平等级标准·语法学习手册（高等） p.202（4例）；国际中文教育中文水平等级标准·语法学习手册（初等） p.302（3例）,初等 p.68；中等 p.71；初等 p.57；中等 p.72；高等 p.202；初等 p.302,介词标记；框架对象；关系类型；中心事件；词内部成分；强拒绝；硬拒绝；非目标；表层标记；核心结构,WITHHELD_COPYRIGHTED_EXAMPLES,基础结构页面已复核；本条为候选治理的操作性排除规则，不主张文献逐字给出。,可写为：本规则以《等级标准》语法等级大纲及其语法学习手册为标准锚点，并由现代汉语/对外汉语教学语法参考书补充定义。,证据类型=operational rejection rule；保留规则转写判断与版本记录。
KG-RULE-V02-0106,介词框架,在字介词框架候选,在字介词框架,介词/框架结构,偏误推演规则,若核心槽位缺失，则诊断为“结构缺槽”。,REF-GF0025-2021；REF-GRAMMAR-MANUAL-ELEM；REF-GRAMMAR-MANUAL-INTER；REF-GRAMMAR-MANUAL-ADV；REF-HUANG-LIAO-MODERN-CHINESE；REF-LU-TCSL-GRAMMAR,REF-GF0025-2021=国际中文教育中文水平等级标准: GF0025-2021；REF-GRAMMAR-MANUAL-ELEM=国际中文教育中文水平等级标准·语法学习手册（初等）；REF-GRAMMAR-MANUAL-INTER=国际中文教育中文水平等级标准·语法学习手册（中等）；REF-GRAMMAR-MANUAL-ADV=国际中文教育中文水平等级标准·语法学习手册（高等）；REF-HUANG-LIAO-MODERN-CHINESE=现代汉语；REF-LU-TCSL-GRAMMAR=对外汉语教学实用语法,国际中文教育中文水平等级标准·语法学习手册（初等） p.68（6例）；国际中文教育中文水平等级标准·语法学习手册（中等） p.71（6例）；国际中文教育中文水平等级标准·语法学习手册（初等） p.57（5例）；国际中文教育中文水平等级标准·语法学习手册（中等） p.72（5例）；国际中文教育中文水平等级标准·语法学习手册（高等） p.202（4例）；国际中文教育中文水平等级标准·语法学习手册（初等） p.302（3例）,初等 p.68；中等 p.71；初等 p.57；中等 p.72；高等 p.202；初等 p.302,介词标记；框架对象；关系类型；中心事件；词内部成分；偏误推演；诊断类型；规则冲突；结构缺槽；核心槽位,WITHHELD_COPYRIGHTED_EXAMPLES,基础结构页面已复核；本条为从结构条件派生的诊断规则，不主张文献逐字给出。,可写为：本规则以《等级标准》语法等级大纲及其语法学习手册为标准锚点，并由现代汉语/对外汉语教学语法参考书补充定义。,证据类型=derived diagnostic rule；保留规则转写判断与版本记录。
KG-RULE-V02-0107,介词框架,在字介词框架候选,在字介词框架,介词/框架结构,偏误推演规则,若只有表层标记，则诊断为“表层触发但非目标”。,REF-GF0025-2021；REF-GRAMMAR-MANUAL-ELEM；REF-GRAMMAR-MANUAL-INTER；REF-GRAMMAR-MANUAL-ADV；REF-HUANG-LIAO-MODERN-CHINESE；REF-LU-TCSL-GRAMMAR,REF-GF0025-2021=国际中文教育中文水平等级标准: GF0025-2021；REF-GRAMMAR-MANUAL-ELEM=国际中文教育中文水平等级标准·语法学习手册（初等）；REF-GRAMMAR-MANUAL-INTER=国际中文教育中文水平等级标准·语法学习手册（中等）；REF-GRAMMAR-MANUAL-ADV=国际中文教育中文水平等级标准·语法学习手册（高等）；REF-HUANG-LIAO-MODERN-CHINESE=现代汉语；REF-LU-TCSL-GRAMMAR=对外汉语教学实用语法,国际中文教育中文水平等级标准·语法学习手册（初等） p.68（6例）；国际中文教育中文水平等级标准·语法学习手册（中等） p.71（6例）；国际中文教育中文水平等级标准·语法学习手册（初等） p.57（5例）；国际中文教育中文水平等级标准·语法学习手册（中等） p.72（5例）；国际中文教育中文水平等级标准·语法学习手册（高等） p.202（4例）；国际中文教育中文水平等级标准·语法学习手册（初等） p.302（3例）,初等 p.68；中等 p.71；初等 p.57；中等 p.72；高等 p.202；初等 p.302,介词标记；框架对象；关系类型；中心事件；词内部成分；偏误推演；诊断类型；规则冲突；表层触发但非目标；表层标记,WITHHELD_COPYRIGHTED_EXAMPLES,基础结构页面已复核；本条为从结构条件派生的诊断规则，不主张文献逐字给出。,可写为：本规则以《等级标准》语法等级大纲及其语法学习手册为标准锚点，并由现代汉语/对外汉语教学语法参考书补充定义。,证据类型=derived diagnostic rule；保留规则转写判断与版本记录。
KG-RULE-V02-0108,介词框架,在字介词框架候选,在字介词框架,介词/框架结构,偏误推演规则,若结构成立但候选边界不准，则诊断为“边界问题”。,REF-GF0025-2021；REF-GRAMMAR-MANUAL-ELEM；REF-GRAMMAR-MANUAL-INTER；REF-GRAMMAR-MANUAL-ADV；REF-HUANG-LIAO-MODERN-CHINESE；REF-LU-TCSL-GRAMMAR,REF-GF0025-2021=国际中文教育中文水平等级标准: GF0025-2021；REF-GRAMMAR-MANUAL-ELEM=国际中文教育中文水平等级标准·语法学习手册（初等）；REF-GRAMMAR-MANUAL-INTER=国际中文教育中文水平等级标准·语法学习手册（中等）；REF-GRAMMAR-MANUAL-ADV=国际中文教育中文水平等级标准·语法学习手册（高等）；REF-HUANG-LIAO-MODERN-CHINESE=现代汉语；REF-LU-TCSL-GRAMMAR=对外汉语教学实用语法,国际中文教育中文水平等级标准·语法学习手册（初等） p.68（6例）；国际中文教育中文水平等级标准·语法学习手册（中等） p.71（6例）；国际中文教育中文水平等级标准·语法学习手册（初等） p.57（5例）；国际中文教育中文水平等级标准·语法学习手册（中等） p.72（5例）；国际中文教育中文水平等级标准·语法学习手册（高等） p.202（4例）；国际中文教育中文水平等级标准·语法学习手册（初等） p.302（3例）,初等 p.68；中等 p.71；初等 p.57；中等 p.72；高等 p.202；初等 p.302,介词标记；框架对象；关系类型；中心事件；词内部成分；偏误推演；诊断类型；规则冲突；边界问题,WITHHELD_COPYRIGHTED_EXAMPLES,基础结构页面已复核；本条为从结构条件派生的诊断规则，不主张文献逐字给出。,可写为：本规则以《等级标准》语法等级大纲及其语法学习手册为标准锚点，并由现代汉语/对外汉语教学语法参考书补充定义。,证据类型=derived diagnostic rule；保留规则转写判断与版本记录。
KG-RULE-V02-0109,介词框架,从字介词框架候选,从字介词框架,介词/框架结构,正向接受规则,“从”引出起点、来源、时间起点或范围起点。,REF-GF0025-2021；REF-GRAMMAR-MANUAL-ELEM；REF-GRAMMAR-MANUAL-INTER；REF-GRAMMAR-MANUAL-ADV；REF-HUANG-LIAO-MODERN-CHINESE；REF-LU-TCSL-GRAMMAR,REF-GF0025-2021=国际中文教育中文水平等级标准: GF0025-2021；REF-GRAMMAR-MANUAL-ELEM=国际中文教育中文水平等级标准·语法学习手册（初等）；REF-GRAMMAR-MANUAL-INTER=国际中文教育中文水平等级标准·语法学习手册（中等）；REF-GRAMMAR-MANUAL-ADV=国际中文教育中文水平等级标准·语法学习手册（高等）；REF-HUANG-LIAO-MODERN-CHINESE=现代汉语；REF-LU-TCSL-GRAMMAR=对外汉语教学实用语法,国际中文教育中文水平等级标准·语法学习手册（初等） p.321（10例）；国际中文教育中文水平等级标准·语法学习手册（初等） p.281（7例）；国际中文教育中文水平等级标准·语法学习手册（初等） p.173（6例）；国际中文教育中文水平等级标准·语法学习手册（初等） p.172（4例）；国际中文教育中文水平等级标准·语法学习手册（初等） p.66（3例）；国际中文教育中文水平等级标准·语法学习手册（中等） p.183（3例）,初等 p.321；初等 p.281；初等 p.173；初等 p.172；初等 p.66；中等 p.183,介词标记；框架对象；关系类型；中心事件；词内部成分；正向接受；结构成立；功能成立；从,WITHHELD_COPYRIGHTED_EXAMPLES,页面已复核；本条为手册结构/用法说明的结构化转写，并非逐字引文。,可写为：本规则以《等级标准》语法等级大纲及其语法学习手册为标准锚点，并由现代汉语/对外汉语教学语法参考书补充定义。,证据类型=source-grounded schema transcription；保留规则转写判断与版本记录。
KG-RULE-V02-0110,介词框架,从字介词框架候选,从字介词框架,介词/框架结构,正向接受规则,候选片段可解释为介词框架而非词内部成分。,REF-GF0025-2021；REF-GRAMMAR-MANUAL-ELEM；REF-GRAMMAR-MANUAL-INTER；REF-GRAMMAR-MANUAL-ADV；REF-HUANG-LIAO-MODERN-CHINESE；REF-LU-TCSL-GRAMMAR,REF-GF0025-2021=国际中文教育中文水平等级标准: GF0025-2021；REF-GRAMMAR-MANUAL-ELEM=国际中文教育中文水平等级标准·语法学习手册（初等）；REF-GRAMMAR-MANUAL-INTER=国际中文教育中文水平等级标准·语法学习手册（中等）；REF-GRAMMAR-MANUAL-ADV=国际中文教育中文水平等级标准·语法学习手册（高等）；REF-HUANG-LIAO-MODERN-CHINESE=现代汉语；REF-LU-TCSL-GRAMMAR=对外汉语教学实用语法,国际中文教育中文水平等级标准·语法学习手册（初等） p.321（10例）；国际中文教育中文水平等级标准·语法学习手册（初等） p.281（7例）；国际中文教育中文水平等级标准·语法学习手册（初等） p.173（6例）；国际中文教育中文水平等级标准·语法学习手册（初等） p.172（4例）；国际中文教育中文水平等级标准·语法学习手册（初等） p.66（3例）；国际中文教育中文水平等级标准·语法学习手册（中等） p.183（3例）,初等 p.321；初等 p.281；初等 p.173；初等 p.172；初等 p.66；中等 p.183,介词标记；框架对象；关系类型；中心事件；词内部成分；正向接受；结构成立；功能成立；候选片段,WITHHELD_COPYRIGHTED_EXAMPLES,页面已复核；本条为手册结构/用法说明的结构化转写，并非逐字引文。,可写为：本规则以《等级标准》语法等级大纲及其语法学习手册为标准锚点，并由现代汉语/对外汉语教学语法参考书补充定义。,证据类型=source-grounded schema transcription；保留规则转写判断与版本记录。
KG-RULE-V02-0111,介词框架,从字介词框架候选,从字介词框架,介词/框架结构,弱拒绝规则,框架对象边界不完整。,REF-GF0025-2021；REF-GRAMMAR-MANUAL-ELEM；REF-GRAMMAR-MANUAL-INTER；REF-GRAMMAR-MANUAL-ADV；REF-HUANG-LIAO-MODERN-CHINESE；REF-LU-TCSL-GRAMMAR,REF-GF0025-2021=国际中文教育中文水平等级标准: GF0025-2021；REF-GRAMMAR-MANUAL-ELEM=国际中文教育中文水平等级标准·语法学习手册（初等）；REF-GRAMMAR-MANUAL-INTER=国际中文教育中文水平等级标准·语法学习手册（中等）；REF-GRAMMAR-MANUAL-ADV=国际中文教育中文水平等级标准·语法学习手册（高等）；REF-HUANG-LIAO-MODERN-CHINESE=现代汉语；REF-LU-TCSL-GRAMMAR=对外汉语教学实用语法,国际中文教育中文水平等级标准·语法学习手册（初等） p.321（10例）；国际中文教育中文水平等级标准·语法学习手册（初等） p.281（7例）；国际中文教育中文水平等级标准·语法学习手册（初等） p.173（6例）；国际中文教育中文水平等级标准·语法学习手册（初等） p.172（4例）；国际中文教育中文水平等级标准·语法学习手册（初等） p.66（3例）；国际中文教育中文水平等级标准·语法学习手册（中等） p.183（3例）,初等 p.321；初等 p.281；初等 p.173；初等 p.172；初等 p.66；中等 p.183,介词标记；框架对象；关系类型；中心事件；词内部成分；弱拒绝；边界复核；上下文复核,WITHHELD_COPYRIGHTED_EXAMPLES,基础结构页面已复核；本条为依据必要结构派生的缺槽或边界规则。,可写为：本规则以《等级标准》语法等级大纲及其语法学习手册为标准锚点，并由现代汉语/对外汉语教学语法参考书补充定义。,证据类型=computational boundary derivation；保留规则转写判断与版本记录。
KG-RULE-V02-0112,介词框架,从字介词框架候选,从字介词框架,介词/框架结构,强拒绝规则,“从”不是介词标记或无框架对象。,REF-GF0025-2021；REF-GRAMMAR-MANUAL-ELEM；REF-GRAMMAR-MANUAL-INTER；REF-GRAMMAR-MANUAL-ADV；REF-HUANG-LIAO-MODERN-CHINESE；REF-LU-TCSL-GRAMMAR,REF-GF0025-2021=国际中文教育中文水平等级标准: GF0025-2021；REF-GRAMMAR-MANUAL-ELEM=国际中文教育中文水平等级标准·语法学习手册（初等）；REF-GRAMMAR-MANUAL-INTER=国际中文教育中文水平等级标准·语法学习手册（中等）；REF-GRAMMAR-MANUAL-ADV=国际中文教育中文水平等级标准·语法学习手册（高等）；REF-HUANG-LIAO-MODERN-CHINESE=现代汉语；REF-LU-TCSL-GRAMMAR=对外汉语教学实用语法,国际中文教育中文水平等级标准·语法学习手册（初等） p.321（10例）；国际中文教育中文水平等级标准·语法学习手册（初等） p.281（7例）；国际中文教育中文水平等级标准·语法学习手册（初等） p.173（6例）；国际中文教育中文水平等级标准·语法学习手册（初等） p.172（4例）；国际中文教育中文水平等级标准·语法学习手册（初等） p.66（3例）；国际中文教育中文水平等级标准·语法学习手册（中等） p.183（3例）,初等 p.321；初等 p.281；初等 p.173；初等 p.172；初等 p.66；中等 p.183,介词标记；框架对象；关系类型；中心事件；词内部成分；强拒绝；硬拒绝；非目标；从,WITHHELD_COPYRIGHTED_EXAMPLES,基础结构页面已复核；本条为候选治理的操作性排除规则，不主张文献逐字给出。,可写为：本规则以《等级标准》语法等级大纲及其语法学习手册为标准锚点，并由现代汉语/对外汉语教学语法参考书补充定义。,证据类型=operational rejection rule；保留规则转写判断与版本记录。
KG-RULE-V02-0113,介词框架,从字介词框架候选,从字介词框架,介词/框架结构,偏误推演规则,若缺少框架对象，则诊断为“结构缺槽”。,REF-GF0025-2021；REF-GRAMMAR-MANUAL-ELEM；REF-GRAMMAR-MANUAL-INTER；REF-GRAMMAR-MANUAL-ADV；REF-HUANG-LIAO-MODERN-CHINESE；REF-LU-TCSL-GRAMMAR,REF-GF0025-2021=国际中文教育中文水平等级标准: GF0025-2021；REF-GRAMMAR-MANUAL-ELEM=国际中文教育中文水平等级标准·语法学习手册（初等）；REF-GRAMMAR-MANUAL-INTER=国际中文教育中文水平等级标准·语法学习手册（中等）；REF-GRAMMAR-MANUAL-ADV=国际中文教育中文水平等级标准·语法学习手册（高等）；REF-HUANG-LIAO-MODERN-CHINESE=现代汉语；REF-LU-TCSL-GRAMMAR=对外汉语教学实用语法,国际中文教育中文水平等级标准·语法学习手册（初等） p.321（10例）；国际中文教育中文水平等级标准·语法学习手册（初等） p.281（7例）；国际中文教育中文水平等级标准·语法学习手册（初等） p.173（6例）；国际中文教育中文水平等级标准·语法学习手册（初等） p.172（4例）；国际中文教育中文水平等级标准·语法学习手册（初等） p.66（3例）；国际中文教育中文水平等级标准·语法学习手册（中等） p.183（3例）,初等 p.321；初等 p.281；初等 p.173；初等 p.172；初等 p.66；中等 p.183,介词标记；框架对象；关系类型；中心事件；词内部成分；偏误推演；诊断类型；规则冲突；结构缺槽,WITHHELD_COPYRIGHTED_EXAMPLES,基础结构页面已复核；本条为从结构条件派生的诊断规则，不主张文献逐字给出。,可写为：本规则以《等级标准》语法等级大纲及其语法学习手册为标准锚点，并由现代汉语/对外汉语教学语法参考书补充定义。,证据类型=derived diagnostic rule；保留规则转写判断与版本记录。
KG-RULE-V02-0114,介词框架,从字介词框架候选,从字介词框架,介词/框架结构,偏误推演规则,若与普通动词/词内部成分混淆，则诊断为“表层触发但非目标”。,REF-GF0025-2021；REF-GRAMMAR-MANUAL-ELEM；REF-GRAMMAR-MANUAL-INTER；REF-GRAMMAR-MANUAL-ADV；REF-HUANG-LIAO-MODERN-CHINESE；REF-LU-TCSL-GRAMMAR,REF-GF0025-2021=国际中文教育中文水平等级标准: GF0025-2021；REF-GRAMMAR-MANUAL-ELEM=国际中文教育中文水平等级标准·语法学习手册（初等）；REF-GRAMMAR-MANUAL-INTER=国际中文教育中文水平等级标准·语法学习手册（中等）；REF-GRAMMAR-MANUAL-ADV=国际中文教育中文水平等级标准·语法学习手册（高等）；REF-HUANG-LIAO-MODERN-CHINESE=现代汉语；REF-LU-TCSL-GRAMMAR=对外汉语教学实用语法,国际中文教育中文水平等级标准·语法学习手册（初等） p.321（10例）；国际中文教育中文水平等级标准·语法学习手册（初等） p.281（7例）；国际中文教育中文水平等级标准·语法学习手册（初等） p.173（6例）；国际中文教育中文水平等级标准·语法学习手册（初等） p.172（4例）；国际中文教育中文水平等级标准·语法学习手册（初等） p.66（3例）；国际中文教育中文水平等级标准·语法学习手册（中等） p.183（3例）,初等 p.321；初等 p.281；初等 p.173；初等 p.172；初等 p.66；中等 p.183,介词标记；框架对象；关系类型；中心事件；词内部成分；偏误推演；诊断类型；规则冲突；表层触发但非目标,WITHHELD_COPYRIGHTED_EXAMPLES,基础结构页面已复核；本条为从结构条件派生的诊断规则，不主张文献逐字给出。,可写为：本规则以《等级标准》语法等级大纲及其语法学习手册为标准锚点，并由现代汉语/对外汉语教学语法参考书补充定义。,证据类型=derived diagnostic rule；保留规则转写判断与版本记录。
KG-RULE-V02-0115,介词框架,对字介词框架候选,对字介词框架,介词/框架结构,正向接受规则,候选片段包含或可解释出“对字介词框架”相关标记/结构线索。,REF-GF0025-2021；REF-GRAMMAR-MANUAL-ELEM；REF-GRAMMAR-MANUAL-INTER；REF-GRAMMAR-MANUAL-ADV；REF-HUANG-LIAO-MODERN-CHINESE；REF-LU-TCSL-GRAMMAR,REF-GF0025-2021=国际中文教育中文水平等级标准: GF0025-2021；REF-GRAMMAR-MANUAL-ELEM=国际中文教育中文水平等级标准·语法学习手册（初等）；REF-GRAMMAR-MANUAL-INTER=国际中文教育中文水平等级标准·语法学习手册（中等）；REF-GRAMMAR-MANUAL-ADV=国际中文教育中文水平等级标准·语法学习手册（高等）；REF-HUANG-LIAO-MODERN-CHINESE=现代汉语；REF-LU-TCSL-GRAMMAR=对外汉语教学实用语法,国际中文教育中文水平等级标准·语法学习手册（中等） p.40（5例）；国际中文教育中文水平等级标准·语法学习手册（初等） p.174（5例）；国际中文教育中文水平等级标准·语法学习手册（初等） p.173（2例）；国际中文教育中文水平等级标准·语法学习手册（中等） p.41（2例）；国际中文教育中文水平等级标准·语法学习手册（高等） p.78（2例）；国际中文教育中文水平等级标准·语法学习手册（初等） p.274（1例）,中等 p.40；初等 p.174；初等 p.173；中等 p.41；高等 p.78；初等 p.274,介词标记；框架对象；关系类型；中心事件；词内部成分；正向接受；结构成立；功能成立；对字介词框架；候选片段；结构线索,WITHHELD_COPYRIGHTED_EXAMPLES,页面已复核；本条为手册结构/用法说明的结构化转写，并非逐字引文。,可写为：本规则以《等级标准》语法等级大纲及其语法学习手册为标准锚点，并由现代汉语/对外汉语教学语法参考书补充定义。,证据类型=source-grounded schema transcription；保留规则转写判断与版本记录。
KG-RULE-V02-0116,介词框架,对字介词框架候选,对字介词框架,介词/框架结构,正向接受规则,候选片段满足所属语法家族的核心槽位要求：介词/框架标记、框架对象、谓词/中心事件、关系类型。,REF-GF0025-2021；REF-GRAMMAR-MANUAL-ELEM；REF-GRAMMAR-MANUAL-INTER；REF-GRAMMAR-MANUAL-ADV；REF-HUANG-LIAO-MODERN-CHINESE；REF-LU-TCSL-GRAMMAR,REF-GF0025-2021=国际中文教育中文水平等级标准: GF0025-2021；REF-GRAMMAR-MANUAL-ELEM=国际中文教育中文水平等级标准·语法学习手册（初等）；REF-GRAMMAR-MANUAL-INTER=国际中文教育中文水平等级标准·语法学习手册（中等）；REF-GRAMMAR-MANUAL-ADV=国际中文教育中文水平等级标准·语法学习手册（高等）；REF-HUANG-LIAO-MODERN-CHINESE=现代汉语；REF-LU-TCSL-GRAMMAR=对外汉语教学实用语法,国际中文教育中文水平等级标准·语法学习手册（中等） p.40（5例）；国际中文教育中文水平等级标准·语法学习手册（初等） p.174（5例）；国际中文教育中文水平等级标准·语法学习手册（初等） p.173（2例）；国际中文教育中文水平等级标准·语法学习手册（中等） p.41（2例）；国际中文教育中文水平等级标准·语法学习手册（高等） p.78（2例）；国际中文教育中文水平等级标准·语法学习手册（初等） p.274（1例）,中等 p.40；初等 p.174；初等 p.173；中等 p.41；高等 p.78；初等 p.274,介词标记；框架对象；关系类型；中心事件；词内部成分；正向接受；结构成立；功能成立；候选片段；核心槽位,WITHHELD_COPYRIGHTED_EXAMPLES,页面已复核；本条为手册结构/用法说明的结构化转写，并非逐字引文。,可写为：本规则以《等级标准》语法等级大纲及其语法学习手册为标准锚点，并由现代汉语/对外汉语教学语法参考书补充定义。,证据类型=source-grounded schema transcription；保留规则转写判断与版本记录。
KG-RULE-V02-0117,介词框架,对字介词框架候选,对字介词框架,介词/框架结构,正向接受规则,候选片段在原句中承担该语法点的实际语法功能，而非仅有表层词形。,REF-GF0025-2021；REF-GRAMMAR-MANUAL-ELEM；REF-GRAMMAR-MANUAL-INTER；REF-GRAMMAR-MANUAL-ADV；REF-HUANG-LIAO-MODERN-CHINESE；REF-LU-TCSL-GRAMMAR,REF-GF0025-2021=国际中文教育中文水平等级标准: GF0025-2021；REF-GRAMMAR-MANUAL-ELEM=国际中文教育中文水平等级标准·语法学习手册（初等）；REF-GRAMMAR-MANUAL-INTER=国际中文教育中文水平等级标准·语法学习手册（中等）；REF-GRAMMAR-MANUAL-ADV=国际中文教育中文水平等级标准·语法学习手册（高等）；REF-HUANG-LIAO-MODERN-CHINESE=现代汉语；REF-LU-TCSL-GRAMMAR=对外汉语教学实用语法,国际中文教育中文水平等级标准·语法学习手册（中等） p.40（5例）；国际中文教育中文水平等级标准·语法学习手册（初等） p.174（5例）；国际中文教育中文水平等级标准·语法学习手册（初等） p.173（2例）；国际中文教育中文水平等级标准·语法学习手册（中等） p.41（2例）；国际中文教育中文水平等级标准·语法学习手册（高等） p.78（2例）；国际中文教育中文水平等级标准·语法学习手册（初等） p.274（1例）,中等 p.40；初等 p.174；初等 p.173；中等 p.41；高等 p.78；初等 p.274,介词标记；框架对象；关系类型；中心事件；词内部成分；正向接受；结构成立；功能成立；候选片段；实际语法功能,WITHHELD_COPYRIGHTED_EXAMPLES,页面已复核；本条为手册结构/用法说明的结构化转写，并非逐字引文。,可写为：本规则以《等级标准》语法等级大纲及其语法学习手册为标准锚点，并由现代汉语/对外汉语教学语法参考书补充定义。,证据类型=source-grounded schema transcription；保留规则转写判断与版本记录。
KG-RULE-V02-0118,介词框架,对字介词框架候选,对字介词框架,介词/框架结构,弱拒绝规则,结构大体可定位但边界过短或过长。,REF-GF0025-2021；REF-GRAMMAR-MANUAL-ELEM；REF-GRAMMAR-MANUAL-INTER；REF-GRAMMAR-MANUAL-ADV；REF-HUANG-LIAO-MODERN-CHINESE；REF-LU-TCSL-GRAMMAR,REF-GF0025-2021=国际中文教育中文水平等级标准: GF0025-2021；REF-GRAMMAR-MANUAL-ELEM=国际中文教育中文水平等级标准·语法学习手册（初等）；REF-GRAMMAR-MANUAL-INTER=国际中文教育中文水平等级标准·语法学习手册（中等）；REF-GRAMMAR-MANUAL-ADV=国际中文教育中文水平等级标准·语法学习手册（高等）；REF-HUANG-LIAO-MODERN-CHINESE=现代汉语；REF-LU-TCSL-GRAMMAR=对外汉语教学实用语法,国际中文教育中文水平等级标准·语法学习手册（中等） p.40（5例）；国际中文教育中文水平等级标准·语法学习手册（初等） p.174（5例）；国际中文教育中文水平等级标准·语法学习手册（初等） p.173（2例）；国际中文教育中文水平等级标准·语法学习手册（中等） p.41（2例）；国际中文教育中文水平等级标准·语法学习手册（高等） p.78（2例）；国际中文教育中文水平等级标准·语法学习手册（初等） p.274（1例）,中等 p.40；初等 p.174；初等 p.173；中等 p.41；高等 p.78；初等 p.274,介词标记；框架对象；关系类型；中心事件；词内部成分；弱拒绝；边界复核；上下文复核；边界过短,WITHHELD_COPYRIGHTED_EXAMPLES,基础结构页面已复核；本条为依据必要结构派生的缺槽或边界规则。,可写为：本规则以《等级标准》语法等级大纲及其语法学习手册为标准锚点，并由现代汉语/对外汉语教学语法参考书补充定义。,证据类型=computational boundary derivation；保留规则转写判断与版本记录。
KG-RULE-V02-0119,介词框架,对字介词框架候选,对字介词框架,介词/框架结构,弱拒绝规则,标记存在但核心槽位需要结合上下文复核。,REF-GF0025-2021；REF-GRAMMAR-MANUAL-ELEM；REF-GRAMMAR-MANUAL-INTER；REF-GRAMMAR-MANUAL-ADV；REF-HUANG-LIAO-MODERN-CHINESE；REF-LU-TCSL-GRAMMAR,REF-GF0025-2021=国际中文教育中文水平等级标准: GF0025-2021；REF-GRAMMAR-MANUAL-ELEM=国际中文教育中文水平等级标准·语法学习手册（初等）；REF-GRAMMAR-MANUAL-INTER=国际中文教育中文水平等级标准·语法学习手册（中等）；REF-GRAMMAR-MANUAL-ADV=国际中文教育中文水平等级标准·语法学习手册（高等）；REF-HUANG-LIAO-MODERN-CHINESE=现代汉语；REF-LU-TCSL-GRAMMAR=对外汉语教学实用语法,国际中文教育中文水平等级标准·语法学习手册（中等） p.40（5例）；国际中文教育中文水平等级标准·语法学习手册（初等） p.174（5例）；国际中文教育中文水平等级标准·语法学习手册（初等） p.173（2例）；国际中文教育中文水平等级标准·语法学习手册（中等） p.41（2例）；国际中文教育中文水平等级标准·语法学习手册（高等） p.78（2例）；国际中文教育中文水平等级标准·语法学习手册（初等） p.274（1例）,中等 p.40；初等 p.174；初等 p.173；中等 p.41；高等 p.78；初等 p.274,介词标记；框架对象；关系类型；中心事件；词内部成分；弱拒绝；边界复核；上下文复核；核心槽位,WITHHELD_COPYRIGHTED_EXAMPLES,基础结构页面已复核；本条为依据必要结构派生的缺槽或边界规则。,可写为：本规则以《等级标准》语法等级大纲及其语法学习手册为标准锚点，并由现代汉语/对外汉语教学语法参考书补充定义。,证据类型=computational boundary derivation；保留规则转写判断与版本记录。
KG-RULE-V02-0120,介词框架,对字介词框架候选,对字介词框架,介词/框架结构,强拒绝规则,候选片段只是术语、标题、编号、残片或 OCR 混杂内容。,REF-GF0025-2021；REF-GRAMMAR-MANUAL-ELEM；REF-GRAMMAR-MANUAL-INTER；REF-GRAMMAR-MANUAL-ADV；REF-HUANG-LIAO-MODERN-CHINESE；REF-LU-TCSL-GRAMMAR,REF-GF0025-2021=国际中文教育中文水平等级标准: GF0025-2021；REF-GRAMMAR-MANUAL-ELEM=国际中文教育中文水平等级标准·语法学习手册（初等）；REF-GRAMMAR-MANUAL-INTER=国际中文教育中文水平等级标准·语法学习手册（中等）；REF-GRAMMAR-MANUAL-ADV=国际中文教育中文水平等级标准·语法学习手册（高等）；REF-HUANG-LIAO-MODERN-CHINESE=现代汉语；REF-LU-TCSL-GRAMMAR=对外汉语教学实用语法,国际中文教育中文水平等级标准·语法学习手册（中等） p.40（5例）；国际中文教育中文水平等级标准·语法学习手册（初等） p.174（5例）；国际中文教育中文水平等级标准·语法学习手册（初等） p.173（2例）；国际中文教育中文水平等级标准·语法学习手册（中等） p.41（2例）；国际中文教育中文水平等级标准·语法学习手册（高等） p.78（2例）；国际中文教育中文水平等级标准·语法学习手册（初等） p.274（1例）,中等 p.40；初等 p.174；初等 p.173；中等 p.41；高等 p.78；初等 p.274,介词标记；框架对象；关系类型；中心事件；词内部成分；强拒绝；硬拒绝；非目标；候选片段；术语；标题；编号,WITHHELD_COPYRIGHTED_EXAMPLES,基础结构页面已复核；本条为候选治理的操作性排除规则，不主张文献逐字给出。,可写为：本规则以《等级标准》语法等级大纲及其语法学习手册为标准锚点，并由现代汉语/对外汉语教学语法参考书补充定义。,证据类型=operational rejection rule；保留规则转写判断与版本记录。
KG-RULE-V02-0121,介词框架,对字介词框架候选,对字介词框架,介词/框架结构,强拒绝规则,只有表层标记，无法构成所属语法家族的核心结构。,REF-GF0025-2021；REF-GRAMMAR-MANUAL-ELEM；REF-GRAMMAR-MANUAL-INTER；REF-GRAMMAR-MANUAL-ADV；REF-HUANG-LIAO-MODERN-CHINESE；REF-LU-TCSL-GRAMMAR,REF-GF0025-2021=国际中文教育中文水平等级标准: GF0025-2021；REF-GRAMMAR-MANUAL-ELEM=国际中文教育中文水平等级标准·语法学习手册（初等）；REF-GRAMMAR-MANUAL-INTER=国际中文教育中文水平等级标准·语法学习手册（中等）；REF-GRAMMAR-MANUAL-ADV=国际中文教育中文水平等级标准·语法学习手册（高等）；REF-HUANG-LIAO-MODERN-CHINESE=现代汉语；REF-LU-TCSL-GRAMMAR=对外汉语教学实用语法,国际中文教育中文水平等级标准·语法学习手册（中等） p.40（5例）；国际中文教育中文水平等级标准·语法学习手册（初等） p.174（5例）；国际中文教育中文水平等级标准·语法学习手册（初等） p.173（2例）；国际中文教育中文水平等级标准·语法学习手册（中等） p.41（2例）；国际中文教育中文水平等级标准·语法学习手册（高等） p.78（2例）；国际中文教育中文水平等级标准·语法学习手册（初等） p.274（1例）,中等 p.40；初等 p.174；初等 p.173；中等 p.41；高等 p.78；初等 p.274,介词标记；框架对象；关系类型；中心事件；词内部成分；强拒绝；硬拒绝；非目标；表层标记；核心结构,WITHHELD_COPYRIGHTED_EXAMPLES,基础结构页面已复核；本条为候选治理的操作性排除规则，不主张文献逐字给出。,可写为：本规则以《等级标准》语法等级大纲及其语法学习手册为标准锚点，并由现代汉语/对外汉语教学语法参考书补充定义。,证据类型=operational rejection rule；保留规则转写判断与版本记录。
KG-RULE-V02-0122,介词框架,对字介词框架候选,对字介词框架,介词/框架结构,偏误推演规则,若核心槽位缺失，则诊断为“结构缺槽”。,REF-GF0025-2021；REF-GRAMMAR-MANUAL-ELEM；REF-GRAMMAR-MANUAL-INTER；REF-GRAMMAR-MANUAL-ADV；REF-HUANG-LIAO-MODERN-CHINESE；REF-LU-TCSL-GRAMMAR,REF-GF0025-2021=国际中文教育中文水平等级标准: GF0025-2021；REF-GRAMMAR-MANUAL-ELEM=国际中文教育中文水平等级标准·语法学习手册（初等）；REF-GRAMMAR-MANUAL-INTER=国际中文教育中文水平等级标准·语法学习手册（中等）；REF-GRAMMAR-MANUAL-ADV=国际中文教育中文水平等级标准·语法学习手册（高等）；REF-HUANG-LIAO-MODERN-CHINESE=现代汉语；REF-LU-TCSL-GRAMMAR=对外汉语教学实用语法,国际中文教育中文水平等级标准·语法学习手册（中等） p.40（5例）；国际中文教育中文水平等级标准·语法学习手册（初等） p.174（5例）；国际中文教育中文水平等级标准·语法学习手册（初等） p.173（2例）；国际中文教育中文水平等级标准·语法学习手册（中等） p.41（2例）；国际中文教育中文水平等级标准·语法学习手册（高等） p.78（2例）；国际中文教育中文水平等级标准·语法学习手册（初等） p.274（1例）,中等 p.40；初等 p.174；初等 p.173；中等 p.41；高等 p.78；初等 p.274,介词标记；框架对象；关系类型；中心事件；词内部成分；偏误推演；诊断类型；规则冲突；结构缺槽；核心槽位,WITHHELD_COPYRIGHTED_EXAMPLES,基础结构页面已复核；本条为从结构条件派生的诊断规则，不主张文献逐字给出。,可写为：本规则以《等级标准》语法等级大纲及其语法学习手册为标准锚点，并由现代汉语/对外汉语教学语法参考书补充定义。,证据类型=derived diagnostic rule；保留规则转写判断与版本记录。
KG-RULE-V02-0123,介词框架,对字介词框架候选,对字介词框架,介词/框架结构,偏误推演规则,若只有表层标记，则诊断为“表层触发但非目标”。,REF-GF0025-2021；REF-GRAMMAR-MANUAL-ELEM；REF-GRAMMAR-MANUAL-INTER；REF-GRAMMAR-MANUAL-ADV；REF-HUANG-LIAO-MODERN-CHINESE；REF-LU-TCSL-GRAMMAR,REF-GF0025-2021=国际中文教育中文水平等级标准: GF0025-2021；REF-GRAMMAR-MANUAL-ELEM=国际中文教育中文水平等级标准·语法学习手册（初等）；REF-GRAMMAR-MANUAL-INTER=国际中文教育中文水平等级标准·语法学习手册（中等）；REF-GRAMMAR-MANUAL-ADV=国际中文教育中文水平等级标准·语法学习手册（高等）；REF-HUANG-LIAO-MODERN-CHINESE=现代汉语；REF-LU-TCSL-GRAMMAR=对外汉语教学实用语法,国际中文教育中文水平等级标准·语法学习手册（中等） p.40（5例）；国际中文教育中文水平等级标准·语法学习手册（初等） p.174（5例）；国际中文教育中文水平等级标准·语法学习手册（初等） p.173（2例）；国际中文教育中文水平等级标准·语法学习手册（中等） p.41（2例）；国际中文教育中文水平等级标准·语法学习手册（高等） p.78（2例）；国际中文教育中文水平等级标准·语法学习手册（初等） p.274（1例）,中等 p.40；初等 p.174；初等 p.173；中等 p.41；高等 p.78；初等 p.274,介词标记；框架对象；关系类型；中心事件；词内部成分；偏误推演；诊断类型；规则冲突；表层触发但非目标；表层标记,WITHHELD_COPYRIGHTED_EXAMPLES,基础结构页面已复核；本条为从结构条件派生的诊断规则，不主张文献逐字给出。,可写为：本规则以《等级标准》语法等级大纲及其语法学习手册为标准锚点，并由现代汉语/对外汉语教学语法参考书补充定义。,证据类型=derived diagnostic rule；保留规则转写判断与版本记录。
KG-RULE-V02-0124,介词框架,对字介词框架候选,对字介词框架,介词/框架结构,偏误推演规则,若结构成立但候选边界不准，则诊断为“边界问题”。,REF-GF0025-2021；REF-GRAMMAR-MANUAL-ELEM；REF-GRAMMAR-MANUAL-INTER；REF-GRAMMAR-MANUAL-ADV；REF-HUANG-LIAO-MODERN-CHINESE；REF-LU-TCSL-GRAMMAR,REF-GF0025-2021=国际中文教育中文水平等级标准: GF0025-2021；REF-GRAMMAR-MANUAL-ELEM=国际中文教育中文水平等级标准·语法学习手册（初等）；REF-GRAMMAR-MANUAL-INTER=国际中文教育中文水平等级标准·语法学习手册（中等）；REF-GRAMMAR-MANUAL-ADV=国际中文教育中文水平等级标准·语法学习手册（高等）；REF-HUANG-LIAO-MODERN-CHINESE=现代汉语；REF-LU-TCSL-GRAMMAR=对外汉语教学实用语法,国际中文教育中文水平等级标准·语法学习手册（中等） p.40（5例）；国际中文教育中文水平等级标准·语法学习手册（初等） p.174（5例）；国际中文教育中文水平等级标准·语法学习手册（初等） p.173（2例）；国际中文教育中文水平等级标准·语法学习手册（中等） p.41（2例）；国际中文教育中文水平等级标准·语法学习手册（高等） p.78（2例）；国际中文教育中文水平等级标准·语法学习手册（初等） p.274（1例）,中等 p.40；初等 p.174；初等 p.173；中等 p.41；高等 p.78；初等 p.274,介词标记；框架对象；关系类型；中心事件；词内部成分；偏误推演；诊断类型；规则冲突；边界问题,WITHHELD_COPYRIGHTED_EXAMPLES,基础结构页面已复核；本条为从结构条件派生的诊断规则，不主张文献逐字给出。,可写为：本规则以《等级标准》语法等级大纲及其语法学习手册为标准锚点，并由现代汉语/对外汉语教学语法参考书补充定义。,证据类型=derived diagnostic rule；保留规则转写判断与版本记录。
KG-RULE-V02-0125,介词框架,向/往/朝介词框架候选,向/往/朝介词框架,介词/框架结构,正向接受规则,候选片段包含或可解释出“向/往/朝介词框架”相关标记/结构线索。,REF-GF0025-2021；REF-GRAMMAR-MANUAL-ELEM；REF-GRAMMAR-MANUAL-INTER；REF-GRAMMAR-MANUAL-ADV；REF-HUANG-LIAO-MODERN-CHINESE；REF-LU-TCSL-GRAMMAR,REF-GF0025-2021=国际中文教育中文水平等级标准: GF0025-2021；REF-GRAMMAR-MANUAL-ELEM=国际中文教育中文水平等级标准·语法学习手册（初等）；REF-GRAMMAR-MANUAL-INTER=国际中文教育中文水平等级标准·语法学习手册（中等）；REF-GRAMMAR-MANUAL-ADV=国际中文教育中文水平等级标准·语法学习手册（高等）；REF-HUANG-LIAO-MODERN-CHINESE=现代汉语；REF-LU-TCSL-GRAMMAR=对外汉语教学实用语法,国际中文教育中文水平等级标准·语法学习手册（初等） p.322（8例）；国际中文教育中文水平等级标准·语法学习手册（初等） p.171（6例）；国际中文教育中文水平等级标准·语法学习手册（初等） p.170（5例）；国际中文教育中文水平等级标准·语法学习手册（初等） p.324（5例）；国际中文教育中文水平等级标准·语法学习手册（初等） p.292（3例）；国际中文教育中文水平等级标准·语法学习手册（中等） p.157（2例）,初等 p.322；初等 p.171；初等 p.170；初等 p.324；初等 p.292；中等 p.157,介词标记；框架对象；关系类型；中心事件；词内部成分；正向接受；结构成立；功能成立；向/往/朝介词框架；候选片段；结构线索,WITHHELD_COPYRIGHTED_EXAMPLES,页面已复核；本条为手册结构/用法说明的结构化转写，并非逐字引文。,可写为：本规则以《等级标准》语法等级大纲及其语法学习手册为标准锚点，并由现代汉语/对外汉语教学语法参考书补充定义。,证据类型=source-grounded schema transcription；保留规则转写判断与版本记录。
KG-RULE-V02-0126,介词框架,向/往/朝介词框架候选,向/往/朝介词框架,介词/框架结构,正向接受规则,候选片段满足所属语法家族的核心槽位要求：介词/框架标记、框架对象、谓词/中心事件、关系类型。,REF-GF0025-2021；REF-GRAMMAR-MANUAL-ELEM；REF-GRAMMAR-MANUAL-INTER；REF-GRAMMAR-MANUAL-ADV；REF-HUANG-LIAO-MODERN-CHINESE；REF-LU-TCSL-GRAMMAR,REF-GF0025-2021=国际中文教育中文水平等级标准: GF0025-2021；REF-GRAMMAR-MANUAL-ELEM=国际中文教育中文水平等级标准·语法学习手册（初等）；REF-GRAMMAR-MANUAL-INTER=国际中文教育中文水平等级标准·语法学习手册（中等）；REF-GRAMMAR-MANUAL-ADV=国际中文教育中文水平等级标准·语法学习手册（高等）；REF-HUANG-LIAO-MODERN-CHINESE=现代汉语；REF-LU-TCSL-GRAMMAR=对外汉语教学实用语法,国际中文教育中文水平等级标准·语法学习手册（初等） p.322（8例）；国际中文教育中文水平等级标准·语法学习手册（初等） p.171（6例）；国际中文教育中文水平等级标准·语法学习手册（初等） p.170（5例）；国际中文教育中文水平等级标准·语法学习手册（初等） p.324（5例）；国际中文教育中文水平等级标准·语法学习手册（初等） p.292（3例）；国际中文教育中文水平等级标准·语法学习手册（中等） p.157（2例）,初等 p.322；初等 p.171；初等 p.170；初等 p.324；初等 p.292；中等 p.157,介词标记；框架对象；关系类型；中心事件；词内部成分；正向接受；结构成立；功能成立；候选片段；核心槽位,WITHHELD_COPYRIGHTED_EXAMPLES,页面已复核；本条为手册结构/用法说明的结构化转写，并非逐字引文。,可写为：本规则以《等级标准》语法等级大纲及其语法学习手册为标准锚点，并由现代汉语/对外汉语教学语法参考书补充定义。,证据类型=source-grounded schema transcription；保留规则转写判断与版本记录。
KG-RULE-V02-0127,介词框架,向/往/朝介词框架候选,向/往/朝介词框架,介词/框架结构,正向接受规则,候选片段在原句中承担该语法点的实际语法功能，而非仅有表层词形。,REF-GF0025-2021；REF-GRAMMAR-MANUAL-ELEM；REF-GRAMMAR-MANUAL-INTER；REF-GRAMMAR-MANUAL-ADV；REF-HUANG-LIAO-MODERN-CHINESE；REF-LU-TCSL-GRAMMAR,REF-GF0025-2021=国际中文教育中文水平等级标准: GF0025-2021；REF-GRAMMAR-MANUAL-ELEM=国际中文教育中文水平等级标准·语法学习手册（初等）；REF-GRAMMAR-MANUAL-INTER=国际中文教育中文水平等级标准·语法学习手册（中等）；REF-GRAMMAR-MANUAL-ADV=国际中文教育中文水平等级标准·语法学习手册（高等）；REF-HUANG-LIAO-MODERN-CHINESE=现代汉语；REF-LU-TCSL-GRAMMAR=对外汉语教学实用语法,国际中文教育中文水平等级标准·语法学习手册（初等） p.322（8例）；国际中文教育中文水平等级标准·语法学习手册（初等） p.171（6例）；国际中文教育中文水平等级标准·语法学习手册（初等） p.170（5例）；国际中文教育中文水平等级标准·语法学习手册（初等） p.324（5例）；国际中文教育中文水平等级标准·语法学习手册（初等） p.292（3例）；国际中文教育中文水平等级标准·语法学习手册（中等） p.157（2例）,初等 p.322；初等 p.171；初等 p.170；初等 p.324；初等 p.292；中等 p.157,介词标记；框架对象；关系类型；中心事件；词内部成分；正向接受；结构成立；功能成立；候选片段；实际语法功能,WITHHELD_COPYRIGHTED_EXAMPLES,页面已复核；本条为手册结构/用法说明的结构化转写，并非逐字引文。,可写为：本规则以《等级标准》语法等级大纲及其语法学习手册为标准锚点，并由现代汉语/对外汉语教学语法参考书补充定义。,证据类型=source-grounded schema transcription；保留规则转写判断与版本记录。
KG-RULE-V02-0128,介词框架,向/往/朝介词框架候选,向/往/朝介词框架,介词/框架结构,弱拒绝规则,结构大体可定位但边界过短或过长。,REF-GF0025-2021；REF-GRAMMAR-MANUAL-ELEM；REF-GRAMMAR-MANUAL-INTER；REF-GRAMMAR-MANUAL-ADV；REF-HUANG-LIAO-MODERN-CHINESE；REF-LU-TCSL-GRAMMAR,REF-GF0025-2021=国际中文教育中文水平等级标准: GF0025-2021；REF-GRAMMAR-MANUAL-ELEM=国际中文教育中文水平等级标准·语法学习手册（初等）；REF-GRAMMAR-MANUAL-INTER=国际中文教育中文水平等级标准·语法学习手册（中等）；REF-GRAMMAR-MANUAL-ADV=国际中文教育中文水平等级标准·语法学习手册（高等）；REF-HUANG-LIAO-MODERN-CHINESE=现代汉语；REF-LU-TCSL-GRAMMAR=对外汉语教学实用语法,国际中文教育中文水平等级标准·语法学习手册（初等） p.322（8例）；国际中文教育中文水平等级标准·语法学习手册（初等） p.171（6例）；国际中文教育中文水平等级标准·语法学习手册（初等） p.170（5例）；国际中文教育中文水平等级标准·语法学习手册（初等） p.324（5例）；国际中文教育中文水平等级标准·语法学习手册（初等） p.292（3例）；国际中文教育中文水平等级标准·语法学习手册（中等） p.157（2例）,初等 p.322；初等 p.171；初等 p.170；初等 p.324；初等 p.292；中等 p.157,介词标记；框架对象；关系类型；中心事件；词内部成分；弱拒绝；边界复核；上下文复核；边界过短,WITHHELD_COPYRIGHTED_EXAMPLES,基础结构页面已复核；本条为依据必要结构派生的缺槽或边界规则。,可写为：本规则以《等级标准》语法等级大纲及其语法学习手册为标准锚点，并由现代汉语/对外汉语教学语法参考书补充定义。,证据类型=computational boundary derivation；保留规则转写判断与版本记录。
KG-RULE-V02-0129,介词框架,向/往/朝介词框架候选,向/往/朝介词框架,介词/框架结构,弱拒绝规则,标记存在但核心槽位需要结合上下文复核。,REF-GF0025-2021；REF-GRAMMAR-MANUAL-ELEM；REF-GRAMMAR-MANUAL-INTER；REF-GRAMMAR-MANUAL-ADV；REF-HUANG-LIAO-MODERN-CHINESE；REF-LU-TCSL-GRAMMAR,REF-GF0025-2021=国际中文教育中文水平等级标准: GF0025-2021；REF-GRAMMAR-MANUAL-ELEM=国际中文教育中文水平等级标准·语法学习手册（初等）；REF-GRAMMAR-MANUAL-INTER=国际中文教育中文水平等级标准·语法学习手册（中等）；REF-GRAMMAR-MANUAL-ADV=国际中文教育中文水平等级标准·语法学习手册（高等）；REF-HUANG-LIAO-MODERN-CHINESE=现代汉语；REF-LU-TCSL-GRAMMAR=对外汉语教学实用语法,国际中文教育中文水平等级标准·语法学习手册（初等） p.322（8例）；国际中文教育中文水平等级标准·语法学习手册（初等） p.171（6例）；国际中文教育中文水平等级标准·语法学习手册（初等） p.170（5例）；国际中文教育中文水平等级标准·语法学习手册（初等） p.324（5例）；国际中文教育中文水平等级标准·语法学习手册（初等） p.292（3例）；国际中文教育中文水平等级标准·语法学习手册（中等） p.157（2例）,初等 p.322；初等 p.171；初等 p.170；初等 p.324；初等 p.292；中等 p.157,介词标记；框架对象；关系类型；中心事件；词内部成分；弱拒绝；边界复核；上下文复核；核心槽位,WITHHELD_COPYRIGHTED_EXAMPLES,基础结构页面已复核；本条为依据必要结构派生的缺槽或边界规则。,可写为：本规则以《等级标准》语法等级大纲及其语法学习手册为标准锚点，并由现代汉语/对外汉语教学语法参考书补充定义。,证据类型=computational boundary derivation；保留规则转写判断与版本记录。
KG-RULE-V02-0130,介词框架,向/往/朝介词框架候选,向/往/朝介词框架,介词/框架结构,强拒绝规则,候选片段只是术语、标题、编号、残片或 OCR 混杂内容。,REF-GF0025-2021；REF-GRAMMAR-MANUAL-ELEM；REF-GRAMMAR-MANUAL-INTER；REF-GRAMMAR-MANUAL-ADV；REF-HUANG-LIAO-MODERN-CHINESE；REF-LU-TCSL-GRAMMAR,REF-GF0025-2021=国际中文教育中文水平等级标准: GF0025-2021；REF-GRAMMAR-MANUAL-ELEM=国际中文教育中文水平等级标准·语法学习手册（初等）；REF-GRAMMAR-MANUAL-INTER=国际中文教育中文水平等级标准·语法学习手册（中等）；REF-GRAMMAR-MANUAL-ADV=国际中文教育中文水平等级标准·语法学习手册（高等）；REF-HUANG-LIAO-MODERN-CHINESE=现代汉语；REF-LU-TCSL-GRAMMAR=对外汉语教学实用语法,国际中文教育中文水平等级标准·语法学习手册（初等） p.322（8例）；国际中文教育中文水平等级标准·语法学习手册（初等） p.171（6例）；国际中文教育中文水平等级标准·语法学习手册（初等） p.170（5例）；国际中文教育中文水平等级标准·语法学习手册（初等） p.324（5例）；国际中文教育中文水平等级标准·语法学习手册（初等） p.292（3例）；国际中文教育中文水平等级标准·语法学习手册（中等） p.157（2例）,初等 p.322；初等 p.171；初等 p.170；初等 p.324；初等 p.292；中等 p.157,介词标记；框架对象；关系类型；中心事件；词内部成分；强拒绝；硬拒绝；非目标；候选片段；术语；标题；编号,WITHHELD_COPYRIGHTED_EXAMPLES,基础结构页面已复核；本条为候选治理的操作性排除规则，不主张文献逐字给出。,可写为：本规则以《等级标准》语法等级大纲及其语法学习手册为标准锚点，并由现代汉语/对外汉语教学语法参考书补充定义。,证据类型=operational rejection rule；保留规则转写判断与版本记录。
KG-RULE-V02-0131,介词框架,向/往/朝介词框架候选,向/往/朝介词框架,介词/框架结构,强拒绝规则,只有表层标记，无法构成所属语法家族的核心结构。,REF-GF0025-2021；REF-GRAMMAR-MANUAL-ELEM；REF-GRAMMAR-MANUAL-INTER；REF-GRAMMAR-MANUAL-ADV；REF-HUANG-LIAO-MODERN-CHINESE；REF-LU-TCSL-GRAMMAR,REF-GF0025-2021=国际中文教育中文水平等级标准: GF0025-2021；REF-GRAMMAR-MANUAL-ELEM=国际中文教育中文水平等级标准·语法学习手册（初等）；REF-GRAMMAR-MANUAL-INTER=国际中文教育中文水平等级标准·语法学习手册（中等）；REF-GRAMMAR-MANUAL-ADV=国际中文教育中文水平等级标准·语法学习手册（高等）；REF-HUANG-LIAO-MODERN-CHINESE=现代汉语；REF-LU-TCSL-GRAMMAR=对外汉语教学实用语法,国际中文教育中文水平等级标准·语法学习手册（初等） p.322（8例）；国际中文教育中文水平等级标准·语法学习手册（初等） p.171（6例）；国际中文教育中文水平等级标准·语法学习手册（初等） p.170（5例）；国际中文教育中文水平等级标准·语法学习手册（初等） p.324（5例）；国际中文教育中文水平等级标准·语法学习手册（初等） p.292（3例）；国际中文教育中文水平等级标准·语法学习手册（中等） p.157（2例）,初等 p.322；初等 p.171；初等 p.170；初等 p.324；初等 p.292；中等 p.157,介词标记；框架对象；关系类型；中心事件；词内部成分；强拒绝；硬拒绝；非目标；表层标记；核心结构,WITHHELD_COPYRIGHTED_EXAMPLES,基础结构页面已复核；本条为候选治理的操作性排除规则，不主张文献逐字给出。,可写为：本规则以《等级标准》语法等级大纲及其语法学习手册为标准锚点，并由现代汉语/对外汉语教学语法参考书补充定义。,证据类型=operational rejection rule；保留规则转写判断与版本记录。
KG-RULE-V02-0132,介词框架,向/往/朝介词框架候选,向/往/朝介词框架,介词/框架结构,偏误推演规则,若核心槽位缺失，则诊断为“结构缺槽”。,REF-GF0025-2021；REF-GRAMMAR-MANUAL-ELEM；REF-GRAMMAR-MANUAL-INTER；REF-GRAMMAR-MANUAL-ADV；REF-HUANG-LIAO-MODERN-CHINESE；REF-LU-TCSL-GRAMMAR,REF-GF0025-2021=国际中文教育中文水平等级标准: GF0025-2021；REF-GRAMMAR-MANUAL-ELEM=国际中文教育中文水平等级标准·语法学习手册（初等）；REF-GRAMMAR-MANUAL-INTER=国际中文教育中文水平等级标准·语法学习手册（中等）；REF-GRAMMAR-MANUAL-ADV=国际中文教育中文水平等级标准·语法学习手册（高等）；REF-HUANG-LIAO-MODERN-CHINESE=现代汉语；REF-LU-TCSL-GRAMMAR=对外汉语教学实用语法,国际中文教育中文水平等级标准·语法学习手册（初等） p.322（8例）；国际中文教育中文水平等级标准·语法学习手册（初等） p.171（6例）；国际中文教育中文水平等级标准·语法学习手册（初等） p.170（5例）；国际中文教育中文水平等级标准·语法学习手册（初等） p.324（5例）；国际中文教育中文水平等级标准·语法学习手册（初等） p.292（3例）；国际中文教育中文水平等级标准·语法学习手册（中等） p.157（2例）,初等 p.322；初等 p.171；初等 p.170；初等 p.324；初等 p.292；中等 p.157,介词标记；框架对象；关系类型；中心事件；词内部成分；偏误推演；诊断类型；规则冲突；结构缺槽；核心槽位,WITHHELD_COPYRIGHTED_EXAMPLES,基础结构页面已复核；本条为从结构条件派生的诊断规则，不主张文献逐字给出。,可写为：本规则以《等级标准》语法等级大纲及其语法学习手册为标准锚点，并由现代汉语/对外汉语教学语法参考书补充定义。,证据类型=derived diagnostic rule；保留规则转写判断与版本记录。
KG-RULE-V02-0133,介词框架,向/往/朝介词框架候选,向/往/朝介词框架,介词/框架结构,偏误推演规则,若只有表层标记，则诊断为“表层触发但非目标”。,REF-GF0025-2021；REF-GRAMMAR-MANUAL-ELEM；REF-GRAMMAR-MANUAL-INTER；REF-GRAMMAR-MANUAL-ADV；REF-HUANG-LIAO-MODERN-CHINESE；REF-LU-TCSL-GRAMMAR,REF-GF0025-2021=国际中文教育中文水平等级标准: GF0025-2021；REF-GRAMMAR-MANUAL-ELEM=国际中文教育中文水平等级标准·语法学习手册（初等）；REF-GRAMMAR-MANUAL-INTER=国际中文教育中文水平等级标准·语法学习手册（中等）；REF-GRAMMAR-MANUAL-ADV=国际中文教育中文水平等级标准·语法学习手册（高等）；REF-HUANG-LIAO-MODERN-CHINESE=现代汉语；REF-LU-TCSL-GRAMMAR=对外汉语教学实用语法,国际中文教育中文水平等级标准·语法学习手册（初等） p.322（8例）；国际中文教育中文水平等级标准·语法学习手册（初等） p.171（6例）；国际中文教育中文水平等级标准·语法学习手册（初等） p.170（5例）；国际中文教育中文水平等级标准·语法学习手册（初等） p.324（5例）；国际中文教育中文水平等级标准·语法学习手册（初等） p.292（3例）；国际中文教育中文水平等级标准·语法学习手册（中等） p.157（2例）,初等 p.322；初等 p.171；初等 p.170；初等 p.324；初等 p.292；中等 p.157,介词标记；框架对象；关系类型；中心事件；词内部成分；偏误推演；诊断类型；规则冲突；表层触发但非目标；表层标记,WITHHELD_COPYRIGHTED_EXAMPLES,基础结构页面已复核；本条为从结构条件派生的诊断规则，不主张文献逐字给出。,可写为：本规则以《等级标准》语法等级大纲及其语法学习手册为标准锚点，并由现代汉语/对外汉语教学语法参考书补充定义。,证据类型=derived diagnostic rule；保留规则转写判断与版本记录。
KG-RULE-V02-0134,介词框架,向/往/朝介词框架候选,向/往/朝介词框架,介词/框架结构,偏误推演规则,若结构成立但候选边界不准，则诊断为“边界问题”。,REF-GF0025-2021；REF-GRAMMAR-MANUAL-ELEM；REF-GRAMMAR-MANUAL-INTER；REF-GRAMMAR-MANUAL-ADV；REF-HUANG-LIAO-MODERN-CHINESE；REF-LU-TCSL-GRAMMAR,REF-GF0025-2021=国际中文教育中文水平等级标准: GF0025-2021；REF-GRAMMAR-MANUAL-ELEM=国际中文教育中文水平等级标准·语法学习手册（初等）；REF-GRAMMAR-MANUAL-INTER=国际中文教育中文水平等级标准·语法学习手册（中等）；REF-GRAMMAR-MANUAL-ADV=国际中文教育中文水平等级标准·语法学习手册（高等）；REF-HUANG-LIAO-MODERN-CHINESE=现代汉语；REF-LU-TCSL-GRAMMAR=对外汉语教学实用语法,国际中文教育中文水平等级标准·语法学习手册（初等） p.322（8例）；国际中文教育中文水平等级标准·语法学习手册（初等） p.171（6例）；国际中文教育中文水平等级标准·语法学习手册（初等） p.170（5例）；国际中文教育中文水平等级标准·语法学习手册（初等） p.324（5例）；国际中文教育中文水平等级标准·语法学习手册（初等） p.292（3例）；国际中文教育中文水平等级标准·语法学习手册（中等） p.157（2例）,初等 p.322；初等 p.171；初等 p.170；初等 p.324；初等 p.292；中等 p.157,介词标记；框架对象；关系类型；中心事件；词内部成分；偏误推演；诊断类型；规则冲突；边界问题,WITHHELD_COPYRIGHTED_EXAMPLES,基础结构页面已复核；本条为从结构条件派生的诊断规则，不主张文献逐字给出。,可写为：本规则以《等级标准》语法等级大纲及其语法学习手册为标准锚点，并由现代汉语/对外汉语教学语法参考书补充定义。,证据类型=derived diagnostic rule；保留规则转写判断与版本记录。
KG-RULE-V02-0135,介词框架,给/为/关于等介词框架候选,给/为/关于等介词框架,介词/框架结构,正向接受规则,候选片段包含或可解释出“给/为/关于等介词框架”相关标记/结构线索。,REF-GF0025-2021；REF-GRAMMAR-MANUAL-ELEM；REF-GRAMMAR-MANUAL-INTER；REF-GRAMMAR-MANUAL-ADV；REF-HUANG-LIAO-MODERN-CHINESE；REF-LU-TCSL-GRAMMAR,REF-GF0025-2021=国际中文教育中文水平等级标准: GF0025-2021；REF-GRAMMAR-MANUAL-ELEM=国际中文教育中文水平等级标准·语法学习手册（初等）；REF-GRAMMAR-MANUAL-INTER=国际中文教育中文水平等级标准·语法学习手册（中等）；REF-GRAMMAR-MANUAL-ADV=国际中文教育中文水平等级标准·语法学习手册（高等）；REF-HUANG-LIAO-MODERN-CHINESE=现代汉语；REF-LU-TCSL-GRAMMAR=对外汉语教学实用语法,国际中文教育中文水平等级标准·语法学习手册（初等） p.175（9例）；国际中文教育中文水平等级标准·语法学习手册（初等） p.326（9例）；国际中文教育中文水平等级标准·语法学习手册（初等） p.328（8例）；国际中文教育中文水平等级标准·语法学习手册（初等） p.327（8例）；国际中文教育中文水平等级标准·语法学习手册（初等） p.323（7例）；国际中文教育中文水平等级标准·语法学习手册（初等） p.330（6例）,初等 p.175；初等 p.326；初等 p.328；初等 p.327；初等 p.323；初等 p.330,介词标记；框架对象；关系类型；中心事件；词内部成分；正向接受；结构成立；功能成立；给/为/关于等介词框架；候选片段；结构线索,WITHHELD_COPYRIGHTED_EXAMPLES,页面已复核；本条为手册结构/用法说明的结构化转写，并非逐字引文。,可写为：本规则以《等级标准》语法等级大纲及其语法学习手册为标准锚点，并由现代汉语/对外汉语教学语法参考书补充定义。,证据类型=source-grounded schema transcription；保留规则转写判断与版本记录。
KG-RULE-V02-0136,介词框架,给/为/关于等介词框架候选,给/为/关于等介词框架,介词/框架结构,正向接受规则,候选片段满足所属语法家族的核心槽位要求：介词/框架标记、框架对象、谓词/中心事件、关系类型。,REF-GF0025-2021；REF-GRAMMAR-MANUAL-ELEM；REF-GRAMMAR-MANUAL-INTER；REF-GRAMMAR-MANUAL-ADV；REF-HUANG-LIAO-MODERN-CHINESE；REF-LU-TCSL-GRAMMAR,REF-GF0025-2021=国际中文教育中文水平等级标准: GF0025-2021；REF-GRAMMAR-MANUAL-ELEM=国际中文教育中文水平等级标准·语法学习手册（初等）；REF-GRAMMAR-MANUAL-INTER=国际中文教育中文水平等级标准·语法学习手册（中等）；REF-GRAMMAR-MANUAL-ADV=国际中文教育中文水平等级标准·语法学习手册（高等）；REF-HUANG-LIAO-MODERN-CHINESE=现代汉语；REF-LU-TCSL-GRAMMAR=对外汉语教学实用语法,国际中文教育中文水平等级标准·语法学习手册（初等） p.175（9例）；国际中文教育中文水平等级标准·语法学习手册（初等） p.326（9例）；国际中文教育中文水平等级标准·语法学习手册（初等） p.328（8例）；国际中文教育中文水平等级标准·语法学习手册（初等） p.327（8例）；国际中文教育中文水平等级标准·语法学习手册（初等） p.323（7例）；国际中文教育中文水平等级标准·语法学习手册（初等） p.330（6例）,初等 p.175；初等 p.326；初等 p.328；初等 p.327；初等 p.323；初等 p.330,介词标记；框架对象；关系类型；中心事件；词内部成分；正向接受；结构成立；功能成立；候选片段；核心槽位,WITHHELD_COPYRIGHTED_EXAMPLES,页面已复核；本条为手册结构/用法说明的结构化转写，并非逐字引文。,可写为：本规则以《等级标准》语法等级大纲及其语法学习手册为标准锚点，并由现代汉语/对外汉语教学语法参考书补充定义。,证据类型=source-grounded schema transcription；保留规则转写判断与版本记录。
KG-RULE-V02-0137,介词框架,给/为/关于等介词框架候选,给/为/关于等介词框架,介词/框架结构,正向接受规则,候选片段在原句中承担该语法点的实际语法功能，而非仅有表层词形。,REF-GF0025-2021；REF-GRAMMAR-MANUAL-ELEM；REF-GRAMMAR-MANUAL-INTER；REF-GRAMMAR-MANUAL-ADV；REF-HUANG-LIAO-MODERN-CHINESE；REF-LU-TCSL-GRAMMAR,REF-GF0025-2021=国际中文教育中文水平等级标准: GF0025-2021；REF-GRAMMAR-MANUAL-ELEM=国际中文教育中文水平等级标准·语法学习手册（初等）；REF-GRAMMAR-MANUAL-INTER=国际中文教育中文水平等级标准·语法学习手册（中等）；REF-GRAMMAR-MANUAL-ADV=国际中文教育中文水平等级标准·语法学习手册（高等）；REF-HUANG-LIAO-MODERN-CHINESE=现代汉语；REF-LU-TCSL-GRAMMAR=对外汉语教学实用语法,国际中文教育中文水平等级标准·语法学习手册（初等） p.175（9例）；国际中文教育中文水平等级标准·语法学习手册（初等） p.326（9例）；国际中文教育中文水平等级标准·语法学习手册（初等） p.328（8例）；国际中文教育中文水平等级标准·语法学习手册（初等） p.327（8例）；国际中文教育中文水平等级标准·语法学习手册（初等） p.323（7例）；国际中文教育中文水平等级标准·语法学习手册（初等） p.330（6例）,初等 p.175；初等 p.326；初等 p.328；初等 p.327；初等 p.323；初等 p.330,介词标记；框架对象；关系类型；中心事件；词内部成分；正向接受；结构成立；功能成立；候选片段；实际语法功能,WITHHELD_COPYRIGHTED_EXAMPLES,页面已复核；本条为手册结构/用法说明的结构化转写，并非逐字引文。,可写为：本规则以《等级标准》语法等级大纲及其语法学习手册为标准锚点，并由现代汉语/对外汉语教学语法参考书补充定义。,证据类型=source-grounded schema transcription；保留规则转写判断与版本记录。
KG-RULE-V02-0138,介词框架,给/为/关于等介词框架候选,给/为/关于等介词框架,介词/框架结构,弱拒绝规则,结构大体可定位但边界过短或过长。,REF-GF0025-2021；REF-GRAMMAR-MANUAL-ELEM；REF-GRAMMAR-MANUAL-INTER；REF-GRAMMAR-MANUAL-ADV；REF-HUANG-LIAO-MODERN-CHINESE；REF-LU-TCSL-GRAMMAR,REF-GF0025-2021=国际中文教育中文水平等级标准: GF0025-2021；REF-GRAMMAR-MANUAL-ELEM=国际中文教育中文水平等级标准·语法学习手册（初等）；REF-GRAMMAR-MANUAL-INTER=国际中文教育中文水平等级标准·语法学习手册（中等）；REF-GRAMMAR-MANUAL-ADV=国际中文教育中文水平等级标准·语法学习手册（高等）；REF-HUANG-LIAO-MODERN-CHINESE=现代汉语；REF-LU-TCSL-GRAMMAR=对外汉语教学实用语法,国际中文教育中文水平等级标准·语法学习手册（初等） p.175（9例）；国际中文教育中文水平等级标准·语法学习手册（初等） p.326（9例）；国际中文教育中文水平等级标准·语法学习手册（初等） p.328（8例）；国际中文教育中文水平等级标准·语法学习手册（初等） p.327（8例）；国际中文教育中文水平等级标准·语法学习手册（初等） p.323（7例）；国际中文教育中文水平等级标准·语法学习手册（初等） p.330（6例）,初等 p.175；初等 p.326；初等 p.328；初等 p.327；初等 p.323；初等 p.330,介词标记；框架对象；关系类型；中心事件；词内部成分；弱拒绝；边界复核；上下文复核；边界过短,WITHHELD_COPYRIGHTED_EXAMPLES,基础结构页面已复核；本条为依据必要结构派生的缺槽或边界规则。,可写为：本规则以《等级标准》语法等级大纲及其语法学习手册为标准锚点，并由现代汉语/对外汉语教学语法参考书补充定义。,证据类型=computational boundary derivation；保留规则转写判断与版本记录。
KG-RULE-V02-0139,介词框架,给/为/关于等介词框架候选,给/为/关于等介词框架,介词/框架结构,弱拒绝规则,标记存在但核心槽位需要结合上下文复核。,REF-GF0025-2021；REF-GRAMMAR-MANUAL-ELEM；REF-GRAMMAR-MANUAL-INTER；REF-GRAMMAR-MANUAL-ADV；REF-HUANG-LIAO-MODERN-CHINESE；REF-LU-TCSL-GRAMMAR,REF-GF0025-2021=国际中文教育中文水平等级标准: GF0025-2021；REF-GRAMMAR-MANUAL-ELEM=国际中文教育中文水平等级标准·语法学习手册（初等）；REF-GRAMMAR-MANUAL-INTER=国际中文教育中文水平等级标准·语法学习手册（中等）；REF-GRAMMAR-MANUAL-ADV=国际中文教育中文水平等级标准·语法学习手册（高等）；REF-HUANG-LIAO-MODERN-CHINESE=现代汉语；REF-LU-TCSL-GRAMMAR=对外汉语教学实用语法,国际中文教育中文水平等级标准·语法学习手册（初等） p.175（9例）；国际中文教育中文水平等级标准·语法学习手册（初等） p.326（9例）；国际中文教育中文水平等级标准·语法学习手册（初等） p.328（8例）；国际中文教育中文水平等级标准·语法学习手册（初等） p.327（8例）；国际中文教育中文水平等级标准·语法学习手册（初等） p.323（7例）；国际中文教育中文水平等级标准·语法学习手册（初等） p.330（6例）,初等 p.175；初等 p.326；初等 p.328；初等 p.327；初等 p.323；初等 p.330,介词标记；框架对象；关系类型；中心事件；词内部成分；弱拒绝；边界复核；上下文复核；核心槽位,WITHHELD_COPYRIGHTED_EXAMPLES,基础结构页面已复核；本条为依据必要结构派生的缺槽或边界规则。,可写为：本规则以《等级标准》语法等级大纲及其语法学习手册为标准锚点，并由现代汉语/对外汉语教学语法参考书补充定义。,证据类型=computational boundary derivation；保留规则转写判断与版本记录。
KG-RULE-V02-0140,介词框架,给/为/关于等介词框架候选,给/为/关于等介词框架,介词/框架结构,强拒绝规则,候选片段只是术语、标题、编号、残片或 OCR 混杂内容。,REF-GF0025-2021；REF-GRAMMAR-MANUAL-ELEM；REF-GRAMMAR-MANUAL-INTER；REF-GRAMMAR-MANUAL-ADV；REF-HUANG-LIAO-MODERN-CHINESE；REF-LU-TCSL-GRAMMAR,REF-GF0025-2021=国际中文教育中文水平等级标准: GF0025-2021；REF-GRAMMAR-MANUAL-ELEM=国际中文教育中文水平等级标准·语法学习手册（初等）；REF-GRAMMAR-MANUAL-INTER=国际中文教育中文水平等级标准·语法学习手册（中等）；REF-GRAMMAR-MANUAL-ADV=国际中文教育中文水平等级标准·语法学习手册（高等）；REF-HUANG-LIAO-MODERN-CHINESE=现代汉语；REF-LU-TCSL-GRAMMAR=对外汉语教学实用语法,国际中文教育中文水平等级标准·语法学习手册（初等） p.175（9例）；国际中文教育中文水平等级标准·语法学习手册（初等） p.326（9例）；国际中文教育中文水平等级标准·语法学习手册（初等） p.328（8例）；国际中文教育中文水平等级标准·语法学习手册（初等） p.327（8例）；国际中文教育中文水平等级标准·语法学习手册（初等） p.323（7例）；国际中文教育中文水平等级标准·语法学习手册（初等） p.330（6例）,初等 p.175；初等 p.326；初等 p.328；初等 p.327；初等 p.323；初等 p.330,介词标记；框架对象；关系类型；中心事件；词内部成分；强拒绝；硬拒绝；非目标；候选片段；术语；标题；编号,WITHHELD_COPYRIGHTED_EXAMPLES,基础结构页面已复核；本条为候选治理的操作性排除规则，不主张文献逐字给出。,可写为：本规则以《等级标准》语法等级大纲及其语法学习手册为标准锚点，并由现代汉语/对外汉语教学语法参考书补充定义。,证据类型=operational rejection rule；保留规则转写判断与版本记录。
KG-RULE-V02-0141,介词框架,给/为/关于等介词框架候选,给/为/关于等介词框架,介词/框架结构,强拒绝规则,只有表层标记，无法构成所属语法家族的核心结构。,REF-GF0025-2021；REF-GRAMMAR-MANUAL-ELEM；REF-GRAMMAR-MANUAL-INTER；REF-GRAMMAR-MANUAL-ADV；REF-HUANG-LIAO-MODERN-CHINESE；REF-LU-TCSL-GRAMMAR,REF-GF0025-2021=国际中文教育中文水平等级标准: GF0025-2021；REF-GRAMMAR-MANUAL-ELEM=国际中文教育中文水平等级标准·语法学习手册（初等）；REF-GRAMMAR-MANUAL-INTER=国际中文教育中文水平等级标准·语法学习手册（中等）；REF-GRAMMAR-MANUAL-ADV=国际中文教育中文水平等级标准·语法学习手册（高等）；REF-HUANG-LIAO-MODERN-CHINESE=现代汉语；REF-LU-TCSL-GRAMMAR=对外汉语教学实用语法,国际中文教育中文水平等级标准·语法学习手册（初等） p.175（9例）；国际中文教育中文水平等级标准·语法学习手册（初等） p.326（9例）；国际中文教育中文水平等级标准·语法学习手册（初等） p.328（8例）；国际中文教育中文水平等级标准·语法学习手册（初等） p.327（8例）；国际中文教育中文水平等级标准·语法学习手册（初等） p.323（7例）；国际中文教育中文水平等级标准·语法学习手册（初等） p.330（6例）,初等 p.175；初等 p.326；初等 p.328；初等 p.327；初等 p.323；初等 p.330,介词标记；框架对象；关系类型；中心事件；词内部成分；强拒绝；硬拒绝；非目标；表层标记；核心结构,WITHHELD_COPYRIGHTED_EXAMPLES,基础结构页面已复核；本条为候选治理的操作性排除规则，不主张文献逐字给出。,可写为：本规则以《等级标准》语法等级大纲及其语法学习手册为标准锚点，并由现代汉语/对外汉语教学语法参考书补充定义。,证据类型=operational rejection rule；保留规则转写判断与版本记录。
KG-RULE-V02-0142,介词框架,给/为/关于等介词框架候选,给/为/关于等介词框架,介词/框架结构,偏误推演规则,若核心槽位缺失，则诊断为“结构缺槽”。,REF-GF0025-2021；REF-GRAMMAR-MANUAL-ELEM；REF-GRAMMAR-MANUAL-INTER；REF-GRAMMAR-MANUAL-ADV；REF-HUANG-LIAO-MODERN-CHINESE；REF-LU-TCSL-GRAMMAR,REF-GF0025-2021=国际中文教育中文水平等级标准: GF0025-2021；REF-GRAMMAR-MANUAL-ELEM=国际中文教育中文水平等级标准·语法学习手册（初等）；REF-GRAMMAR-MANUAL-INTER=国际中文教育中文水平等级标准·语法学习手册（中等）；REF-GRAMMAR-MANUAL-ADV=国际中文教育中文水平等级标准·语法学习手册（高等）；REF-HUANG-LIAO-MODERN-CHINESE=现代汉语；REF-LU-TCSL-GRAMMAR=对外汉语教学实用语法,国际中文教育中文水平等级标准·语法学习手册（初等） p.175（9例）；国际中文教育中文水平等级标准·语法学习手册（初等） p.326（9例）；国际中文教育中文水平等级标准·语法学习手册（初等） p.328（8例）；国际中文教育中文水平等级标准·语法学习手册（初等） p.327（8例）；国际中文教育中文水平等级标准·语法学习手册（初等） p.323（7例）；国际中文教育中文水平等级标准·语法学习手册（初等） p.330（6例）,初等 p.175；初等 p.326；初等 p.328；初等 p.327；初等 p.323；初等 p.330,介词标记；框架对象；关系类型；中心事件；词内部成分；偏误推演；诊断类型；规则冲突；结构缺槽；核心槽位,WITHHELD_COPYRIGHTED_EXAMPLES,基础结构页面已复核；本条为从结构条件派生的诊断规则，不主张文献逐字给出。,可写为：本规则以《等级标准》语法等级大纲及其语法学习手册为标准锚点，并由现代汉语/对外汉语教学语法参考书补充定义。,证据类型=derived diagnostic rule；保留规则转写判断与版本记录。
KG-RULE-V02-0143,介词框架,给/为/关于等介词框架候选,给/为/关于等介词框架,介词/框架结构,偏误推演规则,若只有表层标记，则诊断为“表层触发但非目标”。,REF-GF0025-2021；REF-GRAMMAR-MANUAL-ELEM；REF-GRAMMAR-MANUAL-INTER；REF-GRAMMAR-MANUAL-ADV；REF-HUANG-LIAO-MODERN-CHINESE；REF-LU-TCSL-GRAMMAR,REF-GF0025-2021=国际中文教育中文水平等级标准: GF0025-2021；REF-GRAMMAR-MANUAL-ELEM=国际中文教育中文水平等级标准·语法学习手册（初等）；REF-GRAMMAR-MANUAL-INTER=国际中文教育中文水平等级标准·语法学习手册（中等）；REF-GRAMMAR-MANUAL-ADV=国际中文教育中文水平等级标准·语法学习手册（高等）；REF-HUANG-LIAO-MODERN-CHINESE=现代汉语；REF-LU-TCSL-GRAMMAR=对外汉语教学实用语法,国际中文教育中文水平等级标准·语法学习手册（初等） p.175（9例）；国际中文教育中文水平等级标准·语法学习手册（初等） p.326（9例）；国际中文教育中文水平等级标准·语法学习手册（初等） p.328（8例）；国际中文教育中文水平等级标准·语法学习手册（初等） p.327（8例）；国际中文教育中文水平等级标准·语法学习手册（初等） p.323（7例）；国际中文教育中文水平等级标准·语法学习手册（初等） p.330（6例）,初等 p.175；初等 p.326；初等 p.328；初等 p.327；初等 p.323；初等 p.330,介词标记；框架对象；关系类型；中心事件；词内部成分；偏误推演；诊断类型；规则冲突；表层触发但非目标；表层标记,WITHHELD_COPYRIGHTED_EXAMPLES,基础结构页面已复核；本条为从结构条件派生的诊断规则，不主张文献逐字给出。,可写为：本规则以《等级标准》语法等级大纲及其语法学习手册为标准锚点，并由现代汉语/对外汉语教学语法参考书补充定义。,证据类型=derived diagnostic rule；保留规则转写判断与版本记录。
KG-RULE-V02-0144,介词框架,给/为/关于等介词框架候选,给/为/关于等介词框架,介词/框架结构,偏误推演规则,若结构成立但候选边界不准，则诊断为“边界问题”。,REF-GF0025-2021；REF-GRAMMAR-MANUAL-ELEM；REF-GRAMMAR-MANUAL-INTER；REF-GRAMMAR-MANUAL-ADV；REF-HUANG-LIAO-MODERN-CHINESE；REF-LU-TCSL-GRAMMAR,REF-GF0025-2021=国际中文教育中文水平等级标准: GF0025-2021；REF-GRAMMAR-MANUAL-ELEM=国际中文教育中文水平等级标准·语法学习手册（初等）；REF-GRAMMAR-MANUAL-INTER=国际中文教育中文水平等级标准·语法学习手册（中等）；REF-GRAMMAR-MANUAL-ADV=国际中文教育中文水平等级标准·语法学习手册（高等）；REF-HUANG-LIAO-MODERN-CHINESE=现代汉语；REF-LU-TCSL-GRAMMAR=对外汉语教学实用语法,国际中文教育中文水平等级标准·语法学习手册（初等） p.175（9例）；国际中文教育中文水平等级标准·语法学习手册（初等） p.326（9例）；国际中文教育中文水平等级标准·语法学习手册（初等） p.328（8例）；国际中文教育中文水平等级标准·语法学习手册（初等） p.327（8例）；国际中文教育中文水平等级标准·语法学习手册（初等） p.323（7例）；国际中文教育中文水平等级标准·语法学习手册（初等） p.330（6例）,初等 p.175；初等 p.326；初等 p.328；初等 p.327；初等 p.323；初等 p.330,介词标记；框架对象；关系类型；中心事件；词内部成分；偏误推演；诊断类型；规则冲突；边界问题,WITHHELD_COPYRIGHTED_EXAMPLES,基础结构页面已复核；本条为从结构条件派生的诊断规则，不主张文献逐字给出。,可写为：本规则以《等级标准》语法等级大纲及其语法学习手册为标准锚点，并由现代汉语/对外汉语教学语法参考书补充定义。,证据类型=derived diagnostic rule；保留规则转写判断与版本记录。
