standard_point_id,official_label,standard_code,level,level_label,level_ordinal,category,subcategory,section_item,grammar_point,canonical_label,standard_text,source_id,source_label,source_file_sha256,source_pdf_page,page_anchor,page_anchor_status,source_status,authority_status,legacy_workbook_no,legacy_workbook_row,legacy_regex,legacy_note,legacy_regex_status,runtime_status,evaluation_status
GF0025-2021-1-001,【一01】,GF 0025—2021 Appendix A,1,一级,1,词类,名词,方位名词,上、下、里、外、前、后、左、右、东、南、西、北；上边、下边、 里边、外边、前边、后边、左边、右边、东边、南边、西边、北边,上、下、里、外、前、后、左、右、东、南、西、北；上边、下边、 里边、外边、前边、后边、左边、右边、东边、南边、西边、北边,上、下、里、外、前、后、左、右、东、南、西、北；上边、下边、 里边、外边、前边、后边、左边、右边、东边、南边、西边、北边,REF-GF0025-2021,GF 0025—2021 Chinese Proficiency Grading Standards: Appendix A,1b5e95de7216a22388709b1008569cd1f28c95737d73cecd6d3ebdc8e6278f2d,176,GF0025-2021 PDF p.176,ocr_detected,official_numbered_entry,verified_inventory,1,2,"""^([上下里外前后左右东南西北]|上边|下边|里边|外边|前边|后边|左边|右边|东边|南边|西边|北边)$""",,draft_unreviewed,not_promoted,outside_current_37_label_claim_unless_crosswalked
GF0025-2021-1-002,【一02】,GF 0025—2021 Appendix A,1,一级,2,词类,动词,能愿动词,会、能,会、能,会、能,REF-GF0025-2021,GF 0025—2021 Chinese Proficiency Grading Standards: Appendix A,1b5e95de7216a22388709b1008569cd1f28c95737d73cecd6d3ebdc8e6278f2d,176,GF0025-2021 PDF p.176,ocr_detected,official_numbered_entry,verified_inventory,2,3,"""^[会能]$""",,draft_unreviewed,not_promoted,outside_current_37_label_claim_unless_crosswalked
GF0025-2021-1-003,【一03】,GF 0025—2021 Appendix A,1,一级,3,词类,动词,能愿动词,想、要,想、要,想、要,REF-GF0025-2021,GF 0025—2021 Chinese Proficiency Grading Standards: Appendix A,1b5e95de7216a22388709b1008569cd1f28c95737d73cecd6d3ebdc8e6278f2d,176,GF0025-2021 PDF p.176,ocr_detected,official_numbered_entry,verified_inventory,3,4,"""^[想要]$""",,draft_unreviewed,not_promoted,outside_current_37_label_claim_unless_crosswalked
GF0025-2021-1-004,【一04】,GF 0025—2021 Appendix A,1,一级,4,词类,代词,疑问代词,多、多少、几、哪、哪儿、哪里、哪些、什么、谁、怎么,多、多少、几、哪、哪儿、哪里、哪些、什么、谁、怎么,多、多少、几、哪、哪儿、哪里、哪些、什么、谁、怎么,REF-GF0025-2021,GF 0025—2021 Chinese Proficiency Grading Standards: Appendix A,1b5e95de7216a22388709b1008569cd1f28c95737d73cecd6d3ebdc8e6278f2d,176,GF0025-2021 PDF p.176,ocr_detected,official_numbered_entry,verified_inventory,4,5,"""^(多|多少|几|哪|哪儿|哪里|哪些|什么|谁|怎么)$""",,draft_unreviewed,not_promoted,outside_current_37_label_claim_unless_crosswalked
GF0025-2021-1-005,【一05】,GF 0025—2021 Appendix A,1,一级,5,词类,代词,人称代词,我、你、您、他、她、我们、你们、他们、她们,我、你、您、他、她、我们、你们、他们、她们,我、你、您、他、她、我们、你们、他们、她们,REF-GF0025-2021,GF 0025—2021 Chinese Proficiency Grading Standards: Appendix A,1b5e95de7216a22388709b1008569cd1f28c95737d73cecd6d3ebdc8e6278f2d,177,GF0025-2021 PDF p.177,ocr_detected,official_numbered_entry,verified_inventory,5,6,"""^([我你您他她]|我们|你们|他们|她们)$""",,draft_unreviewed,not_promoted,outside_current_37_label_claim_unless_crosswalked
GF0025-2021-1-006,【一06】,GF 0025—2021 Appendix A,1,一级,6,词类,代词,指示代词,这、那、这儿、那儿、这里、那里、这些、那些、别的、有的,这、那、这儿、那儿、这里、那里、这些、那些、别的、有的,这、那、这儿、那儿、这里、那里、这些、那些、别的、有的,REF-GF0025-2021,GF 0025—2021 Chinese Proficiency Grading Standards: Appendix A,1b5e95de7216a22388709b1008569cd1f28c95737d73cecd6d3ebdc8e6278f2d,177,GF0025-2021 PDF p.177,ocr_detected,official_numbered_entry,verified_inventory,6,7,"""^(这|那|这儿|那儿|这里|那里|这些|那些|别的|有的)$""",,draft_unreviewed,not_promoted,outside_current_37_label_claim_unless_crosswalked
GF0025-2021-1-007,【一07】,GF 0025—2021 Appendix A,1,一级,7,词类,数词,,一、二/两、三、四、五、六、七、八、九、零；十、百；半,一、二/两、三、四、五、六、七、八、九、零；十、百；半,一、二/两、三、四、五、六、七、八、九、零；十、百；半,REF-GF0025-2021,GF 0025—2021 Chinese Proficiency Grading Standards: Appendix A,1b5e95de7216a22388709b1008569cd1f28c95737d73cecd6d3ebdc8e6278f2d,177,GF0025-2021 PDF p.177,ocr_detected,official_numbered_entry,verified_inventory,7,8,"""^[一二两三四五六七八九零十百半]$""",,draft_unreviewed,not_promoted,outside_current_37_label_claim_unless_crosswalked
GF0025-2021-1-008,【一08】,GF 0025—2021 Appendix A,1,一级,8,词类,量词,名量词,杯、本、个、家、间、口、块、页,杯、本、个、家、间、口、块、页,杯、本、个、家、间、口、块、页,REF-GF0025-2021,GF 0025—2021 Chinese Proficiency Grading Standards: Appendix A,1b5e95de7216a22388709b1008569cd1f28c95737d73cecd6d3ebdc8e6278f2d,177,GF0025-2021 PDF p.177,ocr_detected,official_numbered_entry,verified_inventory,8,9,"""^[杯本个家间口块页]$""",,draft_unreviewed,not_promoted,outside_current_37_label_claim_unless_crosswalked
GF0025-2021-1-009,【一09】,GF 0025—2021 Appendix A,1,一级,9,词类,副词,程度副词,非常、很、太、真、最,非常、很、太、真、最,非常、很、太、真、最,REF-GF0025-2021,GF 0025—2021 Chinese Proficiency Grading Standards: Appendix A,1b5e95de7216a22388709b1008569cd1f28c95737d73cecd6d3ebdc8e6278f2d,177,GF0025-2021 PDF p.177,ocr_detected,official_numbered_entry,verified_inventory,9,10,"""^(非常|[很太真最])$""",,draft_unreviewed,not_promoted,outside_current_37_label_claim_unless_crosswalked
GF0025-2021-1-010,【一10】,GF 0025—2021 Appendix A,1,一级,10,词类,副词,范围、协同副词,都1、一块儿、一起,都1、一块儿、一起,都1、一块儿、一起,REF-GF0025-2021,GF 0025—2021 Chinese Proficiency Grading Standards: Appendix A,1b5e95de7216a22388709b1008569cd1f28c95737d73cecd6d3ebdc8e6278f2d,,GF0025-2021 PDF pp.176–259,appendix_span_verified,official_numbered_entry,verified_inventory,10,11,"""^(都|一块儿|一起)$""",,draft_unreviewed,not_promoted,outside_current_37_label_claim_unless_crosswalked
GF0025-2021-1-011,【一11】,GF 0025—2021 Appendix A,1,一级,11,词类,副词,时间副词,马上、先、有时、在、正、正在,马上、先、有时、在、正、正在,马上、先、有时、在、正、正在,REF-GF0025-2021,GF 0025—2021 Chinese Proficiency Grading Standards: Appendix A,1b5e95de7216a22388709b1008569cd1f28c95737d73cecd6d3ebdc8e6278f2d,178,GF0025-2021 PDF p.178,ocr_detected,official_numbered_entry,verified_inventory,11,12,"""^(马上|先|有时|在|正|正在)$""",,draft_unreviewed,not_promoted,outside_current_37_label_claim_unless_crosswalked
GF0025-2021-1-012,【一12】,GF 0025—2021 Appendix A,1,一级,12,词类,副词,频率、重复副词,常、常常、再1,常、常常、再1,常、常常、再1,REF-GF0025-2021,GF 0025—2021 Chinese Proficiency Grading Standards: Appendix A,1b5e95de7216a22388709b1008569cd1f28c95737d73cecd6d3ebdc8e6278f2d,178,GF0025-2021 PDF p.178,ocr_detected,official_numbered_entry,verified_inventory,12,13,"""^(常|常常|再)$""",,draft_unreviewed,not_promoted,outside_current_37_label_claim_unless_crosswalked
GF0025-2021-1-013,【一13】,GF 0025—2021 Appendix A,1,一级,13,词类,副词,关联副词,还1、也,还1、也,还1、也,REF-GF0025-2021,GF 0025—2021 Chinese Proficiency Grading Standards: Appendix A,1b5e95de7216a22388709b1008569cd1f28c95737d73cecd6d3ebdc8e6278f2d,178,GF0025-2021 PDF p.178,ocr_detected,official_numbered_entry,verified_inventory,13,14,"""^[还也]$""",,draft_unreviewed,not_promoted,outside_current_37_label_claim_unless_crosswalked
GF0025-2021-1-014,【一14】,GF 0025—2021 Appendix A,1,一级,14,词类,副词,否定副词,别、不、没、没有,别、不、没、没有,别、不、没、没有,REF-GF0025-2021,GF 0025—2021 Chinese Proficiency Grading Standards: Appendix A,1b5e95de7216a22388709b1008569cd1f28c95737d73cecd6d3ebdc8e6278f2d,,GF0025-2021 PDF pp.176–259,appendix_span_verified,official_numbered_entry,verified_inventory,14,15,"""^(别|不|没|没有)$""",,draft_unreviewed,not_promoted,outside_current_37_label_claim_unless_crosswalked
GF0025-2021-1-015,【一15】,GF 0025—2021 Appendix A,1,一级,15,词类,介词,引出时间、处所,从1,从1,从1,REF-GF0025-2021,GF 0025—2021 Chinese Proficiency Grading Standards: Appendix A,1b5e95de7216a22388709b1008569cd1f28c95737d73cecd6d3ebdc8e6278f2d,,GF0025-2021 PDF pp.176–259,appendix_span_verified,official_numbered_entry,verified_inventory,15,16,"""^从$""",,draft_unreviewed,not_promoted,outside_current_37_label_claim_unless_crosswalked
GF0025-2021-1-016,【一16】,GF 0025—2021 Appendix A,1,一级,16,词类,介词,引出时间、处所,在,在,在,REF-GF0025-2021,GF 0025—2021 Chinese Proficiency Grading Standards: Appendix A,1b5e95de7216a22388709b1008569cd1f28c95737d73cecd6d3ebdc8e6278f2d,178,GF0025-2021 PDF p.178,ocr_detected,official_numbered_entry,verified_inventory,16,17,"""^在$""",,draft_unreviewed,not_promoted,outside_current_37_label_claim_unless_crosswalked
GF0025-2021-1-017,【一17】,GF 0025—2021 Appendix A,1,一级,17,词类,介词,引出对象,跟1、和1,跟1、和1,跟1、和1,REF-GF0025-2021,GF 0025—2021 Chinese Proficiency Grading Standards: Appendix A,1b5e95de7216a22388709b1008569cd1f28c95737d73cecd6d3ebdc8e6278f2d,178,GF0025-2021 PDF p.178,ocr_detected,official_numbered_entry,verified_inventory,17,18,"""^[跟和]$""",,draft_unreviewed,not_promoted,outside_current_37_label_claim_unless_crosswalked
GF0025-2021-1-018,【一18】,GF 0025—2021 Appendix A,1,一级,18,词类,介词,引出对象,比,比,比,REF-GF0025-2021,GF 0025—2021 Chinese Proficiency Grading Standards: Appendix A,1b5e95de7216a22388709b1008569cd1f28c95737d73cecd6d3ebdc8e6278f2d,179,GF0025-2021 PDF p.179,ocr_detected,official_numbered_entry,verified_inventory,18,19,"""^比$""",,draft_unreviewed,not_promoted,outside_current_37_label_claim_unless_crosswalked
GF0025-2021-1-019,【一19】,GF 0025—2021 Appendix A,1,一级,19,词类,连词,连接词或词组,跟2、还是、和2,跟2、还是、和2,跟2、还是、和2,REF-GF0025-2021,GF 0025—2021 Chinese Proficiency Grading Standards: Appendix A,1b5e95de7216a22388709b1008569cd1f28c95737d73cecd6d3ebdc8e6278f2d,179,GF0025-2021 PDF p.179,ocr_detected,official_numbered_entry,verified_inventory,19,20,"""^(跟|还是|和)$""",,draft_unreviewed,not_promoted,outside_current_37_label_claim_unless_crosswalked
GF0025-2021-1-020,【一20】,GF 0025—2021 Appendix A,1,一级,20,词类,助词,结构助词,的1、地,的1、地,的1、地,REF-GF0025-2021,GF 0025—2021 Chinese Proficiency Grading Standards: Appendix A,1b5e95de7216a22388709b1008569cd1f28c95737d73cecd6d3ebdc8e6278f2d,179,GF0025-2021 PDF p.179,ocr_detected,official_numbered_entry,verified_inventory,20,21,"""^[的地]$""",,draft_unreviewed,not_promoted,outside_current_37_label_claim_unless_crosswalked
GF0025-2021-1-021,【一21】,GF 0025—2021 Appendix A,1,一级,21,词类,助词,动态助词,了1,了1,了1,REF-GF0025-2021,GF 0025—2021 Chinese Proficiency Grading Standards: Appendix A,1b5e95de7216a22388709b1008569cd1f28c95737d73cecd6d3ebdc8e6278f2d,179,GF0025-2021 PDF p.179,ocr_detected,official_numbered_entry,verified_inventory,21,22,"""^了$""",,draft_unreviewed,not_promoted,outside_current_37_label_claim_unless_crosswalked
GF0025-2021-1-022,【一22】,GF 0025—2021 Appendix A,1,一级,22,词类,助词,语气助词,吧1、了2、吗、呢,吧1、了2、吗、呢,吧1、了2、吗、呢,REF-GF0025-2021,GF 0025—2021 Chinese Proficiency Grading Standards: Appendix A,1b5e95de7216a22388709b1008569cd1f28c95737d73cecd6d3ebdc8e6278f2d,179,GF0025-2021 PDF p.179,ocr_detected,official_numbered_entry,verified_inventory,22,23,"""^[吧了吗呢]$""",,draft_unreviewed,not_promoted,outside_current_37_label_claim_unless_crosswalked
GF0025-2021-1-023,【一23】,GF 0025—2021 Appendix A,1,一级,23,短语,结构类型,其他结构类型,"数量短语""个，杯，本，包，块""","数量短语""个，杯，本，包，块""","数量短语""个，杯，本，包，块""",REF-GF0025-2021,GF 0025—2021 Chinese Proficiency Grading Standards: Appendix A,1b5e95de7216a22388709b1008569cd1f28c95737d73cecd6d3ebdc8e6278f2d,179,GF0025-2021 PDF p.179,ocr_detected,official_numbered_entry,verified_inventory,23,24,"""[个|杯|本|包|块]$""",,draft_unreviewed,not_promoted,outside_current_37_label_claim_unless_crosswalked
GF0025-2021-1-024,【一24】,GF 0025—2021 Appendix A,1,一级,24,句子成分,主语,,名词、代词或名词性短语作主语,名词、代词或名词性短语作主语,名词、代词或名词性短语作主语,REF-GF0025-2021,GF 0025—2021 Chinese Proficiency Grading Standards: Appendix A,1b5e95de7216a22388709b1008569cd1f28c95737d73cecd6d3ebdc8e6278f2d,179,GF0025-2021 PDF p.179,ocr_detected,official_numbered_entry,verified_inventory,24,25,,词性、主谓宾,not_available,not_promoted,outside_current_37_label_claim_unless_crosswalked
GF0025-2021-1-025,【一25】,GF 0025—2021 Appendix A,1,一级,25,句子成分,谓语,,动词或动词性短语、形容词或形容词性短语作谓语,动词或动词性短语、形容词或形容词性短语作谓语,动词或动词性短语、形容词或形容词性短语作谓语,REF-GF0025-2021,GF 0025—2021 Chinese Proficiency Grading Standards: Appendix A,1b5e95de7216a22388709b1008569cd1f28c95737d73cecd6d3ebdc8e6278f2d,180,GF0025-2021 PDF p.180,ocr_detected,official_numbered_entry,verified_inventory,25,26,,词性、主谓宾,not_available,not_promoted,outside_current_37_label_claim_unless_crosswalked
GF0025-2021-1-026,【一26】,GF 0025—2021 Appendix A,1,一级,26,句子成分,宾语,,名词、代词或名词性短语作宾语,名词、代词或名词性短语作宾语,名词、代词或名词性短语作宾语,REF-GF0025-2021,GF 0025—2021 Chinese Proficiency Grading Standards: Appendix A,1b5e95de7216a22388709b1008569cd1f28c95737d73cecd6d3ebdc8e6278f2d,180,GF0025-2021 PDF p.180,ocr_detected,official_numbered_entry,verified_inventory,26,27,,词性、主谓宾,not_available,not_promoted,outside_current_37_label_claim_unless_crosswalked
GF0025-2021-1-027,【一27】,GF 0025—2021 Appendix A,1,一级,27,句子成分,定语,,名词性词语、形容词性词语、数量短语作定语,名词性词语、形容词性词语、数量短语作定语,名词性词语、形容词性词语、数量短语作定语,REF-GF0025-2021,GF 0025—2021 Chinese Proficiency Grading Standards: Appendix A,1b5e95de7216a22388709b1008569cd1f28c95737d73cecd6d3ebdc8e6278f2d,180,GF0025-2021 PDF p.180,ocr_detected,official_numbered_entry,verified_inventory,27,28,,词性、主谓宾,not_available,not_promoted,outside_current_37_label_claim_unless_crosswalked
GF0025-2021-1-028,【一28】,GF 0025—2021 Appendix A,1,一级,28,句子成分,状语,,副词、形容词作状语； 表示时间、处所的词语作状语,副词、形容词作状语； 表示时间、处所的词语作状语,副词、形容词作状语； 表示时间、处所的词语作状语,REF-GF0025-2021,GF 0025—2021 Chinese Proficiency Grading Standards: Appendix A,1b5e95de7216a22388709b1008569cd1f28c95737d73cecd6d3ebdc8e6278f2d,180,GF0025-2021 PDF p.180,ocr_detected,official_numbered_entry,verified_inventory,28,29,,词性、主谓宾,not_available,not_promoted,outside_current_37_label_claim_unless_crosswalked
GF0025-2021-1-029,【一29】,GF 0025—2021 Appendix A,1,一级,29,句子的类型,句型,单句,主谓句1：动词谓语句,主谓句1,主谓句1：动词谓语句,REF-GF0025-2021,GF 0025—2021 Chinese Proficiency Grading Standards: Appendix A,1b5e95de7216a22388709b1008569cd1f28c95737d73cecd6d3ebdc8e6278f2d,180,GF0025-2021 PDF p.180,ocr_detected,official_numbered_entry,verified_inventory,29,30,,词性、主谓宾,not_available,not_promoted,outside_current_37_label_claim_unless_crosswalked
GF0025-2021-1-030,【一30】,GF 0025—2021 Appendix A,1,一级,30,句子的类型,句型,单句,主谓句2：形容词谓语句,主谓句2,主谓句2：形容词谓语句,REF-GF0025-2021,GF 0025—2021 Chinese Proficiency Grading Standards: Appendix A,1b5e95de7216a22388709b1008569cd1f28c95737d73cecd6d3ebdc8e6278f2d,181,GF0025-2021 PDF p.181,ocr_detected,official_numbered_entry,verified_inventory,30,31,,词性、主谓宾,not_available,not_promoted,outside_current_37_label_claim_unless_crosswalked
GF0025-2021-1-031,【一31】,GF 0025—2021 Appendix A,1,一级,31,句子的类型,句型,单句,非主谓句,非主谓句,非主谓句,REF-GF0025-2021,GF 0025—2021 Chinese Proficiency Grading Standards: Appendix A,1b5e95de7216a22388709b1008569cd1f28c95737d73cecd6d3ebdc8e6278f2d,,GF0025-2021 PDF pp.176–259,appendix_span_verified,official_numbered_entry,verified_inventory,31,32,,主谓宾,not_available,not_promoted,outside_current_37_label_claim_unless_crosswalked
GF0025-2021-1-032,【一32】,GF 0025—2021 Appendix A,1,一级,32,句子的类型,句类,陈述句,陈述句,陈述句,陈述句,REF-GF0025-2021,GF 0025—2021 Chinese Proficiency Grading Standards: Appendix A,1b5e95de7216a22388709b1008569cd1f28c95737d73cecd6d3ebdc8e6278f2d,181,GF0025-2021 PDF p.181,ocr_detected,official_numbered_entry,verified_inventory,32,33,"""。""",,draft_unreviewed,not_promoted,outside_current_37_label_claim_unless_crosswalked
GF0025-2021-1-033,【一33】,GF 0025—2021 Appendix A,1,一级,33,句子的类型,句类,疑问句,（1）是非问句:...是...吗？（2）特指问句：…什么？（3）选择问句:…(是)…还是…?（4）正反问句：.没有？/,（1）是非问句:...是...吗？（2）特指问句,（1）是非问句:...是...吗？（2）特指问句：…什么？（3）选择问句:…(是)…还是…?（4）正反问句：.没有？/,REF-GF0025-2021,GF 0025—2021 Chinese Proficiency Grading Standards: Appendix A,1b5e95de7216a22388709b1008569cd1f28c95737d73cecd6d3ebdc8e6278f2d,181,GF0025-2021 PDF p.181,ocr_detected,official_numbered_entry,verified_inventory,33,34,""".+是.+吗？|.+什么？|.+是*.+还是.+？|.+没有？""",,draft_unreviewed,not_promoted,outside_current_37_label_claim_unless_crosswalked
GF0025-2021-1-034,【一34】,GF 0025—2021 Appendix A,1,一级,34,句子的类型,句类,祈使句,祈使句,祈使句,祈使句,REF-GF0025-2021,GF 0025—2021 Chinese Proficiency Grading Standards: Appendix A,1b5e95de7216a22388709b1008569cd1f28c95737d73cecd6d3ebdc8e6278f2d,181,GF0025-2021 PDF p.181,ocr_detected,official_numbered_entry,verified_inventory,34,35,"""！""",,draft_unreviewed,not_promoted,outside_current_37_label_claim_unless_crosswalked
GF0025-2021-1-035,【一35】,GF 0025—2021 Appendix A,1,一级,35,句子的类型,句类,感叹句,感叹句,感叹句,感叹句,REF-GF0025-2021,GF 0025—2021 Chinese Proficiency Grading Standards: Appendix A,1b5e95de7216a22388709b1008569cd1f28c95737d73cecd6d3ebdc8e6278f2d,181,GF0025-2021 PDF p.181,ocr_detected,official_numbered_entry,verified_inventory,35,36,"""！""",,draft_unreviewed,not_promoted,outside_current_37_label_claim_unless_crosswalked
GF0025-2021-1-036,【一36】,GF 0025—2021 Appendix A,1,一级,36,句子的类型,特殊句型,“是”字句,（1）表示等同或类属；（2）表示说明或特征；（3）表示存在,（1）表示等同或类属；（2）表示说明或特征；（3）表示存在,（1）表示等同或类属；（2）表示说明或特征；（3）表示存在,REF-GF0025-2021,GF 0025—2021 Chinese Proficiency Grading Standards: Appendix A,1b5e95de7216a22388709b1008569cd1f28c95737d73cecd6d3ebdc8e6278f2d,182,GF0025-2021 PDF p.182,ocr_detected,official_numbered_entry,verified_inventory,36,37,,包含解释性含义,not_available,not_promoted,outside_current_37_label_claim_unless_crosswalked
GF0025-2021-1-037,【一37】,GF 0025—2021 Appendix A,1,一级,37,句子的类型,特殊句型,“有”字句,“有”字句1：（1）表示领有；（2）表示存在,“有”字句1,“有”字句1：（1）表示领有；（2）表示存在,REF-GF0025-2021,GF 0025—2021 Chinese Proficiency Grading Standards: Appendix A,1b5e95de7216a22388709b1008569cd1f28c95737d73cecd6d3ebdc8e6278f2d,182,GF0025-2021 PDF p.182,ocr_detected,official_numbered_entry,verified_inventory,37,38,,包含解释性含义,not_available,not_promoted,outside_current_37_label_claim_unless_crosswalked
GF0025-2021-1-038,【一38】,GF 0025—2021 Appendix A,1,一级,38,句子的类型,特殊句型,比较句,比较句1：（1）A比B +形容词（2）A没有B +形容词,比较句1,比较句1：（1）A比B +形容词（2）A没有B +形容词,REF-GF0025-2021,GF 0025—2021 Chinese Proficiency Grading Standards: Appendix A,1b5e95de7216a22388709b1008569cd1f28c95737d73cecd6d3ebdc8e6278f2d,182,GF0025-2021 PDF p.182,ocr_detected,official_numbered_entry,verified_inventory,38,39,,词性,not_available,not_promoted,outside_current_37_label_claim_unless_crosswalked
GF0025-2021-1-039,【一39】,GF 0025—2021 Appendix A,1,一级,39,句子的类型,复句,并列复句,（1）不用关联词语 （2）用关联词语：一边……，一边……；……，也……,（1）不用关联词语 （2）用关联词语,（1）不用关联词语 （2）用关联词语：一边……，一边……；……，也……,REF-GF0025-2021,GF 0025—2021 Chinese Proficiency Grading Standards: Appendix A,1b5e95de7216a22388709b1008569cd1f28c95737d73cecd6d3ebdc8e6278f2d,,GF0025-2021 PDF pp.176–259,appendix_span_verified,official_numbered_entry,verified_inventory,39,40,"""一边.+，一边.+|.+，也.+""",,draft_unreviewed,not_promoted,outside_current_37_label_claim_unless_crosswalked
GF0025-2021-1-040,【一40】,GF 0025—2021 Appendix A,1,一级,40,动作的态,动作的态,变化态,用语气助词“了2”表示,用语气助词“了2”表示,用语气助词“了2”表示,REF-GF0025-2021,GF 0025—2021 Chinese Proficiency Grading Standards: Appendix A,1b5e95de7216a22388709b1008569cd1f28c95737d73cecd6d3ebdc8e6278f2d,183,GF0025-2021 PDF p.183,ocr_detected,official_numbered_entry,verified_inventory,40,41,"""了$""",,draft_unreviewed,not_promoted,outside_current_37_label_claim_unless_crosswalked
GF0025-2021-1-041,【一41】,GF 0025—2021 Appendix A,1,一级,41,动作的态,动作的态,完成态,用动态助词“了1”表示,用动态助词“了1”表示,用动态助词“了1”表示,REF-GF0025-2021,GF 0025—2021 Chinese Proficiency Grading Standards: Appendix A,1b5e95de7216a22388709b1008569cd1f28c95737d73cecd6d3ebdc8e6278f2d,183,GF0025-2021 PDF p.183,ocr_detected,official_numbered_entry,verified_inventory,41,42,"""了$""",,draft_unreviewed,not_promoted,outside_current_37_label_claim_unless_crosswalked
GF0025-2021-1-042,【一42】,GF 0025—2021 Appendix A,1,一级,42,动作的态,动作的态,进行态,（1）……在/正在+动词 （2）……在/正/正在+动词……+呢 （3）……呢,（1）……在/正在+动词 （2）……在/正/正在+动词……+呢 （3）……呢,（1）……在/正在+动词 （2）……在/正/正在+动词……+呢 （3）……呢,REF-GF0025-2021,GF 0025—2021 Chinese Proficiency Grading Standards: Appendix A,1b5e95de7216a22388709b1008569cd1f28c95737d73cecd6d3ebdc8e6278f2d,183,GF0025-2021 PDF p.183,ocr_detected,official_numbered_entry,verified_inventory,42,43,,词性,not_available,not_promoted,outside_current_37_label_claim_unless_crosswalked
GF0025-2021-1-043,【一43】,GF 0025—2021 Appendix A,1,一级,43,特殊表达法,数的表示法,,钱数表示法,钱数表示法,钱数表示法,REF-GF0025-2021,GF 0025—2021 Chinese Proficiency Grading Standards: Appendix A,1b5e95de7216a22388709b1008569cd1f28c95737d73cecd6d3ebdc8e6278f2d,183,GF0025-2021 PDF p.183,ocr_detected,official_numbered_entry,verified_inventory,43,44,,包含解释性含义,not_available,not_promoted,outside_current_37_label_claim_unless_crosswalked
GF0025-2021-1-044,【一44】,GF 0025—2021 Appendix A,1,一级,44,特殊表达法,时间表示法,,（1）年、月、日、星期表示法（2）钟点表示法,（1）年、月、日、星期表示法（2）钟点表示法,（1）年、月、日、星期表示法（2）钟点表示法,REF-GF0025-2021,GF 0025—2021 Chinese Proficiency Grading Standards: Appendix A,1b5e95de7216a22388709b1008569cd1f28c95737d73cecd6d3ebdc8e6278f2d,184,GF0025-2021 PDF p.184,ocr_detected,official_numbered_entry,verified_inventory,44,45,"""((19|20)\d{2})年([1-9]|1[012])月([1-9]|[12]\d|3[01])(日|号)|([一二三四五六七八九十]|十一|十二)月([二三]?十?[一二三四五六七八九]|[二三]?十)(日|号)|星期[一二三四五六日]|([一二两三四五六七八九十]|十一|十二|[1-9]|1[012])点((零[一二三四五六七八九]|[二三四五]十([一二三四五六七八九])?)分|半|整|[一三]刻)?|(0?\d|1\d|2[0-4]):(0?\d|[1-5]\d)""",,draft_unreviewed,not_promoted,outside_current_37_label_claim_unless_crosswalked
GF0025-2021-1-045,【一45】,GF 0025—2021 Appendix A,1,一级,45,提问的方法,未细分,,用“吗”提问,用“吗”提问,用“吗”提问,REF-GF0025-2021,GF 0025—2021 Chinese Proficiency Grading Standards: Appendix A,1b5e95de7216a22388709b1008569cd1f28c95737d73cecd6d3ebdc8e6278f2d,184,GF0025-2021 PDF p.184,ocr_detected,official_numbered_entry,verified_inventory,45,46,"""吗？""",,draft_unreviewed,not_promoted,outside_current_37_label_claim_unless_crosswalked
GF0025-2021-1-046,【一46】,GF 0025—2021 Appendix A,1,一级,46,提问的方法,未细分,,用“多、多少、几、哪、哪儿、哪里、哪些、什么、谁、怎么”提问,用“多、多少、几、哪、哪儿、哪里、哪些、什么、谁、怎么”提问,用“多、多少、几、哪、哪儿、哪里、哪些、什么、谁、怎么”提问,REF-GF0025-2021,GF 0025—2021 Chinese Proficiency Grading Standards: Appendix A,1b5e95de7216a22388709b1008569cd1f28c95737d73cecd6d3ebdc8e6278f2d,184,GF0025-2021 PDF p.184,ocr_detected,official_numbered_entry,verified_inventory,46,47,"""(多|多少|几|哪|哪儿|哪里|哪些|什么|谁|怎么).+？""",,draft_unreviewed,not_promoted,outside_current_37_label_claim_unless_crosswalked
GF0025-2021-1-047,【一47】,GF 0025—2021 Appendix A,1,一级,47,提问的方法,未细分,,用“还是”提问,用“还是”提问,用“还是”提问,REF-GF0025-2021,GF 0025—2021 Chinese Proficiency Grading Standards: Appendix A,1b5e95de7216a22388709b1008569cd1f28c95737d73cecd6d3ebdc8e6278f2d,184,GF0025-2021 PDF p.184,ocr_detected,official_numbered_entry,verified_inventory,47,48,"""还是.+？""",,draft_unreviewed,not_promoted,outside_current_37_label_claim_unless_crosswalked
GF0025-2021-1-048,【一48】,GF 0025—2021 Appendix A,1,一级,48,提问的方法,未细分,,用正反疑问形式提问：...没有？/ A不A？,用正反疑问形式提问,用正反疑问形式提问：...没有？/ A不A？,REF-GF0025-2021,GF 0025—2021 Chinese Proficiency Grading Standards: Appendix A,1b5e95de7216a22388709b1008569cd1f28c95737d73cecd6d3ebdc8e6278f2d,184,GF0025-2021 PDF p.184,ocr_detected,official_numbered_entry,verified_inventory,48,49,""".+没有？|([一-龥])不\\1？""",,draft_unreviewed,not_promoted,outside_current_37_label_claim_unless_crosswalked
GF0025-2021-2-001,【二01】,GF 0025—2021 Appendix A,2,二级,1,词类,动词,能愿动词,（1）可能；（2）可以,（1）可能；（2）可以,（1）可能；（2）可以,REF-GF0025-2021,GF 0025—2021 Chinese Proficiency Grading Standards: Appendix A,1b5e95de7216a22388709b1008569cd1f28c95737d73cecd6d3ebdc8e6278f2d,185,GF0025-2021 PDF p.185,ocr_detected,official_numbered_entry,verified_inventory,49,50,"""^(可能|可以)$""",,draft_unreviewed,not_promoted,outside_current_37_label_claim_unless_crosswalked
GF0025-2021-2-002,【二02】,GF 0025—2021 Appendix A,2,二级,2,词类,动词,能愿动词,该、应该,该、应该,该、应该,REF-GF0025-2021,GF 0025—2021 Chinese Proficiency Grading Standards: Appendix A,1b5e95de7216a22388709b1008569cd1f28c95737d73cecd6d3ebdc8e6278f2d,185,GF0025-2021 PDF p.185,ocr_detected,official_numbered_entry,verified_inventory,50,51,"""^(该|应该)$""",,draft_unreviewed,not_promoted,outside_current_37_label_claim_unless_crosswalked
GF0025-2021-2-003,【二03】,GF 0025—2021 Appendix A,2,二级,3,词类,动词,能愿动词,愿意,愿意,愿意,REF-GF0025-2021,GF 0025—2021 Chinese Proficiency Grading Standards: Appendix A,1b5e95de7216a22388709b1008569cd1f28c95737d73cecd6d3ebdc8e6278f2d,185,GF0025-2021 PDF p.185,ocr_detected,official_numbered_entry,verified_inventory,51,52,"""^愿意$""",,draft_unreviewed,not_promoted,outside_current_37_label_claim_unless_crosswalked
GF0025-2021-2-004,【二04】,GF 0025—2021 Appendix A,2,二级,4,词类,动词,动词重叠,动词重叠：AA、A一A、A了A、ABAB,动词重叠,动词重叠：AA、A一A、A了A、ABAB,REF-GF0025-2021,GF 0025—2021 Chinese Proficiency Grading Standards: Appendix A,1b5e95de7216a22388709b1008569cd1f28c95737d73cecd6d3ebdc8e6278f2d,185,GF0025-2021 PDF p.185,ocr_detected,official_numbered_entry,verified_inventory,52,53,"""([一-龥])\\1|([一-龥])一\\1|([一-龥])了\\1|([一-龥])([一-龥])\\1\\2""",,draft_unreviewed,not_promoted,outside_current_37_label_claim_unless_crosswalked
GF0025-2021-2-005,【二05】,GF 0025—2021 Appendix A,2,二级,5,词类,代词,疑问代词,多久、为什么、怎么样、怎样,多久、为什么、怎么样、怎样,多久、为什么、怎么样、怎样,REF-GF0025-2021,GF 0025—2021 Chinese Proficiency Grading Standards: Appendix A,1b5e95de7216a22388709b1008569cd1f28c95737d73cecd6d3ebdc8e6278f2d,185,GF0025-2021 PDF p.185,ocr_detected,official_numbered_entry,verified_inventory,53,54,"""^(多久|为什么|怎么样|怎样)$""",,draft_unreviewed,not_promoted,outside_current_37_label_claim_unless_crosswalked
GF0025-2021-2-006,【二06】,GF 0025—2021 Appendix A,2,二级,6,词类,代词,人称代词,别人、大家、它、它们、咱、咱们、自己,别人、大家、它、它们、咱、咱们、自己,别人、大家、它、它们、咱、咱们、自己,REF-GF0025-2021,GF 0025—2021 Chinese Proficiency Grading Standards: Appendix A,1b5e95de7216a22388709b1008569cd1f28c95737d73cecd6d3ebdc8e6278f2d,185,GF0025-2021 PDF p.185,ocr_detected,official_numbered_entry,verified_inventory,54,55,"""^(别人|大家|它|它们|咱|咱们|自己)$""",,draft_unreviewed,not_promoted,outside_current_37_label_claim_unless_crosswalked
GF0025-2021-2-007,【二07】,GF 0025—2021 Appendix A,2,二级,7,词类,代词,指示代词,那么、那样、这么、这样,那么、那样、这么、这样,那么、那样、这么、这样,REF-GF0025-2021,GF 0025—2021 Chinese Proficiency Grading Standards: Appendix A,1b5e95de7216a22388709b1008569cd1f28c95737d73cecd6d3ebdc8e6278f2d,186,GF0025-2021 PDF p.186,ocr_detected,official_numbered_entry,verified_inventory,55,56,"""^(那么|那样|这么|这样)$""",,draft_unreviewed,not_promoted,outside_current_37_label_claim_unless_crosswalked
GF0025-2021-2-008,【二08】,GF 0025—2021 Appendix A,2,二级,8,词类,形容词,形容词重叠,AA、AABB,AA、AABB,AA、AABB,REF-GF0025-2021,GF 0025—2021 Chinese Proficiency Grading Standards: Appendix A,1b5e95de7216a22388709b1008569cd1f28c95737d73cecd6d3ebdc8e6278f2d,186,GF0025-2021 PDF p.186,ocr_detected,official_numbered_entry,verified_inventory,56,57,"""^([一-龥])\\1$|^([一-龥])\\1([一-龥])\\2$""",,draft_unreviewed,not_promoted,outside_current_37_label_claim_unless_crosswalked
GF0025-2021-2-009,【二09】,GF 0025—2021 Appendix A,2,二级,9,词类,数词,,千、万、亿,千、万、亿,千、万、亿,REF-GF0025-2021,GF 0025—2021 Chinese Proficiency Grading Standards: Appendix A,1b5e95de7216a22388709b1008569cd1f28c95737d73cecd6d3ebdc8e6278f2d,186,GF0025-2021 PDF p.186,ocr_detected,official_numbered_entry,verified_inventory,57,58,"""^[千万亿]$""",,draft_unreviewed,not_promoted,outside_current_37_label_claim_unless_crosswalked
GF0025-2021-2-010,【二10】,GF 0025—2021 Appendix A,2,二级,10,词类,量词,名量词,层、封、件、条、位,层、封、件、条、位,层、封、件、条、位,REF-GF0025-2021,GF 0025—2021 Chinese Proficiency Grading Standards: Appendix A,1b5e95de7216a22388709b1008569cd1f28c95737d73cecd6d3ebdc8e6278f2d,186,GF0025-2021 PDF p.186,ocr_detected,official_numbered_entry,verified_inventory,58,59,"""^[层封件条位]$""",,draft_unreviewed,not_promoted,outside_current_37_label_claim_unless_crosswalked
GF0025-2021-2-011,【二11】,GF 0025—2021 Appendix A,2,二级,11,词类,量词,动量词,遍、次、场、回、下,遍、次、场、回、下,遍、次、场、回、下,REF-GF0025-2021,GF 0025—2021 Chinese Proficiency Grading Standards: Appendix A,1b5e95de7216a22388709b1008569cd1f28c95737d73cecd6d3ebdc8e6278f2d,186,GF0025-2021 PDF p.186,ocr_detected,official_numbered_entry,verified_inventory,59,60,"""^[遍次场回下]$""",,draft_unreviewed,not_promoted,outside_current_37_label_claim_unless_crosswalked
GF0025-2021-2-012,【二12】,GF 0025—2021 Appendix A,2,二级,12,词类,量词,时量词,分钟、年、天、周,分钟、年、天、周,分钟、年、天、周,REF-GF0025-2021,GF 0025—2021 Chinese Proficiency Grading Standards: Appendix A,1b5e95de7216a22388709b1008569cd1f28c95737d73cecd6d3ebdc8e6278f2d,,GF0025-2021 PDF pp.176–259,appendix_span_verified,official_numbered_entry,verified_inventory,60,61,"""^(分钟|年|天|周)$""",,draft_unreviewed,not_promoted,outside_current_37_label_claim_unless_crosswalked
GF0025-2021-2-013,【二13】,GF 0025—2021 Appendix A,2,二级,13,词类,副词,程度副词,多、多么、好、更、十分、特别、挺、有（一）点儿,多、多么、好、更、十分、特别、挺、有（一）点儿,多、多么、好、更、十分、特别、挺、有（一）点儿,REF-GF0025-2021,GF 0025—2021 Chinese Proficiency Grading Standards: Appendix A,1b5e95de7216a22388709b1008569cd1f28c95737d73cecd6d3ebdc8e6278f2d,186,GF0025-2021 PDF p.186,ocr_detected,official_numbered_entry,verified_inventory,61,62,"""^(多|多么|好|更|十分|特别|挺|有一*点儿)$""",,draft_unreviewed,not_promoted,outside_current_37_label_claim_unless_crosswalked
GF0025-2021-2-014,【二14】,GF 0025—2021 Appendix A,2,二级,14,词类,副词,范围、协同副词,全、一共、只,全、一共、只,全、一共、只,REF-GF0025-2021,GF 0025—2021 Chinese Proficiency Grading Standards: Appendix A,1b5e95de7216a22388709b1008569cd1f28c95737d73cecd6d3ebdc8e6278f2d,,GF0025-2021 PDF pp.176–259,appendix_span_verified,official_numbered_entry,verified_inventory,62,63,"""^(全|一共|只)$""",,draft_unreviewed,not_promoted,outside_current_37_label_claim_unless_crosswalked
GF0025-2021-2-015,【二15】,GF 0025—2021 Appendix A,2,二级,15,词类,副词,时间副词,刚、刚刚、还2、忽然、一直、已经,刚、刚刚、还2、忽然、一直、已经,刚、刚刚、还2、忽然、一直、已经,REF-GF0025-2021,GF 0025—2021 Chinese Proficiency Grading Standards: Appendix A,1b5e95de7216a22388709b1008569cd1f28c95737d73cecd6d3ebdc8e6278f2d,,GF0025-2021 PDF pp.176–259,appendix_span_verified,official_numbered_entry,verified_inventory,63,64,"""^(刚|刚刚|还|忽然|一直|已经)$""",,draft_unreviewed,not_promoted,outside_current_37_label_claim_unless_crosswalked
GF0025-2021-2-016,【二16】,GF 0025—2021 Appendix A,2,二级,16,词类,副词,频率、重复副词,重新、经常、老、老是、又,重新、经常、老、老是、又,重新、经常、老、老是、又,REF-GF0025-2021,GF 0025—2021 Chinese Proficiency Grading Standards: Appendix A,1b5e95de7216a22388709b1008569cd1f28c95737d73cecd6d3ebdc8e6278f2d,187,GF0025-2021 PDF p.187,ocr_detected,official_numbered_entry,verified_inventory,64,65,"""^(重新|经常|老|老是|又)$""",,draft_unreviewed,not_promoted,outside_current_37_label_claim_unless_crosswalked
GF0025-2021-2-017,【二17】,GF 0025—2021 Appendix A,2,二级,17,词类,副词,关联副词,就1,就1,就1,REF-GF0025-2021,GF 0025—2021 Chinese Proficiency Grading Standards: Appendix A,1b5e95de7216a22388709b1008569cd1f28c95737d73cecd6d3ebdc8e6278f2d,187,GF0025-2021 PDF p.187,ocr_detected,official_numbered_entry,verified_inventory,65,66,"""^就$""",,draft_unreviewed,not_promoted,outside_current_37_label_claim_unless_crosswalked
GF0025-2021-2-018,【二18】,GF 0025—2021 Appendix A,2,二级,18,词类,副词,方式副词,故意,故意,故意,REF-GF0025-2021,GF 0025—2021 Chinese Proficiency Grading Standards: Appendix A,1b5e95de7216a22388709b1008569cd1f28c95737d73cecd6d3ebdc8e6278f2d,,GF0025-2021 PDF pp.176–259,appendix_span_verified,official_numbered_entry,verified_inventory,66,67,"""^故意$""",,draft_unreviewed,not_promoted,outside_current_37_label_claim_unless_crosswalked
GF0025-2021-2-019,【二19】,GF 0025—2021 Appendix A,2,二级,19,词类,副词,情态副词,必须、差不多、好像、也许,必须、差不多、好像、也许,必须、差不多、好像、也许,REF-GF0025-2021,GF 0025—2021 Chinese Proficiency Grading Standards: Appendix A,1b5e95de7216a22388709b1008569cd1f28c95737d73cecd6d3ebdc8e6278f2d,187,GF0025-2021 PDF p.187,ocr_detected,official_numbered_entry,verified_inventory,67,68,"""^(必须|差不多|好像|也许)$""",,draft_unreviewed,not_promoted,outside_current_37_label_claim_unless_crosswalked
GF0025-2021-2-020,【二20】,GF 0025—2021 Appendix A,2,二级,20,词类,副词,语气副词,才1、都2、就2、正好,才1、都2、就2、正好,才1、都2、就2、正好,REF-GF0025-2021,GF 0025—2021 Chinese Proficiency Grading Standards: Appendix A,1b5e95de7216a22388709b1008569cd1f28c95737d73cecd6d3ebdc8e6278f2d,188,GF0025-2021 PDF p.188,ocr_detected,official_numbered_entry,verified_inventory,68,69,"""^(才|都|就|正好)$""",,draft_unreviewed,not_promoted,outside_current_37_label_claim_unless_crosswalked
GF0025-2021-2-021,【二21】,GF 0025—2021 Appendix A,2,二级,21,词类,介词,引出时间、处所,当,当,当,REF-GF0025-2021,GF 0025—2021 Chinese Proficiency Grading Standards: Appendix A,1b5e95de7216a22388709b1008569cd1f28c95737d73cecd6d3ebdc8e6278f2d,188,GF0025-2021 PDF p.188,ocr_detected,official_numbered_entry,verified_inventory,69,70,"""^当$""",,draft_unreviewed,not_promoted,outside_current_37_label_claim_unless_crosswalked
GF0025-2021-2-022,【二22】,GF 0025—2021 Appendix A,2,二级,22,词类,介词,引出方向、路径,往,往,往,REF-GF0025-2021,GF 0025—2021 Chinese Proficiency Grading Standards: Appendix A,1b5e95de7216a22388709b1008569cd1f28c95737d73cecd6d3ebdc8e6278f2d,188,GF0025-2021 PDF p.188,ocr_detected,official_numbered_entry,verified_inventory,70,71,"^往$""",,draft_unreviewed,not_promoted,outside_current_37_label_claim_unless_crosswalked
GF0025-2021-2-023,【二23】,GF 0025—2021 Appendix A,2,二级,23,词类,介词,引出方向、路径,向1,向1,向1,REF-GF0025-2021,GF 0025—2021 Chinese Proficiency Grading Standards: Appendix A,1b5e95de7216a22388709b1008569cd1f28c95737d73cecd6d3ebdc8e6278f2d,188,GF0025-2021 PDF p.188,ocr_detected,official_numbered_entry,verified_inventory,71,72,"""^向$""",,draft_unreviewed,not_promoted,outside_current_37_label_claim_unless_crosswalked
GF0025-2021-2-024,【二24】,GF 0025—2021 Appendix A,2,二级,24,词类,介词,引出方向、路径,从2,从2,从2,REF-GF0025-2021,GF 0025—2021 Chinese Proficiency Grading Standards: Appendix A,1b5e95de7216a22388709b1008569cd1f28c95737d73cecd6d3ebdc8e6278f2d,188,GF0025-2021 PDF p.188,ocr_detected,official_numbered_entry,verified_inventory,72,73,"""^从$""",,draft_unreviewed,not_promoted,outside_current_37_label_claim_unless_crosswalked
GF0025-2021-2-025,【二25】,GF 0025—2021 Appendix A,2,二级,25,词类,介词,引出对象,对,对,对,REF-GF0025-2021,GF 0025—2021 Chinese Proficiency Grading Standards: Appendix A,1b5e95de7216a22388709b1008569cd1f28c95737d73cecd6d3ebdc8e6278f2d,188,GF0025-2021 PDF p.188,ocr_detected,official_numbered_entry,verified_inventory,73,74,"""^对$""",,draft_unreviewed,not_promoted,outside_current_37_label_claim_unless_crosswalked
GF0025-2021-2-026,【二26】,GF 0025—2021 Appendix A,2,二级,26,词类,介词,引出对象,给,给,给,REF-GF0025-2021,GF 0025—2021 Chinese Proficiency Grading Standards: Appendix A,1b5e95de7216a22388709b1008569cd1f28c95737d73cecd6d3ebdc8e6278f2d,188,GF0025-2021 PDF p.188,ocr_detected,official_numbered_entry,verified_inventory,74,75,"""^给$""",,draft_unreviewed,not_promoted,outside_current_37_label_claim_unless_crosswalked
GF0025-2021-2-027,【二27】,GF 0025—2021 Appendix A,2,二级,27,词类,介词,引出对象,离,离,离,REF-GF0025-2021,GF 0025—2021 Chinese Proficiency Grading Standards: Appendix A,1b5e95de7216a22388709b1008569cd1f28c95737d73cecd6d3ebdc8e6278f2d,188,GF0025-2021 PDF p.188,ocr_detected,official_numbered_entry,verified_inventory,75,76,"""^离$""",,draft_unreviewed,not_promoted,outside_current_37_label_claim_unless_crosswalked
GF0025-2021-2-028,【二28】,GF 0025—2021 Appendix A,2,二级,28,词类,介词,引出目的、原因,为1,为1,为1,REF-GF0025-2021,GF 0025—2021 Chinese Proficiency Grading Standards: Appendix A,1b5e95de7216a22388709b1008569cd1f28c95737d73cecd6d3ebdc8e6278f2d,189,GF0025-2021 PDF p.189,ocr_detected,official_numbered_entry,verified_inventory,76,77,"""^为$""",,draft_unreviewed,not_promoted,outside_current_37_label_claim_unless_crosswalked
GF0025-2021-2-029,【二29】,GF 0025—2021 Appendix A,2,二级,29,词类,连词,连接词或词组,或、或者,或、或者,或、或者,REF-GF0025-2021,GF 0025—2021 Chinese Proficiency Grading Standards: Appendix A,1b5e95de7216a22388709b1008569cd1f28c95737d73cecd6d3ebdc8e6278f2d,189,GF0025-2021 PDF p.189,ocr_detected,official_numbered_entry,verified_inventory,77,78,"""^(或|或者)$""",,draft_unreviewed,not_promoted,outside_current_37_label_claim_unless_crosswalked
GF0025-2021-2-030,【二30】,GF 0025—2021 Appendix A,2,二级,30,词类,连词,连接分句或句子,不过、但、但是、而且、那、如果、虽然、只要,不过、但、但是、而且、那、如果、虽然、只要,不过、但、但是、而且、那、如果、虽然、只要,REF-GF0025-2021,GF 0025—2021 Chinese Proficiency Grading Standards: Appendix A,1b5e95de7216a22388709b1008569cd1f28c95737d73cecd6d3ebdc8e6278f2d,189,GF0025-2021 PDF p.189,ocr_detected,official_numbered_entry,verified_inventory,78,79,"""^(不过|但|但是|而且|那|如果|虽然|只要)$""",,draft_unreviewed,not_promoted,outside_current_37_label_claim_unless_crosswalked
GF0025-2021-2-031,【二31】,GF 0025—2021 Appendix A,2,二级,31,词类,助词,结构助词,得,得,得,REF-GF0025-2021,GF 0025—2021 Chinese Proficiency Grading Standards: Appendix A,1b5e95de7216a22388709b1008569cd1f28c95737d73cecd6d3ebdc8e6278f2d,189,GF0025-2021 PDF p.189,ocr_detected,official_numbered_entry,verified_inventory,79,80,"""^得$""",,draft_unreviewed,not_promoted,outside_current_37_label_claim_unless_crosswalked
GF0025-2021-2-032,【二32】,GF 0025—2021 Appendix A,2,二级,32,词类,助词,动态助词,过,过,过,REF-GF0025-2021,GF 0025—2021 Chinese Proficiency Grading Standards: Appendix A,1b5e95de7216a22388709b1008569cd1f28c95737d73cecd6d3ebdc8e6278f2d,189,GF0025-2021 PDF p.189,ocr_detected,official_numbered_entry,verified_inventory,80,81,"""^过$""",,draft_unreviewed,not_promoted,outside_current_37_label_claim_unless_crosswalked
GF0025-2021-2-033,【二33】,GF 0025—2021 Appendix A,2,二级,33,词类,助词,,着,着,着,REF-GF0025-2021,GF 0025—2021 Chinese Proficiency Grading Standards: Appendix A,1b5e95de7216a22388709b1008569cd1f28c95737d73cecd6d3ebdc8e6278f2d,189,GF0025-2021 PDF p.189,ocr_detected,official_numbered_entry,verified_inventory,81,82,"""^着$""",,draft_unreviewed,not_promoted,outside_current_37_label_claim_unless_crosswalked
GF0025-2021-2-034,【二34】,GF 0025—2021 Appendix A,2,二级,34,词类,助词,语气助词,啊1、吧2、的2,啊1、吧2、的2,啊1、吧2、的2,REF-GF0025-2021,GF 0025—2021 Chinese Proficiency Grading Standards: Appendix A,1b5e95de7216a22388709b1008569cd1f28c95737d73cecd6d3ebdc8e6278f2d,189,GF0025-2021 PDF p.189,ocr_detected,official_numbered_entry,verified_inventory,82,83,"""^(啊|吧|的)$""",,draft_unreviewed,not_promoted,outside_current_37_label_claim_unless_crosswalked
GF0025-2021-2-035,【二35】,GF 0025—2021 Appendix A,2,二级,35,词类,助词,其他助词,的话、等,的话、等,的话、等,REF-GF0025-2021,GF 0025—2021 Chinese Proficiency Grading Standards: Appendix A,1b5e95de7216a22388709b1008569cd1f28c95737d73cecd6d3ebdc8e6278f2d,189,GF0025-2021 PDF p.189,ocr_detected,official_numbered_entry,verified_inventory,83,84,"""^(的话|等)$""",,draft_unreviewed,not_promoted,outside_current_37_label_claim_unless_crosswalked
GF0025-2021-2-036,【二36】,GF 0025—2021 Appendix A,2,二级,36,词类,叹词,,喂,喂,喂,REF-GF0025-2021,GF 0025—2021 Chinese Proficiency Grading Standards: Appendix A,1b5e95de7216a22388709b1008569cd1f28c95737d73cecd6d3ebdc8e6278f2d,190,GF0025-2021 PDF p.190,ocr_detected,official_numbered_entry,verified_inventory,84,85,"""^喂$""",,draft_unreviewed,not_promoted,outside_current_37_label_claim_unless_crosswalked
GF0025-2021-2-037,【二37】,GF 0025—2021 Appendix A,2,二级,37,短语,结构类型,基本结构类型,基本结构类型：（1）联合短语（2）偏正短语（3）动宾短语（4）动补短语（5）主谓短语,基本结构类型,基本结构类型：（1）联合短语（2）偏正短语（3）动宾短语（4）动补短语（5）主谓短语,REF-GF0025-2021,GF 0025—2021 Chinese Proficiency Grading Standards: Appendix A,1b5e95de7216a22388709b1008569cd1f28c95737d73cecd6d3ebdc8e6278f2d,190,GF0025-2021 PDF p.190,ocr_detected,official_numbered_entry,verified_inventory,85,86,,主谓宾,not_available,not_promoted,outside_current_37_label_claim_unless_crosswalked
GF0025-2021-2-038,【二38】,GF 0025—2021 Appendix A,2,二级,38,短语,结构类型,其他结构类型,其他结构类型1：（1）“的”字短语（2）连谓短语,其他结构类型1,其他结构类型1：（1）“的”字短语（2）连谓短语,REF-GF0025-2021,GF 0025—2021 Chinese Proficiency Grading Standards: Appendix A,1b5e95de7216a22388709b1008569cd1f28c95737d73cecd6d3ebdc8e6278f2d,190,GF0025-2021 PDF p.190,ocr_detected,official_numbered_entry,verified_inventory,86,87,,主谓宾,not_available,not_promoted,outside_current_37_label_claim_unless_crosswalked
GF0025-2021-2-039,【二39】,GF 0025—2021 Appendix A,2,二级,39,短语,功能类型,,名词性短语,名词性短语,名词性短语,REF-GF0025-2021,GF 0025—2021 Chinese Proficiency Grading Standards: Appendix A,1b5e95de7216a22388709b1008569cd1f28c95737d73cecd6d3ebdc8e6278f2d,190,GF0025-2021 PDF p.190,ocr_detected,official_numbered_entry,verified_inventory,87,88,,词性,not_available,not_promoted,outside_current_37_label_claim_unless_crosswalked
GF0025-2021-2-040,【二40】,GF 0025—2021 Appendix A,2,二级,40,短语,功能类型,,动词性短语,动词性短语,动词性短语,REF-GF0025-2021,GF 0025—2021 Chinese Proficiency Grading Standards: Appendix A,1b5e95de7216a22388709b1008569cd1f28c95737d73cecd6d3ebdc8e6278f2d,190,GF0025-2021 PDF p.190,ocr_detected,official_numbered_entry,verified_inventory,88,89,,词性,not_available,not_promoted,outside_current_37_label_claim_unless_crosswalked
GF0025-2021-2-041,【二41】,GF 0025—2021 Appendix A,2,二级,41,短语,功能类型,,形容词性短语,形容词性短语,形容词性短语,REF-GF0025-2021,GF 0025—2021 Chinese Proficiency Grading Standards: Appendix A,1b5e95de7216a22388709b1008569cd1f28c95737d73cecd6d3ebdc8e6278f2d,190,GF0025-2021 PDF p.190,ocr_detected,official_numbered_entry,verified_inventory,89,90,,词性,not_available,not_promoted,outside_current_37_label_claim_unless_crosswalked
GF0025-2021-2-042,【二42】,GF 0025—2021 Appendix A,2,二级,42,短语,固定短语,其他,不一会儿,不一会儿,不一会儿,REF-GF0025-2021,GF 0025—2021 Chinese Proficiency Grading Standards: Appendix A,1b5e95de7216a22388709b1008569cd1f28c95737d73cecd6d3ebdc8e6278f2d,191,GF0025-2021 PDF p.191,ocr_detected,official_numbered_entry,verified_inventory,90,91,"""不一会儿""",,draft_unreviewed,not_promoted,outside_current_37_label_claim_unless_crosswalked
GF0025-2021-2-043,【二43】,GF 0025—2021 Appendix A,2,二级,43,短语,固定短语,其他,什么的,什么的,什么的,REF-GF0025-2021,GF 0025—2021 Chinese Proficiency Grading Standards: Appendix A,1b5e95de7216a22388709b1008569cd1f28c95737d73cecd6d3ebdc8e6278f2d,191,GF0025-2021 PDF p.191,ocr_detected,official_numbered_entry,verified_inventory,91,92,"""什么的""",,draft_unreviewed,not_promoted,outside_current_37_label_claim_unless_crosswalked
GF0025-2021-2-044,【二44】,GF 0025—2021 Appendix A,2,二级,44,短语,固定短语,其他,越来越,越来越,越来越,REF-GF0025-2021,GF 0025—2021 Chinese Proficiency Grading Standards: Appendix A,1b5e95de7216a22388709b1008569cd1f28c95737d73cecd6d3ebdc8e6278f2d,191,GF0025-2021 PDF p.191,ocr_detected,official_numbered_entry,verified_inventory,92,93,"""越来越""",,draft_unreviewed,not_promoted,outside_current_37_label_claim_unless_crosswalked
GF0025-2021-2-045,【二45】,GF 0025—2021 Appendix A,2,二级,45,固定格式,未细分,,还是……吧,还是……吧,还是……吧,REF-GF0025-2021,GF 0025—2021 Chinese Proficiency Grading Standards: Appendix A,1b5e95de7216a22388709b1008569cd1f28c95737d73cecd6d3ebdc8e6278f2d,191,GF0025-2021 PDF p.191,ocr_detected,official_numbered_entry,verified_inventory,93,94,"""还是.+吧""",,draft_unreviewed,not_promoted,outside_current_37_label_claim_unless_crosswalked
GF0025-2021-2-046,【二46】,GF 0025—2021 Appendix A,2,二级,46,固定格式,未细分,,又……又……,又……又……,又……又……,REF-GF0025-2021,GF 0025—2021 Chinese Proficiency Grading Standards: Appendix A,1b5e95de7216a22388709b1008569cd1f28c95737d73cecd6d3ebdc8e6278f2d,,GF0025-2021 PDF pp.176–259,appendix_span_verified,official_numbered_entry,verified_inventory,94,95,"""又.+又.+""",,draft_unreviewed,not_promoted,outside_current_37_label_claim_unless_crosswalked
GF0025-2021-2-047,【二47】,GF 0025—2021 Appendix A,2,二级,47,固定格式,未细分,,（在）……以前/以后/前/后,（在）……以前/以后/前/后,（在）……以前/以后/前/后,REF-GF0025-2021,GF 0025—2021 Chinese Proficiency Grading Standards: Appendix A,1b5e95de7216a22388709b1008569cd1f28c95737d73cecd6d3ebdc8e6278f2d,,GF0025-2021 PDF pp.176–259,appendix_span_verified,official_numbered_entry,verified_inventory,95,96,"""在*.+(以前|以后|前|后)""",,draft_unreviewed,not_promoted,outside_current_37_label_claim_unless_crosswalked
GF0025-2021-2-048,【二48】,GF 0025—2021 Appendix A,2,二级,48,句子成分,谓语,,名词、代词、数词、数量短语、名词性短语作谓语,名词、代词、数词、数量短语、名词性短语作谓语,名词、代词、数词、数量短语、名词性短语作谓语,REF-GF0025-2021,GF 0025—2021 Chinese Proficiency Grading Standards: Appendix A,1b5e95de7216a22388709b1008569cd1f28c95737d73cecd6d3ebdc8e6278f2d,191,GF0025-2021 PDF p.191,ocr_detected,official_numbered_entry,verified_inventory,96,97,,词性、主谓宾,not_available,not_promoted,outside_current_37_label_claim_unless_crosswalked
GF0025-2021-2-049,【二49】,GF 0025—2021 Appendix A,2,二级,49,句子成分,补语,结果补语,结果补语1：动词+错/懂/干净/好/会/清楚/完,结果补语1,结果补语1：动词+错/懂/干净/好/会/清楚/完,REF-GF0025-2021,GF 0025—2021 Chinese Proficiency Grading Standards: Appendix A,1b5e95de7216a22388709b1008569cd1f28c95737d73cecd6d3ebdc8e6278f2d,192,GF0025-2021 PDF p.192,ocr_detected,official_numbered_entry,verified_inventory,97,98,,主谓宾,not_available,not_promoted,outside_current_37_label_claim_unless_crosswalked
GF0025-2021-2-050,【二50】,GF 0025—2021 Appendix A,2,二级,50,句子成分,补语,趋向补语,趋向补语1 简单趋向补语的趋向意义用法： （1）动词+来/去（2）动词+上/下/进/出/起/过/回/开,趋向补语1 简单趋向补语的趋向意义用法,趋向补语1 简单趋向补语的趋向意义用法： （1）动词+来/去（2）动词+上/下/进/出/起/过/回/开,REF-GF0025-2021,GF 0025—2021 Chinese Proficiency Grading Standards: Appendix A,1b5e95de7216a22388709b1008569cd1f28c95737d73cecd6d3ebdc8e6278f2d,192,GF0025-2021 PDF p.192,ocr_detected,official_numbered_entry,verified_inventory,98,99,,词性、主谓宾,not_available,not_promoted,outside_current_37_label_claim_unless_crosswalked
GF0025-2021-2-051,【二51】,GF 0025—2021 Appendix A,2,二级,51,句子成分,补语,状态补语,状态补语1：动词+得+形容词性词语,状态补语1,状态补语1：动词+得+形容词性词语,REF-GF0025-2021,GF 0025—2021 Chinese Proficiency Grading Standards: Appendix A,1b5e95de7216a22388709b1008569cd1f28c95737d73cecd6d3ebdc8e6278f2d,,GF0025-2021 PDF pp.176–259,appendix_span_verified,official_numbered_entry,verified_inventory,99,100,,词性、主谓宾,not_available,not_promoted,outside_current_37_label_claim_unless_crosswalked
GF0025-2021-2-052,【二52】,GF 0025—2021 Appendix A,2,二级,52,句子成分,补语,数量补语,数量补语1：动词+动量补语,数量补语1,数量补语1：动词+动量补语,REF-GF0025-2021,GF 0025—2021 Chinese Proficiency Grading Standards: Appendix A,1b5e95de7216a22388709b1008569cd1f28c95737d73cecd6d3ebdc8e6278f2d,192,GF0025-2021 PDF p.192,ocr_detected,official_numbered_entry,verified_inventory,100,101,,词性、主谓宾,not_available,not_promoted,outside_current_37_label_claim_unless_crosswalked
GF0025-2021-2-053,【二53】,GF 0025—2021 Appendix A,2,二级,53,句子成分,补语,数量补语,数量补语2：形容词+数量补语,数量补语2,数量补语2：形容词+数量补语,REF-GF0025-2021,GF 0025—2021 Chinese Proficiency Grading Standards: Appendix A,1b5e95de7216a22388709b1008569cd1f28c95737d73cecd6d3ebdc8e6278f2d,193,GF0025-2021 PDF p.193,ocr_detected,official_numbered_entry,verified_inventory,101,102,,词性、主谓宾,not_available,not_promoted,outside_current_37_label_claim_unless_crosswalked
GF0025-2021-2-054,【二54】,GF 0025—2021 Appendix A,2,二级,54,句子的类型,句型,单句,主谓句3：名词谓语句,主谓句3,主谓句3：名词谓语句,REF-GF0025-2021,GF 0025—2021 Chinese Proficiency Grading Standards: Appendix A,1b5e95de7216a22388709b1008569cd1f28c95737d73cecd6d3ebdc8e6278f2d,193,GF0025-2021 PDF p.193,ocr_detected,official_numbered_entry,verified_inventory,102,103,,词性、主谓宾,not_available,not_promoted,outside_current_37_label_claim_unless_crosswalked
GF0025-2021-2-055,【二55】,GF 0025—2021 Appendix A,2,二级,55,句子的类型,特殊句型,“有”字句,“有”字句2：（1）表示评价、达到； （2）表示比较（见“比较句 2-（4）”）,“有”字句2,“有”字句2：（1）表示评价、达到； （2）表示比较（见“比较句 2-（4）”）,REF-GF0025-2021,GF 0025—2021 Chinese Proficiency Grading Standards: Appendix A,1b5e95de7216a22388709b1008569cd1f28c95737d73cecd6d3ebdc8e6278f2d,193,GF0025-2021 PDF p.193,ocr_detected,official_numbered_entry,verified_inventory,103,104,,包含解释性含义,not_available,not_promoted,outside_current_37_label_claim_unless_crosswalked
GF0025-2021-2-056,【二56】,GF 0025—2021 Appendix A,2,二级,56,句子的类型,特殊句型,存现句,存现句1：表示存在 （1）处所+有+数量短语+名词（见“‘有’字句1-（2）”） （2）处所+动词+着（+数量短语）+名词,存现句1,存现句1：表示存在 （1）处所+有+数量短语+名词（见“‘有’字句1-（2）”） （2）处所+动词+着（+数量短语）+名词,REF-GF0025-2021,GF 0025—2021 Chinese Proficiency Grading Standards: Appendix A,1b5e95de7216a22388709b1008569cd1f28c95737d73cecd6d3ebdc8e6278f2d,193,GF0025-2021 PDF p.193,ocr_detected,official_numbered_entry,verified_inventory,104,105,,包含解释性含义,not_available,not_promoted,outside_current_37_label_claim_unless_crosswalked
GF0025-2021-2-057,【二57】,GF 0025—2021 Appendix A,2,二级,57,句子的类型,特殊句型,连动句,连动句1：表示前后动作先后发生,连动句1,连动句1：表示前后动作先后发生,REF-GF0025-2021,GF 0025—2021 Chinese Proficiency Grading Standards: Appendix A,1b5e95de7216a22388709b1008569cd1f28c95737d73cecd6d3ebdc8e6278f2d,193,GF0025-2021 PDF p.193,ocr_detected,official_numbered_entry,verified_inventory,105,106,,包含解释性含义,not_available,not_promoted,outside_current_37_label_claim_unless_crosswalked
GF0025-2021-2-058,【二58】,GF 0025—2021 Appendix A,2,二级,58,句子的类型,特殊句型,比较句,比较句2： （1）A比B +形容词+数量补语（2）A比B +更/还+形容词（3）A不如B（+形容词）（4）A有B（+这么/那么）+形容词,比较句2,比较句2： （1）A比B +形容词+数量补语（2）A比B +更/还+形容词（3）A不如B（+形容词）（4）A有B（+这么/那么）+形容词,REF-GF0025-2021,GF 0025—2021 Chinese Proficiency Grading Standards: Appendix A,1b5e95de7216a22388709b1008569cd1f28c95737d73cecd6d3ebdc8e6278f2d,,GF0025-2021 PDF pp.176–259,appendix_span_verified,official_numbered_entry,verified_inventory,106,107,,词性、主谓宾,not_available,not_promoted,outside_current_37_label_claim_unless_crosswalked
GF0025-2021-2-059,【二59】,GF 0025—2021 Appendix A,2,二级,59,句子的类型,特殊句型,比较句,比较句3：（1）A跟B一样/相同（2）A跟B一样+形容词,比较句3,比较句3：（1）A跟B一样/相同（2）A跟B一样+形容词,REF-GF0025-2021,GF 0025—2021 Chinese Proficiency Grading Standards: Appendix A,1b5e95de7216a22388709b1008569cd1f28c95737d73cecd6d3ebdc8e6278f2d,194,GF0025-2021 PDF p.194,ocr_detected,official_numbered_entry,verified_inventory,107,108,""".+和.+(一样|相同)""",,draft_unreviewed,not_promoted,outside_current_37_label_claim_unless_crosswalked
GF0025-2021-2-060,【二60】,GF 0025—2021 Appendix A,2,二级,60,句子的类型,特殊句型,“是……的”句,“是……的”句1：强调时间、地点、方式、动作者,“是……的”句1,“是……的”句1：强调时间、地点、方式、动作者,REF-GF0025-2021,GF 0025—2021 Chinese Proficiency Grading Standards: Appendix A,1b5e95de7216a22388709b1008569cd1f28c95737d73cecd6d3ebdc8e6278f2d,194,GF0025-2021 PDF p.194,ocr_detected,official_numbered_entry,verified_inventory,108,109,,包含解释性含义,not_available,not_promoted,outside_current_37_label_claim_unless_crosswalked
GF0025-2021-2-061,【二61】,GF 0025—2021 Appendix A,2,二级,61,句子的类型,特殊句型,双宾语句,（1）主语+动词+宾语1+宾语2 （2）主语+动词+给+宾语1+宾语2,（1）主语+动词+宾语1+宾语2 （2）主语+动词+给+宾语1+宾语2,（1）主语+动词+宾语1+宾语2 （2）主语+动词+给+宾语1+宾语2,REF-GF0025-2021,GF 0025—2021 Chinese Proficiency Grading Standards: Appendix A,1b5e95de7216a22388709b1008569cd1f28c95737d73cecd6d3ebdc8e6278f2d,194,GF0025-2021 PDF p.194,ocr_detected,official_numbered_entry,verified_inventory,109,110,,词性、主谓宾,not_available,not_promoted,outside_current_37_label_claim_unless_crosswalked
GF0025-2021-2-062,【二62】,GF 0025—2021 Appendix A,2,二级,62,句子的类型,复句,承接复句,（1）不用关联词语（2）用关联词语：先……，再/然后……,（1）不用关联词语（2）用关联词语,（1）不用关联词语（2）用关联词语：先……，再/然后……,REF-GF0025-2021,GF 0025—2021 Chinese Proficiency Grading Standards: Appendix A,1b5e95de7216a22388709b1008569cd1f28c95737d73cecd6d3ebdc8e6278f2d,194,GF0025-2021 PDF p.194,ocr_detected,official_numbered_entry,verified_inventory,110,111,"""先.+，(再|然后).+""",,draft_unreviewed,not_promoted,outside_current_37_label_claim_unless_crosswalked
GF0025-2021-2-063,【二63】,GF 0025—2021 Appendix A,2,二级,63,句子的类型,复句,递进复句,（1）不用关联词语（2）用关联词语：……，更/还……；不但……，而且……,（1）不用关联词语（2）用关联词语,（1）不用关联词语（2）用关联词语：……，更/还……；不但……，而且……,REF-GF0025-2021,GF 0025—2021 Chinese Proficiency Grading Standards: Appendix A,1b5e95de7216a22388709b1008569cd1f28c95737d73cecd6d3ebdc8e6278f2d,195,GF0025-2021 PDF p.195,ocr_detected,official_numbered_entry,verified_inventory,111,112,""".+，(更|还).+|不但.+，而且.+""",,draft_unreviewed,not_promoted,outside_current_37_label_claim_unless_crosswalked
GF0025-2021-2-064,【二64】,GF 0025—2021 Appendix A,2,二级,64,句子的类型,复句,选择复句,（1）不用关联词语（2）用关联词语：（是）……，还是……,（1）不用关联词语（2）用关联词语,（1）不用关联词语（2）用关联词语：（是）……，还是……,REF-GF0025-2021,GF 0025—2021 Chinese Proficiency Grading Standards: Appendix A,1b5e95de7216a22388709b1008569cd1f28c95737d73cecd6d3ebdc8e6278f2d,195,GF0025-2021 PDF p.195,ocr_detected,official_numbered_entry,verified_inventory,112,113,"""是*.+，还是.+""",,draft_unreviewed,not_promoted,outside_current_37_label_claim_unless_crosswalked
GF0025-2021-2-065,【二65】,GF 0025—2021 Appendix A,2,二级,65,句子的类型,复句,转折复句,（1）不用关联词语（2）用关联词语：虽然……，但是/可是……；……，不过……,（1）不用关联词语（2）用关联词语,（1）不用关联词语（2）用关联词语：虽然……，但是/可是……；……，不过……,REF-GF0025-2021,GF 0025—2021 Chinese Proficiency Grading Standards: Appendix A,1b5e95de7216a22388709b1008569cd1f28c95737d73cecd6d3ebdc8e6278f2d,195,GF0025-2021 PDF p.195,ocr_detected,official_numbered_entry,verified_inventory,113,114,"""虽然.+，(但是|可是).+|.+，不过.+""",,draft_unreviewed,not_promoted,outside_current_37_label_claim_unless_crosswalked
GF0025-2021-2-066,【二66】,GF 0025—2021 Appendix A,2,二级,66,句子的类型,复句,假设复句,（1）不用关联词语（2）用关联词语：如果……，就……；……的话，就……,（1）不用关联词语（2）用关联词语,（1）不用关联词语（2）用关联词语：如果……，就……；……的话，就……,REF-GF0025-2021,GF 0025—2021 Chinese Proficiency Grading Standards: Appendix A,1b5e95de7216a22388709b1008569cd1f28c95737d73cecd6d3ebdc8e6278f2d,195,GF0025-2021 PDF p.195,ocr_detected,official_numbered_entry,verified_inventory,114,115,"""如果.+，就.+|.+的话，就.+""",,draft_unreviewed,not_promoted,outside_current_37_label_claim_unless_crosswalked
GF0025-2021-2-067,【二67】,GF 0025—2021 Appendix A,2,二级,67,句子的类型,复句,条件复句,只要……，就……,只要……，就……,只要……，就……,REF-GF0025-2021,GF 0025—2021 Chinese Proficiency Grading Standards: Appendix A,1b5e95de7216a22388709b1008569cd1f28c95737d73cecd6d3ebdc8e6278f2d,195,GF0025-2021 PDF p.195,ocr_detected,official_numbered_entry,verified_inventory,115,116,"""只要.+，就.+""",,draft_unreviewed,not_promoted,outside_current_37_label_claim_unless_crosswalked
GF0025-2021-2-068,【二68】,GF 0025—2021 Appendix A,2,二级,68,句子的类型,复句,因果复句,（1）不用关联词语（2）用关联词语：因为……，所以……,（1）不用关联词语（2）用关联词语,（1）不用关联词语（2）用关联词语：因为……，所以……,REF-GF0025-2021,GF 0025—2021 Chinese Proficiency Grading Standards: Appendix A,1b5e95de7216a22388709b1008569cd1f28c95737d73cecd6d3ebdc8e6278f2d,195,GF0025-2021 PDF p.195,ocr_detected,official_numbered_entry,verified_inventory,116,117,"""因为.+，所以.+""",,draft_unreviewed,not_promoted,outside_current_37_label_claim_unless_crosswalked
GF0025-2021-2-069,【二69】,GF 0025—2021 Appendix A,2,二级,69,句子的类型,复句,紧缩复句,一……就……,一……就……,一……就……,REF-GF0025-2021,GF 0025—2021 Chinese Proficiency Grading Standards: Appendix A,1b5e95de7216a22388709b1008569cd1f28c95737d73cecd6d3ebdc8e6278f2d,196,GF0025-2021 PDF p.196,ocr_detected,official_numbered_entry,verified_inventory,117,118,"""一.+就.+""",,draft_unreviewed,not_promoted,outside_current_37_label_claim_unless_crosswalked
GF0025-2021-2-070,【二70】,GF 0025—2021 Appendix A,2,二级,70,动作的态,动作的态,持续态,动词+着 （1）表示状态的持续（2）表示动作的持续,动词+着 （1）表示状态的持续（2）表示动作的持续,动词+着 （1）表示状态的持续（2）表示动作的持续,REF-GF0025-2021,GF 0025—2021 Chinese Proficiency Grading Standards: Appendix A,1b5e95de7216a22388709b1008569cd1f28c95737d73cecd6d3ebdc8e6278f2d,196,GF0025-2021 PDF p.196,ocr_detected,official_numbered_entry,verified_inventory,118,119,,词性、包含解释性含义,not_available,not_promoted,outside_current_37_label_claim_unless_crosswalked
GF0025-2021-2-071,【二71】,GF 0025—2021 Appendix A,2,二级,71,动作的态,动作的态,经历态,用动态助词“过”表示,用动态助词“过”表示,用动态助词“过”表示,REF-GF0025-2021,GF 0025—2021 Chinese Proficiency Grading Standards: Appendix A,1b5e95de7216a22388709b1008569cd1f28c95737d73cecd6d3ebdc8e6278f2d,196,GF0025-2021 PDF p.196,ocr_detected,official_numbered_entry,verified_inventory,119,120,,词性,not_available,not_promoted,outside_current_37_label_claim_unless_crosswalked
GF0025-2021-2-072,【二72】,GF 0025—2021 Appendix A,2,二级,72,特殊表达法,数的表示法,,序数表示法,序数表示法,序数表示法,REF-GF0025-2021,GF 0025—2021 Chinese Proficiency Grading Standards: Appendix A,1b5e95de7216a22388709b1008569cd1f28c95737d73cecd6d3ebdc8e6278f2d,196,GF0025-2021 PDF p.196,ocr_detected,official_numbered_entry,verified_inventory,120,121,,包含解释性含义,not_available,not_promoted,outside_current_37_label_claim_unless_crosswalked
GF0025-2021-2-073,【二73】,GF 0025—2021 Appendix A,2,二级,73,特殊表达法,数的表示法,,概数表示法1： （1）数词+多+量词（2）数词+量词+多,概数表示法1,概数表示法1： （1）数词+多+量词（2）数词+量词+多,REF-GF0025-2021,GF 0025—2021 Chinese Proficiency Grading Standards: Appendix A,1b5e95de7216a22388709b1008569cd1f28c95737d73cecd6d3ebdc8e6278f2d,196,GF0025-2021 PDF p.196,ocr_detected,official_numbered_entry,verified_inventory,121,122,,包含解释性含义,not_available,not_promoted,outside_current_37_label_claim_unless_crosswalked
GF0025-2021-2-074,【二74】,GF 0025—2021 Appendix A,2,二级,74,强调的方法,未细分,,用“就”表示强调,用“就”表示强调,用“就”表示强调,REF-GF0025-2021,GF 0025—2021 Chinese Proficiency Grading Standards: Appendix A,1b5e95de7216a22388709b1008569cd1f28c95737d73cecd6d3ebdc8e6278f2d,196,GF0025-2021 PDF p.196,ocr_detected,official_numbered_entry,verified_inventory,122,123,,包含解释性含义,not_available,not_promoted,outside_current_37_label_claim_unless_crosswalked
GF0025-2021-2-075,【二75】,GF 0025—2021 Appendix A,2,二级,75,提问的方法,未细分,,用“好吗/可以吗/行吗/怎么样”提问,用“好吗/可以吗/行吗/怎么样”提问,用“好吗/可以吗/行吗/怎么样”提问,REF-GF0025-2021,GF 0025—2021 Chinese Proficiency Grading Standards: Appendix A,1b5e95de7216a22388709b1008569cd1f28c95737d73cecd6d3ebdc8e6278f2d,196,GF0025-2021 PDF p.196,ocr_detected,official_numbered_entry,verified_inventory,124,125,"""(好吗|可以吗|行吗|怎么样)？""",,draft_unreviewed,not_promoted,outside_current_37_label_claim_unless_crosswalked
GF0025-2021-2-076,【二76】,GF 0025—2021 Appendix A,2,二级,76,提问的方法,未细分,,用“什么时候、什么样、为什么、怎么样、怎样”提问,用“什么时候、什么样、为什么、怎么样、怎样”提问,用“什么时候、什么样、为什么、怎么样、怎样”提问,REF-GF0025-2021,GF 0025—2021 Chinese Proficiency Grading Standards: Appendix A,1b5e95de7216a22388709b1008569cd1f28c95737d73cecd6d3ebdc8e6278f2d,197,GF0025-2021 PDF p.197,ocr_detected,official_numbered_entry,verified_inventory,125,126,"""(什么时候|什么样|为什么|怎么样|怎样).+？""",,draft_unreviewed,not_promoted,outside_current_37_label_claim_unless_crosswalked
GF0025-2021-2-077,【二77】,GF 0025—2021 Appendix A,2,二级,77,提问的方法,未细分,,用“呢”构成的省略式疑问句“代词/名词+呢？”提问,用“呢”构成的省略式疑问句“代词/名词+呢？”提问,用“呢”构成的省略式疑问句“代词/名词+呢？”提问,REF-GF0025-2021,GF 0025—2021 Chinese Proficiency Grading Standards: Appendix A,1b5e95de7216a22388709b1008569cd1f28c95737d73cecd6d3ebdc8e6278f2d,197,GF0025-2021 PDF p.197,ocr_detected,official_numbered_entry,verified_inventory,126,127,"""呢？""",,draft_unreviewed,not_promoted,outside_current_37_label_claim_unless_crosswalked
GF0025-2021-2-078,【二78】,GF 0025—2021 Appendix A,2,二级,78,提问的方法,未细分,,用“是不是”提问,用“是不是”提问,用“是不是”提问,REF-GF0025-2021,GF 0025—2021 Chinese Proficiency Grading Standards: Appendix A,1b5e95de7216a22388709b1008569cd1f28c95737d73cecd6d3ebdc8e6278f2d,197,GF0025-2021 PDF p.197,ocr_detected,official_numbered_entry,verified_inventory,127,128,"""是不是.+？""",,draft_unreviewed,not_promoted,outside_current_37_label_claim_unless_crosswalked
GF0025-2021-2-079,【二79】,GF 0025—2021 Appendix A,2,二级,79,提问的方法,未细分,,用“吧”提问,用“吧”提问,用“吧”提问,REF-GF0025-2021,GF 0025—2021 Chinese Proficiency Grading Standards: Appendix A,1b5e95de7216a22388709b1008569cd1f28c95737d73cecd6d3ebdc8e6278f2d,197,GF0025-2021 PDF p.197,ocr_detected,official_numbered_entry,verified_inventory,128,129,"""吧？""",,draft_unreviewed,not_promoted,outside_current_37_label_claim_unless_crosswalked
GF0025-2021-2-080,【二80】,GF 0025—2021 Appendix A,2,二级,80,口语格式,未细分,,该……了,该……了,该……了,REF-GF0025-2021,GF 0025—2021 Chinese Proficiency Grading Standards: Appendix A,1b5e95de7216a22388709b1008569cd1f28c95737d73cecd6d3ebdc8e6278f2d,197,GF0025-2021 PDF p.197,ocr_detected,official_numbered_entry,verified_inventory,129,130,"""该.+了""",,draft_unreviewed,not_promoted,outside_current_37_label_claim_unless_crosswalked
GF0025-2021-2-081,【二81】,GF 0025—2021 Appendix A,2,二级,81,口语格式,未细分,,要/快要/就要……了,要/快要/就要……了,要/快要/就要……了,REF-GF0025-2021,GF 0025—2021 Chinese Proficiency Grading Standards: Appendix A,1b5e95de7216a22388709b1008569cd1f28c95737d73cecd6d3ebdc8e6278f2d,,GF0025-2021 PDF pp.176–259,appendix_span_verified,official_numbered_entry,verified_inventory,130,131,"""要.+了|快要.+了|就要.+了""",,draft_unreviewed,not_promoted,outside_current_37_label_claim_unless_crosswalked
GF0025-2021-3-001,【三01】,GF 0025—2021 Appendix A,3,三级,1,语素,前缀,,第-、老-、小-,第-、老-、小-,第-、老-、小-,REF-GF0025-2021,GF 0025—2021 Chinese Proficiency Grading Standards: Appendix A,1b5e95de7216a22388709b1008569cd1f28c95737d73cecd6d3ebdc8e6278f2d,197,GF0025-2021 PDF p.197,ocr_detected,official_numbered_entry,verified_inventory,131,132,"""^[第老小]""",,draft_unreviewed,not_promoted,outside_current_37_label_claim_unless_crosswalked
GF0025-2021-3-002,【三02】,GF 0025—2021 Appendix A,3,三级,2,语素,后缀,,#NAME?,#NAME?,#NAME?,REF-GF0025-2021,GF 0025—2021 Chinese Proficiency Grading Standards: Appendix A,1b5e95de7216a22388709b1008569cd1f28c95737d73cecd6d3ebdc8e6278f2d,198,GF0025-2021 PDF p.198,ocr_detected,official_numbered_entry,verified_inventory,132,133,"""[儿家们头子]$""",,draft_unreviewed,not_promoted,outside_current_37_label_claim_unless_crosswalked
GF0025-2021-3-003,【三03】,GF 0025—2021 Appendix A,3,三级,3,词类,动词,能愿动词,敢,敢,敢,REF-GF0025-2021,GF 0025—2021 Chinese Proficiency Grading Standards: Appendix A,1b5e95de7216a22388709b1008569cd1f28c95737d73cecd6d3ebdc8e6278f2d,,GF0025-2021 PDF pp.176–259,appendix_span_verified,official_numbered_entry,verified_inventory,133,134,"""^敢$""",,draft_unreviewed,not_promoted,outside_current_37_label_claim_unless_crosswalked
GF0025-2021-3-004,【三04】,GF 0025—2021 Appendix A,3,三级,4,词类,动词,能愿动词,需要,需要,需要,REF-GF0025-2021,GF 0025—2021 Chinese Proficiency Grading Standards: Appendix A,1b5e95de7216a22388709b1008569cd1f28c95737d73cecd6d3ebdc8e6278f2d,198,GF0025-2021 PDF p.198,ocr_detected,official_numbered_entry,verified_inventory,134,135,"""^需要$""",,draft_unreviewed,not_promoted,outside_current_37_label_claim_unless_crosswalked
GF0025-2021-3-005,【三05】,GF 0025—2021 Appendix A,3,三级,5,词类,动词,离合词,动宾式离合词：帮忙、点头、放假、干杯、见面、结婚、看病、睡觉、洗澡、理发、说话,动宾式离合词,动宾式离合词：帮忙、点头、放假、干杯、见面、结婚、看病、睡觉、洗澡、理发、说话,REF-GF0025-2021,GF 0025—2021 Chinese Proficiency Grading Standards: Appendix A,1b5e95de7216a22388709b1008569cd1f28c95737d73cecd6d3ebdc8e6278f2d,,GF0025-2021 PDF pp.176–259,appendix_span_verified,official_numbered_entry,verified_inventory,135,136,"""^(帮忙|点头|放假|干杯|见面|结婚|看病|睡觉|洗澡|理发|说话)$""",,draft_unreviewed,not_promoted,outside_current_37_label_claim_unless_crosswalked
GF0025-2021-3-006,【三06】,GF 0025—2021 Appendix A,3,三级,6,词类,动词,离合词,动补式离合词：打开、看见、离开、完成,动补式离合词,动补式离合词：打开、看见、离开、完成,REF-GF0025-2021,GF 0025—2021 Chinese Proficiency Grading Standards: Appendix A,1b5e95de7216a22388709b1008569cd1f28c95737d73cecd6d3ebdc8e6278f2d,198,GF0025-2021 PDF p.198,ocr_detected,official_numbered_entry,verified_inventory,136,137,"""^(打开|看见|离开|完成)$""",,draft_unreviewed,not_promoted,outside_current_37_label_claim_unless_crosswalked
GF0025-2021-3-007,【三07】,GF 0025—2021 Appendix A,3,三级,7,词类,代词,疑问代词,疑问代词的非疑问用法 （1）任指用法 ①疑问代词+都……②疑问代词……疑问代词……（2）不定指用法,疑问代词的非疑问用法 （1）任指用法 ①疑问代词+都……②疑问代词……疑问代词……（2）不定指用法,疑问代词的非疑问用法 （1）任指用法 ①疑问代词+都……②疑问代词……疑问代词……（2）不定指用法,REF-GF0025-2021,GF 0025—2021 Chinese Proficiency Grading Standards: Appendix A,1b5e95de7216a22388709b1008569cd1f28c95737d73cecd6d3ebdc8e6278f2d,198,GF0025-2021 PDF p.198,ocr_detected,official_numbered_entry,verified_inventory,137,138,,包含解释性含义,not_available,not_promoted,outside_current_37_label_claim_unless_crosswalked
GF0025-2021-3-008,【三08】,GF 0025—2021 Appendix A,3,三级,8,词类,代词,指示代词,各、各位、各种、每、任何,各、各位、各种、每、任何,各、各位、各种、每、任何,REF-GF0025-2021,GF 0025—2021 Chinese Proficiency Grading Standards: Appendix A,1b5e95de7216a22388709b1008569cd1f28c95737d73cecd6d3ebdc8e6278f2d,199,GF0025-2021 PDF p.199,ocr_detected,official_numbered_entry,verified_inventory,138,139,"""^(各|各位|各种|每|任何)$""",,draft_unreviewed,not_promoted,outside_current_37_label_claim_unless_crosswalked
GF0025-2021-3-009,【三09】,GF 0025—2021 Appendix A,3,三级,9,词类,量词,名量词,把、行、架、群、束、双、台、张、支、只、种,把、行、架、群、束、双、台、张、支、只、种,把、行、架、群、束、双、台、张、支、只、种,REF-GF0025-2021,GF 0025—2021 Chinese Proficiency Grading Standards: Appendix A,1b5e95de7216a22388709b1008569cd1f28c95737d73cecd6d3ebdc8e6278f2d,199,GF0025-2021 PDF p.199,ocr_detected,official_numbered_entry,verified_inventory,139,140,"""^(把|行|架|群|束|双|台|张|支|只|种)$""",,draft_unreviewed,not_promoted,outside_current_37_label_claim_unless_crosswalked
GF0025-2021-3-010,【三10】,GF 0025—2021 Appendix A,3,三级,10,词类,量词,动量词,顿、口、眼,顿、口、眼,顿、口、眼,REF-GF0025-2021,GF 0025—2021 Chinese Proficiency Grading Standards: Appendix A,1b5e95de7216a22388709b1008569cd1f28c95737d73cecd6d3ebdc8e6278f2d,,GF0025-2021 PDF pp.176–259,appendix_span_verified,official_numbered_entry,verified_inventory,140,141,"""^(顿|口|眼)$""",,draft_unreviewed,not_promoted,outside_current_37_label_claim_unless_crosswalked
GF0025-2021-3-011,【三11】,GF 0025—2021 Appendix A,3,三级,11,词类,量词,量词重叠,量词重叠：AA,量词重叠,量词重叠：AA,REF-GF0025-2021,GF 0025—2021 Chinese Proficiency Grading Standards: Appendix A,1b5e95de7216a22388709b1008569cd1f28c95737d73cecd6d3ebdc8e6278f2d,,GF0025-2021 PDF pp.176–259,appendix_span_verified,official_numbered_entry,verified_inventory,141,142,"""([个杯本包块])\\1""",,draft_unreviewed,not_promoted,outside_current_37_label_claim_unless_crosswalked
GF0025-2021-3-012,【三12】,GF 0025—2021 Appendix A,3,三级,12,词类,副词,程度副词,比较、更加、还3、相当,比较、更加、还3、相当,比较、更加、还3、相当,REF-GF0025-2021,GF 0025—2021 Chinese Proficiency Grading Standards: Appendix A,1b5e95de7216a22388709b1008569cd1f28c95737d73cecd6d3ebdc8e6278f2d,,GF0025-2021 PDF pp.176–259,appendix_span_verified,official_numbered_entry,verified_inventory,142,143,"""^(比较|更加|还|相当)$""",,draft_unreviewed,not_promoted,outside_current_37_label_claim_unless_crosswalked
GF0025-2021-3-013,【三13】,GF 0025—2021 Appendix A,3,三级,13,词类,副词,范围、协同副词,光、仅、仅仅、就3、至少,光、仅、仅仅、就3、至少,光、仅、仅仅、就3、至少,REF-GF0025-2021,GF 0025—2021 Chinese Proficiency Grading Standards: Appendix A,1b5e95de7216a22388709b1008569cd1f28c95737d73cecd6d3ebdc8e6278f2d,,GF0025-2021 PDF pp.176–259,appendix_span_verified,official_numbered_entry,verified_inventory,143,144,"""^(光|仅|仅仅|就|至少)$""",,draft_unreviewed,not_promoted,outside_current_37_label_claim_unless_crosswalked
GF0025-2021-3-014,【三14】,GF 0025—2021 Appendix A,3,三级,14,词类,副词,时间副词,本来、才2、曾经、从来、赶紧、赶快、立刻、连忙、始终、已、早已,本来、才2、曾经、从来、赶紧、赶快、立刻、连忙、始终、已、早已,本来、才2、曾经、从来、赶紧、赶快、立刻、连忙、始终、已、早已,REF-GF0025-2021,GF 0025—2021 Chinese Proficiency Grading Standards: Appendix A,1b5e95de7216a22388709b1008569cd1f28c95737d73cecd6d3ebdc8e6278f2d,,GF0025-2021 PDF pp.176–259,appendix_span_verified,official_numbered_entry,verified_inventory,144,145,"""^(本来|才|曾经|从来|赶紧|赶快|立刻|连忙|始终|已|早已)$""",,draft_unreviewed,not_promoted,outside_current_37_label_claim_unless_crosswalked
GF0025-2021-3-015,【三15】,GF 0025—2021 Appendix A,3,三级,15,词类,副词,频率、重复副词,通常、往往、总、总是,通常、往往、总、总是,通常、往往、总、总是,REF-GF0025-2021,GF 0025—2021 Chinese Proficiency Grading Standards: Appendix A,1b5e95de7216a22388709b1008569cd1f28c95737d73cecd6d3ebdc8e6278f2d,,GF0025-2021 PDF pp.176–259,appendix_span_verified,official_numbered_entry,verified_inventory,145,146,"""^(通常|往往|总|总是)$""",,draft_unreviewed,not_promoted,outside_current_37_label_claim_unless_crosswalked
GF0025-2021-3-016,【三16】,GF 0025—2021 Appendix A,3,三级,16,词类,副词,关联副词,再2,再2,再2,REF-GF0025-2021,GF 0025—2021 Chinese Proficiency Grading Standards: Appendix A,1b5e95de7216a22388709b1008569cd1f28c95737d73cecd6d3ebdc8e6278f2d,200,GF0025-2021 PDF p.200,ocr_detected,official_numbered_entry,verified_inventory,146,147,"""^再$""",,draft_unreviewed,not_promoted,outside_current_37_label_claim_unless_crosswalked
GF0025-2021-3-017,【三17】,GF 0025—2021 Appendix A,3,三级,17,词类,副词,方式副词,互相、尽量、亲自、相互,互相、尽量、亲自、相互,互相、尽量、亲自、相互,REF-GF0025-2021,GF 0025—2021 Chinese Proficiency Grading Standards: Appendix A,1b5e95de7216a22388709b1008569cd1f28c95737d73cecd6d3ebdc8e6278f2d,,GF0025-2021 PDF pp.176–259,appendix_span_verified,official_numbered_entry,verified_inventory,147,148,"""^(互相|尽量|亲自|相互)$""",,draft_unreviewed,not_promoted,outside_current_37_label_claim_unless_crosswalked
GF0025-2021-3-018,【三18】,GF 0025—2021 Appendix A,3,三级,18,词类,副词,情态副词,大概、恐怕,大概、恐怕,大概、恐怕,REF-GF0025-2021,GF 0025—2021 Chinese Proficiency Grading Standards: Appendix A,1b5e95de7216a22388709b1008569cd1f28c95737d73cecd6d3ebdc8e6278f2d,,GF0025-2021 PDF pp.176–259,appendix_span_verified,official_numbered_entry,verified_inventory,148,149,"""^(大概|恐怕)$""",,draft_unreviewed,not_promoted,outside_current_37_label_claim_unless_crosswalked
GF0025-2021-3-019,【三19】,GF 0025—2021 Appendix A,3,三级,19,词类,副词,语气副词,白、并1、当然、到底、反正、根本、果然、简直、绝对、难道、其实、千万、确实、只好、终于,白、并1、当然、到底、反正、根本、果然、简直、绝对、难道、其实、千万、确实、只好、终于,白、并1、当然、到底、反正、根本、果然、简直、绝对、难道、其实、千万、确实、只好、终于,REF-GF0025-2021,GF 0025—2021 Chinese Proficiency Grading Standards: Appendix A,1b5e95de7216a22388709b1008569cd1f28c95737d73cecd6d3ebdc8e6278f2d,201,GF0025-2021 PDF p.201,ocr_detected,official_numbered_entry,verified_inventory,149,150,"""^(白|并|当然|到底|反正|根本|果然|简直|绝对|难道|其实|千万|确实|只好|终于)$""",,draft_unreviewed,not_promoted,outside_current_37_label_claim_unless_crosswalked
GF0025-2021-3-020,【三20】,GF 0025—2021 Appendix A,3,三级,20,词类,介词,引出时间、处所,由1,由1,由1,REF-GF0025-2021,GF 0025—2021 Chinese Proficiency Grading Standards: Appendix A,1b5e95de7216a22388709b1008569cd1f28c95737d73cecd6d3ebdc8e6278f2d,201,GF0025-2021 PDF p.201,ocr_detected,official_numbered_entry,verified_inventory,150,151,"""^由$""",,draft_unreviewed,not_promoted,outside_current_37_label_claim_unless_crosswalked
GF0025-2021-3-021,【三21】,GF 0025—2021 Appendix A,3,三级,21,词类,介词,引出时间、处所,自从,自从,自从,REF-GF0025-2021,GF 0025—2021 Chinese Proficiency Grading Standards: Appendix A,1b5e95de7216a22388709b1008569cd1f28c95737d73cecd6d3ebdc8e6278f2d,201,GF0025-2021 PDF p.201,ocr_detected,official_numbered_entry,verified_inventory,151,152,"""^自从$""",,draft_unreviewed,not_promoted,outside_current_37_label_claim_unless_crosswalked
GF0025-2021-3-022,【三22】,GF 0025—2021 Appendix A,3,三级,22,词类,介词,引出方向、路径,朝,朝,朝,REF-GF0025-2021,GF 0025—2021 Chinese Proficiency Grading Standards: Appendix A,1b5e95de7216a22388709b1008569cd1f28c95737d73cecd6d3ebdc8e6278f2d,201,GF0025-2021 PDF p.201,ocr_detected,official_numbered_entry,verified_inventory,152,153,"""^朝$""",,draft_unreviewed,not_promoted,outside_current_37_label_claim_unless_crosswalked
GF0025-2021-3-023,【三23】,GF 0025—2021 Appendix A,3,三级,23,词类,介词,引出对象,为2,为2,为2,REF-GF0025-2021,GF 0025—2021 Chinese Proficiency Grading Standards: Appendix A,1b5e95de7216a22388709b1008569cd1f28c95737d73cecd6d3ebdc8e6278f2d,201,GF0025-2021 PDF p.201,ocr_detected,official_numbered_entry,verified_inventory,153,154,"""^为$""",,draft_unreviewed,not_promoted,outside_current_37_label_claim_unless_crosswalked
GF0025-2021-3-024,【三24】,GF 0025—2021 Appendix A,3,三级,24,词类,介词,引出对象,向2,向2,向2,REF-GF0025-2021,GF 0025—2021 Chinese Proficiency Grading Standards: Appendix A,1b5e95de7216a22388709b1008569cd1f28c95737d73cecd6d3ebdc8e6278f2d,202,GF0025-2021 PDF p.202,ocr_detected,official_numbered_entry,verified_inventory,154,155,"""^向$""",,draft_unreviewed,not_promoted,outside_current_37_label_claim_unless_crosswalked
GF0025-2021-3-025,【三25】,GF 0025—2021 Appendix A,3,三级,25,词类,介词,引出目的、原因,由于1、因为,由于1、因为,由于1、因为,REF-GF0025-2021,GF 0025—2021 Chinese Proficiency Grading Standards: Appendix A,1b5e95de7216a22388709b1008569cd1f28c95737d73cecd6d3ebdc8e6278f2d,202,GF0025-2021 PDF p.202,ocr_detected,official_numbered_entry,verified_inventory,155,156,"""^(由于|因为)$""",,draft_unreviewed,not_promoted,outside_current_37_label_claim_unless_crosswalked
GF0025-2021-3-026,【三26】,GF 0025—2021 Appendix A,3,三级,26,词类,介词,引出目的、原因,为了,为了,为了,REF-GF0025-2021,GF 0025—2021 Chinese Proficiency Grading Standards: Appendix A,1b5e95de7216a22388709b1008569cd1f28c95737d73cecd6d3ebdc8e6278f2d,202,GF0025-2021 PDF p.202,ocr_detected,official_numbered_entry,verified_inventory,156,157,"""^为了$""",,draft_unreviewed,not_promoted,outside_current_37_label_claim_unless_crosswalked
GF0025-2021-3-027,【三27】,GF 0025—2021 Appendix A,3,三级,27,词类,介词,引出施事、受事,把、被、叫、让,把、被、叫、让,把、被、叫、让,REF-GF0025-2021,GF 0025—2021 Chinese Proficiency Grading Standards: Appendix A,1b5e95de7216a22388709b1008569cd1f28c95737d73cecd6d3ebdc8e6278f2d,202,GF0025-2021 PDF p.202,ocr_detected,official_numbered_entry,verified_inventory,157,158,"""^(把|被|叫|让)$""",,draft_unreviewed,not_promoted,outside_current_37_label_claim_unless_crosswalked
GF0025-2021-3-028,【三28】,GF 0025—2021 Appendix A,3,三级,28,词类,介词,表示排除,除了,除了,除了,REF-GF0025-2021,GF 0025—2021 Chinese Proficiency Grading Standards: Appendix A,1b5e95de7216a22388709b1008569cd1f28c95737d73cecd6d3ebdc8e6278f2d,202,GF0025-2021 PDF p.202,ocr_detected,official_numbered_entry,verified_inventory,158,159,"""^除了$""",,draft_unreviewed,not_promoted,outside_current_37_label_claim_unless_crosswalked
GF0025-2021-3-029,【三29】,GF 0025—2021 Appendix A,3,三级,29,词类,介词,引出凭借、依据,按、按照,按、按照,按、按照,REF-GF0025-2021,GF 0025—2021 Chinese Proficiency Grading Standards: Appendix A,1b5e95de7216a22388709b1008569cd1f28c95737d73cecd6d3ebdc8e6278f2d,202,GF0025-2021 PDF p.202,ocr_detected,official_numbered_entry,verified_inventory,159,160,"""^(按|按照)$""",,draft_unreviewed,not_promoted,outside_current_37_label_claim_unless_crosswalked
GF0025-2021-3-030,【三30】,GF 0025—2021 Appendix A,3,三级,30,词类,连词,连接分句或句子,并且、不光、不仅、另外、要是、因此、由于2、只有,并且、不光、不仅、另外、要是、因此、由于2、只有,并且、不光、不仅、另外、要是、因此、由于2、只有,REF-GF0025-2021,GF 0025—2021 Chinese Proficiency Grading Standards: Appendix A,1b5e95de7216a22388709b1008569cd1f28c95737d73cecd6d3ebdc8e6278f2d,202,GF0025-2021 PDF p.202,ocr_detected,official_numbered_entry,verified_inventory,160,161,"""^(并且|不光|不仅|另外|要是|因此|由于|只有)$""",,draft_unreviewed,not_promoted,outside_current_37_label_claim_unless_crosswalked
GF0025-2021-3-031,【三31】,GF 0025—2021 Appendix A,3,三级,31,词类,拟声词,,哈哈,哈哈,哈哈,REF-GF0025-2021,GF 0025—2021 Chinese Proficiency Grading Standards: Appendix A,1b5e95de7216a22388709b1008569cd1f28c95737d73cecd6d3ebdc8e6278f2d,203,GF0025-2021 PDF p.203,ocr_detected,official_numbered_entry,verified_inventory,161,162,"""^哈哈$""",,draft_unreviewed,not_promoted,outside_current_37_label_claim_unless_crosswalked
GF0025-2021-3-032,【三32】,GF 0025—2021 Appendix A,3,三级,32,短语,结构类型,其他结构类型,其他结构类型2：（1）介宾短语（2）方位短语（3）兼语短语（4）同位短语,其他结构类型2,其他结构类型2：（1）介宾短语（2）方位短语（3）兼语短语（4）同位短语,REF-GF0025-2021,GF 0025—2021 Chinese Proficiency Grading Standards: Appendix A,1b5e95de7216a22388709b1008569cd1f28c95737d73cecd6d3ebdc8e6278f2d,203,GF0025-2021 PDF p.203,ocr_detected,official_numbered_entry,verified_inventory,162,163,,主谓宾、包含解释性含义,not_available,not_promoted,outside_current_37_label_claim_unless_crosswalked
GF0025-2021-3-033,【三33】,GF 0025—2021 Appendix A,3,三级,33,短语,结构类型,,数量重叠：数词+量词+数词+量词,数量重叠,数量重叠：数词+量词+数词+量词,REF-GF0025-2021,GF 0025—2021 Chinese Proficiency Grading Standards: Appendix A,1b5e95de7216a22388709b1008569cd1f28c95737d73cecd6d3ebdc8e6278f2d,,GF0025-2021 PDF pp.176–259,appendix_span_verified,official_numbered_entry,verified_inventory,163,164,"""[一两二三四五六七八九][个杯本包块][一两二三四五六七八九][个杯本包块]""",,draft_unreviewed,not_promoted,outside_current_37_label_claim_unless_crosswalked
GF0025-2021-3-034,【三34】,GF 0025—2021 Appendix A,3,三级,34,短语,固定短语,四字格,不A不B,不A不B,不A不B,REF-GF0025-2021,GF 0025—2021 Chinese Proficiency Grading Standards: Appendix A,1b5e95de7216a22388709b1008569cd1f28c95737d73cecd6d3ebdc8e6278f2d,203,GF0025-2021 PDF p.203,ocr_detected,official_numbered_entry,verified_inventory,164,165,"""不[一-龥]不[一-龥]""",,draft_unreviewed,not_promoted,outside_current_37_label_claim_unless_crosswalked
GF0025-2021-3-035,【三35】,GF 0025—2021 Appendix A,3,三级,35,短语,固定短语,其他,看起来,看起来,看起来,REF-GF0025-2021,GF 0025—2021 Chinese Proficiency Grading Standards: Appendix A,1b5e95de7216a22388709b1008569cd1f28c95737d73cecd6d3ebdc8e6278f2d,203,GF0025-2021 PDF p.203,ocr_detected,official_numbered_entry,verified_inventory,165,166,"""看起来""",,draft_unreviewed,not_promoted,outside_current_37_label_claim_unless_crosswalked
GF0025-2021-3-036,【三36】,GF 0025—2021 Appendix A,3,三级,36,短语,固定短语,其他,看上去,看上去,看上去,REF-GF0025-2021,GF 0025—2021 Chinese Proficiency Grading Standards: Appendix A,1b5e95de7216a22388709b1008569cd1f28c95737d73cecd6d3ebdc8e6278f2d,203,GF0025-2021 PDF p.203,ocr_detected,official_numbered_entry,verified_inventory,166,167,"""看上去""",,draft_unreviewed,not_promoted,outside_current_37_label_claim_unless_crosswalked
GF0025-2021-3-037,【三37】,GF 0025—2021 Appendix A,3,三级,37,短语,固定短语,其他,有的是,有的是,有的是,REF-GF0025-2021,GF 0025—2021 Chinese Proficiency Grading Standards: Appendix A,1b5e95de7216a22388709b1008569cd1f28c95737d73cecd6d3ebdc8e6278f2d,204,GF0025-2021 PDF p.204,ocr_detected,official_numbered_entry,verified_inventory,167,168,"""有的是""",,draft_unreviewed,not_promoted,outside_current_37_label_claim_unless_crosswalked
GF0025-2021-3-038,【三38】,GF 0025—2021 Appendix A,3,三级,38,固定格式,未细分,,除了……（以外），……还/也/都……,除了……（以外），……还/也/都……,除了……（以外），……还/也/都……,REF-GF0025-2021,GF 0025—2021 Chinese Proficiency Grading Standards: Appendix A,1b5e95de7216a22388709b1008569cd1f28c95737d73cecd6d3ebdc8e6278f2d,,GF0025-2021 PDF pp.176–259,appendix_span_verified,official_numbered_entry,verified_inventory,168,169,"""除了.+(以外)*，.+(还|也|都).+""",,draft_unreviewed,not_promoted,outside_current_37_label_claim_unless_crosswalked
GF0025-2021-3-039,【三39】,GF 0025—2021 Appendix A,3,三级,39,固定格式,未细分,,从……起,从……起,从……起,REF-GF0025-2021,GF 0025—2021 Chinese Proficiency Grading Standards: Appendix A,1b5e95de7216a22388709b1008569cd1f28c95737d73cecd6d3ebdc8e6278f2d,204,GF0025-2021 PDF p.204,ocr_detected,official_numbered_entry,verified_inventory,169,170,"""从.+起""",,draft_unreviewed,not_promoted,outside_current_37_label_claim_unless_crosswalked
GF0025-2021-3-040,【三40】,GF 0025—2021 Appendix A,3,三级,40,固定格式,未细分,,对……来说,对……来说,对……来说,REF-GF0025-2021,GF 0025—2021 Chinese Proficiency Grading Standards: Appendix A,1b5e95de7216a22388709b1008569cd1f28c95737d73cecd6d3ebdc8e6278f2d,204,GF0025-2021 PDF p.204,ocr_detected,official_numbered_entry,verified_inventory,170,171,"""对.+来说""",,draft_unreviewed,not_promoted,outside_current_37_label_claim_unless_crosswalked
GF0025-2021-3-041,【三41】,GF 0025—2021 Appendix A,3,三级,41,固定格式,未细分,,一……也/都+不/没……,一……也/都+不/没……,一……也/都+不/没……,REF-GF0025-2021,GF 0025—2021 Chinese Proficiency Grading Standards: Appendix A,1b5e95de7216a22388709b1008569cd1f28c95737d73cecd6d3ebdc8e6278f2d,,GF0025-2021 PDF pp.176–259,appendix_span_verified,official_numbered_entry,verified_inventory,171,172,"""一.+(也|都)(不|没).+""",,draft_unreviewed,not_promoted,outside_current_37_label_claim_unless_crosswalked
GF0025-2021-3-042,【三42】,GF 0025—2021 Appendix A,3,三级,42,固定格式,未细分,,越……越……,越……越……,越……越……,REF-GF0025-2021,GF 0025—2021 Chinese Proficiency Grading Standards: Appendix A,1b5e95de7216a22388709b1008569cd1f28c95737d73cecd6d3ebdc8e6278f2d,,GF0025-2021 PDF pp.176–259,appendix_span_verified,official_numbered_entry,verified_inventory,172,173,"""越.+越.+""",,draft_unreviewed,not_promoted,outside_current_37_label_claim_unless_crosswalked
GF0025-2021-3-043,【三43】,GF 0025—2021 Appendix A,3,三级,43,句子成分,主语,,动词或动词性短语、形容词或形容词性短语作主语,动词或动词性短语、形容词或形容词性短语作主语,动词或动词性短语、形容词或形容词性短语作主语,REF-GF0025-2021,GF 0025—2021 Chinese Proficiency Grading Standards: Appendix A,1b5e95de7216a22388709b1008569cd1f28c95737d73cecd6d3ebdc8e6278f2d,204,GF0025-2021 PDF p.204,ocr_detected,official_numbered_entry,verified_inventory,173,174,,词性、主谓宾,not_available,not_promoted,outside_current_37_label_claim_unless_crosswalked
GF0025-2021-3-044,【三44】,GF 0025—2021 Appendix A,3,三级,44,句子成分,宾语,,动词或动词性短语、形容词或形容词性短语和主谓短语作宾语,动词或动词性短语、形容词或形容词性短语和主谓短语作宾语,动词或动词性短语、形容词或形容词性短语和主谓短语作宾语,REF-GF0025-2021,GF 0025—2021 Chinese Proficiency Grading Standards: Appendix A,1b5e95de7216a22388709b1008569cd1f28c95737d73cecd6d3ebdc8e6278f2d,204,GF0025-2021 PDF p.204,ocr_detected,official_numbered_entry,verified_inventory,174,175,,词性、主谓宾,not_available,not_promoted,outside_current_37_label_claim_unless_crosswalked
GF0025-2021-3-045,【三45】,GF 0025—2021 Appendix A,3,三级,45,句子成分,定语,,动词或动词性短语、主谓短语作定语,动词或动词性短语、主谓短语作定语,动词或动词性短语、主谓短语作定语,REF-GF0025-2021,GF 0025—2021 Chinese Proficiency Grading Standards: Appendix A,1b5e95de7216a22388709b1008569cd1f28c95737d73cecd6d3ebdc8e6278f2d,205,GF0025-2021 PDF p.205,ocr_detected,official_numbered_entry,verified_inventory,175,176,,词性、主谓宾,not_available,not_promoted,outside_current_37_label_claim_unless_crosswalked
GF0025-2021-3-046,【三46】,GF 0025—2021 Appendix A,3,三级,46,句子成分,补语,结果补语,结果补语2：动词+到/住/走,结果补语2,结果补语2：动词+到/住/走,REF-GF0025-2021,GF 0025—2021 Chinese Proficiency Grading Standards: Appendix A,1b5e95de7216a22388709b1008569cd1f28c95737d73cecd6d3ebdc8e6278f2d,205,GF0025-2021 PDF p.205,ocr_detected,official_numbered_entry,verified_inventory,176,177,,词性、主谓宾,not_available,not_promoted,outside_current_37_label_claim_unless_crosswalked
GF0025-2021-3-047,【三47】,GF 0025—2021 Appendix A,3,三级,47,句子成分,补语,趋向补语,趋向补语2 复合趋向补语的趋向意义用法：动词+出来/出去/过来/过去/回来/回去/进来/进去/ 起来/上来/上去/下来/下去,趋向补语2 复合趋向补语的趋向意义用法,趋向补语2 复合趋向补语的趋向意义用法：动词+出来/出去/过来/过去/回来/回去/进来/进去/ 起来/上来/上去/下来/下去,REF-GF0025-2021,GF 0025—2021 Chinese Proficiency Grading Standards: Appendix A,1b5e95de7216a22388709b1008569cd1f28c95737d73cecd6d3ebdc8e6278f2d,205,GF0025-2021 PDF p.205,ocr_detected,official_numbered_entry,verified_inventory,177,178,,词性、主谓宾,not_available,not_promoted,outside_current_37_label_claim_unless_crosswalked
GF0025-2021-3-048,【三48】,GF 0025—2021 Appendix A,3,三级,48,句子成分,补语,可能补语,可能补语1：动词+得/不+动词/形容词；动词+得/不+了,可能补语1,可能补语1：动词+得/不+动词/形容词；动词+得/不+了,REF-GF0025-2021,GF 0025—2021 Chinese Proficiency Grading Standards: Appendix A,1b5e95de7216a22388709b1008569cd1f28c95737d73cecd6d3ebdc8e6278f2d,,GF0025-2021 PDF pp.176–259,appendix_span_verified,official_numbered_entry,verified_inventory,178,179,,词性、主谓宾,not_available,not_promoted,outside_current_37_label_claim_unless_crosswalked
GF0025-2021-3-049,【三49】,GF 0025—2021 Appendix A,3,三级,49,句子成分,补语,程度补语,程度补语1：形容词/心理动词+得很/极了/死了,程度补语1,程度补语1：形容词/心理动词+得很/极了/死了,REF-GF0025-2021,GF 0025—2021 Chinese Proficiency Grading Standards: Appendix A,1b5e95de7216a22388709b1008569cd1f28c95737d73cecd6d3ebdc8e6278f2d,206,GF0025-2021 PDF p.206,ocr_detected,official_numbered_entry,verified_inventory,179,180,,词性、主谓宾,not_available,not_promoted,outside_current_37_label_claim_unless_crosswalked
GF0025-2021-3-050,【三50】,GF 0025—2021 Appendix A,3,三级,50,句子成分,补语,数量补语,数量补语 3（动词+动量补语）：宾语和动量补语共现,数量补语 3（动词+动量补语）,数量补语 3（动词+动量补语）：宾语和动量补语共现,REF-GF0025-2021,GF 0025—2021 Chinese Proficiency Grading Standards: Appendix A,1b5e95de7216a22388709b1008569cd1f28c95737d73cecd6d3ebdc8e6278f2d,,GF0025-2021 PDF pp.176–259,appendix_span_verified,official_numbered_entry,verified_inventory,180,181,,词性、主谓宾,not_available,not_promoted,outside_current_37_label_claim_unless_crosswalked
GF0025-2021-3-051,【三51】,GF 0025—2021 Appendix A,3,三级,51,句子成分,补语,数量补语,数量补语4（动词+时量补语）：表示动作持续的时间,数量补语4（动词+时量补语）,数量补语4（动词+时量补语）：表示动作持续的时间,REF-GF0025-2021,GF 0025—2021 Chinese Proficiency Grading Standards: Appendix A,1b5e95de7216a22388709b1008569cd1f28c95737d73cecd6d3ebdc8e6278f2d,,GF0025-2021 PDF pp.176–259,appendix_span_verified,official_numbered_entry,verified_inventory,181,182,,词性、主谓宾,not_available,not_promoted,outside_current_37_label_claim_unless_crosswalked
GF0025-2021-3-052,【三52】,GF 0025—2021 Appendix A,3,三级,52,句子成分,补语,数量补语,数量补语5（动词+时量补语）：表示动作结束后到某个时间点的间隔时间,数量补语5（动词+时量补语）,数量补语5（动词+时量补语）：表示动作结束后到某个时间点的间隔时间,REF-GF0025-2021,GF 0025—2021 Chinese Proficiency Grading Standards: Appendix A,1b5e95de7216a22388709b1008569cd1f28c95737d73cecd6d3ebdc8e6278f2d,,GF0025-2021 PDF pp.176–259,appendix_span_verified,official_numbered_entry,verified_inventory,182,183,,词性、主谓宾,not_available,not_promoted,outside_current_37_label_claim_unless_crosswalked
GF0025-2021-3-053,【三53】,GF 0025—2021 Appendix A,3,三级,53,句子的类型,句型,单句,主谓句4：主谓谓语句,主谓句4,主谓句4：主谓谓语句,REF-GF0025-2021,GF 0025—2021 Chinese Proficiency Grading Standards: Appendix A,1b5e95de7216a22388709b1008569cd1f28c95737d73cecd6d3ebdc8e6278f2d,,GF0025-2021 PDF pp.176–259,appendix_span_verified,official_numbered_entry,verified_inventory,183,184,,主谓宾,not_available,not_promoted,outside_current_37_label_claim_unless_crosswalked
GF0025-2021-3-054,【三54】,GF 0025—2021 Appendix A,3,三级,54,句子的类型,特殊句型,“把”字句,“把”字句1：表处置 （1）主语+把+宾语+动词+在/到+处所（2）主语+把+宾语1 +动词（+给）+宾语2（3）主语+把+宾语+动词+结果补语/趋向补语/状态补语,“把”字句1,“把”字句1：表处置 （1）主语+把+宾语+动词+在/到+处所（2）主语+把+宾语1 +动词（+给）+宾语2（3）主语+把+宾语+动词+结果补语/趋向补语/状态补语,REF-GF0025-2021,GF 0025—2021 Chinese Proficiency Grading Standards: Appendix A,1b5e95de7216a22388709b1008569cd1f28c95737d73cecd6d3ebdc8e6278f2d,206,GF0025-2021 PDF p.206,ocr_detected,official_numbered_entry,verified_inventory,184,185,""".+把.+(在|到).+|.+把.+给.+""",,draft_unreviewed,not_promoted,outside_current_37_label_claim_unless_crosswalked
GF0025-2021-3-055,【三55】,GF 0025—2021 Appendix A,3,三级,55,句子的类型,特殊句型,被动句,被动句1：主语+被/叫/让+宾语+动词+其他成分,被动句1,被动句1：主语+被/叫/让+宾语+动词+其他成分,REF-GF0025-2021,GF 0025—2021 Chinese Proficiency Grading Standards: Appendix A,1b5e95de7216a22388709b1008569cd1f28c95737d73cecd6d3ebdc8e6278f2d,,GF0025-2021 PDF pp.176–259,appendix_span_verified,official_numbered_entry,verified_inventory,185,186,""".+(被|叫|让).+""",,draft_unreviewed,not_promoted,outside_current_37_label_claim_unless_crosswalked
GF0025-2021-3-056,【三56】,GF 0025—2021 Appendix A,3,三级,56,句子的类型,特殊句型,连动句,连动句2： （1）前一动作是后一动作的方式（2）后一动作是前一动作的目的,连动句2,连动句2： （1）前一动作是后一动作的方式（2）后一动作是前一动作的目的,REF-GF0025-2021,GF 0025—2021 Chinese Proficiency Grading Standards: Appendix A,1b5e95de7216a22388709b1008569cd1f28c95737d73cecd6d3ebdc8e6278f2d,207,GF0025-2021 PDF p.207,ocr_detected,official_numbered_entry,verified_inventory,186,187,,包含解释性含义,not_available,not_promoted,outside_current_37_label_claim_unless_crosswalked
GF0025-2021-3-057,【三57】,GF 0025—2021 Appendix A,3,三级,57,句子的类型,特殊句型,兼语句,兼语句1 表使令：主语+叫/派/请/让……+宾语1 +动词+宾语2,兼语句1 表使令,兼语句1 表使令：主语+叫/派/请/让……+宾语1 +动词+宾语2,REF-GF0025-2021,GF 0025—2021 Chinese Proficiency Grading Standards: Appendix A,1b5e95de7216a22388709b1008569cd1f28c95737d73cecd6d3ebdc8e6278f2d,207,GF0025-2021 PDF p.207,ocr_detected,official_numbered_entry,verified_inventory,187,188,,词性、主谓宾,not_available,not_promoted,outside_current_37_label_claim_unless_crosswalked
GF0025-2021-3-058,【三58】,GF 0025—2021 Appendix A,3,三级,58,句子的类型,特殊句型,比较句,比较句4： （1）A比B +动词+得+形容词 （2）A不比B +形容词 （3）A +动词+得+比+ B +形容词 （4）A比B +多/少/早/晚+动词+数量短语,比较句4,比较句4： （1）A比B +动词+得+形容词 （2）A不比B +形容词 （3）A +动词+得+比+ B +形容词 （4）A比B +多/少/早/晚+动词+数量短语,REF-GF0025-2021,GF 0025—2021 Chinese Proficiency Grading Standards: Appendix A,1b5e95de7216a22388709b1008569cd1f28c95737d73cecd6d3ebdc8e6278f2d,207,GF0025-2021 PDF p.207,ocr_detected,official_numbered_entry,verified_inventory,188,189,""".+比.+得.+|.+不比.+|.+得比.+|.+比.+[多少早晚].+""",,draft_unreviewed,not_promoted,outside_current_37_label_claim_unless_crosswalked
GF0025-2021-3-059,【三59】,GF 0025—2021 Appendix A,3,三级,59,句子的类型,特殊句型,重动句,主语+动词+宾语+动词+补语,主语+动词+宾语+动词+补语,主语+动词+宾语+动词+补语,REF-GF0025-2021,GF 0025—2021 Chinese Proficiency Grading Standards: Appendix A,1b5e95de7216a22388709b1008569cd1f28c95737d73cecd6d3ebdc8e6278f2d,,GF0025-2021 PDF pp.176–259,appendix_span_verified,official_numbered_entry,verified_inventory,189,190,,词性、主谓宾,not_available,not_promoted,outside_current_37_label_claim_unless_crosswalked
GF0025-2021-3-060,【三60】,GF 0025—2021 Appendix A,3,三级,60,句子的类型,复句,并列复句,（也）……，也……,（也）……，也……,（也）……，也……,REF-GF0025-2021,GF 0025—2021 Chinese Proficiency Grading Standards: Appendix A,1b5e95de7216a22388709b1008569cd1f28c95737d73cecd6d3ebdc8e6278f2d,,GF0025-2021 PDF pp.176–259,appendix_span_verified,official_numbered_entry,verified_inventory,190,191,"""也*.+，也.+"",",,draft_unreviewed,not_promoted,outside_current_37_label_claim_unless_crosswalked
GF0025-2021-3-061,【三61】,GF 0025—2021 Appendix A,3,三级,61,句子的类型,复句,并列复句,一会儿……，一会儿……,一会儿……，一会儿……,一会儿……，一会儿……,REF-GF0025-2021,GF 0025—2021 Chinese Proficiency Grading Standards: Appendix A,1b5e95de7216a22388709b1008569cd1f28c95737d73cecd6d3ebdc8e6278f2d,,GF0025-2021 PDF pp.176–259,appendix_span_verified,official_numbered_entry,verified_inventory,191,192,"""一会儿.+，一会儿.+""",,draft_unreviewed,not_promoted,outside_current_37_label_claim_unless_crosswalked
GF0025-2021-3-062,【三62】,GF 0025—2021 Appendix A,3,三级,62,句子的类型,复句,并列复句,一方面……，另一方面……,一方面……，另一方面……,一方面……，另一方面……,REF-GF0025-2021,GF 0025—2021 Chinese Proficiency Grading Standards: Appendix A,1b5e95de7216a22388709b1008569cd1f28c95737d73cecd6d3ebdc8e6278f2d,208,GF0025-2021 PDF p.208,ocr_detected,official_numbered_entry,verified_inventory,192,193,"""一方面.+，另一方面.+""",,draft_unreviewed,not_promoted,outside_current_37_label_claim_unless_crosswalked
GF0025-2021-3-063,【三63】,GF 0025—2021 Appendix A,3,三级,63,句子的类型,复句,并列复句,又……，又……,又……，又……,又……，又……,REF-GF0025-2021,GF 0025—2021 Chinese Proficiency Grading Standards: Appendix A,1b5e95de7216a22388709b1008569cd1f28c95737d73cecd6d3ebdc8e6278f2d,,GF0025-2021 PDF pp.176–259,appendix_span_verified,official_numbered_entry,verified_inventory,193,194,"""又.+，又.+""",,draft_unreviewed,not_promoted,outside_current_37_label_claim_unless_crosswalked
GF0025-2021-3-064,【三64】,GF 0025—2021 Appendix A,3,三级,64,句子的类型,复句,承接复句,首先……，然后……,首先……，然后……,首先……，然后……,REF-GF0025-2021,GF 0025—2021 Chinese Proficiency Grading Standards: Appendix A,1b5e95de7216a22388709b1008569cd1f28c95737d73cecd6d3ebdc8e6278f2d,208,GF0025-2021 PDF p.208,ocr_detected,official_numbered_entry,verified_inventory,194,195,"""首先.+，然后.+""",,draft_unreviewed,not_promoted,outside_current_37_label_claim_unless_crosswalked
GF0025-2021-3-065,【三65】,GF 0025—2021 Appendix A,3,三级,65,句子的类型,复句,递进复句,……，并且……,……，并且……,……，并且……,REF-GF0025-2021,GF 0025—2021 Chinese Proficiency Grading Standards: Appendix A,1b5e95de7216a22388709b1008569cd1f28c95737d73cecd6d3ebdc8e6278f2d,208,GF0025-2021 PDF p.208,ocr_detected,official_numbered_entry,verified_inventory,195,196,""".+，并且.+""",,draft_unreviewed,not_promoted,outside_current_37_label_claim_unless_crosswalked
GF0025-2021-3-066,【三66】,GF 0025—2021 Appendix A,3,三级,66,句子的类型,复句,递进复句,不仅/不光……，还/而且……,不仅/不光……，还/而且……,不仅/不光……，还/而且……,REF-GF0025-2021,GF 0025—2021 Chinese Proficiency Grading Standards: Appendix A,1b5e95de7216a22388709b1008569cd1f28c95737d73cecd6d3ebdc8e6278f2d,209,GF0025-2021 PDF p.209,ocr_detected,official_numbered_entry,verified_inventory,196,197,"""(不仅|不光).+，(还|而且).+""",,draft_unreviewed,not_promoted,outside_current_37_label_claim_unless_crosswalked
GF0025-2021-3-067,【三67】,GF 0025—2021 Appendix A,3,三级,67,句子的类型,复句,选择复句,不是……，就是……,不是……，就是……,不是……，就是……,REF-GF0025-2021,GF 0025—2021 Chinese Proficiency Grading Standards: Appendix A,1b5e95de7216a22388709b1008569cd1f28c95737d73cecd6d3ebdc8e6278f2d,209,GF0025-2021 PDF p.209,ocr_detected,official_numbered_entry,verified_inventory,197,198,"""不是.+，就是.+""",,draft_unreviewed,not_promoted,outside_current_37_label_claim_unless_crosswalked
GF0025-2021-3-068,【三68】,GF 0025—2021 Appendix A,3,三级,68,句子的类型,复句,转折复句,……X是X，就是/不过……,……X是X，就是/不过……,……X是X，就是/不过……,REF-GF0025-2021,GF 0025—2021 Chinese Proficiency Grading Standards: Appendix A,1b5e95de7216a22388709b1008569cd1f28c95737d73cecd6d3ebdc8e6278f2d,209,GF0025-2021 PDF p.209,ocr_detected,official_numbered_entry,verified_inventory,198,199,""".+([一-龥]+)是\\1，(就是|不过).+""",,draft_unreviewed,not_promoted,outside_current_37_label_claim_unless_crosswalked
GF0025-2021-3-069,【三69】,GF 0025—2021 Appendix A,3,三级,69,句子的类型,复句,假设复句,要是……，就……,要是……，就……,要是……，就……,REF-GF0025-2021,GF 0025—2021 Chinese Proficiency Grading Standards: Appendix A,1b5e95de7216a22388709b1008569cd1f28c95737d73cecd6d3ebdc8e6278f2d,209,GF0025-2021 PDF p.209,ocr_detected,official_numbered_entry,verified_inventory,199,200,"""要是.+，就.+""",,draft_unreviewed,not_promoted,outside_current_37_label_claim_unless_crosswalked
GF0025-2021-3-070,【三70】,GF 0025—2021 Appendix A,3,三级,70,句子的类型,复句,条件复句,只有……，才……,只有……，才……,只有……，才……,REF-GF0025-2021,GF 0025—2021 Chinese Proficiency Grading Standards: Appendix A,1b5e95de7216a22388709b1008569cd1f28c95737d73cecd6d3ebdc8e6278f2d,,GF0025-2021 PDF pp.176–259,appendix_span_verified,official_numbered_entry,verified_inventory,200,201,"""只有.+，才.+""",,draft_unreviewed,not_promoted,outside_current_37_label_claim_unless_crosswalked
GF0025-2021-3-071,【三71】,GF 0025—2021 Appendix A,3,三级,71,句子的类型,复句,因果复句,（由于）……，所以/因此……,（由于）……，所以/因此……,（由于）……，所以/因此……,REF-GF0025-2021,GF 0025—2021 Chinese Proficiency Grading Standards: Appendix A,1b5e95de7216a22388709b1008569cd1f28c95737d73cecd6d3ebdc8e6278f2d,209,GF0025-2021 PDF p.209,ocr_detected,official_numbered_entry,verified_inventory,201,202,"""(由于)*.+，(所以|因此).+""",,draft_unreviewed,not_promoted,outside_current_37_label_claim_unless_crosswalked
GF0025-2021-3-072,【三72】,GF 0025—2021 Appendix A,3,三级,72,句子的类型,复句,目的复句,为了……，……,为了……，……,为了……，……,REF-GF0025-2021,GF 0025—2021 Chinese Proficiency Grading Standards: Appendix A,1b5e95de7216a22388709b1008569cd1f28c95737d73cecd6d3ebdc8e6278f2d,209,GF0025-2021 PDF p.209,ocr_detected,official_numbered_entry,verified_inventory,202,203,"""为了.+，.+""",,draft_unreviewed,not_promoted,outside_current_37_label_claim_unless_crosswalked
GF0025-2021-3-073,【三73】,GF 0025—2021 Appendix A,3,三级,73,句子的类型,复句,紧缩复句,……了……（就）……,……了……（就）……,……了……（就）……,REF-GF0025-2021,GF 0025—2021 Chinese Proficiency Grading Standards: Appendix A,1b5e95de7216a22388709b1008569cd1f28c95737d73cecd6d3ebdc8e6278f2d,,GF0025-2021 PDF pp.176–259,appendix_span_verified,official_numbered_entry,verified_inventory,203,204,""".+了.+就*.+""",,draft_unreviewed,not_promoted,outside_current_37_label_claim_unless_crosswalked
GF0025-2021-3-074,【三74】,GF 0025—2021 Appendix A,3,三级,74,特殊表达法,数的表示法,,概数表示法2： （1）用“大概、大约、几”表示概数（2）相邻数词连用表示概数（3）用“左右、前后”表示概数,概数表示法2,概数表示法2： （1）用“大概、大约、几”表示概数（2）相邻数词连用表示概数（3）用“左右、前后”表示概数,REF-GF0025-2021,GF 0025—2021 Chinese Proficiency Grading Standards: Appendix A,1b5e95de7216a22388709b1008569cd1f28c95737d73cecd6d3ebdc8e6278f2d,,GF0025-2021 PDF pp.176–259,appendix_span_verified,official_numbered_entry,verified_inventory,204,205,,包含解释性含义,not_available,not_promoted,outside_current_37_label_claim_unless_crosswalked
GF0025-2021-3-075,【三75】,GF 0025—2021 Appendix A,3,三级,75,强调的方法,未细分,,用“一点儿也不……”表示强调,用“一点儿也不……”表示强调,用“一点儿也不……”表示强调,REF-GF0025-2021,GF 0025—2021 Chinese Proficiency Grading Standards: Appendix A,1b5e95de7216a22388709b1008569cd1f28c95737d73cecd6d3ebdc8e6278f2d,210,GF0025-2021 PDF p.210,ocr_detected,official_numbered_entry,verified_inventory,205,206,"""一点儿也不""",,draft_unreviewed,not_promoted,outside_current_37_label_claim_unless_crosswalked
GF0025-2021-3-076,【三76】,GF 0025—2021 Appendix A,3,三级,76,强调的方法,未细分,,用反问句表示强调 反问句1：不是……吗？/难道……吗？,用反问句表示强调 反问句1,用反问句表示强调 反问句1：不是……吗？/难道……吗？,REF-GF0025-2021,GF 0025—2021 Chinese Proficiency Grading Standards: Appendix A,1b5e95de7216a22388709b1008569cd1f28c95737d73cecd6d3ebdc8e6278f2d,210,GF0025-2021 PDF p.210,ocr_detected,official_numbered_entry,verified_inventory,206,207,"""(不是|难道).+吗？""",,draft_unreviewed,not_promoted,outside_current_37_label_claim_unless_crosswalked
GF0025-2021-3-077,【三77】,GF 0025—2021 Appendix A,3,三级,77,强调的方法,未细分,,用“是”表示强调,用“是”表示强调,用“是”表示强调,REF-GF0025-2021,GF 0025—2021 Chinese Proficiency Grading Standards: Appendix A,1b5e95de7216a22388709b1008569cd1f28c95737d73cecd6d3ebdc8e6278f2d,210,GF0025-2021 PDF p.210,ocr_detected,official_numbered_entry,verified_inventory,207,208,,包含解释性含义,not_available,not_promoted,outside_current_37_label_claim_unless_crosswalked
GF0025-2021-3-078,【三78】,GF 0025—2021 Appendix A,3,三级,78,提问的方法,未细分,,用疑问语调表示疑问,用疑问语调表示疑问,用疑问语调表示疑问,REF-GF0025-2021,GF 0025—2021 Chinese Proficiency Grading Standards: Appendix A,1b5e95de7216a22388709b1008569cd1f28c95737d73cecd6d3ebdc8e6278f2d,210,GF0025-2021 PDF p.210,ocr_detected,official_numbered_entry,verified_inventory,208,209,"""？""",,draft_unreviewed,not_promoted,outside_current_37_label_claim_unless_crosswalked
GF0025-2021-3-079,【三79】,GF 0025—2021 Appendix A,3,三级,79,口语格式,未细分,,都……了,都……了,都……了,REF-GF0025-2021,GF 0025—2021 Chinese Proficiency Grading Standards: Appendix A,1b5e95de7216a22388709b1008569cd1f28c95737d73cecd6d3ebdc8e6278f2d,,GF0025-2021 PDF pp.176–259,appendix_span_verified,official_numbered_entry,verified_inventory,209,210,"""都.+了""",,draft_unreviewed,not_promoted,outside_current_37_label_claim_unless_crosswalked
GF0025-2021-3-080,【三80】,GF 0025—2021 Appendix A,3,三级,80,口语格式,未细分,,X就X（点儿）吧,X就X（点儿）吧,X就X（点儿）吧,REF-GF0025-2021,GF 0025—2021 Chinese Proficiency Grading Standards: Appendix A,1b5e95de7216a22388709b1008569cd1f28c95737d73cecd6d3ebdc8e6278f2d,210,GF0025-2021 PDF p.210,ocr_detected,official_numbered_entry,verified_inventory,210,211,"""([一-龥]{1,2})就\\1(点儿)*吧""",,draft_unreviewed,not_promoted,outside_current_37_label_claim_unless_crosswalked
GF0025-2021-3-081,【三81】,GF 0025—2021 Appendix A,3,三级,81,口语格式,未细分,,X什么（啊）,X什么（啊）,X什么（啊）,REF-GF0025-2021,GF 0025—2021 Chinese Proficiency Grading Standards: Appendix A,1b5e95de7216a22388709b1008569cd1f28c95737d73cecd6d3ebdc8e6278f2d,211,GF0025-2021 PDF p.211,ocr_detected,official_numbered_entry,verified_inventory,211,212,"""[一-龥]+什么(啊)*""",,draft_unreviewed,not_promoted,outside_current_37_label_claim_unless_crosswalked
GF0025-2021-4-001,【四01】,GF 0025—2021 Appendix A,4,四级,1,词类,动词,能愿动词,得,得,得,REF-GF0025-2021,GF 0025—2021 Chinese Proficiency Grading Standards: Appendix A,1b5e95de7216a22388709b1008569cd1f28c95737d73cecd6d3ebdc8e6278f2d,211,GF0025-2021 PDF p.211,ocr_detected,official_numbered_entry,verified_inventory,212,213,"""^得$""",,draft_unreviewed,not_promoted,outside_current_37_label_claim_unless_crosswalked
GF0025-2021-4-002,【四02】,GF 0025—2021 Appendix A,4,四级,2,词类,代词,人称代词,人家,人家,人家,REF-GF0025-2021,GF 0025—2021 Chinese Proficiency Grading Standards: Appendix A,1b5e95de7216a22388709b1008569cd1f28c95737d73cecd6d3ebdc8e6278f2d,211,GF0025-2021 PDF p.211,ocr_detected,official_numbered_entry,verified_inventory,213,214,"""^人家$""",,draft_unreviewed,not_promoted,outside_current_37_label_claim_unless_crosswalked
GF0025-2021-4-003,【四03】,GF 0025—2021 Appendix A,4,四级,3,词类,量词,名量词,打、袋、根、卷、棵、批,打、袋、根、卷、棵、批,打、袋、根、卷、棵、批,REF-GF0025-2021,GF 0025—2021 Chinese Proficiency Grading Standards: Appendix A,1b5e95de7216a22388709b1008569cd1f28c95737d73cecd6d3ebdc8e6278f2d,211,GF0025-2021 PDF p.211,ocr_detected,official_numbered_entry,verified_inventory,214,215,"""^(打|袋|根|卷|棵|批)$""",,draft_unreviewed,not_promoted,outside_current_37_label_claim_unless_crosswalked
GF0025-2021-4-004,【四04】,GF 0025—2021 Appendix A,4,四级,4,词类,量词,借用量词,（1）名量词：碗、脸、手、屋子、桌子 （2）动量词：刀、针,（1）名量词,（1）名量词：碗、脸、手、屋子、桌子 （2）动量词：刀、针,REF-GF0025-2021,GF 0025—2021 Chinese Proficiency Grading Standards: Appendix A,1b5e95de7216a22388709b1008569cd1f28c95737d73cecd6d3ebdc8e6278f2d,211,GF0025-2021 PDF p.211,ocr_detected,official_numbered_entry,verified_inventory,215,216,"""^(碗|脸|手|屋子|桌子|刀|针)$""",,draft_unreviewed,not_promoted,outside_current_37_label_claim_unless_crosswalked
GF0025-2021-4-005,【四05】,GF 0025—2021 Appendix A,4,四级,5,词类,副词,程度副词,格外、极、极其,格外、极、极其,格外、极、极其,REF-GF0025-2021,GF 0025—2021 Chinese Proficiency Grading Standards: Appendix A,1b5e95de7216a22388709b1008569cd1f28c95737d73cecd6d3ebdc8e6278f2d,211,GF0025-2021 PDF p.211,ocr_detected,official_numbered_entry,verified_inventory,216,217,"""^(格外|极|极其)$""",,draft_unreviewed,not_promoted,outside_current_37_label_claim_unless_crosswalked
GF0025-2021-4-006,【四06】,GF 0025—2021 Appendix A,4,四级,6,词类,副词,范围、协同副词,共,共,共,REF-GF0025-2021,GF 0025—2021 Chinese Proficiency Grading Standards: Appendix A,1b5e95de7216a22388709b1008569cd1f28c95737d73cecd6d3ebdc8e6278f2d,211,GF0025-2021 PDF p.211,ocr_detected,official_numbered_entry,verified_inventory,217,218,"""^共$""",,draft_unreviewed,not_promoted,outside_current_37_label_claim_unless_crosswalked
GF0025-2021-4-007,【四07】,GF 0025—2021 Appendix A,4,四级,7,词类,副词,时间副词,按时、即将、急忙、渐渐、尽快,按时、即将、急忙、渐渐、尽快,按时、即将、急忙、渐渐、尽快,REF-GF0025-2021,GF 0025—2021 Chinese Proficiency Grading Standards: Appendix A,1b5e95de7216a22388709b1008569cd1f28c95737d73cecd6d3ebdc8e6278f2d,212,GF0025-2021 PDF p.212,ocr_detected,official_numbered_entry,verified_inventory,218,219,"""^(按时|即将|急忙|渐渐|尽快)$""",,draft_unreviewed,not_promoted,outside_current_37_label_claim_unless_crosswalked
GF0025-2021-4-008,【四08】,GF 0025—2021 Appendix A,4,四级,8,词类,副词,频率、重复副词,一再、再三,一再、再三,一再、再三,REF-GF0025-2021,GF 0025—2021 Chinese Proficiency Grading Standards: Appendix A,1b5e95de7216a22388709b1008569cd1f28c95737d73cecd6d3ebdc8e6278f2d,212,GF0025-2021 PDF p.212,ocr_detected,official_numbered_entry,verified_inventory,219,220,"""^(一再|再三)$""",,draft_unreviewed,not_promoted,outside_current_37_label_claim_unless_crosswalked
GF0025-2021-4-009,【四09】,GF 0025—2021 Appendix A,4,四级,9,词类,副词,关联副词,却,却,却,REF-GF0025-2021,GF 0025—2021 Chinese Proficiency Grading Standards: Appendix A,1b5e95de7216a22388709b1008569cd1f28c95737d73cecd6d3ebdc8e6278f2d,212,GF0025-2021 PDF p.212,ocr_detected,official_numbered_entry,verified_inventory,220,221,"""^却$""",,draft_unreviewed,not_promoted,outside_current_37_label_claim_unless_crosswalked
GF0025-2021-4-010,【四10】,GF 0025—2021 Appendix A,4,四级,10,词类,副词,否定副词,未必,未必,未必,REF-GF0025-2021,GF 0025—2021 Chinese Proficiency Grading Standards: Appendix A,1b5e95de7216a22388709b1008569cd1f28c95737d73cecd6d3ebdc8e6278f2d,,GF0025-2021 PDF pp.176–259,appendix_span_verified,official_numbered_entry,verified_inventory,221,222,"""^未必$""",,draft_unreviewed,not_promoted,outside_current_37_label_claim_unless_crosswalked
GF0025-2021-4-011,【四11】,GF 0025—2021 Appendix A,4,四级,11,词类,副词,情态副词,几乎、似乎,几乎、似乎,几乎、似乎,REF-GF0025-2021,GF 0025—2021 Chinese Proficiency Grading Standards: Appendix A,1b5e95de7216a22388709b1008569cd1f28c95737d73cecd6d3ebdc8e6278f2d,212,GF0025-2021 PDF p.212,ocr_detected,official_numbered_entry,verified_inventory,222,223,"""^(几乎|似乎)$""",,draft_unreviewed,not_promoted,outside_current_37_label_claim_unless_crosswalked
GF0025-2021-4-012,【四12】,GF 0025—2021 Appendix A,4,四级,12,词类,副词,语气副词,的确、反而、还4、竟然、究竟,的确、反而、还4、竟然、究竟,的确、反而、还4、竟然、究竟,REF-GF0025-2021,GF 0025—2021 Chinese Proficiency Grading Standards: Appendix A,1b5e95de7216a22388709b1008569cd1f28c95737d73cecd6d3ebdc8e6278f2d,212,GF0025-2021 PDF p.212,ocr_detected,official_numbered_entry,verified_inventory,223,224,"""^(的确|反而|还|竟然|究竟)$""",,draft_unreviewed,not_promoted,outside_current_37_label_claim_unless_crosswalked
GF0025-2021-4-013,【四13】,GF 0025—2021 Appendix A,4,四级,13,词类,介词,引出时间、处所,自,自,自,REF-GF0025-2021,GF 0025—2021 Chinese Proficiency Grading Standards: Appendix A,1b5e95de7216a22388709b1008569cd1f28c95737d73cecd6d3ebdc8e6278f2d,212,GF0025-2021 PDF p.212,ocr_detected,official_numbered_entry,verified_inventory,224,225,"""^自$""",,draft_unreviewed,not_promoted,outside_current_37_label_claim_unless_crosswalked
GF0025-2021-4-014,【四14】,GF 0025—2021 Appendix A,4,四级,14,词类,介词,引出对象,对于,对于,对于,REF-GF0025-2021,GF 0025—2021 Chinese Proficiency Grading Standards: Appendix A,1b5e95de7216a22388709b1008569cd1f28c95737d73cecd6d3ebdc8e6278f2d,212,GF0025-2021 PDF p.212,ocr_detected,official_numbered_entry,verified_inventory,225,226,"^对于$""",,draft_unreviewed,not_promoted,outside_current_37_label_claim_unless_crosswalked
GF0025-2021-4-015,【四15】,GF 0025—2021 Appendix A,4,四级,15,词类,介词,引出对象,关于,关于,关于,REF-GF0025-2021,GF 0025—2021 Chinese Proficiency Grading Standards: Appendix A,1b5e95de7216a22388709b1008569cd1f28c95737d73cecd6d3ebdc8e6278f2d,,GF0025-2021 PDF pp.176–259,appendix_span_verified,official_numbered_entry,verified_inventory,226,227,"""^关于$""",,draft_unreviewed,not_promoted,outside_current_37_label_claim_unless_crosswalked
GF0025-2021-4-016,【四16】,GF 0025—2021 Appendix A,4,四级,16,词类,介词,引出对象,替,替,替,REF-GF0025-2021,GF 0025—2021 Chinese Proficiency Grading Standards: Appendix A,1b5e95de7216a22388709b1008569cd1f28c95737d73cecd6d3ebdc8e6278f2d,213,GF0025-2021 PDF p.213,ocr_detected,official_numbered_entry,verified_inventory,227,228,"""^替$""",,draft_unreviewed,not_promoted,outside_current_37_label_claim_unless_crosswalked
GF0025-2021-4-017,【四17】,GF 0025—2021 Appendix A,4,四级,17,词类,介词,引出凭借、依据,根据,根据,根据,REF-GF0025-2021,GF 0025—2021 Chinese Proficiency Grading Standards: Appendix A,1b5e95de7216a22388709b1008569cd1f28c95737d73cecd6d3ebdc8e6278f2d,213,GF0025-2021 PDF p.213,ocr_detected,official_numbered_entry,verified_inventory,228,229,"""^根据$""",,draft_unreviewed,not_promoted,outside_current_37_label_claim_unless_crosswalked
GF0025-2021-4-018,【四18】,GF 0025—2021 Appendix A,4,四级,18,词类,介词,引出凭借、依据,作为,作为,作为,REF-GF0025-2021,GF 0025—2021 Chinese Proficiency Grading Standards: Appendix A,1b5e95de7216a22388709b1008569cd1f28c95737d73cecd6d3ebdc8e6278f2d,213,GF0025-2021 PDF p.213,ocr_detected,official_numbered_entry,verified_inventory,229,230,"""^作为$""",,draft_unreviewed,not_promoted,outside_current_37_label_claim_unless_crosswalked
GF0025-2021-4-019,【四19】,GF 0025—2021 Appendix A,4,四级,19,词类,连词,连接词或词组,并2、以及,并2、以及,并2、以及,REF-GF0025-2021,GF 0025—2021 Chinese Proficiency Grading Standards: Appendix A,1b5e95de7216a22388709b1008569cd1f28c95737d73cecd6d3ebdc8e6278f2d,213,GF0025-2021 PDF p.213,ocr_detected,official_numbered_entry,verified_inventory,230,231,"""^(并|以及)$""",,draft_unreviewed,not_promoted,outside_current_37_label_claim_unless_crosswalked
GF0025-2021-4-020,【四20】,GF 0025—2021 Appendix A,4,四级,20,词类,连词,连接分句或句子,此外、而1、而是、既然、可见、甚至、假如、总之,此外、而1、而是、既然、可见、甚至、假如、总之,此外、而1、而是、既然、可见、甚至、假如、总之,REF-GF0025-2021,GF 0025—2021 Chinese Proficiency Grading Standards: Appendix A,1b5e95de7216a22388709b1008569cd1f28c95737d73cecd6d3ebdc8e6278f2d,213,GF0025-2021 PDF p.213,ocr_detected,official_numbered_entry,verified_inventory,231,232,"""^(此外|而|而是|既然|可见|甚至|假如|总之)$""",,draft_unreviewed,not_promoted,outside_current_37_label_claim_unless_crosswalked
GF0025-2021-4-021,【四21】,GF 0025—2021 Appendix A,4,四级,21,词类,助词,其他助词,似的,似的,似的,REF-GF0025-2021,GF 0025—2021 Chinese Proficiency Grading Standards: Appendix A,1b5e95de7216a22388709b1008569cd1f28c95737d73cecd6d3ebdc8e6278f2d,213,GF0025-2021 PDF p.213,ocr_detected,official_numbered_entry,verified_inventory,232,233,"""^似的$""",,draft_unreviewed,not_promoted,outside_current_37_label_claim_unless_crosswalked
GF0025-2021-4-022,【四22】,GF 0025—2021 Appendix A,4,四级,22,词类,叹词,,啊2,啊2,啊2,REF-GF0025-2021,GF 0025—2021 Chinese Proficiency Grading Standards: Appendix A,1b5e95de7216a22388709b1008569cd1f28c95737d73cecd6d3ebdc8e6278f2d,214,GF0025-2021 PDF p.214,ocr_detected,official_numbered_entry,verified_inventory,233,234,"""^啊$""",,draft_unreviewed,not_promoted,outside_current_37_label_claim_unless_crosswalked
GF0025-2021-4-023,【四23】,GF 0025—2021 Appendix A,4,四级,23,短语,固定短语,四字格,大A大B,大A大B,大A大B,REF-GF0025-2021,GF 0025—2021 Chinese Proficiency Grading Standards: Appendix A,1b5e95de7216a22388709b1008569cd1f28c95737d73cecd6d3ebdc8e6278f2d,214,GF0025-2021 PDF p.214,ocr_detected,official_numbered_entry,verified_inventory,234,235,"大[一-龥]大[一-龥]""",,draft_unreviewed,not_promoted,outside_current_37_label_claim_unless_crosswalked
GF0025-2021-4-024,【四24】,GF 0025—2021 Appendix A,4,四级,24,短语,固定短语,四字格,一A一B,一A一B,一A一B,REF-GF0025-2021,GF 0025—2021 Chinese Proficiency Grading Standards: Appendix A,1b5e95de7216a22388709b1008569cd1f28c95737d73cecd6d3ebdc8e6278f2d,214,GF0025-2021 PDF p.214,ocr_detected,official_numbered_entry,verified_inventory,235,236,"""一[一-龥]一[一-龥]""",,draft_unreviewed,not_promoted,outside_current_37_label_claim_unless_crosswalked
GF0025-2021-4-025,【四25】,GF 0025—2021 Appendix A,4,四级,25,短语,固定短语,其他,看来,看来,看来,REF-GF0025-2021,GF 0025—2021 Chinese Proficiency Grading Standards: Appendix A,1b5e95de7216a22388709b1008569cd1f28c95737d73cecd6d3ebdc8e6278f2d,,GF0025-2021 PDF pp.176–259,appendix_span_verified,official_numbered_entry,verified_inventory,236,237,"""看来""",,draft_unreviewed,not_promoted,outside_current_37_label_claim_unless_crosswalked
GF0025-2021-4-026,【四26】,GF 0025—2021 Appendix A,4,四级,26,短语,固定短语,其他,来得及/来不及,来得及/来不及,来得及/来不及,REF-GF0025-2021,GF 0025—2021 Chinese Proficiency Grading Standards: Appendix A,1b5e95de7216a22388709b1008569cd1f28c95737d73cecd6d3ebdc8e6278f2d,,GF0025-2021 PDF pp.176–259,appendix_span_verified,official_numbered_entry,verified_inventory,237,238,"""来得及|来不及""",,draft_unreviewed,not_promoted,outside_current_37_label_claim_unless_crosswalked
GF0025-2021-4-027,【四27】,GF 0025—2021 Appendix A,4,四级,27,短语,固定短语,其他,说不定,说不定,说不定,REF-GF0025-2021,GF 0025—2021 Chinese Proficiency Grading Standards: Appendix A,1b5e95de7216a22388709b1008569cd1f28c95737d73cecd6d3ebdc8e6278f2d,,GF0025-2021 PDF pp.176–259,appendix_span_verified,official_numbered_entry,verified_inventory,238,239,"""说不定""",,draft_unreviewed,not_promoted,outside_current_37_label_claim_unless_crosswalked
GF0025-2021-4-028,【四28】,GF 0025—2021 Appendix A,4,四级,28,短语,固定短语,其他,一般来说,一般来说,一般来说,REF-GF0025-2021,GF 0025—2021 Chinese Proficiency Grading Standards: Appendix A,1b5e95de7216a22388709b1008569cd1f28c95737d73cecd6d3ebdc8e6278f2d,,GF0025-2021 PDF pp.176–259,appendix_span_verified,official_numbered_entry,verified_inventory,239,240,"""一般来说""",,draft_unreviewed,not_promoted,outside_current_37_label_claim_unless_crosswalked
GF0025-2021-4-029,【四29】,GF 0025—2021 Appendix A,4,四级,29,固定格式,未细分,,一+量词+比+一+量词,一+量词+比+一+量词,一+量词+比+一+量词,REF-GF0025-2021,GF 0025—2021 Chinese Proficiency Grading Standards: Appendix A,1b5e95de7216a22388709b1008569cd1f28c95737d73cecd6d3ebdc8e6278f2d,,GF0025-2021 PDF pp.176–259,appendix_span_verified,official_numbered_entry,verified_inventory,240,241,"""一([个杯本包块])比一\\1""",,draft_unreviewed,not_promoted,outside_current_37_label_claim_unless_crosswalked
GF0025-2021-4-030,【四30】,GF 0025—2021 Appendix A,4,四级,30,固定格式,未细分,,（自）……以来,（自）……以来,（自）……以来,REF-GF0025-2021,GF 0025—2021 Chinese Proficiency Grading Standards: Appendix A,1b5e95de7216a22388709b1008569cd1f28c95737d73cecd6d3ebdc8e6278f2d,215,GF0025-2021 PDF p.215,ocr_detected,official_numbered_entry,verified_inventory,241,242,"""自*.+以来""",,draft_unreviewed,not_promoted,outside_current_37_label_claim_unless_crosswalked
GF0025-2021-4-031,【四31】,GF 0025—2021 Appendix A,4,四级,31,固定格式,未细分,,由……组成,由……组成,由……组成,REF-GF0025-2021,GF 0025—2021 Chinese Proficiency Grading Standards: Appendix A,1b5e95de7216a22388709b1008569cd1f28c95737d73cecd6d3ebdc8e6278f2d,215,GF0025-2021 PDF p.215,ocr_detected,official_numbered_entry,verified_inventory,242,243,"""由.+组成""",,draft_unreviewed,not_promoted,outside_current_37_label_claim_unless_crosswalked
GF0025-2021-4-032,【四32】,GF 0025—2021 Appendix A,4,四级,32,固定格式,未细分,,在……方面,在……方面,在……方面,REF-GF0025-2021,GF 0025—2021 Chinese Proficiency Grading Standards: Appendix A,1b5e95de7216a22388709b1008569cd1f28c95737d73cecd6d3ebdc8e6278f2d,215,GF0025-2021 PDF p.215,ocr_detected,official_numbered_entry,verified_inventory,243,244,"""在.+方面""",,draft_unreviewed,not_promoted,outside_current_37_label_claim_unless_crosswalked
GF0025-2021-4-033,【四33】,GF 0025—2021 Appendix A,4,四级,33,固定格式,未细分,,在……上/下/中,在……上/下/中,在……上/下/中,REF-GF0025-2021,GF 0025—2021 Chinese Proficiency Grading Standards: Appendix A,1b5e95de7216a22388709b1008569cd1f28c95737d73cecd6d3ebdc8e6278f2d,,GF0025-2021 PDF pp.176–259,appendix_span_verified,official_numbered_entry,verified_inventory,244,245,"""在.+(上|下|中)""",,draft_unreviewed,not_promoted,outside_current_37_label_claim_unless_crosswalked
GF0025-2021-4-034,【四34】,GF 0025—2021 Appendix A,4,四级,34,句子成分,主语,,主谓短语作主语,主谓短语作主语,主谓短语作主语,REF-GF0025-2021,GF 0025—2021 Chinese Proficiency Grading Standards: Appendix A,1b5e95de7216a22388709b1008569cd1f28c95737d73cecd6d3ebdc8e6278f2d,,GF0025-2021 PDF pp.176–259,appendix_span_verified,official_numbered_entry,verified_inventory,245,246,,主谓宾,not_available,not_promoted,outside_current_37_label_claim_unless_crosswalked
GF0025-2021-4-035,【四35】,GF 0025—2021 Appendix A,4,四级,35,句子成分,主语,,受事主语,受事主语,受事主语,REF-GF0025-2021,GF 0025—2021 Chinese Proficiency Grading Standards: Appendix A,1b5e95de7216a22388709b1008569cd1f28c95737d73cecd6d3ebdc8e6278f2d,215,GF0025-2021 PDF p.215,ocr_detected,official_numbered_entry,verified_inventory,246,247,,主谓宾,not_available,not_promoted,outside_current_37_label_claim_unless_crosswalked
GF0025-2021-4-036,【四36】,GF 0025—2021 Appendix A,4,四级,36,句子成分,定语,,多项定语,多项定语,多项定语,REF-GF0025-2021,GF 0025—2021 Chinese Proficiency Grading Standards: Appendix A,1b5e95de7216a22388709b1008569cd1f28c95737d73cecd6d3ebdc8e6278f2d,216,GF0025-2021 PDF p.216,ocr_detected,official_numbered_entry,verified_inventory,247,248,,主谓宾,not_available,not_promoted,outside_current_37_label_claim_unless_crosswalked
GF0025-2021-4-037,【四37】,GF 0025—2021 Appendix A,4,四级,37,句子成分,补语,趋向补语,趋向补语3 表示结果意义（引申用法）：动词+上/出/起/下,趋向补语3 表示结果意义（引申用法）,趋向补语3 表示结果意义（引申用法）：动词+上/出/起/下,REF-GF0025-2021,GF 0025—2021 Chinese Proficiency Grading Standards: Appendix A,1b5e95de7216a22388709b1008569cd1f28c95737d73cecd6d3ebdc8e6278f2d,216,GF0025-2021 PDF p.216,ocr_detected,official_numbered_entry,verified_inventory,248,249,,词性、主谓宾,not_available,not_promoted,outside_current_37_label_claim_unless_crosswalked
GF0025-2021-4-038,【四38】,GF 0025—2021 Appendix A,4,四级,38,句子的类型,特殊句型,“把”字句,“把”字句2：表处置（1） 主语+把+宾语+动词（+一/了）+动词（2）主语+把+宾语（+给）+动词+了/着（3）主语+把+宾语+动词+动量补语/时量补语,“把”字句2,“把”字句2：表处置（1） 主语+把+宾语+动词（+一/了）+动词（2）主语+把+宾语（+给）+动词+了/着（3）主语+把+宾语+动词+动量补语/时量补语,REF-GF0025-2021,GF 0025—2021 Chinese Proficiency Grading Standards: Appendix A,1b5e95de7216a22388709b1008569cd1f28c95737d73cecd6d3ebdc8e6278f2d,216,GF0025-2021 PDF p.216,ocr_detected,official_numbered_entry,verified_inventory,249,250,""".+把.+给?.+[了着]""",,draft_unreviewed,not_promoted,outside_current_37_label_claim_unless_crosswalked
GF0025-2021-4-039,【四39】,GF 0025—2021 Appendix A,4,四级,39,句子的类型,特殊句型,被动句,被动句2：主语+被+动词+其他成分,被动句2,被动句2：主语+被+动词+其他成分,REF-GF0025-2021,GF 0025—2021 Chinese Proficiency Grading Standards: Appendix A,1b5e95de7216a22388709b1008569cd1f28c95737d73cecd6d3ebdc8e6278f2d,,GF0025-2021 PDF pp.176–259,appendix_span_verified,official_numbered_entry,verified_inventory,250,251,,词性、主谓宾,not_available,not_promoted,outside_current_37_label_claim_unless_crosswalked
GF0025-2021-4-040,【四40】,GF 0025—2021 Appendix A,4,四级,40,句子的类型,特殊句型,存现句,存现句2： （1）表示出现：处所词+动词+趋向补语/结果补语+动态助词（了）+数量短语+人/物（2）表示消失：处所词+动词+结果补语+动态助词（了）+数量短语+人/物,存现句2,存现句2： （1）表示出现：处所词+动词+趋向补语/结果补语+动态助词（了）+数量短语+人/物（2）表示消失：处所词+动词+结果补语+动态助词（了）+数量短语+人/物,REF-GF0025-2021,GF 0025—2021 Chinese Proficiency Grading Standards: Appendix A,1b5e95de7216a22388709b1008569cd1f28c95737d73cecd6d3ebdc8e6278f2d,217,GF0025-2021 PDF p.217,ocr_detected,official_numbered_entry,verified_inventory,251,252,,词性、主谓宾,not_available,not_promoted,outside_current_37_label_claim_unless_crosswalked
GF0025-2021-4-041,【四41】,GF 0025—2021 Appendix A,4,四级,41,句子的类型,特殊句型,兼语句,兼语句2 （1）表爱憎义：主语+表扬/批评+宾语1+动词+宾语2（2）表称谓或认定义：主语+叫/称（呼）/说/收/选+宾语1 +做/为/当/是+宾语2,兼语句2 （1）表爱憎义,兼语句2 （1）表爱憎义：主语+表扬/批评+宾语1+动词+宾语2（2）表称谓或认定义：主语+叫/称（呼）/说/收/选+宾语1 +做/为/当/是+宾语2,REF-GF0025-2021,GF 0025—2021 Chinese Proficiency Grading Standards: Appendix A,1b5e95de7216a22388709b1008569cd1f28c95737d73cecd6d3ebdc8e6278f2d,217,GF0025-2021 PDF p.217,ocr_detected,official_numbered_entry,verified_inventory,252,253,,词性、主谓宾,not_available,not_promoted,outside_current_37_label_claim_unless_crosswalked
GF0025-2021-4-042,【四42】,GF 0025—2021 Appendix A,4,四级,42,句子的类型,特殊句型,“是……的”句,“是……的”句2：强调说话人的看法或态度,“是……的”句2,“是……的”句2：强调说话人的看法或态度,REF-GF0025-2021,GF 0025—2021 Chinese Proficiency Grading Standards: Appendix A,1b5e95de7216a22388709b1008569cd1f28c95737d73cecd6d3ebdc8e6278f2d,217,GF0025-2021 PDF p.217,ocr_detected,official_numbered_entry,verified_inventory,253,254,"""是.+的""",,draft_unreviewed,not_promoted,outside_current_37_label_claim_unless_crosswalked
GF0025-2021-4-043,【四43】,GF 0025—2021 Appendix A,4,四级,43,句子的类型,复句,并列复句,不是……，而是……,不是……，而是……,不是……，而是……,REF-GF0025-2021,GF 0025—2021 Chinese Proficiency Grading Standards: Appendix A,1b5e95de7216a22388709b1008569cd1f28c95737d73cecd6d3ebdc8e6278f2d,217,GF0025-2021 PDF p.217,ocr_detected,official_numbered_entry,verified_inventory,254,255,"""不是.+，而是.+""",,draft_unreviewed,not_promoted,outside_current_37_label_claim_unless_crosswalked
GF0025-2021-4-044,【四44】,GF 0025—2021 Appendix A,4,四级,44,句子的类型,复句,并列复句,既……，又/也……,既……，又/也……,既……，又/也……,REF-GF0025-2021,GF 0025—2021 Chinese Proficiency Grading Standards: Appendix A,1b5e95de7216a22388709b1008569cd1f28c95737d73cecd6d3ebdc8e6278f2d,217,GF0025-2021 PDF p.217,ocr_detected,official_numbered_entry,verified_inventory,255,256,"""既.+，(又|也).+""",,draft_unreviewed,not_promoted,outside_current_37_label_claim_unless_crosswalked
GF0025-2021-4-045,【四45】,GF 0025—2021 Appendix A,4,四级,45,句子的类型,复句,承接复句,首先……，其次……,首先……，其次……,首先……，其次……,REF-GF0025-2021,GF 0025—2021 Chinese Proficiency Grading Standards: Appendix A,1b5e95de7216a22388709b1008569cd1f28c95737d73cecd6d3ebdc8e6278f2d,218,GF0025-2021 PDF p.218,ocr_detected,official_numbered_entry,verified_inventory,256,257,"""首先.+，其次.+""",,draft_unreviewed,not_promoted,outside_current_37_label_claim_unless_crosswalked
GF0025-2021-4-046,【四46】,GF 0025—2021 Appendix A,4,四级,46,句子的类型,复句,承接复句,……，于是……,……，于是……,……，于是……,REF-GF0025-2021,GF 0025—2021 Chinese Proficiency Grading Standards: Appendix A,1b5e95de7216a22388709b1008569cd1f28c95737d73cecd6d3ebdc8e6278f2d,218,GF0025-2021 PDF p.218,ocr_detected,official_numbered_entry,verified_inventory,257,258,""".+，于是.+""",,draft_unreviewed,not_promoted,outside_current_37_label_claim_unless_crosswalked
GF0025-2021-4-047,【四47】,GF 0025—2021 Appendix A,4,四级,47,句子的类型,复句,递进复句,……，甚至……,……，甚至……,……，甚至……,REF-GF0025-2021,GF 0025—2021 Chinese Proficiency Grading Standards: Appendix A,1b5e95de7216a22388709b1008569cd1f28c95737d73cecd6d3ebdc8e6278f2d,218,GF0025-2021 PDF p.218,ocr_detected,official_numbered_entry,verified_inventory,258,259,""".+，甚至.+""",,draft_unreviewed,not_promoted,outside_current_37_label_claim_unless_crosswalked
GF0025-2021-4-048,【四48】,GF 0025—2021 Appendix A,4,四级,48,句子的类型,复句,选择复句,或者……，或者……,或者……，或者……,或者……，或者……,REF-GF0025-2021,GF 0025—2021 Chinese Proficiency Grading Standards: Appendix A,1b5e95de7216a22388709b1008569cd1f28c95737d73cecd6d3ebdc8e6278f2d,218,GF0025-2021 PDF p.218,ocr_detected,official_numbered_entry,verified_inventory,259,260,"""或者.+，或者.+""",,draft_unreviewed,not_promoted,outside_current_37_label_claim_unless_crosswalked
GF0025-2021-4-049,【四49】,GF 0025—2021 Appendix A,4,四级,49,句子的类型,复句,转折复句,……，然而……,……，然而……,……，然而……,REF-GF0025-2021,GF 0025—2021 Chinese Proficiency Grading Standards: Appendix A,1b5e95de7216a22388709b1008569cd1f28c95737d73cecd6d3ebdc8e6278f2d,218,GF0025-2021 PDF p.218,ocr_detected,official_numbered_entry,verified_inventory,260,261,""".+，然而.+""",,draft_unreviewed,not_promoted,outside_current_37_label_claim_unless_crosswalked
GF0025-2021-4-050,【四50】,GF 0025—2021 Appendix A,4,四级,50,句子的类型,复句,假设复句,……，否则……,……，否则……,……，否则……,REF-GF0025-2021,GF 0025—2021 Chinese Proficiency Grading Standards: Appendix A,1b5e95de7216a22388709b1008569cd1f28c95737d73cecd6d3ebdc8e6278f2d,218,GF0025-2021 PDF p.218,ocr_detected,official_numbered_entry,verified_inventory,261,262,""".+，否则.+""",,draft_unreviewed,not_promoted,outside_current_37_label_claim_unless_crosswalked
GF0025-2021-4-051,【四51】,GF 0025—2021 Appendix A,4,四级,51,句子的类型,复句,假设复句,假如……，（就）……,假如……，（就）……,假如……，（就）……,REF-GF0025-2021,GF 0025—2021 Chinese Proficiency Grading Standards: Appendix A,1b5e95de7216a22388709b1008569cd1f28c95737d73cecd6d3ebdc8e6278f2d,,GF0025-2021 PDF pp.176–259,appendix_span_verified,official_numbered_entry,verified_inventory,262,263,"""假如.+，就*.+""",,draft_unreviewed,not_promoted,outside_current_37_label_claim_unless_crosswalked
GF0025-2021-4-052,【四52】,GF 0025—2021 Appendix A,4,四级,52,句子的类型,复句,假设复句,万一……，（就）……,万一……，（就）……,万一……，（就）……,REF-GF0025-2021,GF 0025—2021 Chinese Proficiency Grading Standards: Appendix A,1b5e95de7216a22388709b1008569cd1f28c95737d73cecd6d3ebdc8e6278f2d,219,GF0025-2021 PDF p.219,ocr_detected,official_numbered_entry,verified_inventory,263,264,"""万一.+，就*.+""",,draft_unreviewed,not_promoted,outside_current_37_label_claim_unless_crosswalked
GF0025-2021-4-053,【四53】,GF 0025—2021 Appendix A,4,四级,53,句子的类型,复句,条件复句,不管……，都/也……,不管……，都/也……,不管……，都/也……,REF-GF0025-2021,GF 0025—2021 Chinese Proficiency Grading Standards: Appendix A,1b5e95de7216a22388709b1008569cd1f28c95737d73cecd6d3ebdc8e6278f2d,,GF0025-2021 PDF pp.176–259,appendix_span_verified,official_numbered_entry,verified_inventory,264,265,"""不管.+，(都|也).+""",,draft_unreviewed,not_promoted,outside_current_37_label_claim_unless_crosswalked
GF0025-2021-4-054,【四54】,GF 0025—2021 Appendix A,4,四级,54,句子的类型,复句,条件复句,无论……，都/也……,无论……，都/也……,无论……，都/也……,REF-GF0025-2021,GF 0025—2021 Chinese Proficiency Grading Standards: Appendix A,1b5e95de7216a22388709b1008569cd1f28c95737d73cecd6d3ebdc8e6278f2d,,GF0025-2021 PDF pp.176–259,appendix_span_verified,official_numbered_entry,verified_inventory,265,266,"""无论.+，(都|也).+""",,draft_unreviewed,not_promoted,outside_current_37_label_claim_unless_crosswalked
GF0025-2021-4-055,【四55】,GF 0025—2021 Appendix A,4,四级,55,句子的类型,复句,因果复句,既然……，就……,既然……，就……,既然……，就……,REF-GF0025-2021,GF 0025—2021 Chinese Proficiency Grading Standards: Appendix A,1b5e95de7216a22388709b1008569cd1f28c95737d73cecd6d3ebdc8e6278f2d,219,GF0025-2021 PDF p.219,ocr_detected,official_numbered_entry,verified_inventory,266,267,"""既然.+，就.+""",,draft_unreviewed,not_promoted,outside_current_37_label_claim_unless_crosswalked
GF0025-2021-4-056,【四56】,GF 0025—2021 Appendix A,4,四级,56,句子的类型,复句,因果复句,……，可见……,……，可见……,……，可见……,REF-GF0025-2021,GF 0025—2021 Chinese Proficiency Grading Standards: Appendix A,1b5e95de7216a22388709b1008569cd1f28c95737d73cecd6d3ebdc8e6278f2d,219,GF0025-2021 PDF p.219,ocr_detected,official_numbered_entry,verified_inventory,267,268,""".+，可见.+""",,draft_unreviewed,not_promoted,outside_current_37_label_claim_unless_crosswalked
GF0025-2021-4-057,【四57】,GF 0025—2021 Appendix A,4,四级,57,句子的类型,复句,让步复句,哪怕……，也/还……,哪怕……，也/还……,哪怕……，也/还……,REF-GF0025-2021,GF 0025—2021 Chinese Proficiency Grading Standards: Appendix A,1b5e95de7216a22388709b1008569cd1f28c95737d73cecd6d3ebdc8e6278f2d,,GF0025-2021 PDF pp.176–259,appendix_span_verified,official_numbered_entry,verified_inventory,268,269,"""哪怕.+，(也|还).+""",,draft_unreviewed,not_promoted,outside_current_37_label_claim_unless_crosswalked
GF0025-2021-4-058,【四58】,GF 0025—2021 Appendix A,4,四级,58,句子的类型,复句,目的复句,……，好……,……，好……,……，好……,REF-GF0025-2021,GF 0025—2021 Chinese Proficiency Grading Standards: Appendix A,1b5e95de7216a22388709b1008569cd1f28c95737d73cecd6d3ebdc8e6278f2d,,GF0025-2021 PDF pp.176–259,appendix_span_verified,official_numbered_entry,verified_inventory,269,270,""".+，好.+""",,draft_unreviewed,not_promoted,outside_current_37_label_claim_unless_crosswalked
GF0025-2021-4-059,【四59】,GF 0025—2021 Appendix A,4,四级,59,句子的类型,复句,紧缩复句,无标记,无标记,无标记,REF-GF0025-2021,GF 0025—2021 Chinese Proficiency Grading Standards: Appendix A,1b5e95de7216a22388709b1008569cd1f28c95737d73cecd6d3ebdc8e6278f2d,,GF0025-2021 PDF pp.176–259,appendix_span_verified,official_numbered_entry,verified_inventory,270,271,,包含解释性含义,not_available,not_promoted,outside_current_37_label_claim_unless_crosswalked
GF0025-2021-4-060,【四60】,GF 0025—2021 Appendix A,4,四级,60,句子的类型,复句,紧缩复句,不……也……,不……也……,不……也……,REF-GF0025-2021,GF 0025—2021 Chinese Proficiency Grading Standards: Appendix A,1b5e95de7216a22388709b1008569cd1f28c95737d73cecd6d3ebdc8e6278f2d,,GF0025-2021 PDF pp.176–259,appendix_span_verified,official_numbered_entry,verified_inventory,271,272,"""不.+也.+""",,draft_unreviewed,not_promoted,outside_current_37_label_claim_unless_crosswalked
GF0025-2021-4-061,【四61】,GF 0025—2021 Appendix A,4,四级,61,特殊表达法,数的表示法,,概数表示法3：数词+来+量词,概数表示法3,概数表示法3：数词+来+量词,REF-GF0025-2021,GF 0025—2021 Chinese Proficiency Grading Standards: Appendix A,1b5e95de7216a22388709b1008569cd1f28c95737d73cecd6d3ebdc8e6278f2d,220,GF0025-2021 PDF p.220,ocr_detected,official_numbered_entry,verified_inventory,272,273,"""[一两二三四五六七八九十百千万]来[个杯本包块]""",,draft_unreviewed,not_promoted,outside_current_37_label_claim_unless_crosswalked
GF0025-2021-4-062,【四62】,GF 0025—2021 Appendix A,4,四级,62,特殊表达法,数的表示法,,小数、分数、百分数、倍数的表示法；,小数、分数、百分数、倍数的表示法；,小数、分数、百分数、倍数的表示法；,REF-GF0025-2021,GF 0025—2021 Chinese Proficiency Grading Standards: Appendix A,1b5e95de7216a22388709b1008569cd1f28c95737d73cecd6d3ebdc8e6278f2d,220,GF0025-2021 PDF p.220,ocr_detected,official_numbered_entry,verified_inventory,273,274,,包含解释性含义,not_available,not_promoted,outside_current_37_label_claim_unless_crosswalked
GF0025-2021-4-063,【四63】,GF 0025—2021 Appendix A,4,四级,63,强调的方法,未细分,,用反问句表示强调 反问句2：由疑问代词构成的反问句,用反问句表示强调 反问句2,用反问句表示强调 反问句2：由疑问代词构成的反问句,REF-GF0025-2021,GF 0025—2021 Chinese Proficiency Grading Standards: Appendix A,1b5e95de7216a22388709b1008569cd1f28c95737d73cecd6d3ebdc8e6278f2d,220,GF0025-2021 PDF p.220,ocr_detected,official_numbered_entry,verified_inventory,274,275,,包含解释性含义,not_available,not_promoted,outside_current_37_label_claim_unless_crosswalked
GF0025-2021-4-064,【四64】,GF 0025—2021 Appendix A,4,四级,64,强调的方法,未细分,,用双重否定表示强调,用双重否定表示强调,用双重否定表示强调,REF-GF0025-2021,GF 0025—2021 Chinese Proficiency Grading Standards: Appendix A,1b5e95de7216a22388709b1008569cd1f28c95737d73cecd6d3ebdc8e6278f2d,220,GF0025-2021 PDF p.220,ocr_detected,official_numbered_entry,verified_inventory,275,276,,包含解释性含义,not_available,not_promoted,outside_current_37_label_claim_unless_crosswalked
GF0025-2021-4-065,【四65】,GF 0025—2021 Appendix A,4,四级,65,强调的方法,未细分,,用“一+量词（+名词）+也（都）/也没（不）……”表示强调,用“一+量词（+名词）+也（都）/也没（不）……”表示强调,用“一+量词（+名词）+也（都）/也没（不）……”表示强调,REF-GF0025-2021,GF 0025—2021 Chinese Proficiency Grading Standards: Appendix A,1b5e95de7216a22388709b1008569cd1f28c95737d73cecd6d3ebdc8e6278f2d,220,GF0025-2021 PDF p.220,ocr_detected,official_numbered_entry,verified_inventory,276,277,"""一[个杯本包块](也|都|也没|也不)""",,draft_unreviewed,not_promoted,outside_current_37_label_claim_unless_crosswalked
GF0025-2021-4-066,【四66】,GF 0025—2021 Appendix A,4,四级,66,强调的方法,未细分,,用“连……也/都……”表示强调,用“连……也/都……”表示强调,用“连……也/都……”表示强调,REF-GF0025-2021,GF 0025—2021 Chinese Proficiency Grading Standards: Appendix A,1b5e95de7216a22388709b1008569cd1f28c95737d73cecd6d3ebdc8e6278f2d,,GF0025-2021 PDF pp.176–259,appendix_span_verified,official_numbered_entry,verified_inventory,277,278,"""连.+(也|都).+""",,draft_unreviewed,not_promoted,outside_current_37_label_claim_unless_crosswalked
GF0025-2021-4-067,【四67】,GF 0025—2021 Appendix A,4,四级,67,口语格式,未细分,,不X白不X,不X白不X,不X白不X,REF-GF0025-2021,GF 0025—2021 Chinese Proficiency Grading Standards: Appendix A,1b5e95de7216a22388709b1008569cd1f28c95737d73cecd6d3ebdc8e6278f2d,221,GF0025-2021 PDF p.221,ocr_detected,official_numbered_entry,verified_inventory,278,279,"""不([一-龥]{1,2})白不\\1""",,draft_unreviewed,not_promoted,outside_current_37_label_claim_unless_crosswalked
GF0025-2021-4-068,【四68】,GF 0025—2021 Appendix A,4,四级,68,口语格式,未细分,,动词+一X是一X,动词+一X是一X,动词+一X是一X,REF-GF0025-2021,GF 0025—2021 Chinese Proficiency Grading Standards: Appendix A,1b5e95de7216a22388709b1008569cd1f28c95737d73cecd6d3ebdc8e6278f2d,221,GF0025-2021 PDF p.221,ocr_detected,official_numbered_entry,verified_inventory,279,280,,词性,not_available,not_promoted,outside_current_37_label_claim_unless_crosswalked
GF0025-2021-4-069,【四69】,GF 0025—2021 Appendix A,4,四级,69,口语格式,未细分,,（没）有什么（好）X的,（没）有什么（好）X的,（没）有什么（好）X的,REF-GF0025-2021,GF 0025—2021 Chinese Proficiency Grading Standards: Appendix A,1b5e95de7216a22388709b1008569cd1f28c95737d73cecd6d3ebdc8e6278f2d,221,GF0025-2021 PDF p.221,ocr_detected,official_numbered_entry,verified_inventory,280,281,"""没*有什么好*[一-龥]{1,2}的""",,draft_unreviewed,not_promoted,outside_current_37_label_claim_unless_crosswalked
GF0025-2021-4-070,【四70】,GF 0025—2021 Appendix A,4,四级,70,口语格式,未细分,,X是X，Y是Y,X是X，Y是Y,X是X，Y是Y,REF-GF0025-2021,GF 0025—2021 Chinese Proficiency Grading Standards: Appendix A,1b5e95de7216a22388709b1008569cd1f28c95737d73cecd6d3ebdc8e6278f2d,221,GF0025-2021 PDF p.221,ocr_detected,official_numbered_entry,verified_inventory,281,282,"""([一-龥]{1,2})是\\1，([一-龥]{1,2})是\\2""",,draft_unreviewed,not_promoted,outside_current_37_label_claim_unless_crosswalked
GF0025-2021-4-071,【四71】,GF 0025—2021 Appendix A,4,四级,71,口语格式,未细分,,X也得X，不X也得X,X也得X，不X也得X,X也得X，不X也得X,REF-GF0025-2021,GF 0025—2021 Chinese Proficiency Grading Standards: Appendix A,1b5e95de7216a22388709b1008569cd1f28c95737d73cecd6d3ebdc8e6278f2d,,GF0025-2021 PDF pp.176–259,appendix_span_verified,official_numbered_entry,verified_inventory,282,283,"""([一-龥]{1,2})也得\\1，不\\1也得\\1""",,draft_unreviewed,not_promoted,outside_current_37_label_claim_unless_crosswalked
GF0025-2021-4-072,【四72】,GF 0025—2021 Appendix A,4,四级,72,口语格式,未细分,,X就是了,X就是了,X就是了,REF-GF0025-2021,GF 0025—2021 Chinese Proficiency Grading Standards: Appendix A,1b5e95de7216a22388709b1008569cd1f28c95737d73cecd6d3ebdc8e6278f2d,,GF0025-2021 PDF pp.176–259,appendix_span_verified,official_numbered_entry,verified_inventory,283,284,"""[一-龥]{1,2}就是了""",,draft_unreviewed,not_promoted,outside_current_37_label_claim_unless_crosswalked
GF0025-2021-4-073,【四73】,GF 0025—2021 Appendix A,4,四级,73,口语格式,未细分,,还X呢,还X呢,还X呢,REF-GF0025-2021,GF 0025—2021 Chinese Proficiency Grading Standards: Appendix A,1b5e95de7216a22388709b1008569cd1f28c95737d73cecd6d3ebdc8e6278f2d,,GF0025-2021 PDF pp.176–259,appendix_span_verified,official_numbered_entry,verified_inventory,284,285,"""还[一-龥]{1,2}呢""",,draft_unreviewed,not_promoted,outside_current_37_label_claim_unless_crosswalked
GF0025-2021-4-074,【四74】,GF 0025—2021 Appendix A,4,四级,74,口语格式,未细分,,你X你的吧,你X你的吧,你X你的吧,REF-GF0025-2021,GF 0025—2021 Chinese Proficiency Grading Standards: Appendix A,1b5e95de7216a22388709b1008569cd1f28c95737d73cecd6d3ebdc8e6278f2d,221,GF0025-2021 PDF p.221,ocr_detected,official_numbered_entry,verified_inventory,285,286,"""你[一-龥]{1,2}你的吧""",,draft_unreviewed,not_promoted,outside_current_37_label_claim_unless_crosswalked
GF0025-2021-4-075,【四75】,GF 0025—2021 Appendix A,4,四级,75,口语格式,未细分,,让/叫你X你就X,让/叫你X你就X,让/叫你X你就X,REF-GF0025-2021,GF 0025—2021 Chinese Proficiency Grading Standards: Appendix A,1b5e95de7216a22388709b1008569cd1f28c95737d73cecd6d3ebdc8e6278f2d,221,GF0025-2021 PDF p.221,ocr_detected,official_numbered_entry,verified_inventory,286,287,"""(让|叫)你([一-龥]{1,2})你就\\1""",,draft_unreviewed,not_promoted,outside_current_37_label_claim_unless_crosswalked
GF0025-2021-4-076,【四76】,GF 0025—2021 Appendix A,4,四级,76,口语格式,未细分,,说什么/怎么（着）也得X,说什么/怎么（着）也得X,说什么/怎么（着）也得X,REF-GF0025-2021,GF 0025—2021 Chinese Proficiency Grading Standards: Appendix A,1b5e95de7216a22388709b1008569cd1f28c95737d73cecd6d3ebdc8e6278f2d,222,GF0025-2021 PDF p.222,ocr_detected,official_numbered_entry,verified_inventory,287,288,"""(说什么|怎么着*)也得[一-龥]+""",,draft_unreviewed,not_promoted,outside_current_37_label_claim_unless_crosswalked
GF0025-2021-5-001,【五01】,GF 0025—2021 Appendix A,5,五级,1,词类,代词,指示代词,彼此、如此,彼此、如此,彼此、如此,REF-GF0025-2021,GF 0025—2021 Chinese Proficiency Grading Standards: Appendix A,1b5e95de7216a22388709b1008569cd1f28c95737d73cecd6d3ebdc8e6278f2d,222,GF0025-2021 PDF p.222,ocr_detected,official_numbered_entry,verified_inventory,288,289,"""^(彼此|如此)$""",,draft_unreviewed,not_promoted,outside_current_37_label_claim_unless_crosswalked
GF0025-2021-5-002,【五02】,GF 0025—2021 Appendix A,5,五级,2,词类,量词,名量词,册、朵、幅、届、颗、匹、扇,册、朵、幅、届、颗、匹、扇,册、朵、幅、届、颗、匹、扇,REF-GF0025-2021,GF 0025—2021 Chinese Proficiency Grading Standards: Appendix A,1b5e95de7216a22388709b1008569cd1f28c95737d73cecd6d3ebdc8e6278f2d,222,GF0025-2021 PDF p.222,ocr_detected,official_numbered_entry,verified_inventory,289,290,"""^(册|朵|幅|届|颗|匹|扇)$""",,draft_unreviewed,not_promoted,outside_current_37_label_claim_unless_crosswalked
GF0025-2021-5-003,【五03】,GF 0025—2021 Appendix A,5,五级,3,词类,副词,程度副词,过于、可1、稍、稍微、尤其,过于、可1、稍、稍微、尤其,过于、可1、稍、稍微、尤其,REF-GF0025-2021,GF 0025—2021 Chinese Proficiency Grading Standards: Appendix A,1b5e95de7216a22388709b1008569cd1f28c95737d73cecd6d3ebdc8e6278f2d,222,GF0025-2021 PDF p.222,ocr_detected,official_numbered_entry,verified_inventory,290,291,"""^(过于|可|稍|稍微|尤其)$""",,draft_unreviewed,not_promoted,outside_current_37_label_claim_unless_crosswalked
GF0025-2021-5-004,【五04】,GF 0025—2021 Appendix A,5,五级,4,词类,副词,范围、协同副词,大都,大都,大都,REF-GF0025-2021,GF 0025—2021 Chinese Proficiency Grading Standards: Appendix A,1b5e95de7216a22388709b1008569cd1f28c95737d73cecd6d3ebdc8e6278f2d,222,GF0025-2021 PDF p.222,ocr_detected,official_numbered_entry,verified_inventory,291,292,"""^大都$""",,draft_unreviewed,not_promoted,outside_current_37_label_claim_unless_crosswalked
GF0025-2021-5-005,【五05】,GF 0025—2021 Appendix A,5,五级,5,词类,副词,时间副词,不时、将、将要、仍旧、时常、时刻、依旧、一向,不时、将、将要、仍旧、时常、时刻、依旧、一向,不时、将、将要、仍旧、时常、时刻、依旧、一向,REF-GF0025-2021,GF 0025—2021 Chinese Proficiency Grading Standards: Appendix A,1b5e95de7216a22388709b1008569cd1f28c95737d73cecd6d3ebdc8e6278f2d,222,GF0025-2021 PDF p.222,ocr_detected,official_numbered_entry,verified_inventory,292,293,"""^(不时|将|将要|仍旧|时常|时刻|依旧|一向)$""",,draft_unreviewed,not_promoted,outside_current_37_label_claim_unless_crosswalked
GF0025-2021-5-006,【五06】,GF 0025—2021 Appendix A,5,五级,6,词类,副词,频率、重复副词,偶尔、再次,偶尔、再次,偶尔、再次,REF-GF0025-2021,GF 0025—2021 Chinese Proficiency Grading Standards: Appendix A,1b5e95de7216a22388709b1008569cd1f28c95737d73cecd6d3ebdc8e6278f2d,223,GF0025-2021 PDF p.223,ocr_detected,official_numbered_entry,verified_inventory,293,294,"""^(偶尔|再次)$"",",,draft_unreviewed,not_promoted,outside_current_37_label_claim_unless_crosswalked
GF0025-2021-5-007,【五07】,GF 0025—2021 Appendix A,5,五级,7,词类,副词,方式副词,偷偷,偷偷,偷偷,REF-GF0025-2021,GF 0025—2021 Chinese Proficiency Grading Standards: Appendix A,1b5e95de7216a22388709b1008569cd1f28c95737d73cecd6d3ebdc8e6278f2d,223,GF0025-2021 PDF p.223,ocr_detected,official_numbered_entry,verified_inventory,294,295,"""^偷偷$""",,draft_unreviewed,not_promoted,outside_current_37_label_claim_unless_crosswalked
GF0025-2021-5-008,【五08】,GF 0025—2021 Appendix A,5,五级,8,词类,副词,语气副词,毕竟、不免、差（一）点儿、倒是、干脆、就4、居然、可2、明明、总算,毕竟、不免、差（一）点儿、倒是、干脆、就4、居然、可2、明明、总算,毕竟、不免、差（一）点儿、倒是、干脆、就4、居然、可2、明明、总算,REF-GF0025-2021,GF 0025—2021 Chinese Proficiency Grading Standards: Appendix A,1b5e95de7216a22388709b1008569cd1f28c95737d73cecd6d3ebdc8e6278f2d,223,GF0025-2021 PDF p.223,ocr_detected,official_numbered_entry,verified_inventory,295,296,"""^(毕竟|不免|差一*点儿|倒是|干脆|就|居然|可|明明|总算)$""",,draft_unreviewed,not_promoted,outside_current_37_label_claim_unless_crosswalked
GF0025-2021-5-009,【五09】,GF 0025—2021 Appendix A,5,五级,9,词类,介词,引出时间、处所,随着,随着,随着,REF-GF0025-2021,GF 0025—2021 Chinese Proficiency Grading Standards: Appendix A,1b5e95de7216a22388709b1008569cd1f28c95737d73cecd6d3ebdc8e6278f2d,223,GF0025-2021 PDF p.223,ocr_detected,official_numbered_entry,verified_inventory,296,297,"""^随着$""",,draft_unreviewed,not_promoted,outside_current_37_label_claim_unless_crosswalked
GF0025-2021-5-010,【五10】,GF 0025—2021 Appendix A,5,五级,10,词类,介词,引出目的、原因,将,将,将,REF-GF0025-2021,GF 0025—2021 Chinese Proficiency Grading Standards: Appendix A,1b5e95de7216a22388709b1008569cd1f28c95737d73cecd6d3ebdc8e6278f2d,223,GF0025-2021 PDF p.223,ocr_detected,official_numbered_entry,verified_inventory,297,298,"""^将$""",,draft_unreviewed,not_promoted,outside_current_37_label_claim_unless_crosswalked
GF0025-2021-5-011,【五11】,GF 0025—2021 Appendix A,5,五级,11,词类,介词,引出施事、受事,由2,由2,由2,REF-GF0025-2021,GF 0025—2021 Chinese Proficiency Grading Standards: Appendix A,1b5e95de7216a22388709b1008569cd1f28c95737d73cecd6d3ebdc8e6278f2d,223,GF0025-2021 PDF p.223,ocr_detected,official_numbered_entry,verified_inventory,298,299,"""^由$""",,draft_unreviewed,not_promoted,outside_current_37_label_claim_unless_crosswalked
GF0025-2021-5-012,【五12】,GF 0025—2021 Appendix A,5,五级,12,词类,介词,引出凭借、依据,凭,凭,凭,REF-GF0025-2021,GF 0025—2021 Chinese Proficiency Grading Standards: Appendix A,1b5e95de7216a22388709b1008569cd1f28c95737d73cecd6d3ebdc8e6278f2d,224,GF0025-2021 PDF p.224,ocr_detected,official_numbered_entry,verified_inventory,299,300,"""^凭$""",,draft_unreviewed,not_promoted,outside_current_37_label_claim_unless_crosswalked
GF0025-2021-5-013,【五13】,GF 0025—2021 Appendix A,5,五级,13,词类,介词,引出凭借、依据,依据,依据,依据,REF-GF0025-2021,GF 0025—2021 Chinese Proficiency Grading Standards: Appendix A,1b5e95de7216a22388709b1008569cd1f28c95737d73cecd6d3ebdc8e6278f2d,224,GF0025-2021 PDF p.224,ocr_detected,official_numbered_entry,verified_inventory,300,301,"""^依据$""",,draft_unreviewed,not_promoted,outside_current_37_label_claim_unless_crosswalked
GF0025-2021-5-014,【五14】,GF 0025—2021 Appendix A,5,五级,14,词类,介词,引出凭借、依据,依照,依照,依照,REF-GF0025-2021,GF 0025—2021 Chinese Proficiency Grading Standards: Appendix A,1b5e95de7216a22388709b1008569cd1f28c95737d73cecd6d3ebdc8e6278f2d,224,GF0025-2021 PDF p.224,ocr_detected,official_numbered_entry,verified_inventory,301,302,"""^依照$""",,draft_unreviewed,not_promoted,outside_current_37_label_claim_unless_crosswalked
GF0025-2021-5-015,【五15】,GF 0025—2021 Appendix A,5,五级,15,词类,连词,连接分句或句子,从而、加上、完了、一旦,从而、加上、完了、一旦,从而、加上、完了、一旦,REF-GF0025-2021,GF 0025—2021 Chinese Proficiency Grading Standards: Appendix A,1b5e95de7216a22388709b1008569cd1f28c95737d73cecd6d3ebdc8e6278f2d,,GF0025-2021 PDF pp.176–259,appendix_span_verified,official_numbered_entry,verified_inventory,302,303,"""^(从而|加上|完了|一旦)$""",,draft_unreviewed,not_promoted,outside_current_37_label_claim_unless_crosswalked
GF0025-2021-5-016,【五16】,GF 0025—2021 Appendix A,5,五级,16,词类,助词,其他助词,也好,也好,也好,REF-GF0025-2021,GF 0025—2021 Chinese Proficiency Grading Standards: Appendix A,1b5e95de7216a22388709b1008569cd1f28c95737d73cecd6d3ebdc8e6278f2d,224,GF0025-2021 PDF p.224,ocr_detected,official_numbered_entry,verified_inventory,303,304,"""^也好$""",,draft_unreviewed,not_promoted,outside_current_37_label_claim_unless_crosswalked
GF0025-2021-5-017,【五17】,GF 0025—2021 Appendix A,5,五级,17,短语,固定短语,四字格,A来A去,A来A去,A来A去,REF-GF0025-2021,GF 0025—2021 Chinese Proficiency Grading Standards: Appendix A,1b5e95de7216a22388709b1008569cd1f28c95737d73cecd6d3ebdc8e6278f2d,224,GF0025-2021 PDF p.224,ocr_detected,official_numbered_entry,verified_inventory,304,305,"""([一-龥])来\\1去""",,draft_unreviewed,not_promoted,outside_current_37_label_claim_unless_crosswalked
GF0025-2021-5-018,【五18】,GF 0025—2021 Appendix A,5,五级,18,短语,固定短语,四字格,A着A着,A着A着,A着A着,REF-GF0025-2021,GF 0025—2021 Chinese Proficiency Grading Standards: Appendix A,1b5e95de7216a22388709b1008569cd1f28c95737d73cecd6d3ebdc8e6278f2d,224,GF0025-2021 PDF p.224,ocr_detected,official_numbered_entry,verified_inventory,305,306,"""([一-龥])着\\1着""",,draft_unreviewed,not_promoted,outside_current_37_label_claim_unless_crosswalked
GF0025-2021-5-019,【五19】,GF 0025—2021 Appendix A,5,五级,19,短语,固定短语,四字格,没A没B,没A没B,没A没B,REF-GF0025-2021,GF 0025—2021 Chinese Proficiency Grading Standards: Appendix A,1b5e95de7216a22388709b1008569cd1f28c95737d73cecd6d3ebdc8e6278f2d,225,GF0025-2021 PDF p.225,ocr_detected,official_numbered_entry,verified_inventory,306,307,"""没[一-龥]没[一-龥]""",,draft_unreviewed,not_promoted,outside_current_37_label_claim_unless_crosswalked
GF0025-2021-5-020,【五20】,GF 0025—2021 Appendix A,5,五级,20,短语,固定短语,四字格,说A就A,说A就A,说A就A,REF-GF0025-2021,GF 0025—2021 Chinese Proficiency Grading Standards: Appendix A,1b5e95de7216a22388709b1008569cd1f28c95737d73cecd6d3ebdc8e6278f2d,225,GF0025-2021 PDF p.225,ocr_detected,official_numbered_entry,verified_inventory,307,308,"""说([一-龥])就\\1""",,draft_unreviewed,not_promoted,outside_current_37_label_claim_unless_crosswalked
GF0025-2021-5-021,【五21】,GF 0025—2021 Appendix A,5,五级,21,短语,固定短语,四字格,有A有B,有A有B,有A有B,REF-GF0025-2021,GF 0025—2021 Chinese Proficiency Grading Standards: Appendix A,1b5e95de7216a22388709b1008569cd1f28c95737d73cecd6d3ebdc8e6278f2d,225,GF0025-2021 PDF p.225,ocr_detected,official_numbered_entry,verified_inventory,308,309,"""有[一-龥]有[一-龥]""",,draft_unreviewed,not_promoted,outside_current_37_label_claim_unless_crosswalked
GF0025-2021-5-022,【五22】,GF 0025—2021 Appendix A,5,五级,22,短语,固定短语,其他,不得了,不得了,不得了,REF-GF0025-2021,GF 0025—2021 Chinese Proficiency Grading Standards: Appendix A,1b5e95de7216a22388709b1008569cd1f28c95737d73cecd6d3ebdc8e6278f2d,,GF0025-2021 PDF pp.176–259,appendix_span_verified,official_numbered_entry,verified_inventory,309,310,"""不得了""",,draft_unreviewed,not_promoted,outside_current_37_label_claim_unless_crosswalked
GF0025-2021-5-023,【五23】,GF 0025—2021 Appendix A,5,五级,23,短语,固定短语,其他,不敢当,不敢当,不敢当,REF-GF0025-2021,GF 0025—2021 Chinese Proficiency Grading Standards: Appendix A,1b5e95de7216a22388709b1008569cd1f28c95737d73cecd6d3ebdc8e6278f2d,,GF0025-2021 PDF pp.176–259,appendix_span_verified,official_numbered_entry,verified_inventory,310,311,"""不敢当""",,draft_unreviewed,not_promoted,outside_current_37_label_claim_unless_crosswalked
GF0025-2021-5-024,【五24】,GF 0025—2021 Appendix A,5,五级,24,短语,固定短语,其他,得了,得了,得了,REF-GF0025-2021,GF 0025—2021 Chinese Proficiency Grading Standards: Appendix A,1b5e95de7216a22388709b1008569cd1f28c95737d73cecd6d3ebdc8e6278f2d,225,GF0025-2021 PDF p.225,ocr_detected,official_numbered_entry,verified_inventory,311,312,"""得了""",,draft_unreviewed,not_promoted,outside_current_37_label_claim_unless_crosswalked
GF0025-2021-5-025,【五25】,GF 0025—2021 Appendix A,5,五级,25,短语,固定短语,其他,用不着,用不着,用不着,REF-GF0025-2021,GF 0025—2021 Chinese Proficiency Grading Standards: Appendix A,1b5e95de7216a22388709b1008569cd1f28c95737d73cecd6d3ebdc8e6278f2d,225,GF0025-2021 PDF p.225,ocr_detected,official_numbered_entry,verified_inventory,312,313,"""用不着""",,draft_unreviewed,not_promoted,outside_current_37_label_claim_unless_crosswalked
GF0025-2021-5-026,【五26】,GF 0025—2021 Appendix A,5,五级,26,固定格式,未细分,,从……来看,从……来看,从……来看,REF-GF0025-2021,GF 0025—2021 Chinese Proficiency Grading Standards: Appendix A,1b5e95de7216a22388709b1008569cd1f28c95737d73cecd6d3ebdc8e6278f2d,,GF0025-2021 PDF pp.176–259,appendix_span_verified,official_numbered_entry,verified_inventory,313,314,"""从.+来看""",,draft_unreviewed,not_promoted,outside_current_37_label_claim_unless_crosswalked
GF0025-2021-5-027,【五27】,GF 0025—2021 Appendix A,5,五级,27,固定格式,未细分,,到……为止,到……为止,到……为止,REF-GF0025-2021,GF 0025—2021 Chinese Proficiency Grading Standards: Appendix A,1b5e95de7216a22388709b1008569cd1f28c95737d73cecd6d3ebdc8e6278f2d,226,GF0025-2021 PDF p.226,ocr_detected,official_numbered_entry,verified_inventory,314,315,"""到.+为止""",,draft_unreviewed,not_promoted,outside_current_37_label_claim_unless_crosswalked
GF0025-2021-5-028,【五28】,GF 0025—2021 Appendix A,5,五级,28,固定格式,未细分,,够……的,够……的,够……的,REF-GF0025-2021,GF 0025—2021 Chinese Proficiency Grading Standards: Appendix A,1b5e95de7216a22388709b1008569cd1f28c95737d73cecd6d3ebdc8e6278f2d,,GF0025-2021 PDF pp.176–259,appendix_span_verified,official_numbered_entry,verified_inventory,315,316,"""够.+的""",,draft_unreviewed,not_promoted,outside_current_37_label_claim_unless_crosswalked
GF0025-2021-5-029,【五29】,GF 0025—2021 Appendix A,5,五级,29,固定格式,未细分,,拿……来说,拿……来说,拿……来说,REF-GF0025-2021,GF 0025—2021 Chinese Proficiency Grading Standards: Appendix A,1b5e95de7216a22388709b1008569cd1f28c95737d73cecd6d3ebdc8e6278f2d,226,GF0025-2021 PDF p.226,ocr_detected,official_numbered_entry,verified_inventory,316,317,"""拿.+来说""",,draft_unreviewed,not_promoted,outside_current_37_label_claim_unless_crosswalked
GF0025-2021-5-030,【五30】,GF 0025—2021 Appendix A,5,五级,30,固定格式,未细分,,A的A，B的B,A的A，B的B,A的A，B的B,REF-GF0025-2021,GF 0025—2021 Chinese Proficiency Grading Standards: Appendix A,1b5e95de7216a22388709b1008569cd1f28c95737d73cecd6d3ebdc8e6278f2d,226,GF0025-2021 PDF p.226,ocr_detected,official_numbered_entry,verified_inventory,317,318,"""([一-龥])的\\1，([一-龥])的\\2""",,draft_unreviewed,not_promoted,outside_current_37_label_claim_unless_crosswalked
GF0025-2021-5-031,【五31】,GF 0025—2021 Appendix A,5,五级,31,固定格式,未细分,,在……看来,在……看来,在……看来,REF-GF0025-2021,GF 0025—2021 Chinese Proficiency Grading Standards: Appendix A,1b5e95de7216a22388709b1008569cd1f28c95737d73cecd6d3ebdc8e6278f2d,226,GF0025-2021 PDF p.226,ocr_detected,official_numbered_entry,verified_inventory,318,319,"""在.+看来""",,draft_unreviewed,not_promoted,outside_current_37_label_claim_unless_crosswalked
GF0025-2021-5-032,【五32】,GF 0025—2021 Appendix A,5,五级,32,句子成分,宾语,,宾语的语义类型1：（1）施事宾语；（2）受事宾语,宾语的语义类型1,宾语的语义类型1：（1）施事宾语；（2）受事宾语,REF-GF0025-2021,GF 0025—2021 Chinese Proficiency Grading Standards: Appendix A,1b5e95de7216a22388709b1008569cd1f28c95737d73cecd6d3ebdc8e6278f2d,226,GF0025-2021 PDF p.226,ocr_detected,official_numbered_entry,verified_inventory,319,320,,主谓宾,not_available,not_promoted,outside_current_37_label_claim_unless_crosswalked
GF0025-2021-5-033,【五33】,GF 0025—2021 Appendix A,5,五级,33,句子成分,状语,,多项状语,多项状语,多项状语,REF-GF0025-2021,GF 0025—2021 Chinese Proficiency Grading Standards: Appendix A,1b5e95de7216a22388709b1008569cd1f28c95737d73cecd6d3ebdc8e6278f2d,226,GF0025-2021 PDF p.226,ocr_detected,official_numbered_entry,verified_inventory,320,321,,主谓宾,not_available,not_promoted,outside_current_37_label_claim_unless_crosswalked
GF0025-2021-5-034,【五34】,GF 0025—2021 Appendix A,5,五级,34,句子成分,补语,趋向补语,趋向补语4 表示时间意义（引申用法） （1）表示动作行为的开始：动词+上/起来（2）表示动作行为的持续：动词+下去/下来,趋向补语4 表示时间意义（引申用法） （1）表示动作行为的开始,趋向补语4 表示时间意义（引申用法） （1）表示动作行为的开始：动词+上/起来（2）表示动作行为的持续：动词+下去/下来,REF-GF0025-2021,GF 0025—2021 Chinese Proficiency Grading Standards: Appendix A,1b5e95de7216a22388709b1008569cd1f28c95737d73cecd6d3ebdc8e6278f2d,227,GF0025-2021 PDF p.227,ocr_detected,official_numbered_entry,verified_inventory,321,322,,词性、主谓宾,not_available,not_promoted,outside_current_37_label_claim_unless_crosswalked
GF0025-2021-5-035,【五35】,GF 0025—2021 Appendix A,5,五级,35,句子成分,补语,可能补语,可能补语2：动词+得/不得,可能补语2,可能补语2：动词+得/不得,REF-GF0025-2021,GF 0025—2021 Chinese Proficiency Grading Standards: Appendix A,1b5e95de7216a22388709b1008569cd1f28c95737d73cecd6d3ebdc8e6278f2d,227,GF0025-2021 PDF p.227,ocr_detected,official_numbered_entry,verified_inventory,322,323,,词性、主谓宾,not_available,not_promoted,outside_current_37_label_claim_unless_crosswalked
GF0025-2021-5-036,【五36】,GF 0025—2021 Appendix A,5,五级,36,句子成分,补语,程度补语,程度补语2： （1）形容词/心理动词+得+不得了/慌/厉害；（2）动词/形容词+坏/透+了,程度补语2,程度补语2： （1）形容词/心理动词+得+不得了/慌/厉害；（2）动词/形容词+坏/透+了,REF-GF0025-2021,GF 0025—2021 Chinese Proficiency Grading Standards: Appendix A,1b5e95de7216a22388709b1008569cd1f28c95737d73cecd6d3ebdc8e6278f2d,227,GF0025-2021 PDF p.227,ocr_detected,official_numbered_entry,verified_inventory,323,324,,词性、主谓宾,not_available,not_promoted,outside_current_37_label_claim_unless_crosswalked
GF0025-2021-5-037,【五37】,GF 0025—2021 Appendix A,5,五级,37,句子成分,补语,状态补语,状态补语2：动词/形容词+得+短语 （1）动词/形容词+得+动词短语（2）动词/形容词+得+主谓短语（3）动词/形容词+得+固定短语,状态补语2,状态补语2：动词/形容词+得+短语 （1）动词/形容词+得+动词短语（2）动词/形容词+得+主谓短语（3）动词/形容词+得+固定短语,REF-GF0025-2021,GF 0025—2021 Chinese Proficiency Grading Standards: Appendix A,1b5e95de7216a22388709b1008569cd1f28c95737d73cecd6d3ebdc8e6278f2d,227,GF0025-2021 PDF p.227,ocr_detected,official_numbered_entry,verified_inventory,324,325,,词性、主谓宾,not_available,not_promoted,outside_current_37_label_claim_unless_crosswalked
GF0025-2021-5-038,【五38】,GF 0025—2021 Appendix A,5,五级,38,句子的类型,特殊句型,“有”字句,“有”字句3： （1）表示存在、具有：主语+有+着+宾语（2）表示附着：主语+动词+有+宾语,“有”字句3,“有”字句3： （1）表示存在、具有：主语+有+着+宾语（2）表示附着：主语+动词+有+宾语,REF-GF0025-2021,GF 0025—2021 Chinese Proficiency Grading Standards: Appendix A,1b5e95de7216a22388709b1008569cd1f28c95737d73cecd6d3ebdc8e6278f2d,228,GF0025-2021 PDF p.228,ocr_detected,official_numbered_entry,verified_inventory,325,326,,词性、主谓宾,not_available,not_promoted,outside_current_37_label_claim_unless_crosswalked
GF0025-2021-5-039,【五39】,GF 0025—2021 Appendix A,5,五级,39,句子的类型,特殊句型,“把”字句,“把”字句3：表处置 （1）主语+把+宾语+状语+动词 （2）主语+把+宾语+一+动词 （3）主语+把+宾语+动词+了 （4）主语+把+宾语1+动词+宾语2,“把”字句3,“把”字句3：表处置 （1）主语+把+宾语+状语+动词 （2）主语+把+宾语+一+动词 （3）主语+把+宾语+动词+了 （4）主语+把+宾语1+动词+宾语2,REF-GF0025-2021,GF 0025—2021 Chinese Proficiency Grading Standards: Appendix A,1b5e95de7216a22388709b1008569cd1f28c95737d73cecd6d3ebdc8e6278f2d,228,GF0025-2021 PDF p.228,ocr_detected,official_numbered_entry,verified_inventory,326,327,""".+把.+一.+，.+""",,draft_unreviewed,not_promoted,outside_current_37_label_claim_unless_crosswalked
GF0025-2021-5-040,【五40】,GF 0025—2021 Appendix A,5,五级,40,句子的类型,特殊句型,被动句,被动句3：意念被动句,被动句3,被动句3：意念被动句,REF-GF0025-2021,GF 0025—2021 Chinese Proficiency Grading Standards: Appendix A,1b5e95de7216a22388709b1008569cd1f28c95737d73cecd6d3ebdc8e6278f2d,,GF0025-2021 PDF pp.176–259,appendix_span_verified,official_numbered_entry,verified_inventory,327,328,,包含解释性含义,not_available,not_promoted,outside_current_37_label_claim_unless_crosswalked
GF0025-2021-5-041,【五41】,GF 0025—2021 Appendix A,5,五级,41,句子的类型,特殊句型,连动句,连动句3：前后两个动词性词语具有因果、转折、条件关系,连动句3,连动句3：前后两个动词性词语具有因果、转折、条件关系,REF-GF0025-2021,GF 0025—2021 Chinese Proficiency Grading Standards: Appendix A,1b5e95de7216a22388709b1008569cd1f28c95737d73cecd6d3ebdc8e6278f2d,,GF0025-2021 PDF pp.176–259,appendix_span_verified,official_numbered_entry,verified_inventory,328,329,,包含解释性含义,not_available,not_promoted,outside_current_37_label_claim_unless_crosswalked
GF0025-2021-5-042,【五42】,GF 0025—2021 Appendix A,5,五级,42,句子的类型,特殊句型,兼语句,兼语句3 表致使：主语+叫/令/使/让+人称代词+动词短语,兼语句3 表致使,兼语句3 表致使：主语+叫/令/使/让+人称代词+动词短语,REF-GF0025-2021,GF 0025—2021 Chinese Proficiency Grading Standards: Appendix A,1b5e95de7216a22388709b1008569cd1f28c95737d73cecd6d3ebdc8e6278f2d,229,GF0025-2021 PDF p.229,ocr_detected,official_numbered_entry,verified_inventory,329,330,,词性、主谓宾,not_available,not_promoted,outside_current_37_label_claim_unless_crosswalked
GF0025-2021-5-043,【五43】,GF 0025—2021 Appendix A,5,五级,43,句子的类型,特殊句型,比较句,比较句5：（1）跟……相比 （2）A+形容词+B+数量补语,比较句5,比较句5：（1）跟……相比 （2）A+形容词+B+数量补语,REF-GF0025-2021,GF 0025—2021 Chinese Proficiency Grading Standards: Appendix A,1b5e95de7216a22388709b1008569cd1f28c95737d73cecd6d3ebdc8e6278f2d,229,GF0025-2021 PDF p.229,ocr_detected,official_numbered_entry,verified_inventory,330,331,"""跟.+相比""",,draft_unreviewed,not_promoted,outside_current_37_label_claim_unless_crosswalked
GF0025-2021-5-044,【五44】,GF 0025—2021 Appendix A,5,五级,44,句子的类型,复句,选择复句,或是……，或是……,或是……，或是……,或是……，或是……,REF-GF0025-2021,GF 0025—2021 Chinese Proficiency Grading Standards: Appendix A,1b5e95de7216a22388709b1008569cd1f28c95737d73cecd6d3ebdc8e6278f2d,229,GF0025-2021 PDF p.229,ocr_detected,official_numbered_entry,verified_inventory,331,332,"""或是.+，或是.+""",,draft_unreviewed,not_promoted,outside_current_37_label_claim_unless_crosswalked
GF0025-2021-5-045,【五45】,GF 0025—2021 Appendix A,5,五级,45,句子的类型,复句,转折复句,尽管……，但是/可是……,尽管……，但是/可是……,尽管……，但是/可是……,REF-GF0025-2021,GF 0025—2021 Chinese Proficiency Grading Standards: Appendix A,1b5e95de7216a22388709b1008569cd1f28c95737d73cecd6d3ebdc8e6278f2d,229,GF0025-2021 PDF p.229,ocr_detected,official_numbered_entry,verified_inventory,332,333,"""尽管.+，(但是|可是).+""",,draft_unreviewed,not_promoted,outside_current_37_label_claim_unless_crosswalked
GF0025-2021-5-046,【五46】,GF 0025—2021 Appendix A,5,五级,46,句子的类型,复句,假设复句,一旦……，就……,一旦……，就……,一旦……，就……,REF-GF0025-2021,GF 0025—2021 Chinese Proficiency Grading Standards: Appendix A,1b5e95de7216a22388709b1008569cd1f28c95737d73cecd6d3ebdc8e6278f2d,,GF0025-2021 PDF pp.176–259,appendix_span_verified,official_numbered_entry,verified_inventory,333,334,"""一旦.+，就.+""",,draft_unreviewed,not_promoted,outside_current_37_label_claim_unless_crosswalked
GF0025-2021-5-047,【五47】,GF 0025—2021 Appendix A,5,五级,47,句子的类型,复句,假设复句,要是……，（就）……，否则……,要是……，（就）……，否则……,要是……，（就）……，否则……,REF-GF0025-2021,GF 0025—2021 Chinese Proficiency Grading Standards: Appendix A,1b5e95de7216a22388709b1008569cd1f28c95737d73cecd6d3ebdc8e6278f2d,,GF0025-2021 PDF pp.176–259,appendix_span_verified,official_numbered_entry,verified_inventory,334,335,"""要是.+，就*.+，否则.+""",,draft_unreviewed,not_promoted,outside_current_37_label_claim_unless_crosswalked
GF0025-2021-5-048,【五48】,GF 0025—2021 Appendix A,5,五级,48,句子的类型,复句,条件复句,除非……，才……,除非……，才……,除非……，才……,REF-GF0025-2021,GF 0025—2021 Chinese Proficiency Grading Standards: Appendix A,1b5e95de7216a22388709b1008569cd1f28c95737d73cecd6d3ebdc8e6278f2d,230,GF0025-2021 PDF p.230,ocr_detected,official_numbered_entry,verified_inventory,335,336,"""除非.+，才.+""",,draft_unreviewed,not_promoted,outside_current_37_label_claim_unless_crosswalked
GF0025-2021-5-049,【五49】,GF 0025—2021 Appendix A,5,五级,49,句子的类型,复句,条件复句,除非……，否则/不然……,除非……，否则/不然……,除非……，否则/不然……,REF-GF0025-2021,GF 0025—2021 Chinese Proficiency Grading Standards: Appendix A,1b5e95de7216a22388709b1008569cd1f28c95737d73cecd6d3ebdc8e6278f2d,230,GF0025-2021 PDF p.230,ocr_detected,official_numbered_entry,verified_inventory,336,337,"""除非.+，(否则|不然).+""",,draft_unreviewed,not_promoted,outside_current_37_label_claim_unless_crosswalked
GF0025-2021-5-050,【五50】,GF 0025—2021 Appendix A,5,五级,50,句子的类型,复句,因果复句,……，因而……,……，因而……,……，因而……,REF-GF0025-2021,GF 0025—2021 Chinese Proficiency Grading Standards: Appendix A,1b5e95de7216a22388709b1008569cd1f28c95737d73cecd6d3ebdc8e6278f2d,230,GF0025-2021 PDF p.230,ocr_detected,official_numbered_entry,verified_inventory,337,338,""".+，因而.+""",,draft_unreviewed,not_promoted,outside_current_37_label_claim_unless_crosswalked
GF0025-2021-5-051,【五51】,GF 0025—2021 Appendix A,5,五级,51,句子的类型,复句,让步复句,即使……，也……,即使……，也……,即使……，也……,REF-GF0025-2021,GF 0025—2021 Chinese Proficiency Grading Standards: Appendix A,1b5e95de7216a22388709b1008569cd1f28c95737d73cecd6d3ebdc8e6278f2d,,GF0025-2021 PDF pp.176–259,appendix_span_verified,official_numbered_entry,verified_inventory,338,339,"""即使.+，也.+""",,draft_unreviewed,not_promoted,outside_current_37_label_claim_unless_crosswalked
GF0025-2021-5-052,【五52】,GF 0025—2021 Appendix A,5,五级,52,句子的类型,复句,目的复句,……，为的是……,……，为的是……,……，为的是……,REF-GF0025-2021,GF 0025—2021 Chinese Proficiency Grading Standards: Appendix A,1b5e95de7216a22388709b1008569cd1f28c95737d73cecd6d3ebdc8e6278f2d,230,GF0025-2021 PDF p.230,ocr_detected,official_numbered_entry,verified_inventory,339,340,""".+，为的是.+""",,draft_unreviewed,not_promoted,outside_current_37_label_claim_unless_crosswalked
GF0025-2021-5-053,【五53】,GF 0025—2021 Appendix A,5,五级,53,句子的类型,复句,目的复句,……，以便……,……，以便……,……，以便……,REF-GF0025-2021,GF 0025—2021 Chinese Proficiency Grading Standards: Appendix A,1b5e95de7216a22388709b1008569cd1f28c95737d73cecd6d3ebdc8e6278f2d,230,GF0025-2021 PDF p.230,ocr_detected,official_numbered_entry,verified_inventory,340,341,""".+，以便.+""",,draft_unreviewed,not_promoted,outside_current_37_label_claim_unless_crosswalked
GF0025-2021-5-054,【五54】,GF 0025—2021 Appendix A,5,五级,54,句子的类型,复句,紧缩复句,没有……就没有……,没有……就没有……,没有……就没有……,REF-GF0025-2021,GF 0025—2021 Chinese Proficiency Grading Standards: Appendix A,1b5e95de7216a22388709b1008569cd1f28c95737d73cecd6d3ebdc8e6278f2d,230,GF0025-2021 PDF p.230,ocr_detected,official_numbered_entry,verified_inventory,341,342,"""没有.+就没有.+""",,draft_unreviewed,not_promoted,outside_current_37_label_claim_unless_crosswalked
GF0025-2021-5-055,【五55】,GF 0025—2021 Appendix A,5,五级,55,句子的类型,复句,紧缩复句,再……也……,再……也……,再……也……,REF-GF0025-2021,GF 0025—2021 Chinese Proficiency Grading Standards: Appendix A,1b5e95de7216a22388709b1008569cd1f28c95737d73cecd6d3ebdc8e6278f2d,,GF0025-2021 PDF pp.176–259,appendix_span_verified,official_numbered_entry,verified_inventory,342,343,"""再.+也.+""",,draft_unreviewed,not_promoted,outside_current_37_label_claim_unless_crosswalked
GF0025-2021-5-056,【五56】,GF 0025—2021 Appendix A,5,五级,56,句子的类型,复句,多重复句,二重复句1：单句+复句；复句+单句,二重复句1,二重复句1：单句+复句；复句+单句,REF-GF0025-2021,GF 0025—2021 Chinese Proficiency Grading Standards: Appendix A,1b5e95de7216a22388709b1008569cd1f28c95737d73cecd6d3ebdc8e6278f2d,231,GF0025-2021 PDF p.231,ocr_detected,official_numbered_entry,verified_inventory,343,344,,包含解释性含义,not_available,not_promoted,outside_current_37_label_claim_unless_crosswalked
GF0025-2021-5-057,【五57】,GF 0025—2021 Appendix A,5,五级,57,强调的方法,未细分,,用“再也不/没”表示强调,用“再也不/没”表示强调,用“再也不/没”表示强调,REF-GF0025-2021,GF 0025—2021 Chinese Proficiency Grading Standards: Appendix A,1b5e95de7216a22388709b1008569cd1f28c95737d73cecd6d3ebdc8e6278f2d,231,GF0025-2021 PDF p.231,ocr_detected,official_numbered_entry,verified_inventory,344,345,"""再也(不|没)""",,draft_unreviewed,not_promoted,outside_current_37_label_claim_unless_crosswalked
GF0025-2021-5-058,【五58】,GF 0025—2021 Appendix A,5,五级,58,强调的方法,未细分,,用副词“可”表示强调,用副词“可”表示强调,用副词“可”表示强调,REF-GF0025-2021,GF 0025—2021 Chinese Proficiency Grading Standards: Appendix A,1b5e95de7216a22388709b1008569cd1f28c95737d73cecd6d3ebdc8e6278f2d,231,GF0025-2021 PDF p.231,ocr_detected,official_numbered_entry,verified_inventory,345,346,,词性、包含解释性含义,not_available,not_promoted,outside_current_37_label_claim_unless_crosswalked
GF0025-2021-5-059,【五59】,GF 0025—2021 Appendix A,5,五级,59,强调的方法,未细分,,用“怎么都/也+不/没”表示强调,用“怎么都/也+不/没”表示强调,用“怎么都/也+不/没”表示强调,REF-GF0025-2021,GF 0025—2021 Chinese Proficiency Grading Standards: Appendix A,1b5e95de7216a22388709b1008569cd1f28c95737d73cecd6d3ebdc8e6278f2d,231,GF0025-2021 PDF p.231,ocr_detected,official_numbered_entry,verified_inventory,346,347,"""怎么(都|也)(不|没)""",,draft_unreviewed,not_promoted,outside_current_37_label_claim_unless_crosswalked
GF0025-2021-5-060,【五60】,GF 0025—2021 Appendix A,5,五级,60,口语格式,未细分,,X也不是，Y也不是,X也不是，Y也不是,X也不是，Y也不是,REF-GF0025-2021,GF 0025—2021 Chinese Proficiency Grading Standards: Appendix A,1b5e95de7216a22388709b1008569cd1f28c95737d73cecd6d3ebdc8e6278f2d,,GF0025-2021 PDF pp.176–259,appendix_span_verified,official_numbered_entry,verified_inventory,347,348,"""[一-龥]{1,2}也不是，[一-龥]{1,2}也不是""",,draft_unreviewed,not_promoted,outside_current_37_label_claim_unless_crosswalked
GF0025-2021-5-061,【五61】,GF 0025—2021 Appendix A,5,五级,61,口语格式,未细分,,X也X不得，Y也Y不得,X也X不得，Y也Y不得,X也X不得，Y也Y不得,REF-GF0025-2021,GF 0025—2021 Chinese Proficiency Grading Standards: Appendix A,1b5e95de7216a22388709b1008569cd1f28c95737d73cecd6d3ebdc8e6278f2d,,GF0025-2021 PDF pp.176–259,appendix_span_verified,official_numbered_entry,verified_inventory,348,349,"""([一-龥]{1,2})也\\1不得，([一-龥]{1,2})也\\2不得""",,draft_unreviewed,not_promoted,outside_current_37_label_claim_unless_crosswalked
GF0025-2021-5-062,【五62】,GF 0025—2021 Appendix A,5,五级,62,口语格式,未细分,,X是它，Y也是它,X是它，Y也是它,X是它，Y也是它,REF-GF0025-2021,GF 0025—2021 Chinese Proficiency Grading Standards: Appendix A,1b5e95de7216a22388709b1008569cd1f28c95737d73cecd6d3ebdc8e6278f2d,232,GF0025-2021 PDF p.232,ocr_detected,official_numbered_entry,verified_inventory,349,350,"""[一-龥]+是它，[一-龥]+也是它""",,draft_unreviewed,not_promoted,outside_current_37_label_claim_unless_crosswalked
GF0025-2021-5-063,【五63】,GF 0025—2021 Appendix A,5,五级,63,口语格式,未细分,,X着也是X着,X着也是X着,X着也是X着,REF-GF0025-2021,GF 0025—2021 Chinese Proficiency Grading Standards: Appendix A,1b5e95de7216a22388709b1008569cd1f28c95737d73cecd6d3ebdc8e6278f2d,232,GF0025-2021 PDF p.232,ocr_detected,official_numbered_entry,verified_inventory,350,351,"""([一-龥]{1,2})着也是\\1着""",,draft_unreviewed,not_promoted,outside_current_37_label_claim_unless_crosswalked
GF0025-2021-5-064,【五64】,GF 0025—2021 Appendix A,5,五级,64,口语格式,未细分,,X归X，Y归Y,X归X，Y归Y,X归X，Y归Y,REF-GF0025-2021,GF 0025—2021 Chinese Proficiency Grading Standards: Appendix A,1b5e95de7216a22388709b1008569cd1f28c95737d73cecd6d3ebdc8e6278f2d,232,GF0025-2021 PDF p.232,ocr_detected,official_numbered_entry,verified_inventory,351,352,"""([一-龥]+)归\\1，([一-龥]+)归\\2""",,draft_unreviewed,not_promoted,outside_current_37_label_claim_unless_crosswalked
GF0025-2021-5-065,【五65】,GF 0025—2021 Appendix A,5,五级,65,口语格式,未细分,,不管怎样说,不管怎样说,不管怎样说,REF-GF0025-2021,GF 0025—2021 Chinese Proficiency Grading Standards: Appendix A,1b5e95de7216a22388709b1008569cd1f28c95737d73cecd6d3ebdc8e6278f2d,,GF0025-2021 PDF pp.176–259,appendix_span_verified,official_numbered_entry,verified_inventory,352,353,"""不管怎样说""",,draft_unreviewed,not_promoted,outside_current_37_label_claim_unless_crosswalked
GF0025-2021-5-066,【五66】,GF 0025—2021 Appendix A,5,五级,66,口语格式,未细分,,看你X的/瞧他X的,看你X的/瞧他X的,看你X的/瞧他X的,REF-GF0025-2021,GF 0025—2021 Chinese Proficiency Grading Standards: Appendix A,1b5e95de7216a22388709b1008569cd1f28c95737d73cecd6d3ebdc8e6278f2d,,GF0025-2021 PDF pp.176–259,appendix_span_verified,official_numbered_entry,verified_inventory,353,354,"""看你[一-龥]{1,2}的|瞧他[一-龥]{1,2}的""",,draft_unreviewed,not_promoted,outside_current_37_label_claim_unless_crosswalked
GF0025-2021-5-067,【五67】,GF 0025—2021 Appendix A,5,五级,67,口语格式,未细分,,真有你/他/她的,真有你/他/她的,真有你/他/她的,REF-GF0025-2021,GF 0025—2021 Chinese Proficiency Grading Standards: Appendix A,1b5e95de7216a22388709b1008569cd1f28c95737d73cecd6d3ebdc8e6278f2d,232,GF0025-2021 PDF p.232,ocr_detected,official_numbered_entry,verified_inventory,354,355,"""真有(你|他|她)的""",,draft_unreviewed,not_promoted,outside_current_37_label_claim_unless_crosswalked
GF0025-2021-5-068,【五68】,GF 0025—2021 Appendix A,5,五级,68,口语格式,未细分,,X什么X,X什么X,X什么X,REF-GF0025-2021,GF 0025—2021 Chinese Proficiency Grading Standards: Appendix A,1b5e95de7216a22388709b1008569cd1f28c95737d73cecd6d3ebdc8e6278f2d,232,GF0025-2021 PDF p.232,ocr_detected,official_numbered_entry,verified_inventory,355,356,"""([一-龥]{1,2})什么\\1""",,draft_unreviewed,not_promoted,outside_current_37_label_claim_unless_crosswalked
GF0025-2021-5-069,【五69】,GF 0025—2021 Appendix A,5,五级,69,口语格式,未细分,,什么X不X（的）,什么X不X（的）,什么X不X（的）,REF-GF0025-2021,GF 0025—2021 Chinese Proficiency Grading Standards: Appendix A,1b5e95de7216a22388709b1008569cd1f28c95737d73cecd6d3ebdc8e6278f2d,,GF0025-2021 PDF pp.176–259,appendix_span_verified,official_numbered_entry,verified_inventory,356,357,"""什么([一-龥]{1,2})不\\1的*""",,draft_unreviewed,not_promoted,outside_current_37_label_claim_unless_crosswalked
GF0025-2021-5-070,【五70】,GF 0025—2021 Appendix A,5,五级,70,句群,形式分类,用代词复指,（1）用人称代词复指（2）用指示代词复指（3）各种代词相间使用,（1）用人称代词复指（2）用指示代词复指（3）各种代词相间使用,（1）用人称代词复指（2）用指示代词复指（3）各种代词相间使用,REF-GF0025-2021,GF 0025—2021 Chinese Proficiency Grading Standards: Appendix A,1b5e95de7216a22388709b1008569cd1f28c95737d73cecd6d3ebdc8e6278f2d,232,GF0025-2021 PDF p.232,ocr_detected,official_numbered_entry,verified_inventory,357,358,,词性,not_available,not_promoted,outside_current_37_label_claim_unless_crosswalked
GF0025-2021-5-071,【五71】,GF 0025—2021 Appendix A,5,五级,71,句群,形式分类,带省略成分,（1）省略主语（2）省略宾语,（1）省略主语（2）省略宾语,（1）省略主语（2）省略宾语,REF-GF0025-2021,GF 0025—2021 Chinese Proficiency Grading Standards: Appendix A,1b5e95de7216a22388709b1008569cd1f28c95737d73cecd6d3ebdc8e6278f2d,233,GF0025-2021 PDF p.233,ocr_detected,official_numbered_entry,verified_inventory,358,359,,主谓宾,not_available,not_promoted,outside_current_37_label_claim_unless_crosswalked
GF0025-2021-6-001,【六01】,GF 0025—2021 Appendix A,6,六级,1,语素,前缀,,类前缀：超-、多-、反-、无-、亚-、准-,类前缀,类前缀：超-、多-、反-、无-、亚-、准-,REF-GF0025-2021,GF 0025—2021 Chinese Proficiency Grading Standards: Appendix A,1b5e95de7216a22388709b1008569cd1f28c95737d73cecd6d3ebdc8e6278f2d,233,GF0025-2021 PDF p.233,ocr_detected,official_numbered_entry,verified_inventory,359,360,"""^[超多反无亚准]""",,draft_unreviewed,not_promoted,outside_current_37_label_claim_unless_crosswalked
GF0025-2021-6-002,【六02】,GF 0025—2021 Appendix A,6,六级,2,语素,后缀,,类后缀：-化、-式、-型、-性,类后缀,类后缀：-化、-式、-型、-性,REF-GF0025-2021,GF 0025—2021 Chinese Proficiency Grading Standards: Appendix A,1b5e95de7216a22388709b1008569cd1f28c95737d73cecd6d3ebdc8e6278f2d,233,GF0025-2021 PDF p.233,ocr_detected,official_numbered_entry,verified_inventory,360,361,"""[化式型性]$""",,draft_unreviewed,not_promoted,outside_current_37_label_claim_unless_crosswalked
GF0025-2021-6-003,【六03】,GF 0025—2021 Appendix A,6,六级,3,词类,代词,指示代词,本、此,本、此,本、此,REF-GF0025-2021,GF 0025—2021 Chinese Proficiency Grading Standards: Appendix A,1b5e95de7216a22388709b1008569cd1f28c95737d73cecd6d3ebdc8e6278f2d,233,GF0025-2021 PDF p.233,ocr_detected,official_numbered_entry,verified_inventory,361,362,"""^(本|此)$""",,draft_unreviewed,not_promoted,outside_current_37_label_claim_unless_crosswalked
GF0025-2021-6-004,【六04】,GF 0025—2021 Appendix A,6,六级,4,词类,量词,名量词,餐、串、滴、副、股、集、枝,餐、串、滴、副、股、集、枝,餐、串、滴、副、股、集、枝,REF-GF0025-2021,GF 0025—2021 Chinese Proficiency Grading Standards: Appendix A,1b5e95de7216a22388709b1008569cd1f28c95737d73cecd6d3ebdc8e6278f2d,234,GF0025-2021 PDF p.234,ocr_detected,official_numbered_entry,verified_inventory,362,363,"""^(餐|串|滴|副|股|集|枝)$""",,draft_unreviewed,not_promoted,outside_current_37_label_claim_unless_crosswalked
GF0025-2021-6-005,【六05】,GF 0025—2021 Appendix A,6,六级,5,词类,量词,动量词,番、声、趟,番、声、趟,番、声、趟,REF-GF0025-2021,GF 0025—2021 Chinese Proficiency Grading Standards: Appendix A,1b5e95de7216a22388709b1008569cd1f28c95737d73cecd6d3ebdc8e6278f2d,234,GF0025-2021 PDF p.234,ocr_detected,official_numbered_entry,verified_inventory,363,364,"""^(番|声|趟)$""",,draft_unreviewed,not_promoted,outside_current_37_label_claim_unless_crosswalked
GF0025-2021-6-006,【六06】,GF 0025—2021 Appendix A,6,六级,6,词类,副词,程度副词,特、异常,特、异常,特、异常,REF-GF0025-2021,GF 0025—2021 Chinese Proficiency Grading Standards: Appendix A,1b5e95de7216a22388709b1008569cd1f28c95737d73cecd6d3ebdc8e6278f2d,234,GF0025-2021 PDF p.234,ocr_detected,official_numbered_entry,verified_inventory,364,365,"""^(特|异常)$""",,draft_unreviewed,not_promoted,outside_current_37_label_claim_unless_crosswalked
GF0025-2021-6-007,【六07】,GF 0025—2021 Appendix A,6,六级,7,词类,副词,范围、协同副词,尽、净、一齐、一同,尽、净、一齐、一同,尽、净、一齐、一同,REF-GF0025-2021,GF 0025—2021 Chinese Proficiency Grading Standards: Appendix A,1b5e95de7216a22388709b1008569cd1f28c95737d73cecd6d3ebdc8e6278f2d,234,GF0025-2021 PDF p.234,ocr_detected,official_numbered_entry,verified_inventory,365,366,"""^(尽|净|一齐|一同)$""",,draft_unreviewed,not_promoted,outside_current_37_label_claim_unless_crosswalked
GF0025-2021-6-008,【六08】,GF 0025—2021 Appendix A,6,六级,8,词类,副词,时间副词,时时、一时、早晚,时时、一时、早晚,时时、一时、早晚,REF-GF0025-2021,GF 0025—2021 Chinese Proficiency Grading Standards: Appendix A,1b5e95de7216a22388709b1008569cd1f28c95737d73cecd6d3ebdc8e6278f2d,234,GF0025-2021 PDF p.234,ocr_detected,official_numbered_entry,verified_inventory,366,367,"""^(时时|一时|早晚)$""",,draft_unreviewed,not_promoted,outside_current_37_label_claim_unless_crosswalked
GF0025-2021-6-009,【六09】,GF 0025—2021 Appendix A,6,六级,9,词类,副词,关联副词,便,便,便,REF-GF0025-2021,GF 0025—2021 Chinese Proficiency Grading Standards: Appendix A,1b5e95de7216a22388709b1008569cd1f28c95737d73cecd6d3ebdc8e6278f2d,234,GF0025-2021 PDF p.234,ocr_detected,official_numbered_entry,verified_inventory,367,368,"""^便$""",,draft_unreviewed,not_promoted,outside_current_37_label_claim_unless_crosswalked
GF0025-2021-6-010,【六10】,GF 0025—2021 Appendix A,6,六级,10,词类,副词,方式副词,不禁、赶忙、亲眼、特地、特意,不禁、赶忙、亲眼、特地、特意,不禁、赶忙、亲眼、特地、特意,REF-GF0025-2021,GF 0025—2021 Chinese Proficiency Grading Standards: Appendix A,1b5e95de7216a22388709b1008569cd1f28c95737d73cecd6d3ebdc8e6278f2d,234,GF0025-2021 PDF p.234,ocr_detected,official_numbered_entry,verified_inventory,368,369,"""^(不禁|赶忙|亲眼|特地|特意)$""",,draft_unreviewed,not_promoted,outside_current_37_label_claim_unless_crosswalked
GF0025-2021-6-011,【六11】,GF 0025—2021 Appendix A,6,六级,11,词类,副词,情态副词,仿佛,仿佛,仿佛,REF-GF0025-2021,GF 0025—2021 Chinese Proficiency Grading Standards: Appendix A,1b5e95de7216a22388709b1008569cd1f28c95737d73cecd6d3ebdc8e6278f2d,234,GF0025-2021 PDF p.234,ocr_detected,official_numbered_entry,verified_inventory,369,370,"""^仿佛$""",,draft_unreviewed,not_promoted,outside_current_37_label_claim_unless_crosswalked
GF0025-2021-6-012,【六12】,GF 0025—2021 Appendix A,6,六级,12,词类,副词,语气副词,才3、刚好、偏、恰好,才3、刚好、偏、恰好,才3、刚好、偏、恰好,REF-GF0025-2021,GF 0025—2021 Chinese Proficiency Grading Standards: Appendix A,1b5e95de7216a22388709b1008569cd1f28c95737d73cecd6d3ebdc8e6278f2d,234,GF0025-2021 PDF p.234,ocr_detected,official_numbered_entry,verified_inventory,370,371,"""^(才|刚好|偏|恰好)$""",,draft_unreviewed,not_promoted,outside_current_37_label_claim_unless_crosswalked
GF0025-2021-6-013,【六13】,GF 0025—2021 Appendix A,6,六级,13,词类,介词,引出时间、处所,于,于,于,REF-GF0025-2021,GF 0025—2021 Chinese Proficiency Grading Standards: Appendix A,1b5e95de7216a22388709b1008569cd1f28c95737d73cecd6d3ebdc8e6278f2d,235,GF0025-2021 PDF p.235,ocr_detected,official_numbered_entry,verified_inventory,371,372,"""^于$""",,draft_unreviewed,not_promoted,outside_current_37_label_claim_unless_crosswalked
GF0025-2021-6-014,【六14】,GF 0025—2021 Appendix A,6,六级,14,词类,介词,引出方向、路径,沿（着）,沿（着）,沿（着）,REF-GF0025-2021,GF 0025—2021 Chinese Proficiency Grading Standards: Appendix A,1b5e95de7216a22388709b1008569cd1f28c95737d73cecd6d3ebdc8e6278f2d,235,GF0025-2021 PDF p.235,ocr_detected,official_numbered_entry,verified_inventory,372,373,"""^沿着*$""",,draft_unreviewed,not_promoted,outside_current_37_label_claim_unless_crosswalked
GF0025-2021-6-015,【六15】,GF 0025—2021 Appendix A,6,六级,15,词类,介词,引出对象,同1、与1,同1、与1,同1、与1,REF-GF0025-2021,GF 0025—2021 Chinese Proficiency Grading Standards: Appendix A,1b5e95de7216a22388709b1008569cd1f28c95737d73cecd6d3ebdc8e6278f2d,,GF0025-2021 PDF pp.176–259,appendix_span_verified,official_numbered_entry,verified_inventory,373,374,"""^(同|与)$""",,draft_unreviewed,not_promoted,outside_current_37_label_claim_unless_crosswalked
GF0025-2021-6-016,【六16】,GF 0025—2021 Appendix A,6,六级,16,词类,介词,引出对象,至于,至于,至于,REF-GF0025-2021,GF 0025—2021 Chinese Proficiency Grading Standards: Appendix A,1b5e95de7216a22388709b1008569cd1f28c95737d73cecd6d3ebdc8e6278f2d,235,GF0025-2021 PDF p.235,ocr_detected,official_numbered_entry,verified_inventory,374,375,"""^至于$""",,draft_unreviewed,not_promoted,outside_current_37_label_claim_unless_crosswalked
GF0025-2021-6-017,【六17】,GF 0025—2021 Appendix A,6,六级,17,词类,介词,引出目的、原因,因,因,因,REF-GF0025-2021,GF 0025—2021 Chinese Proficiency Grading Standards: Appendix A,1b5e95de7216a22388709b1008569cd1f28c95737d73cecd6d3ebdc8e6278f2d,235,GF0025-2021 PDF p.235,ocr_detected,official_numbered_entry,verified_inventory,375,376,"""^因$""",,draft_unreviewed,not_promoted,outside_current_37_label_claim_unless_crosswalked
GF0025-2021-6-018,【六18】,GF 0025—2021 Appendix A,6,六级,18,词类,介词,表示排除,除,除,除,REF-GF0025-2021,GF 0025—2021 Chinese Proficiency Grading Standards: Appendix A,1b5e95de7216a22388709b1008569cd1f28c95737d73cecd6d3ebdc8e6278f2d,235,GF0025-2021 PDF p.235,ocr_detected,official_numbered_entry,verified_inventory,376,377,"""^除$""",,draft_unreviewed,not_promoted,outside_current_37_label_claim_unless_crosswalked
GF0025-2021-6-019,【六19】,GF 0025—2021 Appendix A,6,六级,19,词类,介词,引出凭借、依据,据,据,据,REF-GF0025-2021,GF 0025—2021 Chinese Proficiency Grading Standards: Appendix A,1b5e95de7216a22388709b1008569cd1f28c95737d73cecd6d3ebdc8e6278f2d,236,GF0025-2021 PDF p.236,ocr_detected,official_numbered_entry,verified_inventory,377,378,"""^据$""",,draft_unreviewed,not_promoted,outside_current_37_label_claim_unless_crosswalked
GF0025-2021-6-020,【六20】,GF 0025—2021 Appendix A,6,六级,20,词类,连词,连接词或词组,而2、同2、与2,而2、同2、与2,而2、同2、与2,REF-GF0025-2021,GF 0025—2021 Chinese Proficiency Grading Standards: Appendix A,1b5e95de7216a22388709b1008569cd1f28c95737d73cecd6d3ebdc8e6278f2d,236,GF0025-2021 PDF p.236,ocr_detected,official_numbered_entry,verified_inventory,378,379,"""^(而|同|与)$""",,draft_unreviewed,not_promoted,outside_current_37_label_claim_unless_crosswalked
GF0025-2021-6-021,【六21】,GF 0025—2021 Appendix A,6,六级,21,词类,连词,连接分句或句子,不料、可3、若,不料、可3、若,不料、可3、若,REF-GF0025-2021,GF 0025—2021 Chinese Proficiency Grading Standards: Appendix A,1b5e95de7216a22388709b1008569cd1f28c95737d73cecd6d3ebdc8e6278f2d,236,GF0025-2021 PDF p.236,ocr_detected,official_numbered_entry,verified_inventory,379,380,"""^(不料|可|若)$""",,draft_unreviewed,not_promoted,outside_current_37_label_claim_unless_crosswalked
GF0025-2021-6-022,【六22】,GF 0025—2021 Appendix A,6,六级,22,词类,助词,结构助词,所,所,所,REF-GF0025-2021,GF 0025—2021 Chinese Proficiency Grading Standards: Appendix A,1b5e95de7216a22388709b1008569cd1f28c95737d73cecd6d3ebdc8e6278f2d,236,GF0025-2021 PDF p.236,ocr_detected,official_numbered_entry,verified_inventory,380,381,"""^所$""",,draft_unreviewed,not_promoted,outside_current_37_label_claim_unless_crosswalked
GF0025-2021-6-023,【六23】,GF 0025—2021 Appendix A,6,六级,23,词类,助词,语气助词,罢了、啦、嘛,罢了、啦、嘛,罢了、啦、嘛,REF-GF0025-2021,GF 0025—2021 Chinese Proficiency Grading Standards: Appendix A,1b5e95de7216a22388709b1008569cd1f28c95737d73cecd6d3ebdc8e6278f2d,236,GF0025-2021 PDF p.236,ocr_detected,official_numbered_entry,verified_inventory,381,382,"""^(罢了|啦|嘛)$""",,draft_unreviewed,not_promoted,outside_current_37_label_claim_unless_crosswalked
GF0025-2021-6-024,【六24】,GF 0025—2021 Appendix A,6,六级,24,短语,结构类型,基本结构类型,数词+形容词+量词,数词+形容词+量词,数词+形容词+量词,REF-GF0025-2021,GF 0025—2021 Chinese Proficiency Grading Standards: Appendix A,1b5e95de7216a22388709b1008569cd1f28c95737d73cecd6d3ebdc8e6278f2d,236,GF0025-2021 PDF p.236,ocr_detected,official_numbered_entry,verified_inventory,382,383,,词性,not_available,not_promoted,outside_current_37_label_claim_unless_crosswalked
GF0025-2021-6-025,【六25】,GF 0025—2021 Appendix A,6,六级,25,短语,固定短语,四字格,或A或B,或A或B,或A或B,REF-GF0025-2021,GF 0025—2021 Chinese Proficiency Grading Standards: Appendix A,1b5e95de7216a22388709b1008569cd1f28c95737d73cecd6d3ebdc8e6278f2d,236,GF0025-2021 PDF p.236,ocr_detected,official_numbered_entry,verified_inventory,383,384,"""或[一-龥]或[一-龥]""",,draft_unreviewed,not_promoted,outside_current_37_label_claim_unless_crosswalked
GF0025-2021-6-026,【六26】,GF 0025—2021 Appendix A,6,六级,26,短语,固定短语,四字格,无A无B,无A无B,无A无B,REF-GF0025-2021,GF 0025—2021 Chinese Proficiency Grading Standards: Appendix A,1b5e95de7216a22388709b1008569cd1f28c95737d73cecd6d3ebdc8e6278f2d,237,GF0025-2021 PDF p.237,ocr_detected,official_numbered_entry,verified_inventory,384,385,"""无[一-龥]无[一-龥]""",,draft_unreviewed,not_promoted,outside_current_37_label_claim_unless_crosswalked
GF0025-2021-6-027,【六27】,GF 0025—2021 Appendix A,6,六级,27,短语,固定短语,四字格,A这A那,A这A那,A这A那,REF-GF0025-2021,GF 0025—2021 Chinese Proficiency Grading Standards: Appendix A,1b5e95de7216a22388709b1008569cd1f28c95737d73cecd6d3ebdc8e6278f2d,237,GF0025-2021 PDF p.237,ocr_detected,official_numbered_entry,verified_inventory,385,386,"""[一-龥]这[一-龥]那""",,draft_unreviewed,not_promoted,outside_current_37_label_claim_unless_crosswalked
GF0025-2021-6-028,【六28】,GF 0025—2021 Appendix A,6,六级,28,短语,固定短语,四字格,左A右B,左A右B,左A右B,REF-GF0025-2021,GF 0025—2021 Chinese Proficiency Grading Standards: Appendix A,1b5e95de7216a22388709b1008569cd1f28c95737d73cecd6d3ebdc8e6278f2d,237,GF0025-2021 PDF p.237,ocr_detected,official_numbered_entry,verified_inventory,386,387,"""左[一-龥]右[一-龥]""",,draft_unreviewed,not_promoted,outside_current_37_label_claim_unless_crosswalked
GF0025-2021-6-029,【六29】,GF 0025—2021 Appendix A,6,六级,29,短语,固定短语,其他,不怎么,不怎么,不怎么,REF-GF0025-2021,GF 0025—2021 Chinese Proficiency Grading Standards: Appendix A,1b5e95de7216a22388709b1008569cd1f28c95737d73cecd6d3ebdc8e6278f2d,237,GF0025-2021 PDF p.237,ocr_detected,official_numbered_entry,verified_inventory,387,388,"""不怎么""",,draft_unreviewed,not_promoted,outside_current_37_label_claim_unless_crosswalked
GF0025-2021-6-030,【六30】,GF 0025—2021 Appendix A,6,六级,30,短语,固定短语,其他,不怎么样,不怎么样,不怎么样,REF-GF0025-2021,GF 0025—2021 Chinese Proficiency Grading Standards: Appendix A,1b5e95de7216a22388709b1008569cd1f28c95737d73cecd6d3ebdc8e6278f2d,,GF0025-2021 PDF pp.176–259,appendix_span_verified,official_numbered_entry,verified_inventory,388,389,"""不怎么样""",,draft_unreviewed,not_promoted,outside_current_37_label_claim_unless_crosswalked
GF0025-2021-6-031,【六31】,GF 0025—2021 Appendix A,6,六级,31,短语,固定短语,其他,好（不）容易,好（不）容易,好（不）容易,REF-GF0025-2021,GF 0025—2021 Chinese Proficiency Grading Standards: Appendix A,1b5e95de7216a22388709b1008569cd1f28c95737d73cecd6d3ebdc8e6278f2d,237,GF0025-2021 PDF p.237,ocr_detected,official_numbered_entry,verified_inventory,389,390,"""好不*容易""",,draft_unreviewed,not_promoted,outside_current_37_label_claim_unless_crosswalked
GF0025-2021-6-032,【六32】,GF 0025—2021 Appendix A,6,六级,32,短语,固定短语,其他,那倒（也）是,那倒（也）是,那倒（也）是,REF-GF0025-2021,GF 0025—2021 Chinese Proficiency Grading Standards: Appendix A,1b5e95de7216a22388709b1008569cd1f28c95737d73cecd6d3ebdc8e6278f2d,,GF0025-2021 PDF pp.176–259,appendix_span_verified,official_numbered_entry,verified_inventory,390,391,"""那倒也*是""",,draft_unreviewed,not_promoted,outside_current_37_label_claim_unless_crosswalked
GF0025-2021-6-033,【六33】,GF 0025—2021 Appendix A,6,六级,33,短语,固定短语,其他,就是说/这就是说,就是说/这就是说,就是说/这就是说,REF-GF0025-2021,GF 0025—2021 Chinese Proficiency Grading Standards: Appendix A,1b5e95de7216a22388709b1008569cd1f28c95737d73cecd6d3ebdc8e6278f2d,237,GF0025-2021 PDF p.237,ocr_detected,official_numbered_entry,verified_inventory,391,392,"""就是说|这就是说""",,draft_unreviewed,not_promoted,outside_current_37_label_claim_unless_crosswalked
GF0025-2021-6-034,【六34】,GF 0025—2021 Appendix A,6,六级,34,短语,固定短语,其他,算了,算了,算了,REF-GF0025-2021,GF 0025—2021 Chinese Proficiency Grading Standards: Appendix A,1b5e95de7216a22388709b1008569cd1f28c95737d73cecd6d3ebdc8e6278f2d,,GF0025-2021 PDF pp.176–259,appendix_span_verified,official_numbered_entry,verified_inventory,392,393,"""算了""",,draft_unreviewed,not_promoted,outside_current_37_label_claim_unless_crosswalked
GF0025-2021-6-035,【六35】,GF 0025—2021 Appendix A,6,六级,35,固定格式,未细分,,A一+量词，B一+量词,A一+量词，B一+量词,A一+量词，B一+量词,REF-GF0025-2021,GF 0025—2021 Chinese Proficiency Grading Standards: Appendix A,1b5e95de7216a22388709b1008569cd1f28c95737d73cecd6d3ebdc8e6278f2d,,GF0025-2021 PDF pp.176–259,appendix_span_verified,official_numbered_entry,verified_inventory,393,394,"""[一-龥]一[个杯本包块]，[一-龥]一[个杯本包块]""",,draft_unreviewed,not_promoted,outside_current_37_label_claim_unless_crosswalked
GF0025-2021-6-036,【六36】,GF 0025—2021 Appendix A,6,六级,36,固定格式,未细分,,东一A，西一A,东一A，西一A,东一A，西一A,REF-GF0025-2021,GF 0025—2021 Chinese Proficiency Grading Standards: Appendix A,1b5e95de7216a22388709b1008569cd1f28c95737d73cecd6d3ebdc8e6278f2d,238,GF0025-2021 PDF p.238,ocr_detected,official_numbered_entry,verified_inventory,394,395,"""东一([一-龥]+)，西一\\1""",,draft_unreviewed,not_promoted,outside_current_37_label_claim_unless_crosswalked
GF0025-2021-6-037,【六37】,GF 0025—2021 Appendix A,6,六级,37,固定格式,未细分,,为了……而……,为了……而……,为了……而……,REF-GF0025-2021,GF 0025—2021 Chinese Proficiency Grading Standards: Appendix A,1b5e95de7216a22388709b1008569cd1f28c95737d73cecd6d3ebdc8e6278f2d,,GF0025-2021 PDF pp.176–259,appendix_span_verified,official_numbered_entry,verified_inventory,395,396,"""为了.+而.+""",,draft_unreviewed,not_promoted,outside_current_37_label_claim_unless_crosswalked
GF0025-2021-6-038,【六38】,GF 0025—2021 Appendix A,6,六级,38,句子成分,宾语,,宾语的语义类型2： （1）处所宾语（2）结果宾语,宾语的语义类型2,宾语的语义类型2： （1）处所宾语（2）结果宾语,REF-GF0025-2021,GF 0025—2021 Chinese Proficiency Grading Standards: Appendix A,1b5e95de7216a22388709b1008569cd1f28c95737d73cecd6d3ebdc8e6278f2d,,GF0025-2021 PDF pp.176–259,appendix_span_verified,official_numbered_entry,verified_inventory,396,397,,主谓宾,not_available,not_promoted,outside_current_37_label_claim_unless_crosswalked
GF0025-2021-6-039,【六39】,GF 0025—2021 Appendix A,6,六级,39,句子成分,补语,趋向补语,趋向补语5 表示状态意义（引申用法）：动词/形容词+下来/下去/起来/过来,趋向补语5 表示状态意义（引申用法）,趋向补语5 表示状态意义（引申用法）：动词/形容词+下来/下去/起来/过来,REF-GF0025-2021,GF 0025—2021 Chinese Proficiency Grading Standards: Appendix A,1b5e95de7216a22388709b1008569cd1f28c95737d73cecd6d3ebdc8e6278f2d,238,GF0025-2021 PDF p.238,ocr_detected,official_numbered_entry,verified_inventory,397,398,,词性、主谓宾,not_available,not_promoted,outside_current_37_label_claim_unless_crosswalked
GF0025-2021-6-040,【六40】,GF 0025—2021 Appendix A,6,六级,40,句子的类型,特殊句型,“把”字句,“把”字句4：表致使 （1）主语（非生物体）+把+宾语+动词+其他成分 （2）主语+把+宾语（施事）+动词+其他成分,“把”字句4,“把”字句4：表致使 （1）主语（非生物体）+把+宾语+动词+其他成分 （2）主语+把+宾语（施事）+动词+其他成分,REF-GF0025-2021,GF 0025—2021 Chinese Proficiency Grading Standards: Appendix A,1b5e95de7216a22388709b1008569cd1f28c95737d73cecd6d3ebdc8e6278f2d,239,GF0025-2021 PDF p.239,ocr_detected,official_numbered_entry,verified_inventory,398,399,,词性、主谓宾,not_available,not_promoted,outside_current_37_label_claim_unless_crosswalked
GF0025-2021-6-041,【六41】,GF 0025—2021 Appendix A,6,六级,41,句子的类型,特殊句型,被动句,被动句4：主语+被/叫/让+宾语+给+动词+其他成分,被动句4,被动句4：主语+被/叫/让+宾语+给+动词+其他成分,REF-GF0025-2021,GF 0025—2021 Chinese Proficiency Grading Standards: Appendix A,1b5e95de7216a22388709b1008569cd1f28c95737d73cecd6d3ebdc8e6278f2d,239,GF0025-2021 PDF p.239,ocr_detected,official_numbered_entry,verified_inventory,399,400,""".+[被叫让].+给.+""",,draft_unreviewed,not_promoted,outside_current_37_label_claim_unless_crosswalked
GF0025-2021-6-042,【六42】,GF 0025—2021 Appendix A,6,六级,42,句子的类型,复句,并列复句,时而……，时而……,时而……，时而……,时而……，时而……,REF-GF0025-2021,GF 0025—2021 Chinese Proficiency Grading Standards: Appendix A,1b5e95de7216a22388709b1008569cd1f28c95737d73cecd6d3ebdc8e6278f2d,239,GF0025-2021 PDF p.239,ocr_detected,official_numbered_entry,verified_inventory,400,401,"""时而.+，时而.+""",,draft_unreviewed,not_promoted,outside_current_37_label_claim_unless_crosswalked
GF0025-2021-6-043,【六43】,GF 0025—2021 Appendix A,6,六级,43,句子的类型,复句,并列复句,一时……一时……,一时……一时……,一时……一时……,REF-GF0025-2021,GF 0025—2021 Chinese Proficiency Grading Standards: Appendix A,1b5e95de7216a22388709b1008569cd1f28c95737d73cecd6d3ebdc8e6278f2d,239,GF0025-2021 PDF p.239,ocr_detected,official_numbered_entry,verified_inventory,401,402,"""一时.+一时.+""",,draft_unreviewed,not_promoted,outside_current_37_label_claim_unless_crosswalked
GF0025-2021-6-044,【六44】,GF 0025—2021 Appendix A,6,六级,44,句子的类型,复句,承接复句,……便……,……便……,……便……,REF-GF0025-2021,GF 0025—2021 Chinese Proficiency Grading Standards: Appendix A,1b5e95de7216a22388709b1008569cd1f28c95737d73cecd6d3ebdc8e6278f2d,,GF0025-2021 PDF pp.176–259,appendix_span_verified,official_numbered_entry,verified_inventory,402,403,""".+便.+""",,draft_unreviewed,not_promoted,outside_current_37_label_claim_unless_crosswalked
GF0025-2021-6-045,【六45】,GF 0025—2021 Appendix A,6,六级,45,句子的类型,复句,递进复句,不但不/不但没有……，反而……,不但不/不但没有……，反而……,不但不/不但没有……，反而……,REF-GF0025-2021,GF 0025—2021 Chinese Proficiency Grading Standards: Appendix A,1b5e95de7216a22388709b1008569cd1f28c95737d73cecd6d3ebdc8e6278f2d,239,GF0025-2021 PDF p.239,ocr_detected,official_numbered_entry,verified_inventory,403,404,"""(不但不|不但没有).+，反而.+""",,draft_unreviewed,not_promoted,outside_current_37_label_claim_unless_crosswalked
GF0025-2021-6-046,【六46】,GF 0025—2021 Appendix A,6,六级,46,句子的类型,复句,递进复句,不是……，还/还是……,不是……，还/还是……,不是……，还/还是……,REF-GF0025-2021,GF 0025—2021 Chinese Proficiency Grading Standards: Appendix A,1b5e95de7216a22388709b1008569cd1f28c95737d73cecd6d3ebdc8e6278f2d,240,GF0025-2021 PDF p.240,ocr_detected,official_numbered_entry,verified_inventory,404,405,"""不是.+，(还|还是).+""",,draft_unreviewed,not_promoted,outside_current_37_label_claim_unless_crosswalked
GF0025-2021-6-047,【六47】,GF 0025—2021 Appendix A,6,六级,47,句子的类型,复句,递进复句,连……都/也……，……更……,连……都/也……，……更……,连……都/也……，……更……,REF-GF0025-2021,GF 0025—2021 Chinese Proficiency Grading Standards: Appendix A,1b5e95de7216a22388709b1008569cd1f28c95737d73cecd6d3ebdc8e6278f2d,,GF0025-2021 PDF pp.176–259,appendix_span_verified,official_numbered_entry,verified_inventory,405,406,"""连.+(都|也).+，.+更.+""",,draft_unreviewed,not_promoted,outside_current_37_label_claim_unless_crosswalked
GF0025-2021-6-048,【六48】,GF 0025—2021 Appendix A,6,六级,48,句子的类型,复句,选择复句,要么……，要么……,要么……，要么……,要么……，要么……,REF-GF0025-2021,GF 0025—2021 Chinese Proficiency Grading Standards: Appendix A,1b5e95de7216a22388709b1008569cd1f28c95737d73cecd6d3ebdc8e6278f2d,,GF0025-2021 PDF pp.176–259,appendix_span_verified,official_numbered_entry,verified_inventory,406,407,"""要么.+，要么.+""",,draft_unreviewed,not_promoted,outside_current_37_label_claim_unless_crosswalked
GF0025-2021-6-049,【六49】,GF 0025—2021 Appendix A,6,六级,49,句子的类型,复句,转折复句,虽……，但/可/却/也……,虽……，但/可/却/也……,虽……，但/可/却/也……,REF-GF0025-2021,GF 0025—2021 Chinese Proficiency Grading Standards: Appendix A,1b5e95de7216a22388709b1008569cd1f28c95737d73cecd6d3ebdc8e6278f2d,,GF0025-2021 PDF pp.176–259,appendix_span_verified,official_numbered_entry,verified_inventory,407,408,"""虽.+，(但|可|却|也).+""",,draft_unreviewed,not_promoted,outside_current_37_label_claim_unless_crosswalked
GF0025-2021-6-050,【六50】,GF 0025—2021 Appendix A,6,六级,50,句子的类型,复句,假设复句,……，要不然/不然……,……，要不然/不然……,……，要不然/不然……,REF-GF0025-2021,GF 0025—2021 Chinese Proficiency Grading Standards: Appendix A,1b5e95de7216a22388709b1008569cd1f28c95737d73cecd6d3ebdc8e6278f2d,,GF0025-2021 PDF pp.176–259,appendix_span_verified,official_numbered_entry,verified_inventory,408,409,""".+，(要不然|不然).+""",,draft_unreviewed,not_promoted,outside_current_37_label_claim_unless_crosswalked
GF0025-2021-6-051,【六51】,GF 0025—2021 Appendix A,6,六级,51,句子的类型,复句,条件复句,凡是……，都……,凡是……，都……,凡是……，都……,REF-GF0025-2021,GF 0025—2021 Chinese Proficiency Grading Standards: Appendix A,1b5e95de7216a22388709b1008569cd1f28c95737d73cecd6d3ebdc8e6278f2d,240,GF0025-2021 PDF p.240,ocr_detected,official_numbered_entry,verified_inventory,409,410,"""凡是.+，都.+""",,draft_unreviewed,not_promoted,outside_current_37_label_claim_unless_crosswalked
GF0025-2021-6-052,【六52】,GF 0025—2021 Appendix A,6,六级,52,句子的类型,复句,让步复句,就算/就是……也……,就算/就是……也……,就算/就是……也……,REF-GF0025-2021,GF 0025—2021 Chinese Proficiency Grading Standards: Appendix A,1b5e95de7216a22388709b1008569cd1f28c95737d73cecd6d3ebdc8e6278f2d,240,GF0025-2021 PDF p.240,ocr_detected,official_numbered_entry,verified_inventory,410,411,"""(就算|就是).+也.+""",,draft_unreviewed,not_promoted,outside_current_37_label_claim_unless_crosswalked
GF0025-2021-6-053,【六53】,GF 0025—2021 Appendix A,6,六级,53,句子的类型,复句,紧缩复句,不……不……,不……不……,不……不……,REF-GF0025-2021,GF 0025—2021 Chinese Proficiency Grading Standards: Appendix A,1b5e95de7216a22388709b1008569cd1f28c95737d73cecd6d3ebdc8e6278f2d,,GF0025-2021 PDF pp.176–259,appendix_span_verified,official_numbered_entry,verified_inventory,411,412,"""不.+不.+""",,draft_unreviewed,not_promoted,outside_current_37_label_claim_unless_crosswalked
GF0025-2021-6-054,【六54】,GF 0025—2021 Appendix A,6,六级,54,句子的类型,复句,多重复句,二重复句2：复句+复句,二重复句2,二重复句2：复句+复句,REF-GF0025-2021,GF 0025—2021 Chinese Proficiency Grading Standards: Appendix A,1b5e95de7216a22388709b1008569cd1f28c95737d73cecd6d3ebdc8e6278f2d,241,GF0025-2021 PDF p.241,ocr_detected,official_numbered_entry,verified_inventory,412,413,,包含解释性含义,not_available,not_promoted,outside_current_37_label_claim_unless_crosswalked
GF0025-2021-6-055,【六55】,GF 0025—2021 Appendix A,6,六级,55,强调的方法,未细分,,用“非……不可”表示强调,用“非……不可”表示强调,用“非……不可”表示强调,REF-GF0025-2021,GF 0025—2021 Chinese Proficiency Grading Standards: Appendix A,1b5e95de7216a22388709b1008569cd1f28c95737d73cecd6d3ebdc8e6278f2d,241,GF0025-2021 PDF p.241,ocr_detected,official_numbered_entry,verified_inventory,413,414,"""非.+不可""",,draft_unreviewed,not_promoted,outside_current_37_label_claim_unless_crosswalked
GF0025-2021-6-056,【六56】,GF 0025—2021 Appendix A,6,六级,56,口语格式,未细分,,X到Y头上来了,X到Y头上来了,X到Y头上来了,REF-GF0025-2021,GF 0025—2021 Chinese Proficiency Grading Standards: Appendix A,1b5e95de7216a22388709b1008569cd1f28c95737d73cecd6d3ebdc8e6278f2d,241,GF0025-2021 PDF p.241,ocr_detected,official_numbered_entry,verified_inventory,414,415,"""[一-龥]{1,2}到[一-龥]{1,2}头上来了""",,draft_unreviewed,not_promoted,outside_current_37_label_claim_unless_crosswalked
GF0025-2021-6-057,【六57】,GF 0025—2021 Appendix A,6,六级,57,口语格式,未细分,,X就X吧,X就X吧,X就X吧,REF-GF0025-2021,GF 0025—2021 Chinese Proficiency Grading Standards: Appendix A,1b5e95de7216a22388709b1008569cd1f28c95737d73cecd6d3ebdc8e6278f2d,241,GF0025-2021 PDF p.241,ocr_detected,official_numbered_entry,verified_inventory,415,416,"""([一-龥]+)就\\1吧""",,draft_unreviewed,not_promoted,outside_current_37_label_claim_unless_crosswalked
GF0025-2021-6-058,【六58】,GF 0025—2021 Appendix A,6,六级,58,口语格式,未细分,,X是X,X是X,X是X,REF-GF0025-2021,GF 0025—2021 Chinese Proficiency Grading Standards: Appendix A,1b5e95de7216a22388709b1008569cd1f28c95737d73cecd6d3ebdc8e6278f2d,241,GF0025-2021 PDF p.241,ocr_detected,official_numbered_entry,verified_inventory,416,417,"""([一-龥]+)是\\1""",,draft_unreviewed,not_promoted,outside_current_37_label_claim_unless_crosswalked
GF0025-2021-6-059,【六59】,GF 0025—2021 Appendix A,6,六级,59,口语格式,未细分,,不X不……，一X……,不X不……，一X……,不X不……，一X……,REF-GF0025-2021,GF 0025—2021 Chinese Proficiency Grading Standards: Appendix A,1b5e95de7216a22388709b1008569cd1f28c95737d73cecd6d3ebdc8e6278f2d,241,GF0025-2021 PDF p.241,ocr_detected,official_numbered_entry,verified_inventory,417,418,"""不([一-龥]+)不.+，一\\1.+""",,draft_unreviewed,not_promoted,outside_current_37_label_claim_unless_crosswalked
GF0025-2021-6-060,【六60】,GF 0025—2021 Appendix A,6,六级,60,口语格式,未细分,,好你个X,好你个X,好你个X,REF-GF0025-2021,GF 0025—2021 Chinese Proficiency Grading Standards: Appendix A,1b5e95de7216a22388709b1008569cd1f28c95737d73cecd6d3ebdc8e6278f2d,242,GF0025-2021 PDF p.242,ocr_detected,official_numbered_entry,verified_inventory,418,419,"""好你个[一-龥]{1,2}""",,draft_unreviewed,not_promoted,outside_current_37_label_claim_unless_crosswalked
GF0025-2021-6-061,【六61】,GF 0025—2021 Appendix A,6,六级,61,口语格式,未细分,,动词+什么（就）是什么,动词+什么（就）是什么,动词+什么（就）是什么,REF-GF0025-2021,GF 0025—2021 Chinese Proficiency Grading Standards: Appendix A,1b5e95de7216a22388709b1008569cd1f28c95737d73cecd6d3ebdc8e6278f2d,242,GF0025-2021 PDF p.242,ocr_detected,official_numbered_entry,verified_inventory,419,420,,词性,not_available,not_promoted,outside_current_37_label_claim_unless_crosswalked
GF0025-2021-6-062,【六62】,GF 0025—2021 Appendix A,6,六级,62,口语格式,未细分,,早（也）不X，晚（也）不X,早（也）不X，晚（也）不X,早（也）不X，晚（也）不X,REF-GF0025-2021,GF 0025—2021 Chinese Proficiency Grading Standards: Appendix A,1b5e95de7216a22388709b1008569cd1f28c95737d73cecd6d3ebdc8e6278f2d,242,GF0025-2021 PDF p.242,ocr_detected,official_numbered_entry,verified_inventory,420,421,"""早也*不([一-龥]+)，晚也*不\\1""",,draft_unreviewed,not_promoted,outside_current_37_label_claim_unless_crosswalked
GF0025-2021-6-063,【六63】,GF 0025—2021 Appendix A,6,六级,63,口语格式,未细分,,看/瞧+把+宾语（施事）+ X 得,看/瞧+把+宾语（施事）+ X 得,看/瞧+把+宾语（施事）+ X 得,REF-GF0025-2021,GF 0025—2021 Chinese Proficiency Grading Standards: Appendix A,1b5e95de7216a22388709b1008569cd1f28c95737d73cecd6d3ebdc8e6278f2d,,GF0025-2021 PDF pp.176–259,appendix_span_verified,official_numbered_entry,verified_inventory,421,422,"""(看|瞧)把.+得""",,draft_unreviewed,not_promoted,outside_current_37_label_claim_unless_crosswalked
GF0025-2021-6-064,【六64】,GF 0025—2021 Appendix A,6,六级,64,口语格式,未细分,,放着X不Y,放着X不Y,放着X不Y,REF-GF0025-2021,GF 0025—2021 Chinese Proficiency Grading Standards: Appendix A,1b5e95de7216a22388709b1008569cd1f28c95737d73cecd6d3ebdc8e6278f2d,,GF0025-2021 PDF pp.176–259,appendix_span_verified,official_numbered_entry,verified_inventory,422,423,"""放着[一-龥]{1,2}不[一-龥]{1,2}""",,draft_unreviewed,not_promoted,outside_current_37_label_claim_unless_crosswalked
GF0025-2021-6-065,【六65】,GF 0025—2021 Appendix A,6,六级,65,口语格式,未细分,,X来X去，都是/就是 ……,X来X去，都是/就是 ……,X来X去，都是/就是 ……,REF-GF0025-2021,GF 0025—2021 Chinese Proficiency Grading Standards: Appendix A,1b5e95de7216a22388709b1008569cd1f28c95737d73cecd6d3ebdc8e6278f2d,,GF0025-2021 PDF pp.176–259,appendix_span_verified,official_numbered_entry,verified_inventory,423,424,"""([一-龥]+)来\\1去，(都是|就是).+""",,draft_unreviewed,not_promoted,outside_current_37_label_claim_unless_crosswalked
GF0025-2021-6-066,【六66】,GF 0025—2021 Appendix A,6,六级,66,口语格式,未细分,,X了就X了，（没）有……,X了就X了，（没）有……,X了就X了，（没）有……,REF-GF0025-2021,GF 0025—2021 Chinese Proficiency Grading Standards: Appendix A,1b5e95de7216a22388709b1008569cd1f28c95737d73cecd6d3ebdc8e6278f2d,,GF0025-2021 PDF pp.176–259,appendix_span_verified,official_numbered_entry,verified_inventory,424,425,"""([一-龥]+)了就\\1了，没*有.+""",,draft_unreviewed,not_promoted,outside_current_37_label_claim_unless_crosswalked
GF0025-2021-6-067,【六67】,GF 0025—2021 Appendix A,6,六级,67,口语格式,未细分,,这/那也不X，那/这也不Y,这/那也不X，那/这也不Y,这/那也不X，那/这也不Y,REF-GF0025-2021,GF 0025—2021 Chinese Proficiency Grading Standards: Appendix A,1b5e95de7216a22388709b1008569cd1f28c95737d73cecd6d3ebdc8e6278f2d,242,GF0025-2021 PDF p.242,ocr_detected,official_numbered_entry,verified_inventory,425,426,"""这也不[一-龥]{1,2}，那也不[一-龥]{1,2}|那也不[一-龥]{1,2}，这也不[一-龥]{1,2}""",,draft_unreviewed,not_promoted,outside_current_37_label_claim_unless_crosswalked
GF0025-2021-7_9-001,【七—九01】,GF 0025—2021 Appendix A,7-9,七—九级,1,词类,动词,能愿动词,需,需,需,REF-GF0025-2021,GF 0025—2021 Chinese Proficiency Grading Standards: Appendix A,1b5e95de7216a22388709b1008569cd1f28c95737d73cecd6d3ebdc8e6278f2d,255,GF0025-2021 PDF p.255,ocr_detected,official_numbered_entry,verified_inventory,426,427,"""^需$""",,draft_unreviewed,not_promoted,outside_current_37_label_claim_unless_crosswalked
GF0025-2021-7_9-002,【七—九02】,GF 0025—2021 Appendix A,7-9,七—九级,2,词类,代词,疑问代词,何,何,何,REF-GF0025-2021,GF 0025—2021 Chinese Proficiency Grading Standards: Appendix A,1b5e95de7216a22388709b1008569cd1f28c95737d73cecd6d3ebdc8e6278f2d,,GF0025-2021 PDF pp.176–259,appendix_span_verified,official_numbered_entry,verified_inventory,427,428,"""^何$""",,draft_unreviewed,not_promoted,outside_current_37_label_claim_unless_crosswalked
GF0025-2021-7_9-003,【七—九03】,GF 0025—2021 Appendix A,7-9,七—九级,3,词类,代词,指示代词,该、另、兹,该、另、兹,该、另、兹,REF-GF0025-2021,GF 0025—2021 Chinese Proficiency Grading Standards: Appendix A,1b5e95de7216a22388709b1008569cd1f28c95737d73cecd6d3ebdc8e6278f2d,,GF0025-2021 PDF pp.176–259,appendix_span_verified,official_numbered_entry,verified_inventory,428,429,"""^(该|另|兹)$""",,draft_unreviewed,not_promoted,outside_current_37_label_claim_unless_crosswalked
GF0025-2021-7_9-004,【七—九04】,GF 0025—2021 Appendix A,7-9,七—九级,4,词类,量词,名量词,（1）栋、粒、枚、则、盏（2）复合量词：人次,（1）栋、粒、枚、则、盏（2）复合量词,（1）栋、粒、枚、则、盏（2）复合量词：人次,REF-GF0025-2021,GF 0025—2021 Chinese Proficiency Grading Standards: Appendix A,1b5e95de7216a22388709b1008569cd1f28c95737d73cecd6d3ebdc8e6278f2d,,GF0025-2021 PDF pp.176–259,appendix_span_verified,official_numbered_entry,verified_inventory,429,430,"""^(栋|粒|枚|则|盏|人次)$""",,draft_unreviewed,not_promoted,outside_current_37_label_claim_unless_crosswalked
GF0025-2021-7_9-005,【七—九05】,GF 0025—2021 Appendix A,7-9,七—九级,5,词类,副词,关联副词,亦,亦,亦,REF-GF0025-2021,GF 0025—2021 Chinese Proficiency Grading Standards: Appendix A,1b5e95de7216a22388709b1008569cd1f28c95737d73cecd6d3ebdc8e6278f2d,,GF0025-2021 PDF pp.176–259,appendix_span_verified,official_numbered_entry,verified_inventory,430,431,"""^亦$""",,draft_unreviewed,not_promoted,outside_current_37_label_claim_unless_crosswalked
GF0025-2021-7_9-006,【七—九06】,GF 0025—2021 Appendix A,7-9,七—九级,6,词类,介词,引出方向、路径,顺着,顺着,顺着,REF-GF0025-2021,GF 0025—2021 Chinese Proficiency Grading Standards: Appendix A,1b5e95de7216a22388709b1008569cd1f28c95737d73cecd6d3ebdc8e6278f2d,,GF0025-2021 PDF pp.176–259,appendix_span_verified,official_numbered_entry,verified_inventory,431,432,"""^顺着$""",,draft_unreviewed,not_promoted,outside_current_37_label_claim_unless_crosswalked
GF0025-2021-7_9-007,【七—九07】,GF 0025—2021 Appendix A,7-9,七—九级,7,词类,连词,连接词或词组,及,及,及,REF-GF0025-2021,GF 0025—2021 Chinese Proficiency Grading Standards: Appendix A,1b5e95de7216a22388709b1008569cd1f28c95737d73cecd6d3ebdc8e6278f2d,,GF0025-2021 PDF pp.176–259,appendix_span_verified,official_numbered_entry,verified_inventory,432,433,"""^及$""",,draft_unreviewed,not_promoted,outside_current_37_label_claim_unless_crosswalked
GF0025-2021-7_9-008,【七—九08】,GF 0025—2021 Appendix A,7-9,七—九级,8,词类,连词,连接分句或句子,继而、要不是,继而、要不是,继而、要不是,REF-GF0025-2021,GF 0025—2021 Chinese Proficiency Grading Standards: Appendix A,1b5e95de7216a22388709b1008569cd1f28c95737d73cecd6d3ebdc8e6278f2d,,GF0025-2021 PDF pp.176–259,appendix_span_verified,official_numbered_entry,verified_inventory,433,434,"""^(继而|要不是)$""",,draft_unreviewed,not_promoted,outside_current_37_label_claim_unless_crosswalked
GF0025-2021-7_9-009,【七—九09】,GF 0025—2021 Appendix A,7-9,七—九级,9,词类,助词,结构助词,之,之,之,REF-GF0025-2021,GF 0025—2021 Chinese Proficiency Grading Standards: Appendix A,1b5e95de7216a22388709b1008569cd1f28c95737d73cecd6d3ebdc8e6278f2d,,GF0025-2021 PDF pp.176–259,appendix_span_verified,official_numbered_entry,verified_inventory,434,435,"""^之$""",,draft_unreviewed,not_promoted,outside_current_37_label_claim_unless_crosswalked
GF0025-2021-7_9-010,【七—九10】,GF 0025—2021 Appendix A,7-9,七—九级,10,短语,结构类型,基本结构类型,数词+量词+抽象事物,数词+量词+抽象事物,数词+量词+抽象事物,REF-GF0025-2021,GF 0025—2021 Chinese Proficiency Grading Standards: Appendix A,1b5e95de7216a22388709b1008569cd1f28c95737d73cecd6d3ebdc8e6278f2d,,GF0025-2021 PDF pp.176–259,appendix_span_verified,official_numbered_entry,verified_inventory,435,436,,词性、包含解释性含义,not_available,not_promoted,outside_current_37_label_claim_unless_crosswalked
GF0025-2021-7_9-011,【七—九11】,GF 0025—2021 Appendix A,7-9,七—九级,11,短语,固定短语,四字格,爱A不A,爱A不A,爱A不A,REF-GF0025-2021,GF 0025—2021 Chinese Proficiency Grading Standards: Appendix A,1b5e95de7216a22388709b1008569cd1f28c95737d73cecd6d3ebdc8e6278f2d,,GF0025-2021 PDF pp.176–259,appendix_span_verified,official_numbered_entry,verified_inventory,436,437,"""爱([一-龥])不\\1""",,draft_unreviewed,not_promoted,outside_current_37_label_claim_unless_crosswalked
GF0025-2021-7_9-012,【七—九12】,GF 0025—2021 Appendix A,7-9,七—九级,12,短语,固定短语,四字格,半A半B,半A半B,半A半B,REF-GF0025-2021,GF 0025—2021 Chinese Proficiency Grading Standards: Appendix A,1b5e95de7216a22388709b1008569cd1f28c95737d73cecd6d3ebdc8e6278f2d,,GF0025-2021 PDF pp.176–259,appendix_span_verified,official_numbered_entry,verified_inventory,437,438,"""半[一-龥]半[一-龥]""",,draft_unreviewed,not_promoted,outside_current_37_label_claim_unless_crosswalked
GF0025-2021-7_9-013,【七—九13】,GF 0025—2021 Appendix A,7-9,七—九级,13,短语,固定短语,四字格,东A西B,东A西B,东A西B,REF-GF0025-2021,GF 0025—2021 Chinese Proficiency Grading Standards: Appendix A,1b5e95de7216a22388709b1008569cd1f28c95737d73cecd6d3ebdc8e6278f2d,,GF0025-2021 PDF pp.176–259,appendix_span_verified,official_numbered_entry,verified_inventory,438,439,"""东[一-龥]西[一-龥]""",,draft_unreviewed,not_promoted,outside_current_37_label_claim_unless_crosswalked
GF0025-2021-7_9-014,【七—九14】,GF 0025—2021 Appendix A,7-9,七—九级,14,短语,固定短语,四字格,非A非B,非A非B,非A非B,REF-GF0025-2021,GF 0025—2021 Chinese Proficiency Grading Standards: Appendix A,1b5e95de7216a22388709b1008569cd1f28c95737d73cecd6d3ebdc8e6278f2d,,GF0025-2021 PDF pp.176–259,appendix_span_verified,official_numbered_entry,verified_inventory,439,440,"""非[一-龥]非[一-龥]""",,draft_unreviewed,not_promoted,outside_current_37_label_claim_unless_crosswalked
GF0025-2021-7_9-015,【七—九15】,GF 0025—2021 Appendix A,7-9,七—九级,15,短语,固定短语,四字格,忽A忽B,忽A忽B,忽A忽B,REF-GF0025-2021,GF 0025—2021 Chinese Proficiency Grading Standards: Appendix A,1b5e95de7216a22388709b1008569cd1f28c95737d73cecd6d3ebdc8e6278f2d,,GF0025-2021 PDF pp.176–259,appendix_span_verified,official_numbered_entry,verified_inventory,440,441,"""忽[一-龥]忽[一-龥]""",,draft_unreviewed,not_promoted,outside_current_37_label_claim_unless_crosswalked
GF0025-2021-7_9-016,【七—九16】,GF 0025—2021 Appendix A,7-9,七—九级,16,短语,固定短语,四字格,连A带B,连A带B,连A带B,REF-GF0025-2021,GF 0025—2021 Chinese Proficiency Grading Standards: Appendix A,1b5e95de7216a22388709b1008569cd1f28c95737d73cecd6d3ebdc8e6278f2d,,GF0025-2021 PDF pp.176–259,appendix_span_verified,official_numbered_entry,verified_inventory,441,442,"""连[一-龥]带[一-龥]""",,draft_unreviewed,not_promoted,outside_current_37_label_claim_unless_crosswalked
GF0025-2021-7_9-017,【七—九17】,GF 0025—2021 Appendix A,7-9,七—九级,17,短语,固定短语,四字格,时A时B,时A时B,时A时B,REF-GF0025-2021,GF 0025—2021 Chinese Proficiency Grading Standards: Appendix A,1b5e95de7216a22388709b1008569cd1f28c95737d73cecd6d3ebdc8e6278f2d,,GF0025-2021 PDF pp.176–259,appendix_span_verified,official_numbered_entry,verified_inventory,442,443,"""时[一-龥]时[一-龥]""",,draft_unreviewed,not_promoted,outside_current_37_label_claim_unless_crosswalked
GF0025-2021-7_9-018,【七—九18】,GF 0025—2021 Appendix A,7-9,七—九级,18,短语,固定短语,四字格,自A自B,自A自B,自A自B,REF-GF0025-2021,GF 0025—2021 Chinese Proficiency Grading Standards: Appendix A,1b5e95de7216a22388709b1008569cd1f28c95737d73cecd6d3ebdc8e6278f2d,,GF0025-2021 PDF pp.176–259,appendix_span_verified,official_numbered_entry,verified_inventory,443,444,"""自[一-龥]自[一-龥]""",,draft_unreviewed,not_promoted,outside_current_37_label_claim_unless_crosswalked
GF0025-2021-7_9-019,【七—九19】,GF 0025—2021 Appendix A,7-9,七—九级,19,短语,固定短语,其他,巴不得,巴不得,巴不得,REF-GF0025-2021,GF 0025—2021 Chinese Proficiency Grading Standards: Appendix A,1b5e95de7216a22388709b1008569cd1f28c95737d73cecd6d3ebdc8e6278f2d,,GF0025-2021 PDF pp.176–259,appendix_span_verified,official_numbered_entry,verified_inventory,444,445,"""巴不得""",,draft_unreviewed,not_promoted,outside_current_37_label_claim_unless_crosswalked
GF0025-2021-7_9-020,【七—九20】,GF 0025—2021 Appendix A,7-9,七—九级,20,短语,固定短语,其他,别提了,别提了,别提了,REF-GF0025-2021,GF 0025—2021 Chinese Proficiency Grading Standards: Appendix A,1b5e95de7216a22388709b1008569cd1f28c95737d73cecd6d3ebdc8e6278f2d,,GF0025-2021 PDF pp.176–259,appendix_span_verified,official_numbered_entry,verified_inventory,445,446,"""别提了""",,draft_unreviewed,not_promoted,outside_current_37_label_claim_unless_crosswalked
GF0025-2021-7_9-021,【七—九21】,GF 0025—2021 Appendix A,7-9,七—九级,21,短语,固定短语,其他,除此之外,除此之外,除此之外,REF-GF0025-2021,GF 0025—2021 Chinese Proficiency Grading Standards: Appendix A,1b5e95de7216a22388709b1008569cd1f28c95737d73cecd6d3ebdc8e6278f2d,,GF0025-2021 PDF pp.176–259,appendix_span_verified,official_numbered_entry,verified_inventory,446,447,"""除此之外""",,draft_unreviewed,not_promoted,outside_current_37_label_claim_unless_crosswalked
GF0025-2021-7_9-022,【七—九22】,GF 0025—2021 Appendix A,7-9,七—九级,22,短语,固定短语,其他,归根到底,归根到底,归根到底,REF-GF0025-2021,GF 0025—2021 Chinese Proficiency Grading Standards: Appendix A,1b5e95de7216a22388709b1008569cd1f28c95737d73cecd6d3ebdc8e6278f2d,,GF0025-2021 PDF pp.176–259,appendix_span_verified,official_numbered_entry,verified_inventory,447,448,"""归根到底""",,draft_unreviewed,not_promoted,outside_current_37_label_claim_unless_crosswalked
GF0025-2021-7_9-023,【七—九23】,GF 0025—2021 Appendix A,7-9,七—九级,23,短语,固定短语,其他,可不是,可不是,可不是,REF-GF0025-2021,GF 0025—2021 Chinese Proficiency Grading Standards: Appendix A,1b5e95de7216a22388709b1008569cd1f28c95737d73cecd6d3ebdc8e6278f2d,,GF0025-2021 PDF pp.176–259,appendix_span_verified,official_numbered_entry,verified_inventory,448,449,"""可不是""",,draft_unreviewed,not_promoted,outside_current_37_label_claim_unless_crosswalked
GF0025-2021-7_9-024,【七—九24】,GF 0025—2021 Appendix A,7-9,七—九级,24,短语,固定短语,其他,没说的,没说的,没说的,REF-GF0025-2021,GF 0025—2021 Chinese Proficiency Grading Standards: Appendix A,1b5e95de7216a22388709b1008569cd1f28c95737d73cecd6d3ebdc8e6278f2d,,GF0025-2021 PDF pp.176–259,appendix_span_verified,official_numbered_entry,verified_inventory,449,450,"""没说的""",,draft_unreviewed,not_promoted,outside_current_37_label_claim_unless_crosswalked
GF0025-2021-7_9-025,【七—九25】,GF 0025—2021 Appendix A,7-9,七—九级,25,短语,固定短语,其他,无论如何,无论如何,无论如何,REF-GF0025-2021,GF 0025—2021 Chinese Proficiency Grading Standards: Appendix A,1b5e95de7216a22388709b1008569cd1f28c95737d73cecd6d3ebdc8e6278f2d,,GF0025-2021 PDF pp.176–259,appendix_span_verified,official_numbered_entry,verified_inventory,450,451,"""无论如何""",,draft_unreviewed,not_promoted,outside_current_37_label_claim_unless_crosswalked
GF0025-2021-7_9-026,【七—九26】,GF 0025—2021 Appendix A,7-9,七—九级,26,短语,固定短语,其他,由此可见,由此可见,由此可见,REF-GF0025-2021,GF 0025—2021 Chinese Proficiency Grading Standards: Appendix A,1b5e95de7216a22388709b1008569cd1f28c95737d73cecd6d3ebdc8e6278f2d,,GF0025-2021 PDF pp.176–259,appendix_span_verified,official_numbered_entry,verified_inventory,451,452,"""由此可见""",,draft_unreviewed,not_promoted,outside_current_37_label_claim_unless_crosswalked
GF0025-2021-7_9-027,【七—九27】,GF 0025—2021 Appendix A,7-9,七—九级,27,固定格式,未细分,,不知……好,不知……好,不知……好,REF-GF0025-2021,GF 0025—2021 Chinese Proficiency Grading Standards: Appendix A,1b5e95de7216a22388709b1008569cd1f28c95737d73cecd6d3ebdc8e6278f2d,,GF0025-2021 PDF pp.176–259,appendix_span_verified,official_numbered_entry,verified_inventory,452,453,"""不知.+好""",,draft_unreviewed,not_promoted,outside_current_37_label_claim_unless_crosswalked
GF0025-2021-7_9-028,【七—九28】,GF 0025—2021 Appendix A,7-9,七—九级,28,固定格式,未细分,,所谓……就是……,所谓……就是……,所谓……就是……,REF-GF0025-2021,GF 0025—2021 Chinese Proficiency Grading Standards: Appendix A,1b5e95de7216a22388709b1008569cd1f28c95737d73cecd6d3ebdc8e6278f2d,,GF0025-2021 PDF pp.176–259,appendix_span_verified,official_numbered_entry,verified_inventory,453,454,"""所谓.+就是.+""",,draft_unreviewed,not_promoted,outside_current_37_label_claim_unless_crosswalked
GF0025-2021-7_9-029,【七—九29】,GF 0025—2021 Appendix A,7-9,七—九级,29,固定格式,未细分,,无非/不过/只不过/只是……而已/罢了,无非/不过/只不过/只是……而已/罢了,无非/不过/只不过/只是……而已/罢了,REF-GF0025-2021,GF 0025—2021 Chinese Proficiency Grading Standards: Appendix A,1b5e95de7216a22388709b1008569cd1f28c95737d73cecd6d3ebdc8e6278f2d,,GF0025-2021 PDF pp.176–259,appendix_span_verified,official_numbered_entry,verified_inventory,454,455,"""(无非|不过|只不过|只是).+(而已|罢了)""",,draft_unreviewed,not_promoted,outside_current_37_label_claim_unless_crosswalked
GF0025-2021-7_9-030,【七—九30】,GF 0025—2021 Appendix A,7-9,七—九级,30,固定格式,未细分,,以……为……,以……为……,以……为……,REF-GF0025-2021,GF 0025—2021 Chinese Proficiency Grading Standards: Appendix A,1b5e95de7216a22388709b1008569cd1f28c95737d73cecd6d3ebdc8e6278f2d,,GF0025-2021 PDF pp.176–259,appendix_span_verified,official_numbered_entry,verified_inventory,455,456,"""以.+为.+""",,draft_unreviewed,not_promoted,outside_current_37_label_claim_unless_crosswalked
GF0025-2021-7_9-031,【七—九31】,GF 0025—2021 Appendix A,7-9,七—九级,31,固定格式,未细分,,因……而……,因……而……,因……而……,REF-GF0025-2021,GF 0025—2021 Chinese Proficiency Grading Standards: Appendix A,1b5e95de7216a22388709b1008569cd1f28c95737d73cecd6d3ebdc8e6278f2d,,GF0025-2021 PDF pp.176–259,appendix_span_verified,official_numbered_entry,verified_inventory,456,457,"""因.+而.+""",,draft_unreviewed,not_promoted,outside_current_37_label_claim_unless_crosswalked
GF0025-2021-7_9-032,【七—九32】,GF 0025—2021 Appendix A,7-9,七—九级,32,句子成分,宾语,,宾语的语义类型3： （1）方式宾语（2）工具宾语（3）材料宾语（4）目的宾语,宾语的语义类型3,宾语的语义类型3： （1）方式宾语（2）工具宾语（3）材料宾语（4）目的宾语,REF-GF0025-2021,GF 0025—2021 Chinese Proficiency Grading Standards: Appendix A,1b5e95de7216a22388709b1008569cd1f28c95737d73cecd6d3ebdc8e6278f2d,,GF0025-2021 PDF pp.176–259,appendix_span_verified,official_numbered_entry,verified_inventory,457,458,,主谓宾,not_available,not_promoted,outside_current_37_label_claim_unless_crosswalked
GF0025-2021-7_9-033,【七—九33】,GF 0025—2021 Appendix A,7-9,七—九级,33,句子成分,补语,程度补语,程度补语3：（1）形容词/动词+得+不行（2）形容词/动词+得+要命/要死,程度补语3,程度补语3：（1）形容词/动词+得+不行（2）形容词/动词+得+要命/要死,REF-GF0025-2021,GF 0025—2021 Chinese Proficiency Grading Standards: Appendix A,1b5e95de7216a22388709b1008569cd1f28c95737d73cecd6d3ebdc8e6278f2d,,GF0025-2021 PDF pp.176–259,appendix_span_verified,official_numbered_entry,verified_inventory,458,459,,词性、主谓宾,not_available,not_promoted,outside_current_37_label_claim_unless_crosswalked
GF0025-2021-7_9-034,【七—九34】,GF 0025—2021 Appendix A,7-9,七—九级,34,句子成分,补语,状态补语,状态补语3：“个”引导的补语,状态补语3,状态补语3：“个”引导的补语,REF-GF0025-2021,GF 0025—2021 Chinese Proficiency Grading Standards: Appendix A,1b5e95de7216a22388709b1008569cd1f28c95737d73cecd6d3ebdc8e6278f2d,,GF0025-2021 PDF pp.176–259,appendix_span_verified,official_numbered_entry,verified_inventory,459,460,,主谓宾,not_available,not_promoted,outside_current_37_label_claim_unless_crosswalked
GF0025-2021-7_9-035,【七—九35】,GF 0025—2021 Appendix A,7-9,七—九级,35,句子的类型,特殊句型,“把”字句,“把”字句5：表致使 （主语+）把+宾语（施事）+动词+了,“把”字句5,“把”字句5：表致使 （主语+）把+宾语（施事）+动词+了,REF-GF0025-2021,GF 0025—2021 Chinese Proficiency Grading Standards: Appendix A,1b5e95de7216a22388709b1008569cd1f28c95737d73cecd6d3ebdc8e6278f2d,,GF0025-2021 PDF pp.176–259,appendix_span_verified,official_numbered_entry,verified_inventory,460,461,,词性、主谓宾,not_available,not_promoted,outside_current_37_label_claim_unless_crosswalked
GF0025-2021-7_9-036,【七—九36】,GF 0025—2021 Appendix A,7-9,七—九级,36,句子的类型,特殊句型,被动句,被动句5：（1）被……所……（2）为……所……,被动句5,被动句5：（1）被……所……（2）为……所……,REF-GF0025-2021,GF 0025—2021 Chinese Proficiency Grading Standards: Appendix A,1b5e95de7216a22388709b1008569cd1f28c95737d73cecd6d3ebdc8e6278f2d,,GF0025-2021 PDF pp.176–259,appendix_span_verified,official_numbered_entry,verified_inventory,461,462,"""(被|为).+所.+""",,draft_unreviewed,not_promoted,outside_current_37_label_claim_unless_crosswalked
GF0025-2021-7_9-037,【七—九37】,GF 0025—2021 Appendix A,7-9,七—九级,37,句子的类型,特殊句型,比较句,比较句6：（1）比起……（来） （2）A +形容词+于+ B （3）A +比+名词+还+名词,比较句6,比较句6：（1）比起……（来） （2）A +形容词+于+ B （3）A +比+名词+还+名词,REF-GF0025-2021,GF 0025—2021 Chinese Proficiency Grading Standards: Appendix A,1b5e95de7216a22388709b1008569cd1f28c95737d73cecd6d3ebdc8e6278f2d,,GF0025-2021 PDF pp.176–259,appendix_span_verified,official_numbered_entry,verified_inventory,462,463,"""比起.+来?|[一-龥]+比([一-龥]+)还\\1""",,draft_unreviewed,not_promoted,outside_current_37_label_claim_unless_crosswalked
GF0025-2021-7_9-038,【七—九38】,GF 0025—2021 Appendix A,7-9,七—九级,38,句子的类型,复句,并列复句,一面……，一面……,一面……，一面……,一面……，一面……,REF-GF0025-2021,GF 0025—2021 Chinese Proficiency Grading Standards: Appendix A,1b5e95de7216a22388709b1008569cd1f28c95737d73cecd6d3ebdc8e6278f2d,,GF0025-2021 PDF pp.176–259,appendix_span_verified,official_numbered_entry,verified_inventory,463,464,"""一面.+，一面.+""",,draft_unreviewed,not_promoted,outside_current_37_label_claim_unless_crosswalked
GF0025-2021-7_9-039,【七—九39】,GF 0025—2021 Appendix A,7-9,七—九级,39,句子的类型,复句,承接复句,……，此后……,……，此后……,……，此后……,REF-GF0025-2021,GF 0025—2021 Chinese Proficiency Grading Standards: Appendix A,1b5e95de7216a22388709b1008569cd1f28c95737d73cecd6d3ebdc8e6278f2d,,GF0025-2021 PDF pp.176–259,appendix_span_verified,official_numbered_entry,verified_inventory,464,465,""".+，此后.+""",,draft_unreviewed,not_promoted,outside_current_37_label_claim_unless_crosswalked
GF0025-2021-7_9-040,【七—九40】,GF 0025—2021 Appendix A,7-9,七—九级,40,句子的类型,复句,承接复句,起初……，……才……,起初……，……才……,起初……，……才……,REF-GF0025-2021,GF 0025—2021 Chinese Proficiency Grading Standards: Appendix A,1b5e95de7216a22388709b1008569cd1f28c95737d73cecd6d3ebdc8e6278f2d,,GF0025-2021 PDF pp.176–259,appendix_span_verified,official_numbered_entry,verified_inventory,465,466,"""起初.+，.+才.+""",,draft_unreviewed,not_promoted,outside_current_37_label_claim_unless_crosswalked
GF0025-2021-7_9-041,【七—九41】,GF 0025—2021 Appendix A,7-9,七—九级,41,句子的类型,复句,递进复句,别说……，连……也/都……；连……也/都……，别说……；别说……， 即使……也……；即使……也……，别说……,别说……，连……也/都……；连……也/都……，别说……；别说……， 即使……也……；即使……也……，别说……,别说……，连……也/都……；连……也/都……，别说……；别说……， 即使……也……；即使……也……，别说……,REF-GF0025-2021,GF 0025—2021 Chinese Proficiency Grading Standards: Appendix A,1b5e95de7216a22388709b1008569cd1f28c95737d73cecd6d3ebdc8e6278f2d,,GF0025-2021 PDF pp.176–259,appendix_span_verified,official_numbered_entry,verified_inventory,466,467,"""别说.+，连.+(也|都).+|连.+(也|都).+，别说.+|别说.+， 即使.+也.+|即使.+也.+，别说.+""",,draft_unreviewed,not_promoted,outside_current_37_label_claim_unless_crosswalked
GF0025-2021-7_9-042,【七—九42】,GF 0025—2021 Appendix A,7-9,七—九级,42,句子的类型,复句,递进复句,……，况且……,……，况且……,……，况且……,REF-GF0025-2021,GF 0025—2021 Chinese Proficiency Grading Standards: Appendix A,1b5e95de7216a22388709b1008569cd1f28c95737d73cecd6d3ebdc8e6278f2d,,GF0025-2021 PDF pp.176–259,appendix_span_verified,official_numbered_entry,verified_inventory,467,468,""".+，况且.+""",,draft_unreviewed,not_promoted,outside_current_37_label_claim_unless_crosswalked
GF0025-2021-7_9-043,【七—九43】,GF 0025—2021 Appendix A,7-9,七—九级,43,句子的类型,复句,递进复句,连……，更不用说……,连……，更不用说……,连……，更不用说……,REF-GF0025-2021,GF 0025—2021 Chinese Proficiency Grading Standards: Appendix A,1b5e95de7216a22388709b1008569cd1f28c95737d73cecd6d3ebdc8e6278f2d,,GF0025-2021 PDF pp.176–259,appendix_span_verified,official_numbered_entry,verified_inventory,468,469,"""连.+，更不用说.+""",,draft_unreviewed,not_promoted,outside_current_37_label_claim_unless_crosswalked
GF0025-2021-7_9-044,【七—九44】,GF 0025—2021 Appendix A,7-9,七—九级,44,句子的类型,复句,递进复句,……，乃至……,……，乃至……,……，乃至……,REF-GF0025-2021,GF 0025—2021 Chinese Proficiency Grading Standards: Appendix A,1b5e95de7216a22388709b1008569cd1f28c95737d73cecd6d3ebdc8e6278f2d,,GF0025-2021 PDF pp.176–259,appendix_span_verified,official_numbered_entry,verified_inventory,469,470,""".+，乃至.+""",,draft_unreviewed,not_promoted,outside_current_37_label_claim_unless_crosswalked
GF0025-2021-7_9-045,【七—九45】,GF 0025—2021 Appendix A,7-9,七—九级,45,句子的类型,复句,递进复句,……，且……,……，且……,……，且……,REF-GF0025-2021,GF 0025—2021 Chinese Proficiency Grading Standards: Appendix A,1b5e95de7216a22388709b1008569cd1f28c95737d73cecd6d3ebdc8e6278f2d,,GF0025-2021 PDF pp.176–259,appendix_span_verified,official_numbered_entry,verified_inventory,470,471,""".+，且.+""",,draft_unreviewed,not_promoted,outside_current_37_label_claim_unless_crosswalked
GF0025-2021-7_9-046,【七—九46】,GF 0025—2021 Appendix A,7-9,七—九级,46,句子的类型,复句,递进复句,……，甚至于……,……，甚至于……,……，甚至于……,REF-GF0025-2021,GF 0025—2021 Chinese Proficiency Grading Standards: Appendix A,1b5e95de7216a22388709b1008569cd1f28c95737d73cecd6d3ebdc8e6278f2d,,GF0025-2021 PDF pp.176–259,appendix_span_verified,official_numbered_entry,verified_inventory,471,472,""".+，甚至于.+""",,draft_unreviewed,not_promoted,outside_current_37_label_claim_unless_crosswalked
GF0025-2021-7_9-047,【七—九47】,GF 0025—2021 Appendix A,7-9,七—九级,47,句子的类型,复句,选择复句,或……，或……,或……，或……,或……，或……,REF-GF0025-2021,GF 0025—2021 Chinese Proficiency Grading Standards: Appendix A,1b5e95de7216a22388709b1008569cd1f28c95737d73cecd6d3ebdc8e6278f2d,,GF0025-2021 PDF pp.176–259,appendix_span_verified,official_numbered_entry,verified_inventory,472,473,"""或.+，或.+""",,draft_unreviewed,not_promoted,outside_current_37_label_claim_unless_crosswalked
GF0025-2021-7_9-048,【七—九48】,GF 0025—2021 Appendix A,7-9,七—九级,48,句子的类型,复句,选择复句,宁可/宁愿……，也……,宁可/宁愿……，也……,宁可/宁愿……，也……,REF-GF0025-2021,GF 0025—2021 Chinese Proficiency Grading Standards: Appendix A,1b5e95de7216a22388709b1008569cd1f28c95737d73cecd6d3ebdc8e6278f2d,,GF0025-2021 PDF pp.176–259,appendix_span_verified,official_numbered_entry,verified_inventory,473,474,"""(宁可|宁愿).+，也.+""",,draft_unreviewed,not_promoted,outside_current_37_label_claim_unless_crosswalked
GF0025-2021-7_9-049,【七—九49】,GF 0025—2021 Appendix A,7-9,七—九级,49,句子的类型,复句,选择复句,与其……，不如……,与其……，不如……,与其……，不如……,REF-GF0025-2021,GF 0025—2021 Chinese Proficiency Grading Standards: Appendix A,1b5e95de7216a22388709b1008569cd1f28c95737d73cecd6d3ebdc8e6278f2d,,GF0025-2021 PDF pp.176–259,appendix_span_verified,official_numbered_entry,verified_inventory,474,475,"""与其.+，不如.+""",,draft_unreviewed,not_promoted,outside_current_37_label_claim_unless_crosswalked
GF0025-2021-7_9-050,【七—九50】,GF 0025—2021 Appendix A,7-9,七—九级,50,句子的类型,复句,选择复句,与其……，宁可/宁愿……,与其……，宁可/宁愿……,与其……，宁可/宁愿……,REF-GF0025-2021,GF 0025—2021 Chinese Proficiency Grading Standards: Appendix A,1b5e95de7216a22388709b1008569cd1f28c95737d73cecd6d3ebdc8e6278f2d,,GF0025-2021 PDF pp.176–259,appendix_span_verified,official_numbered_entry,verified_inventory,475,476,"""与其.+，(宁可|宁愿).+""",,draft_unreviewed,not_promoted,outside_current_37_label_claim_unless_crosswalked
GF0025-2021-7_9-051,【七—九51】,GF 0025—2021 Appendix A,7-9,七—九级,51,句子的类型,复句,转折复句,……，而……（则）……,……，而……（则）……,……，而……（则）……,REF-GF0025-2021,GF 0025—2021 Chinese Proficiency Grading Standards: Appendix A,1b5e95de7216a22388709b1008569cd1f28c95737d73cecd6d3ebdc8e6278f2d,,GF0025-2021 PDF pp.176–259,appendix_span_verified,official_numbered_entry,verified_inventory,476,477,""".+，而.+则*.+""",,draft_unreviewed,not_promoted,outside_current_37_label_claim_unless_crosswalked
GF0025-2021-7_9-052,【七—九52】,GF 0025—2021 Appendix A,7-9,七—九级,52,句子的类型,复句,转折复句,……，……倒/反倒……,……，……倒/反倒……,……，……倒/反倒……,REF-GF0025-2021,GF 0025—2021 Chinese Proficiency Grading Standards: Appendix A,1b5e95de7216a22388709b1008569cd1f28c95737d73cecd6d3ebdc8e6278f2d,,GF0025-2021 PDF pp.176–259,appendix_span_verified,official_numbered_entry,verified_inventory,477,478,""".+，.+(倒|反倒).+""",,draft_unreviewed,not_promoted,outside_current_37_label_claim_unless_crosswalked
GF0025-2021-7_9-053,【七—九53】,GF 0025—2021 Appendix A,7-9,七—九级,53,句子的类型,复句,假设复句,倘若/若……，……,倘若/若……，……,倘若/若……，……,REF-GF0025-2021,GF 0025—2021 Chinese Proficiency Grading Standards: Appendix A,1b5e95de7216a22388709b1008569cd1f28c95737d73cecd6d3ebdc8e6278f2d,,GF0025-2021 PDF pp.176–259,appendix_span_verified,official_numbered_entry,verified_inventory,478,479,"""(倘若|若).+，.+""",,draft_unreviewed,not_promoted,outside_current_37_label_claim_unless_crosswalked
GF0025-2021-7_9-054,【七—九54】,GF 0025—2021 Appendix A,7-9,七—九级,54,句子的类型,复句,假设复句,倘若/假设/假使/若……，就/那（么）……,倘若/假设/假使/若……，就/那（么）……,倘若/假设/假使/若……，就/那（么）……,REF-GF0025-2021,GF 0025—2021 Chinese Proficiency Grading Standards: Appendix A,1b5e95de7216a22388709b1008569cd1f28c95737d73cecd6d3ebdc8e6278f2d,,GF0025-2021 PDF pp.176–259,appendix_span_verified,official_numbered_entry,verified_inventory,479,480,"""(倘若|假设|假使|若).+，(就|那么*).+""",,draft_unreviewed,not_promoted,outside_current_37_label_claim_unless_crosswalked
GF0025-2021-7_9-055,【七—九55】,GF 0025—2021 Appendix A,7-9,七—九级,55,句子的类型,复句,假设复句,幸亏……，要不然/不然/要不/否则……,幸亏……，要不然/不然/要不/否则……,幸亏……，要不然/不然/要不/否则……,REF-GF0025-2021,GF 0025—2021 Chinese Proficiency Grading Standards: Appendix A,1b5e95de7216a22388709b1008569cd1f28c95737d73cecd6d3ebdc8e6278f2d,,GF0025-2021 PDF pp.176–259,appendix_span_verified,official_numbered_entry,verified_inventory,480,481,"""幸亏.+，(要不然|不然|要不|否则).+""",,draft_unreviewed,not_promoted,outside_current_37_label_claim_unless_crosswalked
GF0025-2021-7_9-056,【七—九56】,GF 0025—2021 Appendix A,7-9,七—九级,56,句子的类型,复句,条件复句,别管……，都……,别管……，都……,别管……，都……,REF-GF0025-2021,GF 0025—2021 Chinese Proficiency Grading Standards: Appendix A,1b5e95de7216a22388709b1008569cd1f28c95737d73cecd6d3ebdc8e6278f2d,,GF0025-2021 PDF pp.176–259,appendix_span_verified,official_numbered_entry,verified_inventory,481,482,"""别管.+，都.+""",,draft_unreviewed,not_promoted,outside_current_37_label_claim_unless_crosswalked
GF0025-2021-7_9-057,【七—九57】,GF 0025—2021 Appendix A,7-9,七—九级,57,句子的类型,复句,条件复句,任……，也……,任……，也……,任……，也……,REF-GF0025-2021,GF 0025—2021 Chinese Proficiency Grading Standards: Appendix A,1b5e95de7216a22388709b1008569cd1f28c95737d73cecd6d3ebdc8e6278f2d,,GF0025-2021 PDF pp.176–259,appendix_span_verified,official_numbered_entry,verified_inventory,482,483,"""任.+，也.+""",,draft_unreviewed,not_promoted,outside_current_37_label_claim_unless_crosswalked
GF0025-2021-7_9-058,【七—九58】,GF 0025—2021 Appendix A,7-9,七—九级,58,句子的类型,复句,因果复句,（因）……，故……,（因）……，故……,（因）……，故……,REF-GF0025-2021,GF 0025—2021 Chinese Proficiency Grading Standards: Appendix A,1b5e95de7216a22388709b1008569cd1f28c95737d73cecd6d3ebdc8e6278f2d,,GF0025-2021 PDF pp.176–259,appendix_span_verified,official_numbered_entry,verified_inventory,483,484,"""因*.+，故.+""",,draft_unreviewed,not_promoted,outside_current_37_label_claim_unless_crosswalked
GF0025-2021-7_9-059,【七—九59】,GF 0025—2021 Appendix A,7-9,七—九级,59,句子的类型,复句,因果复句,鉴于……，……,鉴于……，……,鉴于……，……,REF-GF0025-2021,GF 0025—2021 Chinese Proficiency Grading Standards: Appendix A,1b5e95de7216a22388709b1008569cd1f28c95737d73cecd6d3ebdc8e6278f2d,,GF0025-2021 PDF pp.176–259,appendix_span_verified,official_numbered_entry,verified_inventory,484,485,"""鉴于.+，.+""",,draft_unreviewed,not_promoted,outside_current_37_label_claim_unless_crosswalked
GF0025-2021-7_9-060,【七—九60】,GF 0025—2021 Appendix A,7-9,七—九级,60,句子的类型,复句,因果复句,（由于）……，以致……,（由于）……，以致……,（由于）……，以致……,REF-GF0025-2021,GF 0025—2021 Chinese Proficiency Grading Standards: Appendix A,1b5e95de7216a22388709b1008569cd1f28c95737d73cecd6d3ebdc8e6278f2d,,GF0025-2021 PDF pp.176–259,appendix_span_verified,official_numbered_entry,verified_inventory,485,486,"""(由于)*.+，以致.+""",,draft_unreviewed,not_promoted,outside_current_37_label_claim_unless_crosswalked
GF0025-2021-7_9-061,【七—九61】,GF 0025—2021 Appendix A,7-9,七—九级,61,句子的类型,复句,因果复句,……，以至于……,……，以至于……,……，以至于……,REF-GF0025-2021,GF 0025—2021 Chinese Proficiency Grading Standards: Appendix A,1b5e95de7216a22388709b1008569cd1f28c95737d73cecd6d3ebdc8e6278f2d,,GF0025-2021 PDF pp.176–259,appendix_span_verified,official_numbered_entry,verified_inventory,486,487,""".+，以至于.+""",,draft_unreviewed,not_promoted,outside_current_37_label_claim_unless_crosswalked
GF0025-2021-7_9-062,【七—九62】,GF 0025—2021 Appendix A,7-9,七—九级,62,句子的类型,复句,因果复句,之所以……，是因为/是由于……,之所以……，是因为/是由于……,之所以……，是因为/是由于……,REF-GF0025-2021,GF 0025—2021 Chinese Proficiency Grading Standards: Appendix A,1b5e95de7216a22388709b1008569cd1f28c95737d73cecd6d3ebdc8e6278f2d,,GF0025-2021 PDF pp.176–259,appendix_span_verified,official_numbered_entry,verified_inventory,487,488,"""之所以.+，(是因为|是由于).+""",,draft_unreviewed,not_promoted,outside_current_37_label_claim_unless_crosswalked
GF0025-2021-7_9-063,【七—九63】,GF 0025—2021 Appendix A,7-9,七—九级,63,句子的类型,复句,让步复句,固然……，也……,固然……，也……,固然……，也……,REF-GF0025-2021,GF 0025—2021 Chinese Proficiency Grading Standards: Appendix A,1b5e95de7216a22388709b1008569cd1f28c95737d73cecd6d3ebdc8e6278f2d,,GF0025-2021 PDF pp.176–259,appendix_span_verified,official_numbered_entry,verified_inventory,488,489,"""固然.+，也.+""",,draft_unreviewed,not_promoted,outside_current_37_label_claim_unless_crosswalked
GF0025-2021-7_9-064,【七—九64】,GF 0025—2021 Appendix A,7-9,七—九级,64,句子的类型,复句,让步复句,……固然……，但是/可是/不过……,……固然……，但是/可是/不过……,……固然……，但是/可是/不过……,REF-GF0025-2021,GF 0025—2021 Chinese Proficiency Grading Standards: Appendix A,1b5e95de7216a22388709b1008569cd1f28c95737d73cecd6d3ebdc8e6278f2d,,GF0025-2021 PDF pp.176–259,appendix_span_verified,official_numbered_entry,verified_inventory,489,490,""".+固然.+，(但是|可是|不过).+""",,draft_unreviewed,not_promoted,outside_current_37_label_claim_unless_crosswalked
GF0025-2021-7_9-065,【七—九65】,GF 0025—2021 Appendix A,7-9,七—九级,65,句子的类型,复句,让步复句,即便……，也……,即便……，也……,即便……，也……,REF-GF0025-2021,GF 0025—2021 Chinese Proficiency Grading Standards: Appendix A,1b5e95de7216a22388709b1008569cd1f28c95737d73cecd6d3ebdc8e6278f2d,,GF0025-2021 PDF pp.176–259,appendix_span_verified,official_numbered_entry,verified_inventory,490,491,"""即便.+，也.+""",,draft_unreviewed,not_promoted,outside_current_37_label_claim_unless_crosswalked
GF0025-2021-7_9-066,【七—九66】,GF 0025—2021 Appendix A,7-9,七—九级,66,句子的类型,复句,让步复句,虽说……，但是/可是/不过……,虽说……，但是/可是/不过……,虽说……，但是/可是/不过……,REF-GF0025-2021,GF 0025—2021 Chinese Proficiency Grading Standards: Appendix A,1b5e95de7216a22388709b1008569cd1f28c95737d73cecd6d3ebdc8e6278f2d,,GF0025-2021 PDF pp.176–259,appendix_span_verified,official_numbered_entry,verified_inventory,491,492,"""虽说.+，(但是|可是|不过).+""",,draft_unreviewed,not_promoted,outside_current_37_label_claim_unless_crosswalked
GF0025-2021-7_9-067,【七—九67】,GF 0025—2021 Appendix A,7-9,七—九级,67,句子的类型,复句,让步复句,纵然……，也……,纵然……，也……,纵然……，也……,REF-GF0025-2021,GF 0025—2021 Chinese Proficiency Grading Standards: Appendix A,1b5e95de7216a22388709b1008569cd1f28c95737d73cecd6d3ebdc8e6278f2d,,GF0025-2021 PDF pp.176–259,appendix_span_verified,official_numbered_entry,verified_inventory,492,493,"""纵然.+，也.+""",,draft_unreviewed,not_promoted,outside_current_37_label_claim_unless_crosswalked
GF0025-2021-7_9-068,【七—九68】,GF 0025—2021 Appendix A,7-9,七—九级,68,句子的类型,复句,目的复句,……，以……,……，以……,……，以……,REF-GF0025-2021,GF 0025—2021 Chinese Proficiency Grading Standards: Appendix A,1b5e95de7216a22388709b1008569cd1f28c95737d73cecd6d3ebdc8e6278f2d,,GF0025-2021 PDF pp.176–259,appendix_span_verified,official_numbered_entry,verified_inventory,493,494,""".+，以.+""",,draft_unreviewed,not_promoted,outside_current_37_label_claim_unless_crosswalked
GF0025-2021-7_9-069,【七—九69】,GF 0025—2021 Appendix A,7-9,七—九级,69,句子的类型,复句,目的复句,……，以免/免得……,……，以免/免得……,……，以免/免得……,REF-GF0025-2021,GF 0025—2021 Chinese Proficiency Grading Standards: Appendix A,1b5e95de7216a22388709b1008569cd1f28c95737d73cecd6d3ebdc8e6278f2d,,GF0025-2021 PDF pp.176–259,appendix_span_verified,official_numbered_entry,verified_inventory,494,495,""".+，(以免|免得).+""",,draft_unreviewed,not_promoted,outside_current_37_label_claim_unless_crosswalked
GF0025-2021-7_9-070,【七—九70】,GF 0025—2021 Appendix A,7-9,七—九级,70,句子的类型,复句,解说复句,……，也就是说……,……，也就是说……,……，也就是说……,REF-GF0025-2021,GF 0025—2021 Chinese Proficiency Grading Standards: Appendix A,1b5e95de7216a22388709b1008569cd1f28c95737d73cecd6d3ebdc8e6278f2d,,GF0025-2021 PDF pp.176–259,appendix_span_verified,official_numbered_entry,verified_inventory,495,496,""".+，也就是说.+""",,draft_unreviewed,not_promoted,outside_current_37_label_claim_unless_crosswalked
GF0025-2021-7_9-071,【七—九71】,GF 0025—2021 Appendix A,7-9,七—九级,71,句子的类型,复句,紧缩复句,（要+）动词+就+动词+个+补语,（要+）动词+就+动词+个+补语,（要+）动词+就+动词+个+补语,REF-GF0025-2021,GF 0025—2021 Chinese Proficiency Grading Standards: Appendix A,1b5e95de7216a22388709b1008569cd1f28c95737d73cecd6d3ebdc8e6278f2d,,GF0025-2021 PDF pp.176–259,appendix_span_verified,official_numbered_entry,verified_inventory,496,497,,词性、主谓宾,not_available,not_promoted,outside_current_37_label_claim_unless_crosswalked
GF0025-2021-7_9-072,【七—九72】,GF 0025—2021 Appendix A,7-9,七—九级,72,句子的类型,复句,紧缩复句,动词（+宾语1）+就+动词（+宾语1），别……,动词（+宾语1）+就+动词（+宾语1），别……,动词（+宾语1）+就+动词（+宾语1），别……,REF-GF0025-2021,GF 0025—2021 Chinese Proficiency Grading Standards: Appendix A,1b5e95de7216a22388709b1008569cd1f28c95737d73cecd6d3ebdc8e6278f2d,,GF0025-2021 PDF pp.176–259,appendix_span_verified,official_numbered_entry,verified_inventory,497,498,,词性、主谓宾,not_available,not_promoted,outside_current_37_label_claim_unless_crosswalked
GF0025-2021-7_9-073,【七—九73】,GF 0025—2021 Appendix A,7-9,七—九级,73,句子的类型,复句,多重复句,三重或三重以上的复句,三重或三重以上的复句,三重或三重以上的复句,REF-GF0025-2021,GF 0025—2021 Chinese Proficiency Grading Standards: Appendix A,1b5e95de7216a22388709b1008569cd1f28c95737d73cecd6d3ebdc8e6278f2d,,GF0025-2021 PDF pp.176–259,appendix_span_verified,official_numbered_entry,verified_inventory,498,499,,包含解释性含义,not_available,not_promoted,outside_current_37_label_claim_unless_crosswalked
GF0025-2021-7_9-074,【七—九74】,GF 0025—2021 Appendix A,7-9,七—九级,74,强调的方法,未细分,,用反问句表示强调 反问句3：何必/何苦……呢？,用反问句表示强调 反问句3,用反问句表示强调 反问句3：何必/何苦……呢？,REF-GF0025-2021,GF 0025—2021 Chinese Proficiency Grading Standards: Appendix A,1b5e95de7216a22388709b1008569cd1f28c95737d73cecd6d3ebdc8e6278f2d,,GF0025-2021 PDF pp.176–259,appendix_span_verified,official_numbered_entry,verified_inventory,499,500,"""(何必|何苦).+呢？""",,draft_unreviewed,not_promoted,outside_current_37_label_claim_unless_crosswalked
GF0025-2021-7_9-075,【七—九75】,GF 0025—2021 Appendix A,7-9,七—九级,75,口语格式,未细分,,（不过/但/可是）话又说回来，……,（不过/但/可是）话又说回来，……,（不过/但/可是）话又说回来，……,REF-GF0025-2021,GF 0025—2021 Chinese Proficiency Grading Standards: Appendix A,1b5e95de7216a22388709b1008569cd1f28c95737d73cecd6d3ebdc8e6278f2d,,GF0025-2021 PDF pp.176–259,appendix_span_verified,official_numbered_entry,verified_inventory,500,501,"""(不过|但|可是)话又说回来，.+""",,draft_unreviewed,not_promoted,outside_current_37_label_claim_unless_crosswalked
GF0025-2021-7_9-076,【七—九76】,GF 0025—2021 Appendix A,7-9,七—九级,76,口语格式,未细分,,X（也）不是，不X也不是,X（也）不是，不X也不是,X（也）不是，不X也不是,REF-GF0025-2021,GF 0025—2021 Chinese Proficiency Grading Standards: Appendix A,1b5e95de7216a22388709b1008569cd1f28c95737d73cecd6d3ebdc8e6278f2d,,GF0025-2021 PDF pp.176–259,appendix_span_verified,official_numbered_entry,verified_inventory,501,502,"""([一-龥]+)也*不是，不\\1也不是""",,draft_unreviewed,not_promoted,outside_current_37_label_claim_unless_crosswalked
GF0025-2021-7_9-077,【七—九77】,GF 0025—2021 Appendix A,7-9,七—九级,77,口语格式,未细分,,X也好/也罢，Y也好/也罢,X也好/也罢，Y也好/也罢,X也好/也罢，Y也好/也罢,REF-GF0025-2021,GF 0025—2021 Chinese Proficiency Grading Standards: Appendix A,1b5e95de7216a22388709b1008569cd1f28c95737d73cecd6d3ebdc8e6278f2d,,GF0025-2021 PDF pp.176–259,appendix_span_verified,official_numbered_entry,verified_inventory,502,503,"""[一-龥]+(也好|也罢)，[一-龥]+(也好|也罢)""",,draft_unreviewed,not_promoted,outside_current_37_label_claim_unless_crosswalked
GF0025-2021-7_9-078,【七—九78】,GF 0025—2021 Appendix A,7-9,七—九级,78,口语格式,未细分,,X了又Y，Y了又X,X了又Y，Y了又X,X了又Y，Y了又X,REF-GF0025-2021,GF 0025—2021 Chinese Proficiency Grading Standards: Appendix A,1b5e95de7216a22388709b1008569cd1f28c95737d73cecd6d3ebdc8e6278f2d,,GF0025-2021 PDF pp.176–259,appendix_span_verified,official_numbered_entry,verified_inventory,503,504,"""([一-龥]+)了又([一-龥]+)，\\2了又\\1""",,draft_unreviewed,not_promoted,outside_current_37_label_claim_unless_crosswalked
GF0025-2021-7_9-079,【七—九79】,GF 0025—2021 Appendix A,7-9,七—九级,79,口语格式,未细分,,X也X不……，Y也Y不……,X也X不……，Y也Y不……,X也X不……，Y也Y不……,REF-GF0025-2021,GF 0025—2021 Chinese Proficiency Grading Standards: Appendix A,1b5e95de7216a22388709b1008569cd1f28c95737d73cecd6d3ebdc8e6278f2d,,GF0025-2021 PDF pp.176–259,appendix_span_verified,official_numbered_entry,verified_inventory,504,505,"""([一-龥]+)也\\1不.+，([一-龥]+)也\\2不.+""",,draft_unreviewed,not_promoted,outside_current_37_label_claim_unless_crosswalked
GF0025-2021-7_9-080,【七—九80】,GF 0025—2021 Appendix A,7-9,七—九级,80,口语格式,未细分,,别提（有）多X了,别提（有）多X了,别提（有）多X了,REF-GF0025-2021,GF 0025—2021 Chinese Proficiency Grading Standards: Appendix A,1b5e95de7216a22388709b1008569cd1f28c95737d73cecd6d3ebdc8e6278f2d,,GF0025-2021 PDF pp.176–259,appendix_span_verified,official_numbered_entry,verified_inventory,505,506,"""别提有*多[一-龥]{1,2}了""",,draft_unreviewed,not_promoted,outside_current_37_label_claim_unless_crosswalked
GF0025-2021-7_9-081,【七—九81】,GF 0025—2021 Appendix A,7-9,七—九级,81,口语格式,未细分,,不知X的,不知X的,不知X的,REF-GF0025-2021,GF 0025—2021 Chinese Proficiency Grading Standards: Appendix A,1b5e95de7216a22388709b1008569cd1f28c95737d73cecd6d3ebdc8e6278f2d,,GF0025-2021 PDF pp.176–259,appendix_span_verified,official_numbered_entry,verified_inventory,506,507,"""不知[一-龥]{1,2}的""",,draft_unreviewed,not_promoted,outside_current_37_label_claim_unless_crosswalked
GF0025-2021-7_9-082,【七—九82】,GF 0025—2021 Appendix A,7-9,七—九级,82,口语格式,未细分,,话（说）是这么说，不过/可/可是……,话（说）是这么说，不过/可/可是……,话（说）是这么说，不过/可/可是……,REF-GF0025-2021,GF 0025—2021 Chinese Proficiency Grading Standards: Appendix A,1b5e95de7216a22388709b1008569cd1f28c95737d73cecd6d3ebdc8e6278f2d,,GF0025-2021 PDF pp.176–259,appendix_span_verified,official_numbered_entry,verified_inventory,507,508,"""话说*是这么说，(不过|可|可是).+""",,draft_unreviewed,not_promoted,outside_current_37_label_claim_unless_crosswalked
GF0025-2021-7_9-083,【七—九83】,GF 0025—2021 Appendix A,7-9,七—九级,83,口语格式,未细分,,看/瞧你那（X）样,看/瞧你那（X）样,看/瞧你那（X）样,REF-GF0025-2021,GF 0025—2021 Chinese Proficiency Grading Standards: Appendix A,1b5e95de7216a22388709b1008569cd1f28c95737d73cecd6d3ebdc8e6278f2d,,GF0025-2021 PDF pp.176–259,appendix_span_verified,official_numbered_entry,verified_inventory,508,509,"""(看|瞧)你那[一-龥]{0,2}样""",,draft_unreviewed,not_promoted,outside_current_37_label_claim_unless_crosswalked
GF0025-2021-7_9-084,【七—九84】,GF 0025—2021 Appendix A,7-9,七—九级,84,口语格式,未细分,,看在X的面子上,看在X的面子上,看在X的面子上,REF-GF0025-2021,GF 0025—2021 Chinese Proficiency Grading Standards: Appendix A,1b5e95de7216a22388709b1008569cd1f28c95737d73cecd6d3ebdc8e6278f2d,,GF0025-2021 PDF pp.176–259,appendix_span_verified,official_numbered_entry,verified_inventory,509,510,"""看在[一-龥]{1,2}的面子上""",,draft_unreviewed,not_promoted,outside_current_37_label_claim_unless_crosswalked
GF0025-2021-7_9-085,【七—九85】,GF 0025—2021 Appendix A,7-9,七—九级,85,口语格式,未细分,,哪有X这么Y的/有X这样Y的吗,哪有X这么Y的/有X这样Y的吗,哪有X这么Y的/有X这样Y的吗,REF-GF0025-2021,GF 0025—2021 Chinese Proficiency Grading Standards: Appendix A,1b5e95de7216a22388709b1008569cd1f28c95737d73cecd6d3ebdc8e6278f2d,,GF0025-2021 PDF pp.176–259,appendix_span_verified,official_numbered_entry,verified_inventory,510,511,"""哪有[一-龥]{1,2}这么[一-龥]{1,2}的|有[一-龥]{1,2}这样[一-龥]{1,2}的吗""",,draft_unreviewed,not_promoted,outside_current_37_label_claim_unless_crosswalked
GF0025-2021-7_9-086,【七—九86】,GF 0025—2021 Appendix A,7-9,七—九级,86,口语格式,未细分,,什么X的Y的,什么X的Y的,什么X的Y的,REF-GF0025-2021,GF 0025—2021 Chinese Proficiency Grading Standards: Appendix A,1b5e95de7216a22388709b1008569cd1f28c95737d73cecd6d3ebdc8e6278f2d,,GF0025-2021 PDF pp.176–259,appendix_span_verified,official_numbered_entry,verified_inventory,511,512,"""什么[一-龥]{1,2}的[一-龥]{1,2}的""",,draft_unreviewed,not_promoted,outside_current_37_label_claim_unless_crosswalked
GF0025-2021-7_9-087,【七—九87】,GF 0025—2021 Appendix A,7-9,七—九级,87,口语格式,未细分,,说到/想到哪儿去了,说到/想到哪儿去了,说到/想到哪儿去了,REF-GF0025-2021,GF 0025—2021 Chinese Proficiency Grading Standards: Appendix A,1b5e95de7216a22388709b1008569cd1f28c95737d73cecd6d3ebdc8e6278f2d,,GF0025-2021 PDF pp.176–259,appendix_span_verified,official_numbered_entry,verified_inventory,512,513,"""(说到|想到)哪儿去了""",,draft_unreviewed,not_promoted,outside_current_37_label_claim_unless_crosswalked
GF0025-2021-7_9-088,【七—九88】,GF 0025—2021 Appendix A,7-9,七—九级,88,口语格式,未细分,,无所谓X不X,无所谓X不X,无所谓X不X,REF-GF0025-2021,GF 0025—2021 Chinese Proficiency Grading Standards: Appendix A,1b5e95de7216a22388709b1008569cd1f28c95737d73cecd6d3ebdc8e6278f2d,,GF0025-2021 PDF pp.176–259,appendix_span_verified,official_numbered_entry,verified_inventory,513,514,"""无所谓([一-龥]+)不\\1""",,draft_unreviewed,not_promoted,outside_current_37_label_claim_unless_crosswalked
GF0025-2021-7_9-089,【七—九89】,GF 0025—2021 Appendix A,7-9,七—九级,89,口语格式,未细分,,要X有/没X，要Y有/没Y,要X有/没X，要Y有/没Y,要X有/没X，要Y有/没Y,REF-GF0025-2021,GF 0025—2021 Chinese Proficiency Grading Standards: Appendix A,1b5e95de7216a22388709b1008569cd1f28c95737d73cecd6d3ebdc8e6278f2d,,GF0025-2021 PDF pp.176–259,appendix_span_verified,official_numbered_entry,verified_inventory,514,515,"""要([一-龥]+)(有|没)\\1，要([一-龥]+)(有|没)\\2""",,draft_unreviewed,not_promoted,outside_current_37_label_claim_unless_crosswalked
GF0025-2021-7_9-090,【七—九90】,GF 0025—2021 Appendix A,7-9,七—九级,90,句群,形式分类,带关联词语,带关联词语,带关联词语,带关联词语,REF-GF0025-2021,GF 0025—2021 Chinese Proficiency Grading Standards: Appendix A,1b5e95de7216a22388709b1008569cd1f28c95737d73cecd6d3ebdc8e6278f2d,,GF0025-2021 PDF pp.176–259,appendix_span_verified,official_numbered_entry,verified_inventory,515,516,,包含解释性含义,not_available,not_promoted,outside_current_37_label_claim_unless_crosswalked
GF0025-2021-7_9-091,【七—九91】,GF 0025—2021 Appendix A,7-9,七—九级,91,句群,形式分类,不带关联词语,不带关联词语,不带关联词语,不带关联词语,REF-GF0025-2021,GF 0025—2021 Chinese Proficiency Grading Standards: Appendix A,1b5e95de7216a22388709b1008569cd1f28c95737d73cecd6d3ebdc8e6278f2d,,GF0025-2021 PDF pp.176–259,appendix_span_verified,official_numbered_entry,verified_inventory,516,517,,包含解释性含义,not_available,not_promoted,outside_current_37_label_claim_unless_crosswalked
GF0025-2021-7_9-092,【七—九92】,GF 0025—2021 Appendix A,7-9,七—九级,92,句群,意义分类,,联合关系：并列句群、承接句群、递进句群、选择句群、解说句群、总括句群,联合关系,联合关系：并列句群、承接句群、递进句群、选择句群、解说句群、总括句群,REF-GF0025-2021,GF 0025—2021 Chinese Proficiency Grading Standards: Appendix A,1b5e95de7216a22388709b1008569cd1f28c95737d73cecd6d3ebdc8e6278f2d,,GF0025-2021 PDF pp.176–259,appendix_span_verified,official_numbered_entry,verified_inventory,517,518,,包含解释性含义,not_available,not_promoted,outside_current_37_label_claim_unless_crosswalked
GF0025-2021-7_9-093,【七—九93】,GF 0025—2021 Appendix A,7-9,七—九级,93,句群,意义分类,,偏正关系：条件句群、因果句群、目的句群、转折句群、假设句群、让步句群,偏正关系,偏正关系：条件句群、因果句群、目的句群、转折句群、假设句群、让步句群,REF-GF0025-2021,GF 0025—2021 Chinese Proficiency Grading Standards: Appendix A,1b5e95de7216a22388709b1008569cd1f28c95737d73cecd6d3ebdc8e6278f2d,,GF0025-2021 PDF pp.176–259,appendix_span_verified,official_numbered_entry,verified_inventory,518,519,,包含解释性含义,not_available,not_promoted,outside_current_37_label_claim_unless_crosswalked
GF0025-2021-7_9-094,【七—九94】,GF 0025—2021 Appendix A,7-9,七—九级,94,词类,副词,程度副词,极为,极为,极为,REF-GF0025-2021,GF 0025—2021 Chinese Proficiency Grading Standards: Appendix A,1b5e95de7216a22388709b1008569cd1f28c95737d73cecd6d3ebdc8e6278f2d,,GF0025-2021 PDF pp.176–259,appendix_span_verified,official_numbered_entry,verified_inventory,519,520,"""^极为$""",,draft_unreviewed,not_promoted,outside_current_37_label_claim_unless_crosswalked
GF0025-2021-7_9-095,【七—九95】,GF 0025—2021 Appendix A,7-9,七—九级,95,词类,副词,程度副词,尽,尽,尽,REF-GF0025-2021,GF 0025—2021 Chinese Proficiency Grading Standards: Appendix A,1b5e95de7216a22388709b1008569cd1f28c95737d73cecd6d3ebdc8e6278f2d,,GF0025-2021 PDF pp.176–259,appendix_span_verified,official_numbered_entry,verified_inventory,520,521,"""^尽$""",,draft_unreviewed,not_promoted,outside_current_37_label_claim_unless_crosswalked
GF0025-2021-7_9-096,【七—九96】,GF 0025—2021 Appendix A,7-9,七—九级,96,词类,副词,程度副词,蛮,蛮,蛮,REF-GF0025-2021,GF 0025—2021 Chinese Proficiency Grading Standards: Appendix A,1b5e95de7216a22388709b1008569cd1f28c95737d73cecd6d3ebdc8e6278f2d,,GF0025-2021 PDF pp.176–259,appendix_span_verified,official_numbered_entry,verified_inventory,521,522,"""^蛮$""",,draft_unreviewed,not_promoted,outside_current_37_label_claim_unless_crosswalked
GF0025-2021-7_9-097,【七—九97】,GF 0025—2021 Appendix A,7-9,七—九级,97,词类,副词,程度副词,颇,颇,颇,REF-GF0025-2021,GF 0025—2021 Chinese Proficiency Grading Standards: Appendix A,1b5e95de7216a22388709b1008569cd1f28c95737d73cecd6d3ebdc8e6278f2d,,GF0025-2021 PDF pp.176–259,appendix_span_verified,official_numbered_entry,verified_inventory,522,523,"""^颇$""",,draft_unreviewed,not_promoted,outside_current_37_label_claim_unless_crosswalked
GF0025-2021-7_9-098,【七—九98】,GF 0025—2021 Appendix A,7-9,七—九级,98,词类,副词,程度副词,稍稍,稍稍,稍稍,REF-GF0025-2021,GF 0025—2021 Chinese Proficiency Grading Standards: Appendix A,1b5e95de7216a22388709b1008569cd1f28c95737d73cecd6d3ebdc8e6278f2d,,GF0025-2021 PDF pp.176–259,appendix_span_verified,official_numbered_entry,verified_inventory,523,524,"""^稍稍$""",,draft_unreviewed,not_promoted,outside_current_37_label_claim_unless_crosswalked
GF0025-2021-7_9-099,【七—九99】,GF 0025—2021 Appendix A,7-9,七—九级,99,词类,副词,程度副词,尤为,尤为,尤为,REF-GF0025-2021,GF 0025—2021 Chinese Proficiency Grading Standards: Appendix A,1b5e95de7216a22388709b1008569cd1f28c95737d73cecd6d3ebdc8e6278f2d,,GF0025-2021 PDF pp.176–259,appendix_span_verified,official_numbered_entry,verified_inventory,524,525,"""^尤为$""",,draft_unreviewed,not_promoted,outside_current_37_label_claim_unless_crosswalked
GF0025-2021-7_9-100,【七—九100】,GF 0025—2021 Appendix A,7-9,七—九级,100,词类,副词,程度副词,越发,越发,越发,REF-GF0025-2021,GF 0025—2021 Chinese Proficiency Grading Standards: Appendix A,1b5e95de7216a22388709b1008569cd1f28c95737d73cecd6d3ebdc8e6278f2d,,GF0025-2021 PDF pp.176–259,appendix_span_verified,official_numbered_entry,verified_inventory,525,526,"""^越发$""",,draft_unreviewed,not_promoted,outside_current_37_label_claim_unless_crosswalked
GF0025-2021-7_9-101,【七—九101】,GF 0025—2021 Appendix A,7-9,七—九级,101,句子的类型,复句,递进复句,……，何况……,……，何况……,……，何况……,REF-GF0025-2021,GF 0025—2021 Chinese Proficiency Grading Standards: Appendix A,1b5e95de7216a22388709b1008569cd1f28c95737d73cecd6d3ebdc8e6278f2d,,GF0025-2021 PDF pp.176–259,appendix_span_verified,official_numbered_entry,verified_inventory,526,527,""".+，何况.+""",,draft_unreviewed,not_promoted,outside_current_37_label_claim_unless_crosswalked
GF0025-2021-7_9-102,【七—九102】,GF 0025—2021 Appendix A,7-9,七—九级,102,句子的类型,复句,递进复句,……，进而……,……，进而……,……，进而……,REF-GF0025-2021,GF 0025—2021 Chinese Proficiency Grading Standards: Appendix A,1b5e95de7216a22388709b1008569cd1f28c95737d73cecd6d3ebdc8e6278f2d,,GF0025-2021 PDF pp.176–259,appendix_span_verified,official_numbered_entry,verified_inventory,527,528,""".+，进而.+""",,draft_unreviewed,not_promoted,outside_current_37_label_claim_unless_crosswalked
GF0025-2021-7_9-103,【七—九103】,GF 0025—2021 Appendix A,7-9,七—九级,103,词类,副词,范围、协同副词,凡,凡,凡,REF-GF0025-2021,GF 0025—2021 Chinese Proficiency Grading Standards: Appendix A,1b5e95de7216a22388709b1008569cd1f28c95737d73cecd6d3ebdc8e6278f2d,,GF0025-2021 PDF pp.176–259,appendix_span_verified,official_numbered_entry,verified_inventory,528,529,"""^凡$""",,draft_unreviewed,not_promoted,outside_current_37_label_claim_unless_crosswalked
GF0025-2021-7_9-104,【七—九104】,GF 0025—2021 Appendix A,7-9,七—九级,104,词类,副词,范围、协同副词,皆,皆,皆,REF-GF0025-2021,GF 0025—2021 Chinese Proficiency Grading Standards: Appendix A,1b5e95de7216a22388709b1008569cd1f28c95737d73cecd6d3ebdc8e6278f2d,,GF0025-2021 PDF pp.176–259,appendix_span_verified,official_numbered_entry,verified_inventory,529,530,"""^皆$""",,draft_unreviewed,not_promoted,outside_current_37_label_claim_unless_crosswalked
GF0025-2021-7_9-105,【七—九105】,GF 0025—2021 Appendix A,7-9,七—九级,105,词类,副词,范围、协同副词,统统,统统,统统,REF-GF0025-2021,GF 0025—2021 Chinese Proficiency Grading Standards: Appendix A,1b5e95de7216a22388709b1008569cd1f28c95737d73cecd6d3ebdc8e6278f2d,,GF0025-2021 PDF pp.176–259,appendix_span_verified,official_numbered_entry,verified_inventory,530,531,"""^统统$""",,draft_unreviewed,not_promoted,outside_current_37_label_claim_unless_crosswalked
GF0025-2021-7_9-106,【七—九106】,GF 0025—2021 Appendix A,7-9,七—九级,106,词类,副词,范围、协同副词,唯独,唯独,唯独,REF-GF0025-2021,GF 0025—2021 Chinese Proficiency Grading Standards: Appendix A,1b5e95de7216a22388709b1008569cd1f28c95737d73cecd6d3ebdc8e6278f2d,,GF0025-2021 PDF pp.176–259,appendix_span_verified,official_numbered_entry,verified_inventory,531,532,"""^唯独$""",,draft_unreviewed,not_promoted,outside_current_37_label_claim_unless_crosswalked
GF0025-2021-7_9-107,【七—九107】,GF 0025—2021 Appendix A,7-9,七—九级,107,词类,副词,方式副词,不由得,不由得,不由得,REF-GF0025-2021,GF 0025—2021 Chinese Proficiency Grading Standards: Appendix A,1b5e95de7216a22388709b1008569cd1f28c95737d73cecd6d3ebdc8e6278f2d,,GF0025-2021 PDF pp.176–259,appendix_span_verified,official_numbered_entry,verified_inventory,532,533,"""^不由得$""",,draft_unreviewed,not_promoted,outside_current_37_label_claim_unless_crosswalked
GF0025-2021-7_9-108,【七—九108】,GF 0025—2021 Appendix A,7-9,七—九级,108,词类,副词,方式副词,一连,一连,一连,REF-GF0025-2021,GF 0025—2021 Chinese Proficiency Grading Standards: Appendix A,1b5e95de7216a22388709b1008569cd1f28c95737d73cecd6d3ebdc8e6278f2d,,GF0025-2021 PDF pp.176–259,appendix_span_verified,official_numbered_entry,verified_inventory,533,534,"""^一连$""",,draft_unreviewed,not_promoted,outside_current_37_label_claim_unless_crosswalked
GF0025-2021-7_9-109,【七—九109】,GF 0025—2021 Appendix A,7-9,七—九级,109,词类,副词,方式副词,顺便,顺便,顺便,REF-GF0025-2021,GF 0025—2021 Chinese Proficiency Grading Standards: Appendix A,1b5e95de7216a22388709b1008569cd1f28c95737d73cecd6d3ebdc8e6278f2d,,GF0025-2021 PDF pp.176–259,appendix_span_verified,official_numbered_entry,verified_inventory,534,535,"""^顺便$""",,draft_unreviewed,not_promoted,outside_current_37_label_claim_unless_crosswalked
GF0025-2021-7_9-110,【七—九110】,GF 0025—2021 Appendix A,7-9,七—九级,110,词类,副词,否定副词,未,未,未,REF-GF0025-2021,GF 0025—2021 Chinese Proficiency Grading Standards: Appendix A,1b5e95de7216a22388709b1008569cd1f28c95737d73cecd6d3ebdc8e6278f2d,,GF0025-2021 PDF pp.176–259,appendix_span_verified,official_numbered_entry,verified_inventory,535,536,"""^未$""",,draft_unreviewed,not_promoted,outside_current_37_label_claim_unless_crosswalked
GF0025-2021-7_9-111,【七—九111】,GF 0025—2021 Appendix A,7-9,七—九级,111,词类,副词,否定副词,勿,勿,勿,REF-GF0025-2021,GF 0025—2021 Chinese Proficiency Grading Standards: Appendix A,1b5e95de7216a22388709b1008569cd1f28c95737d73cecd6d3ebdc8e6278f2d,,GF0025-2021 PDF pp.176–259,appendix_span_verified,official_numbered_entry,verified_inventory,536,537,"""^勿$""",,draft_unreviewed,not_promoted,outside_current_37_label_claim_unless_crosswalked
GF0025-2021-7_9-112,【七—九112】,GF 0025—2021 Appendix A,7-9,七—九级,112,词类,副词,频率、重复副词,频频,频频,频频,REF-GF0025-2021,GF 0025—2021 Chinese Proficiency Grading Standards: Appendix A,1b5e95de7216a22388709b1008569cd1f28c95737d73cecd6d3ebdc8e6278f2d,,GF0025-2021 PDF pp.176–259,appendix_span_verified,official_numbered_entry,verified_inventory,537,538,"""^频频$""",,draft_unreviewed,not_promoted,outside_current_37_label_claim_unless_crosswalked
GF0025-2021-7_9-113,【七—九113】,GF 0025—2021 Appendix A,7-9,七—九级,113,词类,副词,频率、重复副词,再度,再度,再度,REF-GF0025-2021,GF 0025—2021 Chinese Proficiency Grading Standards: Appendix A,1b5e95de7216a22388709b1008569cd1f28c95737d73cecd6d3ebdc8e6278f2d,,GF0025-2021 PDF pp.176–259,appendix_span_verified,official_numbered_entry,verified_inventory,538,539,"""^再度$""",,draft_unreviewed,not_promoted,outside_current_37_label_claim_unless_crosswalked
GF0025-2021-7_9-114,【七—九114】,GF 0025—2021 Appendix A,7-9,七—九级,114,短语,固定短语,其他,与此同时,与此同时,与此同时,REF-GF0025-2021,GF 0025—2021 Chinese Proficiency Grading Standards: Appendix A,1b5e95de7216a22388709b1008569cd1f28c95737d73cecd6d3ebdc8e6278f2d,,GF0025-2021 PDF pp.176–259,appendix_span_verified,official_numbered_entry,verified_inventory,539,540,"""与此同时""",,draft_unreviewed,not_promoted,outside_current_37_label_claim_unless_crosswalked
GF0025-2021-7_9-115,【七—九115】,GF 0025—2021 Appendix A,7-9,七—九级,115,短语,固定短语,其他,这样一来,这样一来,这样一来,REF-GF0025-2021,GF 0025—2021 Chinese Proficiency Grading Standards: Appendix A,1b5e95de7216a22388709b1008569cd1f28c95737d73cecd6d3ebdc8e6278f2d,,GF0025-2021 PDF pp.176–259,appendix_span_verified,official_numbered_entry,verified_inventory,540,541,"""这样一来""",,draft_unreviewed,not_promoted,outside_current_37_label_claim_unless_crosswalked
GF0025-2021-7_9-116,【七—九116】,GF 0025—2021 Appendix A,7-9,七—九级,116,短语,固定短语,其他,综上所述,综上所述,综上所述,REF-GF0025-2021,GF 0025—2021 Chinese Proficiency Grading Standards: Appendix A,1b5e95de7216a22388709b1008569cd1f28c95737d73cecd6d3ebdc8e6278f2d,256,GF0025-2021 PDF p.256,ocr_detected,official_numbered_entry,verified_inventory,541,542,"""综上所述""",,draft_unreviewed,not_promoted,outside_current_37_label_claim_unless_crosswalked
GF0025-2021-7_9-117,【七—九117】,GF 0025—2021 Appendix A,7-9,七—九级,117,短语,固定短语,其他,总的来说/总而言之,总的来说/总而言之,总的来说/总而言之,REF-GF0025-2021,GF 0025—2021 Chinese Proficiency Grading Standards: Appendix A,1b5e95de7216a22388709b1008569cd1f28c95737d73cecd6d3ebdc8e6278f2d,256,GF0025-2021 PDF p.256,ocr_detected,official_numbered_entry,verified_inventory,542,543,"""总的来说|总而言之""",,draft_unreviewed,not_promoted,outside_current_37_label_claim_unless_crosswalked
GF0025-2021-7_9-118,【七—九118】,GF 0025—2021 Appendix A,7-9,七—九级,118,词类,副词,情态副词,必定,必定,必定,REF-GF0025-2021,GF 0025—2021 Chinese Proficiency Grading Standards: Appendix A,1b5e95de7216a22388709b1008569cd1f28c95737d73cecd6d3ebdc8e6278f2d,256,GF0025-2021 PDF p.256,ocr_detected,official_numbered_entry,verified_inventory,543,544,"""^必定$""",,draft_unreviewed,not_promoted,outside_current_37_label_claim_unless_crosswalked
GF0025-2021-7_9-119,【七—九119】,GF 0025—2021 Appendix A,7-9,七—九级,119,词类,副词,情态副词,不妨,不妨,不妨,REF-GF0025-2021,GF 0025—2021 Chinese Proficiency Grading Standards: Appendix A,1b5e95de7216a22388709b1008569cd1f28c95737d73cecd6d3ebdc8e6278f2d,256,GF0025-2021 PDF p.256,ocr_detected,official_numbered_entry,verified_inventory,544,545,"""^不妨$""",,draft_unreviewed,not_promoted,outside_current_37_label_claim_unless_crosswalked
GF0025-2021-7_9-120,【七—九120】,GF 0025—2021 Appendix A,7-9,七—九级,120,词类,副词,情态副词,何必,何必,何必,REF-GF0025-2021,GF 0025—2021 Chinese Proficiency Grading Standards: Appendix A,1b5e95de7216a22388709b1008569cd1f28c95737d73cecd6d3ebdc8e6278f2d,256,GF0025-2021 PDF p.256,ocr_detected,official_numbered_entry,verified_inventory,545,546,"""^何必$""",,draft_unreviewed,not_promoted,outside_current_37_label_claim_unless_crosswalked
GF0025-2021-7_9-121,【七—九121】,GF 0025—2021 Appendix A,7-9,七—九级,121,词类,副词,情态副词,莫非,莫非,莫非,REF-GF0025-2021,GF 0025—2021 Chinese Proficiency Grading Standards: Appendix A,1b5e95de7216a22388709b1008569cd1f28c95737d73cecd6d3ebdc8e6278f2d,256,GF0025-2021 PDF p.256,ocr_detected,official_numbered_entry,verified_inventory,546,547,"""^莫非$""",,draft_unreviewed,not_promoted,outside_current_37_label_claim_unless_crosswalked
GF0025-2021-7_9-122,【七—九122】,GF 0025—2021 Appendix A,7-9,七—九级,122,词类,副词,情态副词,按说,按说,按说,REF-GF0025-2021,GF 0025—2021 Chinese Proficiency Grading Standards: Appendix A,1b5e95de7216a22388709b1008569cd1f28c95737d73cecd6d3ebdc8e6278f2d,256,GF0025-2021 PDF p.256,ocr_detected,official_numbered_entry,verified_inventory,547,548,"""^按说$""",,draft_unreviewed,not_promoted,outside_current_37_label_claim_unless_crosswalked
GF0025-2021-7_9-123,【七—九123】,GF 0025—2021 Appendix A,7-9,七—九级,123,词类,副词,时间副词,即,即,即,REF-GF0025-2021,GF 0025—2021 Chinese Proficiency Grading Standards: Appendix A,1b5e95de7216a22388709b1008569cd1f28c95737d73cecd6d3ebdc8e6278f2d,256,GF0025-2021 PDF p.256,ocr_detected,official_numbered_entry,verified_inventory,548,549,"""^即$""",,draft_unreviewed,not_promoted,outside_current_37_label_claim_unless_crosswalked
GF0025-2021-7_9-124,【七—九124】,GF 0025—2021 Appendix A,7-9,七—九级,124,词类,副词,时间副词,历来,历来,历来,REF-GF0025-2021,GF 0025—2021 Chinese Proficiency Grading Standards: Appendix A,1b5e95de7216a22388709b1008569cd1f28c95737d73cecd6d3ebdc8e6278f2d,256,GF0025-2021 PDF p.256,ocr_detected,official_numbered_entry,verified_inventory,549,550,"""^历来$""",,draft_unreviewed,not_promoted,outside_current_37_label_claim_unless_crosswalked
GF0025-2021-7_9-125,【七—九125】,GF 0025—2021 Appendix A,7-9,七—九级,125,词类,副词,时间副词,尚,尚,尚,REF-GF0025-2021,GF 0025—2021 Chinese Proficiency Grading Standards: Appendix A,1b5e95de7216a22388709b1008569cd1f28c95737d73cecd6d3ebdc8e6278f2d,257,GF0025-2021 PDF p.257,ocr_detected,official_numbered_entry,verified_inventory,550,551,"""^尚$""",,draft_unreviewed,not_promoted,outside_current_37_label_claim_unless_crosswalked
GF0025-2021-7_9-126,【七—九126】,GF 0025—2021 Appendix A,7-9,七—九级,126,词类,副词,时间副词,向来,向来,向来,REF-GF0025-2021,GF 0025—2021 Chinese Proficiency Grading Standards: Appendix A,1b5e95de7216a22388709b1008569cd1f28c95737d73cecd6d3ebdc8e6278f2d,257,GF0025-2021 PDF p.257,ocr_detected,official_numbered_entry,verified_inventory,551,552,"""^向来$""",,draft_unreviewed,not_promoted,outside_current_37_label_claim_unless_crosswalked
GF0025-2021-7_9-127,【七—九127】,GF 0025—2021 Appendix A,7-9,七—九级,127,词类,介词,引出对象,当着,当着,当着,REF-GF0025-2021,GF 0025—2021 Chinese Proficiency Grading Standards: Appendix A,1b5e95de7216a22388709b1008569cd1f28c95737d73cecd6d3ebdc8e6278f2d,257,GF0025-2021 PDF p.257,ocr_detected,official_numbered_entry,verified_inventory,552,553,"""^当着$""",,draft_unreviewed,not_promoted,outside_current_37_label_claim_unless_crosswalked
GF0025-2021-7_9-128,【七—九128】,GF 0025—2021 Appendix A,7-9,七—九级,128,词类,介词,引出对象,就5,就5,就5,REF-GF0025-2021,GF 0025—2021 Chinese Proficiency Grading Standards: Appendix A,1b5e95de7216a22388709b1008569cd1f28c95737d73cecd6d3ebdc8e6278f2d,257,GF0025-2021 PDF p.257,ocr_detected,official_numbered_entry,verified_inventory,553,554,"""^就$""",,draft_unreviewed,not_promoted,outside_current_37_label_claim_unless_crosswalked
GF0025-2021-7_9-129,【七—九129】,GF 0025—2021 Appendix A,7-9,七—九级,129,词类,介词,引出凭借、依据,趁,趁,趁,REF-GF0025-2021,GF 0025—2021 Chinese Proficiency Grading Standards: Appendix A,1b5e95de7216a22388709b1008569cd1f28c95737d73cecd6d3ebdc8e6278f2d,257,GF0025-2021 PDF p.257,ocr_detected,official_numbered_entry,verified_inventory,554,555,"""^趁$""",,draft_unreviewed,not_promoted,outside_current_37_label_claim_unless_crosswalked
GF0025-2021-7_9-130,【七—九130】,GF 0025—2021 Appendix A,7-9,七—九级,130,词类,介词,引出凭借、依据,基于,基于,基于,REF-GF0025-2021,GF 0025—2021 Chinese Proficiency Grading Standards: Appendix A,1b5e95de7216a22388709b1008569cd1f28c95737d73cecd6d3ebdc8e6278f2d,257,GF0025-2021 PDF p.257,ocr_detected,official_numbered_entry,verified_inventory,555,556,"""^基于$""",,draft_unreviewed,not_promoted,outside_current_37_label_claim_unless_crosswalked
GF0025-2021-7_9-131,【七—九131】,GF 0025—2021 Appendix A,7-9,七—九级,131,词类,介词,引出凭借、依据,依,依,依,REF-GF0025-2021,GF 0025—2021 Chinese Proficiency Grading Standards: Appendix A,1b5e95de7216a22388709b1008569cd1f28c95737d73cecd6d3ebdc8e6278f2d,257,GF0025-2021 PDF p.257,ocr_detected,official_numbered_entry,verified_inventory,556,557,"""^依$""",,draft_unreviewed,not_promoted,outside_current_37_label_claim_unless_crosswalked
GF0025-2021-7_9-132,【七—九132】,GF 0025—2021 Appendix A,7-9,七—九级,132,词类,副词,语气副词,白白,白白,白白,REF-GF0025-2021,GF 0025—2021 Chinese Proficiency Grading Standards: Appendix A,1b5e95de7216a22388709b1008569cd1f28c95737d73cecd6d3ebdc8e6278f2d,257,GF0025-2021 PDF p.257,ocr_detected,official_numbered_entry,verified_inventory,557,558,"""^白白$""",,draft_unreviewed,not_promoted,outside_current_37_label_claim_unless_crosswalked
GF0025-2021-7_9-133,【七—九133】,GF 0025—2021 Appendix A,7-9,七—九级,133,词类,副词,语气副词,反倒,反倒,反倒,REF-GF0025-2021,GF 0025—2021 Chinese Proficiency Grading Standards: Appendix A,1b5e95de7216a22388709b1008569cd1f28c95737d73cecd6d3ebdc8e6278f2d,258,GF0025-2021 PDF p.258,ocr_detected,official_numbered_entry,verified_inventory,558,559,"""^反倒$""",,draft_unreviewed,not_promoted,outside_current_37_label_claim_unless_crosswalked
GF0025-2021-7_9-134,【七—九134】,GF 0025—2021 Appendix A,7-9,七—九级,134,词类,副词,语气副词,分明,分明,分明,REF-GF0025-2021,GF 0025—2021 Chinese Proficiency Grading Standards: Appendix A,1b5e95de7216a22388709b1008569cd1f28c95737d73cecd6d3ebdc8e6278f2d,258,GF0025-2021 PDF p.258,ocr_detected,official_numbered_entry,verified_inventory,559,560,"""^分明$""",,draft_unreviewed,not_promoted,outside_current_37_label_claim_unless_crosswalked
GF0025-2021-7_9-135,【七—九135】,GF 0025—2021 Appendix A,7-9,七—九级,135,词类,副词,语气副词,怪不得,怪不得,怪不得,REF-GF0025-2021,GF 0025—2021 Chinese Proficiency Grading Standards: Appendix A,1b5e95de7216a22388709b1008569cd1f28c95737d73cecd6d3ebdc8e6278f2d,258,GF0025-2021 PDF p.258,ocr_detected,official_numbered_entry,verified_inventory,560,561,"""^怪不得$""",,draft_unreviewed,not_promoted,outside_current_37_label_claim_unless_crosswalked
GF0025-2021-7_9-136,【七—九136】,GF 0025—2021 Appendix A,7-9,七—九级,136,词类,副词,语气副词,好在,好在,好在,REF-GF0025-2021,GF 0025—2021 Chinese Proficiency Grading Standards: Appendix A,1b5e95de7216a22388709b1008569cd1f28c95737d73cecd6d3ebdc8e6278f2d,258,GF0025-2021 PDF p.258,ocr_detected,official_numbered_entry,verified_inventory,561,562,"""^好在$""",,draft_unreviewed,not_promoted,outside_current_37_label_claim_unless_crosswalked
GF0025-2021-7_9-137,【七—九137】,GF 0025—2021 Appendix A,7-9,七—九级,137,词类,副词,语气副词,乃,乃,乃,REF-GF0025-2021,GF 0025—2021 Chinese Proficiency Grading Standards: Appendix A,1b5e95de7216a22388709b1008569cd1f28c95737d73cecd6d3ebdc8e6278f2d,258,GF0025-2021 PDF p.258,ocr_detected,official_numbered_entry,verified_inventory,562,563,"""^乃$""",,draft_unreviewed,not_promoted,outside_current_37_label_claim_unless_crosswalked
GF0025-2021-7_9-138,【七—九138】,GF 0025—2021 Appendix A,7-9,七—九级,138,词类,副词,语气副词,难怪,难怪,难怪,REF-GF0025-2021,GF 0025—2021 Chinese Proficiency Grading Standards: Appendix A,1b5e95de7216a22388709b1008569cd1f28c95737d73cecd6d3ebdc8e6278f2d,258,GF0025-2021 PDF p.258,ocr_detected,official_numbered_entry,verified_inventory,563,564,"""^难怪$""",,draft_unreviewed,not_promoted,outside_current_37_label_claim_unless_crosswalked
GF0025-2021-7_9-139,【七—九139】,GF 0025—2021 Appendix A,7-9,七—九级,139,词类,副词,语气副词,偏偏,偏偏,偏偏,REF-GF0025-2021,GF 0025—2021 Chinese Proficiency Grading Standards: Appendix A,1b5e95de7216a22388709b1008569cd1f28c95737d73cecd6d3ebdc8e6278f2d,258,GF0025-2021 PDF p.258,ocr_detected,official_numbered_entry,verified_inventory,564,565,"""^偏偏$""",,draft_unreviewed,not_promoted,outside_current_37_label_claim_unless_crosswalked
GF0025-2021-7_9-140,【七—九140】,GF 0025—2021 Appendix A,7-9,七—九级,140,词类,副词,语气副词,索性,索性,索性,REF-GF0025-2021,GF 0025—2021 Chinese Proficiency Grading Standards: Appendix A,1b5e95de7216a22388709b1008569cd1f28c95737d73cecd6d3ebdc8e6278f2d,258,GF0025-2021 PDF p.258,ocr_detected,official_numbered_entry,verified_inventory,565,566,"""^索性$""",,draft_unreviewed,not_promoted,outside_current_37_label_claim_unless_crosswalked
GF0025-2021-7_9-141,【七—九141】,GF 0025—2021 Appendix A,7-9,七—九级,141,词类,副词,语气副词,万万,万万,万万,REF-GF0025-2021,GF 0025—2021 Chinese Proficiency Grading Standards: Appendix A,1b5e95de7216a22388709b1008569cd1f28c95737d73cecd6d3ebdc8e6278f2d,258,GF0025-2021 PDF p.258,ocr_detected,official_numbered_entry,verified_inventory,566,567,"""^万万$""",,draft_unreviewed,not_promoted,outside_current_37_label_claim_unless_crosswalked
GF0025-2021-7_9-142,【七—九142】,GF 0025—2021 Appendix A,7-9,七—九级,142,词类,副词,语气副词,未免,未免,未免,REF-GF0025-2021,GF 0025—2021 Chinese Proficiency Grading Standards: Appendix A,1b5e95de7216a22388709b1008569cd1f28c95737d73cecd6d3ebdc8e6278f2d,258,GF0025-2021 PDF p.258,ocr_detected,official_numbered_entry,verified_inventory,567,568,"""^未免$""",,draft_unreviewed,not_promoted,outside_current_37_label_claim_unless_crosswalked
GF0025-2021-7_9-143,【七—九143】,GF 0025—2021 Appendix A,7-9,七—九级,143,词类,副词,语气副词,无非,无非,无非,REF-GF0025-2021,GF 0025—2021 Chinese Proficiency Grading Standards: Appendix A,1b5e95de7216a22388709b1008569cd1f28c95737d73cecd6d3ebdc8e6278f2d,259,GF0025-2021 PDF p.259,ocr_detected,official_numbered_entry,verified_inventory,568,569,"""^无非$""",,draft_unreviewed,not_promoted,outside_current_37_label_claim_unless_crosswalked
GF0025-2021-7_9-144,【七—九144】,GF 0025—2021 Appendix A,7-9,七—九级,144,词类,副词,语气副词,幸好,幸好,幸好,REF-GF0025-2021,GF 0025—2021 Chinese Proficiency Grading Standards: Appendix A,1b5e95de7216a22388709b1008569cd1f28c95737d73cecd6d3ebdc8e6278f2d,259,GF0025-2021 PDF p.259,ocr_detected,official_numbered_entry,verified_inventory,569,570,"""^幸好$""",,draft_unreviewed,not_promoted,outside_current_37_label_claim_unless_crosswalked
GF0025-2021-7_9-145,【七—九145】,GF 0025—2021 Appendix A,7-9,七—九级,145,词类,副词,语气副词,幸亏,幸亏,幸亏,REF-GF0025-2021,GF 0025—2021 Chinese Proficiency Grading Standards: Appendix A,1b5e95de7216a22388709b1008569cd1f28c95737d73cecd6d3ebdc8e6278f2d,259,GF0025-2021 PDF p.259,ocr_detected,official_numbered_entry,verified_inventory,570,571,"""^幸亏$""",,draft_unreviewed,not_promoted,outside_current_37_label_claim_unless_crosswalked
GF0025-2021-7_9-146,【七—九146】,GF 0025—2021 Appendix A,7-9,七—九级,146,词类,副词,语气副词,终究,终究,终究,REF-GF0025-2021,GF 0025—2021 Chinese Proficiency Grading Standards: Appendix A,1b5e95de7216a22388709b1008569cd1f28c95737d73cecd6d3ebdc8e6278f2d,259,GF0025-2021 PDF p.259,ocr_detected,official_numbered_entry,verified_inventory,571,572,"""^终究$""",,draft_unreviewed,not_promoted,outside_current_37_label_claim_unless_crosswalked
GF0025-2021-7_9-147,【七—九147】,GF 0025—2021 Appendix A,7-9,七—九级,147,词类,助词,语气助词,而已,而已,而已,REF-GF0025-2021,GF 0025—2021 Chinese Proficiency Grading Standards: Appendix A,1b5e95de7216a22388709b1008569cd1f28c95737d73cecd6d3ebdc8e6278f2d,259,GF0025-2021 PDF p.259,ocr_detected,official_numbered_entry,verified_inventory,572,573,"""^而已$""",,draft_unreviewed,not_promoted,outside_current_37_label_claim_unless_crosswalked
GF0025-2021-7_9-148,【七—九148】,GF 0025—2021 Appendix A,7-9,七—九级,148,词类,助词,语气助词,矣,矣,矣,REF-GF0025-2021,GF 0025—2021 Chinese Proficiency Grading Standards: Appendix A,1b5e95de7216a22388709b1008569cd1f28c95737d73cecd6d3ebdc8e6278f2d,259,GF0025-2021 PDF p.259,ocr_detected,official_numbered_entry,verified_inventory,573,574,"""^矣$""",,draft_unreviewed,not_promoted,outside_current_37_label_claim_unless_crosswalked
