instance_id,sentence_group,grammar_point,grammar_family,source_title,page_anchor,target_label,extraction_label,function_label,target_consolidation,extraction_consolidation,function_consolidation,gold_confidence_tier
ASGD-2027-0001,1d843378b32117d3,把字句候选,处置/受事重组构式,国际中文教育中文水平等级标准·语法学习手册（初等）,298,是目标语法点,正确,目标用例,三人一致,三人一致,三人一致,A-三人一致
ASGD-2027-0002,8c27db5060b3cae1,时间状语候选,时间/处所功能结构,国际中文教育中文水平等级标准·语法学习手册（中等）,380,是目标语法点,正确,目标用例,三人一致,三人一致,三人一致,A-三人一致
ASGD-2027-0003,0bbf66fc4127964f,数量/时量补语候选,补语结构,国际中文教育中文水平等级标准·语法学习手册（初等）,354,是目标语法点,正确,目标用例,三人一致,多数裁决,多数裁决,B-多数裁决
ASGD-2027-0004,b7fd3b5fa4fad2a1,连动结构候选,多谓词/论元结构,国际中文教育中文水平等级标准·语法学习手册（初等）,227,不是目标语法点,候选错误,表层触发但非目标,多数裁决,多数裁决,多数裁决,B-多数裁决
ASGD-2027-0005,560dc715f02530df,得字补语候选,补语结构,国际中文教育中文水平等级标准·语法学习手册（初等）,349,是目标语法点,正确,目标用例,三人一致,多数裁决,多数裁决,B-多数裁决
ASGD-2027-0006,49c32800a73b07ad,从字介词框架候选,介词/框架结构,国际中文教育中文水平等级标准·语法学习手册（初等）,340,是目标语法点,正确,目标用例,三人一致,三人一致,三人一致,A-三人一致
ASGD-2027-0007,3db3fe3a4aff9643,时间状语候选,时间/处所功能结构,国际中文教育中文水平等级标准·语法学习手册（中等）,210,是目标语法点,正确,目标用例,三人一致,多数裁决,多数裁决,B-多数裁决
ASGD-2027-0008,d655935b13ac734a,连动结构候选,多谓词/论元结构,国际中文教育中文水平等级标准·语法学习手册（高等）,143,是目标语法点,正确,目标用例,三人一致,三人一致,三人一致,A-三人一致
ASGD-2027-0009,6ede7f2716fa00fd,把字句候选,处置/受事重组构式,国际中文教育中文水平等级标准·语法学习手册（初等）,293,不是目标语法点,候选错误,表层触发但非目标,多数裁决,多数裁决,多数裁决,B-多数裁决
ASGD-2027-0010,7afec0417d0acca2,趋向补语候选,补语结构,国际中文教育中文水平等级标准·语法学习手册（初等）,199,是目标语法点,正确,目标用例,三人一致,三人一致,三人一致,A-三人一致
ASGD-2027-0011,777de6af508b7505,从字介词框架候选,介词/框架结构,国际中文教育中文水平等级标准·语法学习手册（初等）,321,是目标语法点,正确,目标用例,多数裁决,多数裁决,多数裁决,B-多数裁决
ASGD-2027-0012,a84797e7250ae1ab,处所状语候选,时间/处所功能结构,国际中文教育中文水平等级标准·语法学习手册（初等）,66,是目标语法点,正确,目标用例,三人一致,三人一致,三人一致,A-三人一致
ASGD-2027-0013,d0f0538e38082773,对字介词框架候选,介词/框架结构,国际中文教育中文水平等级标准·语法学习手册（初等）,274,是目标语法点,正确,目标用例,三人一致,三人一致,三人一致,A-三人一致
ASGD-2027-0014,ee70015926f6543f,双宾/给予结构候选,多谓词/论元结构,国际中文教育中文水平等级标准·语法学习手册（初等）,320,是目标语法点,正确,目标用例,多数裁决,多数裁决,多数裁决,B-多数裁决
ASGD-2027-0015,568685d08b627a70,处所状语候选,时间/处所功能结构,国际中文教育中文水平等级标准·语法学习手册（初等）,42,是目标语法点,边界不完整,边界问题,多数裁决,无多数-标注者2裁决,无多数-标注者2裁决,C-标注者2裁决
ASGD-2027-0016,1df7b6977a8b40bd,可能补语候选,补语结构,国际中文教育中文水平等级标准·语法学习手册（初等）,348,是目标语法点,正确,目标用例,三人一致,三人一致,三人一致,A-三人一致
ASGD-2027-0017,c89fb12f63286b94,在字介词框架候选,介词/框架结构,国际中文教育中文水平等级标准·语法学习手册（初等）,168,是目标语法点,正确,目标用例,多数裁决,多数裁决,多数裁决,B-多数裁决
ASGD-2027-0018,c5085c4dc44faa9a,时间状语候选,时间/处所功能结构,国际中文教育中文水平等级标准·语法学习手册（初等）,159,是目标语法点,正确,目标用例,三人一致,三人一致,三人一致,A-三人一致
ASGD-2027-0019,0bc1ebd14b4daef2,把字句候选,处置/受事重组构式,国际中文教育中文水平等级标准·语法学习手册（中等）,21,是目标语法点,正确,目标用例,三人一致,三人一致,三人一致,A-三人一致
ASGD-2027-0020,c32b51d9f7249002,在字介词框架候选,介词/框架结构,国际中文教育中文水平等级标准·语法学习手册（中等）,57,不是目标语法点,候选错误,表层触发但非目标,多数裁决,多数裁决,多数裁决,B-多数裁决
ASGD-2027-0021,814700dccda7da06,没有比较候选,比较构式,国际中文教育中文水平等级标准·语法学习手册（初等）,279,不是目标语法点,候选错误,表层触发但非目标,三人一致,三人一致,三人一致,A-三人一致
ASGD-2027-0022,46214bd0775edb6e,结果补语候选,补语结构,国际中文教育中文水平等级标准·语法学习手册（中等）,360,是目标语法点,候选错误,表层触发但非目标,多数裁决,无多数-标注者2裁决,无多数-标注者2裁决,C-标注者2裁决
ASGD-2027-0023,43e4981dcb3b6127,被字句候选,被动/受事凸显构式,国际中文教育中文水平等级标准·语法学习手册（高等）,77,是目标语法点,正确,目标用例,多数裁决,多数裁决,多数裁决,B-多数裁决
ASGD-2027-0024,be939518863d3e3a,把字句候选,处置/受事重组构式,国际中文教育中文水平等级标准·语法学习手册（初等）,383,是目标语法点,正确,目标用例,三人一致,三人一致,三人一致,A-三人一致
ASGD-2027-0025,d576b7ade08f68cd,比字比较候选,比较构式,国际中文教育中文水平等级标准·语法学习手册（高等）,81,不是目标语法点,候选错误,表层触发但非目标,三人一致,三人一致,三人一致,A-三人一致
ASGD-2027-0026,ee88ebea88047873,被字句候选,被动/受事凸显构式,国际中文教育中文水平等级标准·语法学习手册（高等）,126,是目标语法点,正确,目标用例,三人一致,三人一致,三人一致,A-三人一致
ASGD-2027-0027,461e460c7635f83d,双宾/给予结构候选,多谓词/论元结构,国际中文教育中文水平等级标准·语法学习手册（中等）,275,是目标语法点,正确,目标用例,三人一致,三人一致,三人一致,A-三人一致
ASGD-2027-0028,7d80f6c48509d75c,没有比较候选,比较构式,国际中文教育中文水平等级标准·语法学习手册（高等）,191,不是目标语法点,候选错误,表层触发但非目标,三人一致,三人一致,三人一致,A-三人一致
ASGD-2027-0029,d8433e15a60a8a02,一边...一边候选,复句关联结构,国际中文教育中文水平等级标准·语法学习手册（初等）,99,是目标语法点,正确,目标用例,三人一致,多数裁决,多数裁决,B-多数裁决
ASGD-2027-0030,57143b13209b06cb,时间状语候选,时间/处所功能结构,国际中文教育中文水平等级标准·语法学习手册（初等）,68,是目标语法点,正确,目标用例,三人一致,三人一致,三人一致,A-三人一致
ASGD-2027-0031,e4e5130ea96d7b5e,把字句候选,处置/受事重组构式,国际中文教育中文水平等级标准·语法学习手册（中等）,242,是目标语法点,正确,目标用例,三人一致,多数裁决,多数裁决,B-多数裁决
ASGD-2027-0032,09191e6c32f6ca1c,处所状语候选,时间/处所功能结构,国际中文教育中文水平等级标准·语法学习手册（中等）,39,不是目标语法点,候选错误,表层触发但非目标,多数裁决,多数裁决,多数裁决,B-多数裁决
ASGD-2027-0033,4c07145617110759,双宾/给予结构候选,多谓词/论元结构,国际中文教育中文水平等级标准·语法学习手册（初等）,217,是目标语法点,正确,目标用例,三人一致,三人一致,三人一致,A-三人一致
ASGD-2027-0034,b338e3bc382d407f,把字句候选,处置/受事重组构式,国际中文教育中文水平等级标准·语法学习手册（中等）,336,是目标语法点,正确,目标用例,三人一致,多数裁决,多数裁决,B-多数裁决
ASGD-2027-0035,c79a14b1a2634840,处所状语候选,时间/处所功能结构,国际中文教育中文水平等级标准·语法学习手册（初等）,66,是目标语法点,边界不完整,边界问题,多数裁决,无多数-标注者2裁决,无多数-标注者2裁决,C-标注者2裁决
ASGD-2027-0036,1691570364646b2a,可能补语候选,补语结构,国际中文教育中文水平等级标准·语法学习手册（中等）,61,是目标语法点,正确,目标用例,三人一致,三人一致,三人一致,A-三人一致
ASGD-2027-0037,66a43292d3b1f9eb,趋向补语候选,补语结构,国际中文教育中文水平等级标准·语法学习手册（高等）,213,是目标语法点,正确,目标用例,三人一致,多数裁决,多数裁决,B-多数裁决
ASGD-2027-0038,e94bf2e8962b34ea,在字介词框架候选,介词/框架结构,国际中文教育中文水平等级标准·语法学习手册（高等）,172,不是目标语法点,候选错误,表层触发但非目标,多数裁决,多数裁决,多数裁决,B-多数裁决
ASGD-2027-0039,5aaf951c8fe4b4d8,不如比较候选,比较构式,国际中文教育中文水平等级标准·语法学习手册（高等）,155,是目标语法点,正确,目标用例,多数裁决,多数裁决,多数裁决,B-多数裁决
ASGD-2027-0040,56ed644470376501,在字介词框架候选,介词/框架结构,国际中文教育中文水平等级标准·语法学习手册（初等）,302,是目标语法点,正确,目标用例,三人一致,三人一致,三人一致,A-三人一致
ASGD-2027-0041,4a4ed4f55c066a8c,得字补语候选,补语结构,国际中文教育中文水平等级标准·语法学习手册（中等）,168,不是目标语法点,候选错误,表层触发但非目标,多数裁决,多数裁决,多数裁决,B-多数裁决
ASGD-2027-0042,db39854b298b007b,数量/时量补语候选,补语结构,国际中文教育中文水平等级标准·语法学习手册（中等）,30,是目标语法点,正确,目标用例,三人一致,多数裁决,多数裁决,B-多数裁决
ASGD-2027-0043,2458a08ac40ba725,因为...所以候选,复句关联结构,国际中文教育中文水平等级标准·语法学习手册（初等）,236,是目标语法点,正确,目标用例,三人一致,多数裁决,多数裁决,B-多数裁决
ASGD-2027-0044,d505c31459ee3b68,得字补语候选,补语结构,国际中文教育中文水平等级标准·语法学习手册（高等）,65,是目标语法点,正确,目标用例,三人一致,多数裁决,多数裁决,B-多数裁决
ASGD-2027-0045,14af43e6fcb6d78b,只要候选,复句关联结构,国际中文教育中文水平等级标准·语法学习手册（初等）,234,是目标语法点,正确,目标用例,三人一致,三人一致,三人一致,A-三人一致
ASGD-2027-0046,90a284f2babaa66f,把字句候选,处置/受事重组构式,国际中文教育中文水平等级标准·语法学习手册（中等）,370,是目标语法点,候选错误,表层触发但非目标,多数裁决,无多数-标注者2裁决,无多数-标注者2裁决,C-标注者2裁决
ASGD-2027-0047,7ac8bcc89b45642e,从字介词框架候选,介词/框架结构,国际中文教育中文水平等级标准·语法学习手册（初等）,148,是目标语法点,正确,目标用例,三人一致,三人一致,三人一致,A-三人一致
ASGD-2027-0048,e66d75c39be5e6cb,向/往/朝介词框架候选,介词/框架结构,国际中文教育中文水平等级标准·语法学习手册（中等）,232,是目标语法点,正确,目标用例,三人一致,三人一致,三人一致,A-三人一致
ASGD-2027-0049,2059983ceac761ad,时间状语候选,时间/处所功能结构,国际中文教育中文水平等级标准·语法学习手册（中等）,270,是目标语法点,正确,目标用例,三人一致,三人一致,三人一致,A-三人一致
ASGD-2027-0050,edd7edec48fd3ea1,比字比较候选,比较构式,国际中文教育中文水平等级标准·语法学习手册（初等）,366,是目标语法点,正确,目标用例,三人一致,三人一致,三人一致,A-三人一致
ASGD-2027-0051,7891ccb6261b4659,得字补语候选,补语结构,国际中文教育中文水平等级标准·语法学习手册（高等）,121,是目标语法点,正确,目标用例,三人一致,多数裁决,多数裁决,B-多数裁决
ASGD-2027-0052,03a20ac20fbf6f83,因为...所以候选,复句关联结构,国际中文教育中文水平等级标准·语法学习手册（初等）,237,是目标语法点,正确,目标用例,三人一致,多数裁决,多数裁决,B-多数裁决
ASGD-2027-0053,2091384b337d2361,在字介词框架候选,介词/框架结构,国际中文教育中文水平等级标准·语法学习手册（中等）,70,是目标语法点,正确,目标用例,三人一致,三人一致,三人一致,A-三人一致
ASGD-2027-0054,99efb71cf9773430,把字句候选,处置/受事重组构式,国际中文教育中文水平等级标准·语法学习手册（中等）,273,是目标语法点,正确,目标用例,三人一致,三人一致,三人一致,A-三人一致
ASGD-2027-0055,cb575356c2c006a2,双宾/给予结构候选,多谓词/论元结构,国际中文教育中文水平等级标准·语法学习手册（初等）,286,是目标语法点,正确,目标用例,三人一致,三人一致,三人一致,A-三人一致
ASGD-2027-0056,6121e1b4fed7255b,趋向补语候选,补语结构,国际中文教育中文水平等级标准·语法学习手册（中等）,209,是目标语法点,正确,目标用例,三人一致,多数裁决,多数裁决,B-多数裁决
ASGD-2027-0057,54865bf6ca922181,如果...就候选,复句关联结构,国际中文教育中文水平等级标准·语法学习手册（高等）,206,是目标语法点,正确,目标用例,三人一致,多数裁决,多数裁决,B-多数裁决
ASGD-2027-0058,d3899123ef9ba5c0,处所状语候选,时间/处所功能结构,国际中文教育中文水平等级标准·语法学习手册（中等）,175,是目标语法点,正确,目标用例,多数裁决,多数裁决,多数裁决,B-多数裁决
ASGD-2027-0059,b01c2242341504e8,处所状语候选,时间/处所功能结构,国际中文教育中文水平等级标准·语法学习手册（初等）,66,是目标语法点,正确,目标用例,多数裁决,多数裁决,多数裁决,B-多数裁决
ASGD-2027-0060,5413d1093ac95086,把字句候选,处置/受事重组构式,国际中文教育中文水平等级标准·语法学习手册（中等）,79,是目标语法点,正确,目标用例,三人一致,多数裁决,多数裁决,B-多数裁决
ASGD-2027-0061,a95dfafc1208e12a,对字介词框架候选,介词/框架结构,国际中文教育中文水平等级标准·语法学习手册（高等）,126,是目标语法点,正确,目标用例,三人一致,多数裁决,多数裁决,B-多数裁决
ASGD-2027-0062,9e1029975b9c189e,把字句候选,处置/受事重组构式,国际中文教育中文水平等级标准·语法学习手册（中等）,337,是目标语法点,正确,目标用例,三人一致,三人一致,三人一致,A-三人一致
ASGD-2027-0063,f8c7961f0477fe7e,把字句候选,处置/受事重组构式,国际中文教育中文水平等级标准·语法学习手册（中等）,379,是目标语法点,正确,目标用例,三人一致,多数裁决,多数裁决,B-多数裁决
ASGD-2027-0064,cbbcda833bacf70d,向/往/朝介词框架候选,介词/框架结构,国际中文教育中文水平等级标准·语法学习手册（中等）,74,是目标语法点,正确,目标用例,三人一致,三人一致,三人一致,A-三人一致
ASGD-2027-0065,dcecf9cca363132a,只要候选,复句关联结构,国际中文教育中文水平等级标准·语法学习手册（高等）,205,是目标语法点,正确,目标用例,三人一致,三人一致,三人一致,A-三人一致
ASGD-2027-0066,e7539f5a77f4d2d8,在字介词框架候选,介词/框架结构,国际中文教育中文水平等级标准·语法学习手册（初等）,328,是目标语法点,正确,目标用例,多数裁决,多数裁决,多数裁决,B-多数裁决
ASGD-2027-0067,2288ac5cee71a412,把字句候选,处置/受事重组构式,国际中文教育中文水平等级标准·语法学习手册（中等）,244,是目标语法点,正确,目标用例,三人一致,三人一致,三人一致,A-三人一致
ASGD-2027-0068,2fb8eecdaf343998,双宾/给予结构候选,多谓词/论元结构,国际中文教育中文水平等级标准·语法学习手册（高等）,36,是目标语法点,正确,目标用例,多数裁决,多数裁决,多数裁决,B-多数裁决
ASGD-2027-0069,1e86f3da7c6b150f,把字句候选,处置/受事重组构式,国际中文教育中文水平等级标准·语法学习手册（中等）,223,是目标语法点,正确,目标用例,三人一致,三人一致,三人一致,A-三人一致
ASGD-2027-0070,6a76e6f1d0f00ca2,没有比较候选,比较构式,国际中文教育中文水平等级标准·语法学习手册（初等）,327,不是目标语法点,候选错误,表层触发但非目标,三人一致,三人一致,三人一致,A-三人一致
ASGD-2027-0071,5b7f40dc385c0469,处所状语候选,时间/处所功能结构,国际中文教育中文水平等级标准·语法学习手册（中等）,57,是目标语法点,正确,目标用例,三人一致,三人一致,三人一致,A-三人一致
ASGD-2027-0072,69fe3fa6a4fc3ec7,没有比较候选,比较构式,国际中文教育中文水平等级标准·语法学习手册（高等）,81,不是目标语法点,候选错误,表层触发但非目标,三人一致,三人一致,三人一致,A-三人一致
ASGD-2027-0073,bebb2ab0b9012727,把字句候选,处置/受事重组构式,国际中文教育中文水平等级标准·语法学习手册（中等）,78,是目标语法点,正确,目标用例,三人一致,三人一致,三人一致,A-三人一致
ASGD-2027-0074,a1ec73093838a53a,虽然...但是候选,复句关联结构,国际中文教育中文水平等级标准·语法学习手册（初等）,230,是目标语法点,正确,目标用例,三人一致,多数裁决,多数裁决,B-多数裁决
ASGD-2027-0075,a0de6b12b30730b1,时间状语候选,时间/处所功能结构,国际中文教育中文水平等级标准·语法学习手册（高等）,139,是目标语法点,正确,目标用例,多数裁决,多数裁决,多数裁决,B-多数裁决
ASGD-2027-0076,76c82cfee594ccf9,被字句候选,被动/受事凸显构式,国际中文教育中文水平等级标准·语法学习手册（中等）,83,是目标语法点,正确,目标用例,三人一致,多数裁决,多数裁决,B-多数裁决
ASGD-2027-0077,b9dd7347e5e90c1e,处所状语候选,时间/处所功能结构,国际中文教育中文水平等级标准·语法学习手册（初等）,31,是目标语法点,正确,目标用例,三人一致,三人一致,三人一致,A-三人一致
ASGD-2027-0078,147fdc4ddcf1ca47,从字介词框架候选,介词/框架结构,国际中文教育中文水平等级标准·语法学习手册（高等）,213,是目标语法点,正确,目标用例,多数裁决,多数裁决,多数裁决,B-多数裁决
ASGD-2027-0079,31c64be201f6f003,把字句候选,处置/受事重组构式,国际中文教育中文水平等级标准·语法学习手册（中等）,339,是目标语法点,正确,目标用例,三人一致,三人一致,三人一致,A-三人一致
ASGD-2027-0080,60d40086b8af4ed1,兼语结构候选,多谓词/论元结构,国际中文教育中文水平等级标准·语法学习手册（初等）,362,是目标语法点,正确,目标用例,多数裁决,多数裁决,多数裁决,B-多数裁决
ASGD-2027-0081,e1297467a5c519ef,数量/时量补语候选,补语结构,国际中文教育中文水平等级标准·语法学习手册（中等）,96,是目标语法点,正确,目标用例,三人一致,多数裁决,多数裁决,B-多数裁决
ASGD-2027-0082,444c8ce0843725ce,如果候选,复句关联结构,国际中文教育中文水平等级标准·语法学习手册（中等）,375,是目标语法点,正确,目标用例,三人一致,多数裁决,多数裁决,B-多数裁决
ASGD-2027-0083,497f8ab4accedb94,被字句候选,被动/受事凸显构式,国际中文教育中文水平等级标准·语法学习手册（中等）,341,不是目标语法点,候选错误,表层触发但非目标,三人一致,三人一致,三人一致,A-三人一致
ASGD-2027-0084,0f3cb4e62bb68167,双宾/给予结构候选,多谓词/论元结构,国际中文教育中文水平等级标准·语法学习手册（中等）,233,是目标语法点,正确,目标用例,多数裁决,多数裁决,多数裁决,B-多数裁决
ASGD-2027-0085,7922f4d7405ba6de,在字介词框架候选,介词/框架结构,国际中文教育中文水平等级标准·语法学习手册（中等）,68,是目标语法点,正确,目标用例,三人一致,三人一致,三人一致,A-三人一致
ASGD-2027-0086,924d83d08a29d92a,没有比较候选,比较构式,国际中文教育中文水平等级标准·语法学习手册（中等）,101,不是目标语法点,候选错误,表层触发但非目标,三人一致,三人一致,三人一致,A-三人一致
ASGD-2027-0087,0bc1ebd14b4daef2,趋向补语候选,补语结构,国际中文教育中文水平等级标准·语法学习手册（中等）,21,是目标语法点,正确,目标用例,三人一致,多数裁决,多数裁决,B-多数裁决
ASGD-2027-0088,5bb3383917cff9ae,把字句候选,处置/受事重组构式,国际中文教育中文水平等级标准·语法学习手册（高等）,25,是目标语法点,正确,目标用例,三人一致,三人一致,三人一致,A-三人一致
ASGD-2027-0089,0102850beb19f06d,被字句候选,被动/受事凸显构式,国际中文教育中文水平等级标准·语法学习手册（高等）,124,不是目标语法点,候选错误,表层触发但非目标,三人一致,三人一致,三人一致,A-三人一致
ASGD-2027-0090,728d0b74cc770096,时间状语候选,时间/处所功能结构,国际中文教育中文水平等级标准·语法学习手册（高等）,53,是目标语法点,正确,目标用例,多数裁决,多数裁决,多数裁决,B-多数裁决
ASGD-2027-0091,b45260fc372ecb19,双宾/给予结构候选,多谓词/论元结构,国际中文教育中文水平等级标准·语法学习手册（中等）,84,是目标语法点,正确,目标用例,三人一致,多数裁决,多数裁决,B-多数裁决
ASGD-2027-0092,a93ec78ec9dbc8f7,给/为/关于等介词框架候选,介词/框架结构,国际中文教育中文水平等级标准·语法学习手册（初等）,175,是目标语法点,正确,目标用例,三人一致,三人一致,三人一致,A-三人一致
ASGD-2027-0093,f816941c70ae24ee,把字句候选,处置/受事重组构式,国际中文教育中文水平等级标准·语法学习手册（高等）,95,是目标语法点,正确,目标用例,三人一致,三人一致,三人一致,A-三人一致
ASGD-2027-0094,c846014ae37e9773,双宾/给予结构候选,多谓词/论元结构,国际中文教育中文水平等级标准·语法学习手册（初等）,175,是目标语法点,正确,目标用例,三人一致,三人一致,三人一致,A-三人一致
ASGD-2027-0095,0ad70e4722537c14,但是候选,复句关联结构,国际中文教育中文水平等级标准·语法学习手册（初等）,23,是目标语法点,正确,目标用例,三人一致,三人一致,三人一致,A-三人一致
ASGD-2027-0096,84236b47d2add5c8,结果补语候选,补语结构,国际中文教育中文水平等级标准·语法学习手册（初等）,408,是目标语法点,正确,目标用例,三人一致,三人一致,三人一致,A-三人一致
ASGD-2027-0097,9f1ef2f7c1d93293,双宾/给予结构候选,多谓词/论元结构,国际中文教育中文水平等级标准·语法学习手册（中等）,341,是目标语法点,正确,目标用例,多数裁决,多数裁决,多数裁决,B-多数裁决
ASGD-2027-0098,1d22a31ca2737906,处所状语候选,时间/处所功能结构,国际中文教育中文水平等级标准·语法学习手册（中等）,40,是目标语法点,正确,目标用例,三人一致,三人一致,三人一致,A-三人一致
ASGD-2027-0099,8ae5967d38c8ccdc,时间状语候选,时间/处所功能结构,国际中文教育中文水平等级标准·语法学习手册（高等）,105,是目标语法点,正确,目标用例,三人一致,三人一致,三人一致,A-三人一致
ASGD-2027-0100,ca635e896bc112fd,数量/时量补语候选,补语结构,国际中文教育中文水平等级标准·语法学习手册（初等）,203,是目标语法点,正确,目标用例,三人一致,多数裁决,多数裁决,B-多数裁决
ASGD-2027-0101,d6964c9a809f4643,因为候选,复句关联结构,国际中文教育中文水平等级标准·语法学习手册（初等）,327,是目标语法点,正确,目标用例,三人一致,多数裁决,多数裁决,B-多数裁决
ASGD-2027-0102,c19fde5b2d2e377a,即使候选,复句关联结构,国际中文教育中文水平等级标准·语法学习手册（中等）,248,是目标语法点,正确,目标用例,三人一致,三人一致,三人一致,A-三人一致
ASGD-2027-0103,76cbec04013a8d5a,把字句候选,处置/受事重组构式,国际中文教育中文水平等级标准·语法学习手册（高等）,125,是目标语法点,正确,目标用例,三人一致,多数裁决,多数裁决,B-多数裁决
ASGD-2027-0104,4b11009ef6600b05,把字句候选,处置/受事重组构式,国际中文教育中文水平等级标准·语法学习手册（初等）,357,是目标语法点,正确,目标用例,三人一致,三人一致,三人一致,A-三人一致
ASGD-2027-0105,eb5f271ec13aaea4,数量/时量补语候选,补语结构,国际中文教育中文水平等级标准·语法学习手册（初等）,300,是目标语法点,正确,目标用例,多数裁决,多数裁决,多数裁决,B-多数裁决
ASGD-2027-0106,74a1c33a00bf41a9,被字句候选,被动/受事凸显构式,国际中文教育中文水平等级标准·语法学习手册（高等）,126,是目标语法点,正确,目标用例,三人一致,三人一致,三人一致,A-三人一致
ASGD-2027-0107,7bf39bbc6d2b9fc4,把字句候选,处置/受事重组构式,国际中文教育中文水平等级标准·语法学习手册（中等）,221,是目标语法点,正确,目标用例,三人一致,多数裁决,多数裁决,B-多数裁决
ASGD-2027-0108,c706d14979e28fe1,处所状语候选,时间/处所功能结构,国际中文教育中文水平等级标准·语法学习手册（初等）,40,不是目标语法点,候选错误,表层触发但非目标,多数裁决,多数裁决,多数裁决,B-多数裁决
ASGD-2027-0109,4316e56ddbf0ae14,给/为/关于等介词框架候选,介词/框架结构,国际中文教育中文水平等级标准·语法学习手册（初等）,199,是目标语法点,正确,目标用例,三人一致,三人一致,三人一致,A-三人一致
ASGD-2027-0110,94e001a70ddfc03b,处所状语候选,时间/处所功能结构,国际中文教育中文水平等级标准·语法学习手册（中等）,292,是目标语法点,正确,目标用例,多数裁决,多数裁决,多数裁决,B-多数裁决
ASGD-2027-0111,37b7a37fadc75b72,趋向补语候选,补语结构,国际中文教育中文水平等级标准·语法学习手册（初等）,347,是目标语法点,正确,目标用例,三人一致,多数裁决,多数裁决,B-多数裁决
ASGD-2027-0112,8a2c0bb7e0193ada,只要候选,复句关联结构,国际中文教育中文水平等级标准·语法学习手册（初等）,234,是目标语法点,正确,目标用例,三人一致,三人一致,三人一致,A-三人一致
ASGD-2027-0113,01c7f8b36b3e470e,给/为/关于等介词框架候选,介词/框架结构,国际中文教育中文水平等级标准·语法学习手册（中等）,242,是目标语法点,正确,目标用例,多数裁决,多数裁决,多数裁决,B-多数裁决
ASGD-2027-0114,ec490d73d21203e3,但是候选,复句关联结构,国际中文教育中文水平等级标准·语法学习手册（中等）,360,是目标语法点,正确,目标用例,三人一致,多数裁决,多数裁决,B-多数裁决
ASGD-2027-0115,969e460dbb939250,得字补语候选,补语结构,国际中文教育中文水平等级标准·语法学习手册（高等）,39,是目标语法点,正确,目标用例,多数裁决,无多数-标注者2裁决,无多数-标注者2裁决,C-标注者2裁决
ASGD-2027-0116,b109faacf989da1a,处所状语候选,时间/处所功能结构,国际中文教育中文水平等级标准·语法学习手册（中等）,294,不是目标语法点,候选错误,表层触发但非目标,多数裁决,多数裁决,多数裁决,B-多数裁决
ASGD-2027-0117,202d5242129b8a87,向/往/朝介词框架候选,介词/框架结构,国际中文教育中文水平等级标准·语法学习手册（初等）,322,是目标语法点,正确,目标用例,多数裁决,多数裁决,多数裁决,B-多数裁决
ASGD-2027-0118,3aa44fb5355ea743,把字句候选,处置/受事重组构式,国际中文教育中文水平等级标准·语法学习手册（初等）,405,是目标语法点,正确,目标用例,三人一致,三人一致,三人一致,A-三人一致
ASGD-2027-0119,986bbdc9f7c195f9,处所状语候选,时间/处所功能结构,国际中文教育中文水平等级标准·语法学习手册（初等）,31,是目标语法点,边界不完整,边界问题,多数裁决,无多数-标注者2裁决,无多数-标注者2裁决,C-标注者2裁决
ASGD-2027-0120,1f20da28d78687a1,即使候选,复句关联结构,国际中文教育中文水平等级标准·语法学习手册（高等）,139,是目标语法点,正确,目标用例,三人一致,三人一致,三人一致,A-三人一致
ASGD-2027-0121,bb2f388ff70db974,比字比较候选,比较构式,国际中文教育中文水平等级标准·语法学习手册（高等）,200,不是目标语法点,候选错误,表层触发但非目标,三人一致,三人一致,三人一致,A-三人一致
ASGD-2027-0122,85dfb01b51956711,给/为/关于等介词框架候选,介词/框架结构,国际中文教育中文水平等级标准·语法学习手册（初等）,328,是目标语法点,正确,目标用例,三人一致,三人一致,三人一致,A-三人一致
ASGD-2027-0123,d5c8006a69d9f92f,得字补语候选,补语结构,国际中文教育中文水平等级标准·语法学习手册（高等）,165,不是目标语法点,候选错误,表层触发但非目标,三人一致,三人一致,三人一致,A-三人一致
ASGD-2027-0124,b021a8c0c5196192,数量/时量补语候选,补语结构,国际中文教育中文水平等级标准·语法学习手册（初等）,402,是目标语法点,正确,目标用例,三人一致,多数裁决,多数裁决,B-多数裁决
ASGD-2027-0125,20adad0fb9eff0d4,把字句候选,处置/受事重组构式,国际中文教育中文水平等级标准·语法学习手册（初等）,301,是目标语法点,正确,目标用例,三人一致,多数裁决,多数裁决,B-多数裁决
ASGD-2027-0126,fd14dc8c19a88feb,趋向补语候选,补语结构,国际中文教育中文水平等级标准·语法学习手册（初等）,207,是目标语法点,正确,目标用例,三人一致,三人一致,三人一致,A-三人一致
ASGD-2027-0127,2e372e2f073a0d9c,处所状语候选,时间/处所功能结构,国际中文教育中文水平等级标准·语法学习手册（初等）,21,是目标语法点,正确,目标用例,三人一致,三人一致,三人一致,A-三人一致
ASGD-2027-0128,bea576e73badb258,双宾/给予结构候选,多谓词/论元结构,国际中文教育中文水平等级标准·语法学习手册（中等）,355,是目标语法点,正确,目标用例,多数裁决,多数裁决,多数裁决,B-多数裁决
ASGD-2027-0129,751c31a21e90458c,双宾/给予结构候选,多谓词/论元结构,国际中文教育中文水平等级标准·语法学习手册（中等）,69,是目标语法点,正确,目标用例,三人一致,三人一致,三人一致,A-三人一致
ASGD-2027-0130,6e54d4b63120cd56,被字句候选,被动/受事凸显构式,国际中文教育中文水平等级标准·语法学习手册（高等）,127,是目标语法点,边界不完整,边界问题,多数裁决,多数裁决,多数裁决,B-多数裁决
ASGD-2027-0131,65b7eb44e25ffcee,把字句候选,处置/受事重组构式,国际中文教育中文水平等级标准·语法学习手册（中等）,339,是目标语法点,正确,目标用例,三人一致,三人一致,三人一致,A-三人一致
ASGD-2027-0132,4e98619fecb8d1ac,从字介词框架候选,介词/框架结构,国际中文教育中文水平等级标准·语法学习手册（初等）,66,是目标语法点,正确,目标用例,三人一致,三人一致,三人一致,A-三人一致
ASGD-2027-0133,e279431731e9b80f,在字介词框架候选,介词/框架结构,国际中文教育中文水平等级标准·语法学习手册（高等）,123,是目标语法点,正确,目标用例,三人一致,多数裁决,多数裁决,B-多数裁决
ASGD-2027-0134,f982a6457589c2d2,结果补语候选,补语结构,国际中文教育中文水平等级标准·语法学习手册（初等）,158,是目标语法点,正确,目标用例,三人一致,多数裁决,多数裁决,B-多数裁决
ASGD-2027-0135,931afa6e01dee1db,双宾/给予结构候选,多谓词/论元结构,国际中文教育中文水平等级标准·语法学习手册（初等）,347,是目标语法点,正确,目标用例,多数裁决,多数裁决,多数裁决,B-多数裁决
ASGD-2027-0136,d484fe6272e3a334,没有比较候选,比较构式,国际中文教育中文水平等级标准·语法学习手册（初等）,197,不是目标语法点,候选错误,表层触发但非目标,三人一致,三人一致,三人一致,A-三人一致
ASGD-2027-0137,badc6bdc7c1849d5,比字比较候选,比较构式,国际中文教育中文水平等级标准·语法学习手册（初等）,349,不是目标语法点,候选错误,表层触发但非目标,三人一致,三人一致,三人一致,A-三人一致
ASGD-2027-0138,a07bc03cc929525e,被字句候选,被动/受事凸显构式,国际中文教育中文水平等级标准·语法学习手册（初等）,359,是目标语法点,正确,目标用例,三人一致,多数裁决,多数裁决,B-多数裁决
ASGD-2027-0139,2ff321172c0270c3,被字句候选,被动/受事凸显构式,国际中文教育中文水平等级标准·语法学习手册（高等）,147,是目标语法点,正确,目标用例,三人一致,三人一致,三人一致,A-三人一致
ASGD-2027-0140,ce82adcce17d717e,得字补语候选,补语结构,国际中文教育中文水平等级标准·语法学习手册（中等）,129,不是目标语法点,候选错误,表层触发但非目标,多数裁决,多数裁决,多数裁决,B-多数裁决
ASGD-2027-0141,311e0aa26bf718ff,得字补语候选,补语结构,国际中文教育中文水平等级标准·语法学习手册（初等）,127,是目标语法点,正确,目标用例,三人一致,多数裁决,多数裁决,B-多数裁决
ASGD-2027-0142,7671a4de2f8dcae6,向/往/朝介词框架候选,介词/框架结构,国际中文教育中文水平等级标准·语法学习手册（中等）,342,是目标语法点,正确,目标用例,三人一致,三人一致,三人一致,A-三人一致
ASGD-2027-0143,0af8e38a7b9342d4,之所以...是因为候选,复句关联结构,国际中文教育中文水平等级标准·语法学习手册（高等）,174,是目标语法点,正确,目标用例,三人一致,多数裁决,多数裁决,B-多数裁决
ASGD-2027-0144,9e6a1c1b1769f18c,把字句候选,处置/受事重组构式,国际中文教育中文水平等级标准·语法学习手册（中等）,78,是目标语法点,正确,目标用例,三人一致,多数裁决,多数裁决,B-多数裁决
ASGD-2027-0145,c609657ceb1f31c5,数量/时量补语候选,补语结构,国际中文教育中文水平等级标准·语法学习手册（中等）,123,是目标语法点,正确,目标用例,三人一致,多数裁决,多数裁决,B-多数裁决
ASGD-2027-0146,050a330a2b4df218,给/为/关于等介词框架候选,介词/框架结构,国际中文教育中文水平等级标准·语法学习手册（中等）,203,是目标语法点,正确,目标用例,多数裁决,多数裁决,多数裁决,B-多数裁决
ASGD-2027-0147,8a18eb4dc2d0b01d,所以候选,复句关联结构,国际中文教育中文水平等级标准·语法学习手册（初等）,382,是目标语法点,正确,目标用例,三人一致,三人一致,三人一致,A-三人一致
ASGD-2027-0148,bc2a0383a5ef14bd,把字句候选,处置/受事重组构式,国际中文教育中文水平等级标准·语法学习手册（中等）,81,是目标语法点,正确,目标用例,三人一致,三人一致,三人一致,A-三人一致
ASGD-2027-0149,036bebd138d88af5,双宾/给予结构候选,多谓词/论元结构,国际中文教育中文水平等级标准·语法学习手册（中等）,39,是目标语法点,正确,目标用例,三人一致,三人一致,三人一致,A-三人一致
ASGD-2027-0150,0fe8cf75f4c8fd8f,处所状语候选,时间/处所功能结构,国际中文教育中文水平等级标准·语法学习手册（初等）,20,是目标语法点,正确,目标用例,多数裁决,多数裁决,多数裁决,B-多数裁决
ASGD-2027-0151,d693965c1d8d37f4,得字补语候选,补语结构,国际中文教育中文水平等级标准·语法学习手册（高等）,68,是目标语法点,边界不完整,边界问题,三人一致,多数裁决,多数裁决,B-多数裁决
ASGD-2027-0152,9c0f76b527cb42cc,对字介词框架候选,介词/框架结构,国际中文教育中文水平等级标准·语法学习手册（初等）,311,不是目标语法点,候选错误,表层触发但非目标,三人一致,三人一致,三人一致,A-三人一致
ASGD-2027-0153,4ce15c54dc640adc,处所状语候选,时间/处所功能结构,国际中文教育中文水平等级标准·语法学习手册（中等）,265,不是目标语法点,候选错误,表层触发但非目标,多数裁决,多数裁决,多数裁决,B-多数裁决
ASGD-2027-0154,9e6841a3b5bddbb8,把字句候选,处置/受事重组构式,国际中文教育中文水平等级标准·语法学习手册（高等）,113,是目标语法点,正确,目标用例,三人一致,三人一致,三人一致,A-三人一致
ASGD-2027-0155,4da1a4c5ad175ada,向/往/朝介词框架候选,介词/框架结构,国际中文教育中文水平等级标准·语法学习手册（初等）,322,是目标语法点,正确,目标用例,三人一致,三人一致,三人一致,A-三人一致
ASGD-2027-0156,6ae2b9b8530a82d1,向/往/朝介词框架候选,介词/框架结构,国际中文教育中文水平等级标准·语法学习手册（初等）,156,是目标语法点,正确,目标用例,三人一致,三人一致,三人一致,A-三人一致
ASGD-2027-0157,d8edabb1827b00c0,时间状语候选,时间/处所功能结构,国际中文教育中文水平等级标准·语法学习手册（高等）,104,是目标语法点,正确,目标用例,多数裁决,多数裁决,多数裁决,B-多数裁决
ASGD-2027-0158,4383b3a4ed3fab20,数量/时量补语候选,补语结构,国际中文教育中文水平等级标准·语法学习手册（中等）,110,是目标语法点,正确,目标用例,三人一致,多数裁决,多数裁决,B-多数裁决
ASGD-2027-0159,b271b171b1d739cd,处所状语候选,时间/处所功能结构,国际中文教育中文水平等级标准·语法学习手册（中等）,175,不是目标语法点,候选错误,表层触发但非目标,多数裁决,多数裁决,多数裁决,B-多数裁决
ASGD-2027-0160,56748c1088eb9f42,时间状语候选,时间/处所功能结构,国际中文教育中文水平等级标准·语法学习手册（中等）,66,是目标语法点,正确,目标用例,多数裁决,多数裁决,多数裁决,B-多数裁决
ASGD-2027-0161,c9c07cbb7f38e9ea,处所状语候选,时间/处所功能结构,国际中文教育中文水平等级标准·语法学习手册（中等）,292,是目标语法点,边界不完整,边界问题,多数裁决,无多数-标注者2裁决,无多数-标注者2裁决,C-标注者2裁决
ASGD-2027-0162,e634e1c67b18e3db,双宾/给予结构候选,多谓词/论元结构,国际中文教育中文水平等级标准·语法学习手册（高等）,61,是目标语法点,正确,目标用例,三人一致,三人一致,三人一致,A-三人一致
ASGD-2027-0163,5956275f67c693fe,被字句候选,被动/受事凸显构式,国际中文教育中文水平等级标准·语法学习手册（高等）,126,是目标语法点,正确,目标用例,三人一致,三人一致,三人一致,A-三人一致
ASGD-2027-0164,241293fda1fd2958,时间状语候选,时间/处所功能结构,国际中文教育中文水平等级标准·语法学习手册（初等）,150,是目标语法点,正确,目标用例,三人一致,三人一致,三人一致,A-三人一致
ASGD-2027-0165,84bf943d92246491,把字句候选,处置/受事重组构式,国际中文教育中文水平等级标准·语法学习手册（中等）,82,是目标语法点,正确,目标用例,三人一致,多数裁决,多数裁决,B-多数裁决
ASGD-2027-0166,9d0edcd28568fa51,把字句候选,处置/受事重组构式,国际中文教育中文水平等级标准·语法学习手册（中等）,221,是目标语法点,正确,目标用例,三人一致,三人一致,三人一致,A-三人一致
ASGD-2027-0167,e50ab2d1e4678daf,趋向补语候选,补语结构,国际中文教育中文水平等级标准·语法学习手册（中等）,210,是目标语法点,正确,目标用例,三人一致,多数裁决,多数裁决,B-多数裁决
ASGD-2027-0168,4fc942826b03bcf7,把字句候选,处置/受事重组构式,国际中文教育中文水平等级标准·语法学习手册（中等）,57,是目标语法点,正确,目标用例,三人一致,三人一致,三人一致,A-三人一致
ASGD-2027-0169,b7a39763637a0c42,所以候选,复句关联结构,国际中文教育中文水平等级标准·语法学习手册（中等）,167,是目标语法点,正确,目标用例,三人一致,三人一致,三人一致,A-三人一致
ASGD-2027-0170,e62f2201824b338c,在字介词框架候选,介词/框架结构,国际中文教育中文水平等级标准·语法学习手册（初等）,304,是目标语法点,正确,目标用例,三人一致,三人一致,三人一致,A-三人一致
ASGD-2027-0171,61198e7c076f4ab9,得字补语候选,补语结构,国际中文教育中文水平等级标准·语法学习手册（中等）,51,不是目标语法点,候选错误,表层触发但非目标,多数裁决,多数裁决,多数裁决,B-多数裁决
ASGD-2027-0172,1af293cc37d460e9,把字句候选,处置/受事重组构式,国际中文教育中文水平等级标准·语法学习手册（中等）,220,是目标语法点,正确,目标用例,三人一致,多数裁决,多数裁决,B-多数裁决
ASGD-2027-0173,77884eacef82e477,把字句候选,处置/受事重组构式,国际中文教育中文水平等级标准·语法学习手册（中等）,381,是目标语法点,正确,目标用例,三人一致,多数裁决,多数裁决,B-多数裁决
ASGD-2027-0174,9c8474de48293fd4,在字介词框架候选,介词/框架结构,国际中文教育中文水平等级标准·语法学习手册（初等）,324,是目标语法点,正确,目标用例,多数裁决,多数裁决,多数裁决,B-多数裁决
ASGD-2027-0175,9139d85aea4186ce,把字句候选,处置/受事重组构式,国际中文教育中文水平等级标准·语法学习手册（中等）,80,是目标语法点,正确,目标用例,三人一致,三人一致,三人一致,A-三人一致
ASGD-2027-0176,eea60d25a562a79a,被字句候选,被动/受事凸显构式,国际中文教育中文水平等级标准·语法学习手册（高等）,57,是目标语法点,正确,目标用例,三人一致,多数裁决,多数裁决,B-多数裁决
ASGD-2027-0177,bc08828913270e02,给/为/关于等介词框架候选,介词/框架结构,国际中文教育中文水平等级标准·语法学习手册（中等）,149,是目标语法点,正确,目标用例,三人一致,三人一致,三人一致,A-三人一致
ASGD-2027-0178,6a02e130daaafa77,比字比较候选,比较构式,国际中文教育中文水平等级标准·语法学习手册（初等）,209,是目标语法点,正确,目标用例,三人一致,三人一致,三人一致,A-三人一致
ASGD-2027-0179,e79953f4c4891594,把字句候选,处置/受事重组构式,国际中文教育中文水平等级标准·语法学习手册（中等）,81,是目标语法点,正确,目标用例,三人一致,三人一致,三人一致,A-三人一致
ASGD-2027-0180,f0c8d9a468d1d690,结果补语候选,补语结构,国际中文教育中文水平等级标准·语法学习手册（初等）,250,是目标语法点,正确,目标用例,三人一致,三人一致,三人一致,A-三人一致
ASGD-2027-0181,c146808f423bb80f,在字介词框架候选,介词/框架结构,国际中文教育中文水平等级标准·语法学习手册（中等）,111,是目标语法点,正确,目标用例,多数裁决,多数裁决,多数裁决,B-多数裁决
ASGD-2027-0182,cf1e7651f5f89a86,把字句候选,处置/受事重组构式,国际中文教育中文水平等级标准·语法学习手册（中等）,220,是目标语法点,正确,目标用例,三人一致,多数裁决,多数裁决,B-多数裁决
ASGD-2027-0183,d106a7f7c7c0ff58,所以候选,复句关联结构,国际中文教育中文水平等级标准·语法学习手册（中等）,185,是目标语法点,正确,目标用例,三人一致,三人一致,三人一致,A-三人一致
ASGD-2027-0184,91ab9e5aafc77d33,处所状语候选,时间/处所功能结构,国际中文教育中文水平等级标准·语法学习手册（中等）,265,不是目标语法点,候选错误,表层触发但非目标,三人一致,三人一致,三人一致,A-三人一致
ASGD-2027-0185,3090b96182c5a65a,得字补语候选,补语结构,国际中文教育中文水平等级标准·语法学习手册（高等）,39,不是目标语法点,候选错误,表层触发但非目标,多数裁决,多数裁决,多数裁决,B-多数裁决
ASGD-2027-0186,c801dfc373eb5854,处所状语候选,时间/处所功能结构,国际中文教育中文水平等级标准·语法学习手册（初等）,20,是目标语法点,边界不完整,边界问题,多数裁决,无多数-标注者2裁决,无多数-标注者2裁决,C-标注者2裁决
ASGD-2027-0187,49dd5e87f271dfed,把字句候选,处置/受事重组构式,国际中文教育中文水平等级标准·语法学习手册（中等）,82,是目标语法点,正确,目标用例,三人一致,三人一致,三人一致,A-三人一致
ASGD-2027-0188,5f3cf438ac5d263d,比字比较候选,比较构式,国际中文教育中文水平等级标准·语法学习手册（中等）,198,是目标语法点,正确,目标用例,三人一致,三人一致,三人一致,A-三人一致
ASGD-2027-0189,d6cff608690bf799,把字句候选,处置/受事重组构式,国际中文教育中文水平等级标准·语法学习手册（中等）,221,是目标语法点,正确,目标用例,三人一致,多数裁决,多数裁决,B-多数裁决
ASGD-2027-0190,43daea4463b7cc20,被字句候选,被动/受事凸显构式,国际中文教育中文水平等级标准·语法学习手册（高等）,153,是目标语法点,边界不完整,边界问题,三人一致,多数裁决,多数裁决,B-多数裁决
ASGD-2027-0191,a4c30b5bac9c8487,处所状语候选,时间/处所功能结构,国际中文教育中文水平等级标准·语法学习手册（初等）,31,是目标语法点,正确,目标用例,三人一致,多数裁决,多数裁决,B-多数裁决
ASGD-2027-0192,c70f382e035ffaeb,得字补语候选,补语结构,国际中文教育中文水平等级标准·语法学习手册（高等）,112,是目标语法点,正确,目标用例,三人一致,多数裁决,多数裁决,B-多数裁决
ASGD-2027-0193,a775ee62fa71ce0b,时间状语候选,时间/处所功能结构,国际中文教育中文水平等级标准·语法学习手册（初等）,236,是目标语法点,正确,目标用例,多数裁决,多数裁决,多数裁决,B-多数裁决
ASGD-2027-0194,45e325bf4ac89877,连动结构候选,多谓词/论元结构,国际中文教育中文水平等级标准·语法学习手册（初等）,24,是目标语法点,正确,目标用例,三人一致,三人一致,三人一致,A-三人一致
ASGD-2027-0195,0ccf91a78b623479,在字介词框架候选,介词/框架结构,国际中文教育中文水平等级标准·语法学习手册（初等）,358,是目标语法点,正确,目标用例,三人一致,三人一致,三人一致,A-三人一致
ASGD-2027-0196,6d88f38b2371ff09,得字补语候选,补语结构,国际中文教育中文水平等级标准·语法学习手册（中等）,54,是目标语法点,正确,目标用例,三人一致,多数裁决,多数裁决,B-多数裁决
ASGD-2027-0197,f27b6efe0dbb0eb0,在字介词框架候选,介词/框架结构,国际中文教育中文水平等级标准·语法学习手册（初等）,175,不是目标语法点,候选错误,表层触发但非目标,三人一致,三人一致,三人一致,A-三人一致
ASGD-2027-0198,dd1bd6dfa993f686,数量/时量补语候选,补语结构,国际中文教育中文水平等级标准·语法学习手册（中等）,230,是目标语法点,正确,目标用例,三人一致,多数裁决,多数裁决,B-多数裁决
ASGD-2027-0199,fbf35e1bb7b512af,越...越候选,比较构式,国际中文教育中文水平等级标准·语法学习手册（初等）,343,是目标语法点,正确,目标用例,三人一致,三人一致,三人一致,A-三人一致
ASGD-2027-0200,3166edaaa775cbf9,被字句候选,被动/受事凸显构式,国际中文教育中文水平等级标准·语法学习手册（高等）,130,不是目标语法点,候选错误,表层触发但非目标,多数裁决,多数裁决,多数裁决,B-多数裁决
ASGD-2027-0201,d9a86333cc3010d0,处所状语候选,时间/处所功能结构,国际中文教育中文水平等级标准·语法学习手册（初等）,19,是目标语法点,边界过长,边界问题,多数裁决,无多数-标注者2裁决,无多数-标注者2裁决,C-标注者2裁决
ASGD-2027-0202,959f33a2d877a077,给/为/关于等介词框架候选,介词/框架结构,国际中文教育中文水平等级标准·语法学习手册（高等）,77,不是目标语法点,候选错误,表层触发但非目标,多数裁决,多数裁决,多数裁决,B-多数裁决
ASGD-2027-0203,148d776bbfe2f95d,时间状语候选,时间/处所功能结构,国际中文教育中文水平等级标准·语法学习手册（初等）,267,是目标语法点,正确,目标用例,三人一致,三人一致,三人一致,A-三人一致
ASGD-2027-0204,8c5720f43a41ba39,不但...而且候选,复句关联结构,国际中文教育中文水平等级标准·语法学习手册（初等）,225,是目标语法点,正确,目标用例,三人一致,多数裁决,多数裁决,B-多数裁决
ASGD-2027-0205,a2df9d40c59e94b0,比字比较候选,比较构式,国际中文教育中文水平等级标准·语法学习手册（初等）,348,不是目标语法点,候选错误,表层触发但非目标,三人一致,三人一致,三人一致,A-三人一致
ASGD-2027-0206,3241a90bffce0c26,比字比较候选,比较构式,国际中文教育中文水平等级标准·语法学习手册（初等）,363,是目标语法点,正确,目标用例,三人一致,三人一致,三人一致,A-三人一致
ASGD-2027-0207,f316761235200c19,在字介词框架候选,介词/框架结构,国际中文教育中文水平等级标准·语法学习手册（高等）,90,是目标语法点,正确,目标用例,多数裁决,多数裁决,多数裁决,B-多数裁决
ASGD-2027-0208,f5d7100f6edcc57d,处所状语候选,时间/处所功能结构,国际中文教育中文水平等级标准·语法学习手册（中等）,57,是目标语法点,边界过长,边界问题,多数裁决,无多数-标注者2裁决,无多数-标注者2裁决,C-标注者2裁决
ASGD-2027-0209,a21bdd127e85acf5,双宾/给予结构候选,多谓词/论元结构,国际中文教育中文水平等级标准·语法学习手册（中等）,24,是目标语法点,正确,目标用例,三人一致,三人一致,三人一致,A-三人一致
ASGD-2027-0210,2226b2ad628a9cd8,向/往/朝介词框架候选,介词/框架结构,国际中文教育中文水平等级标准·语法学习手册（初等）,325,是目标语法点,正确,目标用例,三人一致,三人一致,三人一致,A-三人一致
ASGD-2027-0211,cf2bb1aa19d2643c,时间状语候选,时间/处所功能结构,国际中文教育中文水平等级标准·语法学习手册（初等）,247,是目标语法点,正确,目标用例,三人一致,三人一致,三人一致,A-三人一致
ASGD-2027-0212,6e530091f0fe8fbc,比字比较候选,比较构式,国际中文教育中文水平等级标准·语法学习手册（高等）,79,不是目标语法点,候选错误,表层触发但非目标,三人一致,三人一致,三人一致,A-三人一致
ASGD-2027-0213,f922ab312726e20f,把字句候选,处置/受事重组构式,国际中文教育中文水平等级标准·语法学习手册（中等）,313,是目标语法点,边界过长,边界问题,三人一致,多数裁决,多数裁决,B-多数裁决
ASGD-2027-0214,17f47947b34c59d8,给/为/关于等介词框架候选,介词/框架结构,国际中文教育中文水平等级标准·语法学习手册（中等）,46,是目标语法点,正确,目标用例,三人一致,三人一致,三人一致,A-三人一致
ASGD-2027-0215,1e71fa443166ee0e,把字句候选,处置/受事重组构式,国际中文教育中文水平等级标准·语法学习手册（中等）,157,是目标语法点,正确,目标用例,多数裁决,无多数-标注者2裁决,无多数-标注者2裁决,C-标注者2裁决
ASGD-2027-0216,055f32a7e2faaa3b,没有比较候选,比较构式,国际中文教育中文水平等级标准·语法学习手册（中等）,107,不是目标语法点,候选错误,表层触发但非目标,三人一致,三人一致,三人一致,A-三人一致
ASGD-2027-0217,59103370620531da,在字介词框架候选,介词/框架结构,国际中文教育中文水平等级标准·语法学习手册（初等）,193,是目标语法点,正确,目标用例,多数裁决,多数裁决,多数裁决,B-多数裁决
ASGD-2027-0218,da94ac028115669e,处所状语候选,时间/处所功能结构,国际中文教育中文水平等级标准·语法学习手册（初等）,31,是目标语法点,正确,目标用例,三人一致,三人一致,三人一致,A-三人一致
ASGD-2027-0219,9ea986be292ac778,把字句候选,处置/受事重组构式,国际中文教育中文水平等级标准·语法学习手册（高等）,212,是目标语法点,正确,目标用例,三人一致,多数裁决,多数裁决,B-多数裁决
ASGD-2027-0220,3861d7fe40dca5b6,得字补语候选,补语结构,国际中文教育中文水平等级标准·语法学习手册（高等）,176,不是目标语法点,候选错误,表层触发但非目标,三人一致,三人一致,三人一致,A-三人一致
ASGD-2027-0221,563042ca35443a24,因为...所以候选,复句关联结构,国际中文教育中文水平等级标准·语法学习手册（初等）,237,是目标语法点,正确,目标用例,三人一致,多数裁决,多数裁决,B-多数裁决
ASGD-2027-0222,03a20ac20fbf6f83,时间状语候选,时间/处所功能结构,国际中文教育中文水平等级标准·语法学习手册（初等）,237,是目标语法点,正确,目标用例,三人一致,三人一致,三人一致,A-三人一致
ASGD-2027-0223,9f7fb0fb9274d136,从字介词框架候选,介词/框架结构,国际中文教育中文水平等级标准·语法学习手册（中等）,159,是目标语法点,正确,目标用例,多数裁决,多数裁决,多数裁决,B-多数裁决
ASGD-2027-0224,2209999dff3a77ec,时间状语候选,时间/处所功能结构,国际中文教育中文水平等级标准·语法学习手册（初等）,54,是目标语法点,正确,目标用例,三人一致,三人一致,三人一致,A-三人一致
ASGD-2027-0225,6dc2b6cf8fc8e23c,处所状语候选,时间/处所功能结构,国际中文教育中文水平等级标准·语法学习手册（初等）,19,不是目标语法点,候选错误,表层触发但非目标,多数裁决,多数裁决,多数裁决,B-多数裁决
ASGD-2027-0226,5ff739a45254c101,双宾/给予结构候选,多谓词/论元结构,国际中文教育中文水平等级标准·语法学习手册（高等）,175,是目标语法点,正确,目标用例,三人一致,三人一致,三人一致,A-三人一致
ASGD-2027-0227,43e1ae4db329b4d8,时间状语候选,时间/处所功能结构,国际中文教育中文水平等级标准·语法学习手册（高等）,121,是目标语法点,正确,目标用例,三人一致,三人一致,三人一致,A-三人一致
ASGD-2027-0228,067705d72795e2e3,双宾/给予结构候选,多谓词/论元结构,国际中文教育中文水平等级标准·语法学习手册（初等）,217,是目标语法点,正确,目标用例,三人一致,三人一致,三人一致,A-三人一致
ASGD-2027-0229,c74dd4073122fb4f,数量/时量补语候选,补语结构,国际中文教育中文水平等级标准·语法学习手册（初等）,196,是目标语法点,候选错误,表层触发但非目标,多数裁决,无多数-标注者2裁决,无多数-标注者2裁决,C-标注者2裁决
ASGD-2027-0230,65b498ba7521a0dc,给/为/关于等介词框架候选,介词/框架结构,国际中文教育中文水平等级标准·语法学习手册（初等）,176,是目标语法点,正确,目标用例,三人一致,三人一致,三人一致,A-三人一致
ASGD-2027-0231,133fb4aafe8903ec,双宾/给予结构候选,多谓词/论元结构,国际中文教育中文水平等级标准·语法学习手册（初等）,72,不是目标语法点,候选错误,表层触发但非目标,多数裁决,多数裁决,多数裁决,B-多数裁决
ASGD-2027-0232,0c55590c4aeafc0f,从字介词框架候选,介词/框架结构,国际中文教育中文水平等级标准·语法学习手册（中等）,66,是目标语法点,正确,目标用例,多数裁决,多数裁决,多数裁决,B-多数裁决
ASGD-2027-0233,7c97a24f84b0acff,对字介词框架候选,介词/框架结构,国际中文教育中文水平等级标准·语法学习手册（中等）,181,是目标语法点,正确,目标用例,三人一致,三人一致,三人一致,A-三人一致
ASGD-2027-0234,183c7776a9489481,时间状语候选,时间/处所功能结构,国际中文教育中文水平等级标准·语法学习手册（中等）,186,是目标语法点,正确,目标用例,三人一致,三人一致,三人一致,A-三人一致
ASGD-2027-0235,ff075513b9ba3308,数量/时量补语候选,补语结构,国际中文教育中文水平等级标准·语法学习手册（初等）,352,是目标语法点,正确,目标用例,三人一致,多数裁决,多数裁决,B-多数裁决
ASGD-2027-0236,485b2e08a2736a05,给/为/关于等介词框架候选,介词/框架结构,国际中文教育中文水平等级标准·语法学习手册（中等）,341,是目标语法点,正确,目标用例,多数裁决,多数裁决,多数裁决,B-多数裁决
ASGD-2027-0237,e339b590d6968604,时间状语候选,时间/处所功能结构,国际中文教育中文水平等级标准·语法学习手册（初等）,237,是目标语法点,正确,目标用例,三人一致,三人一致,三人一致,A-三人一致
ASGD-2027-0238,72a4f2a90c106238,处所状语候选,时间/处所功能结构,国际中文教育中文水平等级标准·语法学习手册（初等）,31,是目标语法点,边界过长,边界问题,多数裁决,无多数-标注者2裁决,无多数-标注者2裁决,C-标注者2裁决
ASGD-2027-0239,59df0e0922cf036a,得字补语候选,补语结构,国际中文教育中文水平等级标准·语法学习手册（中等）,353,是目标语法点,候选错误,表层触发但非目标,多数裁决,无多数-标注者2裁决,无多数-标注者2裁决,C-标注者2裁决
ASGD-2027-0240,11b2d4c250eb4347,数量/时量补语候选,补语结构,国际中文教育中文水平等级标准·语法学习手册（中等）,74,是目标语法点,正确,目标用例,多数裁决,多数裁决,多数裁决,B-多数裁决
ASGD-2027-0241,4e3130161b2c5d2f,把字句候选,处置/受事重组构式,国际中文教育中文水平等级标准·语法学习手册（高等）,72,是目标语法点,正确,目标用例,三人一致,多数裁决,多数裁决,B-多数裁决
ASGD-2027-0242,d9978aeed10626c1,时间状语候选,时间/处所功能结构,国际中文教育中文水平等级标准·语法学习手册（中等）,24,是目标语法点,正确,目标用例,多数裁决,多数裁决,多数裁决,B-多数裁决
ASGD-2027-0243,be804e5f7dedad36,数量/时量补语候选,补语结构,国际中文教育中文水平等级标准·语法学习手册（初等）,203,是目标语法点,正确,目标用例,三人一致,多数裁决,多数裁决,B-多数裁决
ASGD-2027-0244,87617781113d01e0,给/为/关于等介词框架候选,介词/框架结构,国际中文教育中文水平等级标准·语法学习手册（初等）,174,是目标语法点,正确,目标用例,三人一致,三人一致,三人一致,A-三人一致
ASGD-2027-0245,afd9d327a979b553,把字句候选,处置/受事重组构式,国际中文教育中文水平等级标准·语法学习手册（高等）,191,是目标语法点,正确,目标用例,三人一致,三人一致,三人一致,A-三人一致
ASGD-2027-0246,c5903fdeac3c74c3,把字句候选,处置/受事重组构式,国际中文教育中文水平等级标准·语法学习手册（中等）,80,是目标语法点,正确,目标用例,三人一致,三人一致,三人一致,A-三人一致
ASGD-2027-0247,c74d392acebe4285,没有比较候选,比较构式,国际中文教育中文水平等级标准·语法学习手册（中等）,88,不是目标语法点,候选错误,表层触发但非目标,三人一致,三人一致,三人一致,A-三人一致
ASGD-2027-0248,8f01d21e0de01359,得字补语候选,补语结构,国际中文教育中文水平等级标准·语法学习手册（中等）,213,是目标语法点,正确,目标用例,三人一致,多数裁决,多数裁决,B-多数裁决
ASGD-2027-0249,a737fc4c3f29161a,时间状语候选,时间/处所功能结构,国际中文教育中文水平等级标准·语法学习手册（高等）,156,是目标语法点,正确,目标用例,三人一致,三人一致,三人一致,A-三人一致
ASGD-2027-0250,c25e1877de375ea8,一边...一边候选,复句关联结构,国际中文教育中文水平等级标准·语法学习手册（初等）,99,是目标语法点,正确,目标用例,三人一致,多数裁决,多数裁决,B-多数裁决
ASGD-2027-0251,00ecd7708a9ea0c3,时间状语候选,时间/处所功能结构,国际中文教育中文水平等级标准·语法学习手册（初等）,58,是目标语法点,正确,目标用例,三人一致,三人一致,三人一致,A-三人一致
ASGD-2027-0252,c4170a0d24ae8b76,时间状语候选,时间/处所功能结构,国际中文教育中文水平等级标准·语法学习手册（中等）,357,是目标语法点,正确,目标用例,三人一致,三人一致,三人一致,A-三人一致
ASGD-2027-0253,02a7ae8c08b572b5,双宾/给予结构候选,多谓词/论元结构,国际中文教育中文水平等级标准·语法学习手册（中等）,346,是目标语法点,正确,目标用例,三人一致,三人一致,三人一致,A-三人一致
ASGD-2027-0254,20dd1a3f733f7ee9,没有比较候选,比较构式,国际中文教育中文水平等级标准·语法学习手册（中等）,156,不是目标语法点,候选错误,表层触发但非目标,三人一致,三人一致,三人一致,A-三人一致
ASGD-2027-0255,98aa3198eda15d2b,处所状语候选,时间/处所功能结构,国际中文教育中文水平等级标准·语法学习手册（中等）,292,不是目标语法点,候选错误,表层触发但非目标,多数裁决,多数裁决,多数裁决,B-多数裁决
ASGD-2027-0256,a3dd5f4b9d9b56ed,时间状语候选,时间/处所功能结构,国际中文教育中文水平等级标准·语法学习手册（中等）,321,是目标语法点,正确,目标用例,多数裁决,多数裁决,多数裁决,B-多数裁决
ASGD-2027-0257,46dfafc46a9ffc43,得字补语候选,补语结构,国际中文教育中文水平等级标准·语法学习手册（高等）,62,是目标语法点,候选错误,表层触发但非目标,多数裁决,无多数-标注者2裁决,无多数-标注者2裁决,C-标注者2裁决
ASGD-2027-0258,fe29086e8af286d6,在字介词框架候选,介词/框架结构,国际中文教育中文水平等级标准·语法学习手册（中等）,74,是目标语法点,正确,目标用例,三人一致,多数裁决,多数裁决,B-多数裁决
ASGD-2027-0259,b9fcddaf4bf53984,在字介词框架候选,介词/框架结构,国际中文教育中文水平等级标准·语法学习手册（高等）,169,是目标语法点,正确,目标用例,多数裁决,多数裁决,多数裁决,B-多数裁决
ASGD-2027-0260,c4a6276428aafd72,处所状语候选,时间/处所功能结构,国际中文教育中文水平等级标准·语法学习手册（初等）,31,是目标语法点,正确,目标用例,三人一致,三人一致,三人一致,A-三人一致
ASGD-2027-0261,bed526c1ebe9112d,但是候选,复句关联结构,国际中文教育中文水平等级标准·语法学习手册（高等）,132,是目标语法点,正确,目标用例,三人一致,三人一致,三人一致,A-三人一致
ASGD-2027-0262,394b658f0e5108b1,如果...就候选,复句关联结构,国际中文教育中文水平等级标准·语法学习手册（初等）,233,是目标语法点,正确,目标用例,多数裁决,多数裁决,多数裁决,B-多数裁决
ASGD-2027-0263,f6ad43b6ec1acb7b,给/为/关于等介词框架候选,介词/框架结构,国际中文教育中文水平等级标准·语法学习手册（高等）,170,是目标语法点,正确,目标用例,三人一致,三人一致,三人一致,A-三人一致
ASGD-2027-0264,a8ba0a5310f1fa9d,被字句候选,被动/受事凸显构式,国际中文教育中文水平等级标准·语法学习手册（中等）,83,是目标语法点,正确,目标用例,三人一致,三人一致,三人一致,A-三人一致
ASGD-2027-0265,7b45a23ed521a2e1,把字句候选,处置/受事重组构式,国际中文教育中文水平等级标准·语法学习手册（中等）,80,是目标语法点,正确,目标用例,三人一致,三人一致,三人一致,A-三人一致
ASGD-2027-0266,521c5e6867b711de,趋向补语候选,补语结构,国际中文教育中文水平等级标准·语法学习手册（中等）,336,是目标语法点,正确,目标用例,三人一致,多数裁决,多数裁决,B-多数裁决
ASGD-2027-0267,2030e10ead6e3c4b,得字补语候选,补语结构,国际中文教育中文水平等级标准·语法学习手册（初等）,256,不是目标语法点,候选错误,表层触发但非目标,三人一致,三人一致,三人一致,A-三人一致
ASGD-2027-0268,3f4b7d2f62fae62a,给/为/关于等介词框架候选,介词/框架结构,国际中文教育中文水平等级标准·语法学习手册（初等）,122,不是目标语法点,候选错误,表层触发但非目标,多数裁决,多数裁决,多数裁决,B-多数裁决
ASGD-2027-0269,406067b5c2d1fb35,被字句候选,被动/受事凸显构式,国际中文教育中文水平等级标准·语法学习手册（高等）,153,是目标语法点,边界不完整,边界问题,三人一致,多数裁决,多数裁决,B-多数裁决
ASGD-2027-0270,34667dfab91f565c,数量/时量补语候选,补语结构,国际中文教育中文水平等级标准·语法学习手册（初等）,252,是目标语法点,正确,目标用例,三人一致,多数裁决,多数裁决,B-多数裁决
ASGD-2027-0271,b34ab99ce3dd9ffc,对字介词框架候选,介词/框架结构,国际中文教育中文水平等级标准·语法学习手册（中等）,40,是目标语法点,正确,目标用例,多数裁决,多数裁决,多数裁决,B-多数裁决
ASGD-2027-0272,dbe3a3ba83289e24,在字介词框架候选,介词/框架结构,国际中文教育中文水平等级标准·语法学习手册（初等）,369,是目标语法点,正确,目标用例,三人一致,多数裁决,多数裁决,B-多数裁决
ASGD-2027-0273,473967478fe06715,在字介词框架候选,介词/框架结构,国际中文教育中文水平等级标准·语法学习手册（初等）,149,是目标语法点,正确,目标用例,三人一致,多数裁决,多数裁决,B-多数裁决
ASGD-2027-0274,12e5c261f22faaa1,处所状语候选,时间/处所功能结构,国际中文教育中文水平等级标准·语法学习手册（初等）,20,是目标语法点,边界过长,边界问题,多数裁决,无多数-标注者2裁决,无多数-标注者2裁决,C-标注者2裁决
ASGD-2027-0275,94e001a70ddfc03b,处所状语候选,时间/处所功能结构,国际中文教育中文水平等级标准·语法学习手册（中等）,292,不是目标语法点,候选错误,表层触发但非目标,多数裁决,多数裁决,多数裁决,B-多数裁决
ASGD-2027-0276,85ee304f69f02fc0,时间状语候选,时间/处所功能结构,国际中文教育中文水平等级标准·语法学习手册（初等）,386,是目标语法点,正确,目标用例,多数裁决,多数裁决,多数裁决,B-多数裁决
ASGD-2027-0277,946019d6034c6f1b,从字介词框架候选,介词/框架结构,国际中文教育中文水平等级标准·语法学习手册（初等）,321,是目标语法点,正确,目标用例,三人一致,三人一致,三人一致,A-三人一致
ASGD-2027-0278,9f09bd1c3e7aecd3,从字介词框架候选,介词/框架结构,国际中文教育中文水平等级标准·语法学习手册（初等）,173,是目标语法点,正确,目标用例,三人一致,三人一致,三人一致,A-三人一致
ASGD-2027-0279,de194ab9ad91e051,处所状语候选,时间/处所功能结构,国际中文教育中文水平等级标准·语法学习手册（中等）,293,是目标语法点,正确,目标用例,三人一致,三人一致,三人一致,A-三人一致
ASGD-2027-0280,82b2948bfcfd3817,把字句候选,处置/受事重组构式,国际中文教育中文水平等级标准·语法学习手册（中等）,82,是目标语法点,正确,目标用例,三人一致,三人一致,三人一致,A-三人一致
ASGD-2027-0281,cd650f154cb7cc32,连动结构候选,多谓词/论元结构,国际中文教育中文水平等级标准·语法学习手册（中等）,256,是目标语法点,边界不完整,边界问题,三人一致,多数裁决,多数裁决,B-多数裁决
ASGD-2027-0282,33a62d859bb8e25e,对字介词框架候选,介词/框架结构,国际中文教育中文水平等级标准·语法学习手册（中等）,40,是目标语法点,正确,目标用例,多数裁决,多数裁决,多数裁决,B-多数裁决
ASGD-2027-0283,665264a07982b324,把字句候选,处置/受事重组构式,国际中文教育中文水平等级标准·语法学习手册（中等）,286,是目标语法点,正确,目标用例,三人一致,多数裁决,多数裁决,B-多数裁决
ASGD-2027-0284,1dee192a34b697e6,给/为/关于等介词框架候选,介词/框架结构,国际中文教育中文水平等级标准·语法学习手册（初等）,237,是目标语法点,正确,目标用例,多数裁决,多数裁决,多数裁决,B-多数裁决
ASGD-2027-0285,c2732b3b0772a559,数量/时量补语候选,补语结构,国际中文教育中文水平等级标准·语法学习手册（初等）,203,是目标语法点,正确,目标用例,三人一致,多数裁决,多数裁决,B-多数裁决
ASGD-2027-0286,799fa48d692b596b,把字句候选,处置/受事重组构式,国际中文教育中文水平等级标准·语法学习手册（高等）,175,是目标语法点,正确,目标用例,三人一致,三人一致,三人一致,A-三人一致
ASGD-2027-0287,a8293b7aa8e61529,时间状语候选,时间/处所功能结构,国际中文教育中文水平等级标准·语法学习手册（初等）,24,是目标语法点,正确,目标用例,多数裁决,多数裁决,多数裁决,B-多数裁决
ASGD-2027-0288,2d6d623c2ca02543,时间状语候选,时间/处所功能结构,国际中文教育中文水平等级标准·语法学习手册（高等）,31,是目标语法点,正确,目标用例,三人一致,三人一致,三人一致,A-三人一致
ASGD-2027-0289,9866114a511dc2f1,但是候选,复句关联结构,国际中文教育中文水平等级标准·语法学习手册（初等）,278,是目标语法点,正确,目标用例,三人一致,三人一致,三人一致,A-三人一致
ASGD-2027-0290,de194ab9ad91e051,处所状语候选,时间/处所功能结构,国际中文教育中文水平等级标准·语法学习手册（中等）,292,是目标语法点,正确,目标用例,三人一致,三人一致,三人一致,A-三人一致
ASGD-2027-0291,67f6ef8cc769e8ef,趋向补语候选,补语结构,国际中文教育中文水平等级标准·语法学习手册（中等）,77,是目标语法点,正确,目标用例,三人一致,三人一致,三人一致,A-三人一致
ASGD-2027-0292,5a91a987c1e82ca5,数量/时量补语候选,补语结构,国际中文教育中文水平等级标准·语法学习手册（中等）,96,是目标语法点,正确,目标用例,三人一致,多数裁决,多数裁决,B-多数裁决
ASGD-2027-0293,31b3f0ef26d95010,处所状语候选,时间/处所功能结构,国际中文教育中文水平等级标准·语法学习手册（初等）,31,是目标语法点,正确,目标用例,三人一致,三人一致,三人一致,A-三人一致
ASGD-2027-0294,380f89ff50507fce,得字补语候选,补语结构,国际中文教育中文水平等级标准·语法学习手册（高等）,200,是目标语法点,候选错误,表层触发但非目标,多数裁决,无多数-标注者2裁决,无多数-标注者2裁决,C-标注者2裁决
ASGD-2027-0295,6538baa89bef7426,兼语结构候选,多谓词/论元结构,国际中文教育中文水平等级标准·语法学习手册（高等）,170,是目标语法点,正确,目标用例,多数裁决,多数裁决,多数裁决,B-多数裁决
ASGD-2027-0296,32a42dc319d7ec96,比字比较候选,比较构式,国际中文教育中文水平等级标准·语法学习手册（高等）,34,不是目标语法点,候选错误,表层触发但非目标,三人一致,三人一致,三人一致,A-三人一致
ASGD-2027-0297,fdb399eba8569a01,把字句候选,处置/受事重组构式,国际中文教育中文水平等级标准·语法学习手册（中等）,336,是目标语法点,正确,目标用例,三人一致,三人一致,三人一致,A-三人一致
ASGD-2027-0298,89d2661c31446e84,没有比较候选,比较构式,国际中文教育中文水平等级标准·语法学习手册（中等）,82,不是目标语法点,候选错误,表层触发但非目标,三人一致,三人一致,三人一致,A-三人一致
ASGD-2027-0299,596a8d91e237006e,处所状语候选,时间/处所功能结构,国际中文教育中文水平等级标准·语法学习手册（中等）,293,是目标语法点,边界过长,边界问题,多数裁决,无多数-标注者2裁决,无多数-标注者2裁决,C-标注者2裁决
ASGD-2027-0300,b3cc0557e7350d25,趋向补语候选,补语结构,国际中文教育中文水平等级标准·语法学习手册（高等）,178,是目标语法点,正确,目标用例,三人一致,多数裁决,多数裁决,B-多数裁决
ASGD-2027-0301,bdf3befc1c2655fa,处所状语候选,时间/处所功能结构,国际中文教育中文水平等级标准·语法学习手册（初等）,66,不是目标语法点,候选错误,表层触发但非目标,多数裁决,多数裁决,多数裁决,B-多数裁决
ASGD-2027-0302,896c0e8b323f12d3,得字补语候选,补语结构,国际中文教育中文水平等级标准·语法学习手册（初等）,261,是目标语法点,正确,目标用例,三人一致,多数裁决,多数裁决,B-多数裁决
ASGD-2027-0303,edd4339a24bbdb55,时间状语候选,时间/处所功能结构,国际中文教育中文水平等级标准·语法学习手册（初等）,56,是目标语法点,正确,目标用例,三人一致,三人一致,三人一致,A-三人一致
ASGD-2027-0304,db7c11de45ecc0b6,比字比较候选,比较构式,国际中文教育中文水平等级标准·语法学习手册（初等）,364,是目标语法点,正确,目标用例,三人一致,三人一致,三人一致,A-三人一致
ASGD-2027-0305,d138faa5ca66e190,之所以...是因为候选,复句关联结构,国际中文教育中文水平等级标准·语法学习手册（高等）,173,是目标语法点,正确,目标用例,三人一致,多数裁决,多数裁决,B-多数裁决
ASGD-2027-0306,8ca8451b5f87ebb2,得字补语候选,补语结构,国际中文教育中文水平等级标准·语法学习手册（中等）,40,是目标语法点,正确,目标用例,三人一致,多数裁决,多数裁决,B-多数裁决
ASGD-2027-0307,938c6d44cfad8329,比字比较候选,比较构式,国际中文教育中文水平等级标准·语法学习手册（初等）,209,是目标语法点,正确,目标用例,三人一致,三人一致,三人一致,A-三人一致
ASGD-2027-0308,dfc092da7d9c49b6,趋向补语候选,补语结构,国际中文教育中文水平等级标准·语法学习手册（中等）,331,是目标语法点,正确,目标用例,三人一致,多数裁决,多数裁决,B-多数裁决
ASGD-2027-0309,ae180108fa7320b8,数量/时量补语候选,补语结构,国际中文教育中文水平等级标准·语法学习手册（初等）,313,是目标语法点,正确,目标用例,三人一致,三人一致,三人一致,A-三人一致
ASGD-2027-0310,4f4861ac1e29e296,数量/时量补语候选,补语结构,国际中文教育中文水平等级标准·语法学习手册（高等）,54,是目标语法点,正确,目标用例,三人一致,多数裁决,多数裁决,B-多数裁决
ASGD-2027-0311,b2deeb7357f6d2e8,把字句候选,处置/受事重组构式,国际中文教育中文水平等级标准·语法学习手册（高等）,64,是目标语法点,正确,目标用例,三人一致,三人一致,三人一致,A-三人一致
ASGD-2027-0312,b2301288acd591c6,被字句候选,被动/受事凸显构式,国际中文教育中文水平等级标准·语法学习手册（初等）,359,是目标语法点,正确,目标用例,三人一致,三人一致,三人一致,A-三人一致
ASGD-2027-0313,4a79c974d47f1c81,时间状语候选,时间/处所功能结构,国际中文教育中文水平等级标准·语法学习手册（中等）,174,是目标语法点,正确,目标用例,多数裁决,多数裁决,多数裁决,B-多数裁决
ASGD-2027-0314,06867481c0a258db,给/为/关于等介词框架候选,介词/框架结构,国际中文教育中文水平等级标准·语法学习手册（初等）,325,是目标语法点,正确,目标用例,三人一致,三人一致,三人一致,A-三人一致
ASGD-2027-0315,f27b9233418ef7ef,把字句候选,处置/受事重组构式,国际中文教育中文水平等级标准·语法学习手册（中等）,380,是目标语法点,正确,目标用例,三人一致,三人一致,三人一致,A-三人一致
ASGD-2027-0316,58a55cd1e1334611,时间状语候选,时间/处所功能结构,国际中文教育中文水平等级标准·语法学习手册（中等）,289,是目标语法点,正确,目标用例,三人一致,三人一致,三人一致,A-三人一致
ASGD-2027-0317,3b31a886b702f871,把字句候选,处置/受事重组构式,国际中文教育中文水平等级标准·语法学习手册（高等）,53,是目标语法点,正确,目标用例,三人一致,三人一致,三人一致,A-三人一致
ASGD-2027-0318,40da7ac50c0b1cde,时间状语候选,时间/处所功能结构,国际中文教育中文水平等级标准·语法学习手册（初等）,226,是目标语法点,正确,目标用例,三人一致,三人一致,三人一致,A-三人一致
ASGD-2027-0319,adeb009bc4f3196c,处所状语候选,时间/处所功能结构,国际中文教育中文水平等级标准·语法学习手册（初等）,31,是目标语法点,边界不完整,边界问题,多数裁决,无多数-标注者2裁决,无多数-标注者2裁决,C-标注者2裁决
ASGD-2027-0320,4ce15c54dc640adc,处所状语候选,时间/处所功能结构,国际中文教育中文水平等级标准·语法学习手册（中等）,265,是目标语法点,正确,目标用例,多数裁决,多数裁决,多数裁决,B-多数裁决
ASGD-2027-0321,6edfb4c29f5d59b1,所以候选,复句关联结构,国际中文教育中文水平等级标准·语法学习手册（中等）,141,是目标语法点,正确,目标用例,三人一致,三人一致,三人一致,A-三人一致
ASGD-2027-0322,8e8206bc25d628fd,既然候选,复句关联结构,国际中文教育中文水平等级标准·语法学习手册（中等）,109,是目标语法点,正确,目标用例,三人一致,三人一致,三人一致,A-三人一致
ASGD-2027-0323,cf31b2a41c5fabc9,处所状语候选,时间/处所功能结构,国际中文教育中文水平等级标准·语法学习手册（中等）,292,是目标语法点,边界不完整,边界问题,多数裁决,无多数-标注者2裁决,无多数-标注者2裁决,C-标注者2裁决
ASGD-2027-0324,2e306e395669e33b,得字补语候选,补语结构,国际中文教育中文水平等级标准·语法学习手册（中等）,268,是目标语法点,正确,目标用例,三人一致,多数裁决,多数裁决,B-多数裁决
ASGD-2027-0325,431fc2ac7812401e,把字句候选,处置/受事重组构式,国际中文教育中文水平等级标准·语法学习手册（中等）,340,是目标语法点,正确,目标用例,三人一致,三人一致,三人一致,A-三人一致
ASGD-2027-0326,b8f1d98f736203f3,双宾/给予结构候选,多谓词/论元结构,国际中文教育中文水平等级标准·语法学习手册（中等）,149,是目标语法点,正确,目标用例,三人一致,三人一致,三人一致,A-三人一致
ASGD-2027-0327,e7a59c68f60cb50c,给/为/关于等介词框架候选,介词/框架结构,国际中文教育中文水平等级标准·语法学习手册（初等）,327,是目标语法点,正确,目标用例,多数裁决,多数裁决,多数裁决,B-多数裁决
ASGD-2027-0328,2b5bddcb1b585ec5,数量/时量补语候选,补语结构,国际中文教育中文水平等级标准·语法学习手册（初等）,351,是目标语法点,正确,目标用例,三人一致,三人一致,三人一致,A-三人一致
ASGD-2027-0329,bca5d493d8f7055d,向/往/朝介词框架候选,介词/框架结构,国际中文教育中文水平等级标准·语法学习手册（初等）,170,是目标语法点,正确,目标用例,三人一致,三人一致,三人一致,A-三人一致
ASGD-2027-0330,deaaee80fca1eccc,被字句候选,被动/受事凸显构式,国际中文教育中文水平等级标准·语法学习手册（高等）,126,是目标语法点,正确,目标用例,三人一致,多数裁决,多数裁决,B-多数裁决
ASGD-2027-0331,c7c08a8093689b8a,双宾/给予结构候选,多谓词/论元结构,国际中文教育中文水平等级标准·语法学习手册（初等）,331,是目标语法点,正确,目标用例,三人一致,三人一致,三人一致,A-三人一致
ASGD-2027-0332,e04433d907b4ae95,所以候选,复句关联结构,国际中文教育中文水平等级标准·语法学习手册（中等）,157,是目标语法点,正确,目标用例,三人一致,三人一致,三人一致,A-三人一致
ASGD-2027-0333,25c81626ffc7daa3,时间状语候选,时间/处所功能结构,国际中文教育中文水平等级标准·语法学习手册（中等）,331,是目标语法点,正确,目标用例,多数裁决,多数裁决,多数裁决,B-多数裁决
ASGD-2027-0334,59e38d2bfb100951,把字句候选,处置/受事重组构式,国际中文教育中文水平等级标准·语法学习手册（中等）,79,是目标语法点,正确,目标用例,三人一致,多数裁决,多数裁决,B-多数裁决
ASGD-2027-0335,dc7ff88fe827eaab,在字介词框架候选,介词/框架结构,国际中文教育中文水平等级标准·语法学习手册（初等）,68,是目标语法点,正确,目标用例,三人一致,多数裁决,多数裁决,B-多数裁决
ASGD-2027-0336,b5a1630b8c342c14,时间状语候选,时间/处所功能结构,国际中文教育中文水平等级标准·语法学习手册（初等）,354,是目标语法点,正确,目标用例,多数裁决,多数裁决,多数裁决,B-多数裁决
ASGD-2027-0337,459892f4cd47a056,双宾/给予结构候选,多谓词/论元结构,国际中文教育中文水平等级标准·语法学习手册（中等）,171,是目标语法点,正确,目标用例,多数裁决,多数裁决,多数裁决,B-多数裁决
ASGD-2027-0338,608880805353ed90,比字比较候选,比较构式,国际中文教育中文水平等级标准·语法学习手册（高等）,129,是目标语法点,正确,目标用例,三人一致,三人一致,三人一致,A-三人一致
ASGD-2027-0339,35a00167b4894dc3,被字句候选,被动/受事凸显构式,国际中文教育中文水平等级标准·语法学习手册（高等）,126,是目标语法点,正确,目标用例,三人一致,三人一致,三人一致,A-三人一致
ASGD-2027-0340,bd31ebe0ef004aa3,把字句候选,处置/受事重组构式,国际中文教育中文水平等级标准·语法学习手册（中等）,337,是目标语法点,边界过长,边界问题,多数裁决,多数裁决,多数裁决,B-多数裁决
ASGD-2027-0341,d635616779b406fe,不如比较候选,比较构式,国际中文教育中文水平等级标准·语法学习手册（高等）,154,是目标语法点,正确,目标用例,多数裁决,多数裁决,多数裁决,B-多数裁决
ASGD-2027-0342,3659098e9b2c43b7,向/往/朝介词框架候选,介词/框架结构,国际中文教育中文水平等级标准·语法学习手册（初等）,171,是目标语法点,正确,目标用例,三人一致,三人一致,三人一致,A-三人一致
ASGD-2027-0343,c5e13f26fc5ba844,虽然...但是候选,复句关联结构,国际中文教育中文水平等级标准·语法学习手册（初等）,230,是目标语法点,正确,目标用例,三人一致,多数裁决,多数裁决,B-多数裁决
ASGD-2027-0344,306f9ff303b16761,给/为/关于等介词框架候选,介词/框架结构,国际中文教育中文水平等级标准·语法学习手册（初等）,326,是目标语法点,正确,目标用例,三人一致,三人一致,三人一致,A-三人一致
ASGD-2027-0345,3e1351d4f2318393,把字句候选,处置/受事重组构式,国际中文教育中文水平等级标准·语法学习手册（初等）,357,是目标语法点,正确,目标用例,三人一致,三人一致,三人一致,A-三人一致
ASGD-2027-0346,af41b6c2355243e5,在字介词框架候选,介词/框架结构,国际中文教育中文水平等级标准·语法学习手册（中等）,66,是目标语法点,正确,目标用例,三人一致,三人一致,三人一致,A-三人一致
ASGD-2027-0347,cd68d950d01d36bf,把字句候选,处置/受事重组构式,国际中文教育中文水平等级标准·语法学习手册（中等）,16,是目标语法点,正确,目标用例,三人一致,三人一致,三人一致,A-三人一致
ASGD-2027-0348,f480df6c4aa53db7,对字介词框架候选,介词/框架结构,国际中文教育中文水平等级标准·语法学习手册（中等）,113,是目标语法点,正确,目标用例,多数裁决,多数裁决,多数裁决,B-多数裁决
ASGD-2027-0349,404afc8baec1b5bb,双宾/给予结构候选,多谓词/论元结构,国际中文教育中文水平等级标准·语法学习手册（初等）,331,是目标语法点,正确,目标用例,三人一致,多数裁决,多数裁决,B-多数裁决
ASGD-2027-0350,8f2b5a7451122f82,得字补语候选,补语结构,国际中文教育中文水平等级标准·语法学习手册（初等）,348,不是目标语法点,候选错误,表层触发但非目标,多数裁决,多数裁决,多数裁决,B-多数裁决
ASGD-2027-0351,1877057f5e2254e8,在字介词框架候选,介词/框架结构,国际中文教育中文水平等级标准·语法学习手册（初等）,171,是目标语法点,正确,目标用例,多数裁决,多数裁决,多数裁决,B-多数裁决
ASGD-2027-0352,7afec0417d0acca2,双宾/给予结构候选,多谓词/论元结构,国际中文教育中文水平等级标准·语法学习手册（初等）,199,是目标语法点,正确,目标用例,多数裁决,多数裁决,多数裁决,B-多数裁决
ASGD-2027-0353,3c0e44acf5f42429,双宾/给予结构候选,多谓词/论元结构,国际中文教育中文水平等级标准·语法学习手册（初等）,218,是目标语法点,正确,目标用例,三人一致,三人一致,三人一致,A-三人一致
ASGD-2027-0354,03804f74e24696df,时间状语候选,时间/处所功能结构,国际中文教育中文水平等级标准·语法学习手册（初等）,247,是目标语法点,正确,目标用例,三人一致,三人一致,三人一致,A-三人一致
ASGD-2027-0355,f3eaa6bff31871e3,得字补语候选,补语结构,国际中文教育中文水平等级标准·语法学习手册（初等）,36,不是目标语法点,候选错误,表层触发但非目标,三人一致,三人一致,三人一致,A-三人一致
ASGD-2027-0356,4577fcfafc93b05e,从字介词框架候选,介词/框架结构,国际中文教育中文水平等级标准·语法学习手册（初等）,321,是目标语法点,正确,目标用例,多数裁决,多数裁决,多数裁决,B-多数裁决
ASGD-2027-0357,f69b27ca6913b921,对字介词框架候选,介词/框架结构,国际中文教育中文水平等级标准·语法学习手册（初等）,287,是目标语法点,正确,目标用例,三人一致,三人一致,三人一致,A-三人一致
ASGD-2027-0358,10e79a19e9ea7546,连动结构候选,多谓词/论元结构,国际中文教育中文水平等级标准·语法学习手册（高等）,113,是目标语法点,边界不完整,边界问题,三人一致,多数裁决,多数裁决,B-多数裁决
ASGD-2027-0359,49732e6a7242347c,双宾/给予结构候选,多谓词/论元结构,国际中文教育中文水平等级标准·语法学习手册（初等）,217,是目标语法点,正确,目标用例,三人一致,三人一致,三人一致,A-三人一致
ASGD-2027-0360,d99fe87098c5c82b,如果候选,复句关联结构,国际中文教育中文水平等级标准·语法学习手册（高等）,62,是目标语法点,正确,目标用例,三人一致,多数裁决,多数裁决,B-多数裁决
ASGD-2027-0361,70088a648ea66939,数量/时量补语候选,补语结构,国际中文教育中文水平等级标准·语法学习手册（初等）,351,是目标语法点,正确,目标用例,三人一致,多数裁决,多数裁决,B-多数裁决
ASGD-2027-0362,576ba962706c607f,把字句候选,处置/受事重组构式,国际中文教育中文水平等级标准·语法学习手册（高等）,125,是目标语法点,正确,目标用例,三人一致,三人一致,三人一致,A-三人一致
ASGD-2027-0363,3970421ff441ba6c,被字句候选,被动/受事凸显构式,国际中文教育中文水平等级标准·语法学习手册（中等）,83,是目标语法点,正确,目标用例,三人一致,三人一致,三人一致,A-三人一致
ASGD-2027-0364,5cc5b69ddcbd8d35,得字补语候选,补语结构,国际中文教育中文水平等级标准·语法学习手册（中等）,60,是目标语法点,候选错误,表层触发但非目标,多数裁决,无多数-标注者2裁决,无多数-标注者2裁决,C-标注者2裁决
ASGD-2027-0365,56561a3ab3b3c3e4,给/为/关于等介词框架候选,介词/框架结构,国际中文教育中文水平等级标准·语法学习手册（初等）,328,是目标语法点,正确,目标用例,三人一致,三人一致,三人一致,A-三人一致
ASGD-2027-0366,49dd5e87f271dfed,时间状语候选,时间/处所功能结构,国际中文教育中文水平等级标准·语法学习手册（中等）,82,是目标语法点,正确,目标用例,多数裁决,多数裁决,多数裁决,B-多数裁决
ASGD-2027-0367,18d1daed403a171a,一样比较候选,比较构式,国际中文教育中文水平等级标准·语法学习手册（初等）,213,是目标语法点,正确,目标用例,三人一致,三人一致,三人一致,A-三人一致
ASGD-2027-0368,64b746860c022674,如果...就候选,复句关联结构,国际中文教育中文水平等级标准·语法学习手册（高等）,72,是目标语法点,正确,目标用例,三人一致,多数裁决,多数裁决,B-多数裁决
ASGD-2027-0369,72840cb94403c726,时间状语候选,时间/处所功能结构,国际中文教育中文水平等级标准·语法学习手册（高等）,65,是目标语法点,正确,目标用例,三人一致,三人一致,三人一致,A-三人一致
ASGD-2027-0370,c70c3f4e70595196,处所状语候选,时间/处所功能结构,国际中文教育中文水平等级标准·语法学习手册（初等）,19,是目标语法点,边界过长,边界问题,多数裁决,无多数-标注者2裁决,无多数-标注者2裁决,C-标注者2裁决
ASGD-2027-0371,fd079ca618b55df1,在字介词框架候选,介词/框架结构,国际中文教育中文水平等级标准·语法学习手册（高等）,18,是目标语法点,正确,目标用例,三人一致,多数裁决,多数裁决,B-多数裁决
ASGD-2027-0372,960b9f8185128a8a,在字介词框架候选,介词/框架结构,国际中文教育中文水平等级标准·语法学习手册（中等）,71,是目标语法点,正确,目标用例,三人一致,多数裁决,多数裁决,B-多数裁决
ASGD-2027-0373,0f95821041ce2ef5,趋向补语候选,补语结构,国际中文教育中文水平等级标准·语法学习手册（高等）,91,是目标语法点,正确,目标用例,三人一致,三人一致,三人一致,A-三人一致
ASGD-2027-0374,5958bf6cc7a34f14,因为候选,复句关联结构,国际中文教育中文水平等级标准·语法学习手册（中等）,200,是目标语法点,正确,目标用例,三人一致,多数裁决,多数裁决,B-多数裁决
ASGD-2027-0375,60f22396105e6b40,数量/时量补语候选,补语结构,国际中文教育中文水平等级标准·语法学习手册（初等）,270,是目标语法点,正确,目标用例,三人一致,多数裁决,多数裁决,B-多数裁决
ASGD-2027-0376,976726bb79f0e7eb,双宾/给予结构候选,多谓词/论元结构,国际中文教育中文水平等级标准·语法学习手册（中等）,304,是目标语法点,正确,目标用例,多数裁决,多数裁决,多数裁决,B-多数裁决
ASGD-2027-0377,1dfc3be76bdbbc04,处所状语候选,时间/处所功能结构,国际中文教育中文水平等级标准·语法学习手册（中等）,381,是目标语法点,正确,目标用例,三人一致,多数裁决,多数裁决,B-多数裁决
ASGD-2027-0378,164f97dab17f2d89,时间状语候选,时间/处所功能结构,国际中文教育中文水平等级标准·语法学习手册（高等）,195,是目标语法点,正确,目标用例,多数裁决,多数裁决,多数裁决,B-多数裁决
ASGD-2027-0379,1deb06fed1e29a27,没有比较候选,比较构式,国际中文教育中文水平等级标准·语法学习手册（中等）,86,不是目标语法点,候选错误,表层触发但非目标,三人一致,三人一致,三人一致,A-三人一致
ASGD-2027-0380,8be4dc8ea738e9c4,被字句候选,被动/受事凸显构式,国际中文教育中文水平等级标准·语法学习手册（高等）,127,是目标语法点,正确,目标用例,三人一致,三人一致,三人一致,A-三人一致
ASGD-2027-0381,db3084f0d2534426,向/往/朝介词框架候选,介词/框架结构,国际中文教育中文水平等级标准·语法学习手册（初等）,170,是目标语法点,正确,目标用例,三人一致,三人一致,三人一致,A-三人一致
ASGD-2027-0382,c706d14979e28fe1,处所状语候选,时间/处所功能结构,国际中文教育中文水平等级标准·语法学习手册（初等）,40,是目标语法点,正确,目标用例,三人一致,三人一致,三人一致,A-三人一致
ASGD-2027-0383,0af7dc9733f7e429,趋向补语候选,补语结构,国际中文教育中文水平等级标准·语法学习手册（初等）,159,是目标语法点,正确,目标用例,三人一致,多数裁决,多数裁决,B-多数裁决
ASGD-2027-0384,db643d00528f2a22,趋向补语候选,补语结构,国际中文教育中文水平等级标准·语法学习手册（高等）,36,是目标语法点,正确,目标用例,三人一致,多数裁决,多数裁决,B-多数裁决
ASGD-2027-0385,657ea1583891e25b,对字介词框架候选,介词/框架结构,国际中文教育中文水平等级标准·语法学习手册（初等）,174,是目标语法点,正确,目标用例,三人一致,三人一致,三人一致,A-三人一致
ASGD-2027-0386,41cfbba7433bd20d,处所状语候选,时间/处所功能结构,国际中文教育中文水平等级标准·语法学习手册（中等）,84,是目标语法点,正确,目标用例,三人一致,三人一致,三人一致,A-三人一致
ASGD-2027-0387,504a0f68ed130ea5,在字介词框架候选,介词/框架结构,国际中文教育中文水平等级标准·语法学习手册（中等）,155,是目标语法点,正确,目标用例,多数裁决,多数裁决,多数裁决,B-多数裁决
ASGD-2027-0388,53591b154636a94a,把字句候选,处置/受事重组构式,国际中文教育中文水平等级标准·语法学习手册（初等）,356,是目标语法点,正确,目标用例,三人一致,三人一致,三人一致,A-三人一致
ASGD-2027-0389,6dc65c37dba6dcc3,趋向补语候选,补语结构,国际中文教育中文水平等级标准·语法学习手册（初等）,54,是目标语法点,正确,目标用例,三人一致,多数裁决,多数裁决,B-多数裁决
ASGD-2027-0390,ffc1ccdea37d796c,时间状语候选,时间/处所功能结构,国际中文教育中文水平等级标准·语法学习手册（初等）,152,是目标语法点,正确,目标用例,三人一致,多数裁决,多数裁决,B-多数裁决
ASGD-2027-0391,b67b075973fb4e91,在字介词框架候选,介词/框架结构,国际中文教育中文水平等级标准·语法学习手册（初等）,377,是目标语法点,正确,目标用例,三人一致,三人一致,三人一致,A-三人一致
ASGD-2027-0392,7f134512e6166658,被字句候选,被动/受事凸显构式,国际中文教育中文水平等级标准·语法学习手册（初等）,358,是目标语法点,正确,目标用例,三人一致,三人一致,三人一致,A-三人一致
ASGD-2027-0393,29410ec47ce3d9a4,时间状语候选,时间/处所功能结构,国际中文教育中文水平等级标准·语法学习手册（高等）,67,是目标语法点,正确,目标用例,三人一致,三人一致,三人一致,A-三人一致
ASGD-2027-0394,ff64d2d11ab3d681,结果补语候选,补语结构,国际中文教育中文水平等级标准·语法学习手册（中等）,283,是目标语法点,正确,目标用例,三人一致,三人一致,三人一致,A-三人一致
ASGD-2027-0395,b5536ca7d71ee2ab,在字介词框架候选,介词/框架结构,国际中文教育中文水平等级标准·语法学习手册（中等）,313,是目标语法点,正确,目标用例,多数裁决,多数裁决,多数裁决,B-多数裁决
ASGD-2027-0396,049f37dc7edd5162,双宾/给予结构候选,多谓词/论元结构,国际中文教育中文水平等级标准·语法学习手册（中等）,233,是目标语法点,边界过长,边界问题,多数裁决,无多数-标注者2裁决,无多数-标注者2裁决,C-标注者2裁决
ASGD-2027-0397,901c0d9e47b24b43,处所状语候选,时间/处所功能结构,国际中文教育中文水平等级标准·语法学习手册（中等）,381,是目标语法点,正确,目标用例,多数裁决,多数裁决,多数裁决,B-多数裁决
ASGD-2027-0398,f1ca389a039a68ad,没有比较候选,比较构式,国际中文教育中文水平等级标准·语法学习手册（高等）,166,不是目标语法点,候选错误,表层触发但非目标,三人一致,三人一致,三人一致,A-三人一致
ASGD-2027-0399,b754c766846f8a94,把字句候选,处置/受事重组构式,国际中文教育中文水平等级标准·语法学习手册（中等）,220,是目标语法点,正确,目标用例,三人一致,多数裁决,多数裁决,B-多数裁决
ASGD-2027-0400,5023e8e4da4af356,如果...就候选,复句关联结构,国际中文教育中文水平等级标准·语法学习手册（初等）,157,是目标语法点,正确,目标用例,三人一致,多数裁决,多数裁决,B-多数裁决
ASGD-2027-0401,22e5a0ae48e9f119,处所状语候选,时间/处所功能结构,国际中文教育中文水平等级标准·语法学习手册（初等）,21,不是目标语法点,候选错误,表层触发但非目标,多数裁决,多数裁决,多数裁决,B-多数裁决
ASGD-2027-0402,8b7668d10b1cd817,处所状语候选,时间/处所功能结构,国际中文教育中文水平等级标准·语法学习手册（中等）,331,不是目标语法点,候选错误,表层触发但非目标,三人一致,三人一致,三人一致,A-三人一致
ASGD-2027-0403,b975a77598d2fa24,给/为/关于等介词框架候选,介词/框架结构,国际中文教育中文水平等级标准·语法学习手册（初等）,328,是目标语法点,正确,目标用例,三人一致,三人一致,三人一致,A-三人一致
ASGD-2027-0404,a520021eca670dfc,把字句候选,处置/受事重组构式,国际中文教育中文水平等级标准·语法学习手册（高等）,212,是目标语法点,正确,目标用例,三人一致,多数裁决,多数裁决,B-多数裁决
ASGD-2027-0405,608f3a680938f69b,处所状语候选,时间/处所功能结构,国际中文教育中文水平等级标准·语法学习手册（中等）,294,不是目标语法点,候选错误,表层触发但非目标,多数裁决,多数裁决,多数裁决,B-多数裁决
ASGD-2027-0406,58f6a75884860ac5,没有比较候选,比较构式,国际中文教育中文水平等级标准·语法学习手册（中等）,346,不是目标语法点,候选错误,表层触发但非目标,多数裁决,多数裁决,多数裁决,B-多数裁决
ASGD-2027-0407,2378516e36a1d2d6,被字句候选,被动/受事凸显构式,国际中文教育中文水平等级标准·语法学习手册（中等）,350,是目标语法点,正确,目标用例,三人一致,多数裁决,多数裁决,B-多数裁决
ASGD-2027-0408,f5cfb0c6a2147fbb,没有比较候选,比较构式,国际中文教育中文水平等级标准·语法学习手册（初等）,62,不是目标语法点,候选错误,表层触发但非目标,三人一致,三人一致,三人一致,A-三人一致
ASGD-2027-0409,a1c4814b698e6698,给/为/关于等介词框架候选,介词/框架结构,国际中文教育中文水平等级标准·语法学习手册（中等）,227,是目标语法点,正确,目标用例,多数裁决,多数裁决,多数裁决,B-多数裁决
ASGD-2027-0410,3db3fe3a4aff9643,时间状语候选,时间/处所功能结构,国际中文教育中文水平等级标准·语法学习手册（中等）,210,是目标语法点,正确,目标用例,三人一致,三人一致,三人一致,A-三人一致
ASGD-2027-0411,a797aeb82da00420,结果补语候选,补语结构,国际中文教育中文水平等级标准·语法学习手册（中等）,252,是目标语法点,候选错误,表层触发但非目标,多数裁决,无多数-标注者2裁决,无多数-标注者2裁决,C-标注者2裁决
ASGD-2027-0412,4aad81f86a1e7ce9,处所状语候选,时间/处所功能结构,国际中文教育中文水平等级标准·语法学习手册（中等）,380,是目标语法点,正确,目标用例,三人一致,三人一致,三人一致,A-三人一致
ASGD-2027-0413,74670a0e112686e6,给/为/关于等介词框架候选,介词/框架结构,国际中文教育中文水平等级标准·语法学习手册（初等）,309,是目标语法点,正确,目标用例,多数裁决,多数裁决,多数裁决,B-多数裁决
ASGD-2027-0414,4f88c16d1a8f9dfb,趋向补语候选,补语结构,国际中文教育中文水平等级标准·语法学习手册（中等）,59,是目标语法点,正确,目标用例,三人一致,多数裁决,多数裁决,B-多数裁决
ASGD-2027-0415,de7e26161bafcf90,数量/时量补语候选,补语结构,国际中文教育中文水平等级标准·语法学习手册（中等）,280,是目标语法点,正确,目标用例,多数裁决,多数裁决,多数裁决,B-多数裁决
ASGD-2027-0416,56bb032eb9af2dff,把字句候选,处置/受事重组构式,国际中文教育中文水平等级标准·语法学习手册（中等）,47,是目标语法点,正确,目标用例,三人一致,三人一致,三人一致,A-三人一致
ASGD-2027-0417,517e7f3e2ae12676,得字补语候选,补语结构,国际中文教育中文水平等级标准·语法学习手册（中等）,259,不是目标语法点,候选错误,表层触发但非目标,多数裁决,多数裁决,多数裁决,B-多数裁决
ASGD-2027-0418,c0d540e7360cdd42,被字句候选,被动/受事凸显构式,国际中文教育中文水平等级标准·语法学习手册（中等）,180,是目标语法点,不确定,不确定,多数裁决,无多数-标注者2裁决,无多数-标注者2裁决,C-标注者2裁决
ASGD-2027-0419,f78ff620e36f3d33,不如比较候选,比较构式,国际中文教育中文水平等级标准·语法学习手册（高等）,155,是目标语法点,正确,目标用例,多数裁决,多数裁决,多数裁决,B-多数裁决
ASGD-2027-0420,fe867aada12b937e,因为候选,复句关联结构,国际中文教育中文水平等级标准·语法学习手册（初等）,326,是目标语法点,正确,目标用例,三人一致,多数裁决,多数裁决,B-多数裁决
ASGD-2027-0421,658905cae734b0f1,处所状语候选,时间/处所功能结构,国际中文教育中文水平等级标准·语法学习手册（初等）,19,是目标语法点,正确,目标用例,三人一致,三人一致,三人一致,A-三人一致
ASGD-2027-0422,f22e766a4cd26ff3,把字句候选,处置/受事重组构式,国际中文教育中文水平等级标准·语法学习手册（中等）,337,是目标语法点,正确,目标用例,三人一致,三人一致,三人一致,A-三人一致
ASGD-2027-0423,459e0f9a01139c71,比字比较候选,比较构式,国际中文教育中文水平等级标准·语法学习手册（中等）,27,不是目标语法点,候选错误,表层触发但非目标,三人一致,三人一致,三人一致,A-三人一致
ASGD-2027-0424,b75ee4daff5f6d61,把字句候选,处置/受事重组构式,国际中文教育中文水平等级标准·语法学习手册（高等）,198,是目标语法点,正确,目标用例,三人一致,三人一致,三人一致,A-三人一致
ASGD-2027-0425,afda4fc8b3751c6c,时间状语候选,时间/处所功能结构,国际中文教育中文水平等级标准·语法学习手册（高等）,192,是目标语法点,正确,目标用例,三人一致,多数裁决,多数裁决,B-多数裁决
ASGD-2027-0426,65c56d3c5b8afceb,比字比较候选,比较构式,国际中文教育中文水平等级标准·语法学习手册（初等）,139,是目标语法点,正确,目标用例,三人一致,三人一致,三人一致,A-三人一致
ASGD-2027-0427,8d5cba9a43449c43,结果补语候选,补语结构,国际中文教育中文水平等级标准·语法学习手册（初等）,286,是目标语法点,正确,目标用例,三人一致,三人一致,三人一致,A-三人一致
ASGD-2027-0428,98a8ad1d1c7d0596,得字补语候选,补语结构,国际中文教育中文水平等级标准·语法学习手册（中等）,252,是目标语法点,候选错误,表层触发但非目标,多数裁决,多数裁决,多数裁决,B-多数裁决
ASGD-2027-0429,83fc829d95437474,所以候选,复句关联结构,国际中文教育中文水平等级标准·语法学习手册（中等）,315,是目标语法点,正确,目标用例,三人一致,三人一致,三人一致,A-三人一致
ASGD-2027-0430,e99efaded0cc2a2e,在字介词框架候选,介词/框架结构,国际中文教育中文水平等级标准·语法学习手册（高等）,86,是目标语法点,正确,目标用例,三人一致,多数裁决,多数裁决,B-多数裁决
ASGD-2027-0431,e13dabcee8622a1c,既然候选,复句关联结构,国际中文教育中文水平等级标准·语法学习手册（高等）,200,是目标语法点,正确,目标用例,三人一致,多数裁决,多数裁决,B-多数裁决
ASGD-2027-0432,90ad83b56931702e,时间状语候选,时间/处所功能结构,国际中文教育中文水平等级标准·语法学习手册（初等）,159,是目标语法点,正确,目标用例,三人一致,三人一致,三人一致,A-三人一致
ASGD-2027-0433,0d4abc28bb3cec6b,时间状语候选,时间/处所功能结构,国际中文教育中文水平等级标准·语法学习手册（初等）,138,是目标语法点,正确,目标用例,三人一致,三人一致,三人一致,A-三人一致
ASGD-2027-0434,055d91acacb6cf9e,时间状语候选,时间/处所功能结构,国际中文教育中文水平等级标准·语法学习手册（初等）,298,是目标语法点,正确,目标用例,三人一致,三人一致,三人一致,A-三人一致
ASGD-2027-0435,b46744a82dfbf169,把字句候选,处置/受事重组构式,国际中文教育中文水平等级标准·语法学习手册（中等）,223,是目标语法点,正确,目标用例,三人一致,三人一致,三人一致,A-三人一致
ASGD-2027-0436,47076a67c72b5fc4,没有比较候选,比较构式,国际中文教育中文水平等级标准·语法学习手册（高等）,67,不是目标语法点,候选错误,表层触发但非目标,三人一致,三人一致,三人一致,A-三人一致
ASGD-2027-0437,0867b2f9fa228f7d,在字介词框架候选,介词/框架结构,国际中文教育中文水平等级标准·语法学习手册（初等）,172,是目标语法点,正确,目标用例,三人一致,多数裁决,多数裁决,B-多数裁决
ASGD-2027-0438,75d830c7485ac8c2,因为...所以候选,复句关联结构,国际中文教育中文水平等级标准·语法学习手册（初等）,237,是目标语法点,正确,目标用例,三人一致,多数裁决,多数裁决,B-多数裁决
ASGD-2027-0439,31c653c146e923f7,对字介词框架候选,介词/框架结构,国际中文教育中文水平等级标准·语法学习手册（初等）,142,是目标语法点,正确,目标用例,三人一致,三人一致,三人一致,A-三人一致
ASGD-2027-0440,ddc9f610d1e69156,得字补语候选,补语结构,国际中文教育中文水平等级标准·语法学习手册（中等）,323,是目标语法点,正确,目标用例,三人一致,多数裁决,多数裁决,B-多数裁决
ASGD-2027-0441,c454b0b1f78baa92,被字句候选,被动/受事凸显构式,国际中文教育中文水平等级标准·语法学习手册（中等）,83,是目标语法点,正确,目标用例,多数裁决,多数裁决,多数裁决,B-多数裁决
ASGD-2027-0442,9fce277d362622c9,没有比较候选,比较构式,国际中文教育中文水平等级标准·语法学习手册（高等）,178,不是目标语法点,候选错误,表层触发但非目标,三人一致,三人一致,三人一致,A-三人一致
ASGD-2027-0443,ccaaa28de2c4339d,给/为/关于等介词框架候选,介词/框架结构,国际中文教育中文水平等级标准·语法学习手册（中等）,178,是目标语法点,正确,目标用例,三人一致,三人一致,三人一致,A-三人一致
ASGD-2027-0444,3c94d76bff0df0c5,不如比较候选,比较构式,国际中文教育中文水平等级标准·语法学习手册（高等）,154,是目标语法点,正确,目标用例,多数裁决,多数裁决,多数裁决,B-多数裁决
ASGD-2027-0445,28e6fbdd4b35afe8,被字句候选,被动/受事凸显构式,国际中文教育中文水平等级标准·语法学习手册（高等）,124,不是目标语法点,候选错误,表层触发但非目标,三人一致,三人一致,三人一致,A-三人一致
ASGD-2027-0446,9f62ee52f7fcd686,既然候选,复句关联结构,国际中文教育中文水平等级标准·语法学习手册（中等）,188,是目标语法点,正确,目标用例,三人一致,多数裁决,多数裁决,B-多数裁决
ASGD-2027-0447,1ac4d202a641b266,趋向补语候选,补语结构,国际中文教育中文水平等级标准·语法学习手册（中等）,21,是目标语法点,正确,目标用例,三人一致,三人一致,三人一致,A-三人一致
ASGD-2027-0448,308c1b4adff5bc14,在字介词框架候选,介词/框架结构,国际中文教育中文水平等级标准·语法学习手册（中等）,94,是目标语法点,正确,目标用例,多数裁决,多数裁决,多数裁决,B-多数裁决
ASGD-2027-0449,f249dec114699be5,没有比较候选,比较构式,国际中文教育中文水平等级标准·语法学习手册（高等）,134,不是目标语法点,候选错误,表层触发但非目标,三人一致,三人一致,三人一致,A-三人一致
ASGD-2027-0450,376888435eab7ecb,处所状语候选,时间/处所功能结构,国际中文教育中文水平等级标准·语法学习手册（初等）,21,是目标语法点,边界不完整,边界问题,多数裁决,无多数-标注者2裁决,无多数-标注者2裁决,C-标注者2裁决
ASGD-2027-0451,c830a3e51185f4cf,得字补语候选,补语结构,国际中文教育中文水平等级标准·语法学习手册（中等）,214,是目标语法点,正确,目标用例,三人一致,多数裁决,多数裁决,B-多数裁决
ASGD-2027-0452,ff075513b9ba3308,时间状语候选,时间/处所功能结构,国际中文教育中文水平等级标准·语法学习手册（初等）,352,是目标语法点,正确,目标用例,多数裁决,多数裁决,多数裁决,B-多数裁决
ASGD-2027-0453,7ad77c84890e81c8,把字句候选,处置/受事重组构式,国际中文教育中文水平等级标准·语法学习手册（高等）,65,是目标语法点,正确,目标用例,三人一致,三人一致,三人一致,A-三人一致
ASGD-2027-0454,c4180236b14a5937,得字补语候选,补语结构,国际中文教育中文水平等级标准·语法学习手册（高等）,193,是目标语法点,候选错误,表层触发但非目标,三人一致,无多数-标注者2裁决,无多数-标注者2裁决,C-标注者2裁决
ASGD-2027-0455,d2df7295269ffb88,时间状语候选,时间/处所功能结构,国际中文教育中文水平等级标准·语法学习手册（中等）,16,是目标语法点,正确,目标用例,三人一致,三人一致,三人一致,A-三人一致
ASGD-2027-0456,16c5bb4620609cab,结果补语候选,补语结构,国际中文教育中文水平等级标准·语法学习手册（中等）,335,是目标语法点,正确,目标用例,三人一致,三人一致,三人一致,A-三人一致
ASGD-2027-0457,8f3e3937d5b7045e,越...越候选,比较构式,国际中文教育中文水平等级标准·语法学习手册（高等）,110,是目标语法点,正确,目标用例,三人一致,三人一致,三人一致,A-三人一致
ASGD-2027-0458,444c80d1b025c90f,给/为/关于等介词框架候选,介词/框架结构,国际中文教育中文水平等级标准·语法学习手册（初等）,382,是目标语法点,正确,目标用例,三人一致,三人一致,三人一致,A-三人一致
ASGD-2027-0459,31e4d1316752cb65,处所状语候选,时间/处所功能结构,国际中文教育中文水平等级标准·语法学习手册（中等）,294,不是目标语法点,候选错误,表层触发但非目标,多数裁决,多数裁决,多数裁决,B-多数裁决
ASGD-2027-0460,5b7f40dc385c0469,处所状语候选,时间/处所功能结构,国际中文教育中文水平等级标准·语法学习手册（中等）,57,是目标语法点,边界过长,边界问题,多数裁决,无多数-标注者2裁决,无多数-标注者2裁决,C-标注者2裁决
ASGD-2027-0461,37bde1b159dca3b2,把字句候选,处置/受事重组构式,国际中文教育中文水平等级标准·语法学习手册（中等）,81,是目标语法点,正确,目标用例,三人一致,多数裁决,多数裁决,B-多数裁决
ASGD-2027-0462,3b41d839b9cfb812,把字句候选,处置/受事重组构式,国际中文教育中文水平等级标准·语法学习手册（中等）,220,是目标语法点,正确,目标用例,三人一致,三人一致,三人一致,A-三人一致
ASGD-2027-0463,968b0178ea343796,结果补语候选,补语结构,国际中文教育中文水平等级标准·语法学习手册（初等）,166,是目标语法点,正确,目标用例,三人一致,三人一致,三人一致,A-三人一致
ASGD-2027-0464,5523d68e8c9958f9,得字补语候选,补语结构,国际中文教育中文水平等级标准·语法学习手册（中等）,351,不是目标语法点,候选错误,表层触发但非目标,多数裁决,多数裁决,多数裁决,B-多数裁决
ASGD-2027-0465,13a56799959d7f71,趋向补语候选,补语结构,国际中文教育中文水平等级标准·语法学习手册（高等）,100,是目标语法点,正确,目标用例,三人一致,多数裁决,多数裁决,B-多数裁决
ASGD-2027-0466,86f0928927758a91,数量/时量补语候选,补语结构,国际中文教育中文水平等级标准·语法学习手册（初等）,353,是目标语法点,正确,目标用例,三人一致,多数裁决,多数裁决,B-多数裁决
ASGD-2027-0467,d56567d63ecd7fe0,时间状语候选,时间/处所功能结构,国际中文教育中文水平等级标准·语法学习手册（初等）,253,是目标语法点,正确,目标用例,三人一致,三人一致,三人一致,A-三人一致
ASGD-2027-0468,a25b5134849ab43c,因为候选,复句关联结构,国际中文教育中文水平等级标准·语法学习手册（初等）,327,是目标语法点,正确,目标用例,三人一致,多数裁决,多数裁决,B-多数裁决
ASGD-2027-0469,5746ad7dd6901078,不但...而且候选,复句关联结构,国际中文教育中文水平等级标准·语法学习手册（初等）,225,是目标语法点,正确,目标用例,三人一致,多数裁决,多数裁决,B-多数裁决
ASGD-2027-0470,56cdaa4d50105844,给/为/关于等介词框架候选,介词/框架结构,国际中文教育中文水平等级标准·语法学习手册（高等）,212,是目标语法点,正确,目标用例,三人一致,三人一致,三人一致,A-三人一致
ASGD-2027-0471,0d0868ae44420cd5,数量/时量补语候选,补语结构,国际中文教育中文水平等级标准·语法学习手册（中等）,185,是目标语法点,正确,目标用例,三人一致,多数裁决,多数裁决,B-多数裁决
ASGD-2027-0472,58ae9ae993b61523,虽然...但是候选,复句关联结构,国际中文教育中文水平等级标准·语法学习手册（中等）,27,是目标语法点,正确,目标用例,三人一致,多数裁决,多数裁决,B-多数裁决
ASGD-2027-0473,04819cd39b74142e,即使候选,复句关联结构,国际中文教育中文水平等级标准·语法学习手册（中等）,241,是目标语法点,正确,目标用例,三人一致,三人一致,三人一致,A-三人一致
ASGD-2027-0474,6debd3aa815093ce,时间状语候选,时间/处所功能结构,国际中文教育中文水平等级标准·语法学习手册（高等）,87,是目标语法点,正确,目标用例,三人一致,三人一致,三人一致,A-三人一致
ASGD-2027-0475,6290934e105a10cd,比字比较候选,比较构式,国际中文教育中文水平等级标准·语法学习手册（中等）,236,不是目标语法点,候选错误,表层触发但非目标,三人一致,三人一致,三人一致,A-三人一致
ASGD-2027-0476,76576e88ed7f1813,被字句候选,被动/受事凸显构式,国际中文教育中文水平等级标准·语法学习手册（中等）,369,是目标语法点,正确,目标用例,三人一致,三人一致,三人一致,A-三人一致
ASGD-2027-0477,e9feba15fe55a6c4,连动结构候选,多谓词/论元结构,国际中文教育中文水平等级标准·语法学习手册（中等）,152,是目标语法点,正确,目标用例,三人一致,三人一致,三人一致,A-三人一致
ASGD-2027-0478,48b4e1581af4fa48,时间状语候选,时间/处所功能结构,国际中文教育中文水平等级标准·语法学习手册（初等）,140,是目标语法点,正确,目标用例,多数裁决,多数裁决,多数裁决,B-多数裁决
ASGD-2027-0479,33b5ddd234c4491d,向/往/朝介词框架候选,介词/框架结构,国际中文教育中文水平等级标准·语法学习手册（初等）,171,是目标语法点,正确,目标用例,三人一致,三人一致,三人一致,A-三人一致
ASGD-2027-0480,d9b5e54c2ce99d85,虽然候选,复句关联结构,国际中文教育中文水平等级标准·语法学习手册（高等）,24,是目标语法点,正确,目标用例,三人一致,多数裁决,多数裁决,B-多数裁决
ASGD-2027-0481,955364dd87ae38eb,数量/时量补语候选,补语结构,国际中文教育中文水平等级标准·语法学习手册（初等）,54,是目标语法点,正确,目标用例,多数裁决,多数裁决,多数裁决,B-多数裁决
ASGD-2027-0482,622564c21f8e2236,得字补语候选,补语结构,国际中文教育中文水平等级标准·语法学习手册（中等）,254,是目标语法点,正确,目标用例,三人一致,多数裁决,多数裁决,B-多数裁决
ASGD-2027-0483,8d5e2c7464b3a824,即使候选,复句关联结构,国际中文教育中文水平等级标准·语法学习手册（高等）,140,是目标语法点,正确,目标用例,三人一致,三人一致,三人一致,A-三人一致
ASGD-2027-0484,10011da62d0c386e,把字句候选,处置/受事重组构式,国际中文教育中文水平等级标准·语法学习手册（中等）,81,是目标语法点,正确,目标用例,三人一致,多数裁决,多数裁决,B-多数裁决
ASGD-2027-0485,4efd9470fd417647,被字句候选,被动/受事凸显构式,国际中文教育中文水平等级标准·语法学习手册（高等）,164,不是目标语法点,候选错误,表层触发但非目标,三人一致,三人一致,三人一致,A-三人一致
ASGD-2027-0486,efb3ea6c2e106fbe,不但...而且候选,复句关联结构,国际中文教育中文水平等级标准·语法学习手册（初等）,225,是目标语法点,正确,目标用例,三人一致,多数裁决,多数裁决,B-多数裁决
ASGD-2027-0487,cb19c24e29c41cd2,比字比较候选,比较构式,国际中文教育中文水平等级标准·语法学习手册（高等）,129,是目标语法点,正确,目标用例,三人一致,三人一致,三人一致,A-三人一致
ASGD-2027-0488,a635dfa83adad7fc,给/为/关于等介词框架候选,介词/框架结构,国际中文教育中文水平等级标准·语法学习手册（初等）,375,是目标语法点,正确,目标用例,多数裁决,多数裁决,多数裁决,B-多数裁决
ASGD-2027-0489,722fe72e23516c1e,越...越候选,比较构式,国际中文教育中文水平等级标准·语法学习手册（初等）,192,是目标语法点,边界过长,边界问题,多数裁决,无多数-标注者2裁决,无多数-标注者2裁决,C-标注者2裁决
ASGD-2027-0490,eacad24698482407,时间状语候选,时间/处所功能结构,国际中文教育中文水平等级标准·语法学习手册（中等）,357,是目标语法点,正确,目标用例,三人一致,三人一致,三人一致,A-三人一致
ASGD-2027-0491,577ae3d2888a2847,时间状语候选,时间/处所功能结构,国际中文教育中文水平等级标准·语法学习手册（初等）,103,是目标语法点,正确,目标用例,三人一致,三人一致,三人一致,A-三人一致
ASGD-2027-0492,b26487d6a9302556,向/往/朝介词框架候选,介词/框架结构,国际中文教育中文水平等级标准·语法学习手册（初等）,322,是目标语法点,正确,目标用例,三人一致,三人一致,三人一致,A-三人一致
ASGD-2027-0493,047b3ee457ea0219,被字句候选,被动/受事凸显构式,国际中文教育中文水平等级标准·语法学习手册（高等）,33,是目标语法点,正确,目标用例,三人一致,三人一致,三人一致,A-三人一致
ASGD-2027-0494,e2fa72aebb77cc8b,把字句候选,处置/受事重组构式,国际中文教育中文水平等级标准·语法学习手册（中等）,320,是目标语法点,正确,目标用例,三人一致,多数裁决,多数裁决,B-多数裁决
ASGD-2027-0495,1153950a4441e262,没有比较候选,比较构式,国际中文教育中文水平等级标准·语法学习手册（初等）,65,不是目标语法点,候选错误,表层触发但非目标,多数裁决,多数裁决,多数裁决,B-多数裁决
ASGD-2027-0496,d6bb53357be542f8,被字句候选,被动/受事凸显构式,国际中文教育中文水平等级标准·语法学习手册（初等）,359,是目标语法点,边界不完整,边界问题,多数裁决,多数裁决,多数裁决,B-多数裁决
ASGD-2027-0497,0288289d33d24674,对字介词框架候选,介词/框架结构,国际中文教育中文水平等级标准·语法学习手册（初等）,174,是目标语法点,正确,目标用例,三人一致,三人一致,三人一致,A-三人一致
ASGD-2027-0498,1ff64fa97a453bc6,数量/时量补语候选,补语结构,国际中文教育中文水平等级标准·语法学习手册（初等）,266,是目标语法点,正确,目标用例,三人一致,多数裁决,多数裁决,B-多数裁决
ASGD-2027-0499,91a0717dc457bb6b,处所状语候选,时间/处所功能结构,国际中文教育中文水平等级标准·语法学习手册（中等）,175,不是目标语法点,候选错误,表层触发但非目标,多数裁决,多数裁决,多数裁决,B-多数裁决
ASGD-2027-0500,5cba7edfc1e4bc5e,如果...就候选,复句关联结构,国际中文教育中文水平等级标准·语法学习手册（初等）,157,是目标语法点,正确,目标用例,三人一致,多数裁决,多数裁决,B-多数裁决
ASGD-2027-0501,bfc116d3500602d8,数量/时量补语候选,补语结构,国际中文教育中文水平等级标准·语法学习手册（初等）,69,是目标语法点,正确,目标用例,多数裁决,多数裁决,多数裁决,B-多数裁决
ASGD-2027-0502,60f568f2bdecc5c6,没有比较候选,比较构式,国际中文教育中文水平等级标准·语法学习手册（初等）,102,不是目标语法点,候选错误,表层触发但非目标,三人一致,三人一致,三人一致,A-三人一致
ASGD-2027-0503,a978c61a3dc509ec,时间状语候选,时间/处所功能结构,国际中文教育中文水平等级标准·语法学习手册（中等）,39,是目标语法点,正确,目标用例,多数裁决,多数裁决,多数裁决,B-多数裁决
ASGD-2027-0504,d9cac5273dd70d22,数量/时量补语候选,补语结构,国际中文教育中文水平等级标准·语法学习手册（初等）,299,是目标语法点,正确,目标用例,三人一致,多数裁决,多数裁决,B-多数裁决
ASGD-2027-0505,d0cf7b06b36e40e9,时间状语候选,时间/处所功能结构,国际中文教育中文水平等级标准·语法学习手册（高等）,121,是目标语法点,正确,目标用例,三人一致,三人一致,三人一致,A-三人一致
ASGD-2027-0506,0fe8cf75f4c8fd8f,处所状语候选,时间/处所功能结构,国际中文教育中文水平等级标准·语法学习手册（初等）,20,不是目标语法点,候选错误,表层触发但非目标,多数裁决,多数裁决,多数裁决,B-多数裁决
ASGD-2027-0507,6671fc591cbe17b2,把字句候选,处置/受事重组构式,国际中文教育中文水平等级标准·语法学习手册（高等）,36,是目标语法点,正确,目标用例,三人一致,三人一致,三人一致,A-三人一致
ASGD-2027-0508,e3a6f722ac41fd50,得字补语候选,补语结构,国际中文教育中文水平等级标准·语法学习手册（中等）,133,是目标语法点,候选错误,表层触发但非目标,多数裁决,无多数-标注者2裁决,无多数-标注者2裁决,C-标注者2裁决
ASGD-2027-0509,621b79df2ecb46bb,没有比较候选,比较构式,国际中文教育中文水平等级标准·语法学习手册（高等）,62,不是目标语法点,候选错误,表层触发但非目标,三人一致,三人一致,三人一致,A-三人一致
ASGD-2027-0510,b9baf1495aee9ff3,把字句候选,处置/受事重组构式,国际中文教育中文水平等级标准·语法学习手册（中等）,105,不是目标语法点,候选错误,表层触发但非目标,多数裁决,多数裁决,多数裁决,B-多数裁决
ASGD-2027-0511,a1be444dbd6a21c2,给/为/关于等介词框架候选,介词/框架结构,国际中文教育中文水平等级标准·语法学习手册（高等）,53,是目标语法点,正确,目标用例,多数裁决,多数裁决,多数裁决,B-多数裁决
ASGD-2027-0512,d4281449c2af7f35,把字句候选,处置/受事重组构式,国际中文教育中文水平等级标准·语法学习手册（高等）,68,是目标语法点,正确,目标用例,三人一致,多数裁决,多数裁决,B-多数裁决
ASGD-2027-0513,3ebf0706a27fc142,把字句候选,处置/受事重组构式,国际中文教育中文水平等级标准·语法学习手册（中等）,219,是目标语法点,正确,目标用例,三人一致,多数裁决,多数裁决,B-多数裁决
ASGD-2027-0514,21759ec642bda7e8,时间状语候选,时间/处所功能结构,国际中文教育中文水平等级标准·语法学习手册（高等）,12,是目标语法点,正确,目标用例,三人一致,三人一致,三人一致,A-三人一致
ASGD-2027-0515,5c804706aa69aeb4,时间状语候选,时间/处所功能结构,国际中文教育中文水平等级标准·语法学习手册（初等）,277,是目标语法点,正确,目标用例,多数裁决,多数裁决,多数裁决,B-多数裁决
ASGD-2027-0516,22c7493e61e4f61f,向/往/朝介词框架候选,介词/框架结构,国际中文教育中文水平等级标准·语法学习手册（初等）,324,是目标语法点,正确,目标用例,三人一致,三人一致,三人一致,A-三人一致
ASGD-2027-0517,5c7ebd1aff981270,比字比较候选,比较构式,国际中文教育中文水平等级标准·语法学习手册（中等）,130,不是目标语法点,候选错误,表层触发但非目标,三人一致,三人一致,三人一致,A-三人一致
ASGD-2027-0518,87e6222467780fcd,把字句候选,处置/受事重组构式,国际中文教育中文水平等级标准·语法学习手册（中等）,336,是目标语法点,正确,目标用例,多数裁决,无多数-标注者2裁决,无多数-标注者2裁决,C-标注者2裁决
ASGD-2027-0519,8ab533148fcd83c7,把字句候选,处置/受事重组构式,国际中文教育中文水平等级标准·语法学习手册（中等）,370,是目标语法点,候选错误,表层触发但非目标,多数裁决,无多数-标注者2裁决,无多数-标注者2裁决,C-标注者2裁决
ASGD-2027-0520,4e98619fecb8d1ac,处所状语候选,时间/处所功能结构,国际中文教育中文水平等级标准·语法学习手册（初等）,66,是目标语法点,边界过长,边界问题,多数裁决,无多数-标注者2裁决,无多数-标注者2裁决,C-标注者2裁决
ASGD-2027-0521,44baccedfeb5b2bd,在字介词框架候选,介词/框架结构,国际中文教育中文水平等级标准·语法学习手册（高等）,124,是目标语法点,正确,目标用例,三人一致,多数裁决,多数裁决,B-多数裁决
ASGD-2027-0522,63372e7faaa018c4,时间状语候选,时间/处所功能结构,国际中文教育中文水平等级标准·语法学习手册（中等）,167,是目标语法点,正确,目标用例,三人一致,三人一致,三人一致,A-三人一致
ASGD-2027-0523,550feb0a79c1785f,把字句候选,处置/受事重组构式,国际中文教育中文水平等级标准·语法学习手册（高等）,151,是目标语法点,正确,目标用例,三人一致,多数裁决,多数裁决,B-多数裁决
ASGD-2027-0524,aff52f0fd48dcb63,时间状语候选,时间/处所功能结构,国际中文教育中文水平等级标准·语法学习手册（中等）,203,是目标语法点,正确,目标用例,三人一致,多数裁决,多数裁决,B-多数裁决
ASGD-2027-0525,576ffe5cfc373068,时间状语候选,时间/处所功能结构,国际中文教育中文水平等级标准·语法学习手册（中等）,273,是目标语法点,正确,目标用例,多数裁决,多数裁决,多数裁决,B-多数裁决
ASGD-2027-0526,318d5ed5256af8ed,处所状语候选,时间/处所功能结构,国际中文教育中文水平等级标准·语法学习手册（中等）,40,是目标语法点,边界不完整,边界问题,多数裁决,无多数-标注者2裁决,无多数-标注者2裁决,C-标注者2裁决
ASGD-2027-0527,36d0e6553acf305f,时间状语候选,时间/处所功能结构,国际中文教育中文水平等级标准·语法学习手册（初等）,58,是目标语法点,正确,目标用例,三人一致,三人一致,三人一致,A-三人一致
ASGD-2027-0528,7bc19279bf2b5ba0,把字句候选,处置/受事重组构式,国际中文教育中文水平等级标准·语法学习手册（中等）,114,不确定/需复核,不确定,不确定,无多数-标注者2裁决,无多数-标注者2裁决,无多数-标注者2裁决,C-标注者2裁决
ASGD-2027-0529,e69327bc3b1efc9f,时间状语候选,时间/处所功能结构,国际中文教育中文水平等级标准·语法学习手册（高等）,199,是目标语法点,正确,目标用例,三人一致,三人一致,三人一致,A-三人一致
ASGD-2027-0530,6e731afd0f1ec757,把字句候选,处置/受事重组构式,国际中文教育中文水平等级标准·语法学习手册（中等）,219,是目标语法点,正确,目标用例,三人一致,多数裁决,多数裁决,B-多数裁决
ASGD-2027-0531,dc73c8f32f7fe61c,时间状语候选,时间/处所功能结构,国际中文教育中文水平等级标准·语法学习手册（中等）,79,是目标语法点,正确,目标用例,三人一致,三人一致,三人一致,A-三人一致
ASGD-2027-0532,f35e185d5260fbf1,给/为/关于等介词框架候选,介词/框架结构,国际中文教育中文水平等级标准·语法学习手册（初等）,328,是目标语法点,正确,目标用例,三人一致,三人一致,三人一致,A-三人一致
ASGD-2027-0533,389e78fe523ed472,得字补语候选,补语结构,国际中文教育中文水平等级标准·语法学习手册（中等）,206,是目标语法点,正确,目标用例,三人一致,多数裁决,多数裁决,B-多数裁决
ASGD-2027-0534,57143b13209b06cb,结果补语候选,补语结构,国际中文教育中文水平等级标准·语法学习手册（初等）,68,是目标语法点,正确,目标用例,三人一致,三人一致,三人一致,A-三人一致
ASGD-2027-0535,8fb34064b36008ff,双宾/给予结构候选,多谓词/论元结构,国际中文教育中文水平等级标准·语法学习手册（高等）,201,是目标语法点,正确,目标用例,多数裁决,多数裁决,多数裁决,B-多数裁决
ASGD-2027-0536,1699d0f2ffc1708c,处所状语候选,时间/处所功能结构,国际中文教育中文水平等级标准·语法学习手册（中等）,86,是目标语法点,正确,目标用例,多数裁决,多数裁决,多数裁决,B-多数裁决
ASGD-2027-0537,350ea61cd44c7357,处所状语候选,时间/处所功能结构,国际中文教育中文水平等级标准·语法学习手册（中等）,39,不是目标语法点,候选错误,表层触发但非目标,多数裁决,多数裁决,多数裁决,B-多数裁决
ASGD-2027-0538,4fda91bba85c6c28,没有比较候选,比较构式,国际中文教育中文水平等级标准·语法学习手册（初等）,94,不是目标语法点,候选错误,表层触发但非目标,三人一致,三人一致,三人一致,A-三人一致
ASGD-2027-0539,74a8b60592741ba9,从字介词框架候选,介词/框架结构,国际中文教育中文水平等级标准·语法学习手册（初等）,173,是目标语法点,正确,目标用例,三人一致,多数裁决,多数裁决,B-多数裁决
ASGD-2027-0540,3baaba4b241deaa2,把字句候选,处置/受事重组构式,国际中文教育中文水平等级标准·语法学习手册（中等）,340,是目标语法点,正确,目标用例,三人一致,多数裁决,多数裁决,B-多数裁决
ASGD-2027-0541,d7c60095f16ed113,数量/时量补语候选,补语结构,国际中文教育中文水平等级标准·语法学习手册（中等）,232,是目标语法点,候选错误,表层触发但非目标,多数裁决,无多数-标注者2裁决,无多数-标注者2裁决,C-标注者2裁决
ASGD-2027-0542,062a9404b3d210c2,把字句候选,处置/受事重组构式,国际中文教育中文水平等级标准·语法学习手册（高等）,73,是目标语法点,正确,目标用例,三人一致,三人一致,三人一致,A-三人一致
ASGD-2027-0543,7515b69693bc2b47,对字介词框架候选,介词/框架结构,国际中文教育中文水平等级标准·语法学习手册（高等）,132,是目标语法点,正确,目标用例,三人一致,三人一致,三人一致,A-三人一致
ASGD-2027-0544,1be3702fc5629ab4,越...越候选,比较构式,国际中文教育中文水平等级标准·语法学习手册（中等）,382,是目标语法点,正确,目标用例,三人一致,三人一致,三人一致,A-三人一致
ASGD-2027-0545,a8fc11b62b1ff0ea,在字介词框架候选,介词/框架结构,国际中文教育中文水平等级标准·语法学习手册（中等）,318,是目标语法点,正确,目标用例,三人一致,多数裁决,多数裁决,B-多数裁决
ASGD-2027-0546,71f407cf6de2b603,把字句候选,处置/受事重组构式,国际中文教育中文水平等级标准·语法学习手册（中等）,221,是目标语法点,正确,目标用例,三人一致,三人一致,三人一致,A-三人一致
ASGD-2027-0547,8b7668d10b1cd817,处所状语候选,时间/处所功能结构,国际中文教育中文水平等级标准·语法学习手册（中等）,331,不是目标语法点,候选错误,表层触发但非目标,多数裁决,多数裁决,多数裁决,B-多数裁决
ASGD-2027-0548,7a47549bee185725,对字介词框架候选,介词/框架结构,国际中文教育中文水平等级标准·语法学习手册（中等）,349,不是目标语法点,候选错误,表层触发但非目标,多数裁决,多数裁决,多数裁决,B-多数裁决
ASGD-2027-0549,e0858f56309390cb,处所状语候选,时间/处所功能结构,国际中文教育中文水平等级标准·语法学习手册（初等）,19,是目标语法点,正确,目标用例,三人一致,多数裁决,多数裁决,B-多数裁决
ASGD-2027-0550,07a0949f3d4a4f5c,把字句候选,处置/受事重组构式,国际中文教育中文水平等级标准·语法学习手册（中等）,313,是目标语法点,边界过长,边界问题,多数裁决,多数裁决,多数裁决,B-多数裁决
ASGD-2027-0551,f9c9ebcd886189c9,把字句候选,处置/受事重组构式,国际中文教育中文水平等级标准·语法学习手册（中等）,223,是目标语法点,正确,目标用例,三人一致,三人一致,三人一致,A-三人一致
ASGD-2027-0552,ac1bf4b14e65b661,向/往/朝介词框架候选,介词/框架结构,国际中文教育中文水平等级标准·语法学习手册（初等）,322,是目标语法点,正确,目标用例,三人一致,三人一致,三人一致,A-三人一致
ASGD-2027-0553,f03bf3f3d18689f0,在字介词框架候选,介词/框架结构,国际中文教育中文水平等级标准·语法学习手册（初等）,306,是目标语法点,正确,目标用例,三人一致,多数裁决,多数裁决,B-多数裁决
ASGD-2027-0554,661b3a28c12634c4,比字比较候选,比较构式,国际中文教育中文水平等级标准·语法学习手册（初等）,363,是目标语法点,正确,目标用例,三人一致,三人一致,三人一致,A-三人一致
ASGD-2027-0555,40e845fefe1a2105,因为候选,复句关联结构,国际中文教育中文水平等级标准·语法学习手册（高等）,150,是目标语法点,正确,目标用例,三人一致,多数裁决,多数裁决,B-多数裁决
ASGD-2027-0556,d4b283f76537175f,双宾/给予结构候选,多谓词/论元结构,国际中文教育中文水平等级标准·语法学习手册（高等）,209,是目标语法点,正确,目标用例,多数裁决,多数裁决,多数裁决,B-多数裁决
ASGD-2027-0557,1f12cccdde2e13c1,在字介词框架候选,介词/框架结构,国际中文教育中文水平等级标准·语法学习手册（高等）,213,是目标语法点,正确,目标用例,多数裁决,多数裁决,多数裁决,B-多数裁决
ASGD-2027-0558,280e439a6417d7af,在字介词框架候选,介词/框架结构,国际中文教育中文水平等级标准·语法学习手册（中等）,362,是目标语法点,正确,目标用例,多数裁决,多数裁决,多数裁决,B-多数裁决
ASGD-2027-0559,88049bda090fe291,得字补语候选,补语结构,国际中文教育中文水平等级标准·语法学习手册（高等）,38,是目标语法点,正确,目标用例,多数裁决,无多数-标注者2裁决,无多数-标注者2裁决,C-标注者2裁决
ASGD-2027-0560,7f0e4a03f5dcb902,时间状语候选,时间/处所功能结构,国际中文教育中文水平等级标准·语法学习手册（初等）,300,是目标语法点,正确,目标用例,三人一致,三人一致,三人一致,A-三人一致
ASGD-2027-0561,a673e57176851146,被字句候选,被动/受事凸显构式,国际中文教育中文水平等级标准·语法学习手册（中等）,83,是目标语法点,边界过长,边界问题,三人一致,多数裁决,多数裁决,B-多数裁决
ASGD-2027-0562,9f1ef2f7c1d93293,在字介词框架候选,介词/框架结构,国际中文教育中文水平等级标准·语法学习手册（中等）,341,是目标语法点,正确,目标用例,三人一致,多数裁决,多数裁决,B-多数裁决
ASGD-2027-0563,003865efc1b5dd9f,被字句候选,被动/受事凸显构式,国际中文教育中文水平等级标准·语法学习手册（初等）,358,是目标语法点,正确,目标用例,三人一致,三人一致,三人一致,A-三人一致
ASGD-2027-0564,8a470da589c97c25,得字补语候选,补语结构,国际中文教育中文水平等级标准·语法学习手册（初等）,348,是目标语法点,候选错误,表层触发但非目标,多数裁决,无多数-标注者2裁决,无多数-标注者2裁决,C-标注者2裁决
ASGD-2027-0565,111da66491d5b41c,得字补语候选,补语结构,国际中文教育中文水平等级标准·语法学习手册（中等）,199,不是目标语法点,候选错误,表层触发但非目标,多数裁决,多数裁决,多数裁决,B-多数裁决
ASGD-2027-0566,b7cc95edff44fc35,时间状语候选,时间/处所功能结构,国际中文教育中文水平等级标准·语法学习手册（初等）,208,是目标语法点,正确,目标用例,三人一致,三人一致,三人一致,A-三人一致
ASGD-2027-0567,f4651c54d8c1a47b,处所状语候选,时间/处所功能结构,国际中文教育中文水平等级标准·语法学习手册（中等）,293,是目标语法点,边界不完整,边界问题,多数裁决,无多数-标注者2裁决,无多数-标注者2裁决,C-标注者2裁决
ASGD-2027-0568,9c1ee848548fdf12,把字句候选,处置/受事重组构式,国际中文教育中文水平等级标准·语法学习手册（中等）,221,是目标语法点,正确,目标用例,三人一致,三人一致,三人一致,A-三人一致
ASGD-2027-0569,5f1257caa2165d0b,把字句候选,处置/受事重组构式,国际中文教育中文水平等级标准·语法学习手册（中等）,244,是目标语法点,正确,目标用例,三人一致,三人一致,三人一致,A-三人一致
ASGD-2027-0570,a49380689a842a1d,处所状语候选,时间/处所功能结构,国际中文教育中文水平等级标准·语法学习手册（初等）,21,是目标语法点,正确,目标用例,三人一致,多数裁决,多数裁决,B-多数裁决
ASGD-2027-0571,5e3309f9769217fb,得字补语候选,补语结构,国际中文教育中文水平等级标准·语法学习手册（高等）,94,是目标语法点,正确,目标用例,三人一致,多数裁决,多数裁决,B-多数裁决
ASGD-2027-0572,8446fe153c2f35c5,把字句候选,处置/受事重组构式,国际中文教育中文水平等级标准·语法学习手册（中等）,321,是目标语法点,正确,目标用例,三人一致,三人一致,三人一致,A-三人一致
ASGD-2027-0573,00875091362ea8c7,时间状语候选,时间/处所功能结构,国际中文教育中文水平等级标准·语法学习手册（高等）,86,是目标语法点,正确,目标用例,多数裁决,多数裁决,多数裁决,B-多数裁决
ASGD-2027-0574,906d0ed4131d065f,在字介词框架候选,介词/框架结构,国际中文教育中文水平等级标准·语法学习手册（初等）,57,是目标语法点,正确,目标用例,多数裁决,多数裁决,多数裁决,B-多数裁决
ASGD-2027-0575,14a3900abdf4cc49,把字句候选,处置/受事重组构式,国际中文教育中文水平等级标准·语法学习手册（中等）,378,是目标语法点,正确,目标用例,三人一致,三人一致,三人一致,A-三人一致
ASGD-2027-0576,390419b2bd9fb0d7,时间状语候选,时间/处所功能结构,国际中文教育中文水平等级标准·语法学习手册（初等）,244,是目标语法点,正确,目标用例,三人一致,三人一致,三人一致,A-三人一致
ASGD-2027-0577,af874600579845fc,从字介词框架候选,介词/框架结构,国际中文教育中文水平等级标准·语法学习手册（初等）,385,是目标语法点,正确,目标用例,三人一致,多数裁决,多数裁决,B-多数裁决
ASGD-2027-0578,50db9adcb5095cc7,时间状语候选,时间/处所功能结构,国际中文教育中文水平等级标准·语法学习手册（初等）,97,是目标语法点,正确,目标用例,三人一致,三人一致,三人一致,A-三人一致
ASGD-2027-0579,289a04db82614984,比字比较候选,比较构式,国际中文教育中文水平等级标准·语法学习手册（高等）,132,是目标语法点,正确,目标用例,三人一致,多数裁决,多数裁决,B-多数裁决
ASGD-2027-0580,966837b640e47907,数量/时量补语候选,补语结构,国际中文教育中文水平等级标准·语法学习手册（初等）,221,是目标语法点,正确,目标用例,多数裁决,多数裁决,多数裁决,B-多数裁决
ASGD-2027-0581,7082d73144e9f59f,比字比较候选,比较构式,国际中文教育中文水平等级标准·语法学习手册（高等）,33,不是目标语法点,候选错误,表层触发但非目标,三人一致,三人一致,三人一致,A-三人一致
ASGD-2027-0582,0e9f203588f8fea2,没有比较候选,比较构式,国际中文教育中文水平等级标准·语法学习手册（中等）,353,不是目标语法点,候选错误,表层触发但非目标,三人一致,三人一致,三人一致,A-三人一致
ASGD-2027-0583,38a7f46335326812,给/为/关于等介词框架候选,介词/框架结构,国际中文教育中文水平等级标准·语法学习手册（高等）,42,不是目标语法点,候选错误,表层触发但非目标,多数裁决,多数裁决,多数裁决,B-多数裁决
ASGD-2027-0584,13f14a52be5da177,越...越候选,比较构式,国际中文教育中文水平等级标准·语法学习手册（中等）,296,是目标语法点,边界过长,边界问题,多数裁决,无多数-标注者2裁决,无多数-标注者2裁决,C-标注者2裁决
ASGD-2027-0585,15f9eb26851d372f,时间状语候选,时间/处所功能结构,国际中文教育中文水平等级标准·语法学习手册（初等）,44,是目标语法点,正确,目标用例,三人一致,三人一致,三人一致,A-三人一致
ASGD-2027-0586,39223b85a9080b56,如果候选,复句关联结构,国际中文教育中文水平等级标准·语法学习手册（初等）,233,是目标语法点,正确,目标用例,三人一致,多数裁决,多数裁决,B-多数裁决
ASGD-2027-0587,0cf13011150f9877,把字句候选,处置/受事重组构式,国际中文教育中文水平等级标准·语法学习手册（中等）,339,是目标语法点,正确,目标用例,三人一致,多数裁决,多数裁决,B-多数裁决
ASGD-2027-0588,b9f45eb1496baa8f,比字比较候选,比较构式,国际中文教育中文水平等级标准·语法学习手册（高等）,129,是目标语法点,正确,目标用例,三人一致,三人一致,三人一致,A-三人一致
ASGD-2027-0589,58bb61eb72a807e9,一边...一边候选,复句关联结构,国际中文教育中文水平等级标准·语法学习手册（初等）,99,是目标语法点,正确,目标用例,三人一致,多数裁决,多数裁决,B-多数裁决
ASGD-2027-0590,89eb53537d963fbf,数量/时量补语候选,补语结构,国际中文教育中文水平等级标准·语法学习手册（中等）,153,是目标语法点,正确,目标用例,三人一致,多数裁决,多数裁决,B-多数裁决
ASGD-2027-0591,f249dec114699be5,数量/时量补语候选,补语结构,国际中文教育中文水平等级标准·语法学习手册（高等）,134,是目标语法点,候选错误,表层触发但非目标,多数裁决,无多数-标注者2裁决,无多数-标注者2裁决,C-标注者2裁决
ASGD-2027-0592,7428bc14b2a9ac85,比字比较候选,比较构式,国际中文教育中文水平等级标准·语法学习手册（初等）,209,是目标语法点,正确,目标用例,三人一致,三人一致,三人一致,A-三人一致
ASGD-2027-0593,e25f4a47570cc3e8,在字介词框架候选,介词/框架结构,国际中文教育中文水平等级标准·语法学习手册（中等）,69,是目标语法点,正确,目标用例,三人一致,三人一致,三人一致,A-三人一致
ASGD-2027-0594,37b7a37fadc75b72,从字介词框架候选,介词/框架结构,国际中文教育中文水平等级标准·语法学习手册（初等）,347,是目标语法点,正确,目标用例,三人一致,多数裁决,多数裁决,B-多数裁决
ASGD-2027-0595,2f8486196e902700,从字介词框架候选,介词/框架结构,国际中文教育中文水平等级标准·语法学习手册（初等）,320,是目标语法点,正确,目标用例,三人一致,三人一致,三人一致,A-三人一致
ASGD-2027-0596,de9931bdfd6635b1,在字介词框架候选,介词/框架结构,国际中文教育中文水平等级标准·语法学习手册（中等）,68,是目标语法点,正确,目标用例,三人一致,多数裁决,多数裁决,B-多数裁决
ASGD-2027-0597,94203ac2d1916d17,把字句候选,处置/受事重组构式,国际中文教育中文水平等级标准·语法学习手册（中等）,340,是目标语法点,正确,目标用例,三人一致,多数裁决,多数裁决,B-多数裁决
ASGD-2027-0598,56095b69d770047e,双宾/给予结构候选,多谓词/论元结构,国际中文教育中文水平等级标准·语法学习手册（中等）,261,是目标语法点,正确,目标用例,多数裁决,多数裁决,多数裁决,B-多数裁决
ASGD-2027-0599,801b7ea1965c7166,从字介词框架候选,介词/框架结构,国际中文教育中文水平等级标准·语法学习手册（初等）,281,是目标语法点,正确,目标用例,多数裁决,多数裁决,多数裁决,B-多数裁决
ASGD-2027-0600,f66d0d22446bed3c,如果...就候选,复句关联结构,国际中文教育中文水平等级标准·语法学习手册（初等）,232,是目标语法点,正确,目标用例,三人一致,多数裁决,多数裁决,B-多数裁决
ASGD-2027-0601,fc4b38af1668f476,没有比较候选,比较构式,国际中文教育中文水平等级标准·语法学习手册（中等）,87,不是目标语法点,候选错误,表层触发但非目标,三人一致,三人一致,三人一致,A-三人一致
ASGD-2027-0602,d28250e9cd3febb5,可能补语候选,补语结构,国际中文教育中文水平等级标准·语法学习手册（高等）,200,是目标语法点,正确,目标用例,三人一致,三人一致,三人一致,A-三人一致
ASGD-2027-0603,99151e6a69257275,比字比较候选,比较构式,国际中文教育中文水平等级标准·语法学习手册（初等）,364,是目标语法点,正确,目标用例,三人一致,三人一致,三人一致,A-三人一致
ASGD-2027-0604,a37819e568627466,处所状语候选,时间/处所功能结构,国际中文教育中文水平等级标准·语法学习手册（初等）,21,不是目标语法点,候选错误,表层触发但非目标,多数裁决,多数裁决,多数裁决,B-多数裁决
ASGD-2027-0605,3cd833b0f5308f8d,双宾/给予结构候选,多谓词/论元结构,国际中文教育中文水平等级标准·语法学习手册（高等）,139,是目标语法点,正确,目标用例,多数裁决,多数裁决,多数裁决,B-多数裁决
ASGD-2027-0606,29410ec47ce3d9a4,把字句候选,处置/受事重组构式,国际中文教育中文水平等级标准·语法学习手册（高等）,67,是目标语法点,正确,目标用例,三人一致,三人一致,三人一致,A-三人一致
ASGD-2027-0607,9590a00e0669042c,得字补语候选,补语结构,国际中文教育中文水平等级标准·语法学习手册（高等）,122,是目标语法点,正确,目标用例,三人一致,多数裁决,多数裁决,B-多数裁决
ASGD-2027-0608,02d08c8336700666,把字句候选,处置/受事重组构式,国际中文教育中文水平等级标准·语法学习手册（中等）,287,是目标语法点,正确,目标用例,三人一致,多数裁决,多数裁决,B-多数裁决
ASGD-2027-0609,7d766767cdc381c8,得字补语候选,补语结构,国际中文教育中文水平等级标准·语法学习手册（高等）,137,是目标语法点,正确,目标用例,三人一致,多数裁决,多数裁决,B-多数裁决
ASGD-2027-0610,edf9a7d37ac78a83,没有比较候选,比较构式,国际中文教育中文水平等级标准·语法学习手册（初等）,94,不是目标语法点,候选错误,表层触发但非目标,三人一致,三人一致,三人一致,A-三人一致
ASGD-2027-0611,e04433d907b4ae95,向/往/朝介词框架候选,介词/框架结构,国际中文教育中文水平等级标准·语法学习手册（中等）,157,是目标语法点,正确,目标用例,多数裁决,多数裁决,多数裁决,B-多数裁决
ASGD-2027-0612,107a88d54a3cca80,没有比较候选,比较构式,国际中文教育中文水平等级标准·语法学习手册（中等）,80,不是目标语法点,候选错误,表层触发但非目标,三人一致,三人一致,三人一致,A-三人一致
ASGD-2027-0613,d36da8f2b5dc549d,给/为/关于等介词框架候选,介词/框架结构,国际中文教育中文水平等级标准·语法学习手册（初等）,182,是目标语法点,正确,目标用例,多数裁决,多数裁决,多数裁决,B-多数裁决
ASGD-2027-0614,1d2cc7a4fa29a77f,连动结构候选,多谓词/论元结构,国际中文教育中文水平等级标准·语法学习手册（初等）,279,是目标语法点,正确,目标用例,三人一致,多数裁决,多数裁决,B-多数裁决
ASGD-2027-0615,e9a3fee94036b523,把字句候选,处置/受事重组构式,国际中文教育中文水平等级标准·语法学习手册（中等）,381,是目标语法点,正确,目标用例,三人一致,多数裁决,多数裁决,B-多数裁决
ASGD-2027-0616,b34e32bfe1c9981c,比字比较候选,比较构式,国际中文教育中文水平等级标准·语法学习手册（高等）,131,是目标语法点,正确,目标用例,三人一致,三人一致,三人一致,A-三人一致
ASGD-2027-0617,d316801da288e15a,因为候选,复句关联结构,国际中文教育中文水平等级标准·语法学习手册（中等）,267,是目标语法点,边界过长,边界问题,三人一致,多数裁决,多数裁决,B-多数裁决
ASGD-2027-0618,3e18e3ab9e8c9a58,时间状语候选,时间/处所功能结构,国际中文教育中文水平等级标准·语法学习手册（初等）,335,是目标语法点,正确,目标用例,多数裁决,多数裁决,多数裁决,B-多数裁决
ASGD-2027-0619,a229d0c711e97499,双宾/给予结构候选,多谓词/论元结构,国际中文教育中文水平等级标准·语法学习手册（初等）,186,不是目标语法点,候选错误,表层触发但非目标,多数裁决,多数裁决,多数裁决,B-多数裁决
ASGD-2027-0620,5f1ef06aa04aac10,被字句候选,被动/受事凸显构式,国际中文教育中文水平等级标准·语法学习手册（高等）,213,是目标语法点,正确,目标用例,多数裁决,多数裁决,多数裁决,B-多数裁决
ASGD-2027-0621,f52dab014375ce20,时间状语候选,时间/处所功能结构,国际中文教育中文水平等级标准·语法学习手册（中等）,65,是目标语法点,正确,目标用例,三人一致,三人一致,三人一致,A-三人一致
ASGD-2027-0622,0c7cbc03420bbf0b,把字句候选,处置/受事重组构式,国际中文教育中文水平等级标准·语法学习手册（中等）,78,是目标语法点,正确,目标用例,三人一致,多数裁决,多数裁决,B-多数裁决
ASGD-2027-0623,9b4669ad8d370b4a,把字句候选,处置/受事重组构式,国际中文教育中文水平等级标准·语法学习手册（高等）,69,是目标语法点,正确,目标用例,三人一致,多数裁决,多数裁决,B-多数裁决
ASGD-2027-0624,f3dd545f9cc1c8df,把字句候选,处置/受事重组构式,国际中文教育中文水平等级标准·语法学习手册（中等）,221,是目标语法点,正确,目标用例,三人一致,三人一致,三人一致,A-三人一致
ASGD-2027-0625,cc9ae28ca71e88a5,在字介词框架候选,介词/框架结构,国际中文教育中文水平等级标准·语法学习手册（初等）,280,是目标语法点,正确,目标用例,三人一致,多数裁决,多数裁决,B-多数裁决
ASGD-2027-0626,29e099240d4a5992,给/为/关于等介词框架候选,介词/框架结构,国际中文教育中文水平等级标准·语法学习手册（初等）,175,是目标语法点,正确,目标用例,三人一致,三人一致,三人一致,A-三人一致
ASGD-2027-0627,273a71be81fcc196,如果候选,复句关联结构,国际中文教育中文水平等级标准·语法学习手册（中等）,120,是目标语法点,正确,目标用例,三人一致,多数裁决,多数裁决,B-多数裁决
ASGD-2027-0628,e86a262cc197a15d,处所状语候选,时间/处所功能结构,国际中文教育中文水平等级标准·语法学习手册（中等）,86,是目标语法点,正确,目标用例,三人一致,三人一致,三人一致,A-三人一致
ASGD-2027-0629,a505ccac35f9312a,在字介词框架候选,介词/框架结构,国际中文教育中文水平等级标准·语法学习手册（中等）,26,是目标语法点,正确,目标用例,多数裁决,多数裁决,多数裁决,B-多数裁决
ASGD-2027-0630,18e760bf9cda3552,时间状语候选,时间/处所功能结构,国际中文教育中文水平等级标准·语法学习手册（初等）,279,是目标语法点,正确,目标用例,多数裁决,多数裁决,多数裁决,B-多数裁决
ASGD-2027-0631,3b4a1a76e3606b97,在字介词框架候选,介词/框架结构,国际中文教育中文水平等级标准·语法学习手册（初等）,104,是目标语法点,正确,目标用例,多数裁决,多数裁决,多数裁决,B-多数裁决
ASGD-2027-0632,dc86f254142edd33,给/为/关于等介词框架候选,介词/框架结构,国际中文教育中文水平等级标准·语法学习手册（初等）,328,是目标语法点,正确,目标用例,三人一致,三人一致,三人一致,A-三人一致
ASGD-2027-0633,2c8efcd03552838c,既然候选,复句关联结构,国际中文教育中文水平等级标准·语法学习手册（中等）,109,是目标语法点,正确,目标用例,三人一致,三人一致,三人一致,A-三人一致
ASGD-2027-0634,2d9f0a27361fa016,处所状语候选,时间/处所功能结构,国际中文教育中文水平等级标准·语法学习手册（中等）,381,是目标语法点,正确,目标用例,三人一致,多数裁决,多数裁决,B-多数裁决
ASGD-2027-0635,2730cc8d7262d0cd,把字句候选,处置/受事重组构式,国际中文教育中文水平等级标准·语法学习手册（中等）,210,是目标语法点,正确,目标用例,三人一致,多数裁决,多数裁决,B-多数裁决
ASGD-2027-0636,333e2a90e11be063,数量/时量补语候选,补语结构,国际中文教育中文水平等级标准·语法学习手册（中等）,95,是目标语法点,正确,目标用例,三人一致,多数裁决,多数裁决,B-多数裁决
ASGD-2027-0637,aff81ac8028a3dac,把字句候选,处置/受事重组构式,国际中文教育中文水平等级标准·语法学习手册（中等）,331,是目标语法点,正确,目标用例,三人一致,三人一致,三人一致,A-三人一致
ASGD-2027-0638,3f372743d4c8bd80,处所状语候选,时间/处所功能结构,国际中文教育中文水平等级标准·语法学习手册（中等）,265,是目标语法点,正确,目标用例,多数裁决,多数裁决,多数裁决,B-多数裁决
ASGD-2027-0639,e7af83e10a099e5e,比字比较候选,比较构式,国际中文教育中文水平等级标准·语法学习手册（高等）,74,是目标语法点,正确,目标用例,三人一致,三人一致,三人一致,A-三人一致
ASGD-2027-0640,7da01937968ebf2e,把字句候选,处置/受事重组构式,国际中文教育中文水平等级标准·语法学习手册（中等）,231,是目标语法点,边界过长,边界问题,三人一致,多数裁决,多数裁决,B-多数裁决
ASGD-2027-0641,df83bd1213d2676f,时间状语候选,时间/处所功能结构,国际中文教育中文水平等级标准·语法学习手册（初等）,280,是目标语法点,正确,目标用例,三人一致,三人一致,三人一致,A-三人一致
ASGD-2027-0642,485f20cd25cde585,处所状语候选,时间/处所功能结构,国际中文教育中文水平等级标准·语法学习手册（初等）,31,是目标语法点,正确,目标用例,三人一致,三人一致,三人一致,A-三人一致
ASGD-2027-0643,29d11266c5904e39,得字补语候选,补语结构,国际中文教育中文水平等级标准·语法学习手册（中等）,254,是目标语法点,正确,目标用例,三人一致,多数裁决,多数裁决,B-多数裁决
ASGD-2027-0644,accf4b3d5e72d1bd,在字介词框架候选,介词/框架结构,国际中文教育中文水平等级标准·语法学习手册（初等）,68,是目标语法点,正确,目标用例,三人一致,多数裁决,多数裁决,B-多数裁决
ASGD-2027-0645,dcd3ad5651778ca3,得字补语候选,补语结构,国际中文教育中文水平等级标准·语法学习手册（中等）,211,不是目标语法点,候选错误,表层触发但非目标,多数裁决,多数裁决,多数裁决,B-多数裁决
ASGD-2027-0646,23fb78566153bca9,从字介词框架候选,介词/框架结构,国际中文教育中文水平等级标准·语法学习手册（初等）,67,是目标语法点,正确,目标用例,三人一致,多数裁决,多数裁决,B-多数裁决
ASGD-2027-0647,14420f7cb058cd49,双宾/给予结构候选,多谓词/论元结构,国际中文教育中文水平等级标准·语法学习手册（初等）,102,是目标语法点,正确,目标用例,多数裁决,多数裁决,多数裁决,B-多数裁决
ASGD-2027-0648,bc67424b2ecb8ab7,在字介词框架候选,介词/框架结构,国际中文教育中文水平等级标准·语法学习手册（初等）,292,是目标语法点,正确,目标用例,三人一致,三人一致,三人一致,A-三人一致
ASGD-2027-0649,6c1db6049b89f3bd,时间状语候选,时间/处所功能结构,国际中文教育中文水平等级标准·语法学习手册（中等）,66,是目标语法点,正确,目标用例,三人一致,三人一致,三人一致,A-三人一致
ASGD-2027-0650,4e6bfa5dd220f52c,把字句候选,处置/受事重组构式,国际中文教育中文水平等级标准·语法学习手册（高等）,62,是目标语法点,正确,目标用例,三人一致,三人一致,三人一致,A-三人一致
ASGD-2027-0651,baacacbb73775f37,被字句候选,被动/受事凸显构式,国际中文教育中文水平等级标准·语法学习手册（中等）,83,是目标语法点,正确,目标用例,三人一致,三人一致,三人一致,A-三人一致
ASGD-2027-0652,c40448af959e80e5,时间状语候选,时间/处所功能结构,国际中文教育中文水平等级标准·语法学习手册（高等）,64,是目标语法点,正确,目标用例,三人一致,三人一致,三人一致,A-三人一致
ASGD-2027-0653,f64ce09e65f8d6ad,向/往/朝介词框架候选,介词/框架结构,国际中文教育中文水平等级标准·语法学习手册（初等）,171,是目标语法点,正确,目标用例,三人一致,三人一致,三人一致,A-三人一致
ASGD-2027-0654,62cea3e313790f36,时间状语候选,时间/处所功能结构,国际中文教育中文水平等级标准·语法学习手册（高等）,183,是目标语法点,正确,目标用例,三人一致,三人一致,三人一致,A-三人一致
ASGD-2027-0655,c7ce5b2d7a9009e0,比字比较候选,比较构式,国际中文教育中文水平等级标准·语法学习手册（中等）,333,不是目标语法点,候选错误,表层触发但非目标,三人一致,三人一致,三人一致,A-三人一致
ASGD-2027-0656,2b9c8c93cbfb0d66,给/为/关于等介词框架候选,介词/框架结构,国际中文教育中文水平等级标准·语法学习手册（高等）,13,是目标语法点,正确,目标用例,多数裁决,多数裁决,多数裁决,B-多数裁决
ASGD-2027-0657,3bfef5ea52926cba,向/往/朝介词框架候选,介词/框架结构,国际中文教育中文水平等级标准·语法学习手册（中等）,285,是目标语法点,正确,目标用例,三人一致,三人一致,三人一致,A-三人一致
ASGD-2027-0658,ebd9735806c22eda,比字比较候选,比较构式,国际中文教育中文水平等级标准·语法学习手册（高等）,132,是目标语法点,正确,目标用例,三人一致,多数裁决,多数裁决,B-多数裁决
ASGD-2027-0659,648fb85708fb5d76,从字介词框架候选,介词/框架结构,国际中文教育中文水平等级标准·语法学习手册（初等）,66,是目标语法点,边界过长,边界问题,多数裁决,无多数-标注者2裁决,无多数-标注者2裁决,C-标注者2裁决
ASGD-2027-0660,6cb4b622fffa6875,被字句候选,被动/受事凸显构式,国际中文教育中文水平等级标准·语法学习手册（中等）,83,不是目标语法点,候选错误,表层触发但非目标,多数裁决,多数裁决,多数裁决,B-多数裁决
ASGD-2027-0661,9a4c49d3f35bd2d8,双宾/给予结构候选,多谓词/论元结构,国际中文教育中文水平等级标准·语法学习手册（中等）,357,是目标语法点,正确,目标用例,多数裁决,多数裁决,多数裁决,B-多数裁决
ASGD-2027-0662,2a12612b461675b0,所以候选,复句关联结构,国际中文教育中文水平等级标准·语法学习手册（高等）,212,是目标语法点,正确,目标用例,三人一致,三人一致,三人一致,A-三人一致
ASGD-2027-0663,cb3c1a5b8f1d4b10,没有比较候选,比较构式,国际中文教育中文水平等级标准·语法学习手册（初等）,96,是目标语法点,正确,目标用例,多数裁决,多数裁决,多数裁决,B-多数裁决
ASGD-2027-0664,5a9de5478f3e8e09,没有比较候选,比较构式,国际中文教育中文水平等级标准·语法学习手册（中等）,228,不是目标语法点,候选错误,表层触发但非目标,三人一致,三人一致,三人一致,A-三人一致
ASGD-2027-0665,99d35c9c1c187f17,得字补语候选,补语结构,国际中文教育中文水平等级标准·语法学习手册（中等）,141,不是目标语法点,候选错误,表层触发但非目标,三人一致,三人一致,三人一致,A-三人一致
ASGD-2027-0666,ae0df90c26d4b653,处所状语候选,时间/处所功能结构,国际中文教育中文水平等级标准·语法学习手册（初等）,20,是目标语法点,正确,目标用例,多数裁决,多数裁决,多数裁决,B-多数裁决
ASGD-2027-0667,5d0f3480222e715a,得字补语候选,补语结构,国际中文教育中文水平等级标准·语法学习手册（初等）,363,不是目标语法点,候选错误,表层触发但非目标,多数裁决,多数裁决,多数裁决,B-多数裁决
ASGD-2027-0668,7583a6c9fdc33f13,处所状语候选,时间/处所功能结构,国际中文教育中文水平等级标准·语法学习手册（中等）,294,不是目标语法点,候选错误,表层触发但非目标,多数裁决,多数裁决,多数裁决,B-多数裁决
ASGD-2027-0669,4d195ed597669d12,处所状语候选,时间/处所功能结构,国际中文教育中文水平等级标准·语法学习手册（中等）,215,不是目标语法点,候选错误,表层触发但非目标,三人一致,三人一致,三人一致,A-三人一致
ASGD-2027-0670,8e3a3755776ab7e4,被字句候选,被动/受事凸显构式,国际中文教育中文水平等级标准·语法学习手册（初等）,328,是目标语法点,候选错误,表层触发但非目标,多数裁决,无多数-标注者2裁决,无多数-标注者2裁决,C-标注者2裁决
ASGD-2027-0671,5391d60bc8c453c1,双宾/给予结构候选,多谓词/论元结构,国际中文教育中文水平等级标准·语法学习手册（初等）,180,是目标语法点,正确,目标用例,三人一致,三人一致,三人一致,A-三人一致
ASGD-2027-0672,c8afb3ae40f6ac3d,因为...所以候选,复句关联结构,国际中文教育中文水平等级标准·语法学习手册（初等）,237,是目标语法点,正确,目标用例,三人一致,多数裁决,多数裁决,B-多数裁决
ASGD-2027-0673,6eb40ec2e93daec4,得字补语候选,补语结构,国际中文教育中文水平等级标准·语法学习手册（初等）,135,是目标语法点,正确,目标用例,三人一致,多数裁决,多数裁决,B-多数裁决
ASGD-2027-0674,3833a0bf76245957,把字句候选,处置/受事重组构式,国际中文教育中文水平等级标准·语法学习手册（初等）,358,是目标语法点,正确,目标用例,三人一致,三人一致,三人一致,A-三人一致
ASGD-2027-0675,436a74db93a42aeb,处所状语候选,时间/处所功能结构,国际中文教育中文水平等级标准·语法学习手册（初等）,19,是目标语法点,正确,目标用例,三人一致,三人一致,三人一致,A-三人一致
ASGD-2027-0676,bad53a71f19a9a54,时间状语候选,时间/处所功能结构,国际中文教育中文水平等级标准·语法学习手册（中等）,207,是目标语法点,正确,目标用例,三人一致,三人一致,三人一致,A-三人一致
ASGD-2027-0677,edfc748b921b1407,时间状语候选,时间/处所功能结构,国际中文教育中文水平等级标准·语法学习手册（中等）,66,是目标语法点,正确,目标用例,多数裁决,多数裁决,多数裁决,B-多数裁决
ASGD-2027-0678,a84797e7250ae1ab,时间状语候选,时间/处所功能结构,国际中文教育中文水平等级标准·语法学习手册（初等）,66,是目标语法点,正确,目标用例,三人一致,多数裁决,多数裁决,B-多数裁决
ASGD-2027-0679,931afa6e01dee1db,趋向补语候选,补语结构,国际中文教育中文水平等级标准·语法学习手册（初等）,347,是目标语法点,正确,目标用例,三人一致,三人一致,三人一致,A-三人一致
ASGD-2027-0680,ab819d4e505ff3cc,把字句候选,处置/受事重组构式,国际中文教育中文水平等级标准·语法学习手册（中等）,243,是目标语法点,正确,目标用例,三人一致,多数裁决,多数裁决,B-多数裁决
ASGD-2027-0681,f8afdf4e0ab47a4d,时间状语候选,时间/处所功能结构,国际中文教育中文水平等级标准·语法学习手册（高等）,95,是目标语法点,正确,目标用例,三人一致,三人一致,三人一致,A-三人一致
ASGD-2027-0682,4dd2ea43d181a656,对字介词框架候选,介词/框架结构,国际中文教育中文水平等级标准·语法学习手册（高等）,212,是目标语法点,正确,目标用例,多数裁决,多数裁决,多数裁决,B-多数裁决
ASGD-2027-0683,af1d3c24769d0f30,没有比较候选,比较构式,国际中文教育中文水平等级标准·语法学习手册（中等）,156,不是目标语法点,候选错误,表层触发但非目标,三人一致,三人一致,三人一致,A-三人一致
ASGD-2027-0684,b1c9e2182affaa52,处所状语候选,时间/处所功能结构,国际中文教育中文水平等级标准·语法学习手册（中等）,380,不是目标语法点,候选错误,表层触发但非目标,三人一致,三人一致,三人一致,A-三人一致
ASGD-2027-0685,20e4dc0b65855f6d,把字句候选,处置/受事重组构式,国际中文教育中文水平等级标准·语法学习手册（中等）,244,是目标语法点,正确,目标用例,三人一致,多数裁决,多数裁决,B-多数裁决
ASGD-2027-0686,a6f9498f627b1e1d,时间状语候选,时间/处所功能结构,国际中文教育中文水平等级标准·语法学习手册（初等）,230,是目标语法点,正确,目标用例,三人一致,三人一致,三人一致,A-三人一致
ASGD-2027-0687,5f25f2c5bc982b65,在字介词框架候选,介词/框架结构,国际中文教育中文水平等级标准·语法学习手册（初等）,97,是目标语法点,正确,目标用例,三人一致,三人一致,三人一致,A-三人一致
ASGD-2027-0688,f51aacb5f6d7ae7f,把字句候选,处置/受事重组构式,国际中文教育中文水平等级标准·语法学习手册（中等）,340,是目标语法点,边界过长,边界问题,多数裁决,多数裁决,多数裁决,B-多数裁决
ASGD-2027-0689,e339b590d6968604,因为候选,复句关联结构,国际中文教育中文水平等级标准·语法学习手册（初等）,237,是目标语法点,正确,目标用例,三人一致,多数裁决,多数裁决,B-多数裁决
ASGD-2027-0690,3e5a9de41bbb3914,得字补语候选,补语结构,国际中文教育中文水平等级标准·语法学习手册（高等）,96,是目标语法点,候选错误,表层触发但非目标,多数裁决,无多数-标注者2裁决,无多数-标注者2裁决,C-标注者2裁决
ASGD-2027-0691,d2d7c9ca0f02d193,没有比较候选,比较构式,国际中文教育中文水平等级标准·语法学习手册（中等）,245,不是目标语法点,候选错误,表层触发但非目标,三人一致,三人一致,三人一致,A-三人一致
ASGD-2027-0692,728d0b74cc770096,兼语结构候选,多谓词/论元结构,国际中文教育中文水平等级标准·语法学习手册（高等）,53,是目标语法点,正确,目标用例,三人一致,三人一致,三人一致,A-三人一致
ASGD-2027-0693,10f64bd2f8093f26,把字句候选,处置/受事重组构式,国际中文教育中文水平等级标准·语法学习手册（初等）,356,是目标语法点,正确,目标用例,多数裁决,无多数-标注者2裁决,无多数-标注者2裁决,C-标注者2裁决
ASGD-2027-0694,5f60f1cb75c5f858,对字介词框架候选,介词/框架结构,国际中文教育中文水平等级标准·语法学习手册（初等）,173,是目标语法点,正确,目标用例,三人一致,三人一致,三人一致,A-三人一致
ASGD-2027-0695,deebe644ea77170e,没有比较候选,比较构式,国际中文教育中文水平等级标准·语法学习手册（初等）,322,不是目标语法点,候选错误,表层触发但非目标,三人一致,三人一致,三人一致,A-三人一致
ASGD-2027-0696,8aeb2d4ee72ed748,被字句候选,被动/受事凸显构式,国际中文教育中文水平等级标准·语法学习手册（中等）,83,是目标语法点,正确,目标用例,三人一致,三人一致,三人一致,A-三人一致
ASGD-2027-0697,33f22bac0c57887c,把字句候选,处置/受事重组构式,国际中文教育中文水平等级标准·语法学习手册（中等）,132,是目标语法点,正确,目标用例,三人一致,三人一致,三人一致,A-三人一致
ASGD-2027-0698,17189dcb263c90aa,连动结构候选,多谓词/论元结构,国际中文教育中文水平等级标准·语法学习手册（初等）,361,是目标语法点,正确,目标用例,三人一致,多数裁决,多数裁决,B-多数裁决
ASGD-2027-0699,91015134dafe012f,双宾/给予结构候选,多谓词/论元结构,国际中文教育中文水平等级标准·语法学习手册（初等）,175,是目标语法点,正确,目标用例,三人一致,三人一致,三人一致,A-三人一致
ASGD-2027-0700,f15dd89a77c0f545,把字句候选,处置/受事重组构式,国际中文教育中文水平等级标准·语法学习手册（中等）,81,是目标语法点,正确,目标用例,三人一致,三人一致,三人一致,A-三人一致
ASGD-2027-0701,09f16c0c219e5a58,没有比较候选,比较构式,国际中文教育中文水平等级标准·语法学习手册（初等）,228,不是目标语法点,候选错误,表层触发但非目标,三人一致,三人一致,三人一致,A-三人一致
ASGD-2027-0702,3edb3a97cdd8751e,对字介词框架候选,介词/框架结构,国际中文教育中文水平等级标准·语法学习手册（中等）,133,是目标语法点,正确,目标用例,三人一致,三人一致,三人一致,A-三人一致
ASGD-2027-0703,47076a67c72b5fc4,被字句候选,被动/受事凸显构式,国际中文教育中文水平等级标准·语法学习手册（高等）,67,是目标语法点,正确,目标用例,三人一致,三人一致,三人一致,A-三人一致
ASGD-2027-0704,33c86c8985a5d4a5,处所状语候选,时间/处所功能结构,国际中文教育中文水平等级标准·语法学习手册（中等）,57,不是目标语法点,候选错误,表层触发但非目标,三人一致,三人一致,三人一致,A-三人一致
ASGD-2027-0705,bcd8b13b0f1626d7,向/往/朝介词框架候选,介词/框架结构,国际中文教育中文水平等级标准·语法学习手册（初等）,292,不是目标语法点,候选错误,表层触发但非目标,多数裁决,多数裁决,多数裁决,B-多数裁决
ASGD-2027-0706,dbccd28628746ab7,所以候选,复句关联结构,国际中文教育中文水平等级标准·语法学习手册（中等）,184,是目标语法点,正确,目标用例,三人一致,三人一致,三人一致,A-三人一致
ASGD-2027-0707,349d8f8f7a9c6fe4,趋向补语候选,补语结构,国际中文教育中文水平等级标准·语法学习手册（初等）,336,是目标语法点,正确,目标用例,三人一致,多数裁决,多数裁决,B-多数裁决
ASGD-2027-0708,b34e32bfe1c9981c,得字补语候选,补语结构,国际中文教育中文水平等级标准·语法学习手册（高等）,131,是目标语法点,正确,目标用例,三人一致,多数裁决,多数裁决,B-多数裁决
ASGD-2027-0709,6dc2b6cf8fc8e23c,处所状语候选,时间/处所功能结构,国际中文教育中文水平等级标准·语法学习手册（初等）,19,是目标语法点,正确,目标用例,三人一致,三人一致,三人一致,A-三人一致
ASGD-2027-0710,95779c9045be5085,在字介词框架候选,介词/框架结构,国际中文教育中文水平等级标准·语法学习手册（初等）,202,是目标语法点,正确,目标用例,三人一致,多数裁决,多数裁决,B-多数裁决
ASGD-2027-0711,a513b4157eb037d4,对字介词框架候选,介词/框架结构,国际中文教育中文水平等级标准·语法学习手册（中等）,246,是目标语法点,正确,目标用例,三人一致,三人一致,三人一致,A-三人一致
ASGD-2027-0712,2f85efcf05a2a32b,双宾/给予结构候选,多谓词/论元结构,国际中文教育中文水平等级标准·语法学习手册（中等）,300,是目标语法点,正确,目标用例,多数裁决,多数裁决,多数裁决,B-多数裁决
ASGD-2027-0713,6569a97d0e299174,时间状语候选,时间/处所功能结构,国际中文教育中文水平等级标准·语法学习手册（初等）,150,是目标语法点,正确,目标用例,三人一致,三人一致,三人一致,A-三人一致
ASGD-2027-0714,f4e2644637c94403,连动结构候选,多谓词/论元结构,国际中文教育中文水平等级标准·语法学习手册（初等）,380,是目标语法点,边界不完整,边界问题,三人一致,多数裁决,多数裁决,B-多数裁决
ASGD-2027-0715,eae3c63da0bfe130,把字句候选,处置/受事重组构式,国际中文教育中文水平等级标准·语法学习手册（中等）,223,是目标语法点,正确,目标用例,三人一致,三人一致,三人一致,A-三人一致
ASGD-2027-0716,82fb9be9f38ed3c2,处所状语候选,时间/处所功能结构,国际中文教育中文水平等级标准·语法学习手册（中等）,378,不是目标语法点,候选错误,表层触发但非目标,三人一致,三人一致,三人一致,A-三人一致
ASGD-2027-0717,abc9aab740dc8dda,没有比较候选,比较构式,国际中文教育中文水平等级标准·语法学习手册（中等）,29,不是目标语法点,候选错误,表层触发但非目标,三人一致,三人一致,三人一致,A-三人一致
ASGD-2027-0718,b3c6c9c2f7bc2dd2,时间状语候选,时间/处所功能结构,国际中文教育中文水平等级标准·语法学习手册（中等）,337,是目标语法点,正确,目标用例,多数裁决,多数裁决,多数裁决,B-多数裁决
ASGD-2027-0719,3afe07794afe5f2a,处所状语候选,时间/处所功能结构,国际中文教育中文水平等级标准·语法学习手册（初等）,31,不是目标语法点,候选错误,表层触发但非目标,多数裁决,多数裁决,多数裁决,B-多数裁决
ASGD-2027-0720,100e9146efff6ddf,被字句候选,被动/受事凸显构式,国际中文教育中文水平等级标准·语法学习手册（高等）,125,是目标语法点,正确,目标用例,多数裁决,多数裁决,多数裁决,B-多数裁决
ASGD-2027-0721,608880805353ed90,时间状语候选,时间/处所功能结构,国际中文教育中文水平等级标准·语法学习手册（高等）,129,是目标语法点,正确,目标用例,多数裁决,多数裁决,多数裁决,B-多数裁决
ASGD-2027-0722,504a0f68ed130ea5,时间状语候选,时间/处所功能结构,国际中文教育中文水平等级标准·语法学习手册（中等）,155,是目标语法点,正确,目标用例,三人一致,三人一致,三人一致,A-三人一致
ASGD-2027-0723,02ac99b167afd37b,没有比较候选,比较构式,国际中文教育中文水平等级标准·语法学习手册（中等）,109,不是目标语法点,候选错误,表层触发但非目标,三人一致,三人一致,三人一致,A-三人一致
ASGD-2027-0724,f2920b838592e58a,把字句候选,处置/受事重组构式,国际中文教育中文水平等级标准·语法学习手册（中等）,115,是目标语法点,正确,目标用例,三人一致,三人一致,三人一致,A-三人一致
ASGD-2027-0725,c68eebf74f1a4ccb,在字介词框架候选,介词/框架结构,国际中文教育中文水平等级标准·语法学习手册（高等）,202,是目标语法点,正确,目标用例,三人一致,三人一致,三人一致,A-三人一致
ASGD-2027-0726,dfab6114d9f2e822,得字补语候选,补语结构,国际中文教育中文水平等级标准·语法学习手册（高等）,38,不是目标语法点,候选错误,表层触发但非目标,多数裁决,多数裁决,多数裁决,B-多数裁决
ASGD-2027-0727,b28f12b6e059a77b,向/往/朝介词框架候选,介词/框架结构,国际中文教育中文水平等级标准·语法学习手册（初等）,170,是目标语法点,正确,目标用例,三人一致,三人一致,三人一致,A-三人一致
ASGD-2027-0728,6a26628c9b1ea078,对字介词框架候选,介词/框架结构,国际中文教育中文水平等级标准·语法学习手册（中等）,335,是目标语法点,正确,目标用例,三人一致,三人一致,三人一致,A-三人一致
ASGD-2027-0729,88049bda090fe291,时间状语候选,时间/处所功能结构,国际中文教育中文水平等级标准·语法学习手册（高等）,38,是目标语法点,正确,目标用例,多数裁决,多数裁决,多数裁决,B-多数裁决
ASGD-2027-0730,edaad9eaec7f51c8,处所状语候选,时间/处所功能结构,国际中文教育中文水平等级标准·语法学习手册（中等）,39,不是目标语法点,候选错误,表层触发但非目标,多数裁决,多数裁决,多数裁决,B-多数裁决
ASGD-2027-0731,907b7a0c71a95891,双宾/给予结构候选,多谓词/论元结构,国际中文教育中文水平等级标准·语法学习手册（初等）,231,是目标语法点,正确,目标用例,三人一致,三人一致,三人一致,A-三人一致
ASGD-2027-0732,a6aa2533d1f16393,处所状语候选,时间/处所功能结构,国际中文教育中文水平等级标准·语法学习手册（初等）,21,是目标语法点,正确,目标用例,三人一致,三人一致,三人一致,A-三人一致
ASGD-2027-0733,e74fd368eef65e35,因为...所以候选,复句关联结构,国际中文教育中文水平等级标准·语法学习手册（初等）,237,是目标语法点,正确,目标用例,多数裁决,多数裁决,多数裁决,B-多数裁决
ASGD-2027-0734,52d612f8449e2b5b,比字比较候选,比较构式,国际中文教育中文水平等级标准·语法学习手册（高等）,180,是目标语法点,正确,目标用例,多数裁决,多数裁决,多数裁决,B-多数裁决
ASGD-2027-0735,9b12dddd6c14c0e4,被字句候选,被动/受事凸显构式,国际中文教育中文水平等级标准·语法学习手册（初等）,358,是目标语法点,正确,目标用例,三人一致,三人一致,三人一致,A-三人一致
ASGD-2027-0736,54865bf6ca922181,被字句候选,被动/受事凸显构式,国际中文教育中文水平等级标准·语法学习手册（高等）,206,是目标语法点,边界不完整,边界问题,三人一致,多数裁决,多数裁决,B-多数裁决
ASGD-2027-0737,e2eb7da0ea106c14,得字补语候选,补语结构,国际中文教育中文水平等级标准·语法学习手册（中等）,352,不是目标语法点,候选错误,表层触发但非目标,多数裁决,多数裁决,多数裁决,B-多数裁决
ASGD-2027-0738,47fb48e547ce3c8e,趋向补语候选,补语结构,国际中文教育中文水平等级标准·语法学习手册（中等）,191,是目标语法点,正确,目标用例,三人一致,多数裁决,多数裁决,B-多数裁决
ASGD-2027-0739,091a5c0007f57f64,得字补语候选,补语结构,国际中文教育中文水平等级标准·语法学习手册（初等）,131,是目标语法点,正确,目标用例,三人一致,多数裁决,多数裁决,B-多数裁决
ASGD-2027-0740,7ed54c6ecf9d3db2,处所状语候选,时间/处所功能结构,国际中文教育中文水平等级标准·语法学习手册（初等）,21,不是目标语法点,候选错误,表层触发但非目标,多数裁决,多数裁决,多数裁决,B-多数裁决
ASGD-2027-0741,82fd632cd063f5e9,对字介词框架候选,介词/框架结构,国际中文教育中文水平等级标准·语法学习手册（中等）,40,是目标语法点,正确,目标用例,多数裁决,多数裁决,多数裁决,B-多数裁决
ASGD-2027-0742,01461ebf1287a0de,既然候选,复句关联结构,国际中文教育中文水平等级标准·语法学习手册（中等）,110,是目标语法点,正确,目标用例,三人一致,三人一致,三人一致,A-三人一致
ASGD-2027-0743,a977f2a9ea862af8,把字句候选,处置/受事重组构式,国际中文教育中文水平等级标准·语法学习手册（初等）,357,是目标语法点,正确,目标用例,三人一致,三人一致,三人一致,A-三人一致
ASGD-2027-0744,547314a791fc4b51,比字比较候选,比较构式,国际中文教育中文水平等级标准·语法学习手册（高等）,34,不是目标语法点,候选错误,表层触发但非目标,三人一致,三人一致,三人一致,A-三人一致
ASGD-2027-0745,666fa68c5e789e2b,时间状语候选,时间/处所功能结构,国际中文教育中文水平等级标准·语法学习手册（初等）,240,是目标语法点,正确,目标用例,三人一致,三人一致,三人一致,A-三人一致
ASGD-2027-0746,524b9cfd7f0d8dc8,双宾/给予结构候选,多谓词/论元结构,国际中文教育中文水平等级标准·语法学习手册（初等）,376,不是目标语法点,候选错误,表层触发但非目标,多数裁决,多数裁决,多数裁决,B-多数裁决
ASGD-2027-0747,70696dee64dd0f6d,比字比较候选,比较构式,国际中文教育中文水平等级标准·语法学习手册（中等）,151,不是目标语法点,候选错误,表层触发但非目标,三人一致,三人一致,三人一致,A-三人一致
ASGD-2027-0748,c11213ba275f1677,因为...所以候选,复句关联结构,国际中文教育中文水平等级标准·语法学习手册（初等）,237,是目标语法点,正确,目标用例,三人一致,多数裁决,多数裁决,B-多数裁决
ASGD-2027-0749,44ce4235829fb280,在字介词框架候选,介词/框架结构,国际中文教育中文水平等级标准·语法学习手册（初等）,377,是目标语法点,正确,目标用例,三人一致,三人一致,三人一致,A-三人一致
ASGD-2027-0750,b33c8ab00b99ac5b,给/为/关于等介词框架候选,介词/框架结构,国际中文教育中文水平等级标准·语法学习手册（中等）,283,是目标语法点,正确,目标用例,三人一致,三人一致,三人一致,A-三人一致
ASGD-2027-0751,959f33a2d877a077,没有比较候选,比较构式,国际中文教育中文水平等级标准·语法学习手册（高等）,77,不是目标语法点,候选错误,表层触发但非目标,三人一致,三人一致,三人一致,A-三人一致
ASGD-2027-0752,291feae31e769702,把字句候选,处置/受事重组构式,国际中文教育中文水平等级标准·语法学习手册（初等）,357,是目标语法点,正确,目标用例,三人一致,三人一致,三人一致,A-三人一致
ASGD-2027-0753,feaec46047713c2b,把字句候选,处置/受事重组构式,国际中文教育中文水平等级标准·语法学习手册（中等）,176,不是目标语法点,候选错误,表层触发但非目标,多数裁决,多数裁决,多数裁决,B-多数裁决
ASGD-2027-0754,a3282bcf6cd72e80,给/为/关于等介词框架候选,介词/框架结构,国际中文教育中文水平等级标准·语法学习手册（初等）,323,是目标语法点,正确,目标用例,三人一致,三人一致,三人一致,A-三人一致
ASGD-2027-0755,15ba00d7e7c47d11,在字介词框架候选,介词/框架结构,国际中文教育中文水平等级标准·语法学习手册（高等）,169,是目标语法点,正确,目标用例,三人一致,多数裁决,多数裁决,B-多数裁决
ASGD-2027-0756,5dce6c1bbb6912a5,时间状语候选,时间/处所功能结构,国际中文教育中文水平等级标准·语法学习手册（高等）,11,是目标语法点,正确,目标用例,三人一致,三人一致,三人一致,A-三人一致
ASGD-2027-0757,0d58b12fb7cf5990,所以候选,复句关联结构,国际中文教育中文水平等级标准·语法学习手册（高等）,80,是目标语法点,正确,目标用例,三人一致,三人一致,三人一致,A-三人一致
ASGD-2027-0758,068151d5be35388f,时间状语候选,时间/处所功能结构,国际中文教育中文水平等级标准·语法学习手册（初等）,286,是目标语法点,正确,目标用例,三人一致,多数裁决,多数裁决,B-多数裁决
ASGD-2027-0759,6e106b1e05f7ddb0,把字句候选,处置/受事重组构式,国际中文教育中文水平等级标准·语法学习手册（高等）,188,是目标语法点,正确,目标用例,三人一致,三人一致,三人一致,A-三人一致
ASGD-2027-0760,dcb364756183b96d,给/为/关于等介词框架候选,介词/框架结构,国际中文教育中文水平等级标准·语法学习手册（初等）,391,是目标语法点,正确,目标用例,多数裁决,多数裁决,多数裁决,B-多数裁决
ASGD-2027-0761,c40a1f05f5317513,时间状语候选,时间/处所功能结构,国际中文教育中文水平等级标准·语法学习手册（高等）,66,是目标语法点,正确,目标用例,多数裁决,多数裁决,多数裁决,B-多数裁决
ASGD-2027-0762,47718be7dbfa2778,在字介词框架候选,介词/框架结构,国际中文教育中文水平等级标准·语法学习手册（高等）,59,是目标语法点,正确,目标用例,三人一致,三人一致,三人一致,A-三人一致
ASGD-2027-0763,7d30c437e7c2448e,双宾/给予结构候选,多谓词/论元结构,国际中文教育中文水平等级标准·语法学习手册（中等）,207,是目标语法点,正确,目标用例,多数裁决,多数裁决,多数裁决,B-多数裁决
ASGD-2027-0764,a0e98671c8a99cff,比字比较候选,比较构式,国际中文教育中文水平等级标准·语法学习手册（初等）,365,是目标语法点,边界过长,边界问题,多数裁决,无多数-标注者2裁决,无多数-标注者2裁决,C-标注者2裁决
ASGD-2027-0765,9f9750acfbcace0f,比字比较候选,比较构式,国际中文教育中文水平等级标准·语法学习手册（高等）,132,是目标语法点,正确,目标用例,三人一致,三人一致,三人一致,A-三人一致
ASGD-2027-0766,e7a59c68f60cb50c,因为候选,复句关联结构,国际中文教育中文水平等级标准·语法学习手册（初等）,327,是目标语法点,正确,目标用例,三人一致,多数裁决,多数裁决,B-多数裁决
ASGD-2027-0767,8340b8a168209619,给/为/关于等介词框架候选,介词/框架结构,国际中文教育中文水平等级标准·语法学习手册（初等）,199,是目标语法点,正确,目标用例,三人一致,多数裁决,多数裁决,B-多数裁决
ASGD-2027-0768,489c14e3a06d970a,处所状语候选,时间/处所功能结构,国际中文教育中文水平等级标准·语法学习手册（初等）,20,是目标语法点,边界过长,边界问题,多数裁决,无多数-标注者2裁决,无多数-标注者2裁决,C-标注者2裁决
ASGD-2027-0769,d596ffecaaf40a64,得字补语候选,补语结构,国际中文教育中文水平等级标准·语法学习手册（初等）,348,是目标语法点,正确,目标用例,三人一致,多数裁决,多数裁决,B-多数裁决
ASGD-2027-0770,4bc5ded982256d62,兼语结构候选,多谓词/论元结构,国际中文教育中文水平等级标准·语法学习手册（初等）,362,是目标语法点,边界过长,边界问题,多数裁决,无多数-标注者2裁决,无多数-标注者2裁决,C-标注者2裁决
ASGD-2027-0771,2773fe311aad7eda,把字句候选,处置/受事重组构式,国际中文教育中文水平等级标准·语法学习手册（中等）,81,是目标语法点,正确,目标用例,三人一致,三人一致,三人一致,A-三人一致
ASGD-2027-0772,e11c4dfc70b589fa,处所状语候选,时间/处所功能结构,国际中文教育中文水平等级标准·语法学习手册（初等）,21,是目标语法点,正确,目标用例,三人一致,三人一致,三人一致,A-三人一致
ASGD-2027-0773,3f0864dd785144aa,给/为/关于等介词框架候选,介词/框架结构,国际中文教育中文水平等级标准·语法学习手册（中等）,372,是目标语法点,正确,目标用例,三人一致,三人一致,三人一致,A-三人一致
ASGD-2027-0774,c9c07cbb7f38e9ea,处所状语候选,时间/处所功能结构,国际中文教育中文水平等级标准·语法学习手册（中等）,292,是目标语法点,边界不完整,边界问题,多数裁决,无多数-标注者2裁决,无多数-标注者2裁决,C-标注者2裁决
ASGD-2027-0775,91ab9e5aafc77d33,处所状语候选,时间/处所功能结构,国际中文教育中文水平等级标准·语法学习手册（中等）,265,不是目标语法点,候选错误,表层触发但非目标,三人一致,三人一致,三人一致,A-三人一致
ASGD-2027-0776,bc9734ef814e0f0c,数量/时量补语候选,补语结构,国际中文教育中文水平等级标准·语法学习手册（初等）,402,是目标语法点,正确,目标用例,三人一致,多数裁决,多数裁决,B-多数裁决
ASGD-2027-0777,4d011739bc10bd94,给/为/关于等介词框架候选,介词/框架结构,国际中文教育中文水平等级标准·语法学习手册（高等）,118,是目标语法点,正确,目标用例,三人一致,三人一致,三人一致,A-三人一致
ASGD-2027-0778,a9eccee868138f21,对字介词框架候选,介词/框架结构,国际中文教育中文水平等级标准·语法学习手册（初等）,173,是目标语法点,边界过长,边界问题,多数裁决,无多数-标注者2裁决,无多数-标注者2裁决,C-标注者2裁决
ASGD-2027-0779,40e6eb19c192248e,时间状语候选,时间/处所功能结构,国际中文教育中文水平等级标准·语法学习手册（初等）,337,是目标语法点,正确,目标用例,多数裁决,多数裁决,多数裁决,B-多数裁决
ASGD-2027-0780,4d9a2a695fc43314,向/往/朝介词框架候选,介词/框架结构,国际中文教育中文水平等级标准·语法学习手册（初等）,172,是目标语法点,正确,目标用例,三人一致,三人一致,三人一致,A-三人一致
ASGD-2027-0781,196374df421c8fb5,从字介词框架候选,介词/框架结构,国际中文教育中文水平等级标准·语法学习手册（初等）,281,是目标语法点,正确,目标用例,多数裁决,多数裁决,多数裁决,B-多数裁决
ASGD-2027-0782,33573841a7a9663d,给/为/关于等介词框架候选,介词/框架结构,国际中文教育中文水平等级标准·语法学习手册（初等）,323,是目标语法点,正确,目标用例,三人一致,三人一致,三人一致,A-三人一致
ASGD-2027-0783,3db3fe3a4aff9643,把字句候选,处置/受事重组构式,国际中文教育中文水平等级标准·语法学习手册（中等）,210,是目标语法点,正确,目标用例,三人一致,三人一致,三人一致,A-三人一致
ASGD-2027-0784,3b762c49db473d4a,数量/时量补语候选,补语结构,国际中文教育中文水平等级标准·语法学习手册（初等）,242,是目标语法点,候选错误,表层触发但非目标,多数裁决,无多数-标注者2裁决,无多数-标注者2裁决,C-标注者2裁决
ASGD-2027-0785,202a1b54ccc9434b,数量/时量补语候选,补语结构,国际中文教育中文水平等级标准·语法学习手册（初等）,121,是目标语法点,正确,目标用例,三人一致,多数裁决,多数裁决,B-多数裁决
ASGD-2027-0786,f1e57997d87ee005,得字补语候选,补语结构,国际中文教育中文水平等级标准·语法学习手册（中等）,309,是目标语法点,候选错误,表层触发但非目标,多数裁决,无多数-标注者2裁决,无多数-标注者2裁决,C-标注者2裁决
ASGD-2027-0787,fccb0bb2bfbbcb54,从字介词框架候选,介词/框架结构,国际中文教育中文水平等级标准·语法学习手册（初等）,282,是目标语法点,正确,目标用例,多数裁决,多数裁决,多数裁决,B-多数裁决
ASGD-2027-0788,6dfa39280664a0c6,把字句候选,处置/受事重组构式,国际中文教育中文水平等级标准·语法学习手册（初等）,261,是目标语法点,正确,目标用例,三人一致,三人一致,三人一致,A-三人一致
ASGD-2027-0789,cd9521ae14a144ac,给/为/关于等介词框架候选,介词/框架结构,国际中文教育中文水平等级标准·语法学习手册（高等）,106,不是目标语法点,候选错误,表层触发但非目标,多数裁决,多数裁决,多数裁决,B-多数裁决
ASGD-2027-0790,53e692e6e963fed3,处所状语候选,时间/处所功能结构,国际中文教育中文水平等级标准·语法学习手册（中等）,294,是目标语法点,正确,目标用例,三人一致,多数裁决,多数裁决,B-多数裁决
ASGD-2027-0791,9ddbe73dc6807946,双宾/给予结构候选,多谓词/论元结构,国际中文教育中文水平等级标准·语法学习手册（中等）,225,是目标语法点,正确,目标用例,多数裁决,多数裁决,多数裁决,B-多数裁决
ASGD-2027-0792,3c97e688142dddd3,得字补语候选,补语结构,国际中文教育中文水平等级标准·语法学习手册（中等）,210,是目标语法点,正确,目标用例,三人一致,多数裁决,多数裁决,B-多数裁决
ASGD-2027-0793,52dbc064dd3f344c,如果候选,复句关联结构,国际中文教育中文水平等级标准·语法学习手册（中等）,13,是目标语法点,正确,目标用例,三人一致,多数裁决,多数裁决,B-多数裁决
ASGD-2027-0794,7245582b1d1c155e,没有比较候选,比较构式,国际中文教育中文水平等级标准·语法学习手册（高等）,161,不是目标语法点,候选错误,表层触发但非目标,三人一致,三人一致,三人一致,A-三人一致
ASGD-2027-0795,f47432c037f1c31e,处所状语候选,时间/处所功能结构,国际中文教育中文水平等级标准·语法学习手册（中等）,57,不是目标语法点,候选错误,表层触发但非目标,多数裁决,多数裁决,多数裁决,B-多数裁决
ASGD-2027-0796,e13928cecb5cd99d,数量/时量补语候选,补语结构,国际中文教育中文水平等级标准·语法学习手册（初等）,280,是目标语法点,正确,目标用例,三人一致,多数裁决,多数裁决,B-多数裁决
ASGD-2027-0797,efc2c31690485977,趋向补语候选,补语结构,国际中文教育中文水平等级标准·语法学习手册（高等）,73,是目标语法点,正确,目标用例,三人一致,三人一致,三人一致,A-三人一致
ASGD-2027-0798,66c8ba993adebc6c,处所状语候选,时间/处所功能结构,国际中文教育中文水平等级标准·语法学习手册（中等）,293,是目标语法点,正确,目标用例,多数裁决,多数裁决,多数裁决,B-多数裁决
ASGD-2027-0799,ca4bc308c99d64dd,把字句候选,处置/受事重组构式,国际中文教育中文水平等级标准·语法学习手册（中等）,80,是目标语法点,边界过长,边界问题,多数裁决,多数裁决,多数裁决,B-多数裁决
ASGD-2027-0800,bafcef868976e1d9,把字句候选,处置/受事重组构式,国际中文教育中文水平等级标准·语法学习手册（初等）,399,是目标语法点,正确,目标用例,多数裁决,无多数-标注者2裁决,无多数-标注者2裁决,C-标注者2裁决
ASGD-2027-0801,64801b844879507c,被字句候选,被动/受事凸显构式,国际中文教育中文水平等级标准·语法学习手册（中等）,84,是目标语法点,正确,目标用例,三人一致,三人一致,三人一致,A-三人一致
ASGD-2027-0802,e9722b551fd072e8,没有比较候选,比较构式,国际中文教育中文水平等级标准·语法学习手册（初等）,97,是目标语法点,正确,目标用例,三人一致,三人一致,三人一致,A-三人一致
ASGD-2027-0803,22b68fdfcd7b9263,处所状语候选,时间/处所功能结构,国际中文教育中文水平等级标准·语法学习手册（中等）,86,是目标语法点,正确,目标用例,三人一致,三人一致,三人一致,A-三人一致
ASGD-2027-0804,4ec6e23ac08eb8e7,处所状语候选,时间/处所功能结构,国际中文教育中文水平等级标准·语法学习手册（中等）,265,是目标语法点,边界过长,边界问题,多数裁决,无多数-标注者2裁决,无多数-标注者2裁决,C-标注者2裁决
ASGD-2027-0805,a6f9498f627b1e1d,双宾/给予结构候选,多谓词/论元结构,国际中文教育中文水平等级标准·语法学习手册（初等）,230,不是目标语法点,候选错误,表层触发但非目标,多数裁决,多数裁决,多数裁决,B-多数裁决
ASGD-2027-0806,1540c2dcd2f601a3,对字介词框架候选,介词/框架结构,国际中文教育中文水平等级标准·语法学习手册（中等）,41,是目标语法点,正确,目标用例,多数裁决,多数裁决,多数裁决,B-多数裁决
ASGD-2027-0807,7d30c437e7c2448e,比字比较候选,比较构式,国际中文教育中文水平等级标准·语法学习手册（中等）,207,是目标语法点,正确,目标用例,三人一致,三人一致,三人一致,A-三人一致
ASGD-2027-0808,447112fab96f831c,因为...所以候选,复句关联结构,国际中文教育中文水平等级标准·语法学习手册（初等）,237,是目标语法点,正确,目标用例,三人一致,多数裁决,多数裁决,B-多数裁决
ASGD-2027-0809,b46744a82dfbf169,没有比较候选,比较构式,国际中文教育中文水平等级标准·语法学习手册（中等）,223,不是目标语法点,候选错误,表层触发但非目标,三人一致,三人一致,三人一致,A-三人一致
ASGD-2027-0810,2f88c9abbb280152,给/为/关于等介词框架候选,介词/框架结构,国际中文教育中文水平等级标准·语法学习手册（高等）,65,是目标语法点,正确,目标用例,三人一致,三人一致,三人一致,A-三人一致
ASGD-2027-0811,622564c21f8e2236,在字介词框架候选,介词/框架结构,国际中文教育中文水平等级标准·语法学习手册（中等）,254,是目标语法点,正确,目标用例,多数裁决,多数裁决,多数裁决,B-多数裁决
ASGD-2027-0812,dc5dd29ed5e14222,时间状语候选,时间/处所功能结构,国际中文教育中文水平等级标准·语法学习手册（中等）,139,是目标语法点,正确,目标用例,三人一致,三人一致,三人一致,A-三人一致
ASGD-2027-0813,0ccf91a78b623479,把字句候选,处置/受事重组构式,国际中文教育中文水平等级标准·语法学习手册（初等）,358,是目标语法点,正确,目标用例,三人一致,三人一致,三人一致,A-三人一致
ASGD-2027-0814,63a43cba35f4b179,比字比较候选,比较构式,国际中文教育中文水平等级标准·语法学习手册（高等）,21,是目标语法点,正确,目标用例,三人一致,多数裁决,多数裁决,B-多数裁决
ASGD-2027-0815,a2357ae8709e1b53,时间状语候选,时间/处所功能结构,国际中文教育中文水平等级标准·语法学习手册（中等）,113,是目标语法点,正确,目标用例,三人一致,三人一致,三人一致,A-三人一致
ASGD-2027-0816,c49c6cbd97944c16,可能补语候选,补语结构,国际中文教育中文水平等级标准·语法学习手册（中等）,60,是目标语法点,正确,目标用例,三人一致,三人一致,三人一致,A-三人一致
ASGD-2027-0817,5f8c404d7824556a,把字句候选,处置/受事重组构式,国际中文教育中文水平等级标准·语法学习手册（初等）,370,是目标语法点,正确,目标用例,三人一致,多数裁决,多数裁决,B-多数裁决
ASGD-2027-0818,d7ec53ab47634a6e,双宾/给予结构候选,多谓词/论元结构,国际中文教育中文水平等级标准·语法学习手册（初等）,217,是目标语法点,正确,目标用例,三人一致,三人一致,三人一致,A-三人一致
ASGD-2027-0819,59e44fa7123b5538,被字句候选,被动/受事凸显构式,国际中文教育中文水平等级标准·语法学习手册（中等）,214,是目标语法点,正确,目标用例,三人一致,多数裁决,多数裁决,B-多数裁决
ASGD-2027-0820,84828bcda0308766,被字句候选,被动/受事凸显构式,国际中文教育中文水平等级标准·语法学习手册（中等）,225,不是目标语法点,候选错误,表层触发但非目标,多数裁决,多数裁决,多数裁决,B-多数裁决
ASGD-2027-0821,ef68cbf702aec413,双宾/给予结构候选,多谓词/论元结构,国际中文教育中文水平等级标准·语法学习手册（初等）,95,是目标语法点,正确,目标用例,多数裁决,多数裁决,多数裁决,B-多数裁决
ASGD-2027-0822,472ed713104440b6,给/为/关于等介词框架候选,介词/框架结构,国际中文教育中文水平等级标准·语法学习手册（高等）,173,是目标语法点,正确,目标用例,多数裁决,多数裁决,多数裁决,B-多数裁决
ASGD-2027-0823,8b7668d10b1cd817,处所状语候选,时间/处所功能结构,国际中文教育中文水平等级标准·语法学习手册（中等）,331,不是目标语法点,候选错误,表层触发但非目标,多数裁决,多数裁决,多数裁决,B-多数裁决
ASGD-2027-0824,7943c35f48dbf26d,比字比较候选,比较构式,国际中文教育中文水平等级标准·语法学习手册（初等）,204,是目标语法点,正确,目标用例,三人一致,三人一致,三人一致,A-三人一致
ASGD-2027-0825,7db460dcb8ee0272,双宾/给予结构候选,多谓词/论元结构,国际中文教育中文水平等级标准·语法学习手册（初等）,208,是目标语法点,正确,目标用例,三人一致,三人一致,三人一致,A-三人一致
ASGD-2027-0826,87687b5e58c1eac6,连动结构候选,多谓词/论元结构,国际中文教育中文水平等级标准·语法学习手册（中等）,232,是目标语法点,边界不完整,边界问题,三人一致,多数裁决,多数裁决,B-多数裁决
ASGD-2027-0827,0e90f99b3a6dc9b6,数量/时量补语候选,补语结构,国际中文教育中文水平等级标准·语法学习手册（中等）,34,是目标语法点,正确,目标用例,三人一致,多数裁决,多数裁决,B-多数裁决
ASGD-2027-0828,f739a5c3dfa3717d,比字比较候选,比较构式,国际中文教育中文水平等级标准·语法学习手册（初等）,210,是目标语法点,正确,目标用例,三人一致,三人一致,三人一致,A-三人一致
ASGD-2027-0829,67c7e34af92d8fa6,双宾/给予结构候选,多谓词/论元结构,国际中文教育中文水平等级标准·语法学习手册（初等）,166,是目标语法点,正确,目标用例,多数裁决,多数裁决,多数裁决,B-多数裁决
ASGD-2027-0830,164a5366d9cbb5b1,得字补语候选,补语结构,国际中文教育中文水平等级标准·语法学习手册（中等）,136,是目标语法点,候选错误,表层触发但非目标,多数裁决,无多数-标注者2裁决,无多数-标注者2裁决,C-标注者2裁决
ASGD-2027-0831,41bca741a8676c3f,在字介词框架候选,介词/框架结构,国际中文教育中文水平等级标准·语法学习手册（初等）,357,是目标语法点,正确,目标用例,三人一致,三人一致,三人一致,A-三人一致
ASGD-2027-0832,090b1f45d0c5c1e3,双宾/给予结构候选,多谓词/论元结构,国际中文教育中文水平等级标准·语法学习手册（中等）,70,是目标语法点,正确,目标用例,三人一致,三人一致,三人一致,A-三人一致
ASGD-2027-0833,c4e818406a9b1627,没有比较候选,比较构式,国际中文教育中文水平等级标准·语法学习手册（中等）,227,不是目标语法点,候选错误,表层触发但非目标,三人一致,三人一致,三人一致,A-三人一致
ASGD-2027-0834,236961af07cd7042,双宾/给予结构候选,多谓词/论元结构,国际中文教育中文水平等级标准·语法学习手册（高等）,76,不是目标语法点,候选错误,表层触发但非目标,多数裁决,多数裁决,多数裁决,B-多数裁决
ASGD-2027-0835,e4c51aee3bc591ec,把字句候选,处置/受事重组构式,国际中文教育中文水平等级标准·语法学习手册（中等）,218,是目标语法点,正确,目标用例,三人一致,多数裁决,多数裁决,B-多数裁决
ASGD-2027-0836,57d454ade1861118,处所状语候选,时间/处所功能结构,国际中文教育中文水平等级标准·语法学习手册（中等）,331,是目标语法点,正确,目标用例,三人一致,多数裁决,多数裁决,B-多数裁决
ASGD-2027-0837,147646c58ded46ed,双宾/给予结构候选,多谓词/论元结构,国际中文教育中文水平等级标准·语法学习手册（初等）,227,不是目标语法点,候选错误,表层触发但非目标,多数裁决,多数裁决,多数裁决,B-多数裁决
ASGD-2027-0838,47fa85a3aacc9100,时间状语候选,时间/处所功能结构,国际中文教育中文水平等级标准·语法学习手册（中等）,145,是目标语法点,正确,目标用例,多数裁决,多数裁决,多数裁决,B-多数裁决
ASGD-2027-0839,3e5a9de41bbb3914,双宾/给予结构候选,多谓词/论元结构,国际中文教育中文水平等级标准·语法学习手册（高等）,96,不是目标语法点,候选错误,表层触发但非目标,多数裁决,多数裁决,多数裁决,B-多数裁决
ASGD-2027-0840,5ffa68ced402b45a,被字句候选,被动/受事凸显构式,国际中文教育中文水平等级标准·语法学习手册（中等）,223,不是目标语法点,候选错误,表层触发但非目标,多数裁决,多数裁决,多数裁决,B-多数裁决
ASGD-2027-0841,cba63462cbefa2c7,趋向补语候选,补语结构,国际中文教育中文水平等级标准·语法学习手册（高等）,172,是目标语法点,候选错误,表层触发但非目标,多数裁决,无多数-标注者2裁决,无多数-标注者2裁决,C-标注者2裁决
ASGD-2027-0842,1fe134d488cbd6ce,趋向补语候选,补语结构,国际中文教育中文水平等级标准·语法学习手册（中等）,22,是目标语法点,正确,目标用例,三人一致,多数裁决,多数裁决,B-多数裁决
ASGD-2027-0843,7c6a64cb05a73ea3,得字补语候选,补语结构,国际中文教育中文水平等级标准·语法学习手册（中等）,199,不是目标语法点,候选错误,表层触发但非目标,多数裁决,多数裁决,多数裁决,B-多数裁决
ASGD-2027-0844,296a31d2dda764a1,时间状语候选,时间/处所功能结构,国际中文教育中文水平等级标准·语法学习手册（中等）,82,是目标语法点,正确,目标用例,多数裁决,多数裁决,多数裁决,B-多数裁决
ASGD-2027-0845,ff3ddaccf052427c,时间状语候选,时间/处所功能结构,国际中文教育中文水平等级标准·语法学习手册（中等）,335,是目标语法点,正确,目标用例,三人一致,三人一致,三人一致,A-三人一致
ASGD-2027-0846,b0b599fc7da8cc55,时间状语候选,时间/处所功能结构,国际中文教育中文水平等级标准·语法学习手册（初等）,211,是目标语法点,正确,目标用例,多数裁决,多数裁决,多数裁决,B-多数裁决
ASGD-2027-0847,680a028dcab6e65e,时间状语候选,时间/处所功能结构,国际中文教育中文水平等级标准·语法学习手册（中等）,14,是目标语法点,正确,目标用例,多数裁决,多数裁决,多数裁决,B-多数裁决
ASGD-2027-0848,89d2661c31446e84,把字句候选,处置/受事重组构式,国际中文教育中文水平等级标准·语法学习手册（中等）,82,是目标语法点,正确,目标用例,三人一致,三人一致,三人一致,A-三人一致
ASGD-2027-0849,ea04ecbccd54e061,双宾/给予结构候选,多谓词/论元结构,国际中文教育中文水平等级标准·语法学习手册（初等）,339,是目标语法点,正确,目标用例,多数裁决,多数裁决,多数裁决,B-多数裁决
ASGD-2027-0850,903dd53b24a838d4,把字句候选,处置/受事重组构式,国际中文教育中文水平等级标准·语法学习手册（中等）,223,是目标语法点,正确,目标用例,三人一致,三人一致,三人一致,A-三人一致
ASGD-2027-0851,705bfd84f83cb4c5,在字介词框架候选,介词/框架结构,国际中文教育中文水平等级标准·语法学习手册（高等）,158,是目标语法点,正确,目标用例,三人一致,多数裁决,多数裁决,B-多数裁决
ASGD-2027-0852,a2128974e826ed9b,双宾/给予结构候选,多谓词/论元结构,国际中文教育中文水平等级标准·语法学习手册（高等）,144,是目标语法点,正确,目标用例,多数裁决,多数裁决,多数裁决,B-多数裁决
ASGD-2027-0853,95e629b89295cce2,被字句候选,被动/受事凸显构式,国际中文教育中文水平等级标准·语法学习手册（中等）,341,是目标语法点,边界过长,边界问题,三人一致,多数裁决,多数裁决,B-多数裁决
ASGD-2027-0854,136e19b1e906f959,数量/时量补语候选,补语结构,国际中文教育中文水平等级标准·语法学习手册（初等）,353,是目标语法点,正确,目标用例,三人一致,多数裁决,多数裁决,B-多数裁决
ASGD-2027-0855,17fcb43689d2f348,处所状语候选,时间/处所功能结构,国际中文教育中文水平等级标准·语法学习手册（中等）,330,不是目标语法点,候选错误,表层触发但非目标,多数裁决,多数裁决,多数裁决,B-多数裁决
ASGD-2027-0856,0d2f15694dc0d0de,被字句候选,被动/受事凸显构式,国际中文教育中文水平等级标准·语法学习手册（中等）,83,是目标语法点,正确,目标用例,三人一致,三人一致,三人一致,A-三人一致
ASGD-2027-0857,a25b5134849ab43c,时间状语候选,时间/处所功能结构,国际中文教育中文水平等级标准·语法学习手册（初等）,327,是目标语法点,正确,目标用例,三人一致,三人一致,三人一致,A-三人一致
ASGD-2027-0858,94e001a70ddfc03b,处所状语候选,时间/处所功能结构,国际中文教育中文水平等级标准·语法学习手册（中等）,293,是目标语法点,正确,目标用例,多数裁决,多数裁决,多数裁决,B-多数裁决
ASGD-2027-0859,6ea4513481922f79,被字句候选,被动/受事凸显构式,国际中文教育中文水平等级标准·语法学习手册（高等）,33,是目标语法点,正确,目标用例,三人一致,多数裁决,多数裁决,B-多数裁决
ASGD-2027-0860,60ff6786adb5f63b,处所状语候选,时间/处所功能结构,国际中文教育中文水平等级标准·语法学习手册（中等）,86,是目标语法点,边界不完整,边界问题,多数裁决,无多数-标注者2裁决,无多数-标注者2裁决,C-标注者2裁决
ASGD-2027-0861,b374aba05afe1fc9,比字比较候选,比较构式,国际中文教育中文水平等级标准·语法学习手册（中等）,324,不是目标语法点,候选错误,表层触发但非目标,三人一致,三人一致,三人一致,A-三人一致
ASGD-2027-0862,06ffda3d46abf9f2,没有比较候选,比较构式,国际中文教育中文水平等级标准·语法学习手册（初等）,97,是目标语法点,正确,目标用例,多数裁决,多数裁决,多数裁决,B-多数裁决
ASGD-2027-0863,539961fcc33be999,数量/时量补语候选,补语结构,国际中文教育中文水平等级标准·语法学习手册（高等）,97,是目标语法点,正确,目标用例,多数裁决,多数裁决,多数裁决,B-多数裁决
ASGD-2027-0864,5fe81c84f8f5a274,结果补语候选,补语结构,国际中文教育中文水平等级标准·语法学习手册（初等）,314,是目标语法点,正确,目标用例,三人一致,三人一致,三人一致,A-三人一致
ASGD-2027-0865,d80deb4e85eb5946,处所状语候选,时间/处所功能结构,国际中文教育中文水平等级标准·语法学习手册（中等）,39,是目标语法点,正确,目标用例,三人一致,三人一致,三人一致,A-三人一致
ASGD-2027-0866,3b67b21aaf2722fd,得字补语候选,补语结构,国际中文教育中文水平等级标准·语法学习手册（中等）,331,是目标语法点,正确,目标用例,三人一致,多数裁决,多数裁决,B-多数裁决
ASGD-2027-0867,32208505a161b250,处所状语候选,时间/处所功能结构,国际中文教育中文水平等级标准·语法学习手册（中等）,39,是目标语法点,边界不完整,边界问题,多数裁决,无多数-标注者2裁决,无多数-标注者2裁决,C-标注者2裁决
ASGD-2027-0868,6b375f6d82b86b70,处所状语候选,时间/处所功能结构,国际中文教育中文水平等级标准·语法学习手册（中等）,39,不是目标语法点,候选错误,表层触发但非目标,多数裁决,多数裁决,多数裁决,B-多数裁决
ASGD-2027-0869,36e009558ed2d0df,把字句候选,处置/受事重组构式,国际中文教育中文水平等级标准·语法学习手册（中等）,219,是目标语法点,正确,目标用例,三人一致,多数裁决,多数裁决,B-多数裁决
ASGD-2027-0870,28b0316e1df8ebd1,在字介词框架候选,介词/框架结构,国际中文教育中文水平等级标准·语法学习手册（中等）,242,是目标语法点,正确,目标用例,三人一致,三人一致,三人一致,A-三人一致
ASGD-2027-0871,e3aa53deaaf7efc4,被字句候选,被动/受事凸显构式,国际中文教育中文水平等级标准·语法学习手册（高等）,76,不是目标语法点,候选错误,表层触发但非目标,三人一致,三人一致,三人一致,A-三人一致
ASGD-2027-0872,8e25809fbfcaad68,在字介词框架候选,介词/框架结构,国际中文教育中文水平等级标准·语法学习手册（高等）,111,是目标语法点,正确,目标用例,多数裁决,多数裁决,多数裁决,B-多数裁决
ASGD-2027-0873,b2a8a9b4bf9d7dc1,虽然...但是候选,复句关联结构,国际中文教育中文水平等级标准·语法学习手册（中等）,115,是目标语法点,正确,目标用例,三人一致,多数裁决,多数裁决,B-多数裁决
ASGD-2027-0874,1ca08bce5738c967,给/为/关于等介词框架候选,介词/框架结构,国际中文教育中文水平等级标准·语法学习手册（中等）,107,是目标语法点,正确,目标用例,三人一致,三人一致,三人一致,A-三人一致
ASGD-2027-0875,37d7608da59f7e70,趋向补语候选,补语结构,国际中文教育中文水平等级标准·语法学习手册（中等）,176,是目标语法点,正确,目标用例,三人一致,三人一致,三人一致,A-三人一致
ASGD-2027-0876,c3a8b39594ad34a9,双宾/给予结构候选,多谓词/论元结构,国际中文教育中文水平等级标准·语法学习手册（中等）,26,不是目标语法点,候选错误,表层触发但非目标,多数裁决,多数裁决,多数裁决,B-多数裁决
ASGD-2027-0877,0cd311d65a85526d,给/为/关于等介词框架候选,介词/框架结构,国际中文教育中文水平等级标准·语法学习手册（初等）,383,是目标语法点,正确,目标用例,三人一致,三人一致,三人一致,A-三人一致
ASGD-2027-0878,0144ce5719b1512e,被字句候选,被动/受事凸显构式,国际中文教育中文水平等级标准·语法学习手册（高等）,81,是目标语法点,正确,目标用例,三人一致,多数裁决,多数裁决,B-多数裁决
ASGD-2027-0879,0cfba2055d3c7ef7,时间状语候选,时间/处所功能结构,国际中文教育中文水平等级标准·语法学习手册（初等）,396,是目标语法点,正确,目标用例,三人一致,三人一致,三人一致,A-三人一致
ASGD-2027-0880,fb74027f9c980d6c,趋向补语候选,补语结构,国际中文教育中文水平等级标准·语法学习手册（初等）,257,是目标语法点,正确,目标用例,三人一致,多数裁决,多数裁决,B-多数裁决
ASGD-2027-0881,c72b522721ed974e,没有比较候选,比较构式,国际中文教育中文水平等级标准·语法学习手册（初等）,132,是目标语法点,正确,目标用例,三人一致,三人一致,三人一致,A-三人一致
ASGD-2027-0882,6716ccbd38fd8806,时间状语候选,时间/处所功能结构,国际中文教育中文水平等级标准·语法学习手册（初等）,204,是目标语法点,正确,目标用例,多数裁决,多数裁决,多数裁决,B-多数裁决
ASGD-2027-0883,c76bb1be5586c4a2,双宾/给予结构候选,多谓词/论元结构,国际中文教育中文水平等级标准·语法学习手册（高等）,48,是目标语法点,正确,目标用例,三人一致,三人一致,三人一致,A-三人一致
ASGD-2027-0884,5c4d6eee2fb0e45a,处所状语候选,时间/处所功能结构,国际中文教育中文水平等级标准·语法学习手册（中等）,39,不是目标语法点,候选错误,表层触发但非目标,三人一致,三人一致,三人一致,A-三人一致
ASGD-2027-0885,df63c8eb03b9001a,趋向补语候选,补语结构,国际中文教育中文水平等级标准·语法学习手册（初等）,347,是目标语法点,正确,目标用例,三人一致,三人一致,三人一致,A-三人一致
ASGD-2027-0886,b7cc95edff44fc35,连动结构候选,多谓词/论元结构,国际中文教育中文水平等级标准·语法学习手册（初等）,208,是目标语法点,正确,目标用例,三人一致,多数裁决,多数裁决,B-多数裁决
ASGD-2027-0887,ca4929288b2aa37a,时间状语候选,时间/处所功能结构,国际中文教育中文水平等级标准·语法学习手册（中等）,270,是目标语法点,正确,目标用例,三人一致,三人一致,三人一致,A-三人一致
ASGD-2027-0888,736a92b50aea7e39,比字比较候选,比较构式,国际中文教育中文水平等级标准·语法学习手册（初等）,210,是目标语法点,正确,目标用例,三人一致,三人一致,三人一致,A-三人一致
ASGD-2027-0889,1be7644d04c712bb,处所状语候选,时间/处所功能结构,国际中文教育中文水平等级标准·语法学习手册（初等）,21,是目标语法点,正确,目标用例,三人一致,三人一致,三人一致,A-三人一致
ASGD-2027-0890,824d0a6fe913e048,但是候选,复句关联结构,国际中文教育中文水平等级标准·语法学习手册（初等）,178,是目标语法点,正确,目标用例,三人一致,三人一致,三人一致,A-三人一致
ASGD-2027-0891,e7f591519572a5c3,双宾/给予结构候选,多谓词/论元结构,国际中文教育中文水平等级标准·语法学习手册（高等）,36,不是目标语法点,候选错误,表层触发但非目标,多数裁决,多数裁决,多数裁决,B-多数裁决
ASGD-2027-0892,967fc2315a22d055,既然候选,复句关联结构,国际中文教育中文水平等级标准·语法学习手册（中等）,109,是目标语法点,正确,目标用例,三人一致,三人一致,三人一致,A-三人一致
ASGD-2027-0893,89516b1d9df8f1c3,时间状语候选,时间/处所功能结构,国际中文教育中文水平等级标准·语法学习手册（初等）,194,是目标语法点,正确,目标用例,多数裁决,多数裁决,多数裁决,B-多数裁决
ASGD-2027-0894,e0f7ea6c2a4231e4,时间状语候选,时间/处所功能结构,国际中文教育中文水平等级标准·语法学习手册（中等）,259,是目标语法点,正确,目标用例,三人一致,三人一致,三人一致,A-三人一致
ASGD-2027-0895,ec3638c433b373e2,双宾/给予结构候选,多谓词/论元结构,国际中文教育中文水平等级标准·语法学习手册（中等）,89,是目标语法点,正确,目标用例,三人一致,多数裁决,多数裁决,B-多数裁决
ASGD-2027-0896,2f8486196e902700,趋向补语候选,补语结构,国际中文教育中文水平等级标准·语法学习手册（初等）,320,是目标语法点,正确,目标用例,三人一致,三人一致,三人一致,A-三人一致
ASGD-2027-0897,2639f76c23528ce2,没有比较候选,比较构式,国际中文教育中文水平等级标准·语法学习手册（中等）,220,不是目标语法点,候选错误,表层触发但非目标,三人一致,三人一致,三人一致,A-三人一致
ASGD-2027-0898,d405d5b492da1733,数量/时量补语候选,补语结构,国际中文教育中文水平等级标准·语法学习手册（高等）,41,是目标语法点,正确,目标用例,三人一致,多数裁决,多数裁决,B-多数裁决
ASGD-2027-0899,da9b72d96356ff39,双宾/给予结构候选,多谓词/论元结构,国际中文教育中文水平等级标准·语法学习手册（高等）,176,是目标语法点,正确,目标用例,三人一致,三人一致,三人一致,A-三人一致
ASGD-2027-0900,2d9f0a27361fa016,处所状语候选,时间/处所功能结构,国际中文教育中文水平等级标准·语法学习手册（中等）,381,不是目标语法点,候选错误,表层触发但非目标,多数裁决,多数裁决,多数裁决,B-多数裁决
ASGD-2027-0901,473d35ec59c2d4af,给/为/关于等介词框架候选,介词/框架结构,国际中文教育中文水平等级标准·语法学习手册（初等）,175,是目标语法点,正确,目标用例,三人一致,三人一致,三人一致,A-三人一致
ASGD-2027-0902,ae89daa768884d68,因为候选,复句关联结构,国际中文教育中文水平等级标准·语法学习手册（高等）,42,是目标语法点,正确,目标用例,三人一致,多数裁决,多数裁决,B-多数裁决
ASGD-2027-0903,ba18ea560213c23a,双宾/给予结构候选,多谓词/论元结构,国际中文教育中文水平等级标准·语法学习手册（初等）,61,是目标语法点,正确,目标用例,多数裁决,多数裁决,多数裁决,B-多数裁决
ASGD-2027-0904,68860606a7543d48,双宾/给予结构候选,多谓词/论元结构,国际中文教育中文水平等级标准·语法学习手册（中等）,332,是目标语法点,正确,目标用例,多数裁决,多数裁决,多数裁决,B-多数裁决
ASGD-2027-0905,4f297d416a132b9d,处所状语候选,时间/处所功能结构,国际中文教育中文水平等级标准·语法学习手册（中等）,265,不是目标语法点,候选错误,表层触发但非目标,三人一致,三人一致,三人一致,A-三人一致
ASGD-2027-0906,da6e98449f853aba,双宾/给予结构候选,多谓词/论元结构,国际中文教育中文水平等级标准·语法学习手册（中等）,184,不是目标语法点,候选错误,表层触发但非目标,多数裁决,多数裁决,多数裁决,B-多数裁决
ASGD-2027-0907,6818133098e8ed75,没有比较候选,比较构式,国际中文教育中文水平等级标准·语法学习手册（高等）,102,不是目标语法点,候选错误,表层触发但非目标,三人一致,三人一致,三人一致,A-三人一致
ASGD-2027-0908,35a475ca3cdc19ed,时间状语候选,时间/处所功能结构,国际中文教育中文水平等级标准·语法学习手册（中等）,36,是目标语法点,正确,目标用例,多数裁决,多数裁决,多数裁决,B-多数裁决
ASGD-2027-0909,1c5cf5a6778b0ed1,连动结构候选,多谓词/论元结构,国际中文教育中文水平等级标准·语法学习手册（高等）,136,是目标语法点,正确,目标用例,三人一致,三人一致,三人一致,A-三人一致
ASGD-2027-0910,305dc1aed01bcd1e,给/为/关于等介词框架候选,介词/框架结构,国际中文教育中文水平等级标准·语法学习手册（中等）,341,是目标语法点,正确,目标用例,多数裁决,多数裁决,多数裁决,B-多数裁决
ASGD-2027-0911,e9d7506e2424364e,双宾/给予结构候选,多谓词/论元结构,国际中文教育中文水平等级标准·语法学习手册（初等）,218,是目标语法点,正确,目标用例,三人一致,三人一致,三人一致,A-三人一致
ASGD-2027-0912,519dbf7f92a70744,双宾/给予结构候选,多谓词/论元结构,国际中文教育中文水平等级标准·语法学习手册（高等）,26,是目标语法点,正确,目标用例,多数裁决,多数裁决,多数裁决,B-多数裁决
ASGD-2027-0913,b9baf1495aee9ff3,得字补语候选,补语结构,国际中文教育中文水平等级标准·语法学习手册（中等）,105,不是目标语法点,候选错误,表层触发但非目标,三人一致,三人一致,三人一致,A-三人一致
ASGD-2027-0914,260e92f24748d0ec,在字介词框架候选,介词/框架结构,国际中文教育中文水平等级标准·语法学习手册（中等）,327,是目标语法点,正确,目标用例,多数裁决,多数裁决,多数裁决,B-多数裁决
ASGD-2027-0915,be6919d020b023c2,得字补语候选,补语结构,国际中文教育中文水平等级标准·语法学习手册（高等）,121,是目标语法点,正确,目标用例,三人一致,多数裁决,多数裁决,B-多数裁决
ASGD-2027-0916,79afc78747a22a7c,双宾/给予结构候选,多谓词/论元结构,国际中文教育中文水平等级标准·语法学习手册（初等）,147,是目标语法点,正确,目标用例,三人一致,三人一致,三人一致,A-三人一致
ASGD-2027-0917,76599e9d24bedb82,越...越候选,比较构式,国际中文教育中文水平等级标准·语法学习手册（初等）,192,是目标语法点,正确,目标用例,三人一致,三人一致,三人一致,A-三人一致
ASGD-2027-0918,c74709625770f1c6,时间状语候选,时间/处所功能结构,国际中文教育中文水平等级标准·语法学习手册（高等）,114,是目标语法点,正确,目标用例,三人一致,三人一致,三人一致,A-三人一致
ASGD-2027-0919,01461ebf1287a0de,时间状语候选,时间/处所功能结构,国际中文教育中文水平等级标准·语法学习手册（中等）,110,是目标语法点,正确,目标用例,三人一致,三人一致,三人一致,A-三人一致
ASGD-2027-0920,9f613f4307eb09ea,时间状语候选,时间/处所功能结构,国际中文教育中文水平等级标准·语法学习手册（中等）,16,是目标语法点,正确,目标用例,三人一致,三人一致,三人一致,A-三人一致
ASGD-2027-0921,732fdf5f3b2c92c6,得字补语候选,补语结构,国际中文教育中文水平等级标准·语法学习手册（高等）,121,是目标语法点,正确,目标用例,三人一致,多数裁决,多数裁决,B-多数裁决
ASGD-2027-0922,0335b871f9b10e4d,没有比较候选,比较构式,国际中文教育中文水平等级标准·语法学习手册（中等）,90,不是目标语法点,候选错误,表层触发但非目标,三人一致,三人一致,三人一致,A-三人一致
ASGD-2027-0923,b35ec9d1564dc323,在字介词框架候选,介词/框架结构,国际中文教育中文水平等级标准·语法学习手册（高等）,202,是目标语法点,正确,目标用例,三人一致,三人一致,三人一致,A-三人一致
ASGD-2027-0924,6b11b7f9f8b5ccf4,时间状语候选,时间/处所功能结构,国际中文教育中文水平等级标准·语法学习手册（高等）,108,是目标语法点,正确,目标用例,三人一致,三人一致,三人一致,A-三人一致
ASGD-2027-0925,51b78c00a2101200,给/为/关于等介词框架候选,介词/框架结构,国际中文教育中文水平等级标准·语法学习手册（初等）,330,是目标语法点,正确,目标用例,多数裁决,多数裁决,多数裁决,B-多数裁决
ASGD-2027-0926,3694fde8010ba41c,处所状语候选,时间/处所功能结构,国际中文教育中文水平等级标准·语法学习手册（初等）,40,不是目标语法点,候选错误,表层触发但非目标,多数裁决,多数裁决,多数裁决,B-多数裁决
ASGD-2027-0927,2edd08a5deac5ab4,比字比较候选,比较构式,国际中文教育中文水平等级标准·语法学习手册（初等）,209,是目标语法点,正确,目标用例,三人一致,三人一致,三人一致,A-三人一致
ASGD-2027-0928,5956275f67c693fe,因为候选,复句关联结构,国际中文教育中文水平等级标准·语法学习手册（高等）,126,是目标语法点,正确,目标用例,三人一致,多数裁决,多数裁决,B-多数裁决
ASGD-2027-0929,7baec78853a81997,把字句候选,处置/受事重组构式,国际中文教育中文水平等级标准·语法学习手册（高等）,153,是目标语法点,正确,目标用例,三人一致,三人一致,三人一致,A-三人一致
ASGD-2027-0930,b7a39763637a0c42,把字句候选,处置/受事重组构式,国际中文教育中文水平等级标准·语法学习手册（中等）,167,是目标语法点,正确,目标用例,三人一致,三人一致,三人一致,A-三人一致
ASGD-2027-0931,15403ec5e4031ccf,没有比较候选,比较构式,国际中文教育中文水平等级标准·语法学习手册（初等）,293,不是目标语法点,候选错误,表层触发但非目标,三人一致,三人一致,三人一致,A-三人一致
ASGD-2027-0932,410290bfc65fef40,得字补语候选,补语结构,国际中文教育中文水平等级标准·语法学习手册（初等）,367,是目标语法点,正确,目标用例,三人一致,多数裁决,多数裁决,B-多数裁决
ASGD-2027-0933,bbce35f65e1cb58c,数量/时量补语候选,补语结构,国际中文教育中文水平等级标准·语法学习手册（中等）,313,是目标语法点,正确,目标用例,多数裁决,多数裁决,多数裁决,B-多数裁决
ASGD-2027-0934,18f6068019e0dece,没有比较候选,比较构式,国际中文教育中文水平等级标准·语法学习手册（中等）,101,不是目标语法点,候选错误,表层触发但非目标,三人一致,三人一致,三人一致,A-三人一致
ASGD-2027-0935,9c102f97f4e87135,双宾/给予结构候选,多谓词/论元结构,国际中文教育中文水平等级标准·语法学习手册（初等）,72,不是目标语法点,候选错误,表层触发但非目标,多数裁决,多数裁决,多数裁决,B-多数裁决
ASGD-2027-0936,5dc865dabb30a8d8,比字比较候选,比较构式,国际中文教育中文水平等级标准·语法学习手册（初等）,364,是目标语法点,正确,目标用例,三人一致,三人一致,三人一致,A-三人一致
ASGD-2027-0937,29b44fb22cfa5b5e,在字介词框架候选,介词/框架结构,国际中文教育中文水平等级标准·语法学习手册（中等）,268,是目标语法点,正确,目标用例,三人一致,多数裁决,多数裁决,B-多数裁决
ASGD-2027-0938,f11ec55c440ba42c,双宾/给予结构候选,多谓词/论元结构,国际中文教育中文水平等级标准·语法学习手册（中等）,24,是目标语法点,正确,目标用例,三人一致,三人一致,三人一致,A-三人一致
ASGD-2027-0939,2f0c071cbc9de475,时间状语候选,时间/处所功能结构,国际中文教育中文水平等级标准·语法学习手册（中等）,231,是目标语法点,正确,目标用例,三人一致,三人一致,三人一致,A-三人一致
ASGD-2027-0940,71ad7790c8bbf648,得字补语候选,补语结构,国际中文教育中文水平等级标准·语法学习手册（高等）,39,是目标语法点,正确,目标用例,多数裁决,无多数-标注者2裁决,无多数-标注者2裁决,C-标注者2裁决
ASGD-2027-0941,bf85985cf5e3e40c,处所状语候选,时间/处所功能结构,国际中文教育中文水平等级标准·语法学习手册（中等）,175,是目标语法点,正确,目标用例,多数裁决,多数裁决,多数裁决,B-多数裁决
ASGD-2027-0942,b0c3296a507f66ab,时间状语候选,时间/处所功能结构,国际中文教育中文水平等级标准·语法学习手册（中等）,52,是目标语法点,正确,目标用例,多数裁决,多数裁决,多数裁决,B-多数裁决
ASGD-2027-0943,5786cdd6706c4068,比字比较候选,比较构式,国际中文教育中文水平等级标准·语法学习手册（中等）,44,不是目标语法点,候选错误,表层触发但非目标,三人一致,三人一致,三人一致,A-三人一致
ASGD-2027-0944,3d6398bac06ee346,得字补语候选,补语结构,国际中文教育中文水平等级标准·语法学习手册（中等）,206,是目标语法点,候选错误,表层触发但非目标,多数裁决,无多数-标注者2裁决,无多数-标注者2裁决,C-标注者2裁决
ASGD-2027-0945,d5a09519f1469a6c,给/为/关于等介词框架候选,介词/框架结构,国际中文教育中文水平等级标准·语法学习手册（高等）,150,是目标语法点,正确,目标用例,多数裁决,多数裁决,多数裁决,B-多数裁决
ASGD-2027-0946,8f01d21e0de01359,时间状语候选,时间/处所功能结构,国际中文教育中文水平等级标准·语法学习手册（中等）,213,是目标语法点,正确,目标用例,三人一致,三人一致,三人一致,A-三人一致
ASGD-2027-0947,78298b4bf0e07f57,比字比较候选,比较构式,国际中文教育中文水平等级标准·语法学习手册（高等）,180,是目标语法点,正确,目标用例,多数裁决,多数裁决,多数裁决,B-多数裁决
ASGD-2027-0948,d17b4b00cba16953,数量/时量补语候选,补语结构,国际中文教育中文水平等级标准·语法学习手册（高等）,50,是目标语法点,正确,目标用例,三人一致,多数裁决,多数裁决,B-多数裁决
ASGD-2027-0949,4682e7bf4df99dca,虽然...但是候选,复句关联结构,国际中文教育中文水平等级标准·语法学习手册（中等）,29,是目标语法点,边界不完整,边界问题,三人一致,多数裁决,多数裁决,B-多数裁决
ASGD-2027-0950,9082800d93712a87,把字句候选,处置/受事重组构式,国际中文教育中文水平等级标准·语法学习手册（高等）,151,是目标语法点,正确,目标用例,三人一致,多数裁决,多数裁决,B-多数裁决
ASGD-2027-0951,11e9013e84107360,得字补语候选,补语结构,国际中文教育中文水平等级标准·语法学习手册（中等）,252,是目标语法点,正确,目标用例,三人一致,多数裁决,多数裁决,B-多数裁决
ASGD-2027-0952,84220696f36d2a2a,被字句候选,被动/受事凸显构式,国际中文教育中文水平等级标准·语法学习手册（高等）,156,不是目标语法点,候选错误,表层触发但非目标,多数裁决,多数裁决,多数裁决,B-多数裁决
ASGD-2027-0953,774cc5248db1c9ac,处所状语候选,时间/处所功能结构,国际中文教育中文水平等级标准·语法学习手册（中等）,381,是目标语法点,正确,目标用例,三人一致,多数裁决,多数裁决,B-多数裁决
ASGD-2027-0954,244f863f047566aa,得字补语候选,补语结构,国际中文教育中文水平等级标准·语法学习手册（中等）,212,是目标语法点,候选错误,表层触发但非目标,多数裁决,无多数-标注者2裁决,无多数-标注者2裁决,C-标注者2裁决
ASGD-2027-0955,17c7e245c72f42ef,把字句候选,处置/受事重组构式,国际中文教育中文水平等级标准·语法学习手册（高等）,73,是目标语法点,正确,目标用例,三人一致,三人一致,三人一致,A-三人一致
ASGD-2027-0956,b92cac2c13cf493f,双宾/给予结构候选,多谓词/论元结构,国际中文教育中文水平等级标准·语法学习手册（初等）,324,是目标语法点,正确,目标用例,三人一致,多数裁决,多数裁决,B-多数裁决
ASGD-2027-0957,160600fed4297919,连动结构候选,多谓词/论元结构,国际中文教育中文水平等级标准·语法学习手册（初等）,232,是目标语法点,边界不完整,边界问题,三人一致,多数裁决,多数裁决,B-多数裁决
ASGD-2027-0958,32204dc0542aa469,把字句候选,处置/受事重组构式,国际中文教育中文水平等级标准·语法学习手册（中等）,219,是目标语法点,正确,目标用例,三人一致,多数裁决,多数裁决,B-多数裁决
ASGD-2027-0959,7ba9e07656cc65bc,双宾/给予结构候选,多谓词/论元结构,国际中文教育中文水平等级标准·语法学习手册（中等）,382,是目标语法点,正确,目标用例,三人一致,三人一致,三人一致,A-三人一致
ASGD-2027-0960,0e90f99b3a6dc9b6,时间状语候选,时间/处所功能结构,国际中文教育中文水平等级标准·语法学习手册（中等）,34,是目标语法点,正确,目标用例,多数裁决,多数裁决,多数裁决,B-多数裁决
ASGD-2027-0961,ef7e8f571ccf1f20,即使候选,复句关联结构,国际中文教育中文水平等级标准·语法学习手册（高等）,140,是目标语法点,正确,目标用例,三人一致,三人一致,三人一致,A-三人一致
ASGD-2027-0962,19f76fb61c6a8953,处所状语候选,时间/处所功能结构,国际中文教育中文水平等级标准·语法学习手册（初等）,31,是目标语法点,正确,目标用例,多数裁决,多数裁决,多数裁决,B-多数裁决
ASGD-2027-0963,5dda5c7a77098649,如果...就候选,复句关联结构,国际中文教育中文水平等级标准·语法学习手册（初等）,187,是目标语法点,正确,目标用例,三人一致,多数裁决,多数裁决,B-多数裁决
ASGD-2027-0964,24f7fdf1512e824a,连动结构候选,多谓词/论元结构,国际中文教育中文水平等级标准·语法学习手册（中等）,232,是目标语法点,边界不完整,边界问题,三人一致,多数裁决,多数裁决,B-多数裁决
ASGD-2027-0965,b54e0019f8e7b63e,时间状语候选,时间/处所功能结构,国际中文教育中文水平等级标准·语法学习手册（初等）,169,是目标语法点,正确,目标用例,三人一致,三人一致,三人一致,A-三人一致
ASGD-2027-0966,45a855f27c33944e,时间状语候选,时间/处所功能结构,国际中文教育中文水平等级标准·语法学习手册（初等）,181,是目标语法点,正确,目标用例,三人一致,三人一致,三人一致,A-三人一致
ASGD-2027-0967,7c6a64cb05a73ea3,不如比较候选,比较构式,国际中文教育中文水平等级标准·语法学习手册（中等）,199,是目标语法点,正确,目标用例,三人一致,三人一致,三人一致,A-三人一致
ASGD-2027-0968,1298046106b1d156,比字比较候选,比较构式,国际中文教育中文水平等级标准·语法学习手册（初等）,209,是目标语法点,正确,目标用例,三人一致,三人一致,三人一致,A-三人一致
ASGD-2027-0969,95cb36de28bf165c,把字句候选,处置/受事重组构式,国际中文教育中文水平等级标准·语法学习手册（中等）,339,是目标语法点,正确,目标用例,三人一致,多数裁决,多数裁决,B-多数裁决
ASGD-2027-0970,abb2a845c21f0c2f,没有比较候选,比较构式,国际中文教育中文水平等级标准·语法学习手册（初等）,65,不是目标语法点,候选错误,表层触发但非目标,三人一致,三人一致,三人一致,A-三人一致
ASGD-2027-0971,ee83bf925911024a,处所状语候选,时间/处所功能结构,国际中文教育中文水平等级标准·语法学习手册（中等）,39,是目标语法点,正确,目标用例,三人一致,多数裁决,多数裁决,B-多数裁决
ASGD-2027-0972,60ff6786adb5f63b,处所状语候选,时间/处所功能结构,国际中文教育中文水平等级标准·语法学习手册（中等）,86,是目标语法点,边界不完整,边界问题,多数裁决,无多数-标注者2裁决,无多数-标注者2裁决,C-标注者2裁决
ASGD-2027-0973,e8843da8de537e91,双宾/给予结构候选,多谓词/论元结构,国际中文教育中文水平等级标准·语法学习手册（初等）,61,是目标语法点,正确,目标用例,多数裁决,多数裁决,多数裁决,B-多数裁决
ASGD-2027-0974,d9edf24a0f5a9f70,被字句候选,被动/受事凸显构式,国际中文教育中文水平等级标准·语法学习手册（中等）,196,是目标语法点,正确,目标用例,三人一致,多数裁决,多数裁决,B-多数裁决
ASGD-2027-0975,2e372e2f073a0d9c,在字介词框架候选,介词/框架结构,国际中文教育中文水平等级标准·语法学习手册（初等）,21,是目标语法点,正确,目标用例,三人一致,三人一致,三人一致,A-三人一致
ASGD-2027-0976,256056b9c49d5956,既然候选,复句关联结构,国际中文教育中文水平等级标准·语法学习手册（中等）,109,是目标语法点,正确,目标用例,三人一致,三人一致,三人一致,A-三人一致
ASGD-2027-0977,f6a61509020854a3,双宾/给予结构候选,多谓词/论元结构,国际中文教育中文水平等级标准·语法学习手册（高等）,59,是目标语法点,正确,目标用例,多数裁决,多数裁决,多数裁决,B-多数裁决
ASGD-2027-0978,f486d102dca75aa7,给/为/关于等介词框架候选,介词/框架结构,国际中文教育中文水平等级标准·语法学习手册（初等）,176,是目标语法点,正确,目标用例,三人一致,三人一致,三人一致,A-三人一致
ASGD-2027-0979,7d509eaf96f7fe5a,没有比较候选,比较构式,国际中文教育中文水平等级标准·语法学习手册（初等）,65,不是目标语法点,候选错误,表层触发但非目标,三人一致,三人一致,三人一致,A-三人一致
ASGD-2027-0980,050dd20b14eb8614,在字介词框架候选,介词/框架结构,国际中文教育中文水平等级标准·语法学习手册（中等）,59,是目标语法点,正确,目标用例,多数裁决,多数裁决,多数裁决,B-多数裁决
ASGD-2027-0981,6688a4b9abf83a33,在字介词框架候选,介词/框架结构,国际中文教育中文水平等级标准·语法学习手册（初等）,280,是目标语法点,正确,目标用例,多数裁决,多数裁决,多数裁决,B-多数裁决
ASGD-2027-0982,06b7780612169cf4,数量/时量补语候选,补语结构,国际中文教育中文水平等级标准·语法学习手册（初等）,202,是目标语法点,正确,目标用例,三人一致,多数裁决,多数裁决,B-多数裁决
ASGD-2027-0983,99ed4e58ad9bd5da,双宾/给予结构候选,多谓词/论元结构,国际中文教育中文水平等级标准·语法学习手册（中等）,346,是目标语法点,正确,目标用例,多数裁决,多数裁决,多数裁决,B-多数裁决
ASGD-2027-0984,06784972ce5ff413,处所状语候选,时间/处所功能结构,国际中文教育中文水平等级标准·语法学习手册（中等）,85,不是目标语法点,候选错误,表层触发但非目标,三人一致,三人一致,三人一致,A-三人一致
ASGD-2027-0985,b162f27959d34841,被字句候选,被动/受事凸显构式,国际中文教育中文水平等级标准·语法学习手册（初等）,359,是目标语法点,边界不完整,边界问题,三人一致,多数裁决,多数裁决,B-多数裁决
ASGD-2027-0986,68860606a7543d48,数量/时量补语候选,补语结构,国际中文教育中文水平等级标准·语法学习手册（中等）,332,是目标语法点,正确,目标用例,多数裁决,多数裁决,多数裁决,B-多数裁决
ASGD-2027-0987,b10e74353ae2bb46,给/为/关于等介词框架候选,介词/框架结构,国际中文教育中文水平等级标准·语法学习手册（中等）,100,是目标语法点,正确,目标用例,多数裁决,多数裁决,多数裁决,B-多数裁决
ASGD-2027-0988,f19d2a61826c5335,被字句候选,被动/受事凸显构式,国际中文教育中文水平等级标准·语法学习手册（初等）,358,是目标语法点,正确,目标用例,三人一致,三人一致,三人一致,A-三人一致
ASGD-2027-0989,53e2a015f27be352,把字句候选,处置/受事重组构式,国际中文教育中文水平等级标准·语法学习手册（中等）,221,是目标语法点,正确,目标用例,三人一致,三人一致,三人一致,A-三人一致
ASGD-2027-0990,817fc6343af4e54f,时间状语候选,时间/处所功能结构,国际中文教育中文水平等级标准·语法学习手册（中等）,12,是目标语法点,正确,目标用例,三人一致,三人一致,三人一致,A-三人一致
ASGD-2027-0991,036bebd138d88af5,处所状语候选,时间/处所功能结构,国际中文教育中文水平等级标准·语法学习手册（中等）,39,是目标语法点,正确,目标用例,多数裁决,多数裁决,多数裁决,B-多数裁决
ASGD-2027-0992,6ff016fadd6d14df,因为候选,复句关联结构,国际中文教育中文水平等级标准·语法学习手册（高等）,110,是目标语法点,正确,目标用例,三人一致,多数裁决,多数裁决,B-多数裁决
ASGD-2027-0993,4f88c16d1a8f9dfb,双宾/给予结构候选,多谓词/论元结构,国际中文教育中文水平等级标准·语法学习手册（中等）,59,是目标语法点,正确,目标用例,三人一致,三人一致,三人一致,A-三人一致
ASGD-2027-0994,210de43e2756fe2f,向/往/朝介词框架候选,介词/框架结构,国际中文教育中文水平等级标准·语法学习手册（高等）,214,是目标语法点,正确,目标用例,多数裁决,多数裁决,多数裁决,B-多数裁决
ASGD-2027-0995,32a42dc319d7ec96,得字补语候选,补语结构,国际中文教育中文水平等级标准·语法学习手册（高等）,34,不是目标语法点,候选错误,表层触发但非目标,多数裁决,多数裁决,多数裁决,B-多数裁决
ASGD-2027-0996,330d31e6e03d3b0c,如果候选,复句关联结构,国际中文教育中文水平等级标准·语法学习手册（中等）,205,是目标语法点,正确,目标用例,三人一致,多数裁决,多数裁决,B-多数裁决
ASGD-2027-0997,922be4529f905c12,比字比较候选,比较构式,国际中文教育中文水平等级标准·语法学习手册（高等）,129,是目标语法点,正确,目标用例,三人一致,三人一致,三人一致,A-三人一致
ASGD-2027-0998,3947d4e65c9addf5,对字介词框架候选,介词/框架结构,国际中文教育中文水平等级标准·语法学习手册（高等）,142,是目标语法点,正确,目标用例,三人一致,三人一致,三人一致,A-三人一致
ASGD-2027-0999,f455b0971dbd843b,给/为/关于等介词框架候选,介词/框架结构,国际中文教育中文水平等级标准·语法学习手册（高等）,13,是目标语法点,正确,目标用例,多数裁决,多数裁决,多数裁决,B-多数裁决
ASGD-2027-1000,ce70fe98758e0cda,得字补语候选,补语结构,国际中文教育中文水平等级标准·语法学习手册（高等）,122,是目标语法点,正确,目标用例,三人一致,多数裁决,多数裁决,B-多数裁决
ASGD-2027-1001,814700dccda7da06,双宾/给予结构候选,多谓词/论元结构,国际中文教育中文水平等级标准·语法学习手册（初等）,279,是目标语法点,正确,目标用例,多数裁决,多数裁决,多数裁决,B-多数裁决
ASGD-2027-1002,731a397eb9dbf25a,得字补语候选,补语结构,国际中文教育中文水平等级标准·语法学习手册（初等）,316,不是目标语法点,候选错误,表层触发但非目标,多数裁决,多数裁决,多数裁决,B-多数裁决
ASGD-2027-1003,6e3c6aa0cb8c4a30,时间状语候选,时间/处所功能结构,国际中文教育中文水平等级标准·语法学习手册（初等）,154,是目标语法点,正确,目标用例,三人一致,三人一致,三人一致,A-三人一致
ASGD-2027-1004,1c4ecef1c7d0998a,把字句候选,处置/受事重组构式,国际中文教育中文水平等级标准·语法学习手册（中等）,339,是目标语法点,正确,目标用例,三人一致,三人一致,三人一致,A-三人一致
ASGD-2027-1005,db9ce7d3c0645560,把字句候选,处置/受事重组构式,国际中文教育中文水平等级标准·语法学习手册（高等）,25,是目标语法点,正确,目标用例,三人一致,三人一致,三人一致,A-三人一致
ASGD-2027-1006,c7ca611228baa80f,没有比较候选,比较构式,国际中文教育中文水平等级标准·语法学习手册（初等）,303,不是目标语法点,候选错误,表层触发但非目标,三人一致,三人一致,三人一致,A-三人一致
ASGD-2027-1007,eb5dc089abf4ca03,从字介词框架候选,介词/框架结构,国际中文教育中文水平等级标准·语法学习手册（初等）,66,是目标语法点,正确,目标用例,三人一致,三人一致,三人一致,A-三人一致
ASGD-2027-1008,29d902cf72083a93,数量/时量补语候选,补语结构,国际中文教育中文水平等级标准·语法学习手册（初等）,352,是目标语法点,正确,目标用例,三人一致,多数裁决,多数裁决,B-多数裁决
ASGD-2027-1009,10572c52038fe618,在字介词框架候选,介词/框架结构,国际中文教育中文水平等级标准·语法学习手册（初等）,348,是目标语法点,正确,目标用例,多数裁决,多数裁决,多数裁决,B-多数裁决
ASGD-2027-1010,d5a09519f1469a6c,因为候选,复句关联结构,国际中文教育中文水平等级标准·语法学习手册（高等）,150,是目标语法点,正确,目标用例,三人一致,多数裁决,多数裁决,B-多数裁决
ASGD-2027-1011,e5c169a8f03be9a8,如果...就候选,复句关联结构,国际中文教育中文水平等级标准·语法学习手册（中等）,115,是目标语法点,正确,目标用例,三人一致,多数裁决,多数裁决,B-多数裁决
ASGD-2027-1012,c2885855e690945a,没有比较候选,比较构式,国际中文教育中文水平等级标准·语法学习手册（初等）,228,不是目标语法点,候选错误,表层触发但非目标,三人一致,三人一致,三人一致,A-三人一致
ASGD-2027-1013,833c50b533b43384,在字介词框架候选,介词/框架结构,国际中文教育中文水平等级标准·语法学习手册（高等）,202,是目标语法点,正确,目标用例,三人一致,三人一致,三人一致,A-三人一致
ASGD-2027-1014,18ec943fe09428c7,结果补语候选,补语结构,国际中文教育中文水平等级标准·语法学习手册（初等）,199,是目标语法点,正确,目标用例,三人一致,三人一致,三人一致,A-三人一致
ASGD-2027-1015,bc8b324edd2cf8f0,在字介词框架候选,介词/框架结构,国际中文教育中文水平等级标准·语法学习手册（中等）,71,是目标语法点,正确,目标用例,三人一致,多数裁决,多数裁决,B-多数裁决
ASGD-2027-1016,ea39ca9eb0327eb3,如果...就候选,复句关联结构,国际中文教育中文水平等级标准·语法学习手册（初等）,157,是目标语法点,正确,目标用例,三人一致,多数裁决,多数裁决,B-多数裁决
ASGD-2027-1017,1883cbf2c1ae02df,将字处置候选,处置/受事重组构式,国际中文教育中文水平等级标准·语法学习手册（中等）,177,是目标语法点,正确,目标用例,三人一致,三人一致,三人一致,A-三人一致
ASGD-2027-1018,40818cef7197a3b5,把字句候选,处置/受事重组构式,国际中文教育中文水平等级标准·语法学习手册（中等）,171,是目标语法点,正确,目标用例,三人一致,三人一致,三人一致,A-三人一致
ASGD-2027-1019,a7bdcb1b2eefd1c7,时间状语候选,时间/处所功能结构,国际中文教育中文水平等级标准·语法学习手册（初等）,63,是目标语法点,正确,目标用例,多数裁决,多数裁决,多数裁决,B-多数裁决
ASGD-2027-1020,b055ac7c3a3d1e3d,把字句候选,处置/受事重组构式,国际中文教育中文水平等级标准·语法学习手册（中等）,79,是目标语法点,正确,目标用例,三人一致,多数裁决,多数裁决,B-多数裁决
ASGD-2027-1021,82e038af616ffe41,没有比较候选,比较构式,国际中文教育中文水平等级标准·语法学习手册（中等）,346,不是目标语法点,候选错误,表层触发但非目标,三人一致,三人一致,三人一致,A-三人一致
ASGD-2027-1022,90db31a2576413db,在字介词框架候选,介词/框架结构,国际中文教育中文水平等级标准·语法学习手册（初等）,67,是目标语法点,正确,目标用例,三人一致,多数裁决,多数裁决,B-多数裁决
ASGD-2027-1023,1ba7d389d3c88a17,时间状语候选,时间/处所功能结构,国际中文教育中文水平等级标准·语法学习手册（中等）,40,是目标语法点,正确,目标用例,三人一致,三人一致,三人一致,A-三人一致
ASGD-2027-1024,a444847731cb2448,双宾/给予结构候选,多谓词/论元结构,国际中文教育中文水平等级标准·语法学习手册（中等）,362,是目标语法点,正确,目标用例,多数裁决,多数裁决,多数裁决,B-多数裁决
ASGD-2027-1025,a77e1dbd2d0ea075,从字介词框架候选,介词/框架结构,国际中文教育中文水平等级标准·语法学习手册（初等）,172,是目标语法点,正确,目标用例,三人一致,三人一致,三人一致,A-三人一致
ASGD-2027-1026,3c53bba7b06c4eba,把字句候选,处置/受事重组构式,国际中文教育中文水平等级标准·语法学习手册（中等）,221,是目标语法点,正确,目标用例,三人一致,多数裁决,多数裁决,B-多数裁决
ASGD-2027-1027,d1429bd59c5b8aca,被字句候选,被动/受事凸显构式,国际中文教育中文水平等级标准·语法学习手册（中等）,383,是目标语法点,正确,目标用例,三人一致,三人一致,三人一致,A-三人一致
ASGD-2027-1028,1ba7d389d3c88a17,对字介词框架候选,介词/框架结构,国际中文教育中文水平等级标准·语法学习手册（中等）,40,是目标语法点,正确,目标用例,多数裁决,多数裁决,多数裁决,B-多数裁决
ASGD-2027-1029,5b164ea6dc28a308,时间状语候选,时间/处所功能结构,国际中文教育中文水平等级标准·语法学习手册（中等）,188,是目标语法点,正确,目标用例,多数裁决,多数裁决,多数裁决,B-多数裁决
ASGD-2027-1030,9980ff4fcacf0146,数量/时量补语候选,补语结构,国际中文教育中文水平等级标准·语法学习手册（初等）,351,是目标语法点,正确,目标用例,三人一致,多数裁决,多数裁决,B-多数裁决
ASGD-2027-1031,58bfaba15dc71a37,时间状语候选,时间/处所功能结构,国际中文教育中文水平等级标准·语法学习手册（高等）,24,是目标语法点,正确,目标用例,多数裁决,多数裁决,多数裁决,B-多数裁决
ASGD-2027-1032,01154029c59fd885,把字句候选,处置/受事重组构式,国际中文教育中文水平等级标准·语法学习手册（中等）,351,是目标语法点,正确,目标用例,三人一致,三人一致,三人一致,A-三人一致
ASGD-2027-1033,a84797e7250ae1ab,处所状语候选,时间/处所功能结构,国际中文教育中文水平等级标准·语法学习手册（初等）,66,是目标语法点,正确,目标用例,三人一致,三人一致,三人一致,A-三人一致
ASGD-2027-1034,2edaf89c57672f6d,把字句候选,处置/受事重组构式,国际中文教育中文水平等级标准·语法学习手册（高等）,115,是目标语法点,正确,目标用例,多数裁决,无多数-标注者2裁决,无多数-标注者2裁决,C-标注者2裁决
ASGD-2027-1035,0e0f6c4c0053a745,把字句候选,处置/受事重组构式,国际中文教育中文水平等级标准·语法学习手册（初等）,334,是目标语法点,候选错误,表层触发但非目标,多数裁决,无多数-标注者2裁决,无多数-标注者2裁决,C-标注者2裁决
ASGD-2027-1036,610e90ccc21682a7,如果候选,复句关联结构,国际中文教育中文水平等级标准·语法学习手册（中等）,70,是目标语法点,正确,目标用例,三人一致,多数裁决,多数裁决,B-多数裁决
ASGD-2027-1037,42c1bc3616b78d0d,只要候选,复句关联结构,国际中文教育中文水平等级标准·语法学习手册（高等）,23,是目标语法点,正确,目标用例,三人一致,三人一致,三人一致,A-三人一致
ASGD-2027-1038,1e21962c489ec67f,将字处置候选,处置/受事重组构式,国际中文教育中文水平等级标准·语法学习手册（中等）,176,是目标语法点,正确,目标用例,三人一致,三人一致,三人一致,A-三人一致
ASGD-2027-1039,060e9b6d518a7ebe,得字补语候选,补语结构,国际中文教育中文水平等级标准·语法学习手册（高等）,55,是目标语法点,边界过长,边界问题,三人一致,无多数-标注者2裁决,多数裁决,C-标注者2裁决
ASGD-2027-1040,0fe8cf75f4c8fd8f,处所状语候选,时间/处所功能结构,国际中文教育中文水平等级标准·语法学习手册（初等）,20,是目标语法点,正确,目标用例,三人一致,三人一致,三人一致,A-三人一致
ASGD-2027-1041,c76040253db248ab,处所状语候选,时间/处所功能结构,国际中文教育中文水平等级标准·语法学习手册（初等）,66,不是目标语法点,候选错误,表层触发但非目标,多数裁决,多数裁决,多数裁决,B-多数裁决
ASGD-2027-1042,b74c4c0030d13404,被字句候选,被动/受事凸显构式,国际中文教育中文水平等级标准·语法学习手册（高等）,126,是目标语法点,正确,目标用例,三人一致,多数裁决,多数裁决,B-多数裁决
ASGD-2027-1043,cc939dc61ae38313,在字介词框架候选,介词/框架结构,国际中文教育中文水平等级标准·语法学习手册（中等）,43,是目标语法点,正确,目标用例,三人一致,三人一致,三人一致,A-三人一致
ASGD-2027-1044,19f76fb61c6a8953,处所状语候选,时间/处所功能结构,国际中文教育中文水平等级标准·语法学习手册（初等）,31,不是目标语法点,候选错误,表层触发但非目标,多数裁决,多数裁决,多数裁决,B-多数裁决
ASGD-2027-1045,9f1ef2f7c1d93293,被字句候选,被动/受事凸显构式,国际中文教育中文水平等级标准·语法学习手册（中等）,341,是目标语法点,正确,目标用例,三人一致,三人一致,三人一致,A-三人一致
ASGD-2027-1046,e5844e4ac8939c27,因为候选,复句关联结构,国际中文教育中文水平等级标准·语法学习手册（高等）,213,是目标语法点,正确,目标用例,三人一致,多数裁决,多数裁决,B-多数裁决
ASGD-2027-1047,e6316ef9e25baaee,连动结构候选,多谓词/论元结构,国际中文教育中文水平等级标准·语法学习手册（初等）,208,是目标语法点,正确,目标用例,三人一致,多数裁决,多数裁决,B-多数裁决
ASGD-2027-1048,b109faacf989da1a,趋向补语候选,补语结构,国际中文教育中文水平等级标准·语法学习手册（中等）,294,是目标语法点,正确,目标用例,三人一致,多数裁决,多数裁决,B-多数裁决
ASGD-2027-1049,e5081f73ff0888be,数量/时量补语候选,补语结构,国际中文教育中文水平等级标准·语法学习手册（初等）,153,是目标语法点,正确,目标用例,三人一致,多数裁决,多数裁决,B-多数裁决
ASGD-2027-1050,57d467af26cc52e5,没有比较候选,比较构式,国际中文教育中文水平等级标准·语法学习手册（中等）,161,不是目标语法点,候选错误,表层触发但非目标,三人一致,三人一致,三人一致,A-三人一致
ASGD-2027-1051,b08b425b2af70cda,把字句候选,处置/受事重组构式,国际中文教育中文水平等级标准·语法学习手册（中等）,340,是目标语法点,正确,目标用例,三人一致,多数裁决,多数裁决,B-多数裁决
ASGD-2027-1052,eb7a3545b5a65754,把字句候选,处置/受事重组构式,国际中文教育中文水平等级标准·语法学习手册（中等）,105,是目标语法点,边界过长,边界问题,多数裁决,多数裁决,多数裁决,B-多数裁决
ASGD-2027-1053,d0316faa5c60f57d,得字补语候选,补语结构,国际中文教育中文水平等级标准·语法学习手册（中等）,211,是目标语法点,候选错误,表层触发但非目标,多数裁决,无多数-标注者2裁决,无多数-标注者2裁决,C-标注者2裁决
ASGD-2027-1054,2c46ff5b902f34bd,比字比较候选,比较构式,国际中文教育中文水平等级标准·语法学习手册（初等）,363,是目标语法点,正确,目标用例,三人一致,三人一致,三人一致,A-三人一致
ASGD-2027-1055,17b4e95d8e0ddf1d,数量/时量补语候选,补语结构,国际中文教育中文水平等级标准·语法学习手册（初等）,243,是目标语法点,候选错误,表层触发但非目标,多数裁决,无多数-标注者2裁决,无多数-标注者2裁决,C-标注者2裁决
ASGD-2027-1056,fd94db115343c9dc,把字句候选,处置/受事重组构式,国际中文教育中文水平等级标准·语法学习手册（中等）,78,是目标语法点,正确,目标用例,三人一致,多数裁决,多数裁决,B-多数裁决
ASGD-2027-1057,f15dd89a77c0f545,数量/时量补语候选,补语结构,国际中文教育中文水平等级标准·语法学习手册（中等）,81,是目标语法点,正确,目标用例,三人一致,多数裁决,多数裁决,B-多数裁决
ASGD-2027-1058,440bb25f3629ef40,数量/时量补语候选,补语结构,国际中文教育中文水平等级标准·语法学习手册（初等）,352,是目标语法点,正确,目标用例,三人一致,多数裁决,多数裁决,B-多数裁决
ASGD-2027-1059,9bab4478140021ad,得字补语候选,补语结构,国际中文教育中文水平等级标准·语法学习手册（初等）,272,是目标语法点,正确,目标用例,多数裁决,无多数-标注者2裁决,无多数-标注者2裁决,C-标注者2裁决
ASGD-2027-1060,7b370d36d1f1a108,结果补语候选,补语结构,国际中文教育中文水平等级标准·语法学习手册（初等）,288,是目标语法点,正确,目标用例,三人一致,三人一致,三人一致,A-三人一致
ASGD-2027-1061,5df5a2dfceec1ece,比字比较候选,比较构式,国际中文教育中文水平等级标准·语法学习手册（初等）,156,不是目标语法点,候选错误,表层触发但非目标,三人一致,三人一致,三人一致,A-三人一致
ASGD-2027-1062,e250d822fecce620,得字补语候选,补语结构,国际中文教育中文水平等级标准·语法学习手册（初等）,126,是目标语法点,正确,目标用例,三人一致,多数裁决,多数裁决,B-多数裁决
ASGD-2027-1063,593cbcdc9341f497,给/为/关于等介词框架候选,介词/框架结构,国际中文教育中文水平等级标准·语法学习手册（中等）,379,是目标语法点,正确,目标用例,三人一致,三人一致,三人一致,A-三人一致
ASGD-2027-1064,a6595e0929fbc4fd,双宾/给予结构候选,多谓词/论元结构,国际中文教育中文水平等级标准·语法学习手册（初等）,229,不是目标语法点,候选错误,表层触发但非目标,多数裁决,多数裁决,多数裁决,B-多数裁决
ASGD-2027-1065,6802cdde0c47f84b,时间状语候选,时间/处所功能结构,国际中文教育中文水平等级标准·语法学习手册（初等）,235,是目标语法点,正确,目标用例,三人一致,三人一致,三人一致,A-三人一致
ASGD-2027-1066,488904dc225920ab,所以候选,复句关联结构,国际中文教育中文水平等级标准·语法学习手册（初等）,236,是目标语法点,正确,目标用例,三人一致,三人一致,三人一致,A-三人一致
ASGD-2027-1067,3a0cdc654e415cdd,时间状语候选,时间/处所功能结构,国际中文教育中文水平等级标准·语法学习手册（中等）,205,是目标语法点,正确,目标用例,三人一致,多数裁决,多数裁决,B-多数裁决
ASGD-2027-1068,fb555890b650b338,把字句候选,处置/受事重组构式,国际中文教育中文水平等级标准·语法学习手册（高等）,165,不是目标语法点,候选错误,表层触发但非目标,多数裁决,多数裁决,多数裁决,B-多数裁决
ASGD-2027-1069,dc8f3472842313b7,比字比较候选,比较构式,国际中文教育中文水平等级标准·语法学习手册（高等）,154,不是目标语法点,候选错误,表层触发但非目标,三人一致,三人一致,三人一致,A-三人一致
ASGD-2027-1070,0f88f710e2659507,双宾/给予结构候选,多谓词/论元结构,国际中文教育中文水平等级标准·语法学习手册（中等）,274,是目标语法点,正确,目标用例,三人一致,三人一致,三人一致,A-三人一致
ASGD-2027-1071,06f99e493d196274,数量/时量补语候选,补语结构,国际中文教育中文水平等级标准·语法学习手册（中等）,210,是目标语法点,候选错误,表层触发但非目标,多数裁决,无多数-标注者2裁决,无多数-标注者2裁决,C-标注者2裁决
ASGD-2027-1072,b4f70edcfbbefe23,把字句候选,处置/受事重组构式,国际中文教育中文水平等级标准·语法学习手册（中等）,21,是目标语法点,正确,目标用例,三人一致,三人一致,三人一致,A-三人一致
ASGD-2027-1073,296a31d2dda764a1,把字句候选,处置/受事重组构式,国际中文教育中文水平等级标准·语法学习手册（中等）,82,是目标语法点,正确,目标用例,三人一致,多数裁决,多数裁决,B-多数裁决
ASGD-2027-1074,391ea90c9a5644a3,比字比较候选,比较构式,国际中文教育中文水平等级标准·语法学习手册（初等）,96,是目标语法点,正确,目标用例,三人一致,三人一致,三人一致,A-三人一致
ASGD-2027-1075,da2d88d397befbba,得字补语候选,补语结构,国际中文教育中文水平等级标准·语法学习手册（中等）,130,是目标语法点,正确,目标用例,三人一致,多数裁决,多数裁决,B-多数裁决
ASGD-2027-1076,478ad112f29fb04c,给/为/关于等介词框架候选,介词/框架结构,国际中文教育中文水平等级标准·语法学习手册（初等）,324,是目标语法点,正确,目标用例,三人一致,三人一致,三人一致,A-三人一致
ASGD-2027-1077,e70256173e81c178,把字句候选,处置/受事重组构式,国际中文教育中文水平等级标准·语法学习手册（中等）,81,是目标语法点,正确,目标用例,三人一致,三人一致,三人一致,A-三人一致
ASGD-2027-1078,b5559c5cd608c2aa,双宾/给予结构候选,多谓词/论元结构,国际中文教育中文水平等级标准·语法学习手册（中等）,250,是目标语法点,正确,目标用例,多数裁决,多数裁决,多数裁决,B-多数裁决
ASGD-2027-1079,6726553df5a9a1c8,趋向补语候选,补语结构,国际中文教育中文水平等级标准·语法学习手册（初等）,347,是目标语法点,正确,目标用例,三人一致,三人一致,三人一致,A-三人一致
ASGD-2027-1080,c20063e328fbe30d,时间状语候选,时间/处所功能结构,国际中文教育中文水平等级标准·语法学习手册（高等）,199,是目标语法点,正确,目标用例,三人一致,三人一致,三人一致,A-三人一致
ASGD-2027-1081,c2a721b6efbcf4f1,双宾/给予结构候选,多谓词/论元结构,国际中文教育中文水平等级标准·语法学习手册（中等）,356,是目标语法点,正确,目标用例,多数裁决,多数裁决,多数裁决,B-多数裁决
ASGD-2027-1082,e4c5caca7a5eacaf,处所状语候选,时间/处所功能结构,国际中文教育中文水平等级标准·语法学习手册（初等）,21,是目标语法点,正确,目标用例,多数裁决,多数裁决,多数裁决,B-多数裁决
ASGD-2027-1083,1227632ef2d19e10,不但...而且候选,复句关联结构,国际中文教育中文水平等级标准·语法学习手册（初等）,225,是目标语法点,正确,目标用例,三人一致,三人一致,三人一致,A-三人一致
ASGD-2027-1084,04385e90f12f215f,比字比较候选,比较构式,国际中文教育中文水平等级标准·语法学习手册（中等）,141,是目标语法点,正确,目标用例,三人一致,三人一致,三人一致,A-三人一致
ASGD-2027-1085,713bf983463689d0,把字句候选,处置/受事重组构式,国际中文教育中文水平等级标准·语法学习手册（高等）,23,是目标语法点,正确,目标用例,三人一致,三人一致,三人一致,A-三人一致
ASGD-2027-1086,d484fe6272e3a334,结果补语候选,补语结构,国际中文教育中文水平等级标准·语法学习手册（初等）,197,是目标语法点,正确,目标用例,三人一致,三人一致,三人一致,A-三人一致
ASGD-2027-1087,036bebd138d88af5,给/为/关于等介词框架候选,介词/框架结构,国际中文教育中文水平等级标准·语法学习手册（中等）,39,是目标语法点,正确,目标用例,三人一致,三人一致,三人一致,A-三人一致
ASGD-2027-1088,1385d55d436331c3,处所状语候选,时间/处所功能结构,国际中文教育中文水平等级标准·语法学习手册（中等）,85,不是目标语法点,候选错误,表层触发但非目标,多数裁决,多数裁决,多数裁决,B-多数裁决
ASGD-2027-1089,202eebe94cb28b87,数量/时量补语候选,补语结构,国际中文教育中文水平等级标准·语法学习手册（初等）,354,是目标语法点,正确,目标用例,三人一致,多数裁决,多数裁决,B-多数裁决
ASGD-2027-1090,88d4a2e4060b173b,得字补语候选,补语结构,国际中文教育中文水平等级标准·语法学习手册（高等）,122,是目标语法点,正确,目标用例,三人一致,多数裁决,多数裁决,B-多数裁决
ASGD-2027-1091,a22a1ff341c105d7,数量/时量补语候选,补语结构,国际中文教育中文水平等级标准·语法学习手册（中等）,248,是目标语法点,正确,目标用例,多数裁决,多数裁决,多数裁决,B-多数裁决
ASGD-2027-1092,8cfc21b553116bf9,从字介词框架候选,介词/框架结构,国际中文教育中文水平等级标准·语法学习手册（初等）,281,是目标语法点,正确,目标用例,多数裁决,多数裁决,多数裁决,B-多数裁决
ASGD-2027-1093,51c64e56a686fa4a,在字介词框架候选,介词/框架结构,国际中文教育中文水平等级标准·语法学习手册（初等）,112,是目标语法点,正确,目标用例,多数裁决,多数裁决,多数裁决,B-多数裁决
ASGD-2027-1094,492d6e8ae3b3766d,给/为/关于等介词框架候选,介词/框架结构,国际中文教育中文水平等级标准·语法学习手册（初等）,122,不是目标语法点,候选错误,表层触发但非目标,多数裁决,多数裁决,多数裁决,B-多数裁决
ASGD-2027-1095,40818cef7197a3b5,双宾/给予结构候选,多谓词/论元结构,国际中文教育中文水平等级标准·语法学习手册（中等）,171,是目标语法点,正确,目标用例,三人一致,三人一致,三人一致,A-三人一致
ASGD-2027-1096,dffcfe7a96944fa4,在字介词框架候选,介词/框架结构,国际中文教育中文水平等级标准·语法学习手册（中等）,231,是目标语法点,正确,目标用例,三人一致,三人一致,三人一致,A-三人一致
ASGD-2027-1097,ddd22a1fe79399a6,在字介词框架候选,介词/框架结构,国际中文教育中文水平等级标准·语法学习手册（中等）,208,是目标语法点,正确,目标用例,多数裁决,多数裁决,多数裁决,B-多数裁决
ASGD-2027-1098,d31d558d9ec002f4,处所状语候选,时间/处所功能结构,国际中文教育中文水平等级标准·语法学习手册（中等）,57,是目标语法点,边界不完整,边界问题,多数裁决,无多数-标注者2裁决,无多数-标注者2裁决,C-标注者2裁决
ASGD-2027-1099,d89ed510512486cc,得字补语候选,补语结构,国际中文教育中文水平等级标准·语法学习手册（高等）,120,是目标语法点,正确,目标用例,三人一致,多数裁决,多数裁决,B-多数裁决
ASGD-2027-1100,c29450d33f4e0331,时间状语候选,时间/处所功能结构,国际中文教育中文水平等级标准·语法学习手册（高等）,62,是目标语法点,正确,目标用例,多数裁决,多数裁决,多数裁决,B-多数裁决
ASGD-2027-1101,436a74db93a42aeb,处所状语候选,时间/处所功能结构,国际中文教育中文水平等级标准·语法学习手册（初等）,19,是目标语法点,正确,目标用例,三人一致,多数裁决,多数裁决,B-多数裁决
ASGD-2027-1102,da5549e415242cf8,得字补语候选,补语结构,国际中文教育中文水平等级标准·语法学习手册（高等）,87,是目标语法点,候选错误,表层触发但非目标,多数裁决,无多数-标注者2裁决,无多数-标注者2裁决,C-标注者2裁决
ASGD-2027-1103,fd75d8b2a6f1d067,被字句候选,被动/受事凸显构式,国际中文教育中文水平等级标准·语法学习手册（高等）,108,是目标语法点,正确,目标用例,三人一致,多数裁决,多数裁决,B-多数裁决
ASGD-2027-1104,0960dd95ef208cc1,双宾/给予结构候选,多谓词/论元结构,国际中文教育中文水平等级标准·语法学习手册（高等）,160,是目标语法点,正确,目标用例,多数裁决,多数裁决,多数裁决,B-多数裁决
ASGD-2027-1105,a400e0a4324cac91,在字介词框架候选,介词/框架结构,国际中文教育中文水平等级标准·语法学习手册（中等）,43,是目标语法点,正确,目标用例,三人一致,多数裁决,多数裁决,B-多数裁决
ASGD-2027-1106,95a39b036ee4c596,把字句候选,处置/受事重组构式,国际中文教育中文水平等级标准·语法学习手册（中等）,370,是目标语法点,正确,目标用例,多数裁决,多数裁决,多数裁决,B-多数裁决
ASGD-2027-1107,ef072cd1beef8995,趋向补语候选,补语结构,国际中文教育中文水平等级标准·语法学习手册（初等）,335,是目标语法点,正确,目标用例,三人一致,多数裁决,多数裁决,B-多数裁决
ASGD-2027-1108,47076a67c72b5fc4,得字补语候选,补语结构,国际中文教育中文水平等级标准·语法学习手册（高等）,67,是目标语法点,正确,目标用例,三人一致,多数裁决,多数裁决,B-多数裁决
ASGD-2027-1109,2d1d45d0b5dd1af9,向/往/朝介词框架候选,介词/框架结构,国际中文教育中文水平等级标准·语法学习手册（中等）,157,是目标语法点,正确,目标用例,多数裁决,多数裁决,多数裁决,B-多数裁决
ASGD-2027-1110,f6a61509020854a3,把字句候选,处置/受事重组构式,国际中文教育中文水平等级标准·语法学习手册（高等）,59,是目标语法点,正确,目标用例,三人一致,三人一致,三人一致,A-三人一致
ASGD-2027-1111,ad721e1fd8b38d1d,给/为/关于等介词框架候选,介词/框架结构,国际中文教育中文水平等级标准·语法学习手册（中等）,334,是目标语法点,正确,目标用例,三人一致,三人一致,三人一致,A-三人一致
ASGD-2027-1112,d218953f0cc61635,在字介词框架候选,介词/框架结构,国际中文教育中文水平等级标准·语法学习手册（高等）,134,是目标语法点,正确,目标用例,三人一致,多数裁决,多数裁决,B-多数裁决
ASGD-2027-1113,0a51cb1550db62c9,被字句候选,被动/受事凸显构式,国际中文教育中文水平等级标准·语法学习手册（中等）,350,是目标语法点,正确,目标用例,三人一致,多数裁决,多数裁决,B-多数裁决
ASGD-2027-1114,9d83a296bcf44b9d,双宾/给予结构候选,多谓词/论元结构,国际中文教育中文水平等级标准·语法学习手册（初等）,340,是目标语法点,正确,目标用例,多数裁决,多数裁决,多数裁决,B-多数裁决
ASGD-2027-1115,3a9104aa29252c57,得字补语候选,补语结构,国际中文教育中文水平等级标准·语法学习手册（高等）,29,是目标语法点,候选错误,表层触发但非目标,多数裁决,无多数-标注者2裁决,无多数-标注者2裁决,C-标注者2裁决
ASGD-2027-1116,12e1d817ac2a5468,处所状语候选,时间/处所功能结构,国际中文教育中文水平等级标准·语法学习手册（中等）,380,是目标语法点,正确,目标用例,三人一致,多数裁决,多数裁决,B-多数裁决
ASGD-2027-1117,f01a9c2a11b212d8,给/为/关于等介词框架候选,介词/框架结构,国际中文教育中文水平等级标准·语法学习手册（高等）,158,是目标语法点,正确,目标用例,多数裁决,多数裁决,多数裁决,B-多数裁决
ASGD-2027-1118,807ae7dc47f5829c,从字介词框架候选,介词/框架结构,国际中文教育中文水平等级标准·语法学习手册（中等）,249,是目标语法点,正确,目标用例,三人一致,三人一致,三人一致,A-三人一致
ASGD-2027-1119,20c685d4b195565c,把字句候选,处置/受事重组构式,国际中文教育中文水平等级标准·语法学习手册（高等）,125,是目标语法点,正确,目标用例,三人一致,三人一致,三人一致,A-三人一致
ASGD-2027-1120,c3938daaf77551f2,处所状语候选,时间/处所功能结构,国际中文教育中文水平等级标准·语法学习手册（中等）,381,是目标语法点,正确,目标用例,三人一致,多数裁决,多数裁决,B-多数裁决
ASGD-2027-1121,bf88eabbd262e167,比字比较候选,比较构式,国际中文教育中文水平等级标准·语法学习手册（中等）,170,不是目标语法点,候选错误,表层触发但非目标,三人一致,三人一致,三人一致,A-三人一致
ASGD-2027-1122,1d5bd9c033803dda,双宾/给予结构候选,多谓词/论元结构,国际中文教育中文水平等级标准·语法学习手册（高等）,113,是目标语法点,正确,目标用例,多数裁决,多数裁决,多数裁决,B-多数裁决
ASGD-2027-1123,1783a81fe3052707,如果...就候选,复句关联结构,国际中文教育中文水平等级标准·语法学习手册（初等）,233,是目标语法点,正确,目标用例,三人一致,多数裁决,多数裁决,B-多数裁决
ASGD-2027-1124,9dba99f51345733c,得字补语候选,补语结构,国际中文教育中文水平等级标准·语法学习手册（中等）,206,是目标语法点,正确,目标用例,三人一致,多数裁决,多数裁决,B-多数裁决
ASGD-2027-1125,82adae95751c36e9,得字补语候选,补语结构,国际中文教育中文水平等级标准·语法学习手册（初等）,349,是目标语法点,正确,目标用例,三人一致,多数裁决,多数裁决,B-多数裁决
ASGD-2027-1126,64198860d730707d,在字介词框架候选,介词/框架结构,国际中文教育中文水平等级标准·语法学习手册（中等）,350,是目标语法点,正确,目标用例,三人一致,多数裁决,多数裁决,B-多数裁决
ASGD-2027-1127,88136d2d2ec50c00,在字介词框架候选,介词/框架结构,国际中文教育中文水平等级标准·语法学习手册（中等）,238,是目标语法点,正确,目标用例,三人一致,多数裁决,多数裁决,B-多数裁决
ASGD-2027-1128,e13dabcee8622a1c,时间状语候选,时间/处所功能结构,国际中文教育中文水平等级标准·语法学习手册（高等）,200,是目标语法点,正确,目标用例,三人一致,多数裁决,多数裁决,B-多数裁决
ASGD-2027-1129,fabe9c08256c08a1,把字句候选,处置/受事重组构式,国际中文教育中文水平等级标准·语法学习手册（高等）,61,是目标语法点,正确,目标用例,三人一致,三人一致,三人一致,A-三人一致
ASGD-2027-1130,8a1cf52b105c3b63,处所状语候选,时间/处所功能结构,国际中文教育中文水平等级标准·语法学习手册（中等）,381,不是目标语法点,候选错误,表层触发但非目标,多数裁决,多数裁决,多数裁决,B-多数裁决
ASGD-2027-1131,9f18fc731f0f771f,在字介词框架候选,介词/框架结构,国际中文教育中文水平等级标准·语法学习手册（初等）,80,是目标语法点,正确,目标用例,多数裁决,多数裁决,多数裁决,B-多数裁决
ASGD-2027-1132,7b5e2d0234b9ca14,被字句候选,被动/受事凸显构式,国际中文教育中文水平等级标准·语法学习手册（高等）,125,是目标语法点,正确,目标用例,三人一致,多数裁决,多数裁决,B-多数裁决
ASGD-2027-1133,83ac3907ca40bf09,被字句候选,被动/受事凸显构式,国际中文教育中文水平等级标准·语法学习手册（中等）,341,是目标语法点,正确,目标用例,三人一致,多数裁决,多数裁决,B-多数裁决
ASGD-2027-1134,6a76e6f1d0f00ca2,因为候选,复句关联结构,国际中文教育中文水平等级标准·语法学习手册（初等）,327,是目标语法点,正确,目标用例,三人一致,多数裁决,多数裁决,B-多数裁决
ASGD-2027-1135,244a8ca5a7c838bc,得字补语候选,补语结构,国际中文教育中文水平等级标准·语法学习手册（中等）,159,不是目标语法点,候选错误,表层触发但非目标,多数裁决,多数裁决,多数裁决,B-多数裁决
ASGD-2027-1136,420ac5feedc37f40,因为候选,复句关联结构,国际中文教育中文水平等级标准·语法学习手册（初等）,327,是目标语法点,正确,目标用例,三人一致,多数裁决,多数裁决,B-多数裁决
ASGD-2027-1137,3242cc3e4bda5cc6,在字介词框架候选,介词/框架结构,国际中文教育中文水平等级标准·语法学习手册（中等）,318,是目标语法点,正确,目标用例,三人一致,多数裁决,多数裁决,B-多数裁决
ASGD-2027-1138,2682e50f8d6de9fa,在字介词框架候选,介词/框架结构,国际中文教育中文水平等级标准·语法学习手册（高等）,153,是目标语法点,正确,目标用例,三人一致,多数裁决,多数裁决,B-多数裁决
ASGD-2027-1139,774cc5248db1c9ac,处所状语候选,时间/处所功能结构,国际中文教育中文水平等级标准·语法学习手册（中等）,381,是目标语法点,边界过长,边界问题,多数裁决,无多数-标注者2裁决,无多数-标注者2裁决,C-标注者2裁决
ASGD-2027-1140,7343fce1ec01000c,得字补语候选,补语结构,国际中文教育中文水平等级标准·语法学习手册（高等）,64,是目标语法点,正确,目标用例,三人一致,多数裁决,多数裁决,B-多数裁决
ASGD-2027-1141,8b688a2bb5e48b33,双宾/给予结构候选,多谓词/论元结构,国际中文教育中文水平等级标准·语法学习手册（初等）,395,是目标语法点,正确,目标用例,多数裁决,多数裁决,多数裁决,B-多数裁决
ASGD-2027-1142,4a4c736bb00ac402,数量/时量补语候选,补语结构,国际中文教育中文水平等级标准·语法学习手册（初等）,318,是目标语法点,正确,目标用例,三人一致,多数裁决,多数裁决,B-多数裁决
ASGD-2027-1143,6a76e6f1d0f00ca2,给/为/关于等介词框架候选,介词/框架结构,国际中文教育中文水平等级标准·语法学习手册（初等）,327,是目标语法点,正确,目标用例,多数裁决,多数裁决,多数裁决,B-多数裁决
ASGD-2027-1144,ea2618fcb432dd9c,给/为/关于等介词框架候选,介词/框架结构,国际中文教育中文水平等级标准·语法学习手册（初等）,218,是目标语法点,正确,目标用例,三人一致,三人一致,三人一致,A-三人一致
ASGD-2027-1145,b4da2a61ccceb0cd,时间状语候选,时间/处所功能结构,国际中文教育中文水平等级标准·语法学习手册（中等）,15,是目标语法点,正确,目标用例,多数裁决,多数裁决,多数裁决,B-多数裁决
ASGD-2027-1146,f7b3bfbe340aa21d,给/为/关于等介词框架候选,介词/框架结构,国际中文教育中文水平等级标准·语法学习手册（初等）,323,是目标语法点,正确,目标用例,三人一致,三人一致,三人一致,A-三人一致
ASGD-2027-1147,afe92229d3411b67,处所状语候选,时间/处所功能结构,国际中文教育中文水平等级标准·语法学习手册（初等）,42,不是目标语法点,候选错误,表层触发但非目标,多数裁决,多数裁决,多数裁决,B-多数裁决
ASGD-2027-1148,084a20d118343582,时间状语候选,时间/处所功能结构,国际中文教育中文水平等级标准·语法学习手册（高等）,171,是目标语法点,正确,目标用例,三人一致,三人一致,三人一致,A-三人一致
ASGD-2027-1149,0056295955a06c45,数量/时量补语候选,补语结构,国际中文教育中文水平等级标准·语法学习手册（中等）,123,是目标语法点,正确,目标用例,三人一致,多数裁决,多数裁决,B-多数裁决
ASGD-2027-1150,2659b4a8bf8fb7a8,时间状语候选,时间/处所功能结构,国际中文教育中文水平等级标准·语法学习手册（高等）,11,是目标语法点,正确,目标用例,三人一致,三人一致,三人一致,A-三人一致
ASGD-2027-1151,d55913ce6e5c8f62,在字介词框架候选,介词/框架结构,国际中文教育中文水平等级标准·语法学习手册（中等）,381,是目标语法点,正确,目标用例,三人一致,多数裁决,多数裁决,B-多数裁决
ASGD-2027-1152,672e56a27a2a78ce,被字句候选,被动/受事凸显构式,国际中文教育中文水平等级标准·语法学习手册（高等）,22,是目标语法点,候选错误,表层触发但非目标,多数裁决,无多数-标注者2裁决,无多数-标注者2裁决,C-标注者2裁决
ASGD-2027-1153,ec119e7e0df55b39,双宾/给予结构候选,多谓词/论元结构,国际中文教育中文水平等级标准·语法学习手册（中等）,114,是目标语法点,正确,目标用例,多数裁决,多数裁决,多数裁决,B-多数裁决
ASGD-2027-1154,fbcf85d7382b1d59,没有比较候选,比较构式,国际中文教育中文水平等级标准·语法学习手册（高等）,47,不是目标语法点,候选错误,表层触发但非目标,三人一致,三人一致,三人一致,A-三人一致
ASGD-2027-1155,858be0bd1e903fc3,在字介词框架候选,介词/框架结构,国际中文教育中文水平等级标准·语法学习手册（中等）,72,是目标语法点,正确,目标用例,多数裁决,多数裁决,多数裁决,B-多数裁决
ASGD-2027-1156,d08d2485acd10cb5,双宾/给予结构候选,多谓词/论元结构,国际中文教育中文水平等级标准·语法学习手册（高等）,64,是目标语法点,正确,目标用例,三人一致,三人一致,三人一致,A-三人一致
ASGD-2027-1157,a237439f25d7cdeb,把字句候选,处置/受事重组构式,国际中文教育中文水平等级标准·语法学习手册（中等）,92,是目标语法点,不确定,不确定,多数裁决,无多数-标注者2裁决,无多数-标注者2裁决,C-标注者2裁决
ASGD-2027-1158,ce591da6ca8780b6,连动结构候选,多谓词/论元结构,国际中文教育中文水平等级标准·语法学习手册（初等）,232,是目标语法点,正确,目标用例,三人一致,多数裁决,多数裁决,B-多数裁决
ASGD-2027-1159,a81b4014d60f81b7,把字句候选,处置/受事重组构式,国际中文教育中文水平等级标准·语法学习手册（初等）,286,是目标语法点,正确,目标用例,三人一致,三人一致,三人一致,A-三人一致
ASGD-2027-1160,5f85868ffaea8d71,双宾/给予结构候选,多谓词/论元结构,国际中文教育中文水平等级标准·语法学习手册（中等）,50,是目标语法点,正确,目标用例,多数裁决,多数裁决,多数裁决,B-多数裁决
ASGD-2027-1161,bdc1d0a7489cbe93,对字介词框架候选,介词/框架结构,国际中文教育中文水平等级标准·语法学习手册（初等）,341,是目标语法点,正确,目标用例,三人一致,三人一致,三人一致,A-三人一致
ASGD-2027-1162,b0f05c70018c9a4c,比字比较候选,比较构式,国际中文教育中文水平等级标准·语法学习手册（初等）,365,是目标语法点,正确,目标用例,三人一致,三人一致,三人一致,A-三人一致
ASGD-2027-1163,318d5ed5256af8ed,处所状语候选,时间/处所功能结构,国际中文教育中文水平等级标准·语法学习手册（中等）,40,是目标语法点,边界不完整,边界问题,多数裁决,无多数-标注者2裁决,无多数-标注者2裁决,C-标注者2裁决
ASGD-2027-1164,cc915d05289f9da2,如果候选,复句关联结构,国际中文教育中文水平等级标准·语法学习手册（高等）,207,是目标语法点,正确,目标用例,三人一致,多数裁决,多数裁决,B-多数裁决
ASGD-2027-1165,8b50e0d78bb87d51,既然候选,复句关联结构,国际中文教育中文水平等级标准·语法学习手册（中等）,110,是目标语法点,正确,目标用例,三人一致,三人一致,三人一致,A-三人一致
ASGD-2027-1166,18ec943fe09428c7,双宾/给予结构候选,多谓词/论元结构,国际中文教育中文水平等级标准·语法学习手册（初等）,199,是目标语法点,正确,目标用例,多数裁决,多数裁决,多数裁决,B-多数裁决
ASGD-2027-1167,e119b395b23d8b9d,把字句候选,处置/受事重组构式,国际中文教育中文水平等级标准·语法学习手册（中等）,78,是目标语法点,正确,目标用例,三人一致,三人一致,三人一致,A-三人一致
ASGD-2027-1168,4ae52a539059bc9e,但是候选,复句关联结构,国际中文教育中文水平等级标准·语法学习手册（高等）,122,是目标语法点,正确,目标用例,三人一致,三人一致,三人一致,A-三人一致
ASGD-2027-1169,ddfccdf6ebac0c23,结果补语候选,补语结构,国际中文教育中文水平等级标准·语法学习手册（高等）,109,是目标语法点,正确,目标用例,三人一致,多数裁决,多数裁决,B-多数裁决
ASGD-2027-1170,b181ebfc4275ad03,在字介词框架候选,介词/框架结构,国际中文教育中文水平等级标准·语法学习手册（中等）,70,是目标语法点,正确,目标用例,多数裁决,多数裁决,多数裁决,B-多数裁决
ASGD-2027-1171,43ad0e32de4bfa98,把字句候选,处置/受事重组构式,国际中文教育中文水平等级标准·语法学习手册（中等）,79,是目标语法点,正确,目标用例,三人一致,多数裁决,多数裁决,B-多数裁决
ASGD-2027-1172,a68a2cdd75255059,把字句候选,处置/受事重组构式,国际中文教育中文水平等级标准·语法学习手册（中等）,221,是目标语法点,正确,目标用例,三人一致,多数裁决,多数裁决,B-多数裁决
ASGD-2027-1173,1dee192a34b697e6,因为...所以候选,复句关联结构,国际中文教育中文水平等级标准·语法学习手册（初等）,237,是目标语法点,正确,目标用例,三人一致,多数裁决,多数裁决,B-多数裁决
ASGD-2027-1174,d8a1485b28a08c74,比字比较候选,比较构式,国际中文教育中文水平等级标准·语法学习手册（中等）,65,是目标语法点,正确,目标用例,三人一致,三人一致,三人一致,A-三人一致
ASGD-2027-1175,1817c6eb4747fd29,比字比较候选,比较构式,国际中文教育中文水平等级标准·语法学习手册（高等）,55,不是目标语法点,候选错误,表层触发但非目标,三人一致,三人一致,三人一致,A-三人一致
ASGD-2027-1176,08473c096fd5a372,数量/时量补语候选,补语结构,国际中文教育中文水平等级标准·语法学习手册（初等）,352,是目标语法点,正确,目标用例,三人一致,多数裁决,多数裁决,B-多数裁决
ASGD-2027-1177,a6ef720445ea1e25,把字句候选,处置/受事重组构式,国际中文教育中文水平等级标准·语法学习手册（中等）,222,是目标语法点,正确,目标用例,三人一致,三人一致,三人一致,A-三人一致
ASGD-2027-1178,a229d0c711e97499,给/为/关于等介词框架候选,介词/框架结构,国际中文教育中文水平等级标准·语法学习手册（初等）,186,是目标语法点,边界过长,边界问题,多数裁决,无多数-标注者2裁决,无多数-标注者2裁决,C-标注者2裁决
ASGD-2027-1179,fe867aada12b937e,给/为/关于等介词框架候选,介词/框架结构,国际中文教育中文水平等级标准·语法学习手册（初等）,326,是目标语法点,正确,目标用例,多数裁决,多数裁决,多数裁决,B-多数裁决
ASGD-2027-1180,b025d8eeee84017b,处所状语候选,时间/处所功能结构,国际中文教育中文水平等级标准·语法学习手册（初等）,19,是目标语法点,正确,目标用例,三人一致,三人一致,三人一致,A-三人一致
ASGD-2027-1181,15ceeb6bca77e3f2,时间状语候选,时间/处所功能结构,国际中文教育中文水平等级标准·语法学习手册（中等）,36,是目标语法点,正确,目标用例,三人一致,三人一致,三人一致,A-三人一致
ASGD-2027-1182,050dd20b14eb8614,把字句候选,处置/受事重组构式,国际中文教育中文水平等级标准·语法学习手册（中等）,59,是目标语法点,正确,目标用例,三人一致,多数裁决,多数裁决,B-多数裁决
ASGD-2027-1183,866169cee3e4ed6d,时间状语候选,时间/处所功能结构,国际中文教育中文水平等级标准·语法学习手册（高等）,121,是目标语法点,正确,目标用例,三人一致,三人一致,三人一致,A-三人一致
ASGD-2027-1184,8d73ae2e19604195,因为候选,复句关联结构,国际中文教育中文水平等级标准·语法学习手册（高等）,109,是目标语法点,正确,目标用例,三人一致,多数裁决,多数裁决,B-多数裁决
ASGD-2027-1185,bcd7906adb4378d7,因为候选,复句关联结构,国际中文教育中文水平等级标准·语法学习手册（高等）,157,是目标语法点,正确,目标用例,三人一致,多数裁决,多数裁决,B-多数裁决
ASGD-2027-1186,9b27605300a897db,把字句候选,处置/受事重组构式,国际中文教育中文水平等级标准·语法学习手册（中等）,326,是目标语法点,正确,目标用例,三人一致,三人一致,三人一致,A-三人一致
ASGD-2027-1187,a7109ed1b1fb3dc1,时间状语候选,时间/处所功能结构,国际中文教育中文水平等级标准·语法学习手册（初等）,365,是目标语法点,正确,目标用例,三人一致,三人一致,三人一致,A-三人一致
ASGD-2027-1188,0102850beb19f06d,把字句候选,处置/受事重组构式,国际中文教育中文水平等级标准·语法学习手册（高等）,124,是目标语法点,正确,目标用例,三人一致,多数裁决,多数裁决,B-多数裁决
ASGD-2027-1189,d24a509dc131c5c9,数量/时量补语候选,补语结构,国际中文教育中文水平等级标准·语法学习手册（高等）,125,是目标语法点,候选错误,表层触发但非目标,多数裁决,无多数-标注者2裁决,无多数-标注者2裁决,C-标注者2裁决
ASGD-2027-1190,696d74fd6c592480,数量/时量补语候选,补语结构,国际中文教育中文水平等级标准·语法学习手册（中等）,231,是目标语法点,正确,目标用例,三人一致,多数裁决,多数裁决,B-多数裁决
ASGD-2027-1191,82bf2ce8b15720c5,时间状语候选,时间/处所功能结构,国际中文教育中文水平等级标准·语法学习手册（中等）,206,是目标语法点,正确,目标用例,多数裁决,多数裁决,多数裁决,B-多数裁决
ASGD-2027-1192,29ff8263179205e2,结果补语候选,补语结构,国际中文教育中文水平等级标准·语法学习手册（中等）,208,是目标语法点,正确,目标用例,三人一致,三人一致,三人一致,A-三人一致
ASGD-2027-1193,cacddba3db2bc388,在字介词框架候选,介词/框架结构,国际中文教育中文水平等级标准·语法学习手册（初等）,289,是目标语法点,正确,目标用例,三人一致,多数裁决,多数裁决,B-多数裁决
ASGD-2027-1194,97e5db12843d2105,比字比较候选,比较构式,国际中文教育中文水平等级标准·语法学习手册（初等）,365,是目标语法点,正确,目标用例,三人一致,三人一致,三人一致,A-三人一致
ASGD-2027-1195,ddfccdf6ebac0c23,把字句候选,处置/受事重组构式,国际中文教育中文水平等级标准·语法学习手册（高等）,109,是目标语法点,正确,目标用例,三人一致,三人一致,三人一致,A-三人一致
ASGD-2027-1196,d0862e141e20a3bb,既然候选,复句关联结构,国际中文教育中文水平等级标准·语法学习手册（中等）,329,是目标语法点,正确,目标用例,三人一致,三人一致,三人一致,A-三人一致
ASGD-2027-1197,8f7867f7d41fd0ff,连动结构候选,多谓词/论元结构,国际中文教育中文水平等级标准·语法学习手册（中等）,352,是目标语法点,正确,目标用例,三人一致,三人一致,三人一致,A-三人一致
ASGD-2027-1198,5a52d633b86814eb,时间状语候选,时间/处所功能结构,国际中文教育中文水平等级标准·语法学习手册（高等）,55,是目标语法点,正确,目标用例,三人一致,三人一致,三人一致,A-三人一致
ASGD-2027-1199,fc4522c881eead6b,趋向补语候选,补语结构,国际中文教育中文水平等级标准·语法学习手册（中等）,163,是目标语法点,正确,目标用例,三人一致,三人一致,三人一致,A-三人一致
ASGD-2027-1200,31b3f0ef26d95010,处所状语候选,时间/处所功能结构,国际中文教育中文水平等级标准·语法学习手册（初等）,31,是目标语法点,边界过长,边界问题,多数裁决,无多数-标注者2裁决,无多数-标注者2裁决,C-标注者2裁决
ASGD-2027-1201,0bbfc725d38b68f2,没有比较候选,比较构式,国际中文教育中文水平等级标准·语法学习手册（高等）,128,不是目标语法点,候选错误,表层触发但非目标,三人一致,三人一致,三人一致,A-三人一致
ASGD-2027-1202,96afa97b05c52a3c,比字比较候选,比较构式,国际中文教育中文水平等级标准·语法学习手册（高等）,149,不是目标语法点,候选错误,表层触发但非目标,三人一致,三人一致,三人一致,A-三人一致
ASGD-2027-1203,1f3c1841d6c1d28e,比字比较候选,比较构式,国际中文教育中文水平等级标准·语法学习手册（高等）,131,是目标语法点,正确,目标用例,三人一致,三人一致,三人一致,A-三人一致
ASGD-2027-1204,c70f382e035ffaeb,给/为/关于等介词框架候选,介词/框架结构,国际中文教育中文水平等级标准·语法学习手册（高等）,112,是目标语法点,正确,目标用例,多数裁决,多数裁决,多数裁决,B-多数裁决
ASGD-2027-1205,cab0a46164fb48d0,把字句候选,处置/受事重组构式,国际中文教育中文水平等级标准·语法学习手册（中等）,320,是目标语法点,正确,目标用例,三人一致,三人一致,三人一致,A-三人一致
ASGD-2027-1206,afd9d327a979b553,在字介词框架候选,介词/框架结构,国际中文教育中文水平等级标准·语法学习手册（高等）,191,是目标语法点,正确,目标用例,三人一致,三人一致,三人一致,A-三人一致
ASGD-2027-1207,257bf4c46c499cea,没有比较候选,比较构式,国际中文教育中文水平等级标准·语法学习手册（中等）,203,不是目标语法点,候选错误,表层触发但非目标,三人一致,三人一致,三人一致,A-三人一致
ASGD-2027-1208,3462fcf8164885e1,即使候选,复句关联结构,国际中文教育中文水平等级标准·语法学习手册（中等）,241,是目标语法点,正确,目标用例,三人一致,三人一致,三人一致,A-三人一致
ASGD-2027-1209,0d219515182809f8,没有比较候选,比较构式,国际中文教育中文水平等级标准·语法学习手册（初等）,95,不是目标语法点,候选错误,表层触发但非目标,三人一致,三人一致,三人一致,A-三人一致
ASGD-2027-1210,7cfcc4e7ab2065b4,向/往/朝介词框架候选,介词/框架结构,国际中文教育中文水平等级标准·语法学习手册（初等）,171,是目标语法点,正确,目标用例,三人一致,三人一致,三人一致,A-三人一致
ASGD-2027-1211,1c64fa03706dcfda,所以候选,复句关联结构,国际中文教育中文水平等级标准·语法学习手册（中等）,18,是目标语法点,正确,目标用例,三人一致,三人一致,三人一致,A-三人一致
ASGD-2027-1212,4d45e706873fdd14,得字补语候选,补语结构,国际中文教育中文水平等级标准·语法学习手册（高等）,214,是目标语法点,正确,目标用例,多数裁决,无多数-标注者2裁决,无多数-标注者2裁决,C-标注者2裁决
ASGD-2027-1213,c084bc02ae720f80,时间状语候选,时间/处所功能结构,国际中文教育中文水平等级标准·语法学习手册（中等）,66,是目标语法点,正确,目标用例,三人一致,多数裁决,多数裁决,B-多数裁决
ASGD-2027-1214,1a37a53188f7cad3,但是候选,复句关联结构,国际中文教育中文水平等级标准·语法学习手册（高等）,177,是目标语法点,正确,目标用例,三人一致,三人一致,三人一致,A-三人一致
ASGD-2027-1215,9f42e4c57c5d6a2f,把字句候选,处置/受事重组构式,国际中文教育中文水平等级标准·语法学习手册（中等）,80,是目标语法点,正确,目标用例,三人一致,三人一致,三人一致,A-三人一致
ASGD-2027-1216,e01e8c34e8125867,时间状语候选,时间/处所功能结构,国际中文教育中文水平等级标准·语法学习手册（初等）,251,是目标语法点,正确,目标用例,三人一致,三人一致,三人一致,A-三人一致
ASGD-2027-1217,a4ad94e59aad7232,给/为/关于等介词框架候选,介词/框架结构,国际中文教育中文水平等级标准·语法学习手册（初等）,327,是目标语法点,正确,目标用例,三人一致,三人一致,三人一致,A-三人一致
ASGD-2027-1218,a019ccf4fd12e93b,时间状语候选,时间/处所功能结构,国际中文教育中文水平等级标准·语法学习手册（初等）,103,是目标语法点,正确,目标用例,三人一致,三人一致,三人一致,A-三人一致
ASGD-2027-1219,7527038074c63e45,被字句候选,被动/受事凸显构式,国际中文教育中文水平等级标准·语法学习手册（中等）,342,是目标语法点,正确,目标用例,三人一致,三人一致,三人一致,A-三人一致
ASGD-2027-1220,64b746860c022674,得字补语候选,补语结构,国际中文教育中文水平等级标准·语法学习手册（高等）,72,是目标语法点,候选错误,表层触发但非目标,多数裁决,无多数-标注者2裁决,无多数-标注者2裁决,C-标注者2裁决
ASGD-2027-1221,4086e0da1c0f1ec7,即使候选,复句关联结构,国际中文教育中文水平等级标准·语法学习手册（高等）,140,是目标语法点,正确,目标用例,三人一致,三人一致,三人一致,A-三人一致
ASGD-2027-1222,7515b69693bc2b47,比字比较候选,比较构式,国际中文教育中文水平等级标准·语法学习手册（高等）,132,是目标语法点,正确,目标用例,三人一致,三人一致,三人一致,A-三人一致
ASGD-2027-1223,72237b3b7f75279f,趋向补语候选,补语结构,国际中文教育中文水平等级标准·语法学习手册（高等）,77,是目标语法点,正确,目标用例,三人一致,多数裁决,多数裁决,B-多数裁决
ASGD-2027-1224,6c1db6049b89f3bd,时间状语候选,时间/处所功能结构,国际中文教育中文水平等级标准·语法学习手册（中等）,66,是目标语法点,正确,目标用例,三人一致,三人一致,三人一致,A-三人一致
ASGD-2027-1225,cd4ef7c0ed63a4ec,把字句候选,处置/受事重组构式,国际中文教育中文水平等级标准·语法学习手册（中等）,282,是目标语法点,正确,目标用例,三人一致,三人一致,三人一致,A-三人一致
ASGD-2027-1226,8ded7674118b496f,把字句候选,处置/受事重组构式,国际中文教育中文水平等级标准·语法学习手册（高等）,123,是目标语法点,正确,目标用例,三人一致,三人一致,三人一致,A-三人一致
ASGD-2027-1227,dcb802336ba1b6ca,双宾/给予结构候选,多谓词/论元结构,国际中文教育中文水平等级标准·语法学习手册（初等）,217,是目标语法点,正确,目标用例,三人一致,三人一致,三人一致,A-三人一致
ASGD-2027-1228,6cf287117b9e3509,结果补语候选,补语结构,国际中文教育中文水平等级标准·语法学习手册（高等）,165,是目标语法点,正确,目标用例,三人一致,三人一致,三人一致,A-三人一致
ASGD-2027-1229,ac9d65901cd0328b,给/为/关于等介词框架候选,介词/框架结构,国际中文教育中文水平等级标准·语法学习手册（初等）,326,是目标语法点,正确,目标用例,三人一致,三人一致,三人一致,A-三人一致
ASGD-2027-1230,99ce334e180ec4ab,双宾/给予结构候选,多谓词/论元结构,国际中文教育中文水平等级标准·语法学习手册（中等）,304,是目标语法点,正确,目标用例,多数裁决,多数裁决,多数裁决,B-多数裁决
ASGD-2027-1231,55a6b4177d2af0ac,但是候选,复句关联结构,国际中文教育中文水平等级标准·语法学习手册（初等）,316,是目标语法点,正确,目标用例,三人一致,三人一致,三人一致,A-三人一致
ASGD-2027-1232,defb34d2d59a3b49,把字句候选,处置/受事重组构式,国际中文教育中文水平等级标准·语法学习手册（中等）,218,是目标语法点,边界过长,边界问题,多数裁决,多数裁决,多数裁决,B-多数裁决
ASGD-2027-1233,08214e20df7cb819,把字句候选,处置/受事重组构式,国际中文教育中文水平等级标准·语法学习手册（初等）,295,是目标语法点,正确,目标用例,三人一致,三人一致,三人一致,A-三人一致
ASGD-2027-1234,6ff0979c7481d4c8,兼语结构候选,多谓词/论元结构,国际中文教育中文水平等级标准·语法学习手册（初等）,285,是目标语法点,正确,目标用例,三人一致,三人一致,三人一致,A-三人一致
ASGD-2027-1235,d6711b70f99deb2b,时间状语候选,时间/处所功能结构,国际中文教育中文水平等级标准·语法学习手册（中等）,310,是目标语法点,正确,目标用例,三人一致,三人一致,三人一致,A-三人一致
ASGD-2027-1236,9e5bc7c13ccdd090,数量/时量补语候选,补语结构,国际中文教育中文水平等级标准·语法学习手册（初等）,260,是目标语法点,正确,目标用例,多数裁决,多数裁决,多数裁决,B-多数裁决
ASGD-2027-1237,ac6127114c1ab747,给/为/关于等介词框架候选,介词/框架结构,国际中文教育中文水平等级标准·语法学习手册（高等）,213,是目标语法点,正确,目标用例,多数裁决,多数裁决,多数裁决,B-多数裁决
ASGD-2027-1238,00edfd14331b50d1,得字补语候选,补语结构,国际中文教育中文水平等级标准·语法学习手册（高等）,52,是目标语法点,正确,目标用例,三人一致,多数裁决,多数裁决,B-多数裁决
ASGD-2027-1239,692eec9a099cb131,得字补语候选,补语结构,国际中文教育中文水平等级标准·语法学习手册（中等）,331,是目标语法点,正确,目标用例,三人一致,多数裁决,多数裁决,B-多数裁决
ASGD-2027-1240,489c14e3a06d970a,处所状语候选,时间/处所功能结构,国际中文教育中文水平等级标准·语法学习手册（初等）,20,是目标语法点,正确,目标用例,多数裁决,多数裁决,多数裁决,B-多数裁决
ASGD-2027-1241,819ece0bff9d8089,如果候选,复句关联结构,国际中文教育中文水平等级标准·语法学习手册（中等）,375,是目标语法点,正确,目标用例,三人一致,多数裁决,多数裁决,B-多数裁决
ASGD-2027-1242,0f60ad9a83c9f854,如果...就候选,复句关联结构,国际中文教育中文水平等级标准·语法学习手册（初等）,180,是目标语法点,正确,目标用例,三人一致,多数裁决,多数裁决,B-多数裁决
ASGD-2027-1243,ed257e5def2814bd,把字句候选,处置/受事重组构式,国际中文教育中文水平等级标准·语法学习手册（中等）,339,是目标语法点,正确,目标用例,三人一致,多数裁决,多数裁决,B-多数裁决
ASGD-2027-1244,6257801b6f19a93c,在字介词框架候选,介词/框架结构,国际中文教育中文水平等级标准·语法学习手册（中等）,282,是目标语法点,正确,目标用例,多数裁决,多数裁决,多数裁决,B-多数裁决
ASGD-2027-1245,756ad189a8c98b11,趋向补语候选,补语结构,国际中文教育中文水平等级标准·语法学习手册（中等）,76,是目标语法点,正确,目标用例,三人一致,三人一致,三人一致,A-三人一致
ASGD-2027-1246,7886ffaea01393ca,不如比较候选,比较构式,国际中文教育中文水平等级标准·语法学习手册（高等）,154,是目标语法点,正确,目标用例,多数裁决,多数裁决,多数裁决,B-多数裁决
ASGD-2027-1247,0d2a68934ac6effc,向/往/朝介词框架候选,介词/框架结构,国际中文教育中文水平等级标准·语法学习手册（中等）,294,是目标语法点,正确,目标用例,多数裁决,多数裁决,多数裁决,B-多数裁决
ASGD-2027-1248,04866a0d50eeef86,把字句候选,处置/受事重组构式,国际中文教育中文水平等级标准·语法学习手册（中等）,221,是目标语法点,正确,目标用例,三人一致,多数裁决,多数裁决,B-多数裁决
ASGD-2027-1249,0efff4e254ff8c9a,时间状语候选,时间/处所功能结构,国际中文教育中文水平等级标准·语法学习手册（初等）,197,是目标语法点,正确,目标用例,多数裁决,多数裁决,多数裁决,B-多数裁决
ASGD-2027-1250,5f1b8e68c3739a2c,数量/时量补语候选,补语结构,国际中文教育中文水平等级标准·语法学习手册（中等）,81,是目标语法点,正确,目标用例,三人一致,多数裁决,多数裁决,B-多数裁决
ASGD-2027-1251,14ddbe6df77ded6e,时间状语候选,时间/处所功能结构,国际中文教育中文水平等级标准·语法学习手册（初等）,101,是目标语法点,正确,目标用例,三人一致,三人一致,三人一致,A-三人一致
ASGD-2027-1252,8083200ac9148a62,处所状语候选,时间/处所功能结构,国际中文教育中文水平等级标准·语法学习手册（初等）,19,是目标语法点,边界过长,边界问题,多数裁决,无多数-标注者2裁决,无多数-标注者2裁决,C-标注者2裁决
ASGD-2027-1253,4906f06b03d30e1f,比字比较候选,比较构式,国际中文教育中文水平等级标准·语法学习手册（初等）,204,是目标语法点,正确,目标用例,三人一致,三人一致,三人一致,A-三人一致
ASGD-2027-1254,eb596c27f3654acb,连动结构候选,多谓词/论元结构,国际中文教育中文水平等级标准·语法学习手册（中等）,202,是目标语法点,正确,目标用例,三人一致,多数裁决,多数裁决,B-多数裁决
ASGD-2027-1255,729309d1fb8d5db3,时间状语候选,时间/处所功能结构,国际中文教育中文水平等级标准·语法学习手册（初等）,388,是目标语法点,正确,目标用例,三人一致,多数裁决,多数裁决,B-多数裁决
ASGD-2027-1256,e275da36fbd142a3,一样比较候选,比较构式,国际中文教育中文水平等级标准·语法学习手册（初等）,213,是目标语法点,正确,目标用例,三人一致,三人一致,三人一致,A-三人一致
ASGD-2027-1257,2c1d0d7748d75d0b,把字句候选,处置/受事重组构式,国际中文教育中文水平等级标准·语法学习手册（中等）,335,是目标语法点,正确,目标用例,多数裁决,无多数-标注者2裁决,无多数-标注者2裁决,C-标注者2裁决
ASGD-2027-1258,0bfe44ed9f10fb15,把字句候选,处置/受事重组构式,国际中文教育中文水平等级标准·语法学习手册（中等）,339,是目标语法点,正确,目标用例,三人一致,多数裁决,多数裁决,B-多数裁决
ASGD-2027-1259,792860d2964d9f34,处所状语候选,时间/处所功能结构,国际中文教育中文水平等级标准·语法学习手册（中等）,331,是目标语法点,正确,目标用例,三人一致,三人一致,三人一致,A-三人一致
ASGD-2027-1260,a35e80da49e8b357,时间状语候选,时间/处所功能结构,国际中文教育中文水平等级标准·语法学习手册（中等）,296,是目标语法点,正确,目标用例,多数裁决,多数裁决,多数裁决,B-多数裁决
ASGD-2027-1261,3bbe5f31967d3539,把字句候选,处置/受事重组构式,国际中文教育中文水平等级标准·语法学习手册（中等）,222,是目标语法点,正确,目标用例,三人一致,三人一致,三人一致,A-三人一致
ASGD-2027-1262,842379d2564c9bf9,双宾/给予结构候选,多谓词/论元结构,国际中文教育中文水平等级标准·语法学习手册（初等）,94,是目标语法点,正确,目标用例,多数裁决,多数裁决,多数裁决,B-多数裁决
ASGD-2027-1263,f6b7ae906201141e,被字句候选,被动/受事凸显构式,国际中文教育中文水平等级标准·语法学习手册（中等）,341,是目标语法点,正确,目标用例,三人一致,三人一致,三人一致,A-三人一致
ASGD-2027-1264,e0247eb17dcd9c1c,连动结构候选,多谓词/论元结构,国际中文教育中文水平等级标准·语法学习手册（高等）,203,是目标语法点,正确,目标用例,三人一致,多数裁决,多数裁决,B-多数裁决
ASGD-2027-1265,e9996335a5e0be07,把字句候选,处置/受事重组构式,国际中文教育中文水平等级标准·语法学习手册（中等）,243,是目标语法点,正确,目标用例,三人一致,三人一致,三人一致,A-三人一致
ASGD-2027-1266,340a142e9d505214,把字句候选,处置/受事重组构式,国际中文教育中文水平等级标准·语法学习手册（中等）,336,是目标语法点,正确,目标用例,三人一致,多数裁决,多数裁决,B-多数裁决
ASGD-2027-1267,3a4b25ec81692f81,即使候选,复句关联结构,国际中文教育中文水平等级标准·语法学习手册（高等）,139,是目标语法点,正确,目标用例,三人一致,三人一致,三人一致,A-三人一致
ASGD-2027-1268,82118bfed7237200,把字句候选,处置/受事重组构式,国际中文教育中文水平等级标准·语法学习手册（高等）,109,是目标语法点,正确,目标用例,三人一致,三人一致,三人一致,A-三人一致
ASGD-2027-1269,12e5c261f22faaa1,处所状语候选,时间/处所功能结构,国际中文教育中文水平等级标准·语法学习手册（初等）,20,是目标语法点,正确,目标用例,三人一致,三人一致,三人一致,A-三人一致
ASGD-2027-1270,4daa516dc1682326,处所状语候选,时间/处所功能结构,国际中文教育中文水平等级标准·语法学习手册（中等）,380,不是目标语法点,候选错误,表层触发但非目标,三人一致,三人一致,三人一致,A-三人一致
ASGD-2027-1271,5d069c5e1b32be43,把字句候选,处置/受事重组构式,国际中文教育中文水平等级标准·语法学习手册（中等）,48,是目标语法点,正确,目标用例,三人一致,多数裁决,多数裁决,B-多数裁决
ASGD-2027-1272,19ce02aa9f702e53,把字句候选,处置/受事重组构式,国际中文教育中文水平等级标准·语法学习手册（中等）,340,是目标语法点,正确,目标用例,三人一致,多数裁决,多数裁决,B-多数裁决
ASGD-2027-1273,2659b4a8bf8fb7a8,时间状语候选,时间/处所功能结构,国际中文教育中文水平等级标准·语法学习手册（高等）,11,是目标语法点,正确,目标用例,三人一致,三人一致,三人一致,A-三人一致
ASGD-2027-1274,6dfa39280664a0c6,得字补语候选,补语结构,国际中文教育中文水平等级标准·语法学习手册（初等）,261,不是目标语法点,候选错误,表层触发但非目标,多数裁决,多数裁决,多数裁决,B-多数裁决
ASGD-2027-1275,97ce77da59e87504,被字句候选,被动/受事凸显构式,国际中文教育中文水平等级标准·语法学习手册（中等）,350,是目标语法点,正确,目标用例,三人一致,多数裁决,多数裁决,B-多数裁决
ASGD-2027-1276,3a2f0bd9ce828f1d,处所状语候选,时间/处所功能结构,国际中文教育中文水平等级标准·语法学习手册（中等）,378,是目标语法点,正确,目标用例,多数裁决,多数裁决,多数裁决,B-多数裁决
ASGD-2027-1277,29392f84224c4e39,比字比较候选,比较构式,国际中文教育中文水平等级标准·语法学习手册（初等）,363,是目标语法点,正确,目标用例,三人一致,三人一致,三人一致,A-三人一致
ASGD-2027-1278,63729c367c967074,在字介词框架候选,介词/框架结构,国际中文教育中文水平等级标准·语法学习手册（高等）,21,是目标语法点,正确,目标用例,多数裁决,多数裁决,多数裁决,B-多数裁决
ASGD-2027-1279,8340b8a168209619,双宾/给予结构候选,多谓词/论元结构,国际中文教育中文水平等级标准·语法学习手册（初等）,199,是目标语法点,正确,目标用例,多数裁决,多数裁决,多数裁决,B-多数裁决
ASGD-2027-1280,2656664b940e5e62,给/为/关于等介词框架候选,介词/框架结构,国际中文教育中文水平等级标准·语法学习手册（初等）,309,是目标语法点,正确,目标用例,多数裁决,多数裁决,多数裁决,B-多数裁决
ASGD-2027-1281,b2b555d28a8c6ac9,处所状语候选,时间/处所功能结构,国际中文教育中文水平等级标准·语法学习手册（初等）,42,是目标语法点,正确,目标用例,多数裁决,多数裁决,多数裁决,B-多数裁决
ASGD-2027-1282,a07bc03cc929525e,没有比较候选,比较构式,国际中文教育中文水平等级标准·语法学习手册（初等）,359,不是目标语法点,候选错误,表层触发但非目标,三人一致,三人一致,三人一致,A-三人一致
ASGD-2027-1283,4ea4c1aee997c180,连动结构候选,多谓词/论元结构,国际中文教育中文水平等级标准·语法学习手册（高等）,206,是目标语法点,正确,目标用例,三人一致,多数裁决,多数裁决,B-多数裁决
ASGD-2027-1284,ca8a68e51b1e0edb,把字句候选,处置/受事重组构式,国际中文教育中文水平等级标准·语法学习手册（初等）,357,是目标语法点,正确,目标用例,三人一致,三人一致,三人一致,A-三人一致
ASGD-2027-1285,3464b9142e3c35d0,给/为/关于等介词框架候选,介词/框架结构,国际中文教育中文水平等级标准·语法学习手册（初等）,325,是目标语法点,正确,目标用例,三人一致,三人一致,三人一致,A-三人一致
ASGD-2027-1286,5f46d20411d12d1a,把字句候选,处置/受事重组构式,国际中文教育中文水平等级标准·语法学习手册（中等）,338,是目标语法点,正确,目标用例,三人一致,三人一致,三人一致,A-三人一致
ASGD-2027-1287,5391d60bc8c453c1,给/为/关于等介词框架候选,介词/框架结构,国际中文教育中文水平等级标准·语法学习手册（初等）,180,是目标语法点,正确,目标用例,三人一致,三人一致,三人一致,A-三人一致
ASGD-2027-1288,1edd56f3a3add061,处所状语候选,时间/处所功能结构,国际中文教育中文水平等级标准·语法学习手册（初等）,31,不是目标语法点,候选错误,表层触发但非目标,多数裁决,多数裁决,多数裁决,B-多数裁决
ASGD-2027-1289,df48b90060c3fe52,在字介词框架候选,介词/框架结构,国际中文教育中文水平等级标准·语法学习手册（中等）,43,是目标语法点,正确,目标用例,三人一致,多数裁决,多数裁决,B-多数裁决
ASGD-2027-1290,0c63e4fd0dbd4a7a,数量/时量补语候选,补语结构,国际中文教育中文水平等级标准·语法学习手册（高等）,41,是目标语法点,正确,目标用例,三人一致,多数裁决,多数裁决,B-多数裁决
ASGD-2027-1291,de35f22346e3d534,对字介词框架候选,介词/框架结构,国际中文教育中文水平等级标准·语法学习手册（初等）,310,是目标语法点,正确,目标用例,多数裁决,多数裁决,多数裁决,B-多数裁决
ASGD-2027-1292,64ae28f2ec56220c,所以候选,复句关联结构,国际中文教育中文水平等级标准·语法学习手册（中等）,185,是目标语法点,正确,目标用例,三人一致,三人一致,三人一致,A-三人一致
ASGD-2027-1293,3e6dd265c8571a6f,把字句候选,处置/受事重组构式,国际中文教育中文水平等级标准·语法学习手册（中等）,340,是目标语法点,正确,目标用例,三人一致,三人一致,三人一致,A-三人一致
ASGD-2027-1294,f96219f9462bd8ed,但是候选,复句关联结构,国际中文教育中文水平等级标准·语法学习手册（高等）,214,是目标语法点,正确,目标用例,三人一致,三人一致,三人一致,A-三人一致
ASGD-2027-1295,9439ec09206eaf88,时间状语候选,时间/处所功能结构,国际中文教育中文水平等级标准·语法学习手册（高等）,104,是目标语法点,正确,目标用例,三人一致,多数裁决,多数裁决,B-多数裁决
ASGD-2027-1296,bdd9dd4c8dd0431f,没有比较候选,比较构式,国际中文教育中文水平等级标准·语法学习手册（初等）,206,不是目标语法点,候选错误,表层触发但非目标,多数裁决,多数裁决,多数裁决,B-多数裁决
ASGD-2027-1297,eb596c27f3654acb,从字介词框架候选,介词/框架结构,国际中文教育中文水平等级标准·语法学习手册（中等）,202,是目标语法点,正确,目标用例,三人一致,三人一致,三人一致,A-三人一致
ASGD-2027-1298,9f7fb0fb9274d136,得字补语候选,补语结构,国际中文教育中文水平等级标准·语法学习手册（中等）,159,不是目标语法点,候选错误,表层触发但非目标,三人一致,三人一致,三人一致,A-三人一致
ASGD-2027-1299,a1ae1c4f1d8db7d4,双宾/给予结构候选,多谓词/论元结构,国际中文教育中文水平等级标准·语法学习手册（初等）,246,是目标语法点,正确,目标用例,三人一致,三人一致,三人一致,A-三人一致
ASGD-2027-1300,bf6e095730ecad30,得字补语候选,补语结构,国际中文教育中文水平等级标准·语法学习手册（中等）,129,不是目标语法点,候选错误,表层触发但非目标,多数裁决,多数裁决,多数裁决,B-多数裁决
ASGD-2027-1301,a737fc4c3f29161a,双宾/给予结构候选,多谓词/论元结构,国际中文教育中文水平等级标准·语法学习手册（高等）,156,是目标语法点,正确,目标用例,多数裁决,多数裁决,多数裁决,B-多数裁决
ASGD-2027-1302,721328315c9e6f8c,但是候选,复句关联结构,国际中文教育中文水平等级标准·语法学习手册（高等）,61,是目标语法点,正确,目标用例,三人一致,多数裁决,多数裁决,B-多数裁决
ASGD-2027-1303,8ea13a8924b7171c,没有比较候选,比较构式,国际中文教育中文水平等级标准·语法学习手册（高等）,86,不是目标语法点,候选错误,表层触发但非目标,三人一致,三人一致,三人一致,A-三人一致
ASGD-2027-1304,ce40b0eb7be5ce82,只要候选,复句关联结构,国际中文教育中文水平等级标准·语法学习手册（初等）,234,是目标语法点,正确,目标用例,三人一致,三人一致,三人一致,A-三人一致
ASGD-2027-1305,b98d0d3b670403ad,处所状语候选,时间/处所功能结构,国际中文教育中文水平等级标准·语法学习手册（初等）,66,是目标语法点,正确,目标用例,三人一致,三人一致,三人一致,A-三人一致
ASGD-2027-1306,fded221ebbb0fb97,没有比较候选,比较构式,国际中文教育中文水平等级标准·语法学习手册（中等）,177,不是目标语法点,候选错误,表层触发但非目标,三人一致,三人一致,三人一致,A-三人一致
ASGD-2027-1307,be48f70eb1c572a4,连动结构候选,多谓词/论元结构,国际中文教育中文水平等级标准·语法学习手册（中等）,256,是目标语法点,正确,目标用例,三人一致,多数裁决,多数裁决,B-多数裁决
ASGD-2027-1308,0d4a5f649fd9e470,在字介词框架候选,介词/框架结构,国际中文教育中文水平等级标准·语法学习手册（初等）,327,是目标语法点,候选错误,表层触发但非目标,多数裁决,无多数-标注者2裁决,无多数-标注者2裁决,C-标注者2裁决
ASGD-2027-1309,9cd5a801fd6d256c,时间状语候选,时间/处所功能结构,国际中文教育中文水平等级标准·语法学习手册（高等）,124,是目标语法点,正确,目标用例,三人一致,三人一致,三人一致,A-三人一致
ASGD-2027-1310,3103f4cd99e88208,连动结构候选,多谓词/论元结构,国际中文教育中文水平等级标准·语法学习手册（高等）,143,是目标语法点,正确,目标用例,三人一致,三人一致,三人一致,A-三人一致
ASGD-2027-1311,0195766aa735e3f9,把字句候选,处置/受事重组构式,国际中文教育中文水平等级标准·语法学习手册（中等）,310,是目标语法点,正确,目标用例,三人一致,三人一致,三人一致,A-三人一致
ASGD-2027-1312,459892f4cd47a056,给/为/关于等介词框架候选,介词/框架结构,国际中文教育中文水平等级标准·语法学习手册（中等）,171,是目标语法点,正确,目标用例,多数裁决,多数裁决,多数裁决,B-多数裁决
ASGD-2027-1313,c2d7e9a281b503f3,把字句候选,处置/受事重组构式,国际中文教育中文水平等级标准·语法学习手册（中等）,64,是目标语法点,正确,目标用例,多数裁决,无多数-标注者2裁决,无多数-标注者2裁决,C-标注者2裁决
ASGD-2027-1314,9325d57e1cee58b6,比字比较候选,比较构式,国际中文教育中文水平等级标准·语法学习手册（高等）,188,不是目标语法点,候选错误,表层触发但非目标,三人一致,三人一致,三人一致,A-三人一致
ASGD-2027-1315,0f2739b42d85f5c1,给/为/关于等介词框架候选,介词/框架结构,国际中文教育中文水平等级标准·语法学习手册（初等）,259,是目标语法点,正确,目标用例,三人一致,三人一致,三人一致,A-三人一致
ASGD-2027-1316,073c960ce4cf4be3,即使候选,复句关联结构,国际中文教育中文水平等级标准·语法学习手册（中等）,241,是目标语法点,正确,目标用例,三人一致,三人一致,三人一致,A-三人一致
ASGD-2027-1317,5ae5719b71b0d7d1,给/为/关于等介词框架候选,介词/框架结构,国际中文教育中文水平等级标准·语法学习手册（高等）,194,是目标语法点,正确,目标用例,三人一致,三人一致,三人一致,A-三人一致
ASGD-2027-1318,054bb40cce550532,把字句候选,处置/受事重组构式,国际中文教育中文水平等级标准·语法学习手册（中等）,79,是目标语法点,正确,目标用例,三人一致,多数裁决,多数裁决,B-多数裁决
ASGD-2027-1319,136e19b1e906f959,时间状语候选,时间/处所功能结构,国际中文教育中文水平等级标准·语法学习手册（初等）,353,是目标语法点,正确,目标用例,多数裁决,多数裁决,多数裁决,B-多数裁决
ASGD-2027-1320,4e3ae057c84d291b,数量/时量补语候选,补语结构,国际中文教育中文水平等级标准·语法学习手册（初等）,203,是目标语法点,正确,目标用例,三人一致,多数裁决,多数裁决,B-多数裁决
ASGD-2027-1321,18676eae40cf9b0d,把字句候选,处置/受事重组构式,国际中文教育中文水平等级标准·语法学习手册（高等）,184,是目标语法点,正确,目标用例,三人一致,多数裁决,多数裁决,B-多数裁决
ASGD-2027-1322,434cce081310f93a,把字句候选,处置/受事重组构式,国际中文教育中文水平等级标准·语法学习手册（中等）,80,是目标语法点,正确,目标用例,三人一致,三人一致,三人一致,A-三人一致
ASGD-2027-1323,9626b85e27ec6e2b,得字补语候选,补语结构,国际中文教育中文水平等级标准·语法学习手册（高等）,13,是目标语法点,正确,目标用例,三人一致,多数裁决,多数裁决,B-多数裁决
ASGD-2027-1324,8857840eddda190f,把字句候选,处置/受事重组构式,国际中文教育中文水平等级标准·语法学习手册（中等）,222,是目标语法点,正确,目标用例,三人一致,多数裁决,多数裁决,B-多数裁决
ASGD-2027-1325,6f5f208a28ed4680,把字句候选,处置/受事重组构式,国际中文教育中文水平等级标准·语法学习手册（中等）,82,是目标语法点,正确,目标用例,三人一致,多数裁决,多数裁决,B-多数裁决
ASGD-2027-1326,01d7dbfe7e1c9e92,给/为/关于等介词框架候选,介词/框架结构,国际中文教育中文水平等级标准·语法学习手册（初等）,323,是目标语法点,正确,目标用例,三人一致,三人一致,三人一致,A-三人一致
ASGD-2027-1327,5a6bae392ea2aad3,时间状语候选,时间/处所功能结构,国际中文教育中文水平等级标准·语法学习手册（初等）,160,是目标语法点,正确,目标用例,三人一致,多数裁决,多数裁决,B-多数裁决
ASGD-2027-1328,d7d791573e1fdf8c,时间状语候选,时间/处所功能结构,国际中文教育中文水平等级标准·语法学习手册（中等）,289,是目标语法点,正确,目标用例,三人一致,三人一致,三人一致,A-三人一致
ASGD-2027-1329,38e287cd66d24af1,得字补语候选,补语结构,国际中文教育中文水平等级标准·语法学习手册（初等）,350,是目标语法点,正确,目标用例,三人一致,多数裁决,多数裁决,B-多数裁决
ASGD-2027-1330,9bbd89a349975c09,从字介词框架候选,介词/框架结构,国际中文教育中文水平等级标准·语法学习手册（初等）,173,是目标语法点,正确,目标用例,三人一致,三人一致,三人一致,A-三人一致
ASGD-2027-1331,057d2a2227f32e33,双宾/给予结构候选,多谓词/论元结构,国际中文教育中文水平等级标准·语法学习手册（中等）,381,是目标语法点,正确,目标用例,三人一致,三人一致,三人一致,A-三人一致
ASGD-2027-1332,57ebb53e5c663d4a,在字介词框架候选,介词/框架结构,国际中文教育中文水平等级标准·语法学习手册（高等）,26,是目标语法点,正确,目标用例,三人一致,三人一致,三人一致,A-三人一致
ASGD-2027-1333,e491b7f948ead641,从字介词框架候选,介词/框架结构,国际中文教育中文水平等级标准·语法学习手册（初等）,281,是目标语法点,正确,目标用例,多数裁决,多数裁决,多数裁决,B-多数裁决
ASGD-2027-1334,d10b1dd6e05ee666,把字句候选,处置/受事重组构式,国际中文教育中文水平等级标准·语法学习手册（中等）,370,是目标语法点,正确,目标用例,多数裁决,多数裁决,多数裁决,B-多数裁决
ASGD-2027-1335,d35ea75fce07d6ea,比字比较候选,比较构式,国际中文教育中文水平等级标准·语法学习手册（初等）,210,是目标语法点,正确,目标用例,三人一致,三人一致,三人一致,A-三人一致
ASGD-2027-1336,17068129a9a248d6,在字介词框架候选,介词/框架结构,国际中文教育中文水平等级标准·语法学习手册（初等）,204,是目标语法点,正确,目标用例,多数裁决,多数裁决,多数裁决,B-多数裁决
ASGD-2027-1337,b3f85b5fe891146f,处所状语候选,时间/处所功能结构,国际中文教育中文水平等级标准·语法学习手册（中等）,175,不确定/需复核,不确定,不确定,无多数-标注者2裁决,无多数-标注者2裁决,无多数-标注者2裁决,C-标注者2裁决
ASGD-2027-1338,2639f76c23528ce2,把字句候选,处置/受事重组构式,国际中文教育中文水平等级标准·语法学习手册（中等）,220,是目标语法点,正确,目标用例,三人一致,多数裁决,多数裁决,B-多数裁决
ASGD-2027-1339,f883f6bea8ccfd0e,处所状语候选,时间/处所功能结构,国际中文教育中文水平等级标准·语法学习手册（中等）,85,是目标语法点,正确,目标用例,三人一致,三人一致,三人一致,A-三人一致
ASGD-2027-1340,d138faa5ca66e190,给/为/关于等介词框架候选,介词/框架结构,国际中文教育中文水平等级标准·语法学习手册（高等）,173,是目标语法点,正确,目标用例,多数裁决,多数裁决,多数裁决,B-多数裁决
ASGD-2027-1341,dc560ca7bd864e9b,在字介词框架候选,介词/框架结构,国际中文教育中文水平等级标准·语法学习手册（中等）,155,是目标语法点,正确,目标用例,三人一致,三人一致,三人一致,A-三人一致
ASGD-2027-1342,2ca4e4397ab8a7f6,在字介词框架候选,介词/框架结构,国际中文教育中文水平等级标准·语法学习手册（初等）,270,是目标语法点,正确,目标用例,多数裁决,多数裁决,多数裁决,B-多数裁决
ASGD-2027-1343,e3c2c343229ac112,从字介词框架候选,介词/框架结构,国际中文教育中文水平等级标准·语法学习手册（初等）,321,是目标语法点,正确,目标用例,三人一致,三人一致,三人一致,A-三人一致
ASGD-2027-1344,5373811fb3fb1be8,处所状语候选,时间/处所功能结构,国际中文教育中文水平等级标准·语法学习手册（中等）,86,是目标语法点,正确,目标用例,三人一致,三人一致,三人一致,A-三人一致
ASGD-2027-1345,960b9f8185128a8a,越...越候选,比较构式,国际中文教育中文水平等级标准·语法学习手册（中等）,71,是目标语法点,正确,目标用例,三人一致,三人一致,三人一致,A-三人一致
ASGD-2027-1346,526a1376d91e8e95,处所状语候选,时间/处所功能结构,国际中文教育中文水平等级标准·语法学习手册（中等）,57,不是目标语法点,候选错误,表层触发但非目标,多数裁决,多数裁决,多数裁决,B-多数裁决
ASGD-2027-1347,65d3fedbee8c9d6e,没有比较候选,比较构式,国际中文教育中文水平等级标准·语法学习手册（中等）,227,不是目标语法点,候选错误,表层触发但非目标,多数裁决,多数裁决,多数裁决,B-多数裁决
ASGD-2027-1348,c76bb1be5586c4a2,时间状语候选,时间/处所功能结构,国际中文教育中文水平等级标准·语法学习手册（高等）,48,是目标语法点,正确,目标用例,多数裁决,多数裁决,多数裁决,B-多数裁决
ASGD-2027-1349,f01a9c2a11b212d8,因为候选,复句关联结构,国际中文教育中文水平等级标准·语法学习手册（高等）,158,是目标语法点,正确,目标用例,三人一致,多数裁决,多数裁决,B-多数裁决
ASGD-2027-1350,eff57912374db547,得字补语候选,补语结构,国际中文教育中文水平等级标准·语法学习手册（中等）,136,不是目标语法点,候选错误,表层触发但非目标,多数裁决,多数裁决,多数裁决,B-多数裁决
ASGD-2027-1351,85ee304f69f02fc0,数量/时量补语候选,补语结构,国际中文教育中文水平等级标准·语法学习手册（初等）,386,是目标语法点,正确,目标用例,三人一致,三人一致,三人一致,A-三人一致
ASGD-2027-1352,baa8bc33cd5fcef9,把字句候选,处置/受事重组构式,国际中文教育中文水平等级标准·语法学习手册（中等）,80,是目标语法点,正确,目标用例,三人一致,三人一致,三人一致,A-三人一致
ASGD-2027-1353,328b620180c6b921,时间状语候选,时间/处所功能结构,国际中文教育中文水平等级标准·语法学习手册（中等）,98,是目标语法点,正确,目标用例,三人一致,三人一致,三人一致,A-三人一致
ASGD-2027-1354,540839bd1512fc06,越...越候选,比较构式,国际中文教育中文水平等级标准·语法学习手册（初等）,192,是目标语法点,正确,目标用例,三人一致,三人一致,三人一致,A-三人一致
ASGD-2027-1355,f9082093b31950d5,只要候选,复句关联结构,国际中文教育中文水平等级标准·语法学习手册（初等）,234,是目标语法点,正确,目标用例,三人一致,三人一致,三人一致,A-三人一致
ASGD-2027-1356,637424b55c6b301b,趋向补语候选,补语结构,国际中文教育中文水平等级标准·语法学习手册（中等）,335,是目标语法点,正确,目标用例,三人一致,多数裁决,多数裁决,B-多数裁决
ASGD-2027-1357,de895966797899ca,被字句候选,被动/受事凸显构式,国际中文教育中文水平等级标准·语法学习手册（中等）,321,是目标语法点,正确,目标用例,三人一致,三人一致,三人一致,A-三人一致
ASGD-2027-1358,ea00209ef6c32be2,没有比较候选,比较构式,国际中文教育中文水平等级标准·语法学习手册（初等）,65,不是目标语法点,候选错误,表层触发但非目标,三人一致,三人一致,三人一致,A-三人一致
ASGD-2027-1359,f366737f8e92f6aa,得字补语候选,补语结构,国际中文教育中文水平等级标准·语法学习手册（高等）,205,是目标语法点,正确,目标用例,三人一致,多数裁决,多数裁决,B-多数裁决
ASGD-2027-1360,b750cfcd5cc29596,结果补语候选,补语结构,国际中文教育中文水平等级标准·语法学习手册（中等）,289,是目标语法点,正确,目标用例,三人一致,三人一致,三人一致,A-三人一致
ASGD-2027-1361,d0072ba9a50dc251,对字介词框架候选,介词/框架结构,国际中文教育中文水平等级标准·语法学习手册（高等）,147,是目标语法点,正确,目标用例,三人一致,三人一致,三人一致,A-三人一致
ASGD-2027-1362,07e79318c9cae731,双宾/给予结构候选,多谓词/论元结构,国际中文教育中文水平等级标准·语法学习手册（初等）,227,不是目标语法点,候选错误,表层触发但非目标,多数裁决,多数裁决,多数裁决,B-多数裁决
ASGD-2027-1363,98a6f2f29fb21a6b,被字句候选,被动/受事凸显构式,国际中文教育中文水平等级标准·语法学习手册（中等）,180,是目标语法点,候选错误,表层触发但非目标,多数裁决,无多数-标注者2裁决,无多数-标注者2裁决,C-标注者2裁决
ASGD-2027-1364,e49e0ef791b45167,处所状语候选,时间/处所功能结构,国际中文教育中文水平等级标准·语法学习手册（中等）,331,不是目标语法点,候选错误,表层触发但非目标,多数裁决,多数裁决,多数裁决,B-多数裁决
ASGD-2027-1365,a94080adf558d8da,给/为/关于等介词框架候选,介词/框架结构,国际中文教育中文水平等级标准·语法学习手册（初等）,330,是目标语法点,正确,目标用例,多数裁决,多数裁决,多数裁决,B-多数裁决
ASGD-2027-1366,9f8aab59c665f7c8,对字介词框架候选,介词/框架结构,国际中文教育中文水平等级标准·语法学习手册（初等）,382,是目标语法点,正确,目标用例,三人一致,三人一致,三人一致,A-三人一致
ASGD-2027-1367,7045b304ca421628,趋向补语候选,补语结构,国际中文教育中文水平等级标准·语法学习手册（高等）,179,是目标语法点,正确,目标用例,三人一致,多数裁决,多数裁决,B-多数裁决
ASGD-2027-1368,46c9b88c9b44c8ae,对字介词框架候选,介词/框架结构,国际中文教育中文水平等级标准·语法学习手册（初等）,139,是目标语法点,正确,目标用例,三人一致,三人一致,三人一致,A-三人一致
ASGD-2027-1369,057d2a2227f32e33,给/为/关于等介词框架候选,介词/框架结构,国际中文教育中文水平等级标准·语法学习手册（中等）,381,是目标语法点,正确,目标用例,三人一致,三人一致,三人一致,A-三人一致
ASGD-2027-1370,50eaea2c0ad93dd9,把字句候选,处置/受事重组构式,国际中文教育中文水平等级标准·语法学习手册（中等）,339,是目标语法点,正确,目标用例,三人一致,三人一致,三人一致,A-三人一致
ASGD-2027-1371,4a3dc99f2ee1c9ce,对字介词框架候选,介词/框架结构,国际中文教育中文水平等级标准·语法学习手册（中等）,164,是目标语法点,正确,目标用例,多数裁决,多数裁决,多数裁决,B-多数裁决
ASGD-2027-1372,4a7cce5c59f1bd4d,把字句候选,处置/受事重组构式,国际中文教育中文水平等级标准·语法学习手册（高等）,100,是目标语法点,正确,目标用例,三人一致,三人一致,三人一致,A-三人一致
ASGD-2027-1373,330d31e6e03d3b0c,比字比较候选,比较构式,国际中文教育中文水平等级标准·语法学习手册（中等）,205,不是目标语法点,候选错误,表层触发但非目标,三人一致,三人一致,三人一致,A-三人一致
ASGD-2027-1374,63612309104f93fa,时间状语候选,时间/处所功能结构,国际中文教育中文水平等级标准·语法学习手册（中等）,149,是目标语法点,正确,目标用例,多数裁决,多数裁决,多数裁决,B-多数裁决
ASGD-2027-1375,0420fb58383be98f,被字句候选,被动/受事凸显构式,国际中文教育中文水平等级标准·语法学习手册（中等）,224,不是目标语法点,候选错误,表层触发但非目标,多数裁决,多数裁决,多数裁决,B-多数裁决
ASGD-2027-1376,60decf8b67f632db,时间状语候选,时间/处所功能结构,国际中文教育中文水平等级标准·语法学习手册（高等）,12,是目标语法点,正确,目标用例,三人一致,三人一致,三人一致,A-三人一致
ASGD-2027-1377,2ca184c194bcfead,如果...就候选,复句关联结构,国际中文教育中文水平等级标准·语法学习手册（初等）,283,是目标语法点,正确,目标用例,三人一致,三人一致,三人一致,A-三人一致
ASGD-2027-1378,338fb6fc6943a9c5,把字句候选,处置/受事重组构式,国际中文教育中文水平等级标准·语法学习手册（中等）,340,是目标语法点,正确,目标用例,三人一致,三人一致,三人一致,A-三人一致
ASGD-2027-1379,d2282172e25a5fb9,把字句候选,处置/受事重组构式,国际中文教育中文水平等级标准·语法学习手册（中等）,326,是目标语法点,正确,目标用例,三人一致,三人一致,三人一致,A-三人一致
ASGD-2027-1380,6b375f6d82b86b70,没有比较候选,比较构式,国际中文教育中文水平等级标准·语法学习手册（中等）,39,不是目标语法点,候选错误,表层触发但非目标,三人一致,三人一致,三人一致,A-三人一致
ASGD-2027-1381,d53bac47647ce88d,给/为/关于等介词框架候选,介词/框架结构,国际中文教育中文水平等级标准·语法学习手册（初等）,330,是目标语法点,正确,目标用例,多数裁决,多数裁决,多数裁决,B-多数裁决
ASGD-2027-1382,28ab893bc629a9b3,越...越候选,比较构式,国际中文教育中文水平等级标准·语法学习手册（中等）,353,是目标语法点,正确,目标用例,三人一致,三人一致,三人一致,A-三人一致
ASGD-2027-1383,9c1324fc49386217,双宾/给予结构候选,多谓词/论元结构,国际中文教育中文水平等级标准·语法学习手册（中等）,235,是目标语法点,正确,目标用例,多数裁决,多数裁决,多数裁决,B-多数裁决
ASGD-2027-1384,0e90f99b3a6dc9b6,没有比较候选,比较构式,国际中文教育中文水平等级标准·语法学习手册（中等）,34,不是目标语法点,候选错误,表层触发但非目标,三人一致,三人一致,三人一致,A-三人一致
ASGD-2027-1385,98e2b0157f387626,时间状语候选,时间/处所功能结构,国际中文教育中文水平等级标准·语法学习手册（中等）,92,是目标语法点,正确,目标用例,三人一致,三人一致,三人一致,A-三人一致
ASGD-2027-1386,658905cae734b0f1,处所状语候选,时间/处所功能结构,国际中文教育中文水平等级标准·语法学习手册（初等）,19,是目标语法点,正确,目标用例,三人一致,多数裁决,多数裁决,B-多数裁决
ASGD-2027-1387,ea714bc4cebfe554,给/为/关于等介词框架候选,介词/框架结构,国际中文教育中文水平等级标准·语法学习手册（初等）,174,是目标语法点,正确,目标用例,三人一致,多数裁决,多数裁决,B-多数裁决
ASGD-2027-1388,edf9cb50d2c21989,被字句候选,被动/受事凸显构式,国际中文教育中文水平等级标准·语法学习手册（中等）,83,是目标语法点,正确,目标用例,三人一致,多数裁决,多数裁决,B-多数裁决
ASGD-2027-1389,e279431731e9b80f,得字补语候选,补语结构,国际中文教育中文水平等级标准·语法学习手册（高等）,123,是目标语法点,边界过长,边界问题,三人一致,无多数-标注者2裁决,多数裁决,C-标注者2裁决
ASGD-2027-1390,ccc2bc43958cb0b1,时间状语候选,时间/处所功能结构,国际中文教育中文水平等级标准·语法学习手册（中等）,56,是目标语法点,正确,目标用例,多数裁决,多数裁决,多数裁决,B-多数裁决
ASGD-2027-1391,94b024c2c019213e,把字句候选,处置/受事重组构式,国际中文教育中文水平等级标准·语法学习手册（中等）,242,是目标语法点,边界过长,边界问题,三人一致,多数裁决,多数裁决,B-多数裁决
ASGD-2027-1392,74e9a7a4a0bb9f4f,趋向补语候选,补语结构,国际中文教育中文水平等级标准·语法学习手册（中等）,210,是目标语法点,正确,目标用例,三人一致,多数裁决,多数裁决,B-多数裁决
ASGD-2027-1393,18861a35933e8856,被字句候选,被动/受事凸显构式,国际中文教育中文水平等级标准·语法学习手册（初等）,158,是目标语法点,候选错误,表层触发但非目标,多数裁决,无多数-标注者2裁决,无多数-标注者2裁决,C-标注者2裁决
ASGD-2027-1394,86e20b9b89bc36d7,比字比较候选,比较构式,国际中文教育中文水平等级标准·语法学习手册（高等）,74,是目标语法点,正确,目标用例,三人一致,三人一致,三人一致,A-三人一致
ASGD-2027-1395,bfda770cfd7cac5e,因为候选,复句关联结构,国际中文教育中文水平等级标准·语法学习手册（初等）,326,是目标语法点,正确,目标用例,三人一致,多数裁决,多数裁决,B-多数裁决
ASGD-2027-1396,6a4eeb2bd28ccfdd,被字句候选,被动/受事凸显构式,国际中文教育中文水平等级标准·语法学习手册（中等）,84,是目标语法点,正确,目标用例,三人一致,三人一致,三人一致,A-三人一致
ASGD-2027-1397,0cebd5010a21c34e,连动结构候选,多谓词/论元结构,国际中文教育中文水平等级标准·语法学习手册（初等）,361,是目标语法点,正确,目标用例,三人一致,三人一致,三人一致,A-三人一致
ASGD-2027-1398,0e8bb7351412e96f,但是候选,复句关联结构,国际中文教育中文水平等级标准·语法学习手册（高等）,39,是目标语法点,正确,目标用例,三人一致,三人一致,三人一致,A-三人一致
ASGD-2027-1399,ef664cfcc0b4dbe0,时间状语候选,时间/处所功能结构,国际中文教育中文水平等级标准·语法学习手册（高等）,199,是目标语法点,正确,目标用例,三人一致,三人一致,三人一致,A-三人一致
ASGD-2027-1400,15610c9b2af4a76c,得字补语候选,补语结构,国际中文教育中文水平等级标准·语法学习手册（高等）,94,是目标语法点,正确,目标用例,三人一致,多数裁决,多数裁决,B-多数裁决
ASGD-2027-1401,61524979bf651525,双宾/给予结构候选,多谓词/论元结构,国际中文教育中文水平等级标准·语法学习手册（初等）,208,是目标语法点,正确,目标用例,三人一致,三人一致,三人一致,A-三人一致
ASGD-2027-1402,aff81ac8028a3dac,处所状语候选,时间/处所功能结构,国际中文教育中文水平等级标准·语法学习手册（中等）,331,不是目标语法点,候选错误,表层触发但非目标,多数裁决,多数裁决,多数裁决,B-多数裁决
ASGD-2027-1403,6cfa0a952ce4a421,时间状语候选,时间/处所功能结构,国际中文教育中文水平等级标准·语法学习手册（高等）,151,是目标语法点,正确,目标用例,多数裁决,多数裁决,多数裁决,B-多数裁决
ASGD-2027-1404,2e5f8b30e41ccf02,数量/时量补语候选,补语结构,国际中文教育中文水平等级标准·语法学习手册（初等）,351,是目标语法点,正确,目标用例,三人一致,三人一致,三人一致,A-三人一致
ASGD-2027-1405,d84d154923add515,双宾/给予结构候选,多谓词/论元结构,国际中文教育中文水平等级标准·语法学习手册（初等）,306,是目标语法点,正确,目标用例,三人一致,多数裁决,多数裁决,B-多数裁决
ASGD-2027-1406,8d36c70557a34aaa,数量/时量补语候选,补语结构,国际中文教育中文水平等级标准·语法学习手册（高等）,195,是目标语法点,正确,目标用例,多数裁决,多数裁决,多数裁决,B-多数裁决
ASGD-2027-1407,4a62dfcb488b80e5,得字补语候选,补语结构,国际中文教育中文水平等级标准·语法学习手册（高等）,134,不是目标语法点,候选错误,表层触发但非目标,多数裁决,多数裁决,多数裁决,B-多数裁决
ASGD-2027-1408,893bac009cfe2904,向/往/朝介词框架候选,介词/框架结构,国际中文教育中文水平等级标准·语法学习手册（初等）,324,是目标语法点,正确,目标用例,三人一致,三人一致,三人一致,A-三人一致
ASGD-2027-1409,9e5bc7c13ccdd090,双宾/给予结构候选,多谓词/论元结构,国际中文教育中文水平等级标准·语法学习手册（初等）,260,不是目标语法点,候选错误,表层触发但非目标,多数裁决,多数裁决,多数裁决,B-多数裁决
ASGD-2027-1410,8f7eda1c10b04a5f,没有比较候选,比较构式,国际中文教育中文水平等级标准·语法学习手册（高等）,191,不是目标语法点,候选错误,表层触发但非目标,三人一致,三人一致,三人一致,A-三人一致
ASGD-2027-1411,b98d0d3b670403ad,处所状语候选,时间/处所功能结构,国际中文教育中文水平等级标准·语法学习手册（初等）,66,是目标语法点,正确,目标用例,三人一致,三人一致,三人一致,A-三人一致
ASGD-2027-1412,f52dab014375ce20,比字比较候选,比较构式,国际中文教育中文水平等级标准·语法学习手册（中等）,65,是目标语法点,正确,目标用例,三人一致,三人一致,三人一致,A-三人一致
ASGD-2027-1413,b6338da4c3c1d023,在字介词框架候选,介词/框架结构,国际中文教育中文水平等级标准·语法学习手册（高等）,122,是目标语法点,正确,目标用例,三人一致,三人一致,三人一致,A-三人一致
ASGD-2027-1414,e2845e500fa9660e,把字句候选,处置/受事重组构式,国际中文教育中文水平等级标准·语法学习手册（高等）,67,是目标语法点,正确,目标用例,多数裁决,无多数-标注者2裁决,无多数-标注者2裁决,C-标注者2裁决
ASGD-2027-1415,28d4122828c42d56,时间状语候选,时间/处所功能结构,国际中文教育中文水平等级标准·语法学习手册（初等）,298,是目标语法点,正确,目标用例,多数裁决,多数裁决,多数裁决,B-多数裁决
ASGD-2027-1416,ff64fcd67bcd07c9,比字比较候选,比较构式,国际中文教育中文水平等级标准·语法学习手册（初等）,370,不是目标语法点,候选错误,表层触发但非目标,三人一致,三人一致,三人一致,A-三人一致
ASGD-2027-1417,89f698acbbfbf1c5,被字句候选,被动/受事凸显构式,国际中文教育中文水平等级标准·语法学习手册（中等）,159,是目标语法点,正确,目标用例,三人一致,三人一致,三人一致,A-三人一致
ASGD-2027-1418,add57db9f72e430a,从字介词框架候选,介词/框架结构,国际中文教育中文水平等级标准·语法学习手册（中等）,204,是目标语法点,正确,目标用例,三人一致,多数裁决,多数裁决,B-多数裁决
ASGD-2027-1419,ef4fe157c2d9bc9a,把字句候选,处置/受事重组构式,国际中文教育中文水平等级标准·语法学习手册（高等）,96,是目标语法点,正确,目标用例,三人一致,三人一致,三人一致,A-三人一致
ASGD-2027-1420,82f13fef33c99f65,得字补语候选,补语结构,国际中文教育中文水平等级标准·语法学习手册（中等）,52,不是目标语法点,候选错误,表层触发但非目标,多数裁决,多数裁决,多数裁决,B-多数裁决
ASGD-2027-1421,a1e9030646d6ec52,把字句候选,处置/受事重组构式,国际中文教育中文水平等级标准·语法学习手册（中等）,218,是目标语法点,正确,目标用例,三人一致,三人一致,三人一致,A-三人一致
ASGD-2027-1422,f52a3f7e6d7a72d0,连动结构候选,多谓词/论元结构,国际中文教育中文水平等级标准·语法学习手册（初等）,227,是目标语法点,边界不完整,边界问题,三人一致,多数裁决,多数裁决,B-多数裁决
ASGD-2027-1423,e9feba15fe55a6c4,但是候选,复句关联结构,国际中文教育中文水平等级标准·语法学习手册（中等）,152,是目标语法点,正确,目标用例,三人一致,三人一致,三人一致,A-三人一致
ASGD-2027-1424,b381bddec34c3a81,在字介词框架候选,介词/框架结构,国际中文教育中文水平等级标准·语法学习手册（初等）,369,不是目标语法点,候选错误,表层触发但非目标,多数裁决,多数裁决,多数裁决,B-多数裁决
ASGD-2027-1425,6038e1fa4b768e94,把字句候选,处置/受事重组构式,国际中文教育中文水平等级标准·语法学习手册（中等）,340,是目标语法点,正确,目标用例,三人一致,三人一致,三人一致,A-三人一致
ASGD-2027-1426,8c9cde67673cd9ff,处所状语候选,时间/处所功能结构,国际中文教育中文水平等级标准·语法学习手册（初等）,19,是目标语法点,正确,目标用例,三人一致,三人一致,三人一致,A-三人一致
ASGD-2027-1427,ecd79829d876b187,即使候选,复句关联结构,国际中文教育中文水平等级标准·语法学习手册（中等）,248,是目标语法点,正确,目标用例,三人一致,三人一致,三人一致,A-三人一致
ASGD-2027-1428,af6389f8b8b635bd,如果候选,复句关联结构,国际中文教育中文水平等级标准·语法学习手册（高等）,145,是目标语法点,边界不完整,边界问题,三人一致,多数裁决,多数裁决,B-多数裁决
ASGD-2027-1429,dadddac6211d2358,时间状语候选,时间/处所功能结构,国际中文教育中文水平等级标准·语法学习手册（中等）,144,是目标语法点,正确,目标用例,多数裁决,多数裁决,多数裁决,B-多数裁决
ASGD-2027-1430,0fc8a646210752c6,在字介词框架候选,介词/框架结构,国际中文教育中文水平等级标准·语法学习手册（初等）,356,是目标语法点,正确,目标用例,三人一致,多数裁决,多数裁决,B-多数裁决
ASGD-2027-1431,d281bdd4e40fbae5,不如比较候选,比较构式,国际中文教育中文水平等级标准·语法学习手册（高等）,83,是目标语法点,正确,目标用例,三人一致,三人一致,三人一致,A-三人一致
ASGD-2027-1432,4e6ed1d8fd1fe0e5,得字补语候选,补语结构,国际中文教育中文水平等级标准·语法学习手册（高等）,84,是目标语法点,正确,目标用例,三人一致,多数裁决,多数裁决,B-多数裁决
ASGD-2027-1433,444e8ad7b5f3d79d,即使候选,复句关联结构,国际中文教育中文水平等级标准·语法学习手册（高等）,139,是目标语法点,正确,目标用例,三人一致,三人一致,三人一致,A-三人一致
ASGD-2027-1434,c8009f850580c8cc,得字补语候选,补语结构,国际中文教育中文水平等级标准·语法学习手册（高等）,150,是目标语法点,正确,目标用例,三人一致,多数裁决,多数裁决,B-多数裁决
ASGD-2027-1435,f1955596eb9db883,结果补语候选,补语结构,国际中文教育中文水平等级标准·语法学习手册（初等）,147,是目标语法点,正确,目标用例,三人一致,三人一致,三人一致,A-三人一致
ASGD-2027-1436,b9b047b3d92635d0,把字句候选,处置/受事重组构式,国际中文教育中文水平等级标准·语法学习手册（中等）,82,是目标语法点,正确,目标用例,三人一致,三人一致,三人一致,A-三人一致
ASGD-2027-1437,20664dc0bdffc9a4,时间状语候选,时间/处所功能结构,国际中文教育中文水平等级标准·语法学习手册（中等）,325,是目标语法点,正确,目标用例,三人一致,三人一致,三人一致,A-三人一致
ASGD-2027-1438,c2f33e769ebb9321,时间状语候选,时间/处所功能结构,国际中文教育中文水平等级标准·语法学习手册（初等）,247,是目标语法点,正确,目标用例,三人一致,三人一致,三人一致,A-三人一致
ASGD-2027-1439,2ca59574a6dd906d,被字句候选,被动/受事凸显构式,国际中文教育中文水平等级标准·语法学习手册（中等）,359,是目标语法点,正确,目标用例,多数裁决,多数裁决,多数裁决,B-多数裁决
ASGD-2027-1440,c40448af959e80e5,在字介词框架候选,介词/框架结构,国际中文教育中文水平等级标准·语法学习手册（高等）,64,是目标语法点,正确,目标用例,多数裁决,多数裁决,多数裁决,B-多数裁决
ASGD-2027-1441,120592eecc9dbd0a,处所状语候选,时间/处所功能结构,国际中文教育中文水平等级标准·语法学习手册（中等）,86,是目标语法点,正确,目标用例,三人一致,三人一致,三人一致,A-三人一致
ASGD-2027-1442,92f2b9db65c4036d,时间状语候选,时间/处所功能结构,国际中文教育中文水平等级标准·语法学习手册（中等）,21,是目标语法点,正确,目标用例,三人一致,三人一致,三人一致,A-三人一致
ASGD-2027-1443,3241a90bffce0c26,得字补语候选,补语结构,国际中文教育中文水平等级标准·语法学习手册（初等）,363,是目标语法点,正确,目标用例,三人一致,多数裁决,多数裁决,B-多数裁决
ASGD-2027-1444,ef68cbf702aec413,没有比较候选,比较构式,国际中文教育中文水平等级标准·语法学习手册（初等）,95,不是目标语法点,候选错误,表层触发但非目标,三人一致,三人一致,三人一致,A-三人一致
ASGD-2027-1445,8e25809fbfcaad68,把字句候选,处置/受事重组构式,国际中文教育中文水平等级标准·语法学习手册（高等）,111,是目标语法点,正确,目标用例,三人一致,多数裁决,多数裁决,B-多数裁决
ASGD-2027-1446,e62f2201824b338c,但是候选,复句关联结构,国际中文教育中文水平等级标准·语法学习手册（初等）,304,是目标语法点,正确,目标用例,三人一致,三人一致,三人一致,A-三人一致
ASGD-2027-1447,7cafad6e7aeefcc5,没有比较候选,比较构式,国际中文教育中文水平等级标准·语法学习手册（高等）,68,不是目标语法点,候选错误,表层触发但非目标,三人一致,三人一致,三人一致,A-三人一致
ASGD-2027-1448,0239e22748df33b9,把字句候选,处置/受事重组构式,国际中文教育中文水平等级标准·语法学习手册（中等）,78,是目标语法点,正确,目标用例,三人一致,三人一致,三人一致,A-三人一致
ASGD-2027-1449,06e821e096ba8dbb,数量/时量补语候选,补语结构,国际中文教育中文水平等级标准·语法学习手册（中等）,81,是目标语法点,正确,目标用例,三人一致,三人一致,三人一致,A-三人一致
ASGD-2027-1450,3a9fca0ed76a3369,给/为/关于等介词框架候选,介词/框架结构,国际中文教育中文水平等级标准·语法学习手册（高等）,176,是目标语法点,正确,目标用例,三人一致,三人一致,三人一致,A-三人一致
ASGD-2027-1451,96298c92c362cc2e,时间状语候选,时间/处所功能结构,国际中文教育中文水平等级标准·语法学习手册（初等）,159,是目标语法点,正确,目标用例,三人一致,三人一致,三人一致,A-三人一致
ASGD-2027-1452,478e9ecd83f688ed,得字补语候选,补语结构,国际中文教育中文水平等级标准·语法学习手册（初等）,349,是目标语法点,边界过长,边界问题,三人一致,无多数-标注者2裁决,多数裁决,C-标注者2裁决
ASGD-2027-1453,9fce277d362622c9,被字句候选,被动/受事凸显构式,国际中文教育中文水平等级标准·语法学习手册（高等）,178,是目标语法点,正确,目标用例,三人一致,三人一致,三人一致,A-三人一致
ASGD-2027-1454,deebe644ea77170e,向/往/朝介词框架候选,介词/框架结构,国际中文教育中文水平等级标准·语法学习手册（初等）,322,是目标语法点,正确,目标用例,三人一致,三人一致,三人一致,A-三人一致
ASGD-2027-1455,8083200ac9148a62,处所状语候选,时间/处所功能结构,国际中文教育中文水平等级标准·语法学习手册（初等）,19,是目标语法点,正确,目标用例,三人一致,三人一致,三人一致,A-三人一致
ASGD-2027-1456,b33c8ab00b99ac5b,结果补语候选,补语结构,国际中文教育中文水平等级标准·语法学习手册（中等）,283,是目标语法点,正确,目标用例,三人一致,三人一致,三人一致,A-三人一致
ASGD-2027-1457,9d3bba9164bf9166,把字句候选,处置/受事重组构式,国际中文教育中文水平等级标准·语法学习手册（中等）,48,是目标语法点,正确,目标用例,三人一致,多数裁决,多数裁决,B-多数裁决
ASGD-2027-1458,5474f6bfcd965573,但是候选,复句关联结构,国际中文教育中文水平等级标准·语法学习手册（初等）,278,是目标语法点,正确,目标用例,三人一致,三人一致,三人一致,A-三人一致
ASGD-2027-1459,eb5dc089abf4ca03,时间状语候选,时间/处所功能结构,国际中文教育中文水平等级标准·语法学习手册（初等）,66,是目标语法点,正确,目标用例,三人一致,三人一致,三人一致,A-三人一致
ASGD-2027-1460,8941e19a532e1829,兼语结构候选,多谓词/论元结构,国际中文教育中文水平等级标准·语法学习手册（初等）,362,是目标语法点,正确,目标用例,三人一致,三人一致,三人一致,A-三人一致
ASGD-2027-1461,32208505a161b250,处所状语候选,时间/处所功能结构,国际中文教育中文水平等级标准·语法学习手册（中等）,39,是目标语法点,边界不完整,边界问题,多数裁决,无多数-标注者2裁决,无多数-标注者2裁决,C-标注者2裁决
ASGD-2027-1462,f03ba1aae6c1a287,得字补语候选,补语结构,国际中文教育中文水平等级标准·语法学习手册（高等）,121,是目标语法点,正确,目标用例,三人一致,多数裁决,多数裁决,B-多数裁决
ASGD-2027-1463,0034b01b8c61e749,连动结构候选,多谓词/论元结构,国际中文教育中文水平等级标准·语法学习手册（中等）,285,是目标语法点,边界不完整,边界问题,三人一致,多数裁决,多数裁决,B-多数裁决
ASGD-2027-1464,90d741dee4321707,只要候选,复句关联结构,国际中文教育中文水平等级标准·语法学习手册（初等）,235,是目标语法点,正确,目标用例,三人一致,三人一致,三人一致,A-三人一致
ASGD-2027-1465,5c4ed122b013493b,比字比较候选,比较构式,国际中文教育中文水平等级标准·语法学习手册（初等）,268,不是目标语法点,候选错误,表层触发但非目标,三人一致,三人一致,三人一致,A-三人一致
ASGD-2027-1466,a722ce36740c42af,因为...所以候选,复句关联结构,国际中文教育中文水平等级标准·语法学习手册（初等）,237,是目标语法点,正确,目标用例,三人一致,多数裁决,多数裁决,B-多数裁决
ASGD-2027-1467,0c66cf1b8f848614,把字句候选,处置/受事重组构式,国际中文教育中文水平等级标准·语法学习手册（初等）,357,是目标语法点,正确,目标用例,三人一致,三人一致,三人一致,A-三人一致
ASGD-2027-1468,b7c7b5dd7ac0e457,没有比较候选,比较构式,国际中文教育中文水平等级标准·语法学习手册（中等）,346,不是目标语法点,候选错误,表层触发但非目标,三人一致,三人一致,三人一致,A-三人一致
ASGD-2027-1469,94e001a70ddfc03b,处所状语候选,时间/处所功能结构,国际中文教育中文水平等级标准·语法学习手册（中等）,293,不是目标语法点,候选错误,表层触发但非目标,多数裁决,多数裁决,多数裁决,B-多数裁决
ASGD-2027-1470,5ed55ebc25bc2aa9,因为候选,复句关联结构,国际中文教育中文水平等级标准·语法学习手册（高等）,200,是目标语法点,正确,目标用例,三人一致,多数裁决,多数裁决,B-多数裁决
ASGD-2027-1471,0102850beb19f06d,在字介词框架候选,介词/框架结构,国际中文教育中文水平等级标准·语法学习手册（高等）,124,是目标语法点,正确,目标用例,三人一致,多数裁决,多数裁决,B-多数裁决
ASGD-2027-1472,b38810764c3a86ae,得字补语候选,补语结构,国际中文教育中文水平等级标准·语法学习手册（中等）,24,是目标语法点,候选错误,表层触发但非目标,多数裁决,无多数-标注者2裁决,无多数-标注者2裁决,C-标注者2裁决
ASGD-2027-1473,be320c57519fcaaf,得字补语候选,补语结构,国际中文教育中文水平等级标准·语法学习手册（中等）,246,是目标语法点,边界过长,边界问题,多数裁决,无多数-标注者2裁决,无多数-标注者2裁决,C-标注者2裁决
ASGD-2027-1474,0005f16a40b38f7a,给/为/关于等介词框架候选,介词/框架结构,国际中文教育中文水平等级标准·语法学习手册（初等）,131,不是目标语法点,候选错误,表层触发但非目标,多数裁决,多数裁决,多数裁决,B-多数裁决
ASGD-2027-1475,448975097f1e4a50,把字句候选,处置/受事重组构式,国际中文教育中文水平等级标准·语法学习手册（初等）,358,是目标语法点,正确,目标用例,三人一致,三人一致,三人一致,A-三人一致
ASGD-2027-1476,a1e9030646d6ec52,没有比较候选,比较构式,国际中文教育中文水平等级标准·语法学习手册（中等）,218,不是目标语法点,候选错误,表层触发但非目标,三人一致,三人一致,三人一致,A-三人一致
ASGD-2027-1477,8add8d13f1bbd2c0,把字句候选,处置/受事重组构式,国际中文教育中文水平等级标准·语法学习手册（中等）,222,是目标语法点,正确,目标用例,三人一致,三人一致,三人一致,A-三人一致
ASGD-2027-1478,049eebf06ae290f0,虽然...但是候选,复句关联结构,国际中文教育中文水平等级标准·语法学习手册（中等）,248,是目标语法点,正确,目标用例,三人一致,多数裁决,多数裁决,B-多数裁决
ASGD-2027-1479,6d0be85bb947db32,结果补语候选,补语结构,国际中文教育中文水平等级标准·语法学习手册（中等）,345,是目标语法点,正确,目标用例,三人一致,多数裁决,多数裁决,B-多数裁决
ASGD-2027-1480,e19bee077a097747,把字句候选,处置/受事重组构式,国际中文教育中文水平等级标准·语法学习手册（中等）,157,是目标语法点,正确,目标用例,三人一致,多数裁决,多数裁决,B-多数裁决
ASGD-2027-1481,ef8f796fc7da07dd,把字句候选,处置/受事重组构式,国际中文教育中文水平等级标准·语法学习手册（高等）,64,是目标语法点,正确,目标用例,三人一致,三人一致,三人一致,A-三人一致
ASGD-2027-1482,df877738cac4bd3c,在字介词框架候选,介词/框架结构,国际中文教育中文水平等级标准·语法学习手册（初等）,79,是目标语法点,正确,目标用例,多数裁决,多数裁决,多数裁决,B-多数裁决
ASGD-2027-1483,d783f904587a46ce,一边...一边候选,复句关联结构,国际中文教育中文水平等级标准·语法学习手册（初等）,344,是目标语法点,正确,目标用例,三人一致,多数裁决,多数裁决,B-多数裁决
ASGD-2027-1484,1df0644c1ab7b637,把字句候选,处置/受事重组构式,国际中文教育中文水平等级标准·语法学习手册（高等）,195,是目标语法点,正确,目标用例,三人一致,多数裁决,多数裁决,B-多数裁决
ASGD-2027-1485,64ae28f2ec56220c,连动结构候选,多谓词/论元结构,国际中文教育中文水平等级标准·语法学习手册（中等）,184,是目标语法点,正确,目标用例,三人一致,多数裁决,多数裁决,B-多数裁决
ASGD-2027-1486,4a4d1940951ae8df,双宾/给予结构候选,多谓词/论元结构,国际中文教育中文水平等级标准·语法学习手册（高等）,56,是目标语法点,正确,目标用例,多数裁决,多数裁决,多数裁决,B-多数裁决
ASGD-2027-1487,00d3a66d140d504d,在字介词框架候选,介词/框架结构,国际中文教育中文水平等级标准·语法学习手册（初等）,232,是目标语法点,正确,目标用例,三人一致,多数裁决,多数裁决,B-多数裁决
ASGD-2027-1488,55b210f6d965d896,把字句候选,处置/受事重组构式,国际中文教育中文水平等级标准·语法学习手册（中等）,80,是目标语法点,正确,目标用例,三人一致,三人一致,三人一致,A-三人一致
ASGD-2027-1489,424c19e3bc2e4ac3,双宾/给予结构候选,多谓词/论元结构,国际中文教育中文水平等级标准·语法学习手册（中等）,37,是目标语法点,正确,目标用例,三人一致,三人一致,三人一致,A-三人一致
ASGD-2027-1490,444c8ce0843725ce,从字介词框架候选,介词/框架结构,国际中文教育中文水平等级标准·语法学习手册（中等）,375,是目标语法点,正确,目标用例,多数裁决,多数裁决,多数裁决,B-多数裁决
ASGD-2027-1491,27dac68d1624d69e,对字介词框架候选,介词/框架结构,国际中文教育中文水平等级标准·语法学习手册（中等）,277,是目标语法点,正确,目标用例,三人一致,三人一致,三人一致,A-三人一致
ASGD-2027-1492,fbdb1bc08bbf8fc8,把字句候选,处置/受事重组构式,国际中文教育中文水平等级标准·语法学习手册（中等）,373,是目标语法点,正确,目标用例,三人一致,三人一致,三人一致,A-三人一致
ASGD-2027-1493,3b39847f7c3395ec,把字句候选,处置/受事重组构式,国际中文教育中文水平等级标准·语法学习手册（中等）,218,是目标语法点,正确,目标用例,三人一致,多数裁决,多数裁决,B-多数裁决
ASGD-2027-1494,3dd0d3745c293830,在字介词框架候选,介词/框架结构,国际中文教育中文水平等级标准·语法学习手册（高等）,97,是目标语法点,正确,目标用例,三人一致,多数裁决,多数裁决,B-多数裁决
ASGD-2027-1495,5b157151057e62bb,时间状语候选,时间/处所功能结构,国际中文教育中文水平等级标准·语法学习手册（初等）,250,是目标语法点,正确,目标用例,三人一致,多数裁决,多数裁决,B-多数裁决
ASGD-2027-1496,7343fce1ec01000c,时间状语候选,时间/处所功能结构,国际中文教育中文水平等级标准·语法学习手册（高等）,64,是目标语法点,正确,目标用例,三人一致,三人一致,三人一致,A-三人一致
ASGD-2027-1497,085a4e4a51b32047,不如比较候选,比较构式,国际中文教育中文水平等级标准·语法学习手册（高等）,75,是目标语法点,正确,目标用例,三人一致,三人一致,三人一致,A-三人一致
ASGD-2027-1498,dd4dda912b331032,越...越候选,比较构式,国际中文教育中文水平等级标准·语法学习手册（中等）,236,是目标语法点,正确,目标用例,三人一致,三人一致,三人一致,A-三人一致
ASGD-2027-1499,22859a33324f719b,把字句候选,处置/受事重组构式,国际中文教育中文水平等级标准·语法学习手册（初等）,357,是目标语法点,正确,目标用例,三人一致,三人一致,三人一致,A-三人一致
ASGD-2027-1500,beb8c31a68038f7a,趋向补语候选,补语结构,国际中文教育中文水平等级标准·语法学习手册（高等）,159,是目标语法点,正确,目标用例,三人一致,多数裁决,多数裁决,B-多数裁决
ASGD-2027-1501,191099c41c441917,时间状语候选,时间/处所功能结构,国际中文教育中文水平等级标准·语法学习手册（初等）,280,是目标语法点,正确,目标用例,三人一致,三人一致,三人一致,A-三人一致
ASGD-2027-1502,d5ebe5e04ae5f852,处所状语候选,时间/处所功能结构,国际中文教育中文水平等级标准·语法学习手册（中等）,331,不是目标语法点,候选错误,表层触发但非目标,多数裁决,多数裁决,多数裁决,B-多数裁决
ASGD-2027-1503,a0e840293bb7dc40,趋向补语候选,补语结构,国际中文教育中文水平等级标准·语法学习手册（中等）,209,是目标语法点,正确,目标用例,三人一致,多数裁决,多数裁决,B-多数裁决
ASGD-2027-1504,93b9cd1f1a699976,处所状语候选,时间/处所功能结构,国际中文教育中文水平等级标准·语法学习手册（中等）,175,不是目标语法点,候选错误,表层触发但非目标,多数裁决,多数裁决,多数裁决,B-多数裁决
ASGD-2027-1505,4895ad1393d21a04,双宾/给予结构候选,多谓词/论元结构,国际中文教育中文水平等级标准·语法学习手册（中等）,221,是目标语法点,正确,目标用例,三人一致,三人一致,三人一致,A-三人一致
ASGD-2027-1506,899f9992db38c90a,双宾/给予结构候选,多谓词/论元结构,国际中文教育中文水平等级标准·语法学习手册（初等）,276,是目标语法点,正确,目标用例,多数裁决,多数裁决,多数裁决,B-多数裁决
ASGD-2027-1507,3448f3d2126c3952,得字补语候选,补语结构,国际中文教育中文水平等级标准·语法学习手册（初等）,137,是目标语法点,边界过长,边界问题,三人一致,无多数-标注者2裁决,多数裁决,C-标注者2裁决
ASGD-2027-1508,411fcf12ded8d994,把字句候选,处置/受事重组构式,国际中文教育中文水平等级标准·语法学习手册（中等）,219,是目标语法点,正确,目标用例,三人一致,三人一致,三人一致,A-三人一致
ASGD-2027-1509,8ba60b8f2cf59e5c,时间状语候选,时间/处所功能结构,国际中文教育中文水平等级标准·语法学习手册（初等）,237,是目标语法点,正确,目标用例,三人一致,三人一致,三人一致,A-三人一致
ASGD-2027-1510,1e6a3fd267357034,因为候选,复句关联结构,国际中文教育中文水平等级标准·语法学习手册（高等）,55,是目标语法点,正确,目标用例,三人一致,多数裁决,多数裁决,B-多数裁决
ASGD-2027-1511,5da13d97e2aafacb,把字句候选,处置/受事重组构式,国际中文教育中文水平等级标准·语法学习手册（中等）,338,是目标语法点,正确,目标用例,三人一致,多数裁决,多数裁决,B-多数裁决
ASGD-2027-1512,b92cac2c13cf493f,向/往/朝介词框架候选,介词/框架结构,国际中文教育中文水平等级标准·语法学习手册（初等）,324,是目标语法点,正确,目标用例,三人一致,三人一致,三人一致,A-三人一致
ASGD-2027-1513,a25b5134849ab43c,给/为/关于等介词框架候选,介词/框架结构,国际中文教育中文水平等级标准·语法学习手册（初等）,327,是目标语法点,正确,目标用例,多数裁决,多数裁决,多数裁决,B-多数裁决
ASGD-2027-1514,433015321d97b20a,得字补语候选,补语结构,国际中文教育中文水平等级标准·语法学习手册（初等）,348,不是目标语法点,候选错误,表层触发但非目标,多数裁决,多数裁决,多数裁决,B-多数裁决
ASGD-2027-1515,934fd4fc647f46e5,时间状语候选,时间/处所功能结构,国际中文教育中文水平等级标准·语法学习手册（初等）,185,是目标语法点,正确,目标用例,三人一致,三人一致,三人一致,A-三人一致
ASGD-2027-1516,a5af5ee6c22f96ef,所以候选,复句关联结构,国际中文教育中文水平等级标准·语法学习手册（高等）,130,是目标语法点,正确,目标用例,三人一致,三人一致,三人一致,A-三人一致
ASGD-2027-1517,3c8a9e0e7e0d8fa9,越...越候选,比较构式,国际中文教育中文水平等级标准·语法学习手册（高等）,142,是目标语法点,正确,目标用例,三人一致,三人一致,三人一致,A-三人一致
ASGD-2027-1518,a77e531f366bf9bf,把字句候选,处置/受事重组构式,国际中文教育中文水平等级标准·语法学习手册（中等）,370,是目标语法点,候选错误,表层触发但非目标,多数裁决,无多数-标注者2裁决,无多数-标注者2裁决,C-标注者2裁决
ASGD-2027-1519,b4aa7d5728cc2378,兼语结构候选,多谓词/论元结构,国际中文教育中文水平等级标准·语法学习手册（初等）,362,是目标语法点,正确,目标用例,多数裁决,多数裁决,多数裁决,B-多数裁决
ASGD-2027-1520,c35eb078a1dbe96e,给/为/关于等介词框架候选,介词/框架结构,国际中文教育中文水平等级标准·语法学习手册（初等）,323,是目标语法点,正确,目标用例,三人一致,三人一致,三人一致,A-三人一致
ASGD-2027-1521,5de98673f89fb665,被字句候选,被动/受事凸显构式,国际中文教育中文水平等级标准·语法学习手册（高等）,165,是目标语法点,边界过长,边界问题,三人一致,无多数-标注者2裁决,多数裁决,C-标注者2裁决
ASGD-2027-1522,cd35e971edfab7d8,得字补语候选,补语结构,国际中文教育中文水平等级标准·语法学习手册（高等）,173,不是目标语法点,候选错误,表层触发但非目标,三人一致,三人一致,三人一致,A-三人一致
ASGD-2027-1523,74a9ff89c443b355,时间状语候选,时间/处所功能结构,国际中文教育中文水平等级标准·语法学习手册（高等）,104,是目标语法点,正确,目标用例,三人一致,三人一致,三人一致,A-三人一致
ASGD-2027-1524,b71b1a880688aca5,时间状语候选,时间/处所功能结构,国际中文教育中文水平等级标准·语法学习手册（初等）,166,是目标语法点,正确,目标用例,三人一致,多数裁决,多数裁决,B-多数裁决
ASGD-2027-1525,95eda8b47d1916ed,比字比较候选,比较构式,国际中文教育中文水平等级标准·语法学习手册（初等）,212,是目标语法点,正确,目标用例,三人一致,三人一致,三人一致,A-三人一致
ASGD-2027-1526,405341180b8412f5,时间状语候选,时间/处所功能结构,国际中文教育中文水平等级标准·语法学习手册（中等）,242,是目标语法点,正确,目标用例,三人一致,三人一致,三人一致,A-三人一致
ASGD-2027-1527,e49a5b67d01fcb7b,双宾/给予结构候选,多谓词/论元结构,国际中文教育中文水平等级标准·语法学习手册（中等）,233,不是目标语法点,候选错误,表层触发但非目标,多数裁决,多数裁决,多数裁决,B-多数裁决
ASGD-2027-1528,ccc2bc43958cb0b1,给/为/关于等介词框架候选,介词/框架结构,国际中文教育中文水平等级标准·语法学习手册（中等）,56,是目标语法点,正确,目标用例,三人一致,三人一致,三人一致,A-三人一致
ASGD-2027-1529,3cd9a715cb81aa0a,因为...所以候选,复句关联结构,国际中文教育中文水平等级标准·语法学习手册（初等）,237,是目标语法点,正确,目标用例,三人一致,多数裁决,多数裁决,B-多数裁决
ASGD-2027-1530,397e40eb51a4b561,把字句候选,处置/受事重组构式,国际中文教育中文水平等级标准·语法学习手册（中等）,336,是目标语法点,正确,目标用例,三人一致,三人一致,三人一致,A-三人一致
ASGD-2027-1531,1909355541b6d3d6,时间状语候选,时间/处所功能结构,国际中文教育中文水平等级标准·语法学习手册（初等）,54,是目标语法点,正确,目标用例,三人一致,三人一致,三人一致,A-三人一致
ASGD-2027-1532,977697d6fb25d3ab,得字补语候选,补语结构,国际中文教育中文水平等级标准·语法学习手册（中等）,54,是目标语法点,正确,目标用例,三人一致,多数裁决,多数裁决,B-多数裁决
ASGD-2027-1533,765f07d0c49469bd,越...越候选,比较构式,国际中文教育中文水平等级标准·语法学习手册（中等）,44,是目标语法点,正确,目标用例,三人一致,三人一致,三人一致,A-三人一致
ASGD-2027-1534,f676bf2d2b83617b,比字比较候选,比较构式,国际中文教育中文水平等级标准·语法学习手册（初等）,363,是目标语法点,正确,目标用例,三人一致,三人一致,三人一致,A-三人一致
ASGD-2027-1535,a5e1c62dc4c2c077,得字补语候选,补语结构,国际中文教育中文水平等级标准·语法学习手册（高等）,98,不是目标语法点,候选错误,表层触发但非目标,多数裁决,多数裁决,多数裁决,B-多数裁决
ASGD-2027-1536,b72cd6861fb21ceb,数量/时量补语候选,补语结构,国际中文教育中文水平等级标准·语法学习手册（初等）,313,是目标语法点,正确,目标用例,多数裁决,多数裁决,多数裁决,B-多数裁决
ASGD-2027-1537,b7d1f2ebb6dd78b6,即使候选,复句关联结构,国际中文教育中文水平等级标准·语法学习手册（高等）,139,是目标语法点,正确,目标用例,三人一致,三人一致,三人一致,A-三人一致
ASGD-2027-1538,fd177d4b7084b298,被字句候选,被动/受事凸显构式,国际中文教育中文水平等级标准·语法学习手册（高等）,68,是目标语法点,边界不完整,边界问题,三人一致,多数裁决,多数裁决,B-多数裁决
ASGD-2027-1539,1dfc3be76bdbbc04,处所状语候选,时间/处所功能结构,国际中文教育中文水平等级标准·语法学习手册（中等）,381,是目标语法点,正确,目标用例,三人一致,多数裁决,多数裁决,B-多数裁决
ASGD-2027-1540,1691570364646b2a,在字介词框架候选,介词/框架结构,国际中文教育中文水平等级标准·语法学习手册（中等）,61,是目标语法点,正确,目标用例,多数裁决,多数裁决,多数裁决,B-多数裁决
ASGD-2027-1541,fb99ad0e9cdc5791,时间状语候选,时间/处所功能结构,国际中文教育中文水平等级标准·语法学习手册（中等）,283,是目标语法点,正确,目标用例,三人一致,三人一致,三人一致,A-三人一致
ASGD-2027-1542,deadbcfd169bf24a,给/为/关于等介词框架候选,介词/框架结构,国际中文教育中文水平等级标准·语法学习手册（中等）,341,是目标语法点,正确,目标用例,多数裁决,多数裁决,多数裁决,B-多数裁决
ASGD-2027-1543,6fe745697ef55710,双宾/给予结构候选,多谓词/论元结构,国际中文教育中文水平等级标准·语法学习手册（高等）,145,是目标语法点,正确,目标用例,三人一致,三人一致,三人一致,A-三人一致
ASGD-2027-1544,bd2607da9d15dfd0,趋向补语候选,补语结构,国际中文教育中文水平等级标准·语法学习手册（初等）,185,是目标语法点,候选错误,表层触发但非目标,多数裁决,无多数-标注者2裁决,无多数-标注者2裁决,C-标注者2裁决
ASGD-2027-1545,c84f1e45950ffe8c,在字介词框架候选,介词/框架结构,国际中文教育中文水平等级标准·语法学习手册（初等）,317,是目标语法点,正确,目标用例,三人一致,三人一致,三人一致,A-三人一致
ASGD-2027-1546,4537671d34bba73b,把字句候选,处置/受事重组构式,国际中文教育中文水平等级标准·语法学习手册（中等）,338,是目标语法点,正确,目标用例,三人一致,多数裁决,多数裁决,B-多数裁决
ASGD-2027-1547,3267d18412499ce4,在字介词框架候选,介词/框架结构,国际中文教育中文水平等级标准·语法学习手册（中等）,304,是目标语法点,正确,目标用例,三人一致,三人一致,三人一致,A-三人一致
ASGD-2027-1548,483ca0810a4020bc,在字介词框架候选,介词/框架结构,国际中文教育中文水平等级标准·语法学习手册（中等）,346,是目标语法点,正确,目标用例,三人一致,多数裁决,多数裁决,B-多数裁决
ASGD-2027-1549,58a885beee85430a,被字句候选,被动/受事凸显构式,国际中文教育中文水平等级标准·语法学习手册（高等）,69,是目标语法点,正确,目标用例,三人一致,多数裁决,多数裁决,B-多数裁决
ASGD-2027-1550,6d4fca1bf5da27a4,给/为/关于等介词框架候选,介词/框架结构,国际中文教育中文水平等级标准·语法学习手册（初等）,328,是目标语法点,正确,目标用例,三人一致,三人一致,三人一致,A-三人一致
ASGD-2027-1551,47d3097300130897,被字句候选,被动/受事凸显构式,国际中文教育中文水平等级标准·语法学习手册（高等）,22,是目标语法点,候选错误,表层触发但非目标,多数裁决,无多数-标注者2裁决,无多数-标注者2裁决,C-标注者2裁决
ASGD-2027-1552,3c8ed2831ddeb16b,把字句候选,处置/受事重组构式,国际中文教育中文水平等级标准·语法学习手册（中等）,339,是目标语法点,正确,目标用例,三人一致,多数裁决,多数裁决,B-多数裁决
ASGD-2027-1553,1e532c88c8df682c,只要候选,复句关联结构,国际中文教育中文水平等级标准·语法学习手册（初等）,235,是目标语法点,正确,目标用例,三人一致,三人一致,三人一致,A-三人一致
ASGD-2027-1554,c13839e737065aaf,从字介词框架候选,介词/框架结构,国际中文教育中文水平等级标准·语法学习手册（初等）,173,是目标语法点,正确,目标用例,三人一致,三人一致,三人一致,A-三人一致
ASGD-2027-1555,9318057622418ee1,连动结构候选,多谓词/论元结构,国际中文教育中文水平等级标准·语法学习手册（中等）,240,是目标语法点,正确,目标用例,三人一致,多数裁决,多数裁决,B-多数裁决
ASGD-2027-1556,a58d11beb5254c1f,得字补语候选,补语结构,国际中文教育中文水平等级标准·语法学习手册（高等）,22,是目标语法点,正确,目标用例,三人一致,多数裁决,多数裁决,B-多数裁决
ASGD-2027-1557,b9dd7347e5e90c1e,处所状语候选,时间/处所功能结构,国际中文教育中文水平等级标准·语法学习手册（初等）,31,不是目标语法点,候选错误,表层触发但非目标,多数裁决,多数裁决,多数裁决,B-多数裁决
ASGD-2027-1558,8973e965ebdca3da,把字句候选,处置/受事重组构式,国际中文教育中文水平等级标准·语法学习手册（中等）,79,是目标语法点,正确,目标用例,三人一致,多数裁决,多数裁决,B-多数裁决
ASGD-2027-1559,9992526bade4b66a,处所状语候选,时间/处所功能结构,国际中文教育中文水平等级标准·语法学习手册（初等）,19,是目标语法点,正确,目标用例,三人一致,多数裁决,多数裁决,B-多数裁决
ASGD-2027-1560,2f5ec67a6e9042b4,把字句候选,处置/受事重组构式,国际中文教育中文水平等级标准·语法学习手册（高等）,125,是目标语法点,正确,目标用例,三人一致,三人一致,三人一致,A-三人一致
ASGD-2027-1561,c9c07cbb7f38e9ea,处所状语候选,时间/处所功能结构,国际中文教育中文水平等级标准·语法学习手册（中等）,292,是目标语法点,边界不完整,边界问题,多数裁决,无多数-标注者2裁决,无多数-标注者2裁决,C-标注者2裁决
ASGD-2027-1562,b98439822cacbef9,没有比较候选,比较构式,国际中文教育中文水平等级标准·语法学习手册（中等）,230,是目标语法点,正确,目标用例,多数裁决,多数裁决,多数裁决,B-多数裁决
ASGD-2027-1563,73dbe4359525e751,时间状语候选,时间/处所功能结构,国际中文教育中文水平等级标准·语法学习手册（初等）,232,是目标语法点,正确,目标用例,三人一致,三人一致,三人一致,A-三人一致
ASGD-2027-1564,813bbe75e379954d,从字介词框架候选,介词/框架结构,国际中文教育中文水平等级标准·语法学习手册（初等）,321,是目标语法点,正确,目标用例,三人一致,多数裁决,多数裁决,B-多数裁决
ASGD-2027-1565,210de43e2756fe2f,比字比较候选,比较构式,国际中文教育中文水平等级标准·语法学习手册（高等）,214,不是目标语法点,候选错误,表层触发但非目标,三人一致,三人一致,三人一致,A-三人一致
ASGD-2027-1566,3039704d00b456c7,被字句候选,被动/受事凸显构式,国际中文教育中文水平等级标准·语法学习手册（高等）,126,是目标语法点,正确,目标用例,三人一致,三人一致,三人一致,A-三人一致
ASGD-2027-1567,624f0b90afdd2095,处所状语候选,时间/处所功能结构,国际中文教育中文水平等级标准·语法学习手册（中等）,294,不是目标语法点,候选错误,表层触发但非目标,三人一致,三人一致,三人一致,A-三人一致
ASGD-2027-1568,3afe07794afe5f2a,处所状语候选,时间/处所功能结构,国际中文教育中文水平等级标准·语法学习手册（初等）,31,是目标语法点,正确,目标用例,三人一致,多数裁决,多数裁决,B-多数裁决
ASGD-2027-1569,ff75feee5e6e8c9c,因为候选,复句关联结构,国际中文教育中文水平等级标准·语法学习手册（高等）,214,是目标语法点,正确,目标用例,三人一致,多数裁决,多数裁决,B-多数裁决
ASGD-2027-1570,0ce22a47da2a1d0f,把字句候选,处置/受事重组构式,国际中文教育中文水平等级标准·语法学习手册（中等）,336,是目标语法点,正确,目标用例,三人一致,三人一致,三人一致,A-三人一致
ASGD-2027-1571,c454b34dcf5ae781,时间状语候选,时间/处所功能结构,国际中文教育中文水平等级标准·语法学习手册（中等）,168,是目标语法点,正确,目标用例,多数裁决,多数裁决,多数裁决,B-多数裁决
ASGD-2027-1572,dd00b0adbcf8d4e7,在字介词框架候选,介词/框架结构,国际中文教育中文水平等级标准·语法学习手册（高等）,82,是目标语法点,正确,目标用例,多数裁决,多数裁决,多数裁决,B-多数裁决
ASGD-2027-1573,0d2a68934ac6effc,处所状语候选,时间/处所功能结构,国际中文教育中文水平等级标准·语法学习手册（中等）,294,是目标语法点,正确,目标用例,多数裁决,多数裁决,多数裁决,B-多数裁决
ASGD-2027-1574,ef1bbd22d6d356cb,双宾/给予结构候选,多谓词/论元结构,国际中文教育中文水平等级标准·语法学习手册（中等）,48,是目标语法点,正确,目标用例,三人一致,三人一致,三人一致,A-三人一致
ASGD-2027-1575,f3489c14cfbd4ded,把字句候选,处置/受事重组构式,国际中文教育中文水平等级标准·语法学习手册（中等）,219,是目标语法点,正确,目标用例,三人一致,三人一致,三人一致,A-三人一致
ASGD-2027-1576,06e821e096ba8dbb,把字句候选,处置/受事重组构式,国际中文教育中文水平等级标准·语法学习手册（中等）,81,是目标语法点,正确,目标用例,三人一致,三人一致,三人一致,A-三人一致
ASGD-2027-1577,54780077a0c5ebee,双宾/给予结构候选,多谓词/论元结构,国际中文教育中文水平等级标准·语法学习手册（中等）,258,不是目标语法点,候选错误,表层触发但非目标,多数裁决,多数裁决,多数裁决,B-多数裁决
ASGD-2027-1578,f20ea6fc65fa6907,给/为/关于等介词框架候选,介词/框架结构,国际中文教育中文水平等级标准·语法学习手册（高等）,119,是目标语法点,正确,目标用例,三人一致,三人一致,三人一致,A-三人一致
ASGD-2027-1579,c346cd53745fb768,只要候选,复句关联结构,国际中文教育中文水平等级标准·语法学习手册（初等）,234,是目标语法点,正确,目标用例,三人一致,三人一致,三人一致,A-三人一致
ASGD-2027-1580,75e1ef73305f1751,把字句候选,处置/受事重组构式,国际中文教育中文水平等级标准·语法学习手册（中等）,218,是目标语法点,正确,目标用例,三人一致,多数裁决,多数裁决,B-多数裁决
ASGD-2027-1581,e4d871d70008dd19,时间状语候选,时间/处所功能结构,国际中文教育中文水平等级标准·语法学习手册（高等）,190,是目标语法点,正确,目标用例,三人一致,三人一致,三人一致,A-三人一致
ASGD-2027-1582,a35e80da49e8b357,时间状语候选,时间/处所功能结构,国际中文教育中文水平等级标准·语法学习手册（中等）,296,是目标语法点,正确,目标用例,多数裁决,多数裁决,多数裁决,B-多数裁决
ASGD-2027-1583,ff64d2d11ab3d681,如果候选,复句关联结构,国际中文教育中文水平等级标准·语法学习手册（中等）,283,是目标语法点,正确,目标用例,三人一致,多数裁决,多数裁决,B-多数裁决
ASGD-2027-1584,82a0b0e4020cb2ea,只要候选,复句关联结构,国际中文教育中文水平等级标准·语法学习手册（初等）,235,是目标语法点,正确,目标用例,三人一致,三人一致,三人一致,A-三人一致
ASGD-2027-1585,411c37ec613c2d50,把字句候选,处置/受事重组构式,国际中文教育中文水平等级标准·语法学习手册（中等）,218,是目标语法点,正确,目标用例,三人一致,三人一致,三人一致,A-三人一致
ASGD-2027-1586,c630b48c19b431ee,如果...就候选,复句关联结构,国际中文教育中文水平等级标准·语法学习手册（初等）,232,是目标语法点,正确,目标用例,三人一致,多数裁决,多数裁决,B-多数裁决
ASGD-2027-1587,005eacec001d7830,被字句候选,被动/受事凸显构式,国际中文教育中文水平等级标准·语法学习手册（初等）,410,不是目标语法点,候选错误,表层触发但非目标,多数裁决,多数裁决,多数裁决,B-多数裁决
ASGD-2027-1588,39e437f8f0236fb3,给/为/关于等介词框架候选,介词/框架结构,国际中文教育中文水平等级标准·语法学习手册（高等）,28,是目标语法点,正确,目标用例,三人一致,三人一致,三人一致,A-三人一致
ASGD-2027-1589,c7c0b77912d0c7d7,在字介词框架候选,介词/框架结构,国际中文教育中文水平等级标准·语法学习手册（初等）,169,是目标语法点,正确,目标用例,多数裁决,多数裁决,多数裁决,B-多数裁决
ASGD-2027-1590,fcbc289edb58846d,被字句候选,被动/受事凸显构式,国际中文教育中文水平等级标准·语法学习手册（中等）,84,是目标语法点,正确,目标用例,三人一致,三人一致,三人一致,A-三人一致
ASGD-2027-1591,05558f1243bc822b,数量/时量补语候选,补语结构,国际中文教育中文水平等级标准·语法学习手册（中等）,163,是目标语法点,候选错误,表层触发但非目标,多数裁决,无多数-标注者2裁决,无多数-标注者2裁决,C-标注者2裁决
ASGD-2027-1592,ecf99d73d52ad0a6,没有比较候选,比较构式,国际中文教育中文水平等级标准·语法学习手册（中等）,134,不是目标语法点,候选错误,表层触发但非目标,三人一致,三人一致,三人一致,A-三人一致
ASGD-2027-1593,ebc0c43966ab012c,比字比较候选,比较构式,国际中文教育中文水平等级标准·语法学习手册（高等）,129,是目标语法点,正确,目标用例,三人一致,三人一致,三人一致,A-三人一致
ASGD-2027-1594,3ce570b426ebae7c,如果候选,复句关联结构,国际中文教育中文水平等级标准·语法学习手册（初等）,187,是目标语法点,正确,目标用例,三人一致,多数裁决,多数裁决,B-多数裁决
ASGD-2027-1595,267aa5f2bb474550,给/为/关于等介词框架候选,介词/框架结构,国际中文教育中文水平等级标准·语法学习手册（初等）,175,是目标语法点,正确,目标用例,三人一致,三人一致,三人一致,A-三人一致
ASGD-2027-1596,6540235b31162ec2,把字句候选,处置/受事重组构式,国际中文教育中文水平等级标准·语法学习手册（初等）,357,是目标语法点,正确,目标用例,三人一致,三人一致,三人一致,A-三人一致
ASGD-2027-1597,d2282172e25a5fb9,双宾/给予结构候选,多谓词/论元结构,国际中文教育中文水平等级标准·语法学习手册（中等）,326,不是目标语法点,候选错误,表层触发但非目标,多数裁决,多数裁决,多数裁决,B-多数裁决
ASGD-2027-1598,1f490de2dd45d42a,给/为/关于等介词框架候选,介词/框架结构,国际中文教育中文水平等级标准·语法学习手册（初等）,176,是目标语法点,正确,目标用例,三人一致,三人一致,三人一致,A-三人一致
ASGD-2027-1599,a7109ed1b1fb3dc1,比字比较候选,比较构式,国际中文教育中文水平等级标准·语法学习手册（初等）,365,是目标语法点,正确,目标用例,三人一致,三人一致,三人一致,A-三人一致
ASGD-2027-1600,07a9d65aa2a6994d,没有比较候选,比较构式,国际中文教育中文水平等级标准·语法学习手册（初等）,181,不是目标语法点,候选错误,表层触发但非目标,三人一致,三人一致,三人一致,A-三人一致
ASGD-2027-1601,bf9984c85cbce79e,但是候选,复句关联结构,国际中文教育中文水平等级标准·语法学习手册（中等）,172,是目标语法点,正确,目标用例,三人一致,三人一致,三人一致,A-三人一致
ASGD-2027-1602,95175507c7571535,时间状语候选,时间/处所功能结构,国际中文教育中文水平等级标准·语法学习手册（中等）,112,是目标语法点,正确,目标用例,三人一致,三人一致,三人一致,A-三人一致
ASGD-2027-1603,40ebccb0edb906a1,时间状语候选,时间/处所功能结构,国际中文教育中文水平等级标准·语法学习手册（初等）,389,是目标语法点,正确,目标用例,多数裁决,多数裁决,多数裁决,B-多数裁决
ASGD-2027-1604,f6b7988d8a72f23b,数量/时量补语候选,补语结构,国际中文教育中文水平等级标准·语法学习手册（初等）,351,是目标语法点,正确,目标用例,三人一致,三人一致,三人一致,A-三人一致
ASGD-2027-1605,2b3206fa6724fab9,得字补语候选,补语结构,国际中文教育中文水平等级标准·语法学习手册（高等）,108,不是目标语法点,候选错误,表层触发但非目标,多数裁决,多数裁决,多数裁决,B-多数裁决
ASGD-2027-1606,00bec1a4d823a005,但是候选,复句关联结构,国际中文教育中文水平等级标准·语法学习手册（初等）,179,是目标语法点,正确,目标用例,三人一致,三人一致,三人一致,A-三人一致
ASGD-2027-1607,132a0fa211f1187c,把字句候选,处置/受事重组构式,国际中文教育中文水平等级标准·语法学习手册（初等）,356,是目标语法点,正确,目标用例,三人一致,三人一致,三人一致,A-三人一致
ASGD-2027-1608,d11addcaee32d9ca,被字句候选,被动/受事凸显构式,国际中文教育中文水平等级标准·语法学习手册（中等）,195,是目标语法点,正确,目标用例,三人一致,三人一致,三人一致,A-三人一致
ASGD-2027-1609,5ac11eb457ede6d0,时间状语候选,时间/处所功能结构,国际中文教育中文水平等级标准·语法学习手册（初等）,111,是目标语法点,正确,目标用例,三人一致,三人一致,三人一致,A-三人一致
ASGD-2027-1610,1909355541b6d3d6,对字介词框架候选,介词/框架结构,国际中文教育中文水平等级标准·语法学习手册（初等）,54,不是目标语法点,候选错误,表层触发但非目标,多数裁决,多数裁决,多数裁决,B-多数裁决
ASGD-2027-1611,d52dedf30027e97f,给/为/关于等介词框架候选,介词/框架结构,国际中文教育中文水平等级标准·语法学习手册（中等）,203,是目标语法点,正确,目标用例,三人一致,三人一致,三人一致,A-三人一致
ASGD-2027-1612,e539d021c86f2d93,处所状语候选,时间/处所功能结构,国际中文教育中文水平等级标准·语法学习手册（初等）,31,是目标语法点,正确,目标用例,三人一致,多数裁决,多数裁决,B-多数裁决
ASGD-2027-1613,f30cf774ebb6f83a,连动结构候选,多谓词/论元结构,国际中文教育中文水平等级标准·语法学习手册（初等）,187,是目标语法点,正确,目标用例,三人一致,多数裁决,多数裁决,B-多数裁决
ASGD-2027-1614,35e9ae0b6df82a54,没有比较候选,比较构式,国际中文教育中文水平等级标准·语法学习手册（中等）,88,不是目标语法点,候选错误,表层触发但非目标,三人一致,三人一致,三人一致,A-三人一致
ASGD-2027-1615,c76040253db248ab,处所状语候选,时间/处所功能结构,国际中文教育中文水平等级标准·语法学习手册（初等）,66,是目标语法点,正确,目标用例,多数裁决,多数裁决,多数裁决,B-多数裁决
ASGD-2027-1616,e12319d69ba52341,在字介词框架候选,介词/框架结构,国际中文教育中文水平等级标准·语法学习手册（初等）,57,不是目标语法点,候选错误,表层触发但非目标,多数裁决,多数裁决,多数裁决,B-多数裁决
ASGD-2027-1617,5066205f552d2c0b,给/为/关于等介词框架候选,介词/框架结构,国际中文教育中文水平等级标准·语法学习手册（初等）,356,是目标语法点,正确,目标用例,三人一致,三人一致,三人一致,A-三人一致
ASGD-2027-1618,dc73c8f32f7fe61c,把字句候选,处置/受事重组构式,国际中文教育中文水平等级标准·语法学习手册（中等）,79,是目标语法点,正确,目标用例,三人一致,多数裁决,多数裁决,B-多数裁决
ASGD-2027-1619,f4651c54d8c1a47b,处所状语候选,时间/处所功能结构,国际中文教育中文水平等级标准·语法学习手册（中等）,293,是目标语法点,边界不完整,边界问题,多数裁决,无多数-标注者2裁决,无多数-标注者2裁决,C-标注者2裁决
ASGD-2027-1620,05ff59806f100173,在字介词框架候选,介词/框架结构,国际中文教育中文水平等级标准·语法学习手册（中等）,108,是目标语法点,正确,目标用例,三人一致,三人一致,三人一致,A-三人一致
ASGD-2027-1621,443d9ff34b4886f7,时间状语候选,时间/处所功能结构,国际中文教育中文水平等级标准·语法学习手册（初等）,390,是目标语法点,正确,目标用例,三人一致,三人一致,三人一致,A-三人一致
ASGD-2027-1622,8f3e3937d5b7045e,时间状语候选,时间/处所功能结构,国际中文教育中文水平等级标准·语法学习手册（高等）,110,是目标语法点,正确,目标用例,三人一致,三人一致,三人一致,A-三人一致
ASGD-2027-1623,ef25fbfeb174e63c,在字介词框架候选,介词/框架结构,国际中文教育中文水平等级标准·语法学习手册（中等）,71,是目标语法点,正确,目标用例,三人一致,三人一致,三人一致,A-三人一致
ASGD-2027-1624,45ee876b41ef8515,在字介词框架候选,介词/框架结构,国际中文教育中文水平等级标准·语法学习手册（中等）,71,是目标语法点,正确,目标用例,三人一致,三人一致,三人一致,A-三人一致
ASGD-2027-1625,903dd53b24a838d4,没有比较候选,比较构式,国际中文教育中文水平等级标准·语法学习手册（中等）,223,不是目标语法点,候选错误,表层触发但非目标,三人一致,三人一致,三人一致,A-三人一致
ASGD-2027-1626,27d0a69749bf957b,比字比较候选,比较构式,国际中文教育中文水平等级标准·语法学习手册（初等）,366,是目标语法点,正确,目标用例,三人一致,三人一致,三人一致,A-三人一致
ASGD-2027-1627,89bcce08125f1871,给/为/关于等介词框架候选,介词/框架结构,国际中文教育中文水平等级标准·语法学习手册（高等）,206,是目标语法点,正确,目标用例,三人一致,三人一致,三人一致,A-三人一致
ASGD-2027-1628,dfbc59c26d87cd77,把字句候选,处置/受事重组构式,国际中文教育中文水平等级标准·语法学习手册（高等）,124,是目标语法点,正确,目标用例,三人一致,多数裁决,多数裁决,B-多数裁决
ASGD-2027-1629,82a0b0e4020cb2ea,双宾/给予结构候选,多谓词/论元结构,国际中文教育中文水平等级标准·语法学习手册（初等）,235,是目标语法点,正确,目标用例,三人一致,三人一致,三人一致,A-三人一致
ASGD-2027-1630,420ac5feedc37f40,给/为/关于等介词框架候选,介词/框架结构,国际中文教育中文水平等级标准·语法学习手册（初等）,327,是目标语法点,正确,目标用例,多数裁决,多数裁决,多数裁决,B-多数裁决
ASGD-2027-1631,bc0ecc46c445d9e7,处所状语候选,时间/处所功能结构,国际中文教育中文水平等级标准·语法学习手册（中等）,86,是目标语法点,正确,目标用例,三人一致,三人一致,三人一致,A-三人一致
ASGD-2027-1632,a80df35309344edc,趋向补语候选,补语结构,国际中文教育中文水平等级标准·语法学习手册（中等）,210,是目标语法点,正确,目标用例,三人一致,多数裁决,多数裁决,B-多数裁决
ASGD-2027-1633,29410ec47ce3d9a4,得字补语候选,补语结构,国际中文教育中文水平等级标准·语法学习手册（高等）,67,是目标语法点,候选错误,表层触发但非目标,多数裁决,无多数-标注者2裁决,无多数-标注者2裁决,C-标注者2裁决
ASGD-2027-1634,eecfc0320f94b4d9,把字句候选,处置/受事重组构式,国际中文教育中文水平等级标准·语法学习手册（中等）,218,是目标语法点,正确,目标用例,三人一致,多数裁决,多数裁决,B-多数裁决
ASGD-2027-1635,f313b740693eeb22,把字句候选,处置/受事重组构式,国际中文教育中文水平等级标准·语法学习手册（初等）,293,不是目标语法点,候选错误,表层触发但非目标,多数裁决,多数裁决,多数裁决,B-多数裁决
ASGD-2027-1636,f5a45329b6266dfe,不但...而且候选,复句关联结构,国际中文教育中文水平等级标准·语法学习手册（初等）,225,是目标语法点,正确,目标用例,三人一致,多数裁决,多数裁决,B-多数裁决
ASGD-2027-1637,4a04493a76164810,在字介词框架候选,介词/框架结构,国际中文教育中文水平等级标准·语法学习手册（中等）,372,是目标语法点,正确,目标用例,三人一致,三人一致,三人一致,A-三人一致
ASGD-2027-1638,4c76b4da46a619b0,既然候选,复句关联结构,国际中文教育中文水平等级标准·语法学习手册（中等）,109,是目标语法点,正确,目标用例,三人一致,三人一致,三人一致,A-三人一致
ASGD-2027-1639,a241bf75da91b2e8,结果补语候选,补语结构,国际中文教育中文水平等级标准·语法学习手册（初等）,234,是目标语法点,正确,目标用例,三人一致,三人一致,三人一致,A-三人一致
ASGD-2027-1640,5066205f552d2c0b,把字句候选,处置/受事重组构式,国际中文教育中文水平等级标准·语法学习手册（初等）,356,是目标语法点,正确,目标用例,三人一致,三人一致,三人一致,A-三人一致
ASGD-2027-1641,19cbc9e7cc047b25,处所状语候选,时间/处所功能结构,国际中文教育中文水平等级标准·语法学习手册（中等）,265,是目标语法点,边界不完整,边界问题,多数裁决,无多数-标注者2裁决,无多数-标注者2裁决,C-标注者2裁决
ASGD-2027-1642,3c97e688142dddd3,把字句候选,处置/受事重组构式,国际中文教育中文水平等级标准·语法学习手册（中等）,210,是目标语法点,正确,目标用例,多数裁决,无多数-标注者2裁决,无多数-标注者2裁决,C-标注者2裁决
ASGD-2027-1643,f06f6e50eeaa09a1,把字句候选,处置/受事重组构式,国际中文教育中文水平等级标准·语法学习手册（高等）,50,是目标语法点,正确,目标用例,三人一致,多数裁决,多数裁决,B-多数裁决
ASGD-2027-1644,e551d3df20f223c8,把字句候选,处置/受事重组构式,国际中文教育中文水平等级标准·语法学习手册（高等）,63,是目标语法点,正确,目标用例,三人一致,三人一致,三人一致,A-三人一致
ASGD-2027-1645,493ef45eebcdeadd,处所状语候选,时间/处所功能结构,国际中文教育中文水平等级标准·语法学习手册（中等）,85,是目标语法点,正确,目标用例,三人一致,三人一致,三人一致,A-三人一致
ASGD-2027-1646,8f47eec594067e56,没有比较候选,比较构式,国际中文教育中文水平等级标准·语法学习手册（高等）,67,不是目标语法点,候选错误,表层触发但非目标,三人一致,三人一致,三人一致,A-三人一致
ASGD-2027-1647,a6f9498f627b1e1d,虽然...但是候选,复句关联结构,国际中文教育中文水平等级标准·语法学习手册（初等）,230,是目标语法点,正确,目标用例,三人一致,多数裁决,多数裁决,B-多数裁决
ASGD-2027-1648,8083200ac9148a62,在字介词框架候选,介词/框架结构,国际中文教育中文水平等级标准·语法学习手册（初等）,19,是目标语法点,正确,目标用例,三人一致,三人一致,三人一致,A-三人一致
ASGD-2027-1649,5b746996ef000574,向/往/朝介词框架候选,介词/框架结构,国际中文教育中文水平等级标准·语法学习手册（初等）,170,是目标语法点,正确,目标用例,三人一致,三人一致,三人一致,A-三人一致
ASGD-2027-1650,b223a6845a869ef3,把字句候选,处置/受事重组构式,国际中文教育中文水平等级标准·语法学习手册（高等）,25,是目标语法点,正确,目标用例,三人一致,三人一致,三人一致,A-三人一致
ASGD-2027-1651,7aaa091a84b69ff7,时间状语候选,时间/处所功能结构,国际中文教育中文水平等级标准·语法学习手册（中等）,369,是目标语法点,正确,目标用例,三人一致,三人一致,三人一致,A-三人一致
ASGD-2027-1652,dc7eab6e8a3ffd7d,在字介词框架候选,介词/框架结构,国际中文教育中文水平等级标准·语法学习手册（初等）,287,是目标语法点,正确,目标用例,三人一致,多数裁决,多数裁决,B-多数裁决
ASGD-2027-1653,0effbc5e929ad592,比字比较候选,比较构式,国际中文教育中文水平等级标准·语法学习手册（中等）,131,不是目标语法点,候选错误,表层触发但非目标,三人一致,三人一致,三人一致,A-三人一致
ASGD-2027-1654,5a9f2e44f66a514a,时间状语候选,时间/处所功能结构,国际中文教育中文水平等级标准·语法学习手册（高等）,104,是目标语法点,正确,目标用例,三人一致,多数裁决,多数裁决,B-多数裁决
ASGD-2027-1655,1b58478fe11d0ea4,把字句候选,处置/受事重组构式,国际中文教育中文水平等级标准·语法学习手册（初等）,357,是目标语法点,正确,目标用例,三人一致,三人一致,三人一致,A-三人一致
ASGD-2027-1656,60b95d638f417e61,比字比较候选,比较构式,国际中文教育中文水平等级标准·语法学习手册（中等）,145,是目标语法点,边界过长,边界问题,多数裁决,无多数-标注者2裁决,无多数-标注者2裁决,C-标注者2裁决
ASGD-2027-1657,8f3450776dda8c4d,被字句候选,被动/受事凸显构式,国际中文教育中文水平等级标准·语法学习手册（中等）,187,是目标语法点,正确,目标用例,三人一致,多数裁决,多数裁决,B-多数裁决
ASGD-2027-1658,0a4f69d888ae51c1,在字介词框架候选,介词/框架结构,国际中文教育中文水平等级标准·语法学习手册（高等）,107,是目标语法点,正确,目标用例,多数裁决,多数裁决,多数裁决,B-多数裁决
ASGD-2027-1659,1b5d54196f7f1548,比字比较候选,比较构式,国际中文教育中文水平等级标准·语法学习手册（初等）,210,是目标语法点,正确,目标用例,三人一致,三人一致,三人一致,A-三人一致
ASGD-2027-1660,5a44f71ce4362e0f,被字句候选,被动/受事凸显构式,国际中文教育中文水平等级标准·语法学习手册（初等）,73,是目标语法点,正确,目标用例,多数裁决,多数裁决,多数裁决,B-多数裁决
ASGD-2027-1661,bb16ae07c7238a6b,时间状语候选,时间/处所功能结构,国际中文教育中文水平等级标准·语法学习手册（高等）,190,是目标语法点,正确,目标用例,多数裁决,多数裁决,多数裁决,B-多数裁决
ASGD-2027-1662,feb36ac967f833bf,得字补语候选,补语结构,国际中文教育中文水平等级标准·语法学习手册（初等）,392,是目标语法点,正确,目标用例,三人一致,多数裁决,多数裁决,B-多数裁决
ASGD-2027-1663,a81b4014d60f81b7,趋向补语候选,补语结构,国际中文教育中文水平等级标准·语法学习手册（初等）,286,是目标语法点,正确,目标用例,三人一致,三人一致,三人一致,A-三人一致
ASGD-2027-1664,8785a5da54c8eec3,把字句候选,处置/受事重组构式,国际中文教育中文水平等级标准·语法学习手册（初等）,356,是目标语法点,正确,目标用例,三人一致,三人一致,三人一致,A-三人一致
ASGD-2027-1665,5833eb45c1662e33,从字介词框架候选,介词/框架结构,国际中文教育中文水平等级标准·语法学习手册（初等）,281,是目标语法点,正确,目标用例,多数裁决,多数裁决,多数裁决,B-多数裁决
ASGD-2027-1666,cf423b7e0a37b60d,没有比较候选,比较构式,国际中文教育中文水平等级标准·语法学习手册（初等）,102,不是目标语法点,候选错误,表层触发但非目标,三人一致,三人一致,三人一致,A-三人一致
ASGD-2027-1667,79ed8de63159f129,比字比较候选,比较构式,国际中文教育中文水平等级标准·语法学习手册（高等）,31,是目标语法点,正确,目标用例,多数裁决,多数裁决,多数裁决,B-多数裁决
ASGD-2027-1668,c6740bc263504eba,把字句候选,处置/受事重组构式,国际中文教育中文水平等级标准·语法学习手册（初等）,357,是目标语法点,正确,目标用例,三人一致,三人一致,三人一致,A-三人一致
ASGD-2027-1669,a9040bab71aff679,得字补语候选,补语结构,国际中文教育中文水平等级标准·语法学习手册（中等）,199,不是目标语法点,候选错误,表层触发但非目标,多数裁决,多数裁决,多数裁决,B-多数裁决
ASGD-2027-1670,14cc9ed1643e4c29,把字句候选,处置/受事重组构式,国际中文教育中文水平等级标准·语法学习手册（中等）,223,是目标语法点,正确,目标用例,三人一致,多数裁决,多数裁决,B-多数裁决
ASGD-2027-1671,c11a6496e6f8438a,处所状语候选,时间/处所功能结构,国际中文教育中文水平等级标准·语法学习手册（初等）,21,是目标语法点,正确,目标用例,三人一致,三人一致,三人一致,A-三人一致
ASGD-2027-1672,1be7644d04c712bb,处所状语候选,时间/处所功能结构,国际中文教育中文水平等级标准·语法学习手册（初等）,21,不是目标语法点,候选错误,表层触发但非目标,多数裁决,多数裁决,多数裁决,B-多数裁决
ASGD-2027-1673,88815e8728a53f4d,虽然候选,复句关联结构,国际中文教育中文水平等级标准·语法学习手册（中等）,153,是目标语法点,正确,目标用例,三人一致,多数裁决,多数裁决,B-多数裁决
ASGD-2027-1674,318d5ed5256af8ed,处所状语候选,时间/处所功能结构,国际中文教育中文水平等级标准·语法学习手册（中等）,40,是目标语法点,边界不完整,边界问题,多数裁决,无多数-标注者2裁决,无多数-标注者2裁决,C-标注者2裁决
ASGD-2027-1675,be52081897d1701a,数量/时量补语候选,补语结构,国际中文教育中文水平等级标准·语法学习手册（初等）,309,是目标语法点,正确,目标用例,三人一致,多数裁决,多数裁决,B-多数裁决
ASGD-2027-1676,4b79db68bdee65b4,不如比较候选,比较构式,国际中文教育中文水平等级标准·语法学习手册（高等）,178,不是目标语法点,候选错误,表层触发但非目标,多数裁决,多数裁决,多数裁决,B-多数裁决
ASGD-2027-1677,a49380689a842a1d,处所状语候选,时间/处所功能结构,国际中文教育中文水平等级标准·语法学习手册（初等）,21,是目标语法点,正确,目标用例,三人一致,多数裁决,多数裁决,B-多数裁决
ASGD-2027-1678,da392771e9819d1b,时间状语候选,时间/处所功能结构,国际中文教育中文水平等级标准·语法学习手册（高等）,104,是目标语法点,正确,目标用例,三人一致,三人一致,三人一致,A-三人一致
ASGD-2027-1679,dc5f69508a7a7513,得字补语候选,补语结构,国际中文教育中文水平等级标准·语法学习手册（初等）,194,是目标语法点,正确,目标用例,三人一致,多数裁决,多数裁决,B-多数裁决
ASGD-2027-1680,cc6f8ed0048c4349,把字句候选,处置/受事重组构式,国际中文教育中文水平等级标准·语法学习手册（高等）,124,是目标语法点,正确,目标用例,三人一致,三人一致,三人一致,A-三人一致
ASGD-2027-1681,c801dfc373eb5854,处所状语候选,时间/处所功能结构,国际中文教育中文水平等级标准·语法学习手册（初等）,20,是目标语法点,边界不完整,边界问题,多数裁决,无多数-标注者2裁决,无多数-标注者2裁决,C-标注者2裁决
ASGD-2027-1682,20a02fe6d4f2b5b0,把字句候选,处置/受事重组构式,国际中文教育中文水平等级标准·语法学习手册（中等）,193,是目标语法点,正确,目标用例,三人一致,三人一致,三人一致,A-三人一致
ASGD-2027-1683,914eeccd9a7f3ea2,因为候选,复句关联结构,国际中文教育中文水平等级标准·语法学习手册（初等）,326,是目标语法点,正确,目标用例,三人一致,多数裁决,多数裁决,B-多数裁决
ASGD-2027-1684,ed8b5b21769d6824,给/为/关于等介词框架候选,介词/框架结构,国际中文教育中文水平等级标准·语法学习手册（高等）,111,是目标语法点,正确,目标用例,多数裁决,多数裁决,多数裁决,B-多数裁决
ASGD-2027-1685,26887a737686d614,不但...而且候选,复句关联结构,国际中文教育中文水平等级标准·语法学习手册（初等）,224,是目标语法点,正确,目标用例,三人一致,三人一致,三人一致,A-三人一致
ASGD-2027-1686,d09b4ce1796f4c60,得字补语候选,补语结构,国际中文教育中文水平等级标准·语法学习手册（中等）,298,是目标语法点,正确,目标用例,三人一致,多数裁决,多数裁决,B-多数裁决
ASGD-2027-1687,43b0ee7745f9430d,在字介词框架候选,介词/框架结构,国际中文教育中文水平等级标准·语法学习手册（中等）,113,是目标语法点,正确,目标用例,多数裁决,多数裁决,多数裁决,B-多数裁决
ASGD-2027-1688,3d1057086e11b0ae,双宾/给予结构候选,多谓词/论元结构,国际中文教育中文水平等级标准·语法学习手册（中等）,108,是目标语法点,正确,目标用例,三人一致,三人一致,三人一致,A-三人一致
ASGD-2027-1689,47a5f52a483dac05,兼语结构候选,多谓词/论元结构,国际中文教育中文水平等级标准·语法学习手册（初等）,264,是目标语法点,正确,目标用例,三人一致,三人一致,三人一致,A-三人一致
ASGD-2027-1690,7ee97c21f961dcc0,双宾/给予结构候选,多谓词/论元结构,国际中文教育中文水平等级标准·语法学习手册（初等）,190,是目标语法点,正确,目标用例,多数裁决,多数裁决,多数裁决,B-多数裁决
ASGD-2027-1691,53ff40f56cf6ba52,在字介词框架候选,介词/框架结构,国际中文教育中文水平等级标准·语法学习手册（初等）,241,是目标语法点,正确,目标用例,三人一致,多数裁决,多数裁决,B-多数裁决
ASGD-2027-1692,dd1ff656b6142afc,把字句候选,处置/受事重组构式,国际中文教育中文水平等级标准·语法学习手册（高等）,125,是目标语法点,正确,目标用例,三人一致,三人一致,三人一致,A-三人一致
ASGD-2027-1693,cb2f1694c139bda8,双宾/给予结构候选,多谓词/论元结构,国际中文教育中文水平等级标准·语法学习手册（高等）,206,是目标语法点,正确,目标用例,多数裁决,多数裁决,多数裁决,B-多数裁决
ASGD-2027-1694,05a8b2a8704a161f,趋向补语候选,补语结构,国际中文教育中文水平等级标准·语法学习手册（高等）,159,是目标语法点,正确,目标用例,三人一致,多数裁决,多数裁决,B-多数裁决
ASGD-2027-1695,c9fd06ea2202382c,把字句候选,处置/受事重组构式,国际中文教育中文水平等级标准·语法学习手册（高等）,184,是目标语法点,正确,目标用例,三人一致,多数裁决,多数裁决,B-多数裁决
ASGD-2027-1696,9fe850b80b014787,数量/时量补语候选,补语结构,国际中文教育中文水平等级标准·语法学习手册（中等）,193,是目标语法点,正确,目标用例,三人一致,多数裁决,多数裁决,B-多数裁决
ASGD-2027-1697,bf84a32885241a7c,把字句候选,处置/受事重组构式,国际中文教育中文水平等级标准·语法学习手册（高等）,75,是目标语法点,正确,目标用例,三人一致,三人一致,三人一致,A-三人一致
ASGD-2027-1698,5912a4668acf735b,向/往/朝介词框架候选,介词/框架结构,国际中文教育中文水平等级标准·语法学习手册（初等）,292,是目标语法点,正确,目标用例,多数裁决,多数裁决,多数裁决,B-多数裁决
ASGD-2027-1699,32add6dfad711de9,双宾/给予结构候选,多谓词/论元结构,国际中文教育中文水平等级标准·语法学习手册（初等）,216,是目标语法点,正确,目标用例,三人一致,三人一致,三人一致,A-三人一致
ASGD-2027-1700,5335a1c321a27cf8,处所状语候选,时间/处所功能结构,国际中文教育中文水平等级标准·语法学习手册（中等）,84,是目标语法点,边界不完整,边界问题,多数裁决,无多数-标注者2裁决,无多数-标注者2裁决,C-标注者2裁决
ASGD-2027-1701,b45d858814b8b62c,双宾/给予结构候选,多谓词/论元结构,国际中文教育中文水平等级标准·语法学习手册（初等）,217,是目标语法点,正确,目标用例,三人一致,三人一致,三人一致,A-三人一致
ASGD-2027-1702,f730b304359ee888,结果补语候选,补语结构,国际中文教育中文水平等级标准·语法学习手册（初等）,166,是目标语法点,正确,目标用例,三人一致,三人一致,三人一致,A-三人一致
ASGD-2027-1703,8fbbce53fbbe6e05,即使候选,复句关联结构,国际中文教育中文水平等级标准·语法学习手册（高等）,140,是目标语法点,正确,目标用例,三人一致,三人一致,三人一致,A-三人一致
ASGD-2027-1704,b62764a34d693fec,在字介词框架候选,介词/框架结构,国际中文教育中文水平等级标准·语法学习手册（中等）,71,是目标语法点,正确,目标用例,三人一致,多数裁决,多数裁决,B-多数裁决
ASGD-2027-1705,10572c52038fe618,趋向补语候选,补语结构,国际中文教育中文水平等级标准·语法学习手册（初等）,348,是目标语法点,正确,目标用例,三人一致,多数裁决,多数裁决,B-多数裁决
ASGD-2027-1706,751c31a21e90458c,在字介词框架候选,介词/框架结构,国际中文教育中文水平等级标准·语法学习手册（中等）,69,是目标语法点,正确,目标用例,三人一致,多数裁决,多数裁决,B-多数裁决
ASGD-2027-1707,d37906bbd52c6a51,对字介词框架候选,介词/框架结构,国际中文教育中文水平等级标准·语法学习手册（高等）,148,是目标语法点,正确,目标用例,三人一致,三人一致,三人一致,A-三人一致
ASGD-2027-1708,5cf024592bcf29de,兼语结构候选,多谓词/论元结构,国际中文教育中文水平等级标准·语法学习手册（初等）,362,是目标语法点,正确,目标用例,多数裁决,多数裁决,多数裁决,B-多数裁决
ASGD-2027-1709,1ee1ae5b25e183af,连动结构候选,多谓词/论元结构,国际中文教育中文水平等级标准·语法学习手册（初等）,120,是目标语法点,正确,目标用例,三人一致,多数裁决,多数裁决,B-多数裁决
ASGD-2027-1710,a6a50ee032848914,因为候选,复句关联结构,国际中文教育中文水平等级标准·语法学习手册（初等）,327,是目标语法点,正确,目标用例,三人一致,多数裁决,多数裁决,B-多数裁决
ASGD-2027-1711,73fcabc525fdd390,没有比较候选,比较构式,国际中文教育中文水平等级标准·语法学习手册（初等）,284,不是目标语法点,候选错误,表层触发但非目标,多数裁决,多数裁决,多数裁决,B-多数裁决
ASGD-2027-1712,e58b38010feaa5ce,给/为/关于等介词框架候选,介词/框架结构,国际中文教育中文水平等级标准·语法学习手册（中等）,46,是目标语法点,正确,目标用例,多数裁决,多数裁决,多数裁决,B-多数裁决
ASGD-2027-1713,8aed6a90f230d02b,双宾/给予结构候选,多谓词/论元结构,国际中文教育中文水平等级标准·语法学习手册（初等）,234,是目标语法点,正确,目标用例,三人一致,三人一致,三人一致,A-三人一致
ASGD-2027-1714,184cac8c01321752,把字句候选,处置/受事重组构式,国际中文教育中文水平等级标准·语法学习手册（高等）,75,是目标语法点,正确,目标用例,三人一致,三人一致,三人一致,A-三人一致
ASGD-2027-1715,0c6999a3e5088c0d,连动结构候选,多谓词/论元结构,国际中文教育中文水平等级标准·语法学习手册（初等）,216,不是目标语法点,候选错误,表层触发但非目标,多数裁决,多数裁决,多数裁决,B-多数裁决
ASGD-2027-1716,42803ec690180e96,从字介词框架候选,介词/框架结构,国际中文教育中文水平等级标准·语法学习手册（中等）,181,是目标语法点,正确,目标用例,三人一致,多数裁决,多数裁决,B-多数裁决
ASGD-2027-1717,ac8146f5d73d114d,没有比较候选,比较构式,国际中文教育中文水平等级标准·语法学习手册（中等）,167,不是目标语法点,候选错误,表层触发但非目标,三人一致,三人一致,三人一致,A-三人一致
ASGD-2027-1718,5b5cd3f24fca8337,给/为/关于等介词框架候选,介词/框架结构,国际中文教育中文水平等级标准·语法学习手册（初等）,175,是目标语法点,正确,目标用例,三人一致,三人一致,三人一致,A-三人一致
ASGD-2027-1719,a1b3147a72be510f,把字句候选,处置/受事重组构式,国际中文教育中文水平等级标准·语法学习手册（中等）,79,是目标语法点,正确,目标用例,三人一致,多数裁决,多数裁决,B-多数裁决
ASGD-2027-1720,44731d972d83baff,越...越候选,比较构式,国际中文教育中文水平等级标准·语法学习手册（中等）,23,是目标语法点,正确,目标用例,三人一致,三人一致,三人一致,A-三人一致
ASGD-2027-1721,9326708815d88587,被字句候选,被动/受事凸显构式,国际中文教育中文水平等级标准·语法学习手册（高等）,197,是目标语法点,边界不完整,边界问题,三人一致,多数裁决,多数裁决,B-多数裁决
ASGD-2027-1722,15fdb780bf3ba958,只要候选,复句关联结构,国际中文教育中文水平等级标准·语法学习手册（初等）,234,是目标语法点,正确,目标用例,多数裁决,多数裁决,多数裁决,B-多数裁决
ASGD-2027-1723,5954446cbbccbf26,没有比较候选,比较构式,国际中文教育中文水平等级标准·语法学习手册（中等）,295,不是目标语法点,候选错误,表层触发但非目标,三人一致,三人一致,三人一致,A-三人一致
ASGD-2027-1724,6d314041a0d26554,比字比较候选,比较构式,国际中文教育中文水平等级标准·语法学习手册（高等）,200,是目标语法点,正确,目标用例,三人一致,三人一致,三人一致,A-三人一致
ASGD-2027-1725,1b3a4e7d845b5b82,得字补语候选,补语结构,国际中文教育中文水平等级标准·语法学习手册（初等）,201,是目标语法点,正确,目标用例,三人一致,多数裁决,多数裁决,B-多数裁决
ASGD-2027-1726,084a20d118343582,给/为/关于等介词框架候选,介词/框架结构,国际中文教育中文水平等级标准·语法学习手册（高等）,171,是目标语法点,正确,目标用例,三人一致,三人一致,三人一致,A-三人一致
ASGD-2027-1727,f85e6dc87b54666a,处所状语候选,时间/处所功能结构,国际中文教育中文水平等级标准·语法学习手册（中等）,175,不是目标语法点,候选错误,表层触发但非目标,多数裁决,多数裁决,多数裁决,B-多数裁决
ASGD-2027-1728,49dd5e87f271dfed,数量/时量补语候选,补语结构,国际中文教育中文水平等级标准·语法学习手册（中等）,82,是目标语法点,正确,目标用例,三人一致,多数裁决,多数裁决,B-多数裁决
ASGD-2027-1729,e42b59fb356cdcc6,在字介词框架候选,介词/框架结构,国际中文教育中文水平等级标准·语法学习手册（高等）,137,是目标语法点,候选错误,表层触发但非目标,多数裁决,无多数-标注者2裁决,无多数-标注者2裁决,C-标注者2裁决
ASGD-2027-1730,8162ef2bc562d96d,连动结构候选,多谓词/论元结构,国际中文教育中文水平等级标准·语法学习手册（初等）,208,是目标语法点,正确,目标用例,三人一致,三人一致,三人一致,A-三人一致
ASGD-2027-1731,caf9d58747bb91e9,时间状语候选,时间/处所功能结构,国际中文教育中文水平等级标准·语法学习手册（中等）,206,是目标语法点,正确,目标用例,三人一致,三人一致,三人一致,A-三人一致
ASGD-2027-1732,40b1bb273812fa03,在字介词框架候选,介词/框架结构,国际中文教育中文水平等级标准·语法学习手册（高等）,56,是目标语法点,正确,目标用例,多数裁决,多数裁决,多数裁决,B-多数裁决
ASGD-2027-1733,6220d6f60f3d8ce9,对字介词框架候选,介词/框架结构,国际中文教育中文水平等级标准·语法学习手册（高等）,15,是目标语法点,正确,目标用例,三人一致,三人一致,三人一致,A-三人一致
ASGD-2027-1734,f05edc452fcad33e,时间状语候选,时间/处所功能结构,国际中文教育中文水平等级标准·语法学习手册（初等）,176,是目标语法点,正确,目标用例,三人一致,三人一致,三人一致,A-三人一致
ASGD-2027-1735,a241bf75da91b2e8,只要候选,复句关联结构,国际中文教育中文水平等级标准·语法学习手册（初等）,234,是目标语法点,正确,目标用例,三人一致,三人一致,三人一致,A-三人一致
ASGD-2027-1736,a2128974e826ed9b,时间状语候选,时间/处所功能结构,国际中文教育中文水平等级标准·语法学习手册（高等）,144,是目标语法点,正确,目标用例,三人一致,三人一致,三人一致,A-三人一致
ASGD-2027-1737,a7dbcbf322ad58c0,比字比较候选,比较构式,国际中文教育中文水平等级标准·语法学习手册（高等）,131,是目标语法点,正确,目标用例,三人一致,多数裁决,多数裁决,B-多数裁决
ASGD-2027-1738,65b1c13f53e81b8f,给/为/关于等介词框架候选,介词/框架结构,国际中文教育中文水平等级标准·语法学习手册（中等）,234,是目标语法点,正确,目标用例,多数裁决,多数裁决,多数裁决,B-多数裁决
ASGD-2027-1739,e0a32eb09541f5f4,数量/时量补语候选,补语结构,国际中文教育中文水平等级标准·语法学习手册（中等）,317,是目标语法点,正确,目标用例,三人一致,多数裁决,多数裁决,B-多数裁决
ASGD-2027-1740,3011c56dc88c2912,没有比较候选,比较构式,国际中文教育中文水平等级标准·语法学习手册（初等）,321,不是目标语法点,候选错误,表层触发但非目标,三人一致,三人一致,三人一致,A-三人一致
ASGD-2027-1741,41387a27fac3cace,双宾/给予结构候选,多谓词/论元结构,国际中文教育中文水平等级标准·语法学习手册（中等）,341,是目标语法点,正确,目标用例,多数裁决,多数裁决,多数裁决,B-多数裁决
ASGD-2027-1742,bd5d39d697c5258c,得字补语候选,补语结构,国际中文教育中文水平等级标准·语法学习手册（初等）,393,是目标语法点,正确,目标用例,三人一致,多数裁决,多数裁决,B-多数裁决
ASGD-2027-1743,7282f529c757d542,在字介词框架候选,介词/框架结构,国际中文教育中文水平等级标准·语法学习手册（中等）,327,是目标语法点,正确,目标用例,多数裁决,多数裁决,多数裁决,B-多数裁决
ASGD-2027-1744,bf0766531d072570,把字句候选,处置/受事重组构式,国际中文教育中文水平等级标准·语法学习手册（中等）,340,是目标语法点,正确,目标用例,三人一致,多数裁决,多数裁决,B-多数裁决
ASGD-2027-1745,e7d1c59c53bcdc2f,时间状语候选,时间/处所功能结构,国际中文教育中文水平等级标准·语法学习手册（初等）,237,是目标语法点,正确,目标用例,三人一致,三人一致,三人一致,A-三人一致
ASGD-2027-1746,af1d3c24769d0f30,但是候选,复句关联结构,国际中文教育中文水平等级标准·语法学习手册（中等）,156,是目标语法点,正确,目标用例,三人一致,三人一致,三人一致,A-三人一致
ASGD-2027-1747,bc76c958d5936d95,没有比较候选,比较构式,国际中文教育中文水平等级标准·语法学习手册（高等）,128,不是目标语法点,候选错误,表层触发但非目标,三人一致,三人一致,三人一致,A-三人一致
ASGD-2027-1748,9b27605300a897db,结果补语候选,补语结构,国际中文教育中文水平等级标准·语法学习手册（中等）,326,是目标语法点,正确,目标用例,三人一致,三人一致,三人一致,A-三人一致
ASGD-2027-1749,969e460dbb939250,但是候选,复句关联结构,国际中文教育中文水平等级标准·语法学习手册（高等）,39,是目标语法点,正确,目标用例,三人一致,三人一致,三人一致,A-三人一致
ASGD-2027-1750,596a8d91e237006e,处所状语候选,时间/处所功能结构,国际中文教育中文水平等级标准·语法学习手册（中等）,293,不是目标语法点,候选错误,表层触发但非目标,三人一致,三人一致,三人一致,A-三人一致
ASGD-2027-1751,5e0d58ba32b2f5c1,给/为/关于等介词框架候选,介词/框架结构,国际中文教育中文水平等级标准·语法学习手册（中等）,120,不是目标语法点,候选错误,表层触发但非目标,多数裁决,多数裁决,多数裁决,B-多数裁决
ASGD-2027-1752,b7a39763637a0c42,双宾/给予结构候选,多谓词/论元结构,国际中文教育中文水平等级标准·语法学习手册（中等）,167,是目标语法点,正确,目标用例,三人一致,三人一致,三人一致,A-三人一致
ASGD-2027-1753,b5f9a30457cac12c,处所状语候选,时间/处所功能结构,国际中文教育中文水平等级标准·语法学习手册（中等）,378,不是目标语法点,候选错误,表层触发但非目标,多数裁决,多数裁决,多数裁决,B-多数裁决
ASGD-2027-1754,e084fac8f26a768f,时间状语候选,时间/处所功能结构,国际中文教育中文水平等级标准·语法学习手册（中等）,347,是目标语法点,正确,目标用例,多数裁决,多数裁决,多数裁决,B-多数裁决
ASGD-2027-1755,e0ea9638a5e30a41,双宾/给予结构候选,多谓词/论元结构,国际中文教育中文水平等级标准·语法学习手册（初等）,262,是目标语法点,正确,目标用例,多数裁决,多数裁决,多数裁决,B-多数裁决
ASGD-2027-1756,986bbdc9f7c195f9,处所状语候选,时间/处所功能结构,国际中文教育中文水平等级标准·语法学习手册（初等）,31,是目标语法点,边界过长,边界问题,多数裁决,无多数-标注者2裁决,无多数-标注者2裁决,C-标注者2裁决
ASGD-2027-1757,0425fe570d4b0eb7,没有比较候选,比较构式,国际中文教育中文水平等级标准·语法学习手册（中等）,161,不是目标语法点,候选错误,表层触发但非目标,三人一致,三人一致,三人一致,A-三人一致
ASGD-2027-1758,28e6fbdd4b35afe8,把字句候选,处置/受事重组构式,国际中文教育中文水平等级标准·语法学习手册（高等）,124,是目标语法点,正确,目标用例,三人一致,多数裁决,多数裁决,B-多数裁决
ASGD-2027-1759,fddb9e33ef0e6626,向/往/朝介词框架候选,介词/框架结构,国际中文教育中文水平等级标准·语法学习手册（初等）,171,是目标语法点,正确,目标用例,三人一致,三人一致,三人一致,A-三人一致
ASGD-2027-1760,373b2b8b3f0fc90f,双宾/给予结构候选,多谓词/论元结构,国际中文教育中文水平等级标准·语法学习手册（中等）,124,是目标语法点,正确,目标用例,多数裁决,多数裁决,多数裁决,B-多数裁决
ASGD-2027-1761,ac01b5cff0c286ee,处所状语候选,时间/处所功能结构,国际中文教育中文水平等级标准·语法学习手册（中等）,86,不是目标语法点,候选错误,表层触发但非目标,多数裁决,多数裁决,多数裁决,B-多数裁决
ASGD-2027-1762,c7d10b2fa9bab593,处所状语候选,时间/处所功能结构,国际中文教育中文水平等级标准·语法学习手册（中等）,86,是目标语法点,正确,目标用例,三人一致,三人一致,三人一致,A-三人一致
ASGD-2027-1763,5d9484b76a990468,时间状语候选,时间/处所功能结构,国际中文教育中文水平等级标准·语法学习手册（高等）,136,是目标语法点,正确,目标用例,三人一致,三人一致,三人一致,A-三人一致
ASGD-2027-1764,d4b247773b84e033,在字介词框架候选,介词/框架结构,国际中文教育中文水平等级标准·语法学习手册（高等）,56,是目标语法点,正确,目标用例,多数裁决,多数裁决,多数裁决,B-多数裁决
ASGD-2027-1765,a48c0b4f7198ab82,得字补语候选,补语结构,国际中文教育中文水平等级标准·语法学习手册（中等）,250,是目标语法点,候选错误,表层触发但非目标,多数裁决,无多数-标注者2裁决,无多数-标注者2裁决,C-标注者2裁决
ASGD-2027-1766,95910f4423aebeeb,虽然...但是候选,复句关联结构,国际中文教育中文水平等级标准·语法学习手册（初等）,230,是目标语法点,边界不完整,边界问题,三人一致,多数裁决,多数裁决,B-多数裁决
ASGD-2027-1767,2ffc948566cc1cbf,只要候选,复句关联结构,国际中文教育中文水平等级标准·语法学习手册（高等）,207,是目标语法点,正确,目标用例,三人一致,三人一致,三人一致,A-三人一致
ASGD-2027-1768,04506c4ff8063fd6,把字句候选,处置/受事重组构式,国际中文教育中文水平等级标准·语法学习手册（中等）,219,是目标语法点,不确定,不确定,多数裁决,无多数-标注者2裁决,无多数-标注者2裁决,C-标注者2裁决
ASGD-2027-1769,97dd44f1bba188ed,把字句候选,处置/受事重组构式,国际中文教育中文水平等级标准·语法学习手册（中等）,222,是目标语法点,正确,目标用例,三人一致,三人一致,三人一致,A-三人一致
ASGD-2027-1770,a37819e568627466,处所状语候选,时间/处所功能结构,国际中文教育中文水平等级标准·语法学习手册（初等）,21,是目标语法点,正确,目标用例,三人一致,三人一致,三人一致,A-三人一致
ASGD-2027-1771,ce4bf9a265337837,得字补语候选,补语结构,国际中文教育中文水平等级标准·语法学习手册（高等）,111,不是目标语法点,候选错误,表层触发但非目标,三人一致,三人一致,三人一致,A-三人一致
ASGD-2027-1772,5ec0d6206e2bc3ae,双宾/给予结构候选,多谓词/论元结构,国际中文教育中文水平等级标准·语法学习手册（中等）,50,是目标语法点,正确,目标用例,多数裁决,多数裁决,多数裁决,B-多数裁决
ASGD-2027-1773,4ab511091ba1685d,在字介词框架候选,介词/框架结构,国际中文教育中文水平等级标准·语法学习手册（中等）,254,是目标语法点,正确,目标用例,三人一致,三人一致,三人一致,A-三人一致
ASGD-2027-1774,2ca184c194bcfead,结果补语候选,补语结构,国际中文教育中文水平等级标准·语法学习手册（初等）,283,是目标语法点,正确,目标用例,三人一致,多数裁决,多数裁决,B-多数裁决
ASGD-2027-1775,21efa5d2b36f01a7,处所状语候选,时间/处所功能结构,国际中文教育中文水平等级标准·语法学习手册（初等）,21,是目标语法点,正确,目标用例,三人一致,多数裁决,多数裁决,B-多数裁决
ASGD-2027-1776,1e6d4cbb916db294,越...越候选,比较构式,国际中文教育中文水平等级标准·语法学习手册（中等）,354,是目标语法点,正确,目标用例,三人一致,三人一致,三人一致,A-三人一致
ASGD-2027-1777,a84797e7250ae1ab,时间状语候选,时间/处所功能结构,国际中文教育中文水平等级标准·语法学习手册（初等）,66,是目标语法点,正确,目标用例,三人一致,多数裁决,多数裁决,B-多数裁决
ASGD-2027-1778,4c740e2f8c2d8c06,在字介词框架候选,介词/框架结构,国际中文教育中文水平等级标准·语法学习手册（初等）,57,是目标语法点,正确,目标用例,多数裁决,多数裁决,多数裁决,B-多数裁决
ASGD-2027-1779,8716f3610eacd7a6,时间状语候选,时间/处所功能结构,国际中文教育中文水平等级标准·语法学习手册（中等）,66,是目标语法点,正确,目标用例,三人一致,三人一致,三人一致,A-三人一致
ASGD-2027-1780,ca8c76d52dee4d11,时间状语候选,时间/处所功能结构,国际中文教育中文水平等级标准·语法学习手册（高等）,81,是目标语法点,正确,目标用例,三人一致,多数裁决,多数裁决,B-多数裁决
ASGD-2027-1781,2de3b4e8cddc42e1,处所状语候选,时间/处所功能结构,国际中文教育中文水平等级标准·语法学习手册（初等）,21,不是目标语法点,候选错误,表层触发但非目标,多数裁决,多数裁决,多数裁决,B-多数裁决
ASGD-2027-1782,e7d1c59c53bcdc2f,因为...所以候选,复句关联结构,国际中文教育中文水平等级标准·语法学习手册（初等）,237,是目标语法点,正确,目标用例,三人一致,多数裁决,多数裁决,B-多数裁决
ASGD-2027-1783,138dc1e6cafe9b11,数量/时量补语候选,补语结构,国际中文教育中文水平等级标准·语法学习手册（高等）,58,是目标语法点,候选错误,表层触发但非目标,多数裁决,无多数-标注者2裁决,无多数-标注者2裁决,C-标注者2裁决
ASGD-2027-1784,bf85985cf5e3e40c,处所状语候选,时间/处所功能结构,国际中文教育中文水平等级标准·语法学习手册（中等）,175,不是目标语法点,候选错误,表层触发但非目标,多数裁决,多数裁决,多数裁决,B-多数裁决
ASGD-2027-1785,56d328146a0b58cd,在字介词框架候选,介词/框架结构,国际中文教育中文水平等级标准·语法学习手册（中等）,155,是目标语法点,正确,目标用例,三人一致,三人一致,三人一致,A-三人一致
ASGD-2027-1786,4d45e706873fdd14,从字介词框架候选,介词/框架结构,国际中文教育中文水平等级标准·语法学习手册（高等）,214,是目标语法点,正确,目标用例,多数裁决,多数裁决,多数裁决,B-多数裁决
ASGD-2027-1787,2c66f9a770d24774,数量/时量补语候选,补语结构,国际中文教育中文水平等级标准·语法学习手册（初等）,48,是目标语法点,正确,目标用例,多数裁决,多数裁决,多数裁决,B-多数裁决
ASGD-2027-1788,8ab574706666e99c,在字介词框架候选,介词/框架结构,国际中文教育中文水平等级标准·语法学习手册（中等）,161,是目标语法点,正确,目标用例,多数裁决,多数裁决,多数裁决,B-多数裁决
ASGD-2027-1789,efe0338397f43dff,得字补语候选,补语结构,国际中文教育中文水平等级标准·语法学习手册（高等）,88,是目标语法点,正确,目标用例,三人一致,多数裁决,多数裁决,B-多数裁决
ASGD-2027-1790,7ee9e6710fbc261a,连动结构候选,多谓词/论元结构,国际中文教育中文水平等级标准·语法学习手册（初等）,372,是目标语法点,边界不完整,边界问题,三人一致,多数裁决,多数裁决,B-多数裁决
ASGD-2027-1791,5c7ebd1aff981270,得字补语候选,补语结构,国际中文教育中文水平等级标准·语法学习手册（中等）,130,是目标语法点,候选错误,表层触发但非目标,多数裁决,无多数-标注者2裁决,无多数-标注者2裁决,C-标注者2裁决
ASGD-2027-1792,3961e88d32d61c48,趋向补语候选,补语结构,国际中文教育中文水平等级标准·语法学习手册（高等）,123,是目标语法点,正确,目标用例,三人一致,多数裁决,多数裁决,B-多数裁决
ASGD-2027-1793,4737e6d0dc25f886,双宾/给予结构候选,多谓词/论元结构,国际中文教育中文水平等级标准·语法学习手册（高等）,202,是目标语法点,正确,目标用例,三人一致,三人一致,三人一致,A-三人一致
ASGD-2027-1794,19cbc9e7cc047b25,处所状语候选,时间/处所功能结构,国际中文教育中文水平等级标准·语法学习手册（中等）,265,是目标语法点,边界不完整,边界问题,多数裁决,无多数-标注者2裁决,无多数-标注者2裁决,C-标注者2裁决
ASGD-2027-1795,a0fb741d3baf4ae6,比字比较候选,比较构式,国际中文教育中文水平等级标准·语法学习手册（中等）,65,是目标语法点,正确,目标用例,三人一致,三人一致,三人一致,A-三人一致
ASGD-2027-1796,81488f603dc1f597,把字句候选,处置/受事重组构式,国际中文教育中文水平等级标准·语法学习手册（中等）,370,是目标语法点,候选错误,表层触发但非目标,多数裁决,无多数-标注者2裁决,无多数-标注者2裁决,C-标注者2裁决
ASGD-2027-1797,568685d08b627a70,处所状语候选,时间/处所功能结构,国际中文教育中文水平等级标准·语法学习手册（初等）,42,是目标语法点,边界不完整,边界问题,多数裁决,无多数-标注者2裁决,无多数-标注者2裁决,C-标注者2裁决
ASGD-2027-1798,0d65510fc4794e12,时间状语候选,时间/处所功能结构,国际中文教育中文水平等级标准·语法学习手册（中等）,262,是目标语法点,正确,目标用例,三人一致,三人一致,三人一致,A-三人一致
ASGD-2027-1799,7cd860d2f7dcb39d,把字句候选,处置/受事重组构式,国际中文教育中文水平等级标准·语法学习手册（高等）,166,是目标语法点,正确,目标用例,三人一致,三人一致,三人一致,A-三人一致
ASGD-2027-1800,9ba2c323199c25dd,在字介词框架候选,介词/框架结构,国际中文教育中文水平等级标准·语法学习手册（高等）,48,是目标语法点,正确,目标用例,多数裁决,多数裁决,多数裁决,B-多数裁决
ASGD-2027-1801,fb31aad7469ecc90,只要候选,复句关联结构,国际中文教育中文水平等级标准·语法学习手册（初等）,235,是目标语法点,正确,目标用例,三人一致,三人一致,三人一致,A-三人一致
ASGD-2027-1802,4858d7940e44bdfb,把字句候选,处置/受事重组构式,国际中文教育中文水平等级标准·语法学习手册（高等）,158,是目标语法点,正确,目标用例,三人一致,三人一致,三人一致,A-三人一致
ASGD-2027-1803,00ad9e08cf18f116,给/为/关于等介词框架候选,介词/框架结构,国际中文教育中文水平等级标准·语法学习手册（初等）,326,是目标语法点,正确,目标用例,三人一致,三人一致,三人一致,A-三人一致
ASGD-2027-1804,0a256a095630fede,没有比较候选,比较构式,国际中文教育中文水平等级标准·语法学习手册（高等）,53,不是目标语法点,候选错误,表层触发但非目标,三人一致,三人一致,三人一致,A-三人一致
ASGD-2027-1805,b15ece8b03f7a4c6,只要候选,复句关联结构,国际中文教育中文水平等级标准·语法学习手册（初等）,235,是目标语法点,正确,目标用例,三人一致,三人一致,三人一致,A-三人一致
ASGD-2027-1806,b2a5574f11e9d8a8,被字句候选,被动/受事凸显构式,国际中文教育中文水平等级标准·语法学习手册（中等）,117,是目标语法点,正确,目标用例,三人一致,三人一致,三人一致,A-三人一致
ASGD-2027-1807,dfab6114d9f2e822,在字介词框架候选,介词/框架结构,国际中文教育中文水平等级标准·语法学习手册（高等）,38,是目标语法点,正确,目标用例,三人一致,三人一致,三人一致,A-三人一致
ASGD-2027-1808,d04acd6954f619d4,如果候选,复句关联结构,国际中文教育中文水平等级标准·语法学习手册（初等）,186,是目标语法点,正确,目标用例,三人一致,多数裁决,多数裁决,B-多数裁决
ASGD-2027-1809,509deec12f0cb4f3,把字句候选,处置/受事重组构式,国际中文教育中文水平等级标准·语法学习手册（中等）,218,是目标语法点,正确,目标用例,三人一致,多数裁决,多数裁决,B-多数裁决
ASGD-2027-1810,e46ea496f81cadfd,得字补语候选,补语结构,国际中文教育中文水平等级标准·语法学习手册（高等）,122,是目标语法点,正确,目标用例,三人一致,多数裁决,多数裁决,B-多数裁决
ASGD-2027-1811,b776b1ae191eab00,如果...就候选,复句关联结构,国际中文教育中文水平等级标准·语法学习手册（初等）,232,是目标语法点,正确,目标用例,三人一致,多数裁决,多数裁决,B-多数裁决
ASGD-2027-1812,acf280f97a88342a,得字补语候选,补语结构,国际中文教育中文水平等级标准·语法学习手册（中等）,74,不是目标语法点,候选错误,表层触发但非目标,多数裁决,多数裁决,多数裁决,B-多数裁决
ASGD-2027-1813,a4c30b5bac9c8487,处所状语候选,时间/处所功能结构,国际中文教育中文水平等级标准·语法学习手册（初等）,31,是目标语法点,正确,目标用例,三人一致,多数裁决,多数裁决,B-多数裁决
ASGD-2027-1814,79dfc09a3f68b757,双宾/给予结构候选,多谓词/论元结构,国际中文教育中文水平等级标准·语法学习手册（高等）,47,不是目标语法点,候选错误,表层触发但非目标,多数裁决,多数裁决,多数裁决,B-多数裁决
ASGD-2027-1815,62d1cc2c446fe95e,从字介词框架候选,介词/框架结构,国际中文教育中文水平等级标准·语法学习手册（中等）,183,不是目标语法点,候选错误,表层触发但非目标,多数裁决,多数裁决,多数裁决,B-多数裁决
ASGD-2027-1816,335ebf01047ee73a,得字补语候选,补语结构,国际中文教育中文水平等级标准·语法学习手册（中等）,382,是目标语法点,正确,目标用例,三人一致,多数裁决,多数裁决,B-多数裁决
ASGD-2027-1817,3e6dd265c8571a6f,在字介词框架候选,介词/框架结构,国际中文教育中文水平等级标准·语法学习手册（中等）,340,是目标语法点,正确,目标用例,三人一致,多数裁决,多数裁决,B-多数裁决
ASGD-2027-1818,8e28be401697fc5b,一样比较候选,比较构式,国际中文教育中文水平等级标准·语法学习手册（初等）,214,是目标语法点,正确,目标用例,三人一致,三人一致,三人一致,A-三人一致
ASGD-2027-1819,cbbcda833bacf70d,趋向补语候选,补语结构,国际中文教育中文水平等级标准·语法学习手册（中等）,74,是目标语法点,正确,目标用例,三人一致,三人一致,三人一致,A-三人一致
ASGD-2027-1820,8ff00ffdad250033,得字补语候选,补语结构,国际中文教育中文水平等级标准·语法学习手册（高等）,51,是目标语法点,正确,目标用例,三人一致,多数裁决,多数裁决,B-多数裁决
ASGD-2027-1821,b397df7fbad9a0cb,但是候选,复句关联结构,国际中文教育中文水平等级标准·语法学习手册（中等）,156,是目标语法点,正确,目标用例,三人一致,三人一致,三人一致,A-三人一致
ASGD-2027-1822,9ca1005c9e587214,被字句候选,被动/受事凸显构式,国际中文教育中文水平等级标准·语法学习手册（中等）,155,是目标语法点,正确,目标用例,三人一致,三人一致,三人一致,A-三人一致
ASGD-2027-1823,c70f382e035ffaeb,比字比较候选,比较构式,国际中文教育中文水平等级标准·语法学习手册（高等）,112,是目标语法点,正确,目标用例,三人一致,三人一致,三人一致,A-三人一致
ASGD-2027-1824,eae3beae5ac4fa6d,比字比较候选,比较构式,国际中文教育中文水平等级标准·语法学习手册（高等）,129,是目标语法点,正确,目标用例,三人一致,三人一致,三人一致,A-三人一致
ASGD-2027-1825,1c23b27fd5eef812,把字句候选,处置/受事重组构式,国际中文教育中文水平等级标准·语法学习手册（中等）,344,是目标语法点,正确,目标用例,三人一致,三人一致,三人一致,A-三人一致
ASGD-2027-1826,ccb995521292efe7,把字句候选,处置/受事重组构式,国际中文教育中文水平等级标准·语法学习手册（高等）,115,不是目标语法点,候选错误,表层触发但非目标,多数裁决,多数裁决,多数裁决,B-多数裁决
ASGD-2027-1827,2783a23769b8d88a,比字比较候选,比较构式,国际中文教育中文水平等级标准·语法学习手册（高等）,90,不是目标语法点,候选错误,表层触发但非目标,三人一致,三人一致,三人一致,A-三人一致
ASGD-2027-1828,e1e73906c7ba06a9,得字补语候选,补语结构,国际中文教育中文水平等级标准·语法学习手册（初等）,140,是目标语法点,正确,目标用例,三人一致,多数裁决,多数裁决,B-多数裁决
ASGD-2027-1829,eae11e8d96eff386,数量/时量补语候选,补语结构,国际中文教育中文水平等级标准·语法学习手册（初等）,202,是目标语法点,正确,目标用例,多数裁决,多数裁决,多数裁决,B-多数裁决
ASGD-2027-1830,22f4529a15028543,既然候选,复句关联结构,国际中文教育中文水平等级标准·语法学习手册（中等）,109,是目标语法点,正确,目标用例,三人一致,三人一致,三人一致,A-三人一致
ASGD-2027-1831,42f309ebdd61b743,处所状语候选,时间/处所功能结构,国际中文教育中文水平等级标准·语法学习手册（中等）,39,不是目标语法点,候选错误,表层触发但非目标,多数裁决,多数裁决,多数裁决,B-多数裁决
ASGD-2027-1832,851c21c92625d073,给/为/关于等介词框架候选,介词/框架结构,国际中文教育中文水平等级标准·语法学习手册（高等）,147,是目标语法点,正确,目标用例,多数裁决,多数裁决,多数裁决,B-多数裁决
ASGD-2027-1833,526a1376d91e8e95,处所状语候选,时间/处所功能结构,国际中文教育中文水平等级标准·语法学习手册（中等）,57,不是目标语法点,候选错误,表层触发但非目标,三人一致,三人一致,三人一致,A-三人一致
ASGD-2027-1834,569e7915763f4603,在字介词框架候选,介词/框架结构,国际中文教育中文水平等级标准·语法学习手册（高等）,19,是目标语法点,正确,目标用例,三人一致,多数裁决,多数裁决,B-多数裁决
ASGD-2027-1835,c3e23883d3271e96,越...越候选,比较构式,国际中文教育中文水平等级标准·语法学习手册（初等）,192,是目标语法点,正确,目标用例,三人一致,三人一致,三人一致,A-三人一致
ASGD-2027-1836,efe65b4f43e148a9,数量/时量补语候选,补语结构,国际中文教育中文水平等级标准·语法学习手册（初等）,352,是目标语法点,正确,目标用例,三人一致,三人一致,三人一致,A-三人一致
ASGD-2027-1837,f5caeaa248efd5d2,把字句候选,处置/受事重组构式,国际中文教育中文水平等级标准·语法学习手册（中等）,78,是目标语法点,正确,目标用例,三人一致,三人一致,三人一致,A-三人一致
ASGD-2027-1838,1ef5e38532376d19,只要候选,复句关联结构,国际中文教育中文水平等级标准·语法学习手册（初等）,235,是目标语法点,正确,目标用例,三人一致,三人一致,三人一致,A-三人一致
ASGD-2027-1839,fdfd3bee9ecdba18,被字句候选,被动/受事凸显构式,国际中文教育中文水平等级标准·语法学习手册（高等）,125,是目标语法点,正确,目标用例,三人一致,多数裁决,多数裁决,B-多数裁决
ASGD-2027-1840,78821af2ff957a73,比字比较候选,比较构式,国际中文教育中文水平等级标准·语法学习手册（初等）,204,是目标语法点,正确,目标用例,三人一致,三人一致,三人一致,A-三人一致
ASGD-2027-1841,e2f211bd328fd37b,给/为/关于等介词框架候选,介词/框架结构,国际中文教育中文水平等级标准·语法学习手册（初等）,323,是目标语法点,边界过长,边界问题,多数裁决,无多数-标注者2裁决,无多数-标注者2裁决,C-标注者2裁决
ASGD-2027-1842,eb420b65aa154b65,向/往/朝介词框架候选,介词/框架结构,国际中文教育中文水平等级标准·语法学习手册（初等）,322,是目标语法点,正确,目标用例,三人一致,三人一致,三人一致,A-三人一致
ASGD-2027-1843,5c620c54e4572d88,双宾/给予结构候选,多谓词/论元结构,国际中文教育中文水平等级标准·语法学习手册（初等）,165,是目标语法点,正确,目标用例,多数裁决,多数裁决,多数裁决,B-多数裁决
ASGD-2027-1844,5b75d45e6fd12bcb,没有比较候选,比较构式,国际中文教育中文水平等级标准·语法学习手册（高等）,135,不是目标语法点,候选错误,表层触发但非目标,三人一致,三人一致,三人一致,A-三人一致
ASGD-2027-1845,72840cb94403c726,时间状语候选,时间/处所功能结构,国际中文教育中文水平等级标准·语法学习手册（高等）,65,是目标语法点,正确,目标用例,三人一致,三人一致,三人一致,A-三人一致
ASGD-2027-1846,af7972389be80d4b,比字比较候选,比较构式,国际中文教育中文水平等级标准·语法学习手册（初等）,364,是目标语法点,正确,目标用例,三人一致,三人一致,三人一致,A-三人一致
ASGD-2027-1847,8a4b5cbb9d7e1eda,给/为/关于等介词框架候选,介词/框架结构,国际中文教育中文水平等级标准·语法学习手册（初等）,326,是目标语法点,正确,目标用例,三人一致,三人一致,三人一致,A-三人一致
ASGD-2027-1848,5fad1d586f6d5607,对字介词框架候选,介词/框架结构,国际中文教育中文水平等级标准·语法学习手册（中等）,40,是目标语法点,正确,目标用例,多数裁决,多数裁决,多数裁决,B-多数裁决
ASGD-2027-1849,6b32bedb11aa549c,时间状语候选,时间/处所功能结构,国际中文教育中文水平等级标准·语法学习手册（高等）,118,是目标语法点,正确,目标用例,多数裁决,多数裁决,多数裁决,B-多数裁决
ASGD-2027-1850,aea17c519172e20d,被字句候选,被动/受事凸显构式,国际中文教育中文水平等级标准·语法学习手册（初等）,359,是目标语法点,正确,目标用例,三人一致,三人一致,三人一致,A-三人一致
ASGD-2027-1851,d6db7012c9ff696a,因为候选,复句关联结构,国际中文教育中文水平等级标准·语法学习手册（初等）,327,是目标语法点,正确,目标用例,三人一致,多数裁决,多数裁决,B-多数裁决
ASGD-2027-1852,768d645893b80d85,被字句候选,被动/受事凸显构式,国际中文教育中文水平等级标准·语法学习手册（初等）,338,是目标语法点,候选错误,表层触发但非目标,多数裁决,无多数-标注者2裁决,无多数-标注者2裁决,C-标注者2裁决
ASGD-2027-1853,cf31b2a41c5fabc9,处所状语候选,时间/处所功能结构,国际中文教育中文水平等级标准·语法学习手册（中等）,292,是目标语法点,正确,目标用例,三人一致,多数裁决,多数裁决,B-多数裁决
ASGD-2027-1854,901c0d9e47b24b43,处所状语候选,时间/处所功能结构,国际中文教育中文水平等级标准·语法学习手册（中等）,381,不是目标语法点,候选错误,表层触发但非目标,三人一致,三人一致,三人一致,A-三人一致
ASGD-2027-1855,471fffe69239c5e5,趋向补语候选,补语结构,国际中文教育中文水平等级标准·语法学习手册（初等）,257,是目标语法点,正确,目标用例,三人一致,多数裁决,多数裁决,B-多数裁决
ASGD-2027-1856,3f935066c1082f40,双宾/给予结构候选,多谓词/论元结构,国际中文教育中文水平等级标准·语法学习手册（初等）,218,是目标语法点,正确,目标用例,三人一致,三人一致,三人一致,A-三人一致
ASGD-2027-1857,107a88d54a3cca80,把字句候选,处置/受事重组构式,国际中文教育中文水平等级标准·语法学习手册（中等）,80,是目标语法点,正确,目标用例,三人一致,三人一致,三人一致,A-三人一致
ASGD-2027-1858,3a603700c84dd33d,双宾/给予结构候选,多谓词/论元结构,国际中文教育中文水平等级标准·语法学习手册（初等）,39,是目标语法点,正确,目标用例,多数裁决,多数裁决,多数裁决,B-多数裁决
ASGD-2027-1859,c0e943fbba37e713,处所状语候选,时间/处所功能结构,国际中文教育中文水平等级标准·语法学习手册（初等）,51,不是目标语法点,候选错误,表层触发但非目标,多数裁决,多数裁决,多数裁决,B-多数裁决
ASGD-2027-1860,9631dd6fe22b56f7,时间状语候选,时间/处所功能结构,国际中文教育中文水平等级标准·语法学习手册（中等）,101,是目标语法点,正确,目标用例,三人一致,多数裁决,多数裁决,B-多数裁决
ASGD-2027-1861,c3f82af7fbc7dd95,没有比较候选,比较构式,国际中文教育中文水平等级标准·语法学习手册（高等）,30,不是目标语法点,候选错误,表层触发但非目标,三人一致,三人一致,三人一致,A-三人一致
ASGD-2027-1862,98254f46d54f0e0c,把字句候选,处置/受事重组构式,国际中文教育中文水平等级标准·语法学习手册（中等）,336,是目标语法点,正确,目标用例,三人一致,三人一致,三人一致,A-三人一致
ASGD-2027-1863,7f21cbc3f2ae65b0,把字句候选,处置/受事重组构式,国际中文教育中文水平等级标准·语法学习手册（中等）,43,是目标语法点,正确,目标用例,三人一致,多数裁决,多数裁决,B-多数裁决
ASGD-2027-1864,11b08ccb18b8bf29,结果补语候选,补语结构,国际中文教育中文水平等级标准·语法学习手册（初等）,405,是目标语法点,正确,目标用例,三人一致,三人一致,三人一致,A-三人一致
ASGD-2027-1865,0bcd0310f391646e,把字句候选,处置/受事重组构式,国际中文教育中文水平等级标准·语法学习手册（高等）,164,不是目标语法点,候选错误,表层触发但非目标,多数裁决,多数裁决,多数裁决,B-多数裁决
ASGD-2027-1866,c79a14b1a2634840,处所状语候选,时间/处所功能结构,国际中文教育中文水平等级标准·语法学习手册（初等）,66,是目标语法点,候选错误,边界问题,多数裁决,多数裁决,无多数-标注者2裁决,C-标注者2裁决
ASGD-2027-1867,7b5f0615f4dbb644,在字介词框架候选,介词/框架结构,国际中文教育中文水平等级标准·语法学习手册（初等）,103,是目标语法点,正确,目标用例,多数裁决,多数裁决,多数裁决,B-多数裁决
ASGD-2027-1868,e2aec728bb592b42,双宾/给予结构候选,多谓词/论元结构,国际中文教育中文水平等级标准·语法学习手册（初等）,395,不是目标语法点,候选错误,表层触发但非目标,多数裁决,多数裁决,多数裁决,B-多数裁决
ASGD-2027-1869,b6bb704b63bf1e83,数量/时量补语候选,补语结构,国际中文教育中文水平等级标准·语法学习手册（中等）,134,是目标语法点,正确,目标用例,多数裁决,多数裁决,多数裁决,B-多数裁决
ASGD-2027-1870,7204e7ad60122e1c,把字句候选,处置/受事重组构式,国际中文教育中文水平等级标准·语法学习手册（高等）,165,不是目标语法点,候选错误,表层触发但非目标,多数裁决,多数裁决,多数裁决,B-多数裁决
ASGD-2027-1871,dc936a26f2a1128f,在字介词框架候选,介词/框架结构,国际中文教育中文水平等级标准·语法学习手册（中等）,292,是目标语法点,正确,目标用例,三人一致,三人一致,三人一致,A-三人一致
ASGD-2027-1872,193a10c5694c059b,数量/时量补语候选,补语结构,国际中文教育中文水平等级标准·语法学习手册（初等）,59,是目标语法点,正确,目标用例,三人一致,多数裁决,多数裁决,B-多数裁决
ASGD-2027-1873,ee3f649f31cd6c3b,时间状语候选,时间/处所功能结构,国际中文教育中文水平等级标准·语法学习手册（初等）,151,是目标语法点,正确,目标用例,三人一致,三人一致,三人一致,A-三人一致
ASGD-2027-1874,5c846661e406dc3f,数量/时量补语候选,补语结构,国际中文教育中文水平等级标准·语法学习手册（初等）,354,是目标语法点,正确,目标用例,三人一致,多数裁决,多数裁决,B-多数裁决
ASGD-2027-1875,1d6ecb3a2e2ce0f1,从字介词框架候选,介词/框架结构,国际中文教育中文水平等级标准·语法学习手册（初等）,172,是目标语法点,正确,目标用例,三人一致,三人一致,三人一致,A-三人一致
ASGD-2027-1876,d08d2485acd10cb5,没有比较候选,比较构式,国际中文教育中文水平等级标准·语法学习手册（高等）,64,不是目标语法点,候选错误,表层触发但非目标,三人一致,三人一致,三人一致,A-三人一致
ASGD-2027-1877,ddbd33ca05555a5f,给/为/关于等介词框架候选,介词/框架结构,国际中文教育中文水平等级标准·语法学习手册（初等）,175,是目标语法点,正确,目标用例,三人一致,三人一致,三人一致,A-三人一致
ASGD-2027-1878,ddbfd01e368c96fa,时间状语候选,时间/处所功能结构,国际中文教育中文水平等级标准·语法学习手册（初等）,350,是目标语法点,正确,目标用例,多数裁决,多数裁决,多数裁决,B-多数裁决
ASGD-2027-1879,b1786cdf6db0892a,双宾/给予结构候选,多谓词/论元结构,国际中文教育中文水平等级标准·语法学习手册（中等）,166,是目标语法点,正确,目标用例,多数裁决,多数裁决,多数裁决,B-多数裁决
ASGD-2027-1880,dff606b69c8f066d,一边...一边候选,复句关联结构,国际中文教育中文水平等级标准·语法学习手册（初等）,99,是目标语法点,正确,目标用例,三人一致,多数裁决,多数裁决,B-多数裁决
ASGD-2027-1881,9e92745e2f6fc376,时间状语候选,时间/处所功能结构,国际中文教育中文水平等级标准·语法学习手册（初等）,280,是目标语法点,正确,目标用例,三人一致,三人一致,三人一致,A-三人一致
ASGD-2027-1882,8f00082bcfc7af77,在字介词框架候选,介词/框架结构,国际中文教育中文水平等级标准·语法学习手册（中等）,59,是目标语法点,正确,目标用例,多数裁决,多数裁决,多数裁决,B-多数裁决
ASGD-2027-1883,587b5df4e2541393,双宾/给予结构候选,多谓词/论元结构,国际中文教育中文水平等级标准·语法学习手册（高等）,89,是目标语法点,正确,目标用例,多数裁决,多数裁决,多数裁决,B-多数裁决
ASGD-2027-1884,3694fde8010ba41c,处所状语候选,时间/处所功能结构,国际中文教育中文水平等级标准·语法学习手册（初等）,40,不是目标语法点,候选错误,表层触发但非目标,多数裁决,多数裁决,多数裁决,B-多数裁决
ASGD-2027-1885,0092ba164024202f,被字句候选,被动/受事凸显构式,国际中文教育中文水平等级标准·语法学习手册（中等）,84,是目标语法点,边界不完整,边界问题,多数裁决,多数裁决,多数裁决,B-多数裁决
ASGD-2027-1886,d57e400b83c7dbb2,得字补语候选,补语结构,国际中文教育中文水平等级标准·语法学习手册（高等）,76,是目标语法点,正确,目标用例,三人一致,多数裁决,多数裁决,B-多数裁决
ASGD-2027-1887,547314a791fc4b51,得字补语候选,补语结构,国际中文教育中文水平等级标准·语法学习手册（高等）,34,不是目标语法点,候选错误,表层触发但非目标,多数裁决,多数裁决,多数裁决,B-多数裁决
ASGD-2027-1888,734afa7b96fe739d,得字补语候选,补语结构,国际中文教育中文水平等级标准·语法学习手册（中等）,59,是目标语法点,正确,目标用例,三人一致,多数裁决,多数裁决,B-多数裁决
ASGD-2027-1889,63b45d634a5e979e,在字介词框架候选,介词/框架结构,国际中文教育中文水平等级标准·语法学习手册（高等）,183,是目标语法点,正确,目标用例,三人一致,三人一致,三人一致,A-三人一致
ASGD-2027-1890,cbf728b68e329be4,处所状语候选,时间/处所功能结构,国际中文教育中文水平等级标准·语法学习手册（中等）,85,是目标语法点,正确,目标用例,三人一致,三人一致,三人一致,A-三人一致
ASGD-2027-1891,0cbb748a3c159316,没有比较候选,比较构式,国际中文教育中文水平等级标准·语法学习手册（中等）,152,不是目标语法点,候选错误,表层触发但非目标,三人一致,三人一致,三人一致,A-三人一致
ASGD-2027-1892,7435865f05204bc9,时间状语候选,时间/处所功能结构,国际中文教育中文水平等级标准·语法学习手册（高等）,213,是目标语法点,正确,目标用例,多数裁决,多数裁决,多数裁决,B-多数裁决
ASGD-2027-1893,84bd269e416d263f,得字补语候选,补语结构,国际中文教育中文水平等级标准·语法学习手册（初等）,225,是目标语法点,正确,目标用例,三人一致,多数裁决,多数裁决,B-多数裁决
ASGD-2027-1894,47fd35b50891a7d1,没有比较候选,比较构式,国际中文教育中文水平等级标准·语法学习手册（中等）,18,不是目标语法点,候选错误,表层触发但非目标,三人一致,三人一致,三人一致,A-三人一致
ASGD-2027-1895,914eeccd9a7f3ea2,给/为/关于等介词框架候选,介词/框架结构,国际中文教育中文水平等级标准·语法学习手册（初等）,326,是目标语法点,正确,目标用例,多数裁决,多数裁决,多数裁决,B-多数裁决
ASGD-2027-1896,27ff80995b124c6f,数量/时量补语候选,补语结构,国际中文教育中文水平等级标准·语法学习手册（高等）,40,是目标语法点,正确,目标用例,多数裁决,多数裁决,多数裁决,B-多数裁决
ASGD-2027-1897,ac6fee775f0eed3e,时间状语候选,时间/处所功能结构,国际中文教育中文水平等级标准·语法学习手册（初等）,161,是目标语法点,正确,目标用例,多数裁决,多数裁决,多数裁决,B-多数裁决
ASGD-2027-1898,5a52d633b86814eb,被字句候选,被动/受事凸显构式,国际中文教育中文水平等级标准·语法学习手册（高等）,55,是目标语法点,正确,目标用例,三人一致,三人一致,三人一致,A-三人一致
ASGD-2027-1899,4cbad64415f1f3e4,连动结构候选,多谓词/论元结构,国际中文教育中文水平等级标准·语法学习手册（中等）,352,是目标语法点,正确,目标用例,三人一致,三人一致,三人一致,A-三人一致
ASGD-2027-1900,22096d9ecc4680a6,处所状语候选,时间/处所功能结构,国际中文教育中文水平等级标准·语法学习手册（初等）,20,不是目标语法点,候选错误,表层触发但非目标,多数裁决,多数裁决,多数裁决,B-多数裁决
ASGD-2027-1901,f050fbb53c5790ce,没有比较候选,比较构式,国际中文教育中文水平等级标准·语法学习手册（初等）,200,不是目标语法点,候选错误,表层触发但非目标,三人一致,三人一致,三人一致,A-三人一致
ASGD-2027-1902,ef1a929f3a5edc18,把字句候选,处置/受事重组构式,国际中文教育中文水平等级标准·语法学习手册（高等）,214,是目标语法点,正确,目标用例,三人一致,多数裁决,多数裁决,B-多数裁决
ASGD-2027-1903,a6bf97452fef0304,时间状语候选,时间/处所功能结构,国际中文教育中文水平等级标准·语法学习手册（中等）,156,是目标语法点,正确,目标用例,三人一致,三人一致,三人一致,A-三人一致
ASGD-2027-1904,feecf19836771d28,所以候选,复句关联结构,国际中文教育中文水平等级标准·语法学习手册（高等）,174,是目标语法点,正确,目标用例,三人一致,三人一致,三人一致,A-三人一致
ASGD-2027-1905,1ec4a69b3e8c6f58,没有比较候选,比较构式,国际中文教育中文水平等级标准·语法学习手册（高等）,191,不是目标语法点,候选错误,表层触发但非目标,三人一致,三人一致,三人一致,A-三人一致
ASGD-2027-1906,e86c3e99d84c98cf,兼语结构候选,多谓词/论元结构,国际中文教育中文水平等级标准·语法学习手册（高等）,99,是目标语法点,正确,目标用例,多数裁决,多数裁决,多数裁决,B-多数裁决
ASGD-2027-1907,6b135a963b2ec12e,给/为/关于等介词框架候选,介词/框架结构,国际中文教育中文水平等级标准·语法学习手册（初等）,122,不是目标语法点,候选错误,表层触发但非目标,多数裁决,多数裁决,多数裁决,B-多数裁决
ASGD-2027-1908,bd195e0945fceab4,连动结构候选,多谓词/论元结构,国际中文教育中文水平等级标准·语法学习手册（初等）,56,是目标语法点,正确,目标用例,多数裁决,多数裁决,多数裁决,B-多数裁决
ASGD-2027-1909,594882e635185d6d,被字句候选,被动/受事凸显构式,国际中文教育中文水平等级标准·语法学习手册（高等）,69,是目标语法点,正确,目标用例,三人一致,多数裁决,多数裁决,B-多数裁决
ASGD-2027-1910,d062dd6ce43f9fd9,处所状语候选,时间/处所功能结构,国际中文教育中文水平等级标准·语法学习手册（初等）,51,是目标语法点,边界不完整,边界问题,多数裁决,无多数-标注者2裁决,无多数-标注者2裁决,C-标注者2裁决
ASGD-2027-1911,050dd20b14eb8614,得字补语候选,补语结构,国际中文教育中文水平等级标准·语法学习手册（中等）,59,不是目标语法点,候选错误,表层触发但非目标,多数裁决,多数裁决,多数裁决,B-多数裁决
ASGD-2027-1912,73bc4c8c1835b887,时间状语候选,时间/处所功能结构,国际中文教育中文水平等级标准·语法学习手册（高等）,99,是目标语法点,正确,目标用例,多数裁决,多数裁决,多数裁决,B-多数裁决
ASGD-2027-1913,d7ed66565510d284,比字比较候选,比较构式,国际中文教育中文水平等级标准·语法学习手册（高等）,129,是目标语法点,正确,目标用例,三人一致,三人一致,三人一致,A-三人一致
ASGD-2027-1914,bbd0cb19eb2e6bab,时间状语候选,时间/处所功能结构,国际中文教育中文水平等级标准·语法学习手册（初等）,134,是目标语法点,正确,目标用例,三人一致,三人一致,三人一致,A-三人一致
ASGD-2027-1915,afda4fc8b3751c6c,数量/时量补语候选,补语结构,国际中文教育中文水平等级标准·语法学习手册（高等）,192,是目标语法点,正确,目标用例,三人一致,多数裁决,多数裁决,B-多数裁决
ASGD-2027-1916,a2ea0016aa33563a,给/为/关于等介词框架候选,介词/框架结构,国际中文教育中文水平等级标准·语法学习手册（中等）,139,是目标语法点,正确,目标用例,三人一致,三人一致,三人一致,A-三人一致
ASGD-2027-1917,0ba74a07b395114d,在字介词框架候选,介词/框架结构,国际中文教育中文水平等级标准·语法学习手册（中等）,207,是目标语法点,正确,目标用例,三人一致,多数裁决,多数裁决,B-多数裁决
ASGD-2027-1918,3537334844a55d0e,把字句候选,处置/受事重组构式,国际中文教育中文水平等级标准·语法学习手册（中等）,380,是目标语法点,正确,目标用例,三人一致,多数裁决,多数裁决,B-多数裁决
ASGD-2027-1919,223fe65016b295f2,把字句候选,处置/受事重组构式,国际中文教育中文水平等级标准·语法学习手册（初等）,358,是目标语法点,正确,目标用例,三人一致,三人一致,三人一致,A-三人一致
ASGD-2027-1920,5ea70b1b2c41a3f8,在字介词框架候选,介词/框架结构,国际中文教育中文水平等级标准·语法学习手册（初等）,57,是目标语法点,正确,目标用例,多数裁决,多数裁决,多数裁决,B-多数裁决
ASGD-2027-1921,7d1de52055710424,双宾/给予结构候选,多谓词/论元结构,国际中文教育中文水平等级标准·语法学习手册（初等）,375,不是目标语法点,候选错误,表层触发但非目标,多数裁决,多数裁决,多数裁决,B-多数裁决
ASGD-2027-1922,22bb25c9c2f26800,时间状语候选,时间/处所功能结构,国际中文教育中文水平等级标准·语法学习手册（高等）,49,是目标语法点,正确,目标用例,三人一致,三人一致,三人一致,A-三人一致
ASGD-2027-1923,f55b8bff3dfa6578,从字介词框架候选,介词/框架结构,国际中文教育中文水平等级标准·语法学习手册（初等）,199,是目标语法点,正确,目标用例,三人一致,三人一致,三人一致,A-三人一致
ASGD-2027-1924,59b209897261195e,把字句候选,处置/受事重组构式,国际中文教育中文水平等级标准·语法学习手册（中等）,338,是目标语法点,正确,目标用例,多数裁决,无多数-标注者2裁决,无多数-标注者2裁决,C-标注者2裁决
ASGD-2027-1925,e233041030c04c00,没有比较候选,比较构式,国际中文教育中文水平等级标准·语法学习手册（中等）,245,不是目标语法点,候选错误,表层触发但非目标,三人一致,三人一致,三人一致,A-三人一致
ASGD-2027-1926,cd5478ae8393d4c5,时间状语候选,时间/处所功能结构,国际中文教育中文水平等级标准·语法学习手册（高等）,190,是目标语法点,正确,目标用例,三人一致,三人一致,三人一致,A-三人一致
ASGD-2027-1927,63e6e8fb18cdf759,数量/时量补语候选,补语结构,国际中文教育中文水平等级标准·语法学习手册（初等）,353,是目标语法点,正确,目标用例,三人一致,多数裁决,多数裁决,B-多数裁决
ASGD-2027-1928,010a52a02e7862b8,在字介词框架候选,介词/框架结构,国际中文教育中文水平等级标准·语法学习手册（初等）,195,是目标语法点,正确,目标用例,多数裁决,多数裁决,多数裁决,B-多数裁决
ASGD-2027-1929,3737ae659ce3bc59,没有比较候选,比较构式,国际中文教育中文水平等级标准·语法学习手册（初等）,397,不是目标语法点,候选错误,表层触发但非目标,三人一致,三人一致,三人一致,A-三人一致
ASGD-2027-1930,3c6d4401a1962f0a,时间状语候选,时间/处所功能结构,国际中文教育中文水平等级标准·语法学习手册（初等）,318,是目标语法点,正确,目标用例,三人一致,三人一致,三人一致,A-三人一致
ASGD-2027-1931,28b0316e1df8ebd1,把字句候选,处置/受事重组构式,国际中文教育中文水平等级标准·语法学习手册（中等）,242,是目标语法点,正确,目标用例,三人一致,多数裁决,多数裁决,B-多数裁决
ASGD-2027-1932,cfb2a2e80fa554eb,把字句候选,处置/受事重组构式,国际中文教育中文水平等级标准·语法学习手册（初等）,356,是目标语法点,正确,目标用例,三人一致,三人一致,三人一致,A-三人一致
ASGD-2027-1933,2fc2224efc642b09,处所状语候选,时间/处所功能结构,国际中文教育中文水平等级标准·语法学习手册（初等）,21,不是目标语法点,候选错误,表层触发但非目标,多数裁决,多数裁决,多数裁决,B-多数裁决
ASGD-2027-1934,5425dcaa52efb66f,在字介词框架候选,介词/框架结构,国际中文教育中文水平等级标准·语法学习手册（初等）,124,是目标语法点,正确,目标用例,三人一致,多数裁决,多数裁决,B-多数裁决
ASGD-2027-1935,052dfa5349c9540e,如果...就候选,复句关联结构,国际中文教育中文水平等级标准·语法学习手册（中等）,360,是目标语法点,正确,目标用例,三人一致,多数裁决,多数裁决,B-多数裁决
ASGD-2027-1936,6949b713ca472358,一边...一边候选,复句关联结构,国际中文教育中文水平等级标准·语法学习手册（初等）,99,是目标语法点,正确,目标用例,三人一致,多数裁决,多数裁决,B-多数裁决
ASGD-2027-1937,6f6ebace2e81d3ff,把字句候选,处置/受事重组构式,国际中文教育中文水平等级标准·语法学习手册（初等）,357,是目标语法点,正确,目标用例,三人一致,多数裁决,多数裁决,B-多数裁决
ASGD-2027-1938,4e2f3e914dea91a4,如果候选,复句关联结构,国际中文教育中文水平等级标准·语法学习手册（初等）,157,是目标语法点,边界过长,边界问题,三人一致,多数裁决,多数裁决,B-多数裁决
ASGD-2027-1939,1a45f89696a90202,时间状语候选,时间/处所功能结构,国际中文教育中文水平等级标准·语法学习手册（初等）,389,是目标语法点,正确,目标用例,多数裁决,多数裁决,多数裁决,B-多数裁决
ASGD-2027-1940,67d4d4ab824e7e7d,把字句候选,处置/受事重组构式,国际中文教育中文水平等级标准·语法学习手册（中等）,338,是目标语法点,边界过长,边界问题,多数裁决,多数裁决,多数裁决,B-多数裁决
ASGD-2027-1941,29e099240d4a5992,双宾/给予结构候选,多谓词/论元结构,国际中文教育中文水平等级标准·语法学习手册（初等）,175,是目标语法点,正确,目标用例,三人一致,三人一致,三人一致,A-三人一致
ASGD-2027-1942,fd8c742381c18d5d,处所状语候选,时间/处所功能结构,国际中文教育中文水平等级标准·语法学习手册（初等）,51,不是目标语法点,候选错误,表层触发但非目标,多数裁决,多数裁决,多数裁决,B-多数裁决
ASGD-2027-1943,5b17dd65f19b802a,对字介词框架候选,介词/框架结构,国际中文教育中文水平等级标准·语法学习手册（中等）,381,是目标语法点,正确,目标用例,三人一致,三人一致,三人一致,A-三人一致
ASGD-2027-1944,3ef0f15def429082,时间状语候选,时间/处所功能结构,国际中文教育中文水平等级标准·语法学习手册（中等）,317,是目标语法点,正确,目标用例,多数裁决,多数裁决,多数裁决,B-多数裁决
ASGD-2027-1945,4a4d1940951ae8df,比字比较候选,比较构式,国际中文教育中文水平等级标准·语法学习手册（高等）,56,不是目标语法点,候选错误,表层触发但非目标,三人一致,三人一致,三人一致,A-三人一致
ASGD-2027-1946,22859a33324f719b,没有比较候选,比较构式,国际中文教育中文水平等级标准·语法学习手册（初等）,357,不是目标语法点,候选错误,表层触发但非目标,三人一致,三人一致,三人一致,A-三人一致
ASGD-2027-1947,363b67b277172403,把字句候选,处置/受事重组构式,国际中文教育中文水平等级标准·语法学习手册（中等）,58,是目标语法点,正确,目标用例,三人一致,三人一致,三人一致,A-三人一致
ASGD-2027-1948,2a30b0cf9b580ea2,比字比较候选,比较构式,国际中文教育中文水平等级标准·语法学习手册（高等）,130,不是目标语法点,候选错误,表层触发但非目标,三人一致,三人一致,三人一致,A-三人一致
ASGD-2027-1949,c9b137a3a29aa682,即使候选,复句关联结构,国际中文教育中文水平等级标准·语法学习手册（中等）,241,是目标语法点,正确,目标用例,多数裁决,多数裁决,多数裁决,B-多数裁决
ASGD-2027-1950,07277b9c62fcb0f0,给/为/关于等介词框架候选,介词/框架结构,国际中文教育中文水平等级标准·语法学习手册（高等）,92,是目标语法点,正确,目标用例,三人一致,三人一致,三人一致,A-三人一致
ASGD-2027-1951,6c549b3a56571b8c,从字介词框架候选,介词/框架结构,国际中文教育中文水平等级标准·语法学习手册（初等）,281,是目标语法点,正确,目标用例,多数裁决,多数裁决,多数裁决,B-多数裁决
ASGD-2027-1952,ec5e99dc0013cd66,一边...一边候选,复句关联结构,国际中文教育中文水平等级标准·语法学习手册（初等）,98,是目标语法点,边界过长,边界问题,三人一致,多数裁决,多数裁决,B-多数裁决
ASGD-2027-1953,812c5d3ffe087ad6,把字句候选,处置/受事重组构式,国际中文教育中文水平等级标准·语法学习手册（中等）,80,是目标语法点,正确,目标用例,多数裁决,无多数-标注者2裁决,无多数-标注者2裁决,C-标注者2裁决
ASGD-2027-1954,7d0054e79160821d,双宾/给予结构候选,多谓词/论元结构,国际中文教育中文水平等级标准·语法学习手册（中等）,213,是目标语法点,正确,目标用例,三人一致,三人一致,三人一致,A-三人一致
ASGD-2027-1955,19a4562840e320ad,时间状语候选,时间/处所功能结构,国际中文教育中文水平等级标准·语法学习手册（中等）,153,是目标语法点,正确,目标用例,三人一致,三人一致,三人一致,A-三人一致
ASGD-2027-1956,753b4d43f63e5705,在字介词框架候选,介词/框架结构,国际中文教育中文水平等级标准·语法学习手册（中等）,72,是目标语法点,边界过长,边界问题,三人一致,无多数-标注者2裁决,多数裁决,C-标注者2裁决
ASGD-2027-1957,3f033da58d24ac99,时间状语候选,时间/处所功能结构,国际中文教育中文水平等级标准·语法学习手册（初等）,298,是目标语法点,正确,目标用例,多数裁决,多数裁决,多数裁决,B-多数裁决
ASGD-2027-1958,06ed82525d03f052,处所状语候选,时间/处所功能结构,国际中文教育中文水平等级标准·语法学习手册（中等）,380,是目标语法点,边界过长,边界问题,多数裁决,无多数-标注者2裁决,无多数-标注者2裁决,C-标注者2裁决
ASGD-2027-1959,96b5db9fa700b120,把字句候选,处置/受事重组构式,国际中文教育中文水平等级标准·语法学习手册（中等）,220,是目标语法点,正确,目标用例,三人一致,三人一致,三人一致,A-三人一致
ASGD-2027-1960,4847660be4fedfe4,对字介词框架候选,介词/框架结构,国际中文教育中文水平等级标准·语法学习手册（中等）,16,是目标语法点,正确,目标用例,三人一致,三人一致,三人一致,A-三人一致
ASGD-2027-1961,999678a524aa2c4e,因为...所以候选,复句关联结构,国际中文教育中文水平等级标准·语法学习手册（初等）,318,是目标语法点,正确,目标用例,三人一致,多数裁决,多数裁决,B-多数裁决
ASGD-2027-1962,ca8c76d52dee4d11,对字介词框架候选,介词/框架结构,国际中文教育中文水平等级标准·语法学习手册（高等）,81,不是目标语法点,候选错误,表层触发但非目标,多数裁决,多数裁决,多数裁决,B-多数裁决
ASGD-2027-1963,c5e13f26fc5ba844,时间状语候选,时间/处所功能结构,国际中文教育中文水平等级标准·语法学习手册（初等）,230,是目标语法点,正确,目标用例,三人一致,三人一致,三人一致,A-三人一致
ASGD-2027-1964,f8efc0b806e9b9cb,得字补语候选,补语结构,国际中文教育中文水平等级标准·语法学习手册（初等）,309,是目标语法点,正确,目标用例,三人一致,多数裁决,多数裁决,B-多数裁决
ASGD-2027-1965,2cf19107a7955aaa,时间状语候选,时间/处所功能结构,国际中文教育中文水平等级标准·语法学习手册（中等）,265,是目标语法点,边界过长,边界问题,三人一致,无多数-标注者2裁决,多数裁决,C-标注者2裁决
ASGD-2027-1966,b271b171b1d739cd,处所状语候选,时间/处所功能结构,国际中文教育中文水平等级标准·语法学习手册（中等）,175,是目标语法点,正确,目标用例,多数裁决,多数裁决,多数裁决,B-多数裁决
ASGD-2027-1967,a5878358b04f1d4c,没有比较候选,比较构式,国际中文教育中文水平等级标准·语法学习手册（中等）,27,不是目标语法点,候选错误,表层触发但非目标,三人一致,三人一致,三人一致,A-三人一致
ASGD-2027-1968,39e437f8f0236fb3,双宾/给予结构候选,多谓词/论元结构,国际中文教育中文水平等级标准·语法学习手册（高等）,28,是目标语法点,正确,目标用例,三人一致,三人一致,三人一致,A-三人一致
ASGD-2027-1969,7afec0417d0acca2,没有比较候选,比较构式,国际中文教育中文水平等级标准·语法学习手册（初等）,199,不是目标语法点,候选错误,表层触发但非目标,三人一致,三人一致,三人一致,A-三人一致
ASGD-2027-1970,905c2fae0c036605,连动结构候选,多谓词/论元结构,国际中文教育中文水平等级标准·语法学习手册（高等）,150,是目标语法点,正确,目标用例,三人一致,三人一致,三人一致,A-三人一致
ASGD-2027-1971,e98e74a627dd0327,双宾/给予结构候选,多谓词/论元结构,国际中文教育中文水平等级标准·语法学习手册（高等）,142,是目标语法点,正确,目标用例,多数裁决,多数裁决,多数裁决,B-多数裁决
ASGD-2027-1972,31d0a36fd63fd986,得字补语候选,补语结构,国际中文教育中文水平等级标准·语法学习手册（中等）,166,是目标语法点,正确,目标用例,三人一致,多数裁决,多数裁决,B-多数裁决
ASGD-2027-1973,26e7e447b4de56b1,被字句候选,被动/受事凸显构式,国际中文教育中文水平等级标准·语法学习手册（高等）,128,不是目标语法点,候选错误,表层触发但非目标,多数裁决,多数裁决,多数裁决,B-多数裁决
ASGD-2027-1974,dfbbfa9c8fb72614,时间状语候选,时间/处所功能结构,国际中文教育中文水平等级标准·语法学习手册（初等）,56,是目标语法点,正确,目标用例,三人一致,三人一致,三人一致,A-三人一致
ASGD-2027-1975,6db5b62b4d43d3f2,趋向补语候选,补语结构,国际中文教育中文水平等级标准·语法学习手册（初等）,347,是目标语法点,正确,目标用例,三人一致,三人一致,三人一致,A-三人一致
ASGD-2027-1976,5d0f3480222e715a,比字比较候选,比较构式,国际中文教育中文水平等级标准·语法学习手册（初等）,363,是目标语法点,边界过长,边界问题,多数裁决,无多数-标注者2裁决,无多数-标注者2裁决,C-标注者2裁决
ASGD-2027-1977,9b6f74b0ee6c4d1e,把字句候选,处置/受事重组构式,国际中文教育中文水平等级标准·语法学习手册（中等）,339,是目标语法点,正确,目标用例,三人一致,多数裁决,多数裁决,B-多数裁决
ASGD-2027-1978,9626b85e27ec6e2b,在字介词框架候选,介词/框架结构,国际中文教育中文水平等级标准·语法学习手册（高等）,13,是目标语法点,正确,目标用例,三人一致,多数裁决,多数裁决,B-多数裁决
ASGD-2027-1979,c29450d33f4e0331,得字补语候选,补语结构,国际中文教育中文水平等级标准·语法学习手册（高等）,62,不是目标语法点,候选错误,表层触发但非目标,多数裁决,多数裁决,多数裁决,B-多数裁决
ASGD-2027-1980,bb8f006930183e3f,数量/时量补语候选,补语结构,国际中文教育中文水平等级标准·语法学习手册（高等）,70,是目标语法点,正确,目标用例,三人一致,多数裁决,多数裁决,B-多数裁决
ASGD-2027-1981,4aa516181b9a905b,比字比较候选,比较构式,国际中文教育中文水平等级标准·语法学习手册（初等）,204,是目标语法点,正确,目标用例,三人一致,三人一致,三人一致,A-三人一致
ASGD-2027-1982,672070dde30213dc,双宾/给予结构候选,多谓词/论元结构,国际中文教育中文水平等级标准·语法学习手册（中等）,285,是目标语法点,正确,目标用例,三人一致,三人一致,三人一致,A-三人一致
ASGD-2027-1983,f8678e508c48815b,数量/时量补语候选,补语结构,国际中文教育中文水平等级标准·语法学习手册（初等）,202,是目标语法点,正确,目标用例,多数裁决,多数裁决,多数裁决,B-多数裁决
ASGD-2027-1984,9bf403659ec91d8d,处所状语候选,时间/处所功能结构,国际中文教育中文水平等级标准·语法学习手册（初等）,66,是目标语法点,正确,目标用例,三人一致,三人一致,三人一致,A-三人一致
ASGD-2027-1985,dbddf747bd1092d9,兼语结构候选,多谓词/论元结构,国际中文教育中文水平等级标准·语法学习手册（初等）,362,是目标语法点,正确,目标用例,多数裁决,多数裁决,多数裁决,B-多数裁决
ASGD-2027-1986,e4e09d382214ccf2,如果候选,复句关联结构,国际中文教育中文水平等级标准·语法学习手册（初等）,187,是目标语法点,正确,目标用例,三人一致,多数裁决,多数裁决,B-多数裁决
ASGD-2027-1987,b5e999a359d0ffcd,处所状语候选,时间/处所功能结构,国际中文教育中文水平等级标准·语法学习手册（中等）,215,不是目标语法点,候选错误,表层触发但非目标,多数裁决,多数裁决,多数裁决,B-多数裁决
ASGD-2027-1988,00043bbf08f20d3a,因为...所以候选,复句关联结构,国际中文教育中文水平等级标准·语法学习手册（中等）,248,是目标语法点,正确,目标用例,三人一致,多数裁决,多数裁决,B-多数裁决
ASGD-2027-1989,b9dd7347e5e90c1e,处所状语候选,时间/处所功能结构,国际中文教育中文水平等级标准·语法学习手册（初等）,31,是目标语法点,正确,目标用例,三人一致,多数裁决,多数裁决,B-多数裁决
ASGD-2027-1990,19500608b53f7b4e,从字介词框架候选,介词/框架结构,国际中文教育中文水平等级标准·语法学习手册（初等）,321,是目标语法点,正确,目标用例,三人一致,三人一致,三人一致,A-三人一致
ASGD-2027-1991,fda7bdd339e98632,给/为/关于等介词框架候选,介词/框架结构,国际中文教育中文水平等级标准·语法学习手册（高等）,80,是目标语法点,正确,目标用例,三人一致,三人一致,三人一致,A-三人一致
ASGD-2027-1992,12ab9e101bb9d42d,向/往/朝介词框架候选,介词/框架结构,国际中文教育中文水平等级标准·语法学习手册（初等）,322,是目标语法点,正确,目标用例,三人一致,三人一致,三人一致,A-三人一致
ASGD-2027-1993,0b30457cedba2e88,因为...所以候选,复句关联结构,国际中文教育中文水平等级标准·语法学习手册（中等）,248,是目标语法点,正确,目标用例,三人一致,多数裁决,多数裁决,B-多数裁决
ASGD-2027-1994,ca8c76d52dee4d11,得字补语候选,补语结构,国际中文教育中文水平等级标准·语法学习手册（高等）,81,是目标语法点,正确,目标用例,三人一致,多数裁决,多数裁决,B-多数裁决
ASGD-2027-1995,48aa660716560f3e,不如比较候选,比较构式,国际中文教育中文水平等级标准·语法学习手册（中等）,256,是目标语法点,正确,目标用例,多数裁决,多数裁决,多数裁决,B-多数裁决
ASGD-2027-1996,75952d16b675ddaa,处所状语候选,时间/处所功能结构,国际中文教育中文水平等级标准·语法学习手册（中等）,293,不是目标语法点,候选错误,表层触发但非目标,多数裁决,多数裁决,多数裁决,B-多数裁决
ASGD-2027-1997,6e731afd0f1ec757,没有比较候选,比较构式,国际中文教育中文水平等级标准·语法学习手册（中等）,219,不是目标语法点,候选错误,表层触发但非目标,三人一致,三人一致,三人一致,A-三人一致
ASGD-2027-1998,ac71a93ffad009d4,得字补语候选,补语结构,国际中文教育中文水平等级标准·语法学习手册（中等）,353,是目标语法点,候选错误,表层触发但非目标,多数裁决,无多数-标注者2裁决,无多数-标注者2裁决,C-标注者2裁决
ASGD-2027-1999,9325d57e1cee58b6,如果候选,复句关联结构,国际中文教育中文水平等级标准·语法学习手册（高等）,188,是目标语法点,正确,目标用例,三人一致,多数裁决,多数裁决,B-多数裁决
ASGD-2027-2000,74faf38a996a79ea,得字补语候选,补语结构,国际中文教育中文水平等级标准·语法学习手册（中等）,253,是目标语法点,正确,目标用例,三人一致,多数裁决,多数裁决,B-多数裁决
ASGD-2027-2001,4e17c025d7007ad2,在字介词框架候选,介词/框架结构,国际中文教育中文水平等级标准·语法学习手册（中等）,69,不是目标语法点,候选错误,表层触发但非目标,多数裁决,多数裁决,多数裁决,B-多数裁决
ASGD-2027-2002,babac24f043eb1d0,时间状语候选,时间/处所功能结构,国际中文教育中文水平等级标准·语法学习手册（中等）,62,是目标语法点,正确,目标用例,三人一致,三人一致,三人一致,A-三人一致
ASGD-2027-2003,a44b69b186805e57,在字介词框架候选,介词/框架结构,国际中文教育中文水平等级标准·语法学习手册（初等）,67,是目标语法点,正确,目标用例,三人一致,多数裁决,多数裁决,B-多数裁决
ASGD-2027-2004,d7f48864066be495,一样比较候选,比较构式,国际中文教育中文水平等级标准·语法学习手册（初等）,213,是目标语法点,正确,目标用例,三人一致,三人一致,三人一致,A-三人一致
ASGD-2027-2005,e5548e911069102f,把字句候选,处置/受事重组构式,国际中文教育中文水平等级标准·语法学习手册（初等）,357,是目标语法点,正确,目标用例,多数裁决,无多数-标注者2裁决,无多数-标注者2裁决,C-标注者2裁决
ASGD-2027-2006,4eb2d6649d77c27b,得字补语候选,补语结构,国际中文教育中文水平等级标准·语法学习手册（中等）,323,是目标语法点,正确,目标用例,三人一致,多数裁决,多数裁决,B-多数裁决
ASGD-2027-2007,81571c40b14e79bc,把字句候选,处置/受事重组构式,国际中文教育中文水平等级标准·语法学习手册（初等）,413,是目标语法点,候选错误,表层触发但非目标,多数裁决,无多数-标注者2裁决,无多数-标注者2裁决,C-标注者2裁决
ASGD-2027-2008,440bb25f3629ef40,时间状语候选,时间/处所功能结构,国际中文教育中文水平等级标准·语法学习手册（初等）,352,是目标语法点,正确,目标用例,多数裁决,多数裁决,多数裁决,B-多数裁决
ASGD-2027-2009,7b951cbf9613b6a6,时间状语候选,时间/处所功能结构,国际中文教育中文水平等级标准·语法学习手册（高等）,33,是目标语法点,正确,目标用例,三人一致,三人一致,三人一致,A-三人一致
ASGD-2027-2010,7150ef7e0c42f095,时间状语候选,时间/处所功能结构,国际中文教育中文水平等级标准·语法学习手册（初等）,266,是目标语法点,正确,目标用例,多数裁决,多数裁决,多数裁决,B-多数裁决
ASGD-2027-2011,37d7608da59f7e70,将字处置候选,处置/受事重组构式,国际中文教育中文水平等级标准·语法学习手册（中等）,176,是目标语法点,正确,目标用例,三人一致,三人一致,三人一致,A-三人一致
ASGD-2027-2012,97fbf9915bcf9fe1,但是候选,复句关联结构,国际中文教育中文水平等级标准·语法学习手册（高等）,122,是目标语法点,正确,目标用例,三人一致,三人一致,三人一致,A-三人一致
ASGD-2027-2013,c137844354948e09,比字比较候选,比较构式,国际中文教育中文水平等级标准·语法学习手册（高等）,145,是目标语法点,正确,目标用例,三人一致,三人一致,三人一致,A-三人一致
ASGD-2027-2014,d0b781af6210071f,如果...就候选,复句关联结构,国际中文教育中文水平等级标准·语法学习手册（初等）,233,是目标语法点,正确,目标用例,三人一致,多数裁决,多数裁决,B-多数裁决
ASGD-2027-2015,3db05518ca3afc91,得字补语候选,补语结构,国际中文教育中文水平等级标准·语法学习手册（中等）,382,是目标语法点,正确,目标用例,三人一致,多数裁决,多数裁决,B-多数裁决
ASGD-2027-2016,42353504460a2821,对字介词框架候选,介词/框架结构,国际中文教育中文水平等级标准·语法学习手册（高等）,45,是目标语法点,正确,目标用例,三人一致,三人一致,三人一致,A-三人一致
ASGD-2027-2017,64cb70c7f03ac42c,双宾/给予结构候选,多谓词/论元结构,国际中文教育中文水平等级标准·语法学习手册（中等）,208,是目标语法点,正确,目标用例,多数裁决,多数裁决,多数裁决,B-多数裁决
ASGD-2027-2018,002d00a6f86801c3,处所状语候选,时间/处所功能结构,国际中文教育中文水平等级标准·语法学习手册（中等）,57,不是目标语法点,候选错误,表层触发但非目标,三人一致,三人一致,三人一致,A-三人一致
ASGD-2027-2019,e597019d305bbe92,没有比较候选,比较构式,国际中文教育中文水平等级标准·语法学习手册（初等）,380,不是目标语法点,候选错误,表层触发但非目标,三人一致,三人一致,三人一致,A-三人一致
ASGD-2027-2020,9a61f1a3e643b61b,得字补语候选,补语结构,国际中文教育中文水平等级标准·语法学习手册（初等）,281,不是目标语法点,候选错误,表层触发但非目标,三人一致,三人一致,三人一致,A-三人一致
ASGD-2027-2021,073402f46f2ce31c,因为...所以候选,复句关联结构,国际中文教育中文水平等级标准·语法学习手册（初等）,237,是目标语法点,正确,目标用例,三人一致,多数裁决,多数裁决,B-多数裁决
ASGD-2027-2022,66ef713cebaccee4,数量/时量补语候选,补语结构,国际中文教育中文水平等级标准·语法学习手册（初等）,351,是目标语法点,正确,目标用例,三人一致,多数裁决,多数裁决,B-多数裁决
ASGD-2027-2023,afda4fc8b3751c6c,没有比较候选,比较构式,国际中文教育中文水平等级标准·语法学习手册（高等）,192,不是目标语法点,候选错误,表层触发但非目标,三人一致,三人一致,三人一致,A-三人一致
ASGD-2027-2024,30d3a14d9287f8f4,结果补语候选,补语结构,国际中文教育中文水平等级标准·语法学习手册（中等）,208,是目标语法点,正确,目标用例,三人一致,三人一致,三人一致,A-三人一致
ASGD-2027-2025,dcf51079523ee683,对字介词框架候选,介词/框架结构,国际中文教育中文水平等级标准·语法学习手册（高等）,115,是目标语法点,正确,目标用例,三人一致,三人一致,三人一致,A-三人一致
ASGD-2027-2026,5c73ae83cf4d29f5,把字句候选,处置/受事重组构式,国际中文教育中文水平等级标准·语法学习手册（高等）,151,是目标语法点,正确,目标用例,三人一致,多数裁决,多数裁决,B-多数裁决
ASGD-2027-2027,cade1cfd0b640022,把字句候选,处置/受事重组构式,国际中文教育中文水平等级标准·语法学习手册（高等）,37,是目标语法点,正确,目标用例,三人一致,多数裁决,多数裁决,B-多数裁决
ASGD-2027-2028,ace71d40ce51a252,没有比较候选,比较构式,国际中文教育中文水平等级标准·语法学习手册（初等）,344,不是目标语法点,候选错误,表层触发但非目标,三人一致,三人一致,三人一致,A-三人一致
ASGD-2027-2029,1381dd07bd6062e4,把字句候选,处置/受事重组构式,国际中文教育中文水平等级标准·语法学习手册（中等）,220,是目标语法点,正确,目标用例,三人一致,三人一致,三人一致,A-三人一致
ASGD-2027-2030,089ad94b7be9b760,把字句候选,处置/受事重组构式,国际中文教育中文水平等级标准·语法学习手册（中等）,339,是目标语法点,正确,目标用例,三人一致,多数裁决,多数裁决,B-多数裁决
ASGD-2027-2031,86f641f01c9a9e9e,比字比较候选,比较构式,国际中文教育中文水平等级标准·语法学习手册（中等）,321,不是目标语法点,候选错误,表层触发但非目标,三人一致,三人一致,三人一致,A-三人一致
ASGD-2027-2032,3288b36fa519ab03,处所状语候选,时间/处所功能结构,国际中文教育中文水平等级标准·语法学习手册（初等）,40,不是目标语法点,候选错误,表层触发但非目标,多数裁决,多数裁决,多数裁决,B-多数裁决
ASGD-2027-2033,ddbd33ca05555a5f,双宾/给予结构候选,多谓词/论元结构,国际中文教育中文水平等级标准·语法学习手册（初等）,175,是目标语法点,正确,目标用例,三人一致,三人一致,三人一致,A-三人一致
ASGD-2027-2034,0cfc9cffaf7a09ae,在字介词框架候选,介词/框架结构,国际中文教育中文水平等级标准·语法学习手册（中等）,50,是目标语法点,正确,目标用例,三人一致,多数裁决,多数裁决,B-多数裁决
ASGD-2027-2035,f42f9e96db68fb34,但是候选,复句关联结构,国际中文教育中文水平等级标准·语法学习手册（中等）,232,是目标语法点,正确,目标用例,三人一致,三人一致,三人一致,A-三人一致
ASGD-2027-2036,8d8b63eb4ffb894a,数量/时量补语候选,补语结构,国际中文教育中文水平等级标准·语法学习手册（初等）,153,是目标语法点,正确,目标用例,三人一致,多数裁决,多数裁决,B-多数裁决
ASGD-2027-2037,bb142f1d650d5fd7,处所状语候选,时间/处所功能结构,国际中文教育中文水平等级标准·语法学习手册（中等）,39,不确定/需复核,不确定,不确定,无多数-标注者2裁决,无多数-标注者2裁决,无多数-标注者2裁决,C-标注者2裁决
ASGD-2027-2038,b5ef053b9180154f,从字介词框架候选,介词/框架结构,国际中文教育中文水平等级标准·语法学习手册（初等）,176,是目标语法点,正确,目标用例,三人一致,三人一致,三人一致,A-三人一致
ASGD-2027-2039,fba520655adfbbad,趋向补语候选,补语结构,国际中文教育中文水平等级标准·语法学习手册（初等）,148,是目标语法点,正确,目标用例,三人一致,三人一致,三人一致,A-三人一致
ASGD-2027-2040,89b61f90fb0ba001,处所状语候选,时间/处所功能结构,国际中文教育中文水平等级标准·语法学习手册（中等）,175,是目标语法点,边界不完整,边界问题,多数裁决,无多数-标注者2裁决,无多数-标注者2裁决,C-标注者2裁决
ASGD-2027-2041,f903bb5014228214,时间状语候选,时间/处所功能结构,国际中文教育中文水平等级标准·语法学习手册（初等）,168,是目标语法点,正确,目标用例,三人一致,三人一致,三人一致,A-三人一致
ASGD-2027-2042,3f9b3b7990ebd186,对字介词框架候选,介词/框架结构,国际中文教育中文水平等级标准·语法学习手册（高等）,89,是目标语法点,正确,目标用例,三人一致,三人一致,三人一致,A-三人一致
ASGD-2027-2043,3db3ade9e36e7b9c,得字补语候选,补语结构,国际中文教育中文水平等级标准·语法学习手册（高等）,95,是目标语法点,正确,目标用例,三人一致,多数裁决,多数裁决,B-多数裁决
ASGD-2027-2044,17f47947b34c59d8,双宾/给予结构候选,多谓词/论元结构,国际中文教育中文水平等级标准·语法学习手册（中等）,46,是目标语法点,正确,目标用例,三人一致,三人一致,三人一致,A-三人一致
ASGD-2027-2045,913a20e2e8979119,双宾/给予结构候选,多谓词/论元结构,国际中文教育中文水平等级标准·语法学习手册（高等）,214,是目标语法点,正确,目标用例,多数裁决,多数裁决,多数裁决,B-多数裁决
ASGD-2027-2046,127688d680e4c1f4,给/为/关于等介词框架候选,介词/框架结构,国际中文教育中文水平等级标准·语法学习手册（高等）,201,是目标语法点,正确,目标用例,多数裁决,多数裁决,多数裁决,B-多数裁决
ASGD-2027-2047,518bbd63cbd5a9cf,给/为/关于等介词框架候选,介词/框架结构,国际中文教育中文水平等级标准·语法学习手册（初等）,328,是目标语法点,正确,目标用例,三人一致,三人一致,三人一致,A-三人一致
ASGD-2027-2048,ccc2bc43958cb0b1,时间状语候选,时间/处所功能结构,国际中文教育中文水平等级标准·语法学习手册（中等）,56,是目标语法点,正确,目标用例,三人一致,三人一致,三人一致,A-三人一致
ASGD-2027-2049,67ba18cb83431b04,把字句候选,处置/受事重组构式,国际中文教育中文水平等级标准·语法学习手册（初等）,259,不是目标语法点,候选错误,表层触发但非目标,多数裁决,多数裁决,多数裁决,B-多数裁决
ASGD-2027-2050,e59ab0df60821677,把字句候选,处置/受事重组构式,国际中文教育中文水平等级标准·语法学习手册（中等）,81,是目标语法点,正确,目标用例,三人一致,三人一致,三人一致,A-三人一致
ASGD-2027-2051,ee2a8ee2c887d006,因为候选,复句关联结构,国际中文教育中文水平等级标准·语法学习手册（中等）,201,是目标语法点,正确,目标用例,三人一致,多数裁决,多数裁决,B-多数裁决
ASGD-2027-2052,29081bb1b44380bc,处所状语候选,时间/处所功能结构,国际中文教育中文水平等级标准·语法学习手册（初等）,21,不是目标语法点,候选错误,表层触发但非目标,多数裁决,多数裁决,多数裁决,B-多数裁决
ASGD-2027-2053,725b3434bddd0267,趋向补语候选,补语结构,国际中文教育中文水平等级标准·语法学习手册（中等）,106,是目标语法点,正确,目标用例,三人一致,多数裁决,多数裁决,B-多数裁决
ASGD-2027-2054,537bcc07dffac4c9,把字句候选,处置/受事重组构式,国际中文教育中文水平等级标准·语法学习手册（中等）,340,是目标语法点,正确,目标用例,三人一致,三人一致,三人一致,A-三人一致
ASGD-2027-2055,5807b9ce9442646d,数量/时量补语候选,补语结构,国际中文教育中文水平等级标准·语法学习手册（中等）,159,是目标语法点,候选错误,表层触发但非目标,多数裁决,无多数-标注者2裁决,无多数-标注者2裁决,C-标注者2裁决
ASGD-2027-2056,cb1d3011f7dede1f,被字句候选,被动/受事凸显构式,国际中文教育中文水平等级标准·语法学习手册（初等）,358,不是目标语法点,候选错误,表层触发但非目标,三人一致,三人一致,三人一致,A-三人一致
ASGD-2027-2057,e1c88dc187a70227,被字句候选,被动/受事凸显构式,国际中文教育中文水平等级标准·语法学习手册（初等）,319,是目标语法点,正确,目标用例,三人一致,三人一致,三人一致,A-三人一致
ASGD-2027-2058,ff519639fd34c0c8,把字句候选,处置/受事重组构式,国际中文教育中文水平等级标准·语法学习手册（中等）,218,是目标语法点,正确,目标用例,三人一致,三人一致,三人一致,A-三人一致
ASGD-2027-2059,bfc91a89ef8819d0,被字句候选,被动/受事凸显构式,国际中文教育中文水平等级标准·语法学习手册（高等）,178,是目标语法点,正确,目标用例,三人一致,三人一致,三人一致,A-三人一致
ASGD-2027-2060,1091844fb6997c3e,比字比较候选,比较构式,国际中文教育中文水平等级标准·语法学习手册（初等）,204,是目标语法点,正确,目标用例,三人一致,三人一致,三人一致,A-三人一致
ASGD-2027-2061,f4cd8dfb40e83781,不但...而且候选,复句关联结构,国际中文教育中文水平等级标准·语法学习手册（初等）,224,是目标语法点,正确,目标用例,三人一致,多数裁决,多数裁决,B-多数裁决
ASGD-2027-2062,58991e866d946c85,被字句候选,被动/受事凸显构式,国际中文教育中文水平等级标准·语法学习手册（高等）,126,是目标语法点,正确,目标用例,三人一致,多数裁决,多数裁决,B-多数裁决
ASGD-2027-2063,2ade30bde421d1c9,数量/时量补语候选,补语结构,国际中文教育中文水平等级标准·语法学习手册（初等）,203,是目标语法点,正确,目标用例,三人一致,多数裁决,多数裁决,B-多数裁决
ASGD-2027-2064,3f270de6a9fc4153,在字介词框架候选,介词/框架结构,国际中文教育中文水平等级标准·语法学习手册（初等）,310,是目标语法点,正确,目标用例,多数裁决,多数裁决,多数裁决,B-多数裁决
ASGD-2027-2065,9ea21b1f69f9a80f,只要候选,复句关联结构,国际中文教育中文水平等级标准·语法学习手册（初等）,234,是目标语法点,正确,目标用例,三人一致,三人一致,三人一致,A-三人一致
ASGD-2027-2066,fa2d862bd5b4cfae,比字比较候选,比较构式,国际中文教育中文水平等级标准·语法学习手册（初等）,268,不是目标语法点,候选错误,表层触发但非目标,多数裁决,多数裁决,多数裁决,B-多数裁决
ASGD-2027-2067,4845f55bcf3875ac,在字介词框架候选,介词/框架结构,国际中文教育中文水平等级标准·语法学习手册（中等）,58,是目标语法点,正确,目标用例,三人一致,多数裁决,多数裁决,B-多数裁决
ASGD-2027-2068,677b7e31106a500b,得字补语候选,补语结构,国际中文教育中文水平等级标准·语法学习手册（高等）,166,是目标语法点,候选错误,表层触发但非目标,多数裁决,无多数-标注者2裁决,无多数-标注者2裁决,C-标注者2裁决
ASGD-2027-2069,7bbc7cc3a031e438,因为候选,复句关联结构,国际中文教育中文水平等级标准·语法学习手册（中等）,201,是目标语法点,正确,目标用例,三人一致,多数裁决,多数裁决,B-多数裁决
ASGD-2027-2070,11f73355ac13d7e4,把字句候选,处置/受事重组构式,国际中文教育中文水平等级标准·语法学习手册（中等）,345,是目标语法点,正确,目标用例,三人一致,三人一致,三人一致,A-三人一致
ASGD-2027-2071,77db01e42d2e6533,向/往/朝介词框架候选,介词/框架结构,国际中文教育中文水平等级标准·语法学习手册（初等）,170,是目标语法点,正确,目标用例,三人一致,多数裁决,多数裁决,B-多数裁决
ASGD-2027-2072,0f403c6da0437772,处所状语候选,时间/处所功能结构,国际中文教育中文水平等级标准·语法学习手册（中等）,86,是目标语法点,正确,目标用例,多数裁决,多数裁决,多数裁决,B-多数裁决
ASGD-2027-2073,3edb3a97cdd8751e,双宾/给予结构候选,多谓词/论元结构,国际中文教育中文水平等级标准·语法学习手册（中等）,133,是目标语法点,正确,目标用例,多数裁决,多数裁决,多数裁决,B-多数裁决
ASGD-2027-2074,fb918617c97a329f,时间状语候选,时间/处所功能结构,国际中文教育中文水平等级标准·语法学习手册（中等）,51,是目标语法点,正确,目标用例,三人一致,三人一致,三人一致,A-三人一致
ASGD-2027-2075,3d720083dfc651c1,没有比较候选,比较构式,国际中文教育中文水平等级标准·语法学习手册（高等）,172,不是目标语法点,候选错误,表层触发但非目标,三人一致,三人一致,三人一致,A-三人一致
ASGD-2027-2076,d90f6616c8f7a016,被字句候选,被动/受事凸显构式,国际中文教育中文水平等级标准·语法学习手册（中等）,83,是目标语法点,正确,目标用例,三人一致,三人一致,三人一致,A-三人一致
ASGD-2027-2077,0c6999a3e5088c0d,在字介词框架候选,介词/框架结构,国际中文教育中文水平等级标准·语法学习手册（初等）,215,是目标语法点,正确,目标用例,三人一致,多数裁决,多数裁决,B-多数裁决
ASGD-2027-2078,47b1373173cfcdbc,把字句候选,处置/受事重组构式,国际中文教育中文水平等级标准·语法学习手册（高等）,100,是目标语法点,正确,目标用例,三人一致,三人一致,三人一致,A-三人一致
ASGD-2027-2079,b9d659c4b986432b,处所状语候选,时间/处所功能结构,国际中文教育中文水平等级标准·语法学习手册（中等）,293,是目标语法点,正确,目标用例,多数裁决,多数裁决,多数裁决,B-多数裁决
ASGD-2027-2080,1a5fe6801e8acda8,所以候选,复句关联结构,国际中文教育中文水平等级标准·语法学习手册（初等）,237,是目标语法点,正确,目标用例,三人一致,三人一致,三人一致,A-三人一致
ASGD-2027-2081,08473c096fd5a372,时间状语候选,时间/处所功能结构,国际中文教育中文水平等级标准·语法学习手册（初等）,352,是目标语法点,正确,目标用例,多数裁决,多数裁决,多数裁决,B-多数裁决
ASGD-2027-2082,f9f2491057c44939,比字比较候选,比较构式,国际中文教育中文水平等级标准·语法学习手册（中等）,127,不是目标语法点,候选错误,表层触发但非目标,三人一致,三人一致,三人一致,A-三人一致
ASGD-2027-2083,787224090a358464,比字比较候选,比较构式,国际中文教育中文水平等级标准·语法学习手册（中等）,65,是目标语法点,正确,目标用例,三人一致,三人一致,三人一致,A-三人一致
ASGD-2027-2084,4d057543bb7659e5,如果...就候选,复句关联结构,国际中文教育中文水平等级标准·语法学习手册（初等）,233,是目标语法点,正确,目标用例,三人一致,多数裁决,多数裁决,B-多数裁决
ASGD-2027-2085,8760870dfca47577,结果补语候选,补语结构,国际中文教育中文水平等级标准·语法学习手册（中等）,298,是目标语法点,正确,目标用例,三人一致,三人一致,三人一致,A-三人一致
ASGD-2027-2086,be9156ced4d177d8,没有比较候选,比较构式,国际中文教育中文水平等级标准·语法学习手册（初等）,65,不是目标语法点,候选错误,表层触发但非目标,三人一致,三人一致,三人一致,A-三人一致
ASGD-2027-2087,63d2e2041871d687,没有比较候选,比较构式,国际中文教育中文水平等级标准·语法学习手册（初等）,93,不是目标语法点,候选错误,表层触发但非目标,三人一致,三人一致,三人一致,A-三人一致
ASGD-2027-2088,cc0d3a1a4727b3a8,因为候选,复句关联结构,国际中文教育中文水平等级标准·语法学习手册（高等）,109,是目标语法点,正确,目标用例,三人一致,多数裁决,多数裁决,B-多数裁决
ASGD-2027-2089,a999c9df6ca6103a,比字比较候选,比较构式,国际中文教育中文水平等级标准·语法学习手册（高等）,137,是目标语法点,正确,目标用例,三人一致,三人一致,三人一致,A-三人一致
ASGD-2027-2090,d75f1cb824155c1a,得字补语候选,补语结构,国际中文教育中文水平等级标准·语法学习手册（初等）,348,不是目标语法点,候选错误,表层触发但非目标,多数裁决,多数裁决,多数裁决,B-多数裁决
ASGD-2027-2091,062a9404b3d210c2,在字介词框架候选,介词/框架结构,国际中文教育中文水平等级标准·语法学习手册（高等）,73,是目标语法点,正确,目标用例,多数裁决,多数裁决,多数裁决,B-多数裁决
ASGD-2027-2092,92a5e70bfb0876d1,只要候选,复句关联结构,国际中文教育中文水平等级标准·语法学习手册（初等）,234,是目标语法点,正确,目标用例,三人一致,三人一致,三人一致,A-三人一致
ASGD-2027-2093,e74fd368eef65e35,没有比较候选,比较构式,国际中文教育中文水平等级标准·语法学习手册（初等）,237,不是目标语法点,候选错误,表层触发但非目标,三人一致,三人一致,三人一致,A-三人一致
ASGD-2027-2094,0769a8529455f6e5,得字补语候选,补语结构,国际中文教育中文水平等级标准·语法学习手册（中等）,308,是目标语法点,正确,目标用例,三人一致,多数裁决,多数裁决,B-多数裁决
ASGD-2027-2095,f8969696e369f45a,在字介词框架候选,介词/框架结构,国际中文教育中文水平等级标准·语法学习手册（中等）,371,是目标语法点,正确,目标用例,多数裁决,多数裁决,多数裁决,B-多数裁决
ASGD-2027-2096,45ae562c957e86f9,把字句候选,处置/受事重组构式,国际中文教育中文水平等级标准·语法学习手册（中等）,115,是目标语法点,正确,目标用例,三人一致,多数裁决,多数裁决,B-多数裁决
ASGD-2027-2097,1e726edd21282e7a,处所状语候选,时间/处所功能结构,国际中文教育中文水平等级标准·语法学习手册（中等）,292,是目标语法点,边界过长,边界问题,多数裁决,无多数-标注者2裁决,无多数-标注者2裁决,C-标注者2裁决
ASGD-2027-2098,56977532178ee4aa,连动结构候选,多谓词/论元结构,国际中文教育中文水平等级标准·语法学习手册（初等）,122,是目标语法点,正确,目标用例,三人一致,三人一致,三人一致,A-三人一致
ASGD-2027-2099,5f520fb76a6321e3,虽然...但是候选,复句关联结构,国际中文教育中文水平等级标准·语法学习手册（中等）,58,是目标语法点,正确,目标用例,三人一致,多数裁决,多数裁决,B-多数裁决
ASGD-2027-2100,10f64bd2f8093f26,在字介词框架候选,介词/框架结构,国际中文教育中文水平等级标准·语法学习手册（初等）,356,不是目标语法点,候选错误,表层触发但非目标,多数裁决,多数裁决,多数裁决,B-多数裁决
ASGD-2027-2101,61c3153d340c113b,比字比较候选,比较构式,国际中文教育中文水平等级标准·语法学习手册（初等）,379,不是目标语法点,候选错误,表层触发但非目标,三人一致,三人一致,三人一致,A-三人一致
ASGD-2027-2102,6b799f990679a600,在字介词框架候选,介词/框架结构,国际中文教育中文水平等级标准·语法学习手册（初等）,68,是目标语法点,正确,目标用例,三人一致,三人一致,三人一致,A-三人一致
ASGD-2027-2103,7afe966d95ae6736,双宾/给予结构候选,多谓词/论元结构,国际中文教育中文水平等级标准·语法学习手册（中等）,345,是目标语法点,正确,目标用例,多数裁决,多数裁决,多数裁决,B-多数裁决
ASGD-2027-2104,7583a6c9fdc33f13,处所状语候选,时间/处所功能结构,国际中文教育中文水平等级标准·语法学习手册（中等）,294,是目标语法点,正确,目标用例,多数裁决,多数裁决,多数裁决,B-多数裁决
ASGD-2027-2105,9c877ebec4d7be78,时间状语候选,时间/处所功能结构,国际中文教育中文水平等级标准·语法学习手册（中等）,102,是目标语法点,正确,目标用例,三人一致,三人一致,三人一致,A-三人一致
ASGD-2027-2106,215cda619698e7d8,被字句候选,被动/受事凸显构式,国际中文教育中文水平等级标准·语法学习手册（高等）,126,是目标语法点,正确,目标用例,三人一致,三人一致,三人一致,A-三人一致
ASGD-2027-2107,c58cf76f985c0311,在字介词框架候选,介词/框架结构,国际中文教育中文水平等级标准·语法学习手册（高等）,53,是目标语法点,正确,目标用例,多数裁决,多数裁决,多数裁决,B-多数裁决
ASGD-2027-2108,d699a0ab7e27b8f1,被字句候选,被动/受事凸显构式,国际中文教育中文水平等级标准·语法学习手册（高等）,147,是目标语法点,正确,目标用例,三人一致,三人一致,三人一致,A-三人一致
ASGD-2027-2109,568685d08b627a70,处所状语候选,时间/处所功能结构,国际中文教育中文水平等级标准·语法学习手册（初等）,42,是目标语法点,边界不完整,边界问题,多数裁决,无多数-标注者2裁决,无多数-标注者2裁决,C-标注者2裁决
ASGD-2027-2110,151e2e1c47464941,没有比较候选,比较构式,国际中文教育中文水平等级标准·语法学习手册（初等）,283,不是目标语法点,候选错误,表层触发但非目标,三人一致,三人一致,三人一致,A-三人一致
ASGD-2027-2111,41bca741a8676c3f,把字句候选,处置/受事重组构式,国际中文教育中文水平等级标准·语法学习手册（初等）,357,是目标语法点,正确,目标用例,三人一致,三人一致,三人一致,A-三人一致
ASGD-2027-2112,e8416dfbe821b127,时间状语候选,时间/处所功能结构,国际中文教育中文水平等级标准·语法学习手册（初等）,24,是目标语法点,正确,目标用例,三人一致,三人一致,三人一致,A-三人一致
ASGD-2027-2113,e81ca7f4603ac07b,只要候选,复句关联结构,国际中文教育中文水平等级标准·语法学习手册（初等）,234,是目标语法点,正确,目标用例,三人一致,三人一致,三人一致,A-三人一致
ASGD-2027-2114,9b2a59f4bd84323f,双宾/给予结构候选,多谓词/论元结构,国际中文教育中文水平等级标准·语法学习手册（初等）,287,不是目标语法点,候选错误,表层触发但非目标,多数裁决,多数裁决,多数裁决,B-多数裁决
ASGD-2027-2115,5f1ef06aa04aac10,给/为/关于等介词框架候选,介词/框架结构,国际中文教育中文水平等级标准·语法学习手册（高等）,213,是目标语法点,正确,目标用例,多数裁决,多数裁决,多数裁决,B-多数裁决
ASGD-2027-2116,a5fd9a860fc10443,得字补语候选,补语结构,国际中文教育中文水平等级标准·语法学习手册（中等）,130,是目标语法点,候选错误,表层触发但非目标,多数裁决,无多数-标注者2裁决,无多数-标注者2裁决,C-标注者2裁决
ASGD-2027-2117,130d59bc917351fa,一边...一边候选,复句关联结构,国际中文教育中文水平等级标准·语法学习手册（初等）,99,是目标语法点,正确,目标用例,三人一致,多数裁决,多数裁决,B-多数裁决
ASGD-2027-2118,6f81832d5d1665f9,给/为/关于等介词框架候选,介词/框架结构,国际中文教育中文水平等级标准·语法学习手册（中等）,249,是目标语法点,正确,目标用例,三人一致,三人一致,三人一致,A-三人一致
ASGD-2027-2119,9bc9bc4773825bd4,连动结构候选,多谓词/论元结构,国际中文教育中文水平等级标准·语法学习手册（初等）,220,是目标语法点,正确,目标用例,三人一致,多数裁决,多数裁决,B-多数裁决
ASGD-2027-2120,7427b985a3e77e95,不如比较候选,比较构式,国际中文教育中文水平等级标准·语法学习手册（高等）,154,是目标语法点,正确,目标用例,多数裁决,多数裁决,多数裁决,B-多数裁决
ASGD-2027-2121,086d810fef9c6741,把字句候选,处置/受事重组构式,国际中文教育中文水平等级标准·语法学习手册（中等）,191,是目标语法点,正确,目标用例,三人一致,三人一致,三人一致,A-三人一致
ASGD-2027-2122,6fa4e1c979cb9d99,双宾/给予结构候选,多谓词/论元结构,国际中文教育中文水平等级标准·语法学习手册（初等）,174,不是目标语法点,候选错误,表层触发但非目标,多数裁决,多数裁决,多数裁决,B-多数裁决
ASGD-2027-2123,c00ce01b3eecbd1b,没有比较候选,比较构式,国际中文教育中文水平等级标准·语法学习手册（初等）,317,不是目标语法点,候选错误,表层触发但非目标,三人一致,三人一致,三人一致,A-三人一致
ASGD-2027-2124,ee9748f3ea4f8abd,把字句候选,处置/受事重组构式,国际中文教育中文水平等级标准·语法学习手册（中等）,222,是目标语法点,正确,目标用例,三人一致,三人一致,三人一致,A-三人一致
ASGD-2027-2125,68f180f3982eb5d0,得字补语候选,补语结构,国际中文教育中文水平等级标准·语法学习手册（初等）,348,是目标语法点,正确,目标用例,三人一致,多数裁决,多数裁决,B-多数裁决
ASGD-2027-2126,257bf4c46c499cea,给/为/关于等介词框架候选,介词/框架结构,国际中文教育中文水平等级标准·语法学习手册（中等）,203,是目标语法点,正确,目标用例,多数裁决,多数裁决,多数裁决,B-多数裁决
ASGD-2027-2127,753b4d43f63e5705,时间状语候选,时间/处所功能结构,国际中文教育中文水平等级标准·语法学习手册（中等）,72,是目标语法点,正确,目标用例,多数裁决,多数裁决,多数裁决,B-多数裁决
ASGD-2027-2128,fda2b061dc0ce8d7,数量/时量补语候选,补语结构,国际中文教育中文水平等级标准·语法学习手册（初等）,354,是目标语法点,正确,目标用例,三人一致,多数裁决,多数裁决,B-多数裁决
ASGD-2027-2129,634e3a814ec08f06,没有比较候选,比较构式,国际中文教育中文水平等级标准·语法学习手册（中等）,88,不是目标语法点,候选错误,表层触发但非目标,三人一致,三人一致,三人一致,A-三人一致
ASGD-2027-2130,4de4cd62e89d53b8,被字句候选,被动/受事凸显构式,国际中文教育中文水平等级标准·语法学习手册（高等）,126,是目标语法点,正确,目标用例,三人一致,三人一致,三人一致,A-三人一致
ASGD-2027-2131,e9889ee4c284cc1d,得字补语候选,补语结构,国际中文教育中文水平等级标准·语法学习手册（中等）,15,是目标语法点,正确,目标用例,多数裁决,无多数-标注者2裁决,无多数-标注者2裁决,C-标注者2裁决
ASGD-2027-2132,02b211fb3daf3548,把字句候选,处置/受事重组构式,国际中文教育中文水平等级标准·语法学习手册（中等）,221,是目标语法点,正确,目标用例,三人一致,多数裁决,多数裁决,B-多数裁决
ASGD-2027-2133,01aefd030c6561b1,时间状语候选,时间/处所功能结构,国际中文教育中文水平等级标准·语法学习手册（初等）,248,是目标语法点,正确,目标用例,三人一致,三人一致,三人一致,A-三人一致
ASGD-2027-2134,6dd8a493564ee5ad,数量/时量补语候选,补语结构,国际中文教育中文水平等级标准·语法学习手册（初等）,354,是目标语法点,正确,目标用例,多数裁决,多数裁决,多数裁决,B-多数裁决
ASGD-2027-2135,6cec4e5877115f29,时间状语候选,时间/处所功能结构,国际中文教育中文水平等级标准·语法学习手册（中等）,262,是目标语法点,正确,目标用例,三人一致,三人一致,三人一致,A-三人一致
ASGD-2027-2136,77385dc246bb4190,数量/时量补语候选,补语结构,国际中文教育中文水平等级标准·语法学习手册（初等）,59,是目标语法点,正确,目标用例,三人一致,多数裁决,多数裁决,B-多数裁决
ASGD-2027-2137,a9123ccfadaf8507,双宾/给予结构候选,多谓词/论元结构,国际中文教育中文水平等级标准·语法学习手册（初等）,23,是目标语法点,正确,目标用例,三人一致,多数裁决,多数裁决,B-多数裁决
ASGD-2027-2138,2d0fad7c55637e0d,趋向补语候选,补语结构,国际中文教育中文水平等级标准·语法学习手册（初等）,130,是目标语法点,正确,目标用例,三人一致,三人一致,三人一致,A-三人一致
ASGD-2027-2139,5402f17bd7999182,时间状语候选,时间/处所功能结构,国际中文教育中文水平等级标准·语法学习手册（高等）,43,是目标语法点,正确,目标用例,三人一致,多数裁决,多数裁决,B-多数裁决
ASGD-2027-2140,93d8c88b80f3ed43,只要候选,复句关联结构,国际中文教育中文水平等级标准·语法学习手册（初等）,234,是目标语法点,正确,目标用例,三人一致,三人一致,三人一致,A-三人一致
ASGD-2027-2141,3754bd1b7d6c7062,被字句候选,被动/受事凸显构式,国际中文教育中文水平等级标准·语法学习手册（初等）,319,是目标语法点,正确,目标用例,三人一致,多数裁决,多数裁决,B-多数裁决
ASGD-2027-2142,4f1151ff3ca29d37,被字句候选,被动/受事凸显构式,国际中文教育中文水平等级标准·语法学习手册（高等）,126,是目标语法点,正确,目标用例,三人一致,三人一致,三人一致,A-三人一致
ASGD-2027-2143,a21bdd127e85acf5,给/为/关于等介词框架候选,介词/框架结构,国际中文教育中文水平等级标准·语法学习手册（中等）,24,是目标语法点,正确,目标用例,三人一致,三人一致,三人一致,A-三人一致
ASGD-2027-2144,97f8c03739f2d36d,连动结构候选,多谓词/论元结构,国际中文教育中文水平等级标准·语法学习手册（高等）,78,是目标语法点,正确,目标用例,三人一致,多数裁决,多数裁决,B-多数裁决
ASGD-2027-2145,1cc1ca1f570a1965,给/为/关于等介词框架候选,介词/框架结构,国际中文教育中文水平等级标准·语法学习手册（初等）,174,是目标语法点,正确,目标用例,三人一致,三人一致,三人一致,A-三人一致
ASGD-2027-2146,a9b38f86c09cd0a4,把字句候选,处置/受事重组构式,国际中文教育中文水平等级标准·语法学习手册（高等）,125,是目标语法点,正确,目标用例,三人一致,多数裁决,多数裁决,B-多数裁决
ASGD-2027-2147,45c0ecb2b58089c2,时间状语候选,时间/处所功能结构,国际中文教育中文水平等级标准·语法学习手册（初等）,56,是目标语法点,正确,目标用例,三人一致,三人一致,三人一致,A-三人一致
ASGD-2027-2148,8a05a79dc8404d0e,时间状语候选,时间/处所功能结构,国际中文教育中文水平等级标准·语法学习手册（初等）,114,是目标语法点,正确,目标用例,三人一致,三人一致,三人一致,A-三人一致
ASGD-2027-2149,14a3733be599e9cf,只要候选,复句关联结构,国际中文教育中文水平等级标准·语法学习手册（初等）,234,是目标语法点,正确,目标用例,三人一致,三人一致,三人一致,A-三人一致
ASGD-2027-2150,38241a241413df6f,给/为/关于等介词框架候选,介词/框架结构,国际中文教育中文水平等级标准·语法学习手册（初等）,176,是目标语法点,正确,目标用例,三人一致,三人一致,三人一致,A-三人一致
ASGD-2027-2151,1535fab0ac9162c0,时间状语候选,时间/处所功能结构,国际中文教育中文水平等级标准·语法学习手册（初等）,44,是目标语法点,正确,目标用例,三人一致,多数裁决,多数裁决,B-多数裁决
ASGD-2027-2152,315d5ec6ad4199bc,向/往/朝介词框架候选,介词/框架结构,国际中文教育中文水平等级标准·语法学习手册（高等）,31,是目标语法点,正确,目标用例,多数裁决,多数裁决,多数裁决,B-多数裁决
ASGD-2027-2153,22a47d43b310fe3f,比字比较候选,比较构式,国际中文教育中文水平等级标准·语法学习手册（初等）,210,是目标语法点,正确,目标用例,三人一致,三人一致,三人一致,A-三人一致
ASGD-2027-2154,444c80d1b025c90f,所以候选,复句关联结构,国际中文教育中文水平等级标准·语法学习手册（初等）,382,是目标语法点,正确,目标用例,三人一致,三人一致,三人一致,A-三人一致
ASGD-2027-2155,e539d021c86f2d93,处所状语候选,时间/处所功能结构,国际中文教育中文水平等级标准·语法学习手册（初等）,31,是目标语法点,正确,目标用例,三人一致,三人一致,三人一致,A-三人一致
ASGD-2027-2156,56977532178ee4aa,给/为/关于等介词框架候选,介词/框架结构,国际中文教育中文水平等级标准·语法学习手册（初等）,122,不是目标语法点,候选错误,表层触发但非目标,多数裁决,多数裁决,多数裁决,B-多数裁决
ASGD-2027-2157,44a0759366ee2d25,时间状语候选,时间/处所功能结构,国际中文教育中文水平等级标准·语法学习手册（中等）,241,是目标语法点,正确,目标用例,三人一致,多数裁决,多数裁决,B-多数裁决
ASGD-2027-2158,cc9ae28ca71e88a5,数量/时量补语候选,补语结构,国际中文教育中文水平等级标准·语法学习手册（初等）,280,是目标语法点,正确,目标用例,三人一致,多数裁决,多数裁决,B-多数裁决
ASGD-2027-2159,a4c30b5bac9c8487,时间状语候选,时间/处所功能结构,国际中文教育中文水平等级标准·语法学习手册（初等）,31,是目标语法点,正确,目标用例,三人一致,三人一致,三人一致,A-三人一致
ASGD-2027-2160,65e16f9bb3752941,把字句候选,处置/受事重组构式,国际中文教育中文水平等级标准·语法学习手册（中等）,82,是目标语法点,正确,目标用例,三人一致,多数裁决,多数裁决,B-多数裁决
ASGD-2027-2161,dae211f6c5683641,处所状语候选,时间/处所功能结构,国际中文教育中文水平等级标准·语法学习手册（初等）,21,不是目标语法点,候选错误,表层触发但非目标,三人一致,三人一致,三人一致,A-三人一致
ASGD-2027-2162,83a9b641642d332a,时间状语候选,时间/处所功能结构,国际中文教育中文水平等级标准·语法学习手册（初等）,156,是目标语法点,正确,目标用例,三人一致,三人一致,三人一致,A-三人一致
ASGD-2027-2163,ba77c30ba73be5e9,从字介词框架候选,介词/框架结构,国际中文教育中文水平等级标准·语法学习手册（初等）,321,是目标语法点,正确,目标用例,多数裁决,多数裁决,多数裁决,B-多数裁决
ASGD-2027-2164,1449b277c79278c7,时间状语候选,时间/处所功能结构,国际中文教育中文水平等级标准·语法学习手册（中等）,105,是目标语法点,正确,目标用例,三人一致,三人一致,三人一致,A-三人一致
ASGD-2027-2165,0008ca3177ccfd9f,因为...所以候选,复句关联结构,国际中文教育中文水平等级标准·语法学习手册（初等）,317,是目标语法点,正确,目标用例,三人一致,多数裁决,多数裁决,B-多数裁决
ASGD-2027-2166,1a2d48b56d389885,把字句候选,处置/受事重组构式,国际中文教育中文水平等级标准·语法学习手册（中等）,219,是目标语法点,正确,目标用例,三人一致,多数裁决,多数裁决,B-多数裁决
ASGD-2027-2167,eebb974eaf766e38,没有比较候选,比较构式,国际中文教育中文水平等级标准·语法学习手册（中等）,87,不是目标语法点,候选错误,表层触发但非目标,三人一致,三人一致,三人一致,A-三人一致
ASGD-2027-2168,ce670e0063de1109,在字介词框架候选,介词/框架结构,国际中文教育中文水平等级标准·语法学习手册（初等）,41,是目标语法点,正确,目标用例,三人一致,三人一致,三人一致,A-三人一致
ASGD-2027-2169,479383a060f04276,一样比较候选,比较构式,国际中文教育中文水平等级标准·语法学习手册（中等）,296,是目标语法点,正确,目标用例,三人一致,三人一致,三人一致,A-三人一致
ASGD-2027-2170,9042583691be973e,如果候选,复句关联结构,国际中文教育中文水平等级标准·语法学习手册（高等）,191,是目标语法点,正确,目标用例,三人一致,多数裁决,多数裁决,B-多数裁决
ASGD-2027-2171,a63b6457ae7322f2,把字句候选,处置/受事重组构式,国际中文教育中文水平等级标准·语法学习手册（中等）,370,是目标语法点,候选错误,表层触发但非目标,多数裁决,无多数-标注者2裁决,无多数-标注者2裁决,C-标注者2裁决
ASGD-2027-2172,5d0b8d603d617318,连动结构候选,多谓词/论元结构,国际中文教育中文水平等级标准·语法学习手册（高等）,212,是目标语法点,正确,目标用例,三人一致,多数裁决,多数裁决,B-多数裁决
ASGD-2027-2173,8083200ac9148a62,处所状语候选,时间/处所功能结构,国际中文教育中文水平等级标准·语法学习手册（初等）,19,是目标语法点,正确,目标用例,三人一致,三人一致,三人一致,A-三人一致
ASGD-2027-2174,296c3c2e63c409c9,趋向补语候选,补语结构,国际中文教育中文水平等级标准·语法学习手册（高等）,199,是目标语法点,正确,目标用例,三人一致,多数裁决,多数裁决,B-多数裁决
ASGD-2027-2175,8ff00ffdad250033,没有比较候选,比较构式,国际中文教育中文水平等级标准·语法学习手册（高等）,51,不是目标语法点,候选错误,表层触发但非目标,三人一致,三人一致,三人一致,A-三人一致
ASGD-2027-2176,b598f1e3cbd2f6da,给/为/关于等介词框架候选,介词/框架结构,国际中文教育中文水平等级标准·语法学习手册（初等）,175,是目标语法点,正确,目标用例,三人一致,三人一致,三人一致,A-三人一致
ASGD-2027-2177,e4c5caca7a5eacaf,处所状语候选,时间/处所功能结构,国际中文教育中文水平等级标准·语法学习手册（初等）,21,是目标语法点,正确,目标用例,多数裁决,多数裁决,多数裁决,B-多数裁决
ASGD-2027-2178,d1c4b3e13c5c73ad,时间状语候选,时间/处所功能结构,国际中文教育中文水平等级标准·语法学习手册（中等）,13,是目标语法点,正确,目标用例,三人一致,三人一致,三人一致,A-三人一致
ASGD-2027-2179,9fdac84bce0b05be,时间状语候选,时间/处所功能结构,国际中文教育中文水平等级标准·语法学习手册（初等）,70,是目标语法点,正确,目标用例,多数裁决,多数裁决,多数裁决,B-多数裁决
ASGD-2027-2180,2bc4be19b44ccaa3,时间状语候选,时间/处所功能结构,国际中文教育中文水平等级标准·语法学习手册（中等）,361,是目标语法点,正确,目标用例,三人一致,三人一致,三人一致,A-三人一致
ASGD-2027-2181,4047fb361f148a75,因为候选,复句关联结构,国际中文教育中文水平等级标准·语法学习手册（高等）,116,是目标语法点,正确,目标用例,三人一致,多数裁决,多数裁决,B-多数裁决
ASGD-2027-2182,2f531b9e0f7a7aa6,没有比较候选,比较构式,国际中文教育中文水平等级标准·语法学习手册（初等）,206,不是目标语法点,候选错误,表层触发但非目标,多数裁决,多数裁决,多数裁决,B-多数裁决
ASGD-2027-2183,649cbb325cd9b7fb,得字补语候选,补语结构,国际中文教育中文水平等级标准·语法学习手册（初等）,311,是目标语法点,正确,目标用例,三人一致,多数裁决,多数裁决,B-多数裁决
ASGD-2027-2184,00407e08bc5f9001,处所状语候选,时间/处所功能结构,国际中文教育中文水平等级标准·语法学习手册（初等）,40,不是目标语法点,候选错误,表层触发但非目标,多数裁决,多数裁决,多数裁决,B-多数裁决
ASGD-2027-2185,b72d8cd1140a0720,在字介词框架候选,介词/框架结构,国际中文教育中文水平等级标准·语法学习手册（初等）,287,是目标语法点,正确,目标用例,三人一致,多数裁决,多数裁决,B-多数裁决
ASGD-2027-2186,ae6267265c467ef3,双宾/给予结构候选,多谓词/论元结构,国际中文教育中文水平等级标准·语法学习手册（初等）,218,是目标语法点,正确,目标用例,三人一致,三人一致,三人一致,A-三人一致
ASGD-2027-2187,a0de6b12b30730b1,时间状语候选,时间/处所功能结构,国际中文教育中文水平等级标准·语法学习手册（高等）,139,是目标语法点,正确,目标用例,多数裁决,多数裁决,多数裁决,B-多数裁决
ASGD-2027-2188,cf6ca2a6cb951a0b,时间状语候选,时间/处所功能结构,国际中文教育中文水平等级标准·语法学习手册（初等）,196,是目标语法点,正确,目标用例,多数裁决,多数裁决,多数裁决,B-多数裁决
ASGD-2027-2189,e3939bf03984d31f,把字句候选,处置/受事重组构式,国际中文教育中文水平等级标准·语法学习手册（中等）,79,是目标语法点,正确,目标用例,三人一致,多数裁决,多数裁决,B-多数裁决
ASGD-2027-2190,dd1e82623eabd672,时间状语候选,时间/处所功能结构,国际中文教育中文水平等级标准·语法学习手册（高等）,70,是目标语法点,正确,目标用例,三人一致,三人一致,三人一致,A-三人一致
ASGD-2027-2191,aca23d63f94ce104,把字句候选,处置/受事重组构式,国际中文教育中文水平等级标准·语法学习手册（高等）,59,是目标语法点,正确,目标用例,三人一致,三人一致,三人一致,A-三人一致
ASGD-2027-2192,731433f3eaf14283,对字介词框架候选,介词/框架结构,国际中文教育中文水平等级标准·语法学习手册（高等）,110,是目标语法点,正确,目标用例,三人一致,三人一致,三人一致,A-三人一致
ASGD-2027-2193,54d6204cf0215c83,时间状语候选,时间/处所功能结构,国际中文教育中文水平等级标准·语法学习手册（高等）,115,是目标语法点,正确,目标用例,三人一致,三人一致,三人一致,A-三人一致
ASGD-2027-2194,3423d22d7ea30a1a,如果...就候选,复句关联结构,国际中文教育中文水平等级标准·语法学习手册（初等）,233,是目标语法点,正确,目标用例,三人一致,多数裁决,多数裁决,B-多数裁决
ASGD-2027-2195,03984c010d57330e,比字比较候选,比较构式,国际中文教育中文水平等级标准·语法学习手册（高等）,74,是目标语法点,正确,目标用例,三人一致,三人一致,三人一致,A-三人一致
ASGD-2027-2196,1db61c8cf7a63634,处所状语候选,时间/处所功能结构,国际中文教育中文水平等级标准·语法学习手册（中等）,265,不是目标语法点,候选错误,表层触发但非目标,多数裁决,多数裁决,多数裁决,B-多数裁决
ASGD-2027-2197,a059d6e79692ded0,双宾/给予结构候选,多谓词/论元结构,国际中文教育中文水平等级标准·语法学习手册（中等）,58,是目标语法点,正确,目标用例,多数裁决,多数裁决,多数裁决,B-多数裁决
ASGD-2027-2198,64801b844879507c,时间状语候选,时间/处所功能结构,国际中文教育中文水平等级标准·语法学习手册（中等）,84,是目标语法点,正确,目标用例,三人一致,三人一致,三人一致,A-三人一致
ASGD-2027-2199,b5a1630b8c342c14,数量/时量补语候选,补语结构,国际中文教育中文水平等级标准·语法学习手册（初等）,354,是目标语法点,正确,目标用例,三人一致,多数裁决,多数裁决,B-多数裁决
ASGD-2027-2200,d8d32fa5133df9ad,时间状语候选,时间/处所功能结构,国际中文教育中文水平等级标准·语法学习手册（初等）,112,是目标语法点,正确,目标用例,三人一致,三人一致,三人一致,A-三人一致
ASGD-2027-2201,6b3505289d838445,时间状语候选,时间/处所功能结构,国际中文教育中文水平等级标准·语法学习手册（高等）,11,是目标语法点,正确,目标用例,三人一致,三人一致,三人一致,A-三人一致
ASGD-2027-2202,8c9836415f32e6f0,一边...一边候选,复句关联结构,国际中文教育中文水平等级标准·语法学习手册（初等）,99,是目标语法点,正确,目标用例,三人一致,多数裁决,多数裁决,B-多数裁决
ASGD-2027-2203,b3db7a2af53188b4,在字介词框架候选,介词/框架结构,国际中文教育中文水平等级标准·语法学习手册（中等）,362,是目标语法点,正确,目标用例,多数裁决,多数裁决,多数裁决,B-多数裁决
ASGD-2027-2204,8fbbb44f00615dc1,把字句候选,处置/受事重组构式,国际中文教育中文水平等级标准·语法学习手册（高等）,124,是目标语法点,正确,目标用例,三人一致,多数裁决,多数裁决,B-多数裁决
ASGD-2027-2205,1a37a53188f7cad3,不如比较候选,比较构式,国际中文教育中文水平等级标准·语法学习手册（高等）,177,是目标语法点,正确,目标用例,三人一致,三人一致,三人一致,A-三人一致
ASGD-2027-2206,40f1322876405b7d,把字句候选,处置/受事重组构式,国际中文教育中文水平等级标准·语法学习手册（中等）,74,是目标语法点,正确,目标用例,三人一致,三人一致,三人一致,A-三人一致
ASGD-2027-2207,cd35e971edfab7d8,之所以...是因为候选,复句关联结构,国际中文教育中文水平等级标准·语法学习手册（高等）,173,是目标语法点,正确,目标用例,三人一致,多数裁决,多数裁决,B-多数裁决
ASGD-2027-2208,66799893f6dfa022,只要候选,复句关联结构,国际中文教育中文水平等级标准·语法学习手册（中等）,310,是目标语法点,正确,目标用例,三人一致,多数裁决,多数裁决,B-多数裁决
ASGD-2027-2209,47076a67c72b5fc4,时间状语候选,时间/处所功能结构,国际中文教育中文水平等级标准·语法学习手册（高等）,67,是目标语法点,正确,目标用例,三人一致,三人一致,三人一致,A-三人一致
ASGD-2027-2210,b926c1e877557608,得字补语候选,补语结构,国际中文教育中文水平等级标准·语法学习手册（中等）,206,是目标语法点,正确,目标用例,三人一致,多数裁决,多数裁决,B-多数裁决
ASGD-2027-2211,3e45e66db0dcf74f,连动结构候选,多谓词/论元结构,国际中文教育中文水平等级标准·语法学习手册（中等）,248,是目标语法点,正确,目标用例,三人一致,多数裁决,多数裁决,B-多数裁决
ASGD-2027-2212,dd2a40901c29aad7,但是候选,复句关联结构,国际中文教育中文水平等级标准·语法学习手册（中等）,158,是目标语法点,正确,目标用例,三人一致,三人一致,三人一致,A-三人一致
ASGD-2027-2213,b39baea17cf71fb2,结果补语候选,补语结构,国际中文教育中文水平等级标准·语法学习手册（初等）,167,是目标语法点,正确,目标用例,三人一致,三人一致,三人一致,A-三人一致
ASGD-2027-2214,b756d5a384f55046,把字句候选,处置/受事重组构式,国际中文教育中文水平等级标准·语法学习手册（中等）,80,是目标语法点,正确,目标用例,三人一致,多数裁决,多数裁决,B-多数裁决
ASGD-2027-2215,fcd880025737b20d,双宾/给予结构候选,多谓词/论元结构,国际中文教育中文水平等级标准·语法学习手册（初等）,121,是目标语法点,正确,目标用例,多数裁决,多数裁决,多数裁决,B-多数裁决
ASGD-2027-2216,67400e9efe1f38b3,被字句候选,被动/受事凸显构式,国际中文教育中文水平等级标准·语法学习手册（高等）,127,是目标语法点,正确,目标用例,三人一致,多数裁决,多数裁决,B-多数裁决
ASGD-2027-2217,a2061dbdc4652519,双宾/给予结构候选,多谓词/论元结构,国际中文教育中文水平等级标准·语法学习手册（中等）,353,是目标语法点,正确,目标用例,三人一致,三人一致,三人一致,A-三人一致
ASGD-2027-2218,3a0b0c7f36594dea,在字介词框架候选,介词/框架结构,国际中文教育中文水平等级标准·语法学习手册（中等）,232,是目标语法点,正确,目标用例,多数裁决,多数裁决,多数裁决,B-多数裁决
ASGD-2027-2219,ba9b38bcea440c7e,处所状语候选,时间/处所功能结构,国际中文教育中文水平等级标准·语法学习手册（初等）,42,不是目标语法点,候选错误,表层触发但非目标,多数裁决,多数裁决,多数裁决,B-多数裁决
ASGD-2027-2220,58e5eebf0708e642,时间状语候选,时间/处所功能结构,国际中文教育中文水平等级标准·语法学习手册（中等）,367,是目标语法点,正确,目标用例,三人一致,三人一致,三人一致,A-三人一致
ASGD-2027-2221,d317705bf94de6ef,趋向补语候选,补语结构,国际中文教育中文水平等级标准·语法学习手册（初等）,348,是目标语法点,正确,目标用例,三人一致,多数裁决,多数裁决,B-多数裁决
ASGD-2027-2222,58328d1f4548b70c,双宾/给予结构候选,多谓词/论元结构,国际中文教育中文水平等级标准·语法学习手册（初等）,177,是目标语法点,正确,目标用例,三人一致,多数裁决,多数裁决,B-多数裁决
ASGD-2027-2223,e184267b50f00d24,时间状语候选,时间/处所功能结构,国际中文教育中文水平等级标准·语法学习手册（高等）,28,是目标语法点,正确,目标用例,三人一致,三人一致,三人一致,A-三人一致
ASGD-2027-2224,ee946a79badd6bb8,得字补语候选,补语结构,国际中文教育中文水平等级标准·语法学习手册（初等）,369,是目标语法点,正确,目标用例,三人一致,多数裁决,多数裁决,B-多数裁决
ASGD-2027-2225,4682e7bf4df99dca,比字比较候选,比较构式,国际中文教育中文水平等级标准·语法学习手册（中等）,29,不是目标语法点,候选错误,表层触发但非目标,三人一致,三人一致,三人一致,A-三人一致
ASGD-2027-2226,2e9ad3e92c77c5b3,把字句候选,处置/受事重组构式,国际中文教育中文水平等级标准·语法学习手册（高等）,123,是目标语法点,正确,目标用例,三人一致,多数裁决,多数裁决,B-多数裁决
ASGD-2027-2227,c846014ae37e9773,给/为/关于等介词框架候选,介词/框架结构,国际中文教育中文水平等级标准·语法学习手册（初等）,175,是目标语法点,正确,目标用例,三人一致,三人一致,三人一致,A-三人一致
ASGD-2027-2228,f1226f203f11c2b8,越...越候选,比较构式,国际中文教育中文水平等级标准·语法学习手册（初等）,192,是目标语法点,正确,目标用例,三人一致,三人一致,三人一致,A-三人一致
ASGD-2027-2229,ff1b0b55a85e9ddf,处所状语候选,时间/处所功能结构,国际中文教育中文水平等级标准·语法学习手册（中等）,84,不是目标语法点,候选错误,表层触发但非目标,多数裁决,多数裁决,多数裁决,B-多数裁决
ASGD-2027-2230,0521be6601bbc8a1,把字句候选,处置/受事重组构式,国际中文教育中文水平等级标准·语法学习手册（中等）,317,是目标语法点,正确,目标用例,三人一致,三人一致,三人一致,A-三人一致
ASGD-2027-2231,d31d558d9ec002f4,处所状语候选,时间/处所功能结构,国际中文教育中文水平等级标准·语法学习手册（中等）,57,是目标语法点,边界不完整,边界问题,多数裁决,无多数-标注者2裁决,无多数-标注者2裁决,C-标注者2裁决
ASGD-2027-2232,dd00b0adbcf8d4e7,时间状语候选,时间/处所功能结构,国际中文教育中文水平等级标准·语法学习手册（高等）,82,是目标语法点,正确,目标用例,三人一致,三人一致,三人一致,A-三人一致
ASGD-2027-2233,e3e136ee140323fc,双宾/给予结构候选,多谓词/论元结构,国际中文教育中文水平等级标准·语法学习手册（初等）,315,是目标语法点,正确,目标用例,三人一致,三人一致,三人一致,A-三人一致
ASGD-2027-2234,00407e08bc5f9001,处所状语候选,时间/处所功能结构,国际中文教育中文水平等级标准·语法学习手册（初等）,40,是目标语法点,正确,目标用例,多数裁决,多数裁决,多数裁决,B-多数裁决
ASGD-2027-2235,08d40ef3486259fe,在字介词框架候选,介词/框架结构,国际中文教育中文水平等级标准·语法学习手册（高等）,205,是目标语法点,正确,目标用例,多数裁决,多数裁决,多数裁决,B-多数裁决
ASGD-2027-2236,4c0d477af0f3a2b3,比字比较候选,比较构式,国际中文教育中文水平等级标准·语法学习手册（初等）,348,不是目标语法点,候选错误,表层触发但非目标,三人一致,三人一致,三人一致,A-三人一致
ASGD-2027-2237,b9d659c4b986432b,处所状语候选,时间/处所功能结构,国际中文教育中文水平等级标准·语法学习手册（中等）,293,是目标语法点,正确,目标用例,三人一致,三人一致,三人一致,A-三人一致
ASGD-2027-2238,c9a518eee7a69d7c,双宾/给予结构候选,多谓词/论元结构,国际中文教育中文水平等级标准·语法学习手册（高等）,36,不是目标语法点,候选错误,表层触发但非目标,多数裁决,多数裁决,多数裁决,B-多数裁决
ASGD-2027-2239,2cf3604f87b1ac1b,双宾/给予结构候选,多谓词/论元结构,国际中文教育中文水平等级标准·语法学习手册（高等）,116,是目标语法点,正确,目标用例,多数裁决,多数裁决,多数裁决,B-多数裁决
ASGD-2027-2240,fa067f263abccfd4,处所状语候选,时间/处所功能结构,国际中文教育中文水平等级标准·语法学习手册（中等）,380,不是目标语法点,候选错误,表层触发但非目标,三人一致,三人一致,三人一致,A-三人一致
ASGD-2027-2241,3a69da906ecc1f26,得字补语候选,补语结构,国际中文教育中文水平等级标准·语法学习手册（中等）,227,是目标语法点,正确,目标用例,三人一致,多数裁决,多数裁决,B-多数裁决
ASGD-2027-2242,eb8b3de750b8bf05,连动结构候选,多谓词/论元结构,国际中文教育中文水平等级标准·语法学习手册（初等）,331,是目标语法点,正确,目标用例,三人一致,三人一致,三人一致,A-三人一致
ASGD-2027-2243,e9b1084fd5098545,数量/时量补语候选,补语结构,国际中文教育中文水平等级标准·语法学习手册（初等）,331,是目标语法点,正确,目标用例,多数裁决,多数裁决,多数裁决,B-多数裁决
ASGD-2027-2244,5c0b5a46502493aa,被字句候选,被动/受事凸显构式,国际中文教育中文水平等级标准·语法学习手册（中等）,84,是目标语法点,正确,目标用例,三人一致,三人一致,三人一致,A-三人一致
ASGD-2027-2245,35f68121bfe01a5b,对字介词框架候选,介词/框架结构,国际中文教育中文水平等级标准·语法学习手册（初等）,408,不是目标语法点,候选错误,表层触发但非目标,多数裁决,多数裁决,多数裁决,B-多数裁决
ASGD-2027-2246,920e7f3577d8da9d,把字句候选,处置/受事重组构式,国际中文教育中文水平等级标准·语法学习手册（高等）,125,是目标语法点,正确,目标用例,三人一致,多数裁决,多数裁决,B-多数裁决
ASGD-2027-2247,c761346ece7c2250,比字比较候选,比较构式,国际中文教育中文水平等级标准·语法学习手册（初等）,210,是目标语法点,正确,目标用例,三人一致,三人一致,三人一致,A-三人一致
ASGD-2027-2248,2875904424ecb971,把字句候选,处置/受事重组构式,国际中文教育中文水平等级标准·语法学习手册（高等）,125,是目标语法点,正确,目标用例,三人一致,多数裁决,多数裁决,B-多数裁决
ASGD-2027-2249,4bc5ded982256d62,数量/时量补语候选,补语结构,国际中文教育中文水平等级标准·语法学习手册（初等）,362,是目标语法点,正确,目标用例,多数裁决,多数裁决,多数裁决,B-多数裁决
ASGD-2027-2250,736c92cf6af00f42,时间状语候选,时间/处所功能结构,国际中文教育中文水平等级标准·语法学习手册（初等）,131,是目标语法点,正确,目标用例,三人一致,三人一致,三人一致,A-三人一致
ASGD-2027-2251,b397df7fbad9a0cb,没有比较候选,比较构式,国际中文教育中文水平等级标准·语法学习手册（中等）,156,不是目标语法点,候选错误,表层触发但非目标,三人一致,三人一致,三人一致,A-三人一致
ASGD-2027-2252,64985ef7080522e6,双宾/给予结构候选,多谓词/论元结构,国际中文教育中文水平等级标准·语法学习手册（中等）,204,是目标语法点,正确,目标用例,多数裁决,多数裁决,多数裁决,B-多数裁决
ASGD-2027-2253,d4bec304df8b81fe,得字补语候选,补语结构,国际中文教育中文水平等级标准·语法学习手册（高等）,51,是目标语法点,正确,目标用例,三人一致,多数裁决,多数裁决,B-多数裁决
ASGD-2027-2254,5aaf951c8fe4b4d8,在字介词框架候选,介词/框架结构,国际中文教育中文水平等级标准·语法学习手册（高等）,155,是目标语法点,正确,目标用例,三人一致,多数裁决,多数裁决,B-多数裁决
ASGD-2027-2255,c706d14979e28fe1,处所状语候选,时间/处所功能结构,国际中文教育中文水平等级标准·语法学习手册（初等）,40,不是目标语法点,候选错误,表层触发但非目标,多数裁决,多数裁决,多数裁决,B-多数裁决
ASGD-2027-2256,9b65427e9e9697b8,时间状语候选,时间/处所功能结构,国际中文教育中文水平等级标准·语法学习手册（中等）,329,是目标语法点,正确,目标用例,多数裁决,多数裁决,多数裁决,B-多数裁决
ASGD-2027-2257,326b5fdf26c9f2cf,时间状语候选,时间/处所功能结构,国际中文教育中文水平等级标准·语法学习手册（中等）,163,是目标语法点,正确,目标用例,三人一致,三人一致,三人一致,A-三人一致
ASGD-2027-2258,718f382966b1db5c,把字句候选,处置/受事重组构式,国际中文教育中文水平等级标准·语法学习手册（中等）,275,是目标语法点,正确,目标用例,三人一致,三人一致,三人一致,A-三人一致
ASGD-2027-2259,f6314ceb25b11e18,在字介词框架候选,介词/框架结构,国际中文教育中文水平等级标准·语法学习手册（初等）,54,是目标语法点,正确,目标用例,三人一致,多数裁决,多数裁决,B-多数裁决
ASGD-2027-2260,3ca9f0588079a806,只要候选,复句关联结构,国际中文教育中文水平等级标准·语法学习手册（初等）,234,是目标语法点,正确,目标用例,三人一致,三人一致,三人一致,A-三人一致
ASGD-2027-2261,a11318d3688faf52,越...越候选,比较构式,国际中文教育中文水平等级标准·语法学习手册（高等）,43,是目标语法点,正确,目标用例,三人一致,三人一致,三人一致,A-三人一致
ASGD-2027-2262,279078287571c829,所以候选,复句关联结构,国际中文教育中文水平等级标准·语法学习手册（中等）,185,是目标语法点,正确,目标用例,三人一致,三人一致,三人一致,A-三人一致
ASGD-2027-2263,7383a4763f30e9d9,得字补语候选,补语结构,国际中文教育中文水平等级标准·语法学习手册（中等）,100,不是目标语法点,候选错误,表层触发但非目标,三人一致,三人一致,三人一致,A-三人一致
ASGD-2027-2264,089f928af5cfe26f,比字比较候选,比较构式,国际中文教育中文水平等级标准·语法学习手册（初等）,210,是目标语法点,正确,目标用例,三人一致,三人一致,三人一致,A-三人一致
ASGD-2027-2265,f72a5b402172fa09,向/往/朝介词框架候选,介词/框架结构,国际中文教育中文水平等级标准·语法学习手册（高等）,214,是目标语法点,正确,目标用例,三人一致,三人一致,三人一致,A-三人一致
ASGD-2027-2266,e3e136ee140323fc,得字补语候选,补语结构,国际中文教育中文水平等级标准·语法学习手册（初等）,315,是目标语法点,候选错误,表层触发但非目标,多数裁决,无多数-标注者2裁决,无多数-标注者2裁决,C-标注者2裁决
ASGD-2027-2267,3694fde8010ba41c,处所状语候选,时间/处所功能结构,国际中文教育中文水平等级标准·语法学习手册（初等）,40,不是目标语法点,候选错误,表层触发但非目标,多数裁决,多数裁决,多数裁决,B-多数裁决
ASGD-2027-2268,7971bc7193ae4e4d,从字介词框架候选,介词/框架结构,国际中文教育中文水平等级标准·语法学习手册（初等）,281,是目标语法点,正确,目标用例,多数裁决,多数裁决,多数裁决,B-多数裁决
ASGD-2027-2269,f4fcb3741e200a23,时间状语候选,时间/处所功能结构,国际中文教育中文水平等级标准·语法学习手册（中等）,145,是目标语法点,正确,目标用例,多数裁决,多数裁决,多数裁决,B-多数裁决
ASGD-2027-2270,164fa3dd6a927a3a,在字介词框架候选,介词/框架结构,国际中文教育中文水平等级标准·语法学习手册（中等）,71,是目标语法点,正确,目标用例,三人一致,三人一致,三人一致,A-三人一致
ASGD-2027-2271,dc156e465dc916b3,时间状语候选,时间/处所功能结构,国际中文教育中文水平等级标准·语法学习手册（初等）,74,是目标语法点,正确,目标用例,三人一致,三人一致,三人一致,A-三人一致
ASGD-2027-2272,80e6684b1ae96fb9,给/为/关于等介词框架候选,介词/框架结构,国际中文教育中文水平等级标准·语法学习手册（初等）,176,是目标语法点,正确,目标用例,三人一致,三人一致,三人一致,A-三人一致
ASGD-2027-2273,c907323c7645f458,在字介词框架候选,介词/框架结构,国际中文教育中文水平等级标准·语法学习手册（中等）,177,是目标语法点,正确,目标用例,多数裁决,多数裁决,多数裁决,B-多数裁决
ASGD-2027-2274,b32fdeb194a1cd2e,趋向补语候选,补语结构,国际中文教育中文水平等级标准·语法学习手册（初等）,347,是目标语法点,正确,目标用例,三人一致,多数裁决,多数裁决,B-多数裁决
ASGD-2027-2275,d48cb7a6374aab34,比字比较候选,比较构式,国际中文教育中文水平等级标准·语法学习手册（初等）,364,是目标语法点,正确,目标用例,三人一致,三人一致,三人一致,A-三人一致
ASGD-2027-2276,376888435eab7ecb,处所状语候选,时间/处所功能结构,国际中文教育中文水平等级标准·语法学习手册（初等）,21,是目标语法点,边界不完整,边界问题,多数裁决,无多数-标注者2裁决,无多数-标注者2裁决,C-标注者2裁决
ASGD-2027-2277,88dfd3a0f63e1db1,处所状语候选,时间/处所功能结构,国际中文教育中文水平等级标准·语法学习手册（中等）,381,不是目标语法点,候选错误,表层触发但非目标,三人一致,三人一致,三人一致,A-三人一致
ASGD-2027-2278,4472800f84756bb2,比字比较候选,比较构式,国际中文教育中文水平等级标准·语法学习手册（初等）,95,是目标语法点,正确,目标用例,三人一致,三人一致,三人一致,A-三人一致
ASGD-2027-2279,a88104ac3a183fea,被字句候选,被动/受事凸显构式,国际中文教育中文水平等级标准·语法学习手册（中等）,321,是目标语法点,正确,目标用例,三人一致,多数裁决,多数裁决,B-多数裁决
ASGD-2027-2280,58e5eebf0708e642,把字句候选,处置/受事重组构式,国际中文教育中文水平等级标准·语法学习手册（中等）,367,是目标语法点,正确,目标用例,三人一致,三人一致,三人一致,A-三人一致
ASGD-2027-2281,94f009da3d8ebac4,从字介词框架候选,介词/框架结构,国际中文教育中文水平等级标准·语法学习手册（中等）,183,不是目标语法点,候选错误,表层触发但非目标,多数裁决,多数裁决,多数裁决,B-多数裁决
ASGD-2027-2282,8ee8c5e40ef84074,处所状语候选,时间/处所功能结构,国际中文教育中文水平等级标准·语法学习手册（中等）,40,是目标语法点,边界过长,边界问题,多数裁决,无多数-标注者2裁决,无多数-标注者2裁决,C-标注者2裁决
ASGD-2027-2283,34c61f12c803567e,时间状语候选,时间/处所功能结构,国际中文教育中文水平等级标准·语法学习手册（中等）,182,是目标语法点,正确,目标用例,三人一致,三人一致,三人一致,A-三人一致
ASGD-2027-2284,3bba169ef91124f8,时间状语候选,时间/处所功能结构,国际中文教育中文水平等级标准·语法学习手册（中等）,259,是目标语法点,正确,目标用例,三人一致,三人一致,三人一致,A-三人一致
ASGD-2027-2285,1af0bc63b99e5008,比字比较候选,比较构式,国际中文教育中文水平等级标准·语法学习手册（初等）,364,是目标语法点,正确,目标用例,三人一致,三人一致,三人一致,A-三人一致
ASGD-2027-2286,3c8a9e0e7e0d8fa9,从字介词框架候选,介词/框架结构,国际中文教育中文水平等级标准·语法学习手册（高等）,142,是目标语法点,正确,目标用例,三人一致,三人一致,三人一致,A-三人一致
ASGD-2027-2287,9a922965aa98fcb7,得字补语候选,补语结构,国际中文教育中文水平等级标准·语法学习手册（初等）,181,是目标语法点,正确,目标用例,三人一致,多数裁决,多数裁决,B-多数裁决
ASGD-2027-2288,689be62eddca39ec,虽然候选,复句关联结构,国际中文教育中文水平等级标准·语法学习手册（中等）,248,是目标语法点,正确,目标用例,三人一致,多数裁决,多数裁决,B-多数裁决
ASGD-2027-2289,c6309acba229e39a,双宾/给予结构候选,多谓词/论元结构,国际中文教育中文水平等级标准·语法学习手册（初等）,250,是目标语法点,正确,目标用例,三人一致,多数裁决,多数裁决,B-多数裁决
ASGD-2027-2290,38aca4417f0aaead,把字句候选,处置/受事重组构式,国际中文教育中文水平等级标准·语法学习手册（中等）,13,是目标语法点,正确,目标用例,三人一致,三人一致,三人一致,A-三人一致
ASGD-2027-2291,aff427eab61e35e2,只要候选,复句关联结构,国际中文教育中文水平等级标准·语法学习手册（初等）,298,是目标语法点,正确,目标用例,三人一致,三人一致,三人一致,A-三人一致
ASGD-2027-2292,c00ce01b3eecbd1b,在字介词框架候选,介词/框架结构,国际中文教育中文水平等级标准·语法学习手册（初等）,317,是目标语法点,正确,目标用例,三人一致,多数裁决,多数裁决,B-多数裁决
ASGD-2027-2293,f6a61509020854a3,给/为/关于等介词框架候选,介词/框架结构,国际中文教育中文水平等级标准·语法学习手册（高等）,59,是目标语法点,正确,目标用例,多数裁决,多数裁决,多数裁决,B-多数裁决
ASGD-2027-2294,0b4175b83b46ea6a,处所状语候选,时间/处所功能结构,国际中文教育中文水平等级标准·语法学习手册（中等）,84,不是目标语法点,候选错误,表层触发但非目标,多数裁决,多数裁决,多数裁决,B-多数裁决
ASGD-2027-2295,29d25c4c22a957ce,时间状语候选,时间/处所功能结构,国际中文教育中文水平等级标准·语法学习手册（中等）,165,是目标语法点,正确,目标用例,三人一致,三人一致,三人一致,A-三人一致
ASGD-2027-2296,3ef0f15def429082,时间状语候选,时间/处所功能结构,国际中文教育中文水平等级标准·语法学习手册（中等）,317,是目标语法点,正确,目标用例,多数裁决,多数裁决,多数裁决,B-多数裁决
ASGD-2027-2297,b019d2522030144e,向/往/朝介词框架候选,介词/框架结构,国际中文教育中文水平等级标准·语法学习手册（初等）,171,是目标语法点,正确,目标用例,三人一致,三人一致,三人一致,A-三人一致
ASGD-2027-2298,0ce22a47da2a1d0f,趋向补语候选,补语结构,国际中文教育中文水平等级标准·语法学习手册（中等）,336,是目标语法点,正确,目标用例,三人一致,多数裁决,多数裁决,B-多数裁决
ASGD-2027-2299,81a7d6a79e940498,不但...而且候选,复句关联结构,国际中文教育中文水平等级标准·语法学习手册（初等）,225,是目标语法点,正确,目标用例,三人一致,多数裁决,多数裁决,B-多数裁决
ASGD-2027-2300,49660a06ccb004e9,不但...而且候选,复句关联结构,国际中文教育中文水平等级标准·语法学习手册（初等）,225,是目标语法点,正确,目标用例,三人一致,多数裁决,多数裁决,B-多数裁决
ASGD-2027-2301,c42b562b667b3fb2,把字句候选,处置/受事重组构式,国际中文教育中文水平等级标准·语法学习手册（中等）,116,是目标语法点,正确,目标用例,三人一致,三人一致,三人一致,A-三人一致
ASGD-2027-2302,acc98e836e42e880,时间状语候选,时间/处所功能结构,国际中文教育中文水平等级标准·语法学习手册（中等）,319,是目标语法点,正确,目标用例,三人一致,三人一致,三人一致,A-三人一致
ASGD-2027-2303,391ba7c6c07b122c,趋向补语候选,补语结构,国际中文教育中文水平等级标准·语法学习手册（中等）,75,是目标语法点,正确,目标用例,三人一致,三人一致,三人一致,A-三人一致
ASGD-2027-2304,91b8d7a4f5fd451c,得字补语候选,补语结构,国际中文教育中文水平等级标准·语法学习手册（中等）,136,不是目标语法点,候选错误,表层触发但非目标,多数裁决,多数裁决,多数裁决,B-多数裁决
ASGD-2027-2305,9898501068ba2b30,得字补语候选,补语结构,国际中文教育中文水平等级标准·语法学习手册（中等）,13,是目标语法点,候选错误,表层触发但非目标,多数裁决,无多数-标注者2裁决,无多数-标注者2裁决,C-标注者2裁决
ASGD-2027-2306,b8a9e7ce813c88e1,处所状语候选,时间/处所功能结构,国际中文教育中文水平等级标准·语法学习手册（中等）,381,不是目标语法点,候选错误,表层触发但非目标,三人一致,三人一致,三人一致,A-三人一致
ASGD-2027-2307,9992526bade4b66a,处所状语候选,时间/处所功能结构,国际中文教育中文水平等级标准·语法学习手册（初等）,19,是目标语法点,正确,目标用例,三人一致,三人一致,三人一致,A-三人一致
ASGD-2027-2308,d783059517f174ee,把字句候选,处置/受事重组构式,国际中文教育中文水平等级标准·语法学习手册（中等）,80,是目标语法点,正确,目标用例,三人一致,三人一致,三人一致,A-三人一致
ASGD-2027-2309,d6964c9a809f4643,给/为/关于等介词框架候选,介词/框架结构,国际中文教育中文水平等级标准·语法学习手册（初等）,327,是目标语法点,正确,目标用例,多数裁决,多数裁决,多数裁决,B-多数裁决
ASGD-2027-2310,58991e866d946c85,时间状语候选,时间/处所功能结构,国际中文教育中文水平等级标准·语法学习手册（高等）,126,是目标语法点,正确,目标用例,三人一致,三人一致,三人一致,A-三人一致
ASGD-2027-2311,574234c021fb987a,得字补语候选,补语结构,国际中文教育中文水平等级标准·语法学习手册（初等）,194,是目标语法点,正确,目标用例,三人一致,多数裁决,多数裁决,B-多数裁决
ASGD-2027-2312,f3373e149635dfa4,在字介词框架候选,介词/框架结构,国际中文教育中文水平等级标准·语法学习手册（中等）,144,是目标语法点,正确,目标用例,三人一致,多数裁决,多数裁决,B-多数裁决
ASGD-2027-2313,4f050d42d718e742,把字句候选,处置/受事重组构式,国际中文教育中文水平等级标准·语法学习手册（高等）,71,是目标语法点,正确,目标用例,三人一致,多数裁决,多数裁决,B-多数裁决
ASGD-2027-2314,21c2a2fe579a4aba,没有比较候选,比较构式,国际中文教育中文水平等级标准·语法学习手册（中等）,128,不是目标语法点,候选错误,表层触发但非目标,多数裁决,多数裁决,多数裁决,B-多数裁决
ASGD-2027-2315,1f5944a869f76fcf,比字比较候选,比较构式,国际中文教育中文水平等级标准·语法学习手册（高等）,22,是目标语法点,正确,目标用例,多数裁决,多数裁决,多数裁决,B-多数裁决
ASGD-2027-2316,44a970a091083a58,处所状语候选,时间/处所功能结构,国际中文教育中文水平等级标准·语法学习手册（中等）,39,是目标语法点,边界过长,边界问题,多数裁决,无多数-标注者2裁决,无多数-标注者2裁决,C-标注者2裁决
ASGD-2027-2317,1c391d2180456959,把字句候选,处置/受事重组构式,国际中文教育中文水平等级标准·语法学习手册（中等）,286,是目标语法点,正确,目标用例,三人一致,多数裁决,多数裁决,B-多数裁决
ASGD-2027-2318,7f57c76fe256d82d,被字句候选,被动/受事凸显构式,国际中文教育中文水平等级标准·语法学习手册（高等）,62,是目标语法点,正确,目标用例,三人一致,三人一致,三人一致,A-三人一致
ASGD-2027-2319,24e8e7ceb0cd526f,把字句候选,处置/受事重组构式,国际中文教育中文水平等级标准·语法学习手册（初等）,356,是目标语法点,正确,目标用例,三人一致,多数裁决,多数裁决,B-多数裁决
ASGD-2027-2320,0f88f710e2659507,时间状语候选,时间/处所功能结构,国际中文教育中文水平等级标准·语法学习手册（中等）,274,是目标语法点,正确,目标用例,多数裁决,多数裁决,多数裁决,B-多数裁决
ASGD-2027-2321,8fb34064b36008ff,得字补语候选,补语结构,国际中文教育中文水平等级标准·语法学习手册（高等）,201,不是目标语法点,候选错误,表层触发但非目标,多数裁决,多数裁决,多数裁决,B-多数裁决
ASGD-2027-2322,d9b5e54c2ce99d85,把字句候选,处置/受事重组构式,国际中文教育中文水平等级标准·语法学习手册（高等）,24,是目标语法点,正确,目标用例,三人一致,多数裁决,多数裁决,B-多数裁决
ASGD-2027-2323,7f9d5d4299b6e541,数量/时量补语候选,补语结构,国际中文教育中文水平等级标准·语法学习手册（初等）,372,是目标语法点,正确,目标用例,三人一致,多数裁决,多数裁决,B-多数裁决
ASGD-2027-2324,ea6658d70f3e4510,给/为/关于等介词框架候选,介词/框架结构,国际中文教育中文水平等级标准·语法学习手册（高等）,203,是目标语法点,正确,目标用例,三人一致,三人一致,三人一致,A-三人一致
ASGD-2027-2325,cb588f857a494ac3,被字句候选,被动/受事凸显构式,国际中文教育中文水平等级标准·语法学习手册（中等）,385,不是目标语法点,候选错误,表层触发但非目标,多数裁决,多数裁决,多数裁决,B-多数裁决
ASGD-2027-2326,2ebcadcee2a62e03,给/为/关于等介词框架候选,介词/框架结构,国际中文教育中文水平等级标准·语法学习手册（中等）,290,不是目标语法点,候选错误,表层触发但非目标,多数裁决,多数裁决,多数裁决,B-多数裁决
ASGD-2027-2327,ebda72ec248ea97c,向/往/朝介词框架候选,介词/框架结构,国际中文教育中文水平等级标准·语法学习手册（初等）,324,是目标语法点,正确,目标用例,三人一致,多数裁决,多数裁决,B-多数裁决
ASGD-2027-2328,57ebb53e5c663d4a,被字句候选,被动/受事凸显构式,国际中文教育中文水平等级标准·语法学习手册（高等）,26,是目标语法点,边界不完整,边界问题,三人一致,多数裁决,多数裁决,B-多数裁决
ASGD-2027-2329,0a876376dd180a4b,给/为/关于等介词框架候选,介词/框架结构,国际中文教育中文水平等级标准·语法学习手册（高等）,128,是目标语法点,正确,目标用例,三人一致,三人一致,三人一致,A-三人一致
ASGD-2027-2330,622564c21f8e2236,时间状语候选,时间/处所功能结构,国际中文教育中文水平等级标准·语法学习手册（中等）,254,是目标语法点,正确,目标用例,三人一致,三人一致,三人一致,A-三人一致
ASGD-2027-2331,d86fcfafa623248e,处所状语候选,时间/处所功能结构,国际中文教育中文水平等级标准·语法学习手册（中等）,175,不是目标语法点,候选错误,表层触发但非目标,多数裁决,多数裁决,多数裁决,B-多数裁决
ASGD-2027-2332,cfe45311f72d1ca3,比字比较候选,比较构式,国际中文教育中文水平等级标准·语法学习手册（初等）,365,是目标语法点,正确,目标用例,三人一致,三人一致,三人一致,A-三人一致
ASGD-2027-2333,bbf257d1f4ced4e4,比字比较候选,比较构式,国际中文教育中文水平等级标准·语法学习手册（初等）,391,不是目标语法点,候选错误,表层触发但非目标,三人一致,三人一致,三人一致,A-三人一致
ASGD-2027-2334,ebf0a768d9e679a3,双宾/给予结构候选,多谓词/论元结构,国际中文教育中文水平等级标准·语法学习手册（中等）,139,是目标语法点,正确,目标用例,多数裁决,多数裁决,多数裁决,B-多数裁决
ASGD-2027-2335,f249dec114699be5,时间状语候选,时间/处所功能结构,国际中文教育中文水平等级标准·语法学习手册（高等）,134,是目标语法点,正确,目标用例,三人一致,多数裁决,多数裁决,B-多数裁决
ASGD-2027-2336,35967bc759ddf71f,得字补语候选,补语结构,国际中文教育中文水平等级标准·语法学习手册（高等）,54,是目标语法点,边界过长,边界问题,三人一致,无多数-标注者2裁决,多数裁决,C-标注者2裁决
ASGD-2027-2337,116f525de072afaa,把字句候选,处置/受事重组构式,国际中文教育中文水平等级标准·语法学习手册（中等）,370,是目标语法点,候选错误,表层触发但非目标,多数裁决,无多数-标注者2裁决,无多数-标注者2裁决,C-标注者2裁决
ASGD-2027-2338,0e935911191f3378,所以候选,复句关联结构,国际中文教育中文水平等级标准·语法学习手册（初等）,382,是目标语法点,正确,目标用例,三人一致,三人一致,三人一致,A-三人一致
ASGD-2027-2339,1ef188c693290129,把字句候选,处置/受事重组构式,国际中文教育中文水平等级标准·语法学习手册（中等）,69,是目标语法点,正确,目标用例,三人一致,三人一致,三人一致,A-三人一致
ASGD-2027-2340,89ac3d6bb618b22a,双宾/给予结构候选,多谓词/论元结构,国际中文教育中文水平等级标准·语法学习手册（中等）,372,是目标语法点,正确,目标用例,三人一致,三人一致,三人一致,A-三人一致
ASGD-2027-2341,f797c28a3555b67a,比字比较候选,比较构式,国际中文教育中文水平等级标准·语法学习手册（高等）,55,不是目标语法点,候选错误,表层触发但非目标,三人一致,三人一致,三人一致,A-三人一致
ASGD-2027-2342,79c188e2a57e88b4,从字介词框架候选,介词/框架结构,国际中文教育中文水平等级标准·语法学习手册（中等）,183,不是目标语法点,候选错误,表层触发但非目标,多数裁决,多数裁决,多数裁决,B-多数裁决
ASGD-2027-2343,ba2532ca37651482,数量/时量补语候选,补语结构,国际中文教育中文水平等级标准·语法学习手册（中等）,64,是目标语法点,正确,目标用例,三人一致,多数裁决,多数裁决,B-多数裁决
ASGD-2027-2344,d0fa818db79071ba,如果候选,复句关联结构,国际中文教育中文水平等级标准·语法学习手册（中等）,326,是目标语法点,正确,目标用例,三人一致,多数裁决,多数裁决,B-多数裁决
ASGD-2027-2345,1b68987a8febcdc9,被字句候选,被动/受事凸显构式,国际中文教育中文水平等级标准·语法学习手册（初等）,359,是目标语法点,边界不完整,边界问题,多数裁决,多数裁决,多数裁决,B-多数裁决
ASGD-2027-2346,68937210e607fbe7,时间状语候选,时间/处所功能结构,国际中文教育中文水平等级标准·语法学习手册（中等）,263,是目标语法点,正确,目标用例,三人一致,三人一致,三人一致,A-三人一致
ASGD-2027-2347,993b89c4714dfd79,把字句候选,处置/受事重组构式,国际中文教育中文水平等级标准·语法学习手册（初等）,299,是目标语法点,边界过长,边界问题,三人一致,多数裁决,多数裁决,B-多数裁决
ASGD-2027-2348,feecf19836771d28,给/为/关于等介词框架候选,介词/框架结构,国际中文教育中文水平等级标准·语法学习手册（高等）,174,是目标语法点,正确,目标用例,三人一致,三人一致,三人一致,A-三人一致
ASGD-2027-2349,a059d6e79692ded0,趋向补语候选,补语结构,国际中文教育中文水平等级标准·语法学习手册（中等）,58,是目标语法点,正确,目标用例,三人一致,多数裁决,多数裁决,B-多数裁决
ASGD-2027-2350,1068d0cb6652e152,没有比较候选,比较构式,国际中文教育中文水平等级标准·语法学习手册（初等）,346,不是目标语法点,候选错误,表层触发但非目标,三人一致,三人一致,三人一致,A-三人一致
ASGD-2027-2351,9e0e81a3e55a9721,给/为/关于等介词框架候选,介词/框架结构,国际中文教育中文水平等级标准·语法学习手册（初等）,247,不是目标语法点,候选错误,表层触发但非目标,多数裁决,多数裁决,多数裁决,B-多数裁决
ASGD-2027-2352,a6d1b9f62afd53ac,得字补语候选,补语结构,国际中文教育中文水平等级标准·语法学习手册（高等）,188,是目标语法点,正确,目标用例,三人一致,多数裁决,多数裁决,B-多数裁决
ASGD-2027-2353,5082b73898c96175,不如比较候选,比较构式,国际中文教育中文水平等级标准·语法学习手册（高等）,154,是目标语法点,正确,目标用例,多数裁决,多数裁决,多数裁决,B-多数裁决
ASGD-2027-2354,5082713aaefafd63,把字句候选,处置/受事重组构式,国际中文教育中文水平等级标准·语法学习手册（中等）,379,是目标语法点,正确,目标用例,三人一致,三人一致,三人一致,A-三人一致
ASGD-2027-2355,820bf94fcdcdcf30,处所状语候选,时间/处所功能结构,国际中文教育中文水平等级标准·语法学习手册（初等）,20,是目标语法点,正确,目标用例,三人一致,三人一致,三人一致,A-三人一致
ASGD-2027-2356,db50433f60057d0e,把字句候选,处置/受事重组构式,国际中文教育中文水平等级标准·语法学习手册（中等）,79,是目标语法点,正确,目标用例,三人一致,多数裁决,多数裁决,B-多数裁决
ASGD-2027-2357,311e0aa26bf718ff,给/为/关于等介词框架候选,介词/框架结构,国际中文教育中文水平等级标准·语法学习手册（初等）,127,是目标语法点,正确,目标用例,多数裁决,多数裁决,多数裁决,B-多数裁决
ASGD-2027-2358,2e372e2f073a0d9c,处所状语候选,时间/处所功能结构,国际中文教育中文水平等级标准·语法学习手册（初等）,21,不是目标语法点,候选错误,表层触发但非目标,多数裁决,多数裁决,多数裁决,B-多数裁决
ASGD-2027-2359,8daa540336cd6b7d,只要候选,复句关联结构,国际中文教育中文水平等级标准·语法学习手册（初等）,157,是目标语法点,正确,目标用例,三人一致,三人一致,三人一致,A-三人一致
ASGD-2027-2360,705fb7c5975e979a,在字介词框架候选,介词/框架结构,国际中文教育中文水平等级标准·语法学习手册（初等）,176,是目标语法点,正确,目标用例,多数裁决,多数裁决,多数裁决,B-多数裁决
ASGD-2027-2361,76e9c1edea180be2,把字句候选,处置/受事重组构式,国际中文教育中文水平等级标准·语法学习手册（中等）,339,是目标语法点,正确,目标用例,三人一致,多数裁决,多数裁决,B-多数裁决
ASGD-2027-2362,a7755e6a1d7be1dd,得字补语候选,补语结构,国际中文教育中文水平等级标准·语法学习手册（中等）,131,不是目标语法点,候选错误,表层触发但非目标,多数裁决,多数裁决,多数裁决,B-多数裁决
ASGD-2027-2363,a1e9030646d6ec52,向/往/朝介词框架候选,介词/框架结构,国际中文教育中文水平等级标准·语法学习手册（中等）,218,是目标语法点,正确,目标用例,三人一致,三人一致,三人一致,A-三人一致
ASGD-2027-2364,43657076c29021e3,在字介词框架候选,介词/框架结构,国际中文教育中文水平等级标准·语法学习手册（中等）,257,是目标语法点,正确,目标用例,三人一致,多数裁决,多数裁决,B-多数裁决
ASGD-2027-2365,f1735e4eb04c2f46,得字补语候选,补语结构,国际中文教育中文水平等级标准·语法学习手册（高等）,84,不是目标语法点,候选错误,表层触发但非目标,多数裁决,多数裁决,多数裁决,B-多数裁决
ASGD-2027-2366,c9b137a3a29aa682,得字补语候选,补语结构,国际中文教育中文水平等级标准·语法学习手册（中等）,241,是目标语法点,正确,目标用例,三人一致,多数裁决,多数裁决,B-多数裁决
ASGD-2027-2367,c9632241deed644e,在字介词框架候选,介词/框架结构,国际中文教育中文水平等级标准·语法学习手册（中等）,72,是目标语法点,正确,目标用例,三人一致,三人一致,三人一致,A-三人一致
ASGD-2027-2368,c4f50b4336818f3a,连动结构候选,多谓词/论元结构,国际中文教育中文水平等级标准·语法学习手册（高等）,75,是目标语法点,边界不完整,边界问题,三人一致,多数裁决,多数裁决,B-多数裁决
ASGD-2027-2369,6bee18b947127581,处所状语候选,时间/处所功能结构,国际中文教育中文水平等级标准·语法学习手册（中等）,265,不是目标语法点,候选错误,功能误判,多数裁决,多数裁决,无多数-标注者2裁决,C-标注者2裁决
ASGD-2027-2370,a471c7d10222a595,比字比较候选,比较构式,国际中文教育中文水平等级标准·语法学习手册（初等）,365,是目标语法点,正确,目标用例,三人一致,三人一致,三人一致,A-三人一致
ASGD-2027-2371,a8c9e625463b2292,如果候选,复句关联结构,国际中文教育中文水平等级标准·语法学习手册（高等）,40,是目标语法点,正确,目标用例,三人一致,多数裁决,多数裁决,B-多数裁决
ASGD-2027-2372,81571c40b14e79bc,被字句候选,被动/受事凸显构式,国际中文教育中文水平等级标准·语法学习手册（初等）,413,不是目标语法点,候选错误,表层触发但非目标,多数裁决,多数裁决,多数裁决,B-多数裁决
ASGD-2027-2373,8ab7d141c09d46f5,得字补语候选,补语结构,国际中文教育中文水平等级标准·语法学习手册（初等）,311,是目标语法点,正确,目标用例,三人一致,多数裁决,多数裁决,B-多数裁决
ASGD-2027-2374,74c558b39eb9f1fa,给/为/关于等介词框架候选,介词/框架结构,国际中文教育中文水平等级标准·语法学习手册（高等）,20,是目标语法点,正确,目标用例,多数裁决,多数裁决,多数裁决,B-多数裁决
ASGD-2027-2375,4c9e753617f2930f,双宾/给予结构候选,多谓词/论元结构,国际中文教育中文水平等级标准·语法学习手册（中等）,120,是目标语法点,正确,目标用例,多数裁决,多数裁决,多数裁决,B-多数裁决
ASGD-2027-2376,65e24add3057192f,在字介词框架候选,介词/框架结构,国际中文教育中文水平等级标准·语法学习手册（初等）,327,是目标语法点,正确,目标用例,多数裁决,多数裁决,多数裁决,B-多数裁决
ASGD-2027-2377,685cd3c963a61e81,从字介词框架候选,介词/框架结构,国际中文教育中文水平等级标准·语法学习手册（高等）,173,是目标语法点,正确,目标用例,多数裁决,多数裁决,多数裁决,B-多数裁决
ASGD-2027-2378,9036e4fb592d0d50,比字比较候选,比较构式,国际中文教育中文水平等级标准·语法学习手册（初等）,365,是目标语法点,正确,目标用例,三人一致,三人一致,三人一致,A-三人一致
ASGD-2027-2379,7edb526b8ad0ccd5,给/为/关于等介词框架候选,介词/框架结构,国际中文教育中文水平等级标准·语法学习手册（初等）,330,是目标语法点,正确,目标用例,多数裁决,多数裁决,多数裁决,B-多数裁决
ASGD-2027-2380,26e306c5ef4749cd,被字句候选,被动/受事凸显构式,国际中文教育中文水平等级标准·语法学习手册（初等）,358,是目标语法点,正确,目标用例,三人一致,多数裁决,多数裁决,B-多数裁决
ASGD-2027-2381,59e56d7586c537a0,把字句候选,处置/受事重组构式,国际中文教育中文水平等级标准·语法学习手册（中等）,275,是目标语法点,正确,目标用例,三人一致,三人一致,三人一致,A-三人一致
ASGD-2027-2382,19cba9440753a237,所以候选,复句关联结构,国际中文教育中文水平等级标准·语法学习手册（初等）,382,是目标语法点,正确,目标用例,三人一致,三人一致,三人一致,A-三人一致
ASGD-2027-2383,3dd0a5cbe729d10b,对字介词框架候选,介词/框架结构,国际中文教育中文水平等级标准·语法学习手册（初等）,174,是目标语法点,正确,目标用例,三人一致,三人一致,三人一致,A-三人一致
ASGD-2027-2384,a8c9e625463b2292,时间状语候选,时间/处所功能结构,国际中文教育中文水平等级标准·语法学习手册（高等）,40,是目标语法点,正确,目标用例,三人一致,三人一致,三人一致,A-三人一致
ASGD-2027-2385,c6b7b9cb4860fb1b,把字句候选,处置/受事重组构式,国际中文教育中文水平等级标准·语法学习手册（中等）,223,是目标语法点,正确,目标用例,三人一致,三人一致,三人一致,A-三人一致
ASGD-2027-2386,a535422bf6d4ad36,得字补语候选,补语结构,国际中文教育中文水平等级标准·语法学习手册（高等）,169,不是目标语法点,候选错误,表层触发但非目标,多数裁决,多数裁决,多数裁决,B-多数裁决
ASGD-2027-2387,2e96ca48810a1ff0,时间状语候选,时间/处所功能结构,国际中文教育中文水平等级标准·语法学习手册（初等）,108,是目标语法点,正确,目标用例,三人一致,多数裁决,多数裁决,B-多数裁决
ASGD-2027-2388,78590399956303f0,时间状语候选,时间/处所功能结构,国际中文教育中文水平等级标准·语法学习手册（中等）,300,是目标语法点,正确,目标用例,三人一致,三人一致,三人一致,A-三人一致
ASGD-2027-2389,44a0759366ee2d25,时间状语候选,时间/处所功能结构,国际中文教育中文水平等级标准·语法学习手册（中等）,241,是目标语法点,正确,目标用例,三人一致,多数裁决,多数裁决,B-多数裁决
ASGD-2027-2390,96b3c0369b45d995,兼语结构候选,多谓词/论元结构,国际中文教育中文水平等级标准·语法学习手册（中等）,18,是目标语法点,正确,目标用例,三人一致,三人一致,三人一致,A-三人一致
ASGD-2027-2391,50a3adb358a5ebe1,时间状语候选,时间/处所功能结构,国际中文教育中文水平等级标准·语法学习手册（初等）,242,是目标语法点,正确,目标用例,三人一致,三人一致,三人一致,A-三人一致
ASGD-2027-2392,e0a32eb09541f5f4,时间状语候选,时间/处所功能结构,国际中文教育中文水平等级标准·语法学习手册（中等）,317,是目标语法点,正确,目标用例,三人一致,三人一致,三人一致,A-三人一致
ASGD-2027-2393,decfe14bc743c38b,双宾/给予结构候选,多谓词/论元结构,国际中文教育中文水平等级标准·语法学习手册（初等）,71,不是目标语法点,候选错误,表层触发但非目标,多数裁决,多数裁决,多数裁决,B-多数裁决
ASGD-2027-2394,723dfa2791329b15,处所状语候选,时间/处所功能结构,国际中文教育中文水平等级标准·语法学习手册（中等）,85,是目标语法点,正确,目标用例,三人一致,三人一致,三人一致,A-三人一致
ASGD-2027-2395,ea24beb9496be293,把字句候选,处置/受事重组构式,国际中文教育中文水平等级标准·语法学习手册（初等）,356,是目标语法点,正确,目标用例,三人一致,三人一致,三人一致,A-三人一致
ASGD-2027-2396,0fe4c75160669665,把字句候选,处置/受事重组构式,国际中文教育中文水平等级标准·语法学习手册（中等）,79,是目标语法点,正确,目标用例,三人一致,多数裁决,多数裁决,B-多数裁决
ASGD-2027-2397,b1571ed3e1f637dd,处所状语候选,时间/处所功能结构,国际中文教育中文水平等级标准·语法学习手册（初等）,66,是目标语法点,正确,目标用例,三人一致,三人一致,三人一致,A-三人一致
ASGD-2027-2398,ee68ccfeb88e3f0b,把字句候选,处置/受事重组构式,国际中文教育中文水平等级标准·语法学习手册（中等）,220,是目标语法点,正确,目标用例,三人一致,三人一致,三人一致,A-三人一致
ASGD-2027-2399,c6fd56dbd1009ec9,处所状语候选,时间/处所功能结构,国际中文教育中文水平等级标准·语法学习手册（中等）,378,不是目标语法点,候选错误,表层触发但非目标,三人一致,三人一致,多数裁决,B-多数裁决
ASGD-2027-2400,d6ebd89a51937313,时间状语候选,时间/处所功能结构,国际中文教育中文水平等级标准·语法学习手册（中等）,118,是目标语法点,正确,目标用例,多数裁决,多数裁决,多数裁决,B-多数裁决
ASGD-2027-2401,8ab177abaa0b1e24,把字句候选,处置/受事重组构式,国际中文教育中文水平等级标准·语法学习手册（中等）,370,是目标语法点,正确,目标用例,多数裁决,多数裁决,多数裁决,B-多数裁决
ASGD-2027-2402,56718c84776ca7f7,没有比较候选,比较构式,国际中文教育中文水平等级标准·语法学习手册（初等）,83,不是目标语法点,候选错误,表层触发但非目标,三人一致,三人一致,三人一致,A-三人一致
ASGD-2027-2403,8fde6cea40b88d35,没有比较候选,比较构式,国际中文教育中文水平等级标准·语法学习手册（初等）,346,不是目标语法点,候选错误,表层触发但非目标,三人一致,三人一致,三人一致,A-三人一致
ASGD-2027-2404,c5d1d2b64d573bb8,双宾/给予结构候选,多谓词/论元结构,国际中文教育中文水平等级标准·语法学习手册（高等）,144,是目标语法点,正确,目标用例,多数裁决,多数裁决,多数裁决,B-多数裁决
ASGD-2027-2405,3b7dd661b4cf1172,时间状语候选,时间/处所功能结构,国际中文教育中文水平等级标准·语法学习手册（高等）,32,是目标语法点,正确,目标用例,多数裁决,多数裁决,多数裁决,B-多数裁决
ASGD-2027-2406,a560eef3a54fb9e4,在字介词框架候选,介词/框架结构,国际中文教育中文水平等级标准·语法学习手册（中等）,382,是目标语法点,正确,目标用例,三人一致,三人一致,三人一致,A-三人一致
ASGD-2027-2407,25b3762596dadf9a,数量/时量补语候选,补语结构,国际中文教育中文水平等级标准·语法学习手册（初等）,352,是目标语法点,正确,目标用例,三人一致,多数裁决,多数裁决,B-多数裁决
ASGD-2027-2408,b2094157d0438a8b,处所状语候选,时间/处所功能结构,国际中文教育中文水平等级标准·语法学习手册（中等）,293,是目标语法点,正确,目标用例,三人一致,多数裁决,多数裁决,B-多数裁决
ASGD-2027-2409,1b97a0700d55aa26,被字句候选,被动/受事凸显构式,国际中文教育中文水平等级标准·语法学习手册（高等）,68,是目标语法点,正确,目标用例,三人一致,多数裁决,多数裁决,B-多数裁决
ASGD-2027-2410,4747c359746f1c4f,把字句候选,处置/受事重组构式,国际中文教育中文水平等级标准·语法学习手册（中等）,220,是目标语法点,正确,目标用例,三人一致,多数裁决,多数裁决,B-多数裁决
ASGD-2027-2411,51cac92c9105c1b2,时间状语候选,时间/处所功能结构,国际中文教育中文水平等级标准·语法学习手册（初等）,254,是目标语法点,正确,目标用例,三人一致,三人一致,三人一致,A-三人一致
ASGD-2027-2412,c7077d706c0d5380,双宾/给予结构候选,多谓词/论元结构,国际中文教育中文水平等级标准·语法学习手册（初等）,71,不是目标语法点,候选错误,表层触发但非目标,多数裁决,多数裁决,多数裁决,B-多数裁决
ASGD-2027-2413,99f309075916deb2,向/往/朝介词框架候选,介词/框架结构,国际中文教育中文水平等级标准·语法学习手册（高等）,30,是目标语法点,正确,目标用例,多数裁决,多数裁决,多数裁决,B-多数裁决
ASGD-2027-2414,e5c169a8f03be9a8,得字补语候选,补语结构,国际中文教育中文水平等级标准·语法学习手册（中等）,115,是目标语法点,正确,目标用例,三人一致,多数裁决,多数裁决,B-多数裁决
ASGD-2027-2415,0fc8a646210752c6,把字句候选,处置/受事重组构式,国际中文教育中文水平等级标准·语法学习手册（初等）,356,是目标语法点,正确,目标用例,三人一致,三人一致,三人一致,A-三人一致
ASGD-2027-2416,6d3e46188b1a9c4f,把字句候选,处置/受事重组构式,国际中文教育中文水平等级标准·语法学习手册（初等）,357,是目标语法点,正确,目标用例,三人一致,三人一致,三人一致,A-三人一致
ASGD-2027-2417,149797fcf9ac68f2,没有比较候选,比较构式,国际中文教育中文水平等级标准·语法学习手册（中等）,133,不是目标语法点,候选错误,表层触发但非目标,三人一致,三人一致,三人一致,A-三人一致
ASGD-2027-2418,22096d9ecc4680a6,处所状语候选,时间/处所功能结构,国际中文教育中文水平等级标准·语法学习手册（初等）,20,是目标语法点,正确,目标用例,三人一致,三人一致,三人一致,A-三人一致
ASGD-2027-2419,ee4cce907d9e69bd,给/为/关于等介词框架候选,介词/框架结构,国际中文教育中文水平等级标准·语法学习手册（中等）,152,是目标语法点,正确,目标用例,三人一致,三人一致,三人一致,A-三人一致
ASGD-2027-2420,07277b9c62fcb0f0,得字补语候选,补语结构,国际中文教育中文水平等级标准·语法学习手册（高等）,92,是目标语法点,正确,目标用例,三人一致,多数裁决,多数裁决,B-多数裁决
ASGD-2027-2421,bed526c1ebe9112d,比字比较候选,比较构式,国际中文教育中文水平等级标准·语法学习手册（高等）,132,是目标语法点,正确,目标用例,三人一致,三人一致,三人一致,A-三人一致
ASGD-2027-2422,a0e8e2669543e749,连动结构候选,多谓词/论元结构,国际中文教育中文水平等级标准·语法学习手册（中等）,136,是目标语法点,正确,目标用例,三人一致,三人一致,三人一致,A-三人一致
ASGD-2027-2423,522093be8d467052,双宾/给予结构候选,多谓词/论元结构,国际中文教育中文水平等级标准·语法学习手册（初等）,258,是目标语法点,正确,目标用例,三人一致,三人一致,三人一致,A-三人一致
ASGD-2027-2424,056831daaae3c0d3,在字介词框架候选,介词/框架结构,国际中文教育中文水平等级标准·语法学习手册（高等）,136,是目标语法点,正确,目标用例,三人一致,三人一致,三人一致,A-三人一致
ASGD-2027-2425,94274fef833525d5,得字补语候选,补语结构,国际中文教育中文水平等级标准·语法学习手册（高等）,214,不是目标语法点,候选错误,表层触发但非目标,三人一致,三人一致,三人一致,A-三人一致
ASGD-2027-2426,5b0b0e998250ad02,双宾/给予结构候选,多谓词/论元结构,国际中文教育中文水平等级标准·语法学习手册（初等）,257,是目标语法点,正确,目标用例,三人一致,三人一致,三人一致,A-三人一致
ASGD-2027-2427,ac6127114c1ab747,如果候选,复句关联结构,国际中文教育中文水平等级标准·语法学习手册（高等）,213,是目标语法点,正确,目标用例,三人一致,多数裁决,多数裁决,B-多数裁决
ASGD-2027-2428,5af72fac48a8bf55,得字补语候选,补语结构,国际中文教育中文水平等级标准·语法学习手册（中等）,59,是目标语法点,正确,目标用例,多数裁决,无多数-标注者2裁决,无多数-标注者2裁决,C-标注者2裁决
ASGD-2027-2429,c5fb3e26fa841628,时间状语候选,时间/处所功能结构,国际中文教育中文水平等级标准·语法学习手册（高等）,46,是目标语法点,正确,目标用例,三人一致,三人一致,三人一致,A-三人一致
ASGD-2027-2430,77ec2f47917554d3,在字介词框架候选,介词/框架结构,国际中文教育中文水平等级标准·语法学习手册（高等）,171,是目标语法点,正确,目标用例,三人一致,多数裁决,多数裁决,B-多数裁决
ASGD-2027-2431,0e98fd27306311b8,把字句候选,处置/受事重组构式,国际中文教育中文水平等级标准·语法学习手册（中等）,82,是目标语法点,正确,目标用例,三人一致,多数裁决,多数裁决,B-多数裁决
ASGD-2027-2432,3bdaaee340def833,如果...就候选,复句关联结构,国际中文教育中文水平等级标准·语法学习手册（初等）,233,是目标语法点,正确,目标用例,三人一致,多数裁决,多数裁决,B-多数裁决
ASGD-2027-2433,dd54618be8508d24,时间状语候选,时间/处所功能结构,国际中文教育中文水平等级标准·语法学习手册（初等）,152,是目标语法点,正确,目标用例,三人一致,三人一致,三人一致,A-三人一致
ASGD-2027-2434,0d2a68934ac6effc,处所状语候选,时间/处所功能结构,国际中文教育中文水平等级标准·语法学习手册（中等）,294,不是目标语法点,候选错误,表层触发但非目标,三人一致,三人一致,三人一致,A-三人一致
ASGD-2027-2435,7ed40054805c2ebc,把字句候选,处置/受事重组构式,国际中文教育中文水平等级标准·语法学习手册（中等）,244,是目标语法点,正确,目标用例,三人一致,三人一致,三人一致,A-三人一致
ASGD-2027-2436,f34381f045bc9d20,处所状语候选,时间/处所功能结构,国际中文教育中文水平等级标准·语法学习手册（中等）,331,不是目标语法点,候选错误,表层触发但非目标,多数裁决,多数裁决,多数裁决,B-多数裁决
ASGD-2027-2437,d24411f82f589fbc,比字比较候选,比较构式,国际中文教育中文水平等级标准·语法学习手册（高等）,52,是目标语法点,正确,目标用例,三人一致,三人一致,三人一致,A-三人一致
ASGD-2027-2438,917560bd1e4250f4,被字句候选,被动/受事凸显构式,国际中文教育中文水平等级标准·语法学习手册（中等）,83,是目标语法点,边界不完整,边界问题,三人一致,多数裁决,多数裁决,B-多数裁决
ASGD-2027-2439,e3a6f722ac41fd50,双宾/给予结构候选,多谓词/论元结构,国际中文教育中文水平等级标准·语法学习手册（中等）,133,是目标语法点,正确,目标用例,多数裁决,多数裁决,多数裁决,B-多数裁决
ASGD-2027-2440,bfda770cfd7cac5e,给/为/关于等介词框架候选,介词/框架结构,国际中文教育中文水平等级标准·语法学习手册（初等）,326,是目标语法点,正确,目标用例,多数裁决,多数裁决,多数裁决,B-多数裁决
ASGD-2027-2441,00875091362ea8c7,双宾/给予结构候选,多谓词/论元结构,国际中文教育中文水平等级标准·语法学习手册（高等）,86,是目标语法点,正确,目标用例,多数裁决,多数裁决,多数裁决,B-多数裁决
ASGD-2027-2442,d2029e0b1e1be89c,给/为/关于等介词框架候选,介词/框架结构,国际中文教育中文水平等级标准·语法学习手册（初等）,323,是目标语法点,正确,目标用例,三人一致,三人一致,三人一致,A-三人一致
ASGD-2027-2443,b8c1e26faafa74bf,即使候选,复句关联结构,国际中文教育中文水平等级标准·语法学习手册（中等）,242,是目标语法点,正确,目标用例,三人一致,三人一致,三人一致,A-三人一致
ASGD-2027-2444,d138faa5ca66e190,时间状语候选,时间/处所功能结构,国际中文教育中文水平等级标准·语法学习手册（高等）,173,是目标语法点,正确,目标用例,三人一致,三人一致,三人一致,A-三人一致
ASGD-2027-2445,5a47c8032263ec99,被字句候选,被动/受事凸显构式,国际中文教育中文水平等级标准·语法学习手册（高等）,213,是目标语法点,候选错误,表层触发但非目标,多数裁决,无多数-标注者2裁决,无多数-标注者2裁决,C-标注者2裁决
ASGD-2027-2446,c5c396f6377836b3,把字句候选,处置/受事重组构式,国际中文教育中文水平等级标准·语法学习手册（中等）,105,是目标语法点,边界过长,边界问题,三人一致,无多数-标注者2裁决,多数裁决,C-标注者2裁决
ASGD-2027-2447,1cdb73d5cd2f6674,时间状语候选,时间/处所功能结构,国际中文教育中文水平等级标准·语法学习手册（中等）,136,是目标语法点,正确,目标用例,三人一致,三人一致,三人一致,A-三人一致
ASGD-2027-2448,0c1b708791d7fb6c,处所状语候选,时间/处所功能结构,国际中文教育中文水平等级标准·语法学习手册（初等）,66,不是目标语法点,候选错误,表层触发但非目标,多数裁决,多数裁决,多数裁决,B-多数裁决
ASGD-2027-2449,23396c97770e8fa5,给/为/关于等介词框架候选,介词/框架结构,国际中文教育中文水平等级标准·语法学习手册（高等）,203,是目标语法点,正确,目标用例,多数裁决,多数裁决,多数裁决,B-多数裁决
ASGD-2027-2450,b46bfc9e83b98a42,连动结构候选,多谓词/论元结构,国际中文教育中文水平等级标准·语法学习手册（中等）,190,是目标语法点,边界不完整,边界问题,多数裁决,多数裁决,多数裁决,B-多数裁决
ASGD-2027-2451,bb262ce2faf5fce9,把字句候选,处置/受事重组构式,国际中文教育中文水平等级标准·语法学习手册（初等）,16,是目标语法点,候选错误,表层触发但非目标,多数裁决,无多数-标注者2裁决,无多数-标注者2裁决,C-标注者2裁决
ASGD-2027-2452,beb8c31a68038f7a,双宾/给予结构候选,多谓词/论元结构,国际中文教育中文水平等级标准·语法学习手册（高等）,159,是目标语法点,正确,目标用例,多数裁决,多数裁决,多数裁决,B-多数裁决
ASGD-2027-2453,56ec82c4ec05672f,时间状语候选,时间/处所功能结构,国际中文教育中文水平等级标准·语法学习手册（高等）,121,是目标语法点,正确,目标用例,三人一致,三人一致,三人一致,A-三人一致
ASGD-2027-2454,cc97f94fe9ab8562,但是候选,复句关联结构,国际中文教育中文水平等级标准·语法学习手册（初等）,278,是目标语法点,正确,目标用例,三人一致,三人一致,三人一致,A-三人一致
ASGD-2027-2455,91015134dafe012f,给/为/关于等介词框架候选,介词/框架结构,国际中文教育中文水平等级标准·语法学习手册（初等）,175,是目标语法点,正确,目标用例,三人一致,三人一致,三人一致,A-三人一致
ASGD-2027-2456,cc6f8ed0048c4349,在字介词框架候选,介词/框架结构,国际中文教育中文水平等级标准·语法学习手册（高等）,124,是目标语法点,正确,目标用例,三人一致,多数裁决,多数裁决,B-多数裁决
ASGD-2027-2457,0db91d857863ed15,时间状语候选,时间/处所功能结构,国际中文教育中文水平等级标准·语法学习手册（高等）,134,是目标语法点,正确,目标用例,三人一致,三人一致,三人一致,A-三人一致
ASGD-2027-2458,8f47eec594067e56,被字句候选,被动/受事凸显构式,国际中文教育中文水平等级标准·语法学习手册（高等）,67,是目标语法点,正确,目标用例,三人一致,三人一致,三人一致,A-三人一致
ASGD-2027-2459,1947cd752f3402e5,没有比较候选,比较构式,国际中文教育中文水平等级标准·语法学习手册（初等）,102,不是目标语法点,候选错误,表层触发但非目标,三人一致,三人一致,三人一致,A-三人一致
ASGD-2027-2460,f64712be1da94175,时间状语候选,时间/处所功能结构,国际中文教育中文水平等级标准·语法学习手册（初等）,208,是目标语法点,正确,目标用例,三人一致,三人一致,三人一致,A-三人一致
ASGD-2027-2461,24f7fdf1512e824a,时间状语候选,时间/处所功能结构,国际中文教育中文水平等级标准·语法学习手册（中等）,232,是目标语法点,正确,目标用例,多数裁决,多数裁决,多数裁决,B-多数裁决
ASGD-2027-2462,b3ee52dfb8adc05d,处所状语候选,时间/处所功能结构,国际中文教育中文水平等级标准·语法学习手册（初等）,31,是目标语法点,边界过长,边界问题,多数裁决,无多数-标注者2裁决,无多数-标注者2裁决,C-标注者2裁决
ASGD-2027-2463,a6111d9cabf0eabf,因为候选,复句关联结构,国际中文教育中文水平等级标准·语法学习手册（高等）,116,是目标语法点,正确,目标用例,三人一致,多数裁决,多数裁决,B-多数裁决
ASGD-2027-2464,676803a1d5a16413,向/往/朝介词框架候选,介词/框架结构,国际中文教育中文水平等级标准·语法学习手册（高等）,31,是目标语法点,正确,目标用例,多数裁决,多数裁决,多数裁决,B-多数裁决
ASGD-2027-2465,17fcb43689d2f348,处所状语候选,时间/处所功能结构,国际中文教育中文水平等级标准·语法学习手册（中等）,330,不是目标语法点,候选错误,表层触发但非目标,多数裁决,多数裁决,多数裁决,B-多数裁决
ASGD-2027-2466,188b02d50b409180,得字补语候选,补语结构,国际中文教育中文水平等级标准·语法学习手册（中等）,136,是目标语法点,候选错误,表层触发但非目标,多数裁决,无多数-标注者2裁决,无多数-标注者2裁决,C-标注者2裁决
ASGD-2027-2467,1bac0505dd33619f,得字补语候选,补语结构,国际中文教育中文水平等级标准·语法学习手册（高等）,168,不是目标语法点,候选错误,表层触发但非目标,多数裁决,多数裁决,多数裁决,B-多数裁决
ASGD-2027-2468,e49e0ef791b45167,得字补语候选,补语结构,国际中文教育中文水平等级标准·语法学习手册（中等）,331,是目标语法点,候选错误,表层触发但非目标,多数裁决,无多数-标注者2裁决,无多数-标注者2裁决,C-标注者2裁决
ASGD-2027-2469,88270efaf1d7d955,时间状语候选,时间/处所功能结构,国际中文教育中文水平等级标准·语法学习手册（初等）,76,是目标语法点,正确,目标用例,三人一致,多数裁决,多数裁决,B-多数裁决
ASGD-2027-2470,df3df266b0921126,把字句候选,处置/受事重组构式,国际中文教育中文水平等级标准·语法学习手册（中等）,222,是目标语法点,正确,目标用例,三人一致,三人一致,三人一致,A-三人一致
ASGD-2027-2471,38d7d6f4e4aa183c,处所状语候选,时间/处所功能结构,国际中文教育中文水平等级标准·语法学习手册（初等）,20,不是目标语法点,候选错误,表层触发但非目标,多数裁决,多数裁决,多数裁决,B-多数裁决
ASGD-2027-2472,122c5fdb8ca49fcc,给/为/关于等介词框架候选,介词/框架结构,国际中文教育中文水平等级标准·语法学习手册（初等）,256,是目标语法点,正确,目标用例,多数裁决,多数裁决,多数裁决,B-多数裁决
ASGD-2027-2473,adeb009bc4f3196c,处所状语候选,时间/处所功能结构,国际中文教育中文水平等级标准·语法学习手册（初等）,31,是目标语法点,正确,目标用例,三人一致,多数裁决,多数裁决,B-多数裁决
ASGD-2027-2474,8c9cde67673cd9ff,处所状语候选,时间/处所功能结构,国际中文教育中文水平等级标准·语法学习手册（初等）,19,是目标语法点,边界过长,边界问题,多数裁决,无多数-标注者2裁决,无多数-标注者2裁决,C-标注者2裁决
ASGD-2027-2475,bc8d26cc561a5fbc,时间状语候选,时间/处所功能结构,国际中文教育中文水平等级标准·语法学习手册（初等）,249,是目标语法点,正确,目标用例,三人一致,三人一致,三人一致,A-三人一致
ASGD-2027-2476,e75b52d68c4480d4,之所以...是因为候选,复句关联结构,国际中文教育中文水平等级标准·语法学习手册（高等）,174,是目标语法点,正确,目标用例,三人一致,多数裁决,多数裁决,B-多数裁决
ASGD-2027-2477,da6288b537909de0,把字句候选,处置/受事重组构式,国际中文教育中文水平等级标准·语法学习手册（中等）,218,是目标语法点,正确,目标用例,三人一致,三人一致,三人一致,A-三人一致
ASGD-2027-2478,cc2d58a8aca286fa,在字介词框架候选,介词/框架结构,国际中文教育中文水平等级标准·语法学习手册（初等）,68,是目标语法点,正确,目标用例,三人一致,多数裁决,多数裁决,B-多数裁决
ASGD-2027-2479,9651d00d3545ac3c,双宾/给予结构候选,多谓词/论元结构,国际中文教育中文水平等级标准·语法学习手册（初等）,283,是目标语法点,正确,目标用例,三人一致,三人一致,三人一致,A-三人一致
ASGD-2027-2480,5b9da97b0f3c43e2,比字比较候选,比较构式,国际中文教育中文水平等级标准·语法学习手册（初等）,364,是目标语法点,正确,目标用例,三人一致,三人一致,三人一致,A-三人一致
ASGD-2027-2481,122c5fdb8ca49fcc,因为候选,复句关联结构,国际中文教育中文水平等级标准·语法学习手册（初等）,256,是目标语法点,正确,目标用例,三人一致,多数裁决,多数裁决,B-多数裁决
ASGD-2027-2482,f9c9ebcd886189c9,没有比较候选,比较构式,国际中文教育中文水平等级标准·语法学习手册（中等）,223,不是目标语法点,候选错误,表层触发但非目标,三人一致,三人一致,三人一致,A-三人一致
ASGD-2027-2483,3d0ef8682f083196,把字句候选,处置/受事重组构式,国际中文教育中文水平等级标准·语法学习手册（中等）,220,是目标语法点,正确,目标用例,三人一致,三人一致,三人一致,A-三人一致
ASGD-2027-2484,31c15f5aa3aa0f40,时间状语候选,时间/处所功能结构,国际中文教育中文水平等级标准·语法学习手册（初等）,386,是目标语法点,正确,目标用例,三人一致,三人一致,三人一致,A-三人一致
ASGD-2027-2485,2bc4be19b44ccaa3,在字介词框架候选,介词/框架结构,国际中文教育中文水平等级标准·语法学习手册（中等）,361,是目标语法点,正确,目标用例,多数裁决,多数裁决,多数裁决,B-多数裁决
ASGD-2027-2486,e52ff1bbff846ad0,把字句候选,处置/受事重组构式,国际中文教育中文水平等级标准·语法学习手册（中等）,80,是目标语法点,正确,目标用例,三人一致,多数裁决,多数裁决,B-多数裁决
ASGD-2027-2487,4da1a4c5ad175ada,双宾/给予结构候选,多谓词/论元结构,国际中文教育中文水平等级标准·语法学习手册（初等）,322,是目标语法点,正确,目标用例,多数裁决,多数裁决,多数裁决,B-多数裁决
ASGD-2027-2488,037142b0082052ba,被字句候选,被动/受事凸显构式,国际中文教育中文水平等级标准·语法学习手册（高等）,68,是目标语法点,正确,目标用例,三人一致,多数裁决,多数裁决,B-多数裁决
ASGD-2027-2489,4c48fcccdaa26187,向/往/朝介词框架候选,介词/框架结构,国际中文教育中文水平等级标准·语法学习手册（初等）,172,是目标语法点,正确,目标用例,三人一致,三人一致,三人一致,A-三人一致
ASGD-2027-2490,8e8206bc25d628fd,双宾/给予结构候选,多谓词/论元结构,国际中文教育中文水平等级标准·语法学习手册（中等）,109,是目标语法点,正确,目标用例,三人一致,三人一致,三人一致,A-三人一致
ASGD-2027-2491,56748c1088eb9f42,得字补语候选,补语结构,国际中文教育中文水平等级标准·语法学习手册（中等）,66,不是目标语法点,候选错误,表层触发但非目标,多数裁决,多数裁决,多数裁决,B-多数裁决
ASGD-2027-2492,f8cee917380c72f3,给/为/关于等介词框架候选,介词/框架结构,国际中文教育中文水平等级标准·语法学习手册（初等）,326,是目标语法点,正确,目标用例,多数裁决,多数裁决,多数裁决,B-多数裁决
ASGD-2027-2493,642e8e00875c03c5,不但...而且候选,复句关联结构,国际中文教育中文水平等级标准·语法学习手册（初等）,225,是目标语法点,正确,目标用例,多数裁决,多数裁决,多数裁决,B-多数裁决
ASGD-2027-2494,4412047e7b71e08e,把字句候选,处置/受事重组构式,国际中文教育中文水平等级标准·语法学习手册（中等）,370,是目标语法点,正确,目标用例,多数裁决,多数裁决,多数裁决,B-多数裁决
ASGD-2027-2495,4d7b6a8ccca6cd6a,把字句候选,处置/受事重组构式,国际中文教育中文水平等级标准·语法学习手册（初等）,344,是目标语法点,正确,目标用例,三人一致,三人一致,三人一致,A-三人一致
ASGD-2027-2496,aeb13a0f0e3613f9,时间状语候选,时间/处所功能结构,国际中文教育中文水平等级标准·语法学习手册（中等）,150,是目标语法点,正确,目标用例,多数裁决,多数裁决,多数裁决,B-多数裁决
ASGD-2027-2497,6c86f7ca41e14cdc,处所状语候选,时间/处所功能结构,国际中文教育中文水平等级标准·语法学习手册（初等）,21,是目标语法点,正确,目标用例,多数裁决,多数裁决,多数裁决,B-多数裁决
ASGD-2027-2498,b5203c9cd0d6e1c8,不如比较候选,比较构式,国际中文教育中文水平等级标准·语法学习手册（初等）,259,是目标语法点,正确,目标用例,多数裁决,多数裁决,多数裁决,B-多数裁决
ASGD-2027-2499,11b84a8f006a195c,时间状语候选,时间/处所功能结构,国际中文教育中文水平等级标准·语法学习手册（初等）,210,是目标语法点,正确,目标用例,多数裁决,多数裁决,多数裁决,B-多数裁决
ASGD-2027-2500,459892f4cd47a056,把字句候选,处置/受事重组构式,国际中文教育中文水平等级标准·语法学习手册（中等）,171,是目标语法点,正确,目标用例,三人一致,三人一致,三人一致,A-三人一致
ASGD-2027-2501,f92d14d44422db8b,对字介词框架候选,介词/框架结构,国际中文教育中文水平等级标准·语法学习手册（中等）,364,不是目标语法点,候选错误,表层触发但非目标,多数裁决,多数裁决,多数裁决,B-多数裁决
ASGD-2027-2502,2f46cc596fb018c2,时间状语候选,时间/处所功能结构,国际中文教育中文水平等级标准·语法学习手册（初等）,386,是目标语法点,正确,目标用例,多数裁决,多数裁决,多数裁决,B-多数裁决
ASGD-2027-2503,f4cd2544a923dd64,时间状语候选,时间/处所功能结构,国际中文教育中文水平等级标准·语法学习手册（中等）,103,是目标语法点,正确,目标用例,三人一致,多数裁决,多数裁决,B-多数裁决
ASGD-2027-2504,4bf2e9458d9315de,把字句候选,处置/受事重组构式,国际中文教育中文水平等级标准·语法学习手册（中等）,172,是目标语法点,正确,目标用例,三人一致,三人一致,三人一致,A-三人一致
ASGD-2027-2505,84ba516eb93904b0,时间状语候选,时间/处所功能结构,国际中文教育中文水平等级标准·语法学习手册（中等）,182,是目标语法点,正确,目标用例,多数裁决,多数裁决,多数裁决,B-多数裁决
ASGD-2027-2506,faba0618fdd1eb3d,因为候选,复句关联结构,国际中文教育中文水平等级标准·语法学习手册（高等）,116,是目标语法点,正确,目标用例,三人一致,多数裁决,多数裁决,B-多数裁决
ASGD-2027-2507,df38c8c525537179,把字句候选,处置/受事重组构式,国际中文教育中文水平等级标准·语法学习手册（高等）,153,是目标语法点,正确,目标用例,三人一致,多数裁决,多数裁决,B-多数裁决
ASGD-2027-2508,114ac354f030ee67,给/为/关于等介词框架候选,介词/框架结构,国际中文教育中文水平等级标准·语法学习手册（高等）,169,是目标语法点,正确,目标用例,多数裁决,多数裁决,多数裁决,B-多数裁决
ASGD-2027-2509,296f5acae62ac493,处所状语候选,时间/处所功能结构,国际中文教育中文水平等级标准·语法学习手册（中等）,381,不是目标语法点,候选错误,表层触发但非目标,三人一致,三人一致,三人一致,A-三人一致
ASGD-2027-2510,3a29073b2cdcdc0b,给/为/关于等介词框架候选,介词/框架结构,国际中文教育中文水平等级标准·语法学习手册（初等）,46,是目标语法点,正确,目标用例,三人一致,三人一致,三人一致,A-三人一致
ASGD-2027-2511,f1da9b9f2848b607,被字句候选,被动/受事凸显构式,国际中文教育中文水平等级标准·语法学习手册（中等）,224,不是目标语法点,候选错误,表层触发但非目标,多数裁决,多数裁决,多数裁决,B-多数裁决
ASGD-2027-2512,ec7c5542d17f2303,因为候选,复句关联结构,国际中文教育中文水平等级标准·语法学习手册（初等）,237,是目标语法点,正确,目标用例,三人一致,多数裁决,多数裁决,B-多数裁决
ASGD-2027-2513,341b5976548c1ba9,时间状语候选,时间/处所功能结构,国际中文教育中文水平等级标准·语法学习手册（中等）,60,是目标语法点,正确,目标用例,三人一致,三人一致,三人一致,A-三人一致
ASGD-2027-2514,1e93177f41acb9da,处所状语候选,时间/处所功能结构,国际中文教育中文水平等级标准·语法学习手册（初等）,31,不是目标语法点,候选错误,表层触发但非目标,多数裁决,多数裁决,多数裁决,B-多数裁决
ASGD-2027-2515,b07fd69a0e4e452b,时间状语候选,时间/处所功能结构,国际中文教育中文水平等级标准·语法学习手册（初等）,249,是目标语法点,正确,目标用例,三人一致,三人一致,三人一致,A-三人一致
ASGD-2027-2516,e703d134a1a5fe69,连动结构候选,多谓词/论元结构,国际中文教育中文水平等级标准·语法学习手册（初等）,146,是目标语法点,边界不完整,边界问题,三人一致,多数裁决,多数裁决,B-多数裁决
ASGD-2027-2517,eb5dc089abf4ca03,趋向补语候选,补语结构,国际中文教育中文水平等级标准·语法学习手册（初等）,66,是目标语法点,正确,目标用例,三人一致,多数裁决,多数裁决,B-多数裁决
ASGD-2027-2518,61ee6e47f8a60779,所以候选,复句关联结构,国际中文教育中文水平等级标准·语法学习手册（高等）,173,是目标语法点,正确,目标用例,三人一致,三人一致,三人一致,A-三人一致
ASGD-2027-2519,820bf94fcdcdcf30,处所状语候选,时间/处所功能结构,国际中文教育中文水平等级标准·语法学习手册（初等）,20,不是目标语法点,候选错误,表层触发但非目标,多数裁决,多数裁决,多数裁决,B-多数裁决
ASGD-2027-2520,1c23b27fd5eef812,双宾/给予结构候选,多谓词/论元结构,国际中文教育中文水平等级标准·语法学习手册（中等）,344,是目标语法点,正确,目标用例,三人一致,三人一致,三人一致,A-三人一致
ASGD-2027-2521,cbba004e8821cf4a,比字比较候选,比较构式,国际中文教育中文水平等级标准·语法学习手册（高等）,58,不是目标语法点,候选错误,表层触发但非目标,三人一致,三人一致,三人一致,A-三人一致
ASGD-2027-2522,5726f2b92deb7455,从字介词框架候选,介词/框架结构,国际中文教育中文水平等级标准·语法学习手册（初等）,173,是目标语法点,正确,目标用例,三人一致,三人一致,三人一致,A-三人一致
ASGD-2027-2523,a2df9d40c59e94b0,得字补语候选,补语结构,国际中文教育中文水平等级标准·语法学习手册（初等）,348,不是目标语法点,候选错误,表层触发但非目标,多数裁决,多数裁决,多数裁决,B-多数裁决
ASGD-2027-2524,0a331921bb139d3c,把字句候选,处置/受事重组构式,国际中文教育中文水平等级标准·语法学习手册（中等）,371,是目标语法点,候选错误,表层触发但非目标,多数裁决,无多数-标注者2裁决,无多数-标注者2裁决,C-标注者2裁决
ASGD-2027-2525,d3c1ddfba370dbe8,把字句候选,处置/受事重组构式,国际中文教育中文水平等级标准·语法学习手册（高等）,117,是目标语法点,正确,目标用例,三人一致,三人一致,三人一致,A-三人一致
ASGD-2027-2526,45d2f0ce4f95d03e,时间状语候选,时间/处所功能结构,国际中文教育中文水平等级标准·语法学习手册（中等）,154,是目标语法点,正确,目标用例,三人一致,三人一致,三人一致,A-三人一致
ASGD-2027-2527,a2a510b200689c8b,把字句候选,处置/受事重组构式,国际中文教育中文水平等级标准·语法学习手册（高等）,67,是目标语法点,正确,目标用例,三人一致,三人一致,三人一致,A-三人一致
ASGD-2027-2528,4cd506c0b25b7501,把字句候选,处置/受事重组构式,国际中文教育中文水平等级标准·语法学习手册（中等）,80,是目标语法点,正确,目标用例,三人一致,三人一致,三人一致,A-三人一致
ASGD-2027-2529,fda877cbb229cb94,把字句候选,处置/受事重组构式,国际中文教育中文水平等级标准·语法学习手册（高等）,153,是目标语法点,正确,目标用例,三人一致,三人一致,三人一致,A-三人一致
ASGD-2027-2530,a58e3acef2d6f089,把字句候选,处置/受事重组构式,国际中文教育中文水平等级标准·语法学习手册（高等）,212,是目标语法点,正确,目标用例,三人一致,多数裁决,多数裁决,B-多数裁决
ASGD-2027-2531,e61434f2c3a4c954,时间状语候选,时间/处所功能结构,国际中文教育中文水平等级标准·语法学习手册（初等）,168,是目标语法点,正确,目标用例,三人一致,三人一致,三人一致,A-三人一致
ASGD-2027-2532,b5db778af37fa071,被字句候选,被动/受事凸显构式,国际中文教育中文水平等级标准·语法学习手册（初等）,358,是目标语法点,正确,目标用例,三人一致,多数裁决,多数裁决,B-多数裁决
ASGD-2027-2533,2a2043d59671112b,连动结构候选,多谓词/论元结构,国际中文教育中文水平等级标准·语法学习手册（初等）,169,是目标语法点,正确,目标用例,三人一致,三人一致,三人一致,A-三人一致
ASGD-2027-2534,4e98619fecb8d1ac,处所状语候选,时间/处所功能结构,国际中文教育中文水平等级标准·语法学习手册（初等）,66,是目标语法点,正确,目标用例,多数裁决,多数裁决,多数裁决,B-多数裁决
ASGD-2027-2535,ed5d52d98741d36c,在字介词框架候选,介词/框架结构,国际中文教育中文水平等级标准·语法学习手册（中等）,161,是目标语法点,正确,目标用例,多数裁决,多数裁决,多数裁决,B-多数裁决
ASGD-2027-2536,e68390849ec27f41,比字比较候选,比较构式,国际中文教育中文水平等级标准·语法学习手册（中等）,236,不是目标语法点,候选错误,表层触发但非目标,三人一致,三人一致,三人一致,A-三人一致
ASGD-2027-2537,bff76a2456dc14e5,一边...一边候选,复句关联结构,国际中文教育中文水平等级标准·语法学习手册（初等）,99,是目标语法点,正确,目标用例,三人一致,多数裁决,多数裁决,B-多数裁决
ASGD-2027-2538,9bbd3a633b46bc93,双宾/给予结构候选,多谓词/论元结构,国际中文教育中文水平等级标准·语法学习手册（初等）,360,是目标语法点,正确,目标用例,多数裁决,多数裁决,多数裁决,B-多数裁决
ASGD-2027-2539,c11a6496e6f8438a,处所状语候选,时间/处所功能结构,国际中文教育中文水平等级标准·语法学习手册（初等）,21,是目标语法点,正确,目标用例,多数裁决,多数裁决,多数裁决,B-多数裁决
ASGD-2027-2540,5c434cd493263f25,在字介词框架候选,介词/框架结构,国际中文教育中文水平等级标准·语法学习手册（高等）,134,是目标语法点,正确,目标用例,三人一致,多数裁决,多数裁决,B-多数裁决
ASGD-2027-2541,90e7fb60464d7ace,时间状语候选,时间/处所功能结构,国际中文教育中文水平等级标准·语法学习手册（中等）,127,是目标语法点,正确,目标用例,多数裁决,多数裁决,多数裁决,B-多数裁决
ASGD-2027-2542,da96f21c203faa33,双宾/给予结构候选,多谓词/论元结构,国际中文教育中文水平等级标准·语法学习手册（初等）,341,不是目标语法点,候选错误,表层触发但非目标,三人一致,三人一致,三人一致,A-三人一致
ASGD-2027-2543,bb4214dc5c6b6bea,时间状语候选,时间/处所功能结构,国际中文教育中文水平等级标准·语法学习手册（中等）,192,是目标语法点,正确,目标用例,多数裁决,多数裁决,多数裁决,B-多数裁决
ASGD-2027-2544,9eae6bf2b213f1c7,时间状语候选,时间/处所功能结构,国际中文教育中文水平等级标准·语法学习手册（高等）,67,是目标语法点,正确,目标用例,三人一致,三人一致,三人一致,A-三人一致
ASGD-2027-2545,59e44fa7123b5538,数量/时量补语候选,补语结构,国际中文教育中文水平等级标准·语法学习手册（中等）,214,是目标语法点,候选错误,表层触发但非目标,多数裁决,无多数-标注者2裁决,无多数-标注者2裁决,C-标注者2裁决
ASGD-2027-2546,2cce31c7e1f4e435,给/为/关于等介词框架候选,介词/框架结构,国际中文教育中文水平等级标准·语法学习手册（初等）,326,是目标语法点,正确,目标用例,三人一致,三人一致,三人一致,A-三人一致
ASGD-2027-2547,731eae2f530447c4,时间状语候选,时间/处所功能结构,国际中文教育中文水平等级标准·语法学习手册（初等）,164,是目标语法点,正确,目标用例,三人一致,三人一致,三人一致,A-三人一致
ASGD-2027-2548,6f70d44995a5e5f6,即使候选,复句关联结构,国际中文教育中文水平等级标准·语法学习手册（中等）,248,是目标语法点,正确,目标用例,三人一致,三人一致,三人一致,A-三人一致
ASGD-2027-2549,bbbd003bc6edaf71,对字介词框架候选,介词/框架结构,国际中文教育中文水平等级标准·语法学习手册（高等）,180,是目标语法点,正确,目标用例,三人一致,三人一致,三人一致,A-三人一致
ASGD-2027-2550,96d20a51e61f9c00,被字句候选,被动/受事凸显构式,国际中文教育中文水平等级标准·语法学习手册（初等）,399,是目标语法点,正确,目标用例,三人一致,多数裁决,多数裁决,B-多数裁决
ASGD-2027-2551,96a7684f569e72de,只要候选,复句关联结构,国际中文教育中文水平等级标准·语法学习手册（高等）,23,是目标语法点,正确,目标用例,三人一致,三人一致,三人一致,A-三人一致
ASGD-2027-2552,c70c3f4e70595196,处所状语候选,时间/处所功能结构,国际中文教育中文水平等级标准·语法学习手册（初等）,19,是目标语法点,正确,目标用例,三人一致,三人一致,三人一致,A-三人一致
ASGD-2027-2553,e062f16efa0d46ad,把字句候选,处置/受事重组构式,国际中文教育中文水平等级标准·语法学习手册（初等）,356,是目标语法点,正确,目标用例,三人一致,三人一致,三人一致,A-三人一致
ASGD-2027-2554,d11cdca01c32b73e,把字句候选,处置/受事重组构式,国际中文教育中文水平等级标准·语法学习手册（中等）,132,是目标语法点,正确,目标用例,三人一致,三人一致,三人一致,A-三人一致
ASGD-2027-2555,f40eeff2823ad13d,处所状语候选,时间/处所功能结构,国际中文教育中文水平等级标准·语法学习手册（中等）,86,是目标语法点,正确,目标用例,多数裁决,多数裁决,多数裁决,B-多数裁决
ASGD-2027-2556,c009f90fb2e41705,数量/时量补语候选,补语结构,国际中文教育中文水平等级标准·语法学习手册（初等）,121,是目标语法点,正确,目标用例,三人一致,多数裁决,多数裁决,B-多数裁决
ASGD-2027-2557,8f3d6fc73c6bc79c,被字句候选,被动/受事凸显构式,国际中文教育中文水平等级标准·语法学习手册（初等）,359,是目标语法点,候选错误,表层触发但非目标,多数裁决,无多数-标注者2裁决,无多数-标注者2裁决,C-标注者2裁决
ASGD-2027-2558,01d66681bfb523cd,时间状语候选,时间/处所功能结构,国际中文教育中文水平等级标准·语法学习手册（中等）,230,是目标语法点,正确,目标用例,多数裁决,多数裁决,多数裁决,B-多数裁决
ASGD-2027-2559,0a1c386014d81421,没有比较候选,比较构式,国际中文教育中文水平等级标准·语法学习手册（初等）,199,不是目标语法点,候选错误,表层触发但非目标,三人一致,三人一致,三人一致,A-三人一致
ASGD-2027-2560,52970933ebe16b81,被字句候选,被动/受事凸显构式,国际中文教育中文水平等级标准·语法学习手册（中等）,161,是目标语法点,正确,目标用例,三人一致,多数裁决,多数裁决,B-多数裁决
ASGD-2027-2561,f27b9233418ef7ef,处所状语候选,时间/处所功能结构,国际中文教育中文水平等级标准·语法学习手册（中等）,380,不是目标语法点,候选错误,表层触发但非目标,多数裁决,多数裁决,多数裁决,B-多数裁决
ASGD-2027-2562,ee2a8ee2c887d006,给/为/关于等介词框架候选,介词/框架结构,国际中文教育中文水平等级标准·语法学习手册（中等）,201,是目标语法点,正确,目标用例,多数裁决,多数裁决,多数裁决,B-多数裁决
ASGD-2027-2563,05a8b2a8704a161f,时间状语候选,时间/处所功能结构,国际中文教育中文水平等级标准·语法学习手册（高等）,159,是目标语法点,正确,目标用例,三人一致,三人一致,三人一致,A-三人一致
ASGD-2027-2564,d489d435385d2062,把字句候选,处置/受事重组构式,国际中文教育中文水平等级标准·语法学习手册（中等）,218,是目标语法点,正确,目标用例,三人一致,三人一致,三人一致,A-三人一致
ASGD-2027-2565,30a429fa7d51a9f7,在字介词框架候选,介词/框架结构,国际中文教育中文水平等级标准·语法学习手册（初等）,346,是目标语法点,正确,目标用例,三人一致,三人一致,三人一致,A-三人一致
ASGD-2027-2566,b92e54eaefb53043,数量/时量补语候选,补语结构,国际中文教育中文水平等级标准·语法学习手册（高等）,96,是目标语法点,正确,目标用例,多数裁决,多数裁决,多数裁决,B-多数裁决
ASGD-2027-2567,5b9923cc473afb81,处所状语候选,时间/处所功能结构,国际中文教育中文水平等级标准·语法学习手册（中等）,381,不是目标语法点,候选错误,表层触发但非目标,多数裁决,多数裁决,多数裁决,B-多数裁决
ASGD-2027-2568,0d0a2b7754eef9f0,一边...一边候选,复句关联结构,国际中文教育中文水平等级标准·语法学习手册（初等）,99,是目标语法点,正确,目标用例,三人一致,多数裁决,多数裁决,B-多数裁决
ASGD-2027-2569,149797fcf9ac68f2,双宾/给予结构候选,多谓词/论元结构,国际中文教育中文水平等级标准·语法学习手册（中等）,133,不是目标语法点,候选错误,表层触发但非目标,多数裁决,多数裁决,多数裁决,B-多数裁决
ASGD-2027-2570,3db3fe3a4aff9643,数量/时量补语候选,补语结构,国际中文教育中文水平等级标准·语法学习手册（中等）,210,是目标语法点,候选错误,表层触发但非目标,多数裁决,无多数-标注者2裁决,无多数-标注者2裁决,C-标注者2裁决
ASGD-2027-2571,be71b05fe63eaa91,所以候选,复句关联结构,国际中文教育中文水平等级标准·语法学习手册（中等）,322,是目标语法点,正确,目标用例,三人一致,三人一致,三人一致,A-三人一致
ASGD-2027-2572,c6a9ebc665228947,时间状语候选,时间/处所功能结构,国际中文教育中文水平等级标准·语法学习手册（高等）,43,是目标语法点,正确,目标用例,三人一致,多数裁决,多数裁决,B-多数裁决
ASGD-2027-2573,d2e33a67f26b4634,时间状语候选,时间/处所功能结构,国际中文教育中文水平等级标准·语法学习手册（中等）,97,是目标语法点,正确,目标用例,三人一致,三人一致,三人一致,A-三人一致
ASGD-2027-2574,f8cee917380c72f3,因为候选,复句关联结构,国际中文教育中文水平等级标准·语法学习手册（初等）,326,是目标语法点,正确,目标用例,三人一致,多数裁决,多数裁决,B-多数裁决
ASGD-2027-2575,472bb4e5244be08c,向/往/朝介词框架候选,介词/框架结构,国际中文教育中文水平等级标准·语法学习手册（初等）,324,是目标语法点,正确,目标用例,三人一致,三人一致,三人一致,A-三人一致
ASGD-2027-2576,4a1b59893d1eed4c,从字介词框架候选,介词/框架结构,国际中文教育中文水平等级标准·语法学习手册（初等）,67,是目标语法点,正确,目标用例,三人一致,多数裁决,多数裁决,B-多数裁决
ASGD-2027-2577,76eeef3b267d5dd6,时间状语候选,时间/处所功能结构,国际中文教育中文水平等级标准·语法学习手册（中等）,106,是目标语法点,正确,目标用例,三人一致,三人一致,三人一致,A-三人一致
ASGD-2027-2578,e30facac9d66dbc3,虽然...但是候选,复句关联结构,国际中文教育中文水平等级标准·语法学习手册（中等）,38,是目标语法点,边界不完整,边界问题,三人一致,多数裁决,多数裁决,B-多数裁决
ASGD-2027-2579,7106578764524252,越...越候选,比较构式,国际中文教育中文水平等级标准·语法学习手册（高等）,110,是目标语法点,正确,目标用例,三人一致,三人一致,三人一致,A-三人一致
ASGD-2027-2580,e02842cc50ee7e84,双宾/给予结构候选,多谓词/论元结构,国际中文教育中文水平等级标准·语法学习手册（初等）,193,不是目标语法点,候选错误,表层触发但非目标,多数裁决,多数裁决,多数裁决,B-多数裁决
ASGD-2027-2581,e1d982f8030079a1,处所状语候选,时间/处所功能结构,国际中文教育中文水平等级标准·语法学习手册（中等）,331,不是目标语法点,候选错误,表层触发但非目标,多数裁决,多数裁决,多数裁决,B-多数裁决
ASGD-2027-2582,7cfbe09c9a0c6c79,时间状语候选,时间/处所功能结构,国际中文教育中文水平等级标准·语法学习手册（高等）,90,是目标语法点,正确,目标用例,多数裁决,多数裁决,多数裁决,B-多数裁决
ASGD-2027-2583,f739a5c3dfa3717d,双宾/给予结构候选,多谓词/论元结构,国际中文教育中文水平等级标准·语法学习手册（初等）,210,是目标语法点,正确,目标用例,多数裁决,多数裁决,多数裁决,B-多数裁决
ASGD-2027-2584,10502ef43776850e,时间状语候选,时间/处所功能结构,国际中文教育中文水平等级标准·语法学习手册（中等）,51,是目标语法点,正确,目标用例,三人一致,三人一致,三人一致,A-三人一致
ASGD-2027-2585,fb0337f2b091b690,没有比较候选,比较构式,国际中文教育中文水平等级标准·语法学习手册（初等）,65,是目标语法点,正确,目标用例,多数裁决,多数裁决,多数裁决,B-多数裁决
ASGD-2027-2586,4467e2c2726a9f0a,结果补语候选,补语结构,国际中文教育中文水平等级标准·语法学习手册（初等）,289,是目标语法点,正确,目标用例,三人一致,三人一致,三人一致,A-三人一致
ASGD-2027-2587,0439bcf6bba76250,把字句候选,处置/受事重组构式,国际中文教育中文水平等级标准·语法学习手册（初等）,356,是目标语法点,正确,目标用例,三人一致,多数裁决,多数裁决,B-多数裁决
ASGD-2027-2588,ceda9c95822788f9,对字介词框架候选,介词/框架结构,国际中文教育中文水平等级标准·语法学习手册（初等）,140,是目标语法点,正确,目标用例,三人一致,三人一致,三人一致,A-三人一致
ASGD-2027-2589,5467afa892e07097,结果补语候选,补语结构,国际中文教育中文水平等级标准·语法学习手册（中等）,21,是目标语法点,正确,目标用例,三人一致,多数裁决,多数裁决,B-多数裁决
ASGD-2027-2590,e81f74bf81b97b4b,把字句候选,处置/受事重组构式,国际中文教育中文水平等级标准·语法学习手册（中等）,62,是目标语法点,正确,目标用例,三人一致,三人一致,三人一致,A-三人一致
ASGD-2027-2591,3cf24691e8bb2234,双宾/给予结构候选,多谓词/论元结构,国际中文教育中文水平等级标准·语法学习手册（高等）,81,是目标语法点,正确,目标用例,多数裁决,多数裁决,多数裁决,B-多数裁决
ASGD-2027-2592,eebd5d770c78f271,时间状语候选,时间/处所功能结构,国际中文教育中文水平等级标准·语法学习手册（中等）,25,是目标语法点,边界过长,边界问题,多数裁决,无多数-标注者2裁决,无多数-标注者2裁决,C-标注者2裁决
ASGD-2027-2593,18871ea1edd50de3,把字句候选,处置/受事重组构式,国际中文教育中文水平等级标准·语法学习手册（中等）,223,是目标语法点,正确,目标用例,三人一致,三人一致,三人一致,A-三人一致
ASGD-2027-2594,f5d7100f6edcc57d,处所状语候选,时间/处所功能结构,国际中文教育中文水平等级标准·语法学习手册（中等）,57,是目标语法点,正确,目标用例,三人一致,三人一致,三人一致,A-三人一致
ASGD-2027-2595,90b22d22fd7ba401,时间状语候选,时间/处所功能结构,国际中文教育中文水平等级标准·语法学习手册（初等）,72,是目标语法点,正确,目标用例,多数裁决,多数裁决,多数裁决,B-多数裁决
ASGD-2027-2596,b53791e29c68daf6,得字补语候选,补语结构,国际中文教育中文水平等级标准·语法学习手册（高等）,122,是目标语法点,正确,目标用例,三人一致,多数裁决,多数裁决,B-多数裁决
ASGD-2027-2597,d48f053d85a4f655,把字句候选,处置/受事重组构式,国际中文教育中文水平等级标准·语法学习手册（中等）,287,是目标语法点,正确,目标用例,三人一致,多数裁决,多数裁决,B-多数裁决
ASGD-2027-2598,196374df421c8fb5,没有比较候选,比较构式,国际中文教育中文水平等级标准·语法学习手册（初等）,281,不是目标语法点,候选错误,表层触发但非目标,三人一致,三人一致,三人一致,A-三人一致
ASGD-2027-2599,ed49852f850ce947,没有比较候选,比较构式,国际中文教育中文水平等级标准·语法学习手册（高等）,131,是目标语法点,正确,目标用例,三人一致,三人一致,三人一致,A-三人一致
ASGD-2027-2600,5d7938bde8faaa1a,可能补语候选,补语结构,国际中文教育中文水平等级标准·语法学习手册（中等）,61,是目标语法点,正确,目标用例,三人一致,三人一致,三人一致,A-三人一致
ASGD-2027-2601,a0aa11f0e45005be,得字补语候选,补语结构,国际中文教育中文水平等级标准·语法学习手册（中等）,142,是目标语法点,边界过长,边界问题,三人一致,无多数-标注者2裁决,多数裁决,C-标注者2裁决
ASGD-2027-2602,d4e1cd5c5a84e255,把字句候选,处置/受事重组构式,国际中文教育中文水平等级标准·语法学习手册（高等）,69,是目标语法点,正确,目标用例,三人一致,多数裁决,多数裁决,B-多数裁决
ASGD-2027-2603,a8838fbb2dbac274,得字补语候选,补语结构,国际中文教育中文水平等级标准·语法学习手册（初等）,310,是目标语法点,正确,目标用例,三人一致,多数裁决,多数裁决,B-多数裁决
ASGD-2027-2604,7baec78853a81997,双宾/给予结构候选,多谓词/论元结构,国际中文教育中文水平等级标准·语法学习手册（高等）,153,是目标语法点,正确,目标用例,三人一致,三人一致,三人一致,A-三人一致
ASGD-2027-2605,d18fe2ea05207760,得字补语候选,补语结构,国际中文教育中文水平等级标准·语法学习手册（高等）,137,是目标语法点,候选错误,表层触发但非目标,多数裁决,无多数-标注者2裁决,无多数-标注者2裁决,C-标注者2裁决
ASGD-2027-2606,53c07db29422b465,得字补语候选,补语结构,国际中文教育中文水平等级标准·语法学习手册（中等）,143,不是目标语法点,候选错误,表层触发但非目标,多数裁决,多数裁决,多数裁决,B-多数裁决
ASGD-2027-2607,1e8048c738db482e,对字介词框架候选,介词/框架结构,国际中文教育中文水平等级标准·语法学习手册（初等）,174,是目标语法点,正确,目标用例,三人一致,三人一致,三人一致,A-三人一致
ASGD-2027-2608,16ac8d776accef21,给/为/关于等介词框架候选,介词/框架结构,国际中文教育中文水平等级标准·语法学习手册（中等）,298,不是目标语法点,候选错误,表层触发但非目标,多数裁决,多数裁决,多数裁决,B-多数裁决
ASGD-2027-2609,5bb2b025314fbf42,得字补语候选,补语结构,国际中文教育中文水平等级标准·语法学习手册（中等）,366,不是目标语法点,候选错误,表层触发但非目标,多数裁决,多数裁决,多数裁决,B-多数裁决
ASGD-2027-2610,c265c6172c169524,把字句候选,处置/受事重组构式,国际中文教育中文水平等级标准·语法学习手册（高等）,211,是目标语法点,正确,目标用例,三人一致,多数裁决,多数裁决,B-多数裁决
ASGD-2027-2611,ba27b97441adb87d,时间状语候选,时间/处所功能结构,国际中文教育中文水平等级标准·语法学习手册（中等）,356,是目标语法点,正确,目标用例,三人一致,三人一致,三人一致,A-三人一致
ASGD-2027-2612,e4a9f294871fc16d,比字比较候选,比较构式,国际中文教育中文水平等级标准·语法学习手册（高等）,90,不是目标语法点,候选错误,表层触发但非目标,三人一致,三人一致,三人一致,A-三人一致
ASGD-2027-2613,091a5c0007f57f64,没有比较候选,比较构式,国际中文教育中文水平等级标准·语法学习手册（初等）,131,是目标语法点,正确,目标用例,多数裁决,多数裁决,多数裁决,B-多数裁决
ASGD-2027-2614,37e218c16149969a,处所状语候选,时间/处所功能结构,国际中文教育中文水平等级标准·语法学习手册（中等）,381,是目标语法点,正确,目标用例,三人一致,三人一致,三人一致,A-三人一致
ASGD-2027-2615,a26edcf3dc6f9131,时间状语候选,时间/处所功能结构,国际中文教育中文水平等级标准·语法学习手册（高等）,48,是目标语法点,正确,目标用例,三人一致,三人一致,三人一致,A-三人一致
ASGD-2027-2616,41be5a7e8a0e4da0,所以候选,复句关联结构,国际中文教育中文水平等级标准·语法学习手册（初等）,382,是目标语法点,正确,目标用例,三人一致,三人一致,三人一致,A-三人一致
ASGD-2027-2617,a769d44e277b083d,得字补语候选,补语结构,国际中文教育中文水平等级标准·语法学习手册（高等）,122,是目标语法点,正确,目标用例,三人一致,多数裁决,多数裁决,B-多数裁决
ASGD-2027-2618,044ac6208f8b5060,即使候选,复句关联结构,国际中文教育中文水平等级标准·语法学习手册（高等）,139,是目标语法点,正确,目标用例,三人一致,三人一致,三人一致,A-三人一致
ASGD-2027-2619,d55f0f7cd6d436d4,处所状语候选,时间/处所功能结构,国际中文教育中文水平等级标准·语法学习手册（中等）,294,是目标语法点,正确,目标用例,三人一致,多数裁决,多数裁决,B-多数裁决
ASGD-2027-2620,098bcd43be3dd8d8,不但...而且候选,复句关联结构,国际中文教育中文水平等级标准·语法学习手册（初等）,224,是目标语法点,正确,目标用例,三人一致,多数裁决,多数裁决,B-多数裁决
ASGD-2027-2621,cbb390238b8125ff,被字句候选,被动/受事凸显构式,国际中文教育中文水平等级标准·语法学习手册（高等）,95,是目标语法点,正确,目标用例,多数裁决,多数裁决,多数裁决,B-多数裁决
ASGD-2027-2622,d80deb4e85eb5946,处所状语候选,时间/处所功能结构,国际中文教育中文水平等级标准·语法学习手册（中等）,39,不是目标语法点,候选错误,表层触发但非目标,多数裁决,多数裁决,多数裁决,B-多数裁决
ASGD-2027-2623,16ce3a0fb26f9eb0,时间状语候选,时间/处所功能结构,国际中文教育中文水平等级标准·语法学习手册（高等）,129,是目标语法点,正确,目标用例,三人一致,三人一致,三人一致,A-三人一致
ASGD-2027-2624,b4f70edcfbbefe23,趋向补语候选,补语结构,国际中文教育中文水平等级标准·语法学习手册（中等）,21,是目标语法点,正确,目标用例,三人一致,多数裁决,多数裁决,B-多数裁决
ASGD-2027-2625,6ccb07517a263bd0,把字句候选,处置/受事重组构式,国际中文教育中文水平等级标准·语法学习手册（高等）,212,是目标语法点,正确,目标用例,三人一致,三人一致,三人一致,A-三人一致
ASGD-2027-2626,d551090d34949170,没有比较候选,比较构式,国际中文教育中文水平等级标准·语法学习手册（初等）,132,是目标语法点,正确,目标用例,多数裁决,多数裁决,多数裁决,B-多数裁决
ASGD-2027-2627,321cdf5d3d4f384d,在字介词框架候选,介词/框架结构,国际中文教育中文水平等级标准·语法学习手册（初等）,270,是目标语法点,候选错误,表层触发但非目标,多数裁决,无多数-标注者2裁决,无多数-标注者2裁决,C-标注者2裁决
ASGD-2027-2628,021218ff60458519,比字比较候选,比较构式,国际中文教育中文水平等级标准·语法学习手册（初等）,365,是目标语法点,正确,目标用例,三人一致,三人一致,三人一致,A-三人一致
ASGD-2027-2629,056d5d7e6bac03ea,但是候选,复句关联结构,国际中文教育中文水平等级标准·语法学习手册（初等）,128,是目标语法点,正确,目标用例,三人一致,三人一致,三人一致,A-三人一致
ASGD-2027-2630,523da241dc568771,把字句候选,处置/受事重组构式,国际中文教育中文水平等级标准·语法学习手册（中等）,220,是目标语法点,正确,目标用例,三人一致,三人一致,三人一致,A-三人一致
ASGD-2027-2631,cc71e44ea86ef464,既然候选,复句关联结构,国际中文教育中文水平等级标准·语法学习手册（中等）,109,是目标语法点,正确,目标用例,三人一致,多数裁决,多数裁决,B-多数裁决
ASGD-2027-2632,5eb05f14875f4e0a,处所状语候选,时间/处所功能结构,国际中文教育中文水平等级标准·语法学习手册（初等）,19,是目标语法点,边界过长,边界问题,多数裁决,无多数-标注者2裁决,无多数-标注者2裁决,C-标注者2裁决
ASGD-2027-2633,afe92229d3411b67,处所状语候选,时间/处所功能结构,国际中文教育中文水平等级标准·语法学习手册（初等）,42,不是目标语法点,候选错误,表层触发但非目标,多数裁决,多数裁决,多数裁决,B-多数裁决
ASGD-2027-2634,89d2661c31446e84,数量/时量补语候选,补语结构,国际中文教育中文水平等级标准·语法学习手册（中等）,82,是目标语法点,正确,目标用例,三人一致,多数裁决,多数裁决,B-多数裁决
ASGD-2027-2635,4c9ae03358eb6d79,双宾/给予结构候选,多谓词/论元结构,国际中文教育中文水平等级标准·语法学习手册（初等）,332,是目标语法点,正确,目标用例,多数裁决,多数裁决,多数裁决,B-多数裁决
ASGD-2027-2636,88dfd3a0f63e1db1,处所状语候选,时间/处所功能结构,国际中文教育中文水平等级标准·语法学习手册（中等）,381,是目标语法点,正确,目标用例,多数裁决,多数裁决,多数裁决,B-多数裁决
ASGD-2027-2637,5b746996ef000574,数量/时量补语候选,补语结构,国际中文教育中文水平等级标准·语法学习手册（初等）,170,是目标语法点,正确,目标用例,多数裁决,多数裁决,多数裁决,B-多数裁决
ASGD-2027-2638,b36162723b789a87,把字句候选,处置/受事重组构式,国际中文教育中文水平等级标准·语法学习手册（中等）,218,是目标语法点,正确,目标用例,三人一致,多数裁决,多数裁决,B-多数裁决
ASGD-2027-2639,c5931d50cfee5b74,给/为/关于等介词框架候选,介词/框架结构,国际中文教育中文水平等级标准·语法学习手册（中等）,31,是目标语法点,正确,目标用例,多数裁决,多数裁决,多数裁决,B-多数裁决
ASGD-2027-2640,397e40eb51a4b561,趋向补语候选,补语结构,国际中文教育中文水平等级标准·语法学习手册（中等）,336,是目标语法点,正确,目标用例,三人一致,多数裁决,多数裁决,B-多数裁决
ASGD-2027-2641,bdf6e1e763a696b9,趋向补语候选,补语结构,国际中文教育中文水平等级标准·语法学习手册（中等）,209,是目标语法点,正确,目标用例,三人一致,多数裁决,多数裁决,B-多数裁决
ASGD-2027-2642,d4edb659809073a8,处所状语候选,时间/处所功能结构,国际中文教育中文水平等级标准·语法学习手册（中等）,293,是目标语法点,正确,目标用例,三人一致,多数裁决,多数裁决,B-多数裁决
ASGD-2027-2643,d13d223801f80a0b,没有比较候选,比较构式,国际中文教育中文水平等级标准·语法学习手册（高等）,101,不是目标语法点,候选错误,表层触发但非目标,三人一致,三人一致,三人一致,A-三人一致
ASGD-2027-2644,c39681a2b6dd158a,数量/时量补语候选,补语结构,国际中文教育中文水平等级标准·语法学习手册（高等）,33,是目标语法点,正确,目标用例,三人一致,多数裁决,多数裁决,B-多数裁决
ASGD-2027-2645,53dd36325eab5a91,时间状语候选,时间/处所功能结构,国际中文教育中文水平等级标准·语法学习手册（初等）,110,是目标语法点,正确,目标用例,三人一致,三人一致,三人一致,A-三人一致
ASGD-2027-2646,6d4c5c182c9508b1,把字句候选,处置/受事重组构式,国际中文教育中文水平等级标准·语法学习手册（中等）,223,是目标语法点,正确,目标用例,三人一致,三人一致,三人一致,A-三人一致
ASGD-2027-2647,e1b91167ffbe4928,如果候选,复句关联结构,国际中文教育中文水平等级标准·语法学习手册（中等）,241,是目标语法点,正确,目标用例,三人一致,多数裁决,多数裁决,B-多数裁决
ASGD-2027-2648,95f60f810fe536f2,比字比较候选,比较构式,国际中文教育中文水平等级标准·语法学习手册（初等）,263,不是目标语法点,候选错误,表层触发但非目标,三人一致,三人一致,三人一致,A-三人一致
ASGD-2027-2649,5d32ac7e794d6918,从字介词框架候选,介词/框架结构,国际中文教育中文水平等级标准·语法学习手册（初等）,172,是目标语法点,正确,目标用例,三人一致,三人一致,三人一致,A-三人一致
ASGD-2027-2650,4502c54bcea2af70,处所状语候选,时间/处所功能结构,国际中文教育中文水平等级标准·语法学习手册（中等）,293,是目标语法点,边界过长,边界问题,多数裁决,无多数-标注者2裁决,无多数-标注者2裁决,C-标注者2裁决
ASGD-2027-2651,ba2275eefcaacdaf,对字介词框架候选,介词/框架结构,国际中文教育中文水平等级标准·语法学习手册（初等）,298,不是目标语法点,候选错误,表层触发但非目标,多数裁决,多数裁决,多数裁决,B-多数裁决
ASGD-2027-2652,276bb172c6e9ac14,时间状语候选,时间/处所功能结构,国际中文教育中文水平等级标准·语法学习手册（中等）,231,是目标语法点,正确,目标用例,多数裁决,多数裁决,多数裁决,B-多数裁决
ASGD-2027-2653,d1f53275aa9aae8e,在字介词框架候选,介词/框架结构,国际中文教育中文水平等级标准·语法学习手册（高等）,202,是目标语法点,正确,目标用例,三人一致,多数裁决,多数裁决,B-多数裁决
ASGD-2027-2654,24c061835f32ec67,既然候选,复句关联结构,国际中文教育中文水平等级标准·语法学习手册（中等）,329,是目标语法点,正确,目标用例,三人一致,三人一致,三人一致,A-三人一致
ASGD-2027-2655,e30a83dcd8bc8598,结果补语候选,补语结构,国际中文教育中文水平等级标准·语法学习手册（初等）,372,是目标语法点,正确,目标用例,三人一致,三人一致,三人一致,A-三人一致
ASGD-2027-2656,03798007ce24a28b,给/为/关于等介词框架候选,介词/框架结构,国际中文教育中文水平等级标准·语法学习手册（初等）,330,是目标语法点,正确,目标用例,多数裁决,多数裁决,多数裁决,B-多数裁决
ASGD-2027-2657,5b164ea6dc28a308,数量/时量补语候选,补语结构,国际中文教育中文水平等级标准·语法学习手册（中等）,188,是目标语法点,正确,目标用例,三人一致,多数裁决,多数裁决,B-多数裁决
ASGD-2027-2658,64638947aab6d5a5,在字介词框架候选,介词/框架结构,国际中文教育中文水平等级标准·语法学习手册（高等）,60,是目标语法点,正确,目标用例,多数裁决,多数裁决,多数裁决,B-多数裁决
ASGD-2027-2659,55cec2b214bce3c9,处所状语候选,时间/处所功能结构,国际中文教育中文水平等级标准·语法学习手册（中等）,86,不是目标语法点,候选错误,表层触发但非目标,多数裁决,多数裁决,多数裁决,B-多数裁决
ASGD-2027-2660,66c8ba993adebc6c,处所状语候选,时间/处所功能结构,国际中文教育中文水平等级标准·语法学习手册（中等）,293,是目标语法点,正确,目标用例,多数裁决,多数裁决,多数裁决,B-多数裁决
ASGD-2027-2661,890e6fbb17add6c4,比字比较候选,比较构式,国际中文教育中文水平等级标准·语法学习手册（中等）,94,不是目标语法点,候选错误,表层触发但非目标,三人一致,三人一致,三人一致,A-三人一致
ASGD-2027-2662,459e0f9a01139c71,双宾/给予结构候选,多谓词/论元结构,国际中文教育中文水平等级标准·语法学习手册（中等）,27,不是目标语法点,候选错误,表层触发但非目标,三人一致,三人一致,三人一致,A-三人一致
ASGD-2027-2663,d8d32fa5133df9ad,在字介词框架候选,介词/框架结构,国际中文教育中文水平等级标准·语法学习手册（初等）,112,是目标语法点,正确,目标用例,多数裁决,多数裁决,多数裁决,B-多数裁决
ASGD-2027-2664,d602bebd45233b3e,没有比较候选,比较构式,国际中文教育中文水平等级标准·语法学习手册（高等）,69,不是目标语法点,候选错误,表层触发但非目标,三人一致,三人一致,三人一致,A-三人一致
ASGD-2027-2665,c79a14b1a2634840,处所状语候选,时间/处所功能结构,国际中文教育中文水平等级标准·语法学习手册（初等）,66,是目标语法点,正确,目标用例,多数裁决,多数裁决,多数裁决,B-多数裁决
ASGD-2027-2666,7c42cf85fdb0725f,趋向补语候选,补语结构,国际中文教育中文水平等级标准·语法学习手册（初等）,346,是目标语法点,正确,目标用例,三人一致,多数裁决,多数裁决,B-多数裁决
ASGD-2027-2667,0c597781cc53b70b,时间状语候选,时间/处所功能结构,国际中文教育中文水平等级标准·语法学习手册（初等）,185,是目标语法点,正确,目标用例,三人一致,三人一致,三人一致,A-三人一致
ASGD-2027-2668,d5c8006a69d9f92f,比字比较候选,比较构式,国际中文教育中文水平等级标准·语法学习手册（高等）,165,不是目标语法点,候选错误,表层触发但非目标,三人一致,三人一致,三人一致,A-三人一致
ASGD-2027-2669,d42f330cfed7eead,得字补语候选,补语结构,国际中文教育中文水平等级标准·语法学习手册（初等）,354,不是目标语法点,候选错误,表层触发但非目标,三人一致,三人一致,三人一致,A-三人一致
ASGD-2027-2670,e30a83dcd8bc8598,把字句候选,处置/受事重组构式,国际中文教育中文水平等级标准·语法学习手册（初等）,372,是目标语法点,正确,目标用例,三人一致,三人一致,三人一致,A-三人一致
ASGD-2027-2671,967ae64f13887ea6,没有比较候选,比较构式,国际中文教育中文水平等级标准·语法学习手册（初等）,181,不是目标语法点,候选错误,表层触发但非目标,三人一致,三人一致,三人一致,A-三人一致
ASGD-2027-2672,5c73ae83cf4d29f5,在字介词框架候选,介词/框架结构,国际中文教育中文水平等级标准·语法学习手册（高等）,151,是目标语法点,正确,目标用例,三人一致,三人一致,三人一致,A-三人一致
ASGD-2027-2673,d636dacbae393757,数量/时量补语候选,补语结构,国际中文教育中文水平等级标准·语法学习手册（初等）,238,是目标语法点,正确,目标用例,多数裁决,多数裁决,多数裁决,B-多数裁决
ASGD-2027-2674,d551090d34949170,得字补语候选,补语结构,国际中文教育中文水平等级标准·语法学习手册（初等）,132,是目标语法点,正确,目标用例,三人一致,多数裁决,多数裁决,B-多数裁决
ASGD-2027-2675,09b6480bbb7d6daa,没有比较候选,比较构式,国际中文教育中文水平等级标准·语法学习手册（中等）,204,不是目标语法点,候选错误,表层触发但非目标,三人一致,三人一致,三人一致,A-三人一致
ASGD-2027-2676,a68d7c8be24b32c6,对字介词框架候选,介词/框架结构,国际中文教育中文水平等级标准·语法学习手册（初等）,297,不是目标语法点,候选错误,表层触发但非目标,多数裁决,多数裁决,多数裁决,B-多数裁决
ASGD-2027-2677,ebf0a768d9e679a3,时间状语候选,时间/处所功能结构,国际中文教育中文水平等级标准·语法学习手册（中等）,139,是目标语法点,正确,目标用例,三人一致,三人一致,三人一致,A-三人一致
ASGD-2027-2678,cb00ea45eab4818a,在字介词框架候选,介词/框架结构,国际中文教育中文水平等级标准·语法学习手册（初等）,302,是目标语法点,正确,目标用例,三人一致,三人一致,三人一致,A-三人一致
ASGD-2027-2679,48a68204638b3859,时间状语候选,时间/处所功能结构,国际中文教育中文水平等级标准·语法学习手册（高等）,129,是目标语法点,正确,目标用例,多数裁决,多数裁决,多数裁决,B-多数裁决
ASGD-2027-2680,955754f031b31bed,时间状语候选,时间/处所功能结构,国际中文教育中文水平等级标准·语法学习手册（初等）,152,是目标语法点,正确,目标用例,三人一致,三人一致,三人一致,A-三人一致
ASGD-2027-2681,ef664cfcc0b4dbe0,没有比较候选,比较构式,国际中文教育中文水平等级标准·语法学习手册（高等）,199,不是目标语法点,候选错误,表层触发但非目标,三人一致,三人一致,三人一致,A-三人一致
ASGD-2027-2682,a9ddfc2fd69449b0,被字句候选,被动/受事凸显构式,国际中文教育中文水平等级标准·语法学习手册（高等）,155,是目标语法点,边界不完整,边界问题,三人一致,多数裁决,多数裁决,B-多数裁决
ASGD-2027-2683,5056d0f3e0d655c7,对字介词框架候选,介词/框架结构,国际中文教育中文水平等级标准·语法学习手册（中等）,41,是目标语法点,正确,目标用例,多数裁决,多数裁决,多数裁决,B-多数裁决
ASGD-2027-2684,c8da950f2b5790dc,时间状语候选,时间/处所功能结构,国际中文教育中文水平等级标准·语法学习手册（中等）,92,是目标语法点,正确,目标用例,三人一致,三人一致,三人一致,A-三人一致
ASGD-2027-2685,07e9427db34da997,在字介词框架候选,介词/框架结构,国际中文教育中文水平等级标准·语法学习手册（中等）,35,是目标语法点,正确,目标用例,多数裁决,多数裁决,多数裁决,B-多数裁决
ASGD-2027-2686,6e0d48c833c4b8bf,把字句候选,处置/受事重组构式,国际中文教育中文水平等级标准·语法学习手册（高等）,153,是目标语法点,正确,目标用例,三人一致,三人一致,三人一致,A-三人一致
ASGD-2027-2687,e60164095510407c,时间状语候选,时间/处所功能结构,国际中文教育中文水平等级标准·语法学习手册（初等）,152,是目标语法点,正确,目标用例,多数裁决,多数裁决,多数裁决,B-多数裁决
ASGD-2027-2688,13e243f73d51103c,把字句候选,处置/受事重组构式,国际中文教育中文水平等级标准·语法学习手册（中等）,43,是目标语法点,正确,目标用例,三人一致,多数裁决,多数裁决,B-多数裁决
ASGD-2027-2689,5ae9138751b93f06,连动结构候选,多谓词/论元结构,国际中文教育中文水平等级标准·语法学习手册（初等）,104,是目标语法点,边界不完整,边界问题,三人一致,多数裁决,多数裁决,B-多数裁决
ASGD-2027-2690,919809276c344683,在字介词框架候选,介词/框架结构,国际中文教育中文水平等级标准·语法学习手册（高等）,78,是目标语法点,正确,目标用例,多数裁决,多数裁决,多数裁决,B-多数裁决
ASGD-2027-2691,5e6be7c4b3d94375,把字句候选,处置/受事重组构式,国际中文教育中文水平等级标准·语法学习手册（高等）,76,是目标语法点,正确,目标用例,三人一致,三人一致,三人一致,A-三人一致
ASGD-2027-2692,8dda1ace0f0bd582,趋向补语候选,补语结构,国际中文教育中文水平等级标准·语法学习手册（高等）,179,是目标语法点,正确,目标用例,三人一致,多数裁决,多数裁决,B-多数裁决
ASGD-2027-2693,abb62b381329187c,没有比较候选,比较构式,国际中文教育中文水平等级标准·语法学习手册（初等）,65,不是目标语法点,候选错误,表层触发但非目标,三人一致,三人一致,三人一致,A-三人一致
ASGD-2027-2694,55f36d6b347583c7,得字补语候选,补语结构,国际中文教育中文水平等级标准·语法学习手册（中等）,306,不是目标语法点,候选错误,表层触发但非目标,多数裁决,多数裁决,多数裁决,B-多数裁决
ASGD-2027-2695,b267e89fbd53162f,对字介词框架候选,介词/框架结构,国际中文教育中文水平等级标准·语法学习手册（高等）,78,不是目标语法点,候选错误,表层触发但非目标,多数裁决,多数裁决,多数裁决,B-多数裁决
ASGD-2027-2696,6d2d63d326fafbee,得字补语候选,补语结构,国际中文教育中文水平等级标准·语法学习手册（高等）,178,不是目标语法点,候选错误,表层触发但非目标,三人一致,三人一致,三人一致,A-三人一致
ASGD-2027-2697,d29154e2e91ff14b,数量/时量补语候选,补语结构,国际中文教育中文水平等级标准·语法学习手册（初等）,352,是目标语法点,正确,目标用例,三人一致,多数裁决,多数裁决,B-多数裁决
ASGD-2027-2698,a45eeb1c46cb01e5,时间状语候选,时间/处所功能结构,国际中文教育中文水平等级标准·语法学习手册（初等）,42,是目标语法点,正确,目标用例,三人一致,三人一致,三人一致,A-三人一致
ASGD-2027-2699,52f9082959ebfaf0,处所状语候选,时间/处所功能结构,国际中文教育中文水平等级标准·语法学习手册（中等）,378,不是目标语法点,候选错误,表层触发但非目标,多数裁决,多数裁决,多数裁决,B-多数裁决
ASGD-2027-2700,818686a1f03baf84,在字介词框架候选,介词/框架结构,国际中文教育中文水平等级标准·语法学习手册（高等）,116,是目标语法点,正确,目标用例,三人一致,多数裁决,多数裁决,B-多数裁决
ASGD-2027-2701,ca0f5b7163724646,没有比较候选,比较构式,国际中文教育中文水平等级标准·语法学习手册（初等）,267,不是目标语法点,候选错误,表层触发但非目标,三人一致,三人一致,三人一致,A-三人一致
ASGD-2027-2702,35afb526adc4c2c7,双宾/给予结构候选,多谓词/论元结构,国际中文教育中文水平等级标准·语法学习手册（初等）,177,是目标语法点,正确,目标用例,三人一致,三人一致,三人一致,A-三人一致
ASGD-2027-2703,b7c8b3a12350f6cf,数量/时量补语候选,补语结构,国际中文教育中文水平等级标准·语法学习手册（高等）,190,是目标语法点,正确,目标用例,三人一致,多数裁决,多数裁决,B-多数裁决
ASGD-2027-2704,18701f3915f65c9d,趋向补语候选,补语结构,国际中文教育中文水平等级标准·语法学习手册（中等）,209,是目标语法点,正确,目标用例,三人一致,多数裁决,多数裁决,B-多数裁决
ASGD-2027-2705,3a1d595c2d45f722,得字补语候选,补语结构,国际中文教育中文水平等级标准·语法学习手册（中等）,331,是目标语法点,候选错误,表层触发但非目标,多数裁决,无多数-标注者2裁决,无多数-标注者2裁决,C-标注者2裁决
ASGD-2027-2706,19cbc9e7cc047b25,处所状语候选,时间/处所功能结构,国际中文教育中文水平等级标准·语法学习手册（中等）,265,是目标语法点,边界不完整,边界问题,多数裁决,无多数-标注者2裁决,无多数-标注者2裁决,C-标注者2裁决
ASGD-2027-2707,6cad741ef9dc0c0c,比字比较候选,比较构式,国际中文教育中文水平等级标准·语法学习手册（中等）,230,是目标语法点,正确,目标用例,三人一致,多数裁决,多数裁决,B-多数裁决
ASGD-2027-2708,a2bb7dc65ffa2334,数量/时量补语候选,补语结构,国际中文教育中文水平等级标准·语法学习手册（初等）,202,是目标语法点,正确,目标用例,三人一致,多数裁决,多数裁决,B-多数裁决
ASGD-2027-2709,431fab2b5d227f36,数量/时量补语候选,补语结构,国际中文教育中文水平等级标准·语法学习手册（高等）,64,是目标语法点,候选错误,表层触发但非目标,多数裁决,无多数-标注者2裁决,无多数-标注者2裁决,C-标注者2裁决
ASGD-2027-2710,436a74db93a42aeb,处所状语候选,时间/处所功能结构,国际中文教育中文水平等级标准·语法学习手册（初等）,19,是目标语法点,正确,目标用例,多数裁决,多数裁决,多数裁决,B-多数裁决
ASGD-2027-2711,2cf19107a7955aaa,处所状语候选,时间/处所功能结构,国际中文教育中文水平等级标准·语法学习手册（中等）,265,不是目标语法点,候选错误,表层触发但非目标,多数裁决,多数裁决,多数裁决,B-多数裁决
ASGD-2027-2712,4d45e706873fdd14,没有比较候选,比较构式,国际中文教育中文水平等级标准·语法学习手册（高等）,214,不是目标语法点,候选错误,表层触发但非目标,三人一致,三人一致,三人一致,A-三人一致
ASGD-2027-2713,a99b4d2e4c810856,双宾/给予结构候选,多谓词/论元结构,国际中文教育中文水平等级标准·语法学习手册（初等）,165,是目标语法点,正确,目标用例,多数裁决,多数裁决,多数裁决,B-多数裁决
ASGD-2027-2714,b24a7bf840e45ea2,在字介词框架候选,介词/框架结构,国际中文教育中文水平等级标准·语法学习手册（初等）,256,是目标语法点,正确,目标用例,三人一致,多数裁决,多数裁决,B-多数裁决
ASGD-2027-2715,ab50a9fb0a50e8e1,把字句候选,处置/受事重组构式,国际中文教育中文水平等级标准·语法学习手册（中等）,179,不是目标语法点,候选错误,表层触发但非目标,多数裁决,多数裁决,多数裁决,B-多数裁决
ASGD-2027-2716,7a40a6a9a3598f97,被字句候选,被动/受事凸显构式,国际中文教育中文水平等级标准·语法学习手册（高等）,148,是目标语法点,正确,目标用例,三人一致,三人一致,三人一致,A-三人一致
ASGD-2027-2717,646e1ce96ae26d78,双宾/给予结构候选,多谓词/论元结构,国际中文教育中文水平等级标准·语法学习手册（中等）,243,是目标语法点,正确,目标用例,三人一致,三人一致,三人一致,A-三人一致
ASGD-2027-2718,3372633f4d05ee01,没有比较候选,比较构式,国际中文教育中文水平等级标准·语法学习手册（高等）,107,不是目标语法点,候选错误,表层触发但非目标,三人一致,三人一致,三人一致,A-三人一致
ASGD-2027-2719,9e5bc7c13ccdd090,给/为/关于等介词框架候选,介词/框架结构,国际中文教育中文水平等级标准·语法学习手册（初等）,260,是目标语法点,边界过长,边界问题,多数裁决,无多数-标注者2裁决,无多数-标注者2裁决,C-标注者2裁决
ASGD-2027-2720,2de3b4e8cddc42e1,处所状语候选,时间/处所功能结构,国际中文教育中文水平等级标准·语法学习手册（初等）,21,是目标语法点,正确,目标用例,三人一致,三人一致,三人一致,A-三人一致
ASGD-2027-2721,7d0054e79160821d,得字补语候选,补语结构,国际中文教育中文水平等级标准·语法学习手册（中等）,213,是目标语法点,正确,目标用例,多数裁决,无多数-标注者2裁决,无多数-标注者2裁决,C-标注者2裁决
ASGD-2027-2722,c9da9246ce15a6cb,把字句候选,处置/受事重组构式,国际中文教育中文水平等级标准·语法学习手册（中等）,370,是目标语法点,正确,目标用例,多数裁决,多数裁决,多数裁决,B-多数裁决
ASGD-2027-2723,46afad544f7940fb,把字句候选,处置/受事重组构式,国际中文教育中文水平等级标准·语法学习手册（高等）,40,是目标语法点,正确,目标用例,三人一致,三人一致,三人一致,A-三人一致
ASGD-2027-2724,4ec6e23ac08eb8e7,处所状语候选,时间/处所功能结构,国际中文教育中文水平等级标准·语法学习手册（中等）,265,是目标语法点,正确,目标用例,三人一致,三人一致,三人一致,A-三人一致
ASGD-2027-2725,1418c942fe505a11,把字句候选,处置/受事重组构式,国际中文教育中文水平等级标准·语法学习手册（中等）,78,是目标语法点,正确,目标用例,三人一致,三人一致,三人一致,A-三人一致
ASGD-2027-2726,3b31a886b702f871,在字介词框架候选,介词/框架结构,国际中文教育中文水平等级标准·语法学习手册（高等）,53,是目标语法点,正确,目标用例,三人一致,三人一致,三人一致,A-三人一致
ASGD-2027-2727,57143b13209b06cb,在字介词框架候选,介词/框架结构,国际中文教育中文水平等级标准·语法学习手册（初等）,68,是目标语法点,正确,目标用例,三人一致,多数裁决,多数裁决,B-多数裁决
ASGD-2027-2728,b168694418835732,在字介词框架候选,介词/框架结构,国际中文教育中文水平等级标准·语法学习手册（中等）,72,是目标语法点,正确,目标用例,三人一致,多数裁决,多数裁决,B-多数裁决
ASGD-2027-2729,7cd66a9c0b243bf8,把字句候选,处置/受事重组构式,国际中文教育中文水平等级标准·语法学习手册（初等）,375,是目标语法点,正确,目标用例,三人一致,三人一致,三人一致,A-三人一致
ASGD-2027-2730,92f2b9db65c4036d,时间状语候选,时间/处所功能结构,国际中文教育中文水平等级标准·语法学习手册（中等）,21,是目标语法点,正确,目标用例,多数裁决,多数裁决,多数裁决,B-多数裁决
ASGD-2027-2731,89cfbfe9e273132e,没有比较候选,比较构式,国际中文教育中文水平等级标准·语法学习手册（中等）,69,不是目标语法点,候选错误,表层触发但非目标,三人一致,三人一致,三人一致,A-三人一致
ASGD-2027-2732,c73ffe125b441bc8,比字比较候选,比较构式,国际中文教育中文水平等级标准·语法学习手册（中等）,22,不是目标语法点,候选错误,表层触发但非目标,三人一致,三人一致,三人一致,A-三人一致
ASGD-2027-2733,98dd1c491a02fd76,时间状语候选,时间/处所功能结构,国际中文教育中文水平等级标准·语法学习手册（高等）,100,是目标语法点,正确,目标用例,三人一致,三人一致,三人一致,A-三人一致
ASGD-2027-2734,b5b71070d9fbfc73,数量/时量补语候选,补语结构,国际中文教育中文水平等级标准·语法学习手册（中等）,58,是目标语法点,正确,目标用例,多数裁决,多数裁决,多数裁决,B-多数裁决
ASGD-2027-2735,d9c1b1a915587bcc,但是候选,复句关联结构,国际中文教育中文水平等级标准·语法学习手册（中等）,233,是目标语法点,正确,目标用例,三人一致,三人一致,三人一致,A-三人一致
ASGD-2027-2736,a0de6b12b30730b1,即使候选,复句关联结构,国际中文教育中文水平等级标准·语法学习手册（高等）,139,是目标语法点,正确,目标用例,三人一致,三人一致,三人一致,A-三人一致
ASGD-2027-2737,22868b098586f16f,比字比较候选,比较构式,国际中文教育中文水平等级标准·语法学习手册（高等）,22,不是目标语法点,候选错误,表层触发但非目标,三人一致,三人一致,三人一致,A-三人一致
ASGD-2027-2738,dfc092da7d9c49b6,处所状语候选,时间/处所功能结构,国际中文教育中文水平等级标准·语法学习手册（中等）,331,不是目标语法点,候选错误,表层触发但非目标,多数裁决,多数裁决,多数裁决,B-多数裁决
ASGD-2027-2739,2d9f0a27361fa016,处所状语候选,时间/处所功能结构,国际中文教育中文水平等级标准·语法学习手册（中等）,381,不是目标语法点,候选错误,表层触发但非目标,多数裁决,多数裁决,多数裁决,B-多数裁决
ASGD-2027-2740,d63d1d59253bbb09,在字介词框架候选,介词/框架结构,国际中文教育中文水平等级标准·语法学习手册（中等）,72,是目标语法点,正确,目标用例,三人一致,多数裁决,多数裁决,B-多数裁决
ASGD-2027-2741,751c31a21e90458c,如果候选,复句关联结构,国际中文教育中文水平等级标准·语法学习手册（中等）,69,是目标语法点,正确,目标用例,三人一致,多数裁决,多数裁决,B-多数裁决
ASGD-2027-2742,740d3dded2d773e2,数量/时量补语候选,补语结构,国际中文教育中文水平等级标准·语法学习手册（初等）,351,是目标语法点,正确,目标用例,三人一致,多数裁决,多数裁决,B-多数裁决
ASGD-2027-2743,0055153860d13947,时间状语候选,时间/处所功能结构,国际中文教育中文水平等级标准·语法学习手册（中等）,319,是目标语法点,正确,目标用例,三人一致,三人一致,三人一致,A-三人一致
ASGD-2027-2744,d11cdca01c32b73e,双宾/给予结构候选,多谓词/论元结构,国际中文教育中文水平等级标准·语法学习手册（中等）,132,是目标语法点,正确,目标用例,多数裁决,多数裁决,多数裁决,B-多数裁决
ASGD-2027-2745,466d720851db6251,比字比较候选,比较构式,国际中文教育中文水平等级标准·语法学习手册（初等）,268,不是目标语法点,候选错误,表层触发但非目标,三人一致,三人一致,三人一致,A-三人一致
ASGD-2027-2746,5040ffbb722bfece,给/为/关于等介词框架候选,介词/框架结构,国际中文教育中文水平等级标准·语法学习手册（中等）,371,不是目标语法点,候选错误,表层触发但非目标,多数裁决,多数裁决,多数裁决,B-多数裁决
ASGD-2027-2747,e83fd5d0fcd7f07c,向/往/朝介词框架候选,介词/框架结构,国际中文教育中文水平等级标准·语法学习手册（初等）,322,是目标语法点,正确,目标用例,三人一致,多数裁决,多数裁决,B-多数裁决
ASGD-2027-2748,a0de6b12b30730b1,得字补语候选,补语结构,国际中文教育中文水平等级标准·语法学习手册（高等）,139,不是目标语法点,候选错误,表层触发但非目标,三人一致,三人一致,三人一致,A-三人一致
ASGD-2027-2749,5f1b8e68c3739a2c,把字句候选,处置/受事重组构式,国际中文教育中文水平等级标准·语法学习手册（中等）,81,是目标语法点,正确,目标用例,三人一致,三人一致,三人一致,A-三人一致
ASGD-2027-2750,cd3a48aac66dbb75,时间状语候选,时间/处所功能结构,国际中文教育中文水平等级标准·语法学习手册（高等）,17,是目标语法点,正确,目标用例,三人一致,三人一致,三人一致,A-三人一致
ASGD-2027-2751,adeb009bc4f3196c,处所状语候选,时间/处所功能结构,国际中文教育中文水平等级标准·语法学习手册（初等）,31,是目标语法点,正确,目标用例,三人一致,多数裁决,多数裁决,B-多数裁决
ASGD-2027-2752,e70f802aea17e93e,比字比较候选,比较构式,国际中文教育中文水平等级标准·语法学习手册（初等）,204,是目标语法点,正确,目标用例,三人一致,三人一致,三人一致,A-三人一致
ASGD-2027-2753,315be10e970f0321,双宾/给予结构候选,多谓词/论元结构,国际中文教育中文水平等级标准·语法学习手册（初等）,149,是目标语法点,正确,目标用例,多数裁决,多数裁决,多数裁决,B-多数裁决
ASGD-2027-2754,2d36a7015f10015b,得字补语候选,补语结构,国际中文教育中文水平等级标准·语法学习手册（高等）,213,是目标语法点,候选错误,表层触发但非目标,多数裁决,无多数-标注者2裁决,无多数-标注者2裁决,C-标注者2裁决
ASGD-2027-2755,0ae2ffb9bc32cde5,比字比较候选,比较构式,国际中文教育中文水平等级标准·语法学习手册（高等）,137,是目标语法点,正确,目标用例,三人一致,三人一致,三人一致,A-三人一致
ASGD-2027-2756,aff81ac8028a3dac,处所状语候选,时间/处所功能结构,国际中文教育中文水平等级标准·语法学习手册（中等）,331,不是目标语法点,候选错误,表层触发但非目标,多数裁决,多数裁决,多数裁决,B-多数裁决
ASGD-2027-2757,c434e17e417338ff,虽然...但是候选,复句关联结构,国际中文教育中文水平等级标准·语法学习手册（中等）,195,是目标语法点,边界不完整,边界问题,三人一致,多数裁决,多数裁决,B-多数裁决
ASGD-2027-2758,883066ea392eef1f,给/为/关于等介词框架候选,介词/框架结构,国际中文教育中文水平等级标准·语法学习手册（中等）,243,是目标语法点,正确,目标用例,三人一致,三人一致,三人一致,A-三人一致
ASGD-2027-2759,f71a9a906732521b,时间状语候选,时间/处所功能结构,国际中文教育中文水平等级标准·语法学习手册（高等）,19,是目标语法点,正确,目标用例,三人一致,三人一致,三人一致,A-三人一致
ASGD-2027-2760,9326708815d88587,得字补语候选,补语结构,国际中文教育中文水平等级标准·语法学习手册（高等）,197,是目标语法点,正确,目标用例,三人一致,多数裁决,多数裁决,B-多数裁决
ASGD-2027-2761,8efadc0c34e44e6d,没有比较候选,比较构式,国际中文教育中文水平等级标准·语法学习手册（初等）,65,不是目标语法点,候选错误,表层触发但非目标,三人一致,三人一致,三人一致,A-三人一致
ASGD-2027-2762,6756e8ecda75de55,连动结构候选,多谓词/论元结构,国际中文教育中文水平等级标准·语法学习手册（初等）,122,是目标语法点,正确,目标用例,三人一致,三人一致,三人一致,A-三人一致
ASGD-2027-2763,3542e59abd7b0354,连动结构候选,多谓词/论元结构,国际中文教育中文水平等级标准·语法学习手册（初等）,379,是目标语法点,边界不完整,边界问题,三人一致,多数裁决,多数裁决,B-多数裁决
ASGD-2027-2764,20f215947198f22a,把字句候选,处置/受事重组构式,国际中文教育中文水平等级标准·语法学习手册（高等）,188,不确定/需复核,不确定,不确定,无多数-标注者2裁决,无多数-标注者2裁决,无多数-标注者2裁决,C-标注者2裁决
ASGD-2027-2765,c41d2c62578a0e38,在字介词框架候选,介词/框架结构,国际中文教育中文水平等级标准·语法学习手册（中等）,351,是目标语法点,正确,目标用例,三人一致,多数裁决,多数裁决,B-多数裁决
ASGD-2027-2766,cd68d950d01d36bf,得字补语候选,补语结构,国际中文教育中文水平等级标准·语法学习手册（中等）,16,是目标语法点,正确,目标用例,三人一致,多数裁决,多数裁决,B-多数裁决
ASGD-2027-2767,d100c836581e718a,把字句候选,处置/受事重组构式,国际中文教育中文水平等级标准·语法学习手册（中等）,81,是目标语法点,正确,目标用例,多数裁决,无多数-标注者2裁决,无多数-标注者2裁决,C-标注者2裁决
ASGD-2027-2768,4932c86a6916447b,结果补语候选,补语结构,国际中文教育中文水平等级标准·语法学习手册（初等）,288,是目标语法点,正确,目标用例,三人一致,三人一致,三人一致,A-三人一致
ASGD-2027-2769,b6d3be21e2fc4c31,被字句候选,被动/受事凸显构式,国际中文教育中文水平等级标准·语法学习手册（高等）,134,是目标语法点,正确,目标用例,三人一致,多数裁决,多数裁决,B-多数裁决
ASGD-2027-2770,24a86fee9829db21,数量/时量补语候选,补语结构,国际中文教育中文水平等级标准·语法学习手册（中等）,145,是目标语法点,正确,目标用例,多数裁决,多数裁决,多数裁决,B-多数裁决
ASGD-2027-2771,a92bb78fdc2e9769,把字句候选,处置/受事重组构式,国际中文教育中文水平等级标准·语法学习手册（高等）,153,是目标语法点,正确,目标用例,三人一致,三人一致,三人一致,A-三人一致
ASGD-2027-2772,7106578764524252,得字补语候选,补语结构,国际中文教育中文水平等级标准·语法学习手册（高等）,110,是目标语法点,正确,目标用例,三人一致,多数裁决,多数裁决,B-多数裁决
ASGD-2027-2773,86e0c0d44b324e71,在字介词框架候选,介词/框架结构,国际中文教育中文水平等级标准·语法学习手册（初等）,249,是目标语法点,正确,目标用例,三人一致,三人一致,三人一致,A-三人一致
ASGD-2027-2774,0e6b7e87ba22a6b1,给/为/关于等介词框架候选,介词/框架结构,国际中文教育中文水平等级标准·语法学习手册（中等）,43,是目标语法点,正确,目标用例,三人一致,三人一致,三人一致,A-三人一致
ASGD-2027-2775,b4f0ba188815b400,把字句候选,处置/受事重组构式,国际中文教育中文水平等级标准·语法学习手册（中等）,380,是目标语法点,正确,目标用例,三人一致,多数裁决,多数裁决,B-多数裁决
ASGD-2027-2776,f34358f6d346599a,得字补语候选,补语结构,国际中文教育中文水平等级标准·语法学习手册（高等）,46,是目标语法点,候选错误,表层触发但非目标,多数裁决,无多数-标注者2裁决,无多数-标注者2裁决,C-标注者2裁决
ASGD-2027-2777,1883cbf2c1ae02df,在字介词框架候选,介词/框架结构,国际中文教育中文水平等级标准·语法学习手册（中等）,177,是目标语法点,正确,目标用例,三人一致,多数裁决,多数裁决,B-多数裁决
ASGD-2027-2778,44f116d13561eaf5,时间状语候选,时间/处所功能结构,国际中文教育中文水平等级标准·语法学习手册（中等）,138,是目标语法点,正确,目标用例,三人一致,三人一致,三人一致,A-三人一致
ASGD-2027-2779,d7d830513ed3519b,时间状语候选,时间/处所功能结构,国际中文教育中文水平等级标准·语法学习手册（高等）,67,是目标语法点,正确,目标用例,多数裁决,多数裁决,多数裁决,B-多数裁决
ASGD-2027-2780,17aded6bc798c9cf,给/为/关于等介词框架候选,介词/框架结构,国际中文教育中文水平等级标准·语法学习手册（初等）,193,是目标语法点,正确,目标用例,三人一致,三人一致,三人一致,A-三人一致
ASGD-2027-2781,505a3baf0522d677,处所状语候选,时间/处所功能结构,国际中文教育中文水平等级标准·语法学习手册（中等）,331,不是目标语法点,候选错误,表层触发但非目标,多数裁决,多数裁决,多数裁决,B-多数裁决
ASGD-2027-2782,ec4b1f0c308b61e6,给/为/关于等介词框架候选,介词/框架结构,国际中文教育中文水平等级标准·语法学习手册（初等）,330,是目标语法点,正确,目标用例,多数裁决,多数裁决,多数裁决,B-多数裁决
ASGD-2027-2783,a2abb3413118b5db,被字句候选,被动/受事凸显构式,国际中文教育中文水平等级标准·语法学习手册（中等）,341,不是目标语法点,候选错误,表层触发但非目标,多数裁决,多数裁决,多数裁决,B-多数裁决
ASGD-2027-2784,4047fb361f148a75,没有比较候选,比较构式,国际中文教育中文水平等级标准·语法学习手册（高等）,116,不是目标语法点,候选错误,表层触发但非目标,三人一致,三人一致,三人一致,A-三人一致
ASGD-2027-2785,d6db7012c9ff696a,给/为/关于等介词框架候选,介词/框架结构,国际中文教育中文水平等级标准·语法学习手册（初等）,327,是目标语法点,正确,目标用例,多数裁决,多数裁决,多数裁决,B-多数裁决
ASGD-2027-2786,e41cebb1a960eca7,双宾/给予结构候选,多谓词/论元结构,国际中文教育中文水平等级标准·语法学习手册（初等）,193,不是目标语法点,候选错误,表层触发但非目标,多数裁决,多数裁决,多数裁决,B-多数裁决
ASGD-2027-2787,cb5fd9350b297559,比字比较候选,比较构式,国际中文教育中文水平等级标准·语法学习手册（初等）,363,是目标语法点,正确,目标用例,三人一致,三人一致,三人一致,A-三人一致
ASGD-2027-2788,89bcce08125f1871,得字补语候选,补语结构,国际中文教育中文水平等级标准·语法学习手册（高等）,206,是目标语法点,候选错误,表层触发但非目标,多数裁决,无多数-标注者2裁决,无多数-标注者2裁决,C-标注者2裁决
ASGD-2027-2789,309e8a61f1bcd0a9,被字句候选,被动/受事凸显构式,国际中文教育中文水平等级标准·语法学习手册（高等）,24,是目标语法点,边界不完整,边界问题,三人一致,多数裁决,多数裁决,B-多数裁决
ASGD-2027-2790,2170ae499fb50e0d,得字补语候选,补语结构,国际中文教育中文水平等级标准·语法学习手册（中等）,328,是目标语法点,候选错误,表层触发但非目标,多数裁决,无多数-标注者2裁决,无多数-标注者2裁决,C-标注者2裁决
ASGD-2027-2791,1ac51e76fd94e297,被字句候选,被动/受事凸显构式,国际中文教育中文水平等级标准·语法学习手册（中等）,160,是目标语法点,边界不完整,边界问题,三人一致,多数裁决,多数裁决,B-多数裁决
ASGD-2027-2792,3a84b1f718343ac1,得字补语候选,补语结构,国际中文教育中文水平等级标准·语法学习手册（中等）,199,不是目标语法点,候选错误,表层触发但非目标,多数裁决,多数裁决,多数裁决,B-多数裁决
ASGD-2027-2793,4344d8a4980d1d5f,被字句候选,被动/受事凸显构式,国际中文教育中文水平等级标准·语法学习手册（初等）,328,不是目标语法点,候选错误,表层触发但非目标,多数裁决,多数裁决,多数裁决,B-多数裁决
ASGD-2027-2794,0cddbabe4786cf05,时间状语候选,时间/处所功能结构,国际中文教育中文水平等级标准·语法学习手册（高等）,47,是目标语法点,正确,目标用例,三人一致,三人一致,三人一致,A-三人一致
ASGD-2027-2795,29d25c4c22a957ce,被字句候选,被动/受事凸显构式,国际中文教育中文水平等级标准·语法学习手册（中等）,165,是目标语法点,正确,目标用例,三人一致,多数裁决,多数裁决,B-多数裁决
ASGD-2027-2796,945b89ea9c306db2,如果...就候选,复句关联结构,国际中文教育中文水平等级标准·语法学习手册（初等）,186,是目标语法点,正确,目标用例,三人一致,多数裁决,多数裁决,B-多数裁决
ASGD-2027-2797,6cdb2c3cad0548df,双宾/给予结构候选,多谓词/论元结构,国际中文教育中文水平等级标准·语法学习手册（初等）,216,是目标语法点,正确,目标用例,三人一致,三人一致,三人一致,A-三人一致
ASGD-2027-2798,06ab7c848e9c670a,结果补语候选,补语结构,国际中文教育中文水平等级标准·语法学习手册（初等）,158,是目标语法点,正确,目标用例,三人一致,多数裁决,多数裁决,B-多数裁决
ASGD-2027-2799,f88473a47afbdf4a,把字句候选,处置/受事重组构式,国际中文教育中文水平等级标准·语法学习手册（中等）,222,是目标语法点,正确,目标用例,三人一致,多数裁决,多数裁决,B-多数裁决
ASGD-2027-2800,0feaaba58e9e238b,把字句候选,处置/受事重组构式,国际中文教育中文水平等级标准·语法学习手册（中等）,223,是目标语法点,正确,目标用例,三人一致,三人一致,三人一致,A-三人一致
ASGD-2027-2801,94477e828daccb17,把字句候选,处置/受事重组构式,国际中文教育中文水平等级标准·语法学习手册（中等）,203,是目标语法点,正确,目标用例,三人一致,三人一致,三人一致,A-三人一致
ASGD-2027-2802,a6a50ee032848914,给/为/关于等介词框架候选,介词/框架结构,国际中文教育中文水平等级标准·语法学习手册（初等）,327,是目标语法点,正确,目标用例,多数裁决,多数裁决,多数裁决,B-多数裁决
ASGD-2027-2803,1e7f480e93df1d47,向/往/朝介词框架候选,介词/框架结构,国际中文教育中文水平等级标准·语法学习手册（高等）,30,是目标语法点,正确,目标用例,多数裁决,多数裁决,多数裁决,B-多数裁决
ASGD-2027-2804,ad75654e08d0f100,只要候选,复句关联结构,国际中文教育中文水平等级标准·语法学习手册（高等）,116,是目标语法点,正确,目标用例,三人一致,三人一致,三人一致,A-三人一致
ASGD-2027-2805,5bb3383917cff9ae,给/为/关于等介词框架候选,介词/框架结构,国际中文教育中文水平等级标准·语法学习手册（高等）,25,是目标语法点,正确,目标用例,三人一致,三人一致,三人一致,A-三人一致
ASGD-2027-2806,27a76fdf0fb8172a,时间状语候选,时间/处所功能结构,国际中文教育中文水平等级标准·语法学习手册（高等）,187,是目标语法点,正确,目标用例,多数裁决,多数裁决,多数裁决,B-多数裁决
ASGD-2027-2807,e084fac8f26a768f,时间状语候选,时间/处所功能结构,国际中文教育中文水平等级标准·语法学习手册（中等）,347,是目标语法点,正确,目标用例,多数裁决,多数裁决,多数裁决,B-多数裁决
ASGD-2027-2808,242854ae26e3ed19,被字句候选,被动/受事凸显构式,国际中文教育中文水平等级标准·语法学习手册（中等）,84,是目标语法点,正确,目标用例,三人一致,三人一致,三人一致,A-三人一致
ASGD-2027-2809,bf0c7fe9d62a6c8c,在字介词框架候选,介词/框架结构,国际中文教育中文水平等级标准·语法学习手册（初等）,68,是目标语法点,正确,目标用例,三人一致,多数裁决,多数裁决,B-多数裁决
ASGD-2027-2810,f9250b72abb3267a,从字介词框架候选,介词/框架结构,国际中文教育中文水平等级标准·语法学习手册（初等）,340,是目标语法点,正确,目标用例,三人一致,三人一致,三人一致,A-三人一致
ASGD-2027-2811,e591a5caeb3d97fb,双宾/给予结构候选,多谓词/论元结构,国际中文教育中文水平等级标准·语法学习手册（高等）,164,是目标语法点,正确,目标用例,多数裁决,多数裁决,多数裁决,B-多数裁决
ASGD-2027-2812,4d8e7a3cd3026b4c,被字句候选,被动/受事凸显构式,国际中文教育中文水平等级标准·语法学习手册（中等）,379,是目标语法点,正确,目标用例,三人一致,多数裁决,多数裁决,B-多数裁决
ASGD-2027-2813,6d4fca1bf5da27a4,比字比较候选,比较构式,国际中文教育中文水平等级标准·语法学习手册（初等）,328,不是目标语法点,候选错误,表层触发但非目标,三人一致,三人一致,三人一致,A-三人一致
ASGD-2027-2814,92d33b421dd42324,时间状语候选,时间/处所功能结构,国际中文教育中文水平等级标准·语法学习手册（高等）,52,是目标语法点,正确,目标用例,多数裁决,多数裁决,多数裁决,B-多数裁决
ASGD-2027-2815,c2d2222dd0e266fd,被字句候选,被动/受事凸显构式,国际中文教育中文水平等级标准·语法学习手册（初等）,399,是目标语法点,正确,目标用例,三人一致,多数裁决,多数裁决,B-多数裁决
ASGD-2027-2816,9821c33d801acb43,趋向补语候选,补语结构,国际中文教育中文水平等级标准·语法学习手册（初等）,335,是目标语法点,正确,目标用例,三人一致,多数裁决,多数裁决,B-多数裁决
ASGD-2027-2817,d57e400b83c7dbb2,把字句候选,处置/受事重组构式,国际中文教育中文水平等级标准·语法学习手册（高等）,76,是目标语法点,正确,目标用例,三人一致,三人一致,三人一致,A-三人一致
ASGD-2027-2818,af4f7fc7dede7ec3,得字补语候选,补语结构,国际中文教育中文水平等级标准·语法学习手册（高等）,121,是目标语法点,正确,目标用例,三人一致,多数裁决,多数裁决,B-多数裁决
ASGD-2027-2819,3869d858a6f66409,数量/时量补语候选,补语结构,国际中文教育中文水平等级标准·语法学习手册（初等）,164,是目标语法点,正确,目标用例,三人一致,多数裁决,多数裁决,B-多数裁决
ASGD-2027-2820,9e27fee57ca8bb8c,处所状语候选,时间/处所功能结构,国际中文教育中文水平等级标准·语法学习手册（初等）,66,不是目标语法点,候选错误,表层触发但非目标,三人一致,三人一致,三人一致,A-三人一致
ASGD-2027-2821,ed5d52d98741d36c,时间状语候选,时间/处所功能结构,国际中文教育中文水平等级标准·语法学习手册（中等）,161,是目标语法点,正确,目标用例,三人一致,三人一致,三人一致,A-三人一致
ASGD-2027-2822,c4fe6e0550b8d292,被字句候选,被动/受事凸显构式,国际中文教育中文水平等级标准·语法学习手册（中等）,214,是目标语法点,正确,目标用例,三人一致,多数裁决,多数裁决,B-多数裁决
ASGD-2027-2823,4ce2a07eb2fa8873,时间状语候选,时间/处所功能结构,国际中文教育中文水平等级标准·语法学习手册（高等）,67,是目标语法点,正确,目标用例,多数裁决,多数裁决,多数裁决,B-多数裁决
ASGD-2027-2824,c74dd4073122fb4f,时间状语候选,时间/处所功能结构,国际中文教育中文水平等级标准·语法学习手册（初等）,195,是目标语法点,正确,目标用例,三人一致,多数裁决,多数裁决,B-多数裁决
ASGD-2027-2825,8b89bfc54c8e15d3,时间状语候选,时间/处所功能结构,国际中文教育中文水平等级标准·语法学习手册（初等）,167,是目标语法点,正确,目标用例,三人一致,多数裁决,多数裁决,B-多数裁决
ASGD-2027-2826,011f64da92d90222,把字句候选,处置/受事重组构式,国际中文教育中文水平等级标准·语法学习手册（中等）,222,是目标语法点,正确,目标用例,三人一致,多数裁决,多数裁决,B-多数裁决
ASGD-2027-2827,20dd1a3f733f7ee9,但是候选,复句关联结构,国际中文教育中文水平等级标准·语法学习手册（中等）,156,是目标语法点,正确,目标用例,三人一致,三人一致,三人一致,A-三人一致
ASGD-2027-2828,e32e1364d99b9255,把字句候选,处置/受事重组构式,国际中文教育中文水平等级标准·语法学习手册（中等）,223,是目标语法点,正确,目标用例,三人一致,三人一致,三人一致,A-三人一致
ASGD-2027-2829,621b79df2ecb46bb,如果候选,复句关联结构,国际中文教育中文水平等级标准·语法学习手册（高等）,62,是目标语法点,正确,目标用例,三人一致,多数裁决,多数裁决,B-多数裁决
ASGD-2027-2830,91187a574efd2438,在字介词框架候选,介词/框架结构,国际中文教育中文水平等级标准·语法学习手册（高等）,65,是目标语法点,正确,目标用例,多数裁决,多数裁决,多数裁决,B-多数裁决
ASGD-2027-2831,a9523ee18f9a2a33,对字介词框架候选,介词/框架结构,国际中文教育中文水平等级标准·语法学习手册（初等）,312,是目标语法点,正确,目标用例,多数裁决,多数裁决,多数裁决,B-多数裁决
ASGD-2027-2832,9e258fad752fc5d8,时间状语候选,时间/处所功能结构,国际中文教育中文水平等级标准·语法学习手册（中等）,21,是目标语法点,正确,目标用例,三人一致,三人一致,三人一致,A-三人一致
ASGD-2027-2833,a3f62cad4c2f9ae6,把字句候选,处置/受事重组构式,国际中文教育中文水平等级标准·语法学习手册（中等）,219,是目标语法点,正确,目标用例,三人一致,多数裁决,多数裁决,B-多数裁决
ASGD-2027-2834,4ce09e041cc6dace,被字句候选,被动/受事凸显构式,国际中文教育中文水平等级标准·语法学习手册（初等）,359,是目标语法点,正确,目标用例,三人一致,多数裁决,多数裁决,B-多数裁决
ASGD-2027-2835,f4cd2544a923dd64,数量/时量补语候选,补语结构,国际中文教育中文水平等级标准·语法学习手册（中等）,103,是目标语法点,候选错误,表层触发但非目标,多数裁决,无多数-标注者2裁决,无多数-标注者2裁决,C-标注者2裁决
ASGD-2027-2836,95779c9045be5085,数量/时量补语候选,补语结构,国际中文教育中文水平等级标准·语法学习手册（初等）,202,是目标语法点,正确,目标用例,多数裁决,多数裁决,多数裁决,B-多数裁决
ASGD-2027-2837,8529902f0e038767,给/为/关于等介词框架候选,介词/框架结构,国际中文教育中文水平等级标准·语法学习手册（中等）,306,是目标语法点,正确,目标用例,多数裁决,多数裁决,多数裁决,B-多数裁决
ASGD-2027-2838,b375baef248d0fd4,得字补语候选,补语结构,国际中文教育中文水平等级标准·语法学习手册（中等）,115,不是目标语法点,候选错误,表层触发但非目标,多数裁决,多数裁决,多数裁决,B-多数裁决
ASGD-2027-2839,c2c8b6854425be10,趋向补语候选,补语结构,国际中文教育中文水平等级标准·语法学习手册（高等）,33,是目标语法点,正确,目标用例,三人一致,多数裁决,多数裁决,B-多数裁决
ASGD-2027-2840,2656664b940e5e62,没有比较候选,比较构式,国际中文教育中文水平等级标准·语法学习手册（初等）,309,不是目标语法点,候选错误,表层触发但非目标,三人一致,三人一致,三人一致,A-三人一致
ASGD-2027-2841,b843152b7a123c98,对字介词框架候选,介词/框架结构,国际中文教育中文水平等级标准·语法学习手册（初等）,174,是目标语法点,正确,目标用例,三人一致,三人一致,三人一致,A-三人一致
ASGD-2027-2842,e7df27eb500806cd,连动结构候选,多谓词/论元结构,国际中文教育中文水平等级标准·语法学习手册（中等）,237,是目标语法点,正确,目标用例,三人一致,多数裁决,多数裁决,B-多数裁决
ASGD-2027-2843,34ca8d6d7af74581,越...越候选,比较构式,国际中文教育中文水平等级标准·语法学习手册（中等）,354,是目标语法点,正确,目标用例,三人一致,三人一致,三人一致,A-三人一致
ASGD-2027-2844,afe92229d3411b67,处所状语候选,时间/处所功能结构,国际中文教育中文水平等级标准·语法学习手册（初等）,42,不是目标语法点,候选错误,表层触发但非目标,多数裁决,多数裁决,多数裁决,B-多数裁决
ASGD-2027-2845,380089c2f0feea17,因为候选,复句关联结构,国际中文教育中文水平等级标准·语法学习手册（高等）,32,是目标语法点,正确,目标用例,三人一致,多数裁决,多数裁决,B-多数裁决
ASGD-2027-2846,4895ba2a91d9daf8,时间状语候选,时间/处所功能结构,国际中文教育中文水平等级标准·语法学习手册（高等）,80,是目标语法点,正确,目标用例,三人一致,三人一致,三人一致,A-三人一致
ASGD-2027-2847,9e4fcc15a877edeb,从字介词框架候选,介词/框架结构,国际中文教育中文水平等级标准·语法学习手册（初等）,321,是目标语法点,正确,目标用例,多数裁决,多数裁决,多数裁决,B-多数裁决
ASGD-2027-2848,edaad9eaec7f51c8,处所状语候选,时间/处所功能结构,国际中文教育中文水平等级标准·语法学习手册（中等）,39,是目标语法点,正确,目标用例,三人一致,三人一致,三人一致,A-三人一致
ASGD-2027-2849,4dd78e693f51e811,得字补语候选,补语结构,国际中文教育中文水平等级标准·语法学习手册（中等）,105,是目标语法点,候选错误,表层触发但非目标,多数裁决,无多数-标注者2裁决,无多数-标注者2裁决,C-标注者2裁决
ASGD-2027-2850,48a68204638b3859,时间状语候选,时间/处所功能结构,国际中文教育中文水平等级标准·语法学习手册（高等）,129,是目标语法点,正确,目标用例,多数裁决,多数裁决,多数裁决,B-多数裁决
ASGD-2027-2851,24c63592b1ab7488,处所状语候选,时间/处所功能结构,国际中文教育中文水平等级标准·语法学习手册（初等）,20,不是目标语法点,候选错误,表层触发但非目标,多数裁决,多数裁决,多数裁决,B-多数裁决
ASGD-2027-2852,48e3c8b309ec350b,处所状语候选,时间/处所功能结构,国际中文教育中文水平等级标准·语法学习手册（中等）,40,是目标语法点,正确,目标用例,三人一致,三人一致,三人一致,A-三人一致
ASGD-2027-2853,ff526cdd9e10b67f,被字句候选,被动/受事凸显构式,国际中文教育中文水平等级标准·语法学习手册（中等）,161,是目标语法点,正确,目标用例,三人一致,多数裁决,多数裁决,B-多数裁决
ASGD-2027-2854,cfba7f0d2ec1d4cd,得字补语候选,补语结构,国际中文教育中文水平等级标准·语法学习手册（中等）,60,是目标语法点,正确,目标用例,多数裁决,无多数-标注者2裁决,无多数-标注者2裁决,C-标注者2裁决
ASGD-2027-2855,009973b739806958,双宾/给予结构候选,多谓词/论元结构,国际中文教育中文水平等级标准·语法学习手册（初等）,345,是目标语法点,正确,目标用例,三人一致,多数裁决,多数裁决,B-多数裁决
ASGD-2027-2856,526df8d1864cb023,给/为/关于等介词框架候选,介词/框架结构,国际中文教育中文水平等级标准·语法学习手册（初等）,179,是目标语法点,正确,目标用例,三人一致,三人一致,三人一致,A-三人一致
ASGD-2027-2857,baf0e215f3ea7fd0,但是候选,复句关联结构,国际中文教育中文水平等级标准·语法学习手册（中等）,233,是目标语法点,正确,目标用例,三人一致,三人一致,三人一致,A-三人一致
ASGD-2027-2858,4cae524d3560b632,趋向补语候选,补语结构,国际中文教育中文水平等级标准·语法学习手册（中等）,369,是目标语法点,正确,目标用例,三人一致,多数裁决,多数裁决,B-多数裁决
ASGD-2027-2859,e64af760fdd14b6b,在字介词框架候选,介词/框架结构,国际中文教育中文水平等级标准·语法学习手册（高等）,184,是目标语法点,正确,目标用例,三人一致,多数裁决,多数裁决,B-多数裁决
ASGD-2027-2860,efbe9a63bdabe3a9,即使候选,复句关联结构,国际中文教育中文水平等级标准·语法学习手册（中等）,241,是目标语法点,正确,目标用例,三人一致,三人一致,三人一致,A-三人一致
ASGD-2027-2861,ad66626411fd29b2,结果补语候选,补语结构,国际中文教育中文水平等级标准·语法学习手册（初等）,114,是目标语法点,正确,目标用例,三人一致,三人一致,三人一致,A-三人一致
ASGD-2027-2862,b86fb6b538bf8619,对字介词框架候选,介词/框架结构,国际中文教育中文水平等级标准·语法学习手册（高等）,77,是目标语法点,正确,目标用例,多数裁决,多数裁决,多数裁决,B-多数裁决
ASGD-2027-2863,0b0394776e8d1a2d,从字介词框架候选,介词/框架结构,国际中文教育中文水平等级标准·语法学习手册（初等）,321,是目标语法点,正确,目标用例,多数裁决,多数裁决,多数裁决,B-多数裁决
ASGD-2027-2864,e13928cecb5cd99d,时间状语候选,时间/处所功能结构,国际中文教育中文水平等级标准·语法学习手册（初等）,280,是目标语法点,正确,目标用例,三人一致,三人一致,三人一致,A-三人一致
ASGD-2027-2865,39ccb4e58c3dd4a7,没有比较候选,比较构式,国际中文教育中文水平等级标准·语法学习手册（高等）,106,不是目标语法点,候选错误,表层触发但非目标,三人一致,三人一致,三人一致,A-三人一致
ASGD-2027-2866,4ad3bad21cd8a8c3,比字比较候选,比较构式,国际中文教育中文水平等级标准·语法学习手册（高等）,129,是目标语法点,正确,目标用例,三人一致,三人一致,三人一致,A-三人一致
ASGD-2027-2867,668768c20976ea98,没有比较候选,比较构式,国际中文教育中文水平等级标准·语法学习手册（高等）,120,不是目标语法点,候选错误,表层触发但非目标,三人一致,三人一致,三人一致,A-三人一致
ASGD-2027-2868,539776c8f4b81c19,把字句候选,处置/受事重组构式,国际中文教育中文水平等级标准·语法学习手册（中等）,222,是目标语法点,正确,目标用例,三人一致,三人一致,三人一致,A-三人一致
ASGD-2027-2869,5335a1c321a27cf8,处所状语候选,时间/处所功能结构,国际中文教育中文水平等级标准·语法学习手册（中等）,84,是目标语法点,正确,目标用例,三人一致,多数裁决,多数裁决,B-多数裁决
ASGD-2027-2870,d31d558d9ec002f4,处所状语候选,时间/处所功能结构,国际中文教育中文水平等级标准·语法学习手册（中等）,57,是目标语法点,边界不完整,边界问题,多数裁决,无多数-标注者2裁决,无多数-标注者2裁决,C-标注者2裁决
ASGD-2027-2871,d0117ea91b1ad6f6,对字介词框架候选,介词/框架结构,国际中文教育中文水平等级标准·语法学习手册（初等）,265,是目标语法点,正确,目标用例,三人一致,三人一致,三人一致,A-三人一致
ASGD-2027-2872,4ae52a539059bc9e,得字补语候选,补语结构,国际中文教育中文水平等级标准·语法学习手册（高等）,122,是目标语法点,正确,目标用例,三人一致,多数裁决,多数裁决,B-多数裁决
ASGD-2027-2873,215cda619698e7d8,没有比较候选,比较构式,国际中文教育中文水平等级标准·语法学习手册（高等）,126,不是目标语法点,候选错误,表层触发但非目标,多数裁决,多数裁决,多数裁决,B-多数裁决
ASGD-2027-2874,e06574d72a964a02,在字介词框架候选,介词/框架结构,国际中文教育中文水平等级标准·语法学习手册（初等）,219,是目标语法点,正确,目标用例,三人一致,多数裁决,多数裁决,B-多数裁决
ASGD-2027-2875,472ed713104440b6,因为候选,复句关联结构,国际中文教育中文水平等级标准·语法学习手册（高等）,173,是目标语法点,正确,目标用例,三人一致,多数裁决,多数裁决,B-多数裁决
ASGD-2027-2876,bac9fd35391254b2,得字补语候选,补语结构,国际中文教育中文水平等级标准·语法学习手册（中等）,349,是目标语法点,候选错误,表层触发但非目标,多数裁决,无多数-标注者2裁决,无多数-标注者2裁决,C-标注者2裁决
ASGD-2027-2877,f7506198c633ec42,把字句候选,处置/受事重组构式,国际中文教育中文水平等级标准·语法学习手册（高等）,73,是目标语法点,正确,目标用例,三人一致,三人一致,三人一致,A-三人一致
ASGD-2027-2878,c4bea75030c458de,数量/时量补语候选,补语结构,国际中文教育中文水平等级标准·语法学习手册（初等）,353,是目标语法点,正确,目标用例,三人一致,多数裁决,多数裁决,B-多数裁决
ASGD-2027-2879,eb557f3292ee31fc,结果补语候选,补语结构,国际中文教育中文水平等级标准·语法学习手册（中等）,381,是目标语法点,正确,目标用例,三人一致,三人一致,三人一致,A-三人一致
ASGD-2027-2880,b66d1c70dc40d55a,被字句候选,被动/受事凸显构式,国际中文教育中文水平等级标准·语法学习手册（中等）,170,是目标语法点,正确,目标用例,三人一致,多数裁决,多数裁决,B-多数裁决
ASGD-2027-2881,885ba8fcbede835d,把字句候选,处置/受事重组构式,国际中文教育中文水平等级标准·语法学习手册（中等）,336,是目标语法点,正确,目标用例,三人一致,三人一致,三人一致,A-三人一致
ASGD-2027-2882,b9a14776776d0f7d,趋向补语候选,补语结构,国际中文教育中文水平等级标准·语法学习手册（中等）,254,是目标语法点,正确,目标用例,三人一致,多数裁决,多数裁决,B-多数裁决
ASGD-2027-2883,fdeda56895f07001,向/往/朝介词框架候选,介词/框架结构,国际中文教育中文水平等级标准·语法学习手册（初等）,292,是目标语法点,正确,目标用例,多数裁决,多数裁决,多数裁决,B-多数裁决
ASGD-2027-2884,671eeb75f1f402b6,双宾/给予结构候选,多谓词/论元结构,国际中文教育中文水平等级标准·语法学习手册（初等）,216,是目标语法点,正确,目标用例,三人一致,三人一致,三人一致,A-三人一致
ASGD-2027-2885,6b0bebe466cac03b,在字介词框架候选,介词/框架结构,国际中文教育中文水平等级标准·语法学习手册（中等）,98,是目标语法点,正确,目标用例,三人一致,多数裁决,多数裁决,B-多数裁决
ASGD-2027-2886,5448924cef4b0dd2,在字介词框架候选,介词/框架结构,国际中文教育中文水平等级标准·语法学习手册（初等）,377,是目标语法点,正确,目标用例,三人一致,三人一致,三人一致,A-三人一致
ASGD-2027-2887,90b22d22fd7ba401,时间状语候选,时间/处所功能结构,国际中文教育中文水平等级标准·语法学习手册（初等）,72,是目标语法点,正确,目标用例,多数裁决,多数裁决,多数裁决,B-多数裁决
ASGD-2027-2888,c2f35063a9b44b1d,把字句候选,处置/受事重组构式,国际中文教育中文水平等级标准·语法学习手册（初等）,357,是目标语法点,正确,目标用例,三人一致,三人一致,三人一致,A-三人一致
ASGD-2027-2889,642893bdc933c618,把字句候选,处置/受事重组构式,国际中文教育中文水平等级标准·语法学习手册（高等）,29,是目标语法点,正确,目标用例,三人一致,三人一致,三人一致,A-三人一致
ASGD-2027-2890,eb596c27f3654acb,得字补语候选,补语结构,国际中文教育中文水平等级标准·语法学习手册（中等）,202,是目标语法点,正确,目标用例,三人一致,多数裁决,多数裁决,B-多数裁决
ASGD-2027-2891,519dbf7f92a70744,被字句候选,被动/受事凸显构式,国际中文教育中文水平等级标准·语法学习手册（高等）,26,是目标语法点,边界不完整,边界问题,三人一致,多数裁决,多数裁决,B-多数裁决
ASGD-2027-2892,3e07bcfc43298c76,处所状语候选,时间/处所功能结构,国际中文教育中文水平等级标准·语法学习手册（初等）,20,是目标语法点,正确,目标用例,多数裁决,多数裁决,多数裁决,B-多数裁决
ASGD-2027-2893,08b7454b79deef8a,被字句候选,被动/受事凸显构式,国际中文教育中文水平等级标准·语法学习手册（中等）,385,不是目标语法点,候选错误,表层触发但非目标,多数裁决,多数裁决,多数裁决,B-多数裁决
ASGD-2027-2894,9c3f4d9d4cf2c65d,没有比较候选,比较构式,国际中文教育中文水平等级标准·语法学习手册（中等）,161,不是目标语法点,候选错误,表层触发但非目标,三人一致,三人一致,三人一致,A-三人一致
ASGD-2027-2895,165764cfa3c7165b,如果候选,复句关联结构,国际中文教育中文水平等级标准·语法学习手册（高等）,92,是目标语法点,正确,目标用例,三人一致,多数裁决,多数裁决,B-多数裁决
ASGD-2027-2896,70e366042215e86d,给/为/关于等介词框架候选,介词/框架结构,国际中文教育中文水平等级标准·语法学习手册（初等）,328,是目标语法点,正确,目标用例,三人一致,三人一致,三人一致,A-三人一致
ASGD-2027-2897,ddd57d7b800314cd,时间状语候选,时间/处所功能结构,国际中文教育中文水平等级标准·语法学习手册（初等）,152,是目标语法点,正确,目标用例,三人一致,三人一致,三人一致,A-三人一致
ASGD-2027-2898,9a44d2c936ce71db,在字介词框架候选,介词/框架结构,国际中文教育中文水平等级标准·语法学习手册（中等）,346,是目标语法点,正确,目标用例,三人一致,多数裁决,多数裁决,B-多数裁决
ASGD-2027-2899,c72410c161842f55,没有比较候选,比较构式,国际中文教育中文水平等级标准·语法学习手册（高等）,134,不是目标语法点,候选错误,表层触发但非目标,三人一致,三人一致,三人一致,A-三人一致
ASGD-2027-2900,4f4fcb10727644f2,在字介词框架候选,介词/框架结构,国际中文教育中文水平等级标准·语法学习手册（中等）,50,是目标语法点,正确,目标用例,三人一致,多数裁决,多数裁决,B-多数裁决
ASGD-2027-2901,e339b590d6968604,给/为/关于等介词框架候选,介词/框架结构,国际中文教育中文水平等级标准·语法学习手册（初等）,237,是目标语法点,正确,目标用例,多数裁决,多数裁决,多数裁决,B-多数裁决
ASGD-2027-2902,6fa4e1c979cb9d99,给/为/关于等介词框架候选,介词/框架结构,国际中文教育中文水平等级标准·语法学习手册（初等）,174,是目标语法点,边界过长,边界问题,多数裁决,无多数-标注者2裁决,无多数-标注者2裁决,C-标注者2裁决
ASGD-2027-2903,398bd46a6f624f31,比字比较候选,比较构式,国际中文教育中文水平等级标准·语法学习手册（初等）,209,是目标语法点,正确,目标用例,三人一致,三人一致,三人一致,A-三人一致
ASGD-2027-2904,e355417c08de5b6f,在字介词框架候选,介词/框架结构,国际中文教育中文水平等级标准·语法学习手册（初等）,57,不是目标语法点,候选错误,表层触发但非目标,多数裁决,多数裁决,多数裁决,B-多数裁决
ASGD-2027-2905,1f1b9c39868208e8,时间状语候选,时间/处所功能结构,国际中文教育中文水平等级标准·语法学习手册（初等）,332,是目标语法点,正确,目标用例,多数裁决,多数裁决,多数裁决,B-多数裁决
ASGD-2027-2906,8bf193ae7a6ee062,把字句候选,处置/受事重组构式,国际中文教育中文水平等级标准·语法学习手册（中等）,337,是目标语法点,边界过长,边界问题,三人一致,无多数-标注者2裁决,多数裁决,C-标注者2裁决
ASGD-2027-2907,bd291c5f5d675d6b,一样比较候选,比较构式,国际中文教育中文水平等级标准·语法学习手册（初等）,213,是目标语法点,正确,目标用例,三人一致,三人一致,三人一致,A-三人一致
ASGD-2027-2908,577756a827e92777,兼语结构候选,多谓词/论元结构,国际中文教育中文水平等级标准·语法学习手册（初等）,354,是目标语法点,正确,目标用例,三人一致,三人一致,三人一致,A-三人一致
ASGD-2027-2909,aa9500bf3e131fc2,连动结构候选,多谓词/论元结构,国际中文教育中文水平等级标准·语法学习手册（初等）,361,是目标语法点,正确,目标用例,三人一致,多数裁决,多数裁决,B-多数裁决
ASGD-2027-2910,f9ee913947c15eea,趋向补语候选,补语结构,国际中文教育中文水平等级标准·语法学习手册（高等）,98,是目标语法点,正确,目标用例,三人一致,多数裁决,多数裁决,B-多数裁决
ASGD-2027-2911,cd3dd2f586263da4,把字句候选,处置/受事重组构式,国际中文教育中文水平等级标准·语法学习手册（中等）,78,是目标语法点,边界过长,边界问题,多数裁决,多数裁决,多数裁决,B-多数裁决
ASGD-2027-2912,901c0d9e47b24b43,处所状语候选,时间/处所功能结构,国际中文教育中文水平等级标准·语法学习手册（中等）,381,不是目标语法点,候选错误,表层触发但非目标,三人一致,三人一致,三人一致,A-三人一致
ASGD-2027-2913,acae8b0e9c634ac5,被字句候选,被动/受事凸显构式,国际中文教育中文水平等级标准·语法学习手册（中等）,83,是目标语法点,正确,目标用例,三人一致,三人一致,三人一致,A-三人一致
ASGD-2027-2914,dfa7304f7b7707b5,把字句候选,处置/受事重组构式,国际中文教育中文水平等级标准·语法学习手册（初等）,273,是目标语法点,正确,目标用例,三人一致,三人一致,三人一致,A-三人一致
ASGD-2027-2915,f60337a5cc228d92,对字介词框架候选,介词/框架结构,国际中文教育中文水平等级标准·语法学习手册（高等）,78,不是目标语法点,候选错误,表层触发但非目标,多数裁决,多数裁决,多数裁决,B-多数裁决
ASGD-2027-2916,9882f937eb59e15c,数量/时量补语候选,补语结构,国际中文教育中文水平等级标准·语法学习手册（初等）,274,是目标语法点,正确,目标用例,三人一致,多数裁决,多数裁决,B-多数裁决
ASGD-2027-2917,8ba4eaee3d885377,连动结构候选,多谓词/论元结构,国际中文教育中文水平等级标准·语法学习手册（初等）,361,是目标语法点,正确,目标用例,三人一致,多数裁决,多数裁决,B-多数裁决
ASGD-2027-2918,80521a5238342795,在字介词框架候选,介词/框架结构,国际中文教育中文水平等级标准·语法学习手册（初等）,120,是目标语法点,正确,目标用例,三人一致,多数裁决,多数裁决,B-多数裁决
ASGD-2027-2919,68d9b1b97818e567,处所状语候选,时间/处所功能结构,国际中文教育中文水平等级标准·语法学习手册（初等）,51,不是目标语法点,候选错误,表层触发但非目标,三人一致,三人一致,三人一致,A-三人一致
ASGD-2027-2920,9f0220e98cbd028e,数量/时量补语候选,补语结构,国际中文教育中文水平等级标准·语法学习手册（初等）,353,是目标语法点,正确,目标用例,三人一致,多数裁决,多数裁决,B-多数裁决
ASGD-2027-2921,72a4f2a90c106238,处所状语候选,时间/处所功能结构,国际中文教育中文水平等级标准·语法学习手册（初等）,31,是目标语法点,正确,目标用例,三人一致,三人一致,三人一致,A-三人一致
ASGD-2027-2922,17df95bf9635e88f,连动结构候选,多谓词/论元结构,国际中文教育中文水平等级标准·语法学习手册（初等）,190,是目标语法点,正确,目标用例,三人一致,多数裁决,多数裁决,B-多数裁决
ASGD-2027-2923,e4c5caca7a5eacaf,处所状语候选,时间/处所功能结构,国际中文教育中文水平等级标准·语法学习手册（初等）,21,不是目标语法点,候选错误,表层触发但非目标,三人一致,三人一致,三人一致,A-三人一致
ASGD-2027-2924,264bc6cc7488ddfb,没有比较候选,比较构式,国际中文教育中文水平等级标准·语法学习手册（中等）,259,不是目标语法点,候选错误,表层触发但非目标,三人一致,三人一致,三人一致,A-三人一致
ASGD-2027-2925,e8a1647a345079c6,连动结构候选,多谓词/论元结构,国际中文教育中文水平等级标准·语法学习手册（初等）,241,是目标语法点,正确,目标用例,多数裁决,多数裁决,多数裁决,B-多数裁决
ASGD-2027-2926,7a366031a7153008,连动结构候选,多谓词/论元结构,国际中文教育中文水平等级标准·语法学习手册（中等）,105,是目标语法点,正确,目标用例,三人一致,多数裁决,多数裁决,B-多数裁决
ASGD-2027-2927,5a52d633b86814eb,因为候选,复句关联结构,国际中文教育中文水平等级标准·语法学习手册（高等）,55,是目标语法点,正确,目标用例,三人一致,多数裁决,多数裁决,B-多数裁决
ASGD-2027-2928,c4fd47d6192fe78c,把字句候选,处置/受事重组构式,国际中文教育中文水平等级标准·语法学习手册（中等）,113,不是目标语法点,候选错误,表层触发但非目标,多数裁决,多数裁决,多数裁决,B-多数裁决
ASGD-2027-2929,3011c56dc88c2912,从字介词框架候选,介词/框架结构,国际中文教育中文水平等级标准·语法学习手册（初等）,321,是目标语法点,正确,目标用例,三人一致,三人一致,三人一致,A-三人一致
ASGD-2027-2930,1fa107810e49b2da,给/为/关于等介词框架候选,介词/框架结构,国际中文教育中文水平等级标准·语法学习手册（高等）,201,是目标语法点,正确,目标用例,多数裁决,多数裁决,多数裁决,B-多数裁决
ASGD-2027-2931,8af4c257226f1d4b,被字句候选,被动/受事凸显构式,国际中文教育中文水平等级标准·语法学习手册（中等）,84,是目标语法点,正确,目标用例,三人一致,三人一致,三人一致,A-三人一致
ASGD-2027-2932,c4dbb27b9e9ccd17,没有比较候选,比较构式,国际中文教育中文水平等级标准·语法学习手册（中等）,255,不是目标语法点,候选错误,表层触发但非目标,三人一致,三人一致,三人一致,A-三人一致
ASGD-2027-2933,64f6b63cd9ff0814,双宾/给予结构候选,多谓词/论元结构,国际中文教育中文水平等级标准·语法学习手册（初等）,216,是目标语法点,正确,目标用例,三人一致,三人一致,三人一致,A-三人一致
ASGD-2027-2934,efb3ea6c2e106fbe,得字补语候选,补语结构,国际中文教育中文水平等级标准·语法学习手册（初等）,225,是目标语法点,正确,目标用例,三人一致,多数裁决,多数裁决,B-多数裁决
ASGD-2027-2935,df7968bc2599025b,得字补语候选,补语结构,国际中文教育中文水平等级标准·语法学习手册（高等）,131,是目标语法点,正确,目标用例,三人一致,多数裁决,多数裁决,B-多数裁决
ASGD-2027-2936,ed558f71afc3f904,数量/时量补语候选,补语结构,国际中文教育中文水平等级标准·语法学习手册（初等）,263,是目标语法点,正确,目标用例,多数裁决,多数裁决,多数裁决,B-多数裁决
ASGD-2027-2937,07bbe17959188763,把字句候选,处置/受事重组构式,国际中文教育中文水平等级标准·语法学习手册（高等）,40,是目标语法点,正确,目标用例,三人一致,三人一致,三人一致,A-三人一致
ASGD-2027-2938,aea17c519172e20d,结果补语候选,补语结构,国际中文教育中文水平等级标准·语法学习手册（初等）,359,是目标语法点,正确,目标用例,三人一致,三人一致,三人一致,A-三人一致
ASGD-2027-2939,7298f435d567bd8b,处所状语候选,时间/处所功能结构,国际中文教育中文水平等级标准·语法学习手册（中等）,85,是目标语法点,正确,目标用例,三人一致,多数裁决,多数裁决,B-多数裁决
ASGD-2027-2940,d2cf207af02de0a8,把字句候选,处置/受事重组构式,国际中文教育中文水平等级标准·语法学习手册（高等）,125,是目标语法点,正确,目标用例,三人一致,三人一致,三人一致,A-三人一致
ASGD-2027-2941,6cd182f5988ae317,把字句候选,处置/受事重组构式,国际中文教育中文水平等级标准·语法学习手册（高等）,125,是目标语法点,正确,目标用例,三人一致,三人一致,三人一致,A-三人一致
ASGD-2027-2942,848b879e44af7cd4,兼语结构候选,多谓词/论元结构,国际中文教育中文水平等级标准·语法学习手册（初等）,362,是目标语法点,正确,目标用例,多数裁决,多数裁决,多数裁决,B-多数裁决
ASGD-2027-2943,fa1550a47e5da406,时间状语候选,时间/处所功能结构,国际中文教育中文水平等级标准·语法学习手册（初等）,138,是目标语法点,正确,目标用例,多数裁决,多数裁决,多数裁决,B-多数裁决
ASGD-2027-2944,1c2856c867b6b2eb,得字补语候选,补语结构,国际中文教育中文水平等级标准·语法学习手册（高等）,24,是目标语法点,候选错误,表层触发但非目标,多数裁决,无多数-标注者2裁决,无多数-标注者2裁决,C-标注者2裁决
ASGD-2027-2945,c146808f423bb80f,时间状语候选,时间/处所功能结构,国际中文教育中文水平等级标准·语法学习手册（中等）,111,是目标语法点,边界过长,边界问题,多数裁决,无多数-标注者2裁决,无多数-标注者2裁决,C-标注者2裁决
ASGD-2027-2946,55d14c9bc6dc07f1,把字句候选,处置/受事重组构式,国际中文教育中文水平等级标准·语法学习手册（中等）,223,是目标语法点,正确,目标用例,三人一致,三人一致,三人一致,A-三人一致
ASGD-2027-2947,82fb9be9f38ed3c2,处所状语候选,时间/处所功能结构,国际中文教育中文水平等级标准·语法学习手册（中等）,378,不是目标语法点,候选错误,表层触发但非目标,三人一致,三人一致,三人一致,A-三人一致
ASGD-2027-2948,a84797e7250ae1ab,在字介词框架候选,介词/框架结构,国际中文教育中文水平等级标准·语法学习手册（初等）,66,是目标语法点,正确,目标用例,三人一致,多数裁决,多数裁决,B-多数裁决
ASGD-2027-2949,fee01db1fe878870,即使候选,复句关联结构,国际中文教育中文水平等级标准·语法学习手册（高等）,139,是目标语法点,正确,目标用例,三人一致,三人一致,三人一致,A-三人一致
ASGD-2027-2950,19cff314df59fc2b,处所状语候选,时间/处所功能结构,国际中文教育中文水平等级标准·语法学习手册（中等）,85,是目标语法点,正确,目标用例,三人一致,三人一致,三人一致,A-三人一致
ASGD-2027-2951,7412e3a3653b3284,从字介词框架候选,介词/框架结构,国际中文教育中文水平等级标准·语法学习手册（初等）,173,是目标语法点,正确,目标用例,三人一致,三人一致,三人一致,A-三人一致
ASGD-2027-2952,c41d8a8bbde2de18,双宾/给予结构候选,多谓词/论元结构,国际中文教育中文水平等级标准·语法学习手册（高等）,109,是目标语法点,正确,目标用例,多数裁决,多数裁决,多数裁决,B-多数裁决
ASGD-2027-2953,084c199900b0e512,被字句候选,被动/受事凸显构式,国际中文教育中文水平等级标准·语法学习手册（中等）,83,是目标语法点,正确,目标用例,三人一致,三人一致,三人一致,A-三人一致
ASGD-2027-2954,e5994f866210f998,比字比较候选,比较构式,国际中文教育中文水平等级标准·语法学习手册（初等）,70,是目标语法点,正确,目标用例,三人一致,三人一致,三人一致,A-三人一致
ASGD-2027-2955,8abb8823c92f2608,给/为/关于等介词框架候选,介词/框架结构,国际中文教育中文水平等级标准·语法学习手册（中等）,184,是目标语法点,正确,目标用例,多数裁决,多数裁决,多数裁决,B-多数裁决
ASGD-2027-2956,680adb1b262e7b7c,在字介词框架候选,介词/框架结构,国际中文教育中文水平等级标准·语法学习手册（高等）,106,是目标语法点,正确,目标用例,多数裁决,多数裁决,多数裁决,B-多数裁决
ASGD-2027-2957,819ece0bff9d8089,时间状语候选,时间/处所功能结构,国际中文教育中文水平等级标准·语法学习手册（中等）,375,是目标语法点,正确,目标用例,三人一致,多数裁决,多数裁决,B-多数裁决
ASGD-2027-2958,468eecc8024dec4c,双宾/给予结构候选,多谓词/论元结构,国际中文教育中文水平等级标准·语法学习手册（初等）,193,不是目标语法点,候选错误,表层触发但非目标,多数裁决,多数裁决,多数裁决,B-多数裁决
ASGD-2027-2959,4b640611e11a5771,给/为/关于等介词框架候选,介词/框架结构,国际中文教育中文水平等级标准·语法学习手册（中等）,341,是目标语法点,正确,目标用例,多数裁决,多数裁决,多数裁决,B-多数裁决
ASGD-2027-2960,b2517e0889a81a88,只要候选,复句关联结构,国际中文教育中文水平等级标准·语法学习手册（初等）,234,是目标语法点,正确,目标用例,三人一致,三人一致,三人一致,A-三人一致
ASGD-2027-2961,14cc9ed1643e4c29,结果补语候选,补语结构,国际中文教育中文水平等级标准·语法学习手册（中等）,223,是目标语法点,正确,目标用例,三人一致,三人一致,三人一致,A-三人一致
ASGD-2027-2962,2b3206fa6724fab9,但是候选,复句关联结构,国际中文教育中文水平等级标准·语法学习手册（高等）,108,是目标语法点,正确,目标用例,三人一致,三人一致,三人一致,A-三人一致
ASGD-2027-2963,b23aaafb4606382c,处所状语候选,时间/处所功能结构,国际中文教育中文水平等级标准·语法学习手册（中等）,40,是目标语法点,正确,目标用例,多数裁决,多数裁决,多数裁决,B-多数裁决
ASGD-2027-2964,5cc5b69ddcbd8d35,时间状语候选,时间/处所功能结构,国际中文教育中文水平等级标准·语法学习手册（中等）,60,是目标语法点,正确,目标用例,三人一致,三人一致,三人一致,A-三人一致
ASGD-2027-2965,d35ea0686560c73f,时间状语候选,时间/处所功能结构,国际中文教育中文水平等级标准·语法学习手册（中等）,150,是目标语法点,正确,目标用例,三人一致,三人一致,三人一致,A-三人一致
ASGD-2027-2966,177cd7f70e263c02,给/为/关于等介词框架候选,介词/框架结构,国际中文教育中文水平等级标准·语法学习手册（中等）,161,是目标语法点,正确,目标用例,三人一致,三人一致,三人一致,A-三人一致
ASGD-2027-2967,f34381f045bc9d20,处所状语候选,时间/处所功能结构,国际中文教育中文水平等级标准·语法学习手册（中等）,331,不是目标语法点,候选错误,表层触发但非目标,多数裁决,多数裁决,多数裁决,B-多数裁决
ASGD-2027-2968,b3cd76fb58c33f89,在字介词框架候选,介词/框架结构,国际中文教育中文水平等级标准·语法学习手册（初等）,176,是目标语法点,候选错误,表层触发但非目标,多数裁决,无多数-标注者2裁决,无多数-标注者2裁决,C-标注者2裁决
ASGD-2027-2969,32ac51de8f775b2b,对字介词框架候选,介词/框架结构,国际中文教育中文水平等级标准·语法学习手册（高等）,20,是目标语法点,正确,目标用例,三人一致,三人一致,三人一致,A-三人一致
ASGD-2027-2970,57b71fa9562abe8b,数量/时量补语候选,补语结构,国际中文教育中文水平等级标准·语法学习手册（初等）,351,是目标语法点,正确,目标用例,三人一致,多数裁决,多数裁决,B-多数裁决
ASGD-2027-2971,8f1c38d32fabe418,比字比较候选,比较构式,国际中文教育中文水平等级标准·语法学习手册（高等）,22,是目标语法点,正确,目标用例,多数裁决,多数裁决,多数裁决,B-多数裁决
ASGD-2027-2972,a9459326ecbb04e6,从字介词框架候选,介词/框架结构,国际中文教育中文水平等级标准·语法学习手册（初等）,172,是目标语法点,正确,目标用例,三人一致,三人一致,三人一致,A-三人一致
ASGD-2027-2973,765834fe2adbe963,时间状语候选,时间/处所功能结构,国际中文教育中文水平等级标准·语法学习手册（中等）,18,是目标语法点,正确,目标用例,三人一致,三人一致,三人一致,A-三人一致
ASGD-2027-2974,367f244ce643cb41,把字句候选,处置/受事重组构式,国际中文教育中文水平等级标准·语法学习手册（中等）,129,是目标语法点,正确,目标用例,三人一致,三人一致,三人一致,A-三人一致
ASGD-2027-2975,1292c5a70c9092ae,趋向补语候选,补语结构,国际中文教育中文水平等级标准·语法学习手册（中等）,210,是目标语法点,正确,目标用例,三人一致,多数裁决,多数裁决,B-多数裁决
ASGD-2027-2976,badc6bdc7c1849d5,得字补语候选,补语结构,国际中文教育中文水平等级标准·语法学习手册（初等）,349,不是目标语法点,候选错误,表层触发但非目标,多数裁决,多数裁决,多数裁决,B-多数裁决
ASGD-2027-2977,47fb5cccf4bf8e7f,把字句候选,处置/受事重组构式,国际中文教育中文水平等级标准·语法学习手册（中等）,380,是目标语法点,正确,目标用例,多数裁决,无多数-标注者2裁决,无多数-标注者2裁决,C-标注者2裁决
ASGD-2027-2978,b598f1e3cbd2f6da,双宾/给予结构候选,多谓词/论元结构,国际中文教育中文水平等级标准·语法学习手册（初等）,175,是目标语法点,正确,目标用例,三人一致,三人一致,三人一致,A-三人一致
ASGD-2027-2979,d37d6e01b68998f9,但是候选,复句关联结构,国际中文教育中文水平等级标准·语法学习手册（初等）,179,是目标语法点,正确,目标用例,三人一致,三人一致,三人一致,A-三人一致
ASGD-2027-2980,89b61f90fb0ba001,处所状语候选,时间/处所功能结构,国际中文教育中文水平等级标准·语法学习手册（中等）,175,是目标语法点,边界不完整,边界问题,多数裁决,无多数-标注者2裁决,无多数-标注者2裁决,C-标注者2裁决
ASGD-2027-2981,f400327b586d8186,把字句候选,处置/受事重组构式,国际中文教育中文水平等级标准·语法学习手册（中等）,144,是目标语法点,正确,目标用例,三人一致,三人一致,三人一致,A-三人一致
ASGD-2027-2982,5402f17bd7999182,时间状语候选,时间/处所功能结构,国际中文教育中文水平等级标准·语法学习手册（高等）,43,是目标语法点,正确,目标用例,三人一致,多数裁决,多数裁决,B-多数裁决
ASGD-2027-2983,b1ac56e7d9934d6e,在字介词框架候选,介词/框架结构,国际中文教育中文水平等级标准·语法学习手册（高等）,144,是目标语法点,正确,目标用例,多数裁决,多数裁决,多数裁决,B-多数裁决
ASGD-2027-2984,ba3b428125b9a5d6,没有比较候选,比较构式,国际中文教育中文水平等级标准·语法学习手册（高等）,128,不是目标语法点,候选错误,表层触发但非目标,三人一致,三人一致,三人一致,A-三人一致
ASGD-2027-2985,bab11c1f98dfbdb2,在字介词框架候选,介词/框架结构,国际中文教育中文水平等级标准·语法学习手册（初等）,302,是目标语法点,正确,目标用例,三人一致,三人一致,三人一致,A-三人一致
ASGD-2027-2986,7a868e58b2452974,时间状语候选,时间/处所功能结构,国际中文教育中文水平等级标准·语法学习手册（中等）,118,是目标语法点,正确,目标用例,三人一致,三人一致,三人一致,A-三人一致
ASGD-2027-2987,9721eb973f70f576,在字介词框架候选,介词/框架结构,国际中文教育中文水平等级标准·语法学习手册（中等）,143,是目标语法点,正确,目标用例,三人一致,三人一致,三人一致,A-三人一致
ASGD-2027-2988,60ff6786adb5f63b,处所状语候选,时间/处所功能结构,国际中文教育中文水平等级标准·语法学习手册（中等）,86,是目标语法点,边界不完整,边界问题,多数裁决,无多数-标注者2裁决,无多数-标注者2裁决,C-标注者2裁决
ASGD-2027-2989,c4e90a68f68f0b94,得字补语候选,补语结构,国际中文教育中文水平等级标准·语法学习手册（初等）,309,是目标语法点,正确,目标用例,三人一致,多数裁决,多数裁决,B-多数裁决
ASGD-2027-2990,cb2232bed8d0a5ce,数量/时量补语候选,补语结构,国际中文教育中文水平等级标准·语法学习手册（初等）,352,是目标语法点,正确,目标用例,三人一致,多数裁决,多数裁决,B-多数裁决
ASGD-2027-2991,40bb9c0fd84d7007,比字比较候选,比较构式,国际中文教育中文水平等级标准·语法学习手册（初等）,364,是目标语法点,正确,目标用例,三人一致,三人一致,三人一致,A-三人一致
ASGD-2027-2992,b66c593d95cda5b1,一样比较候选,比较构式,国际中文教育中文水平等级标准·语法学习手册（初等）,213,是目标语法点,正确,目标用例,三人一致,三人一致,三人一致,A-三人一致
ASGD-2027-2993,82e2c3fa5539ab6d,没有比较候选,比较构式,国际中文教育中文水平等级标准·语法学习手册（初等）,183,不是目标语法点,候选错误,表层触发但非目标,三人一致,三人一致,三人一致,A-三人一致
ASGD-2027-2994,ebd16c1ca647f783,向/往/朝介词框架候选,介词/框架结构,国际中文教育中文水平等级标准·语法学习手册（高等）,87,是目标语法点,正确,目标用例,多数裁决,多数裁决,多数裁决,B-多数裁决
ASGD-2027-2995,0c1b708791d7fb6c,处所状语候选,时间/处所功能结构,国际中文教育中文水平等级标准·语法学习手册（初等）,66,不是目标语法点,候选错误,表层触发但非目标,三人一致,三人一致,三人一致,A-三人一致
ASGD-2027-2996,41387a27fac3cace,给/为/关于等介词框架候选,介词/框架结构,国际中文教育中文水平等级标准·语法学习手册（中等）,341,是目标语法点,正确,目标用例,多数裁决,多数裁决,多数裁决,B-多数裁决
ASGD-2027-2997,44406d9927eefcb7,数量/时量补语候选,补语结构,国际中文教育中文水平等级标准·语法学习手册（初等）,351,是目标语法点,正确,目标用例,三人一致,多数裁决,多数裁决,B-多数裁决
ASGD-2027-2998,c4a6276428aafd72,处所状语候选,时间/处所功能结构,国际中文教育中文水平等级标准·语法学习手册（初等）,31,是目标语法点,正确,目标用例,三人一致,三人一致,三人一致,A-三人一致
ASGD-2027-2999,43f071f58e73b9c5,得字补语候选,补语结构,国际中文教育中文水平等级标准·语法学习手册（中等）,211,是目标语法点,候选错误,表层触发但非目标,多数裁决,无多数-标注者2裁决,无多数-标注者2裁决,C-标注者2裁决
ASGD-2027-3000,baf10b2689514b4c,趋向补语候选,补语结构,国际中文教育中文水平等级标准·语法学习手册（中等）,77,是目标语法点,正确,目标用例,三人一致,三人一致,三人一致,A-三人一致
