instance_id,sentence_group,grammar_point,grammar_family,slot_id,slot_name,slot_status,span_length,slot_consolidation,gold_confidence_tier
ASGD-2027-0008,d655935b13ac734a,连动结构候选,多谓词/论元结构,object_or_recipient,宾语/接受者,已标出,2,多数裁决,C-标注者2裁决
ASGD-2027-0008,d655935b13ac734a,连动结构候选,多谓词/论元结构,predicate_1,第一谓词,已标出,1,三人一致,B-多数裁决
ASGD-2027-0008,d655935b13ac734a,连动结构候选,多谓词/论元结构,predicate_2,第二谓词,已标出,2,三人一致,B-多数裁决
ASGD-2027-0008,d655935b13ac734a,连动结构候选,多谓词/论元结构,shared_argument,共享论元/兼语,不适用,7,多数裁决,C-标注者2裁决
ASGD-2027-0010,7afec0417d0acca2,趋向补语候选,补语结构,complement,补语成分,已标出,2,三人一致,B-多数裁决
ASGD-2027-0010,7afec0417d0acca2,趋向补语候选,补语结构,complement_marker,补语标记,不适用,0,三人一致,B-多数裁决
ASGD-2027-0010,7afec0417d0acca2,趋向补语候选,补语结构,object_or_measure,宾语/数量时量,不适用,2,多数裁决,C-标注者2裁决
ASGD-2027-0010,7afec0417d0acca2,趋向补语候选,补语结构,predicate,谓词核心,已标出,1,三人一致,B-多数裁决
ASGD-2027-0024,be939518863d3e3a,把字句候选,处置/受事重组构式,agent,施事,句中省略,0,三人一致,B-多数裁决
ASGD-2027-0024,be939518863d3e3a,把字句候选,处置/受事重组构式,marker,处置标记,已标出,1,三人一致,B-多数裁决
ASGD-2027-0024,be939518863d3e3a,把字句候选,处置/受事重组构式,patient,受事,已标出,4,三人一致,B-多数裁决
ASGD-2027-0024,be939518863d3e3a,把字句候选,处置/受事重组构式,predicate,谓词核心,已标出,2,三人一致,B-多数裁决
ASGD-2027-0024,be939518863d3e3a,把字句候选,处置/受事重组构式,result_component,结果/完成性成分,已标出,3,三人一致,B-多数裁决
ASGD-2027-0026,ee88ebea88047873,被字句候选,被动/受事凸显构式,affected_result,受影响结果,已标出,2,三人一致,C-标注者2裁决
ASGD-2027-0026,ee88ebea88047873,被字句候选,被动/受事凸显构式,agent,施事,已标出,2,三人一致,B-多数裁决
ASGD-2027-0026,ee88ebea88047873,被字句候选,被动/受事凸显构式,passive_marker,被动标记,已标出,1,三人一致,B-多数裁决
ASGD-2027-0026,ee88ebea88047873,被字句候选,被动/受事凸显构式,patient_subject,受事主语,已标出,2,多数裁决,C-标注者2裁决
ASGD-2027-0026,ee88ebea88047873,被字句候选,被动/受事凸显构式,predicate,谓词核心,已标出,2,三人一致,B-多数裁决
ASGD-2027-0044,d505c31459ee3b68,得字补语候选,补语结构,complement,补语成分,已标出,4,三人一致,B-多数裁决
ASGD-2027-0044,d505c31459ee3b68,得字补语候选,补语结构,complement_marker,补语标记,已标出,1,三人一致,B-多数裁决
ASGD-2027-0044,d505c31459ee3b68,得字补语候选,补语结构,object_or_measure,宾语/数量时量,不适用,2,多数裁决,C-标注者2裁决
ASGD-2027-0044,d505c31459ee3b68,得字补语候选,补语结构,predicate,谓词核心,已标出,1,三人一致,B-多数裁决
ASGD-2027-0062,9e1029975b9c189e,把字句候选,处置/受事重组构式,agent,施事,已标出,2,三人一致,B-多数裁决
ASGD-2027-0062,9e1029975b9c189e,把字句候选,处置/受事重组构式,marker,处置标记,已标出,1,三人一致,B-多数裁决
ASGD-2027-0062,9e1029975b9c189e,把字句候选,处置/受事重组构式,patient,受事,已标出,8,三人一致,B-多数裁决
ASGD-2027-0062,9e1029975b9c189e,把字句候选,处置/受事重组构式,predicate,谓词核心,已标出,2,三人一致,B-多数裁决
ASGD-2027-0062,9e1029975b9c189e,把字句候选,处置/受事重组构式,result_component,结果/完成性成分,已标出,2,三人一致,B-多数裁决
ASGD-2027-0067,2288ac5cee71a412,把字句候选,处置/受事重组构式,agent,施事,已标出,2,三人一致,B-多数裁决
ASGD-2027-0067,2288ac5cee71a412,把字句候选,处置/受事重组构式,marker,处置标记,已标出,1,三人一致,B-多数裁决
ASGD-2027-0067,2288ac5cee71a412,把字句候选,处置/受事重组构式,patient,受事,已标出,4,三人一致,B-多数裁决
ASGD-2027-0067,2288ac5cee71a412,把字句候选,处置/受事重组构式,predicate,谓词核心,已标出,1,多数裁决,B-多数裁决
ASGD-2027-0067,2288ac5cee71a412,把字句候选,处置/受事重组构式,result_component,结果/完成性成分,已标出,2,多数裁决,B-多数裁决
ASGD-2027-0087,0bc1ebd14b4daef2,趋向补语候选,补语结构,complement,补语成分,已标出,2,三人一致,B-多数裁决
ASGD-2027-0087,0bc1ebd14b4daef2,趋向补语候选,补语结构,complement_marker,补语标记,不适用,0,三人一致,B-多数裁决
ASGD-2027-0087,0bc1ebd14b4daef2,趋向补语候选,补语结构,object_or_measure,宾语/数量时量,不适用,1,多数裁决,C-标注者2裁决
ASGD-2027-0087,0bc1ebd14b4daef2,趋向补语候选,补语结构,predicate,谓词核心,已标出,1,多数裁决,B-多数裁决
ASGD-2027-0091,b45260fc372ecb19,双宾/给予结构候选,多谓词/论元结构,object_or_recipient,宾语/接受者,已标出,1,三人一致,B-多数裁决
ASGD-2027-0091,b45260fc372ecb19,双宾/给予结构候选,多谓词/论元结构,predicate_1,第一谓词,已标出,1,三人一致,B-多数裁决
ASGD-2027-0091,b45260fc372ecb19,双宾/给予结构候选,多谓词/论元结构,predicate_2,第二谓词,不适用,1,多数裁决,C-标注者2裁决
ASGD-2027-0091,b45260fc372ecb19,双宾/给予结构候选,多谓词/论元结构,shared_argument,共享论元/兼语,不适用,0,三人一致,B-多数裁决
ASGD-2027-0094,c846014ae37e9773,双宾/给予结构候选,多谓词/论元结构,object_or_recipient,宾语/接受者,已标出,3,三人一致,C-标注者2裁决
ASGD-2027-0094,c846014ae37e9773,双宾/给予结构候选,多谓词/论元结构,predicate_1,第一谓词,已标出,1,三人一致,C-标注者2裁决
ASGD-2027-0094,c846014ae37e9773,双宾/给予结构候选,多谓词/论元结构,predicate_2,第二谓词,不适用,1,多数裁决,C-标注者2裁决
ASGD-2027-0094,c846014ae37e9773,双宾/给予结构候选,多谓词/论元结构,shared_argument,共享论元/兼语,不适用,2,多数裁决,C-标注者2裁决
ASGD-2027-0098,1d22a31ca2737906,处所状语候选,时间/处所功能结构,function_relation,状语功能范围,已标出,2,多数裁决,C-标注者2裁决
ASGD-2027-0098,1d22a31ca2737906,处所状语候选,时间/处所功能结构,predicate,关联谓词,已标出,3,多数裁决,C-标注者2裁决
ASGD-2027-0098,1d22a31ca2737906,处所状语候选,时间/处所功能结构,time_or_location_expression,时间/处所表达,已标出,3,三人一致,B-多数裁决
ASGD-2027-0106,74a1c33a00bf41a9,被字句候选,被动/受事凸显构式,affected_result,受影响结果,已标出,2,多数裁决,B-多数裁决
ASGD-2027-0106,74a1c33a00bf41a9,被字句候选,被动/受事凸显构式,agent,施事,已标出,5,三人一致,B-多数裁决
ASGD-2027-0106,74a1c33a00bf41a9,被字句候选,被动/受事凸显构式,passive_marker,被动标记,已标出,1,三人一致,B-多数裁决
ASGD-2027-0106,74a1c33a00bf41a9,被字句候选,被动/受事凸显构式,patient_subject,受事主语,已标出,4,三人一致,C-标注者2裁决
ASGD-2027-0106,74a1c33a00bf41a9,被字句候选,被动/受事凸显构式,predicate,谓词核心,已标出,2,多数裁决,B-多数裁决
ASGD-2027-0111,37b7a37fadc75b72,趋向补语候选,补语结构,complement,补语成分,已标出,2,三人一致,B-多数裁决
ASGD-2027-0111,37b7a37fadc75b72,趋向补语候选,补语结构,complement_marker,补语标记,不适用,3,多数裁决,C-标注者2裁决
ASGD-2027-0111,37b7a37fadc75b72,趋向补语候选,补语结构,object_or_measure,宾语/数量时量,不适用,1,多数裁决,C-标注者2裁决
ASGD-2027-0111,37b7a37fadc75b72,趋向补语候选,补语结构,predicate,谓词核心,已标出,2,多数裁决,C-标注者2裁决
ASGD-2027-0118,3aa44fb5355ea743,把字句候选,处置/受事重组构式,agent,施事,句中省略,0,三人一致,B-多数裁决
ASGD-2027-0118,3aa44fb5355ea743,把字句候选,处置/受事重组构式,marker,处置标记,已标出,1,三人一致,B-多数裁决
ASGD-2027-0118,3aa44fb5355ea743,把字句候选,处置/受事重组构式,patient,受事,已标出,1,三人一致,B-多数裁决
ASGD-2027-0118,3aa44fb5355ea743,把字句候选,处置/受事重组构式,predicate,谓词核心,已标出,2,三人一致,B-多数裁决
ASGD-2027-0118,3aa44fb5355ea743,把字句候选,处置/受事重组构式,result_component,结果/完成性成分,已标出,3,三人一致,C-标注者2裁决
ASGD-2027-0123,d5c8006a69d9f92f,得字补语候选,补语结构,complement,补语成分,候选错误,0,多数裁决,B-多数裁决
ASGD-2027-0123,d5c8006a69d9f92f,得字补语候选,补语结构,complement_marker,补语标记,候选错误,0,多数裁决,B-多数裁决
ASGD-2027-0123,d5c8006a69d9f92f,得字补语候选,补语结构,object_or_measure,宾语/数量时量,候选错误,0,多数裁决,B-多数裁决
ASGD-2027-0123,d5c8006a69d9f92f,得字补语候选,补语结构,predicate,谓词核心,候选错误,0,多数裁决,B-多数裁决
ASGD-2027-0135,931afa6e01dee1db,双宾/给予结构候选,多谓词/论元结构,object_or_recipient,宾语/接受者,已标出,4,多数裁决,C-标注者2裁决
ASGD-2027-0135,931afa6e01dee1db,双宾/给予结构候选,多谓词/论元结构,predicate_1,第一谓词,已标出,1,多数裁决,C-标注者2裁决
ASGD-2027-0135,931afa6e01dee1db,双宾/给予结构候选,多谓词/论元结构,predicate_2,第二谓词,不适用,0,多数裁决,C-标注者2裁决
ASGD-2027-0135,931afa6e01dee1db,双宾/给予结构候选,多谓词/论元结构,shared_argument,共享论元/兼语,不适用,0,多数裁决,C-标注者2裁决
ASGD-2027-0178,6a02e130daaafa77,比字比较候选,比较构式,compare_marker,比较标记,已标出,1,三人一致,B-多数裁决
ASGD-2027-0178,6a02e130daaafa77,比字比较候选,比较构式,compare_subject,比较主体,已标出,2,三人一致,C-标注者2裁决
ASGD-2027-0178,6a02e130daaafa77,比字比较候选,比较构式,property,比较属性/谓词,已标出,3,三人一致,B-多数裁决
ASGD-2027-0178,6a02e130daaafa77,比字比较候选,比较构式,standard,比较基准,已标出,1,三人一致,B-多数裁决
ASGD-2027-0191,a4c30b5bac9c8487,处所状语候选,时间/处所功能结构,function_relation,状语功能范围,不适用,0,三人一致,B-多数裁决
ASGD-2027-0191,a4c30b5bac9c8487,处所状语候选,时间/处所功能结构,predicate,关联谓词,不适用,2,多数裁决,C-标注者2裁决
ASGD-2027-0191,a4c30b5bac9c8487,处所状语候选,时间/处所功能结构,time_or_location_expression,时间/处所表达,已标出,2,三人一致,B-多数裁决
ASGD-2027-0193,a775ee62fa71ce0b,时间状语候选,时间/处所功能结构,function_relation,状语功能范围,候选错误,2,无多数-标注者2裁决,C-标注者2裁决
ASGD-2027-0193,a775ee62fa71ce0b,时间状语候选,时间/处所功能结构,predicate,关联谓词,候选错误,1,无多数-标注者2裁决,C-标注者2裁决
ASGD-2027-0193,a775ee62fa71ce0b,时间状语候选,时间/处所功能结构,time_or_location_expression,时间/处所表达,已标出,2,多数裁决,C-标注者2裁决
ASGD-2027-0202,959f33a2d877a077,给/为/关于等介词框架候选,介词/框架结构,function_scope,作用范围,候选错误,0,多数裁决,B-多数裁决
ASGD-2027-0202,959f33a2d877a077,给/为/关于等介词框架候选,介词/框架结构,predicate,关联谓词,候选错误,0,多数裁决,B-多数裁决
ASGD-2027-0202,959f33a2d877a077,给/为/关于等介词框架候选,介词/框架结构,prep_marker,介词/框架标记,候选错误,1,多数裁决,C-标注者2裁决
ASGD-2027-0202,959f33a2d877a077,给/为/关于等介词框架候选,介词/框架结构,prep_object,介词宾语/框架对象,候选错误,8,多数裁决,C-标注者2裁决
ASGD-2027-0235,ff075513b9ba3308,数量/时量补语候选,补语结构,complement,补语成分,不适用,3,多数裁决,C-标注者2裁决
ASGD-2027-0235,ff075513b9ba3308,数量/时量补语候选,补语结构,complement_marker,补语标记,不适用,3,多数裁决,C-标注者2裁决
ASGD-2027-0235,ff075513b9ba3308,数量/时量补语候选,补语结构,object_or_measure,宾语/数量时量,已标出,1,多数裁决,C-标注者2裁决
ASGD-2027-0235,ff075513b9ba3308,数量/时量补语候选,补语结构,predicate,谓词核心,已标出,2,多数裁决,C-标注者2裁决
ASGD-2027-0242,d9978aeed10626c1,时间状语候选,时间/处所功能结构,function_relation,状语功能范围,不适用,0,多数裁决,C-标注者2裁决
ASGD-2027-0242,d9978aeed10626c1,时间状语候选,时间/处所功能结构,predicate,关联谓词,不适用,0,多数裁决,C-标注者2裁决
ASGD-2027-0242,d9978aeed10626c1,时间状语候选,时间/处所功能结构,time_or_location_expression,时间/处所表达,已标出,2,多数裁决,C-标注者2裁决
ASGD-2027-0246,c5903fdeac3c74c3,把字句候选,处置/受事重组构式,agent,施事,已标出,1,三人一致,B-多数裁决
ASGD-2027-0246,c5903fdeac3c74c3,把字句候选,处置/受事重组构式,marker,处置标记,已标出,1,三人一致,B-多数裁决
ASGD-2027-0246,c5903fdeac3c74c3,把字句候选,处置/受事重组构式,patient,受事,已标出,4,三人一致,B-多数裁决
ASGD-2027-0246,c5903fdeac3c74c3,把字句候选,处置/受事重组构式,predicate,谓词核心,已标出,1,三人一致,B-多数裁决
ASGD-2027-0246,c5903fdeac3c74c3,把字句候选,处置/受事重组构式,result_component,结果/完成性成分,不适用,1,多数裁决,C-标注者2裁决
ASGD-2027-0250,c25e1877de375ea8,一边...一边候选,复句关联结构,clause_1,分句1,已标出,1,多数裁决,B-多数裁决
ASGD-2027-0250,c25e1877de375ea8,一边...一边候选,复句关联结构,clause_2,分句2,不适用,1,多数裁决,C-标注者2裁决
ASGD-2027-0250,c25e1877de375ea8,一边...一边候选,复句关联结构,connective_1,关联标记1,已标出,2,三人一致,B-多数裁决
ASGD-2027-0250,c25e1877de375ea8,一边...一边候选,复句关联结构,connective_2,关联标记2,已标出,2,多数裁决,B-多数裁决
ASGD-2027-0258,fe29086e8af286d6,在字介词框架候选,介词/框架结构,function_scope,作用范围,已标出,2,多数裁决,C-标注者2裁决
ASGD-2027-0258,fe29086e8af286d6,在字介词框架候选,介词/框架结构,predicate,关联谓词,已标出,2,多数裁决,B-多数裁决
ASGD-2027-0258,fe29086e8af286d6,在字介词框架候选,介词/框架结构,prep_marker,介词/框架标记,已标出,1,三人一致,B-多数裁决
ASGD-2027-0258,fe29086e8af286d6,在字介词框架候选,介词/框架结构,prep_object,介词宾语/框架对象,已标出,2,三人一致,B-多数裁决
ASGD-2027-0261,bed526c1ebe9112d,但是候选,复句关联结构,clause_1,分句1,已标出,3,多数裁决,C-标注者2裁决
ASGD-2027-0261,bed526c1ebe9112d,但是候选,复句关联结构,clause_2,分句2,不适用,3,多数裁决,C-标注者2裁决
ASGD-2027-0261,bed526c1ebe9112d,但是候选,复句关联结构,connective_1,关联标记1,已标出,2,三人一致,B-多数裁决
ASGD-2027-0261,bed526c1ebe9112d,但是候选,复句关联结构,connective_2,关联标记2,已标出,3,多数裁决,C-标注者2裁决
ASGD-2027-0262,394b658f0e5108b1,如果...就候选,复句关联结构,clause_1,分句1,已标出,5,多数裁决,B-多数裁决
ASGD-2027-0262,394b658f0e5108b1,如果...就候选,复句关联结构,clause_2,分句2,不适用,4,多数裁决,C-标注者2裁决
ASGD-2027-0262,394b658f0e5108b1,如果...就候选,复句关联结构,connective_1,关联标记1,已标出,2,三人一致,B-多数裁决
ASGD-2027-0262,394b658f0e5108b1,如果...就候选,复句关联结构,connective_2,关联标记2,已标出,1,三人一致,B-多数裁决
ASGD-2027-0265,7b45a23ed521a2e1,把字句候选,处置/受事重组构式,agent,施事,已标出,1,三人一致,B-多数裁决
ASGD-2027-0265,7b45a23ed521a2e1,把字句候选,处置/受事重组构式,marker,处置标记,已标出,1,三人一致,B-多数裁决
ASGD-2027-0265,7b45a23ed521a2e1,把字句候选,处置/受事重组构式,patient,受事,已标出,2,三人一致,B-多数裁决
ASGD-2027-0265,7b45a23ed521a2e1,把字句候选,处置/受事重组构式,predicate,谓词核心,已标出,2,多数裁决,C-标注者2裁决
ASGD-2027-0265,7b45a23ed521a2e1,把字句候选,处置/受事重组构式,result_component,结果/完成性成分,已标出,1,多数裁决,C-标注者2裁决
ASGD-2027-0267,2030e10ead6e3c4b,得字补语候选,补语结构,complement,补语成分,候选错误,0,多数裁决,B-多数裁决
ASGD-2027-0267,2030e10ead6e3c4b,得字补语候选,补语结构,complement_marker,补语标记,候选错误,0,多数裁决,B-多数裁决
ASGD-2027-0267,2030e10ead6e3c4b,得字补语候选,补语结构,object_or_measure,宾语/数量时量,候选错误,0,多数裁决,B-多数裁决
ASGD-2027-0267,2030e10ead6e3c4b,得字补语候选,补语结构,predicate,谓词核心,候选错误,0,多数裁决,B-多数裁决
ASGD-2027-0273,473967478fe06715,在字介词框架候选,介词/框架结构,function_scope,作用范围,不适用,2,多数裁决,C-标注者2裁决
ASGD-2027-0273,473967478fe06715,在字介词框架候选,介词/框架结构,predicate,关联谓词,已标出,2,多数裁决,B-多数裁决
ASGD-2027-0273,473967478fe06715,在字介词框架候选,介词/框架结构,prep_marker,介词/框架标记,已标出,1,三人一致,B-多数裁决
ASGD-2027-0273,473967478fe06715,在字介词框架候选,介词/框架结构,prep_object,介词宾语/框架对象,已标出,2,三人一致,B-多数裁决
ASGD-2027-0281,cd650f154cb7cc32,连动结构候选,多谓词/论元结构,object_or_recipient,宾语/接受者,已标出,2,多数裁决,C-标注者2裁决
ASGD-2027-0281,cd650f154cb7cc32,连动结构候选,多谓词/论元结构,predicate_1,第一谓词,已标出,1,三人一致,B-多数裁决
ASGD-2027-0281,cd650f154cb7cc32,连动结构候选,多谓词/论元结构,predicate_2,第二谓词,已标出,1,多数裁决,B-多数裁决
ASGD-2027-0281,cd650f154cb7cc32,连动结构候选,多谓词/论元结构,shared_argument,共享论元/兼语,已标出,1,多数裁决,C-标注者2裁决
ASGD-2027-0298,89d2661c31446e84,没有比较候选,比较构式,compare_marker,比较标记,候选错误,0,多数裁决,B-多数裁决
ASGD-2027-0298,89d2661c31446e84,没有比较候选,比较构式,compare_subject,比较主体,候选错误,0,多数裁决,B-多数裁决
ASGD-2027-0298,89d2661c31446e84,没有比较候选,比较构式,property,比较属性/谓词,候选错误,0,多数裁决,B-多数裁决
ASGD-2027-0298,89d2661c31446e84,没有比较候选,比较构式,standard,比较基准,候选错误,0,多数裁决,B-多数裁决
ASGD-2027-0311,b2deeb7357f6d2e8,把字句候选,处置/受事重组构式,agent,施事,已标出,3,三人一致,B-多数裁决
ASGD-2027-0311,b2deeb7357f6d2e8,把字句候选,处置/受事重组构式,marker,处置标记,已标出,1,三人一致,B-多数裁决
ASGD-2027-0311,b2deeb7357f6d2e8,把字句候选,处置/受事重组构式,patient,受事,已标出,1,三人一致,B-多数裁决
ASGD-2027-0311,b2deeb7357f6d2e8,把字句候选,处置/受事重组构式,predicate,谓词核心,已标出,1,三人一致,B-多数裁决
ASGD-2027-0311,b2deeb7357f6d2e8,把字句候选,处置/受事重组构式,result_component,结果/完成性成分,已标出,4,三人一致,C-标注者2裁决
ASGD-2027-0317,3b31a886b702f871,把字句候选,处置/受事重组构式,agent,施事,已标出,3,三人一致,B-多数裁决
ASGD-2027-0317,3b31a886b702f871,把字句候选,处置/受事重组构式,marker,处置标记,已标出,1,三人一致,B-多数裁决
ASGD-2027-0317,3b31a886b702f871,把字句候选,处置/受事重组构式,patient,受事,已标出,2,三人一致,B-多数裁决
ASGD-2027-0317,3b31a886b702f871,把字句候选,处置/受事重组构式,predicate,谓词核心,已标出,3,三人一致,C-标注者2裁决
ASGD-2027-0317,3b31a886b702f871,把字句候选,处置/受事重组构式,result_component,结果/完成性成分,已标出,3,三人一致,C-标注者2裁决
ASGD-2027-0330,deaaee80fca1eccc,被字句候选,被动/受事凸显构式,affected_result,受影响结果,已标出,2,三人一致,B-多数裁决
ASGD-2027-0330,deaaee80fca1eccc,被字句候选,被动/受事凸显构式,agent,施事,已标出,9,三人一致,B-多数裁决
ASGD-2027-0330,deaaee80fca1eccc,被字句候选,被动/受事凸显构式,passive_marker,被动标记,已标出,1,三人一致,B-多数裁决
ASGD-2027-0330,deaaee80fca1eccc,被字句候选,被动/受事凸显构式,patient_subject,受事主语,已标出,3,三人一致,C-标注者2裁决
ASGD-2027-0330,deaaee80fca1eccc,被字句候选,被动/受事凸显构式,predicate,谓词核心,已标出,2,三人一致,B-多数裁决
ASGD-2027-0346,af41b6c2355243e5,在字介词框架候选,介词/框架结构,function_scope,作用范围,不适用,3,多数裁决,C-标注者2裁决
ASGD-2027-0346,af41b6c2355243e5,在字介词框架候选,介词/框架结构,predicate,关联谓词,不适用,0,三人一致,B-多数裁决
ASGD-2027-0346,af41b6c2355243e5,在字介词框架候选,介词/框架结构,prep_marker,介词/框架标记,已标出,1,三人一致,B-多数裁决
ASGD-2027-0346,af41b6c2355243e5,在字介词框架候选,介词/框架结构,prep_object,介词宾语/框架对象,已标出,2,三人一致,B-多数裁决
ASGD-2027-0358,10e79a19e9ea7546,连动结构候选,多谓词/论元结构,object_or_recipient,宾语/接受者,已标出,2,多数裁决,C-标注者2裁决
ASGD-2027-0358,10e79a19e9ea7546,连动结构候选,多谓词/论元结构,predicate_1,第一谓词,已标出,1,三人一致,B-多数裁决
ASGD-2027-0358,10e79a19e9ea7546,连动结构候选,多谓词/论元结构,predicate_2,第二谓词,已标出,1,多数裁决,B-多数裁决
ASGD-2027-0358,10e79a19e9ea7546,连动结构候选,多谓词/论元结构,shared_argument,共享论元/兼语,已标出,1,多数裁决,C-标注者2裁决
ASGD-2027-0359,49732e6a7242347c,双宾/给予结构候选,多谓词/论元结构,object_or_recipient,宾语/接受者,已标出,4,三人一致,C-标注者2裁决
ASGD-2027-0359,49732e6a7242347c,双宾/给予结构候选,多谓词/论元结构,predicate_1,第一谓词,已标出,1,三人一致,B-多数裁决
ASGD-2027-0359,49732e6a7242347c,双宾/给予结构候选,多谓词/论元结构,predicate_2,第二谓词,不适用,2,多数裁决,C-标注者2裁决
ASGD-2027-0359,49732e6a7242347c,双宾/给予结构候选,多谓词/论元结构,shared_argument,共享论元/兼语,不适用,1,多数裁决,C-标注者2裁决
ASGD-2027-0363,3970421ff441ba6c,被字句候选,被动/受事凸显构式,affected_result,受影响结果,已标出,1,三人一致,B-多数裁决
ASGD-2027-0363,3970421ff441ba6c,被字句候选,被动/受事凸显构式,agent,施事,句中省略,0,三人一致,B-多数裁决
ASGD-2027-0363,3970421ff441ba6c,被字句候选,被动/受事凸显构式,passive_marker,被动标记,已标出,1,三人一致,B-多数裁决
ASGD-2027-0363,3970421ff441ba6c,被字句候选,被动/受事凸显构式,patient_subject,受事主语,已标出,4,三人一致,B-多数裁决
ASGD-2027-0363,3970421ff441ba6c,被字句候选,被动/受事凸显构式,predicate,谓词核心,已标出,3,三人一致,C-标注者2裁决
ASGD-2027-0364,5cc5b69ddcbd8d35,得字补语候选,补语结构,complement,补语成分,已标出,3,多数裁决,C-标注者2裁决
ASGD-2027-0364,5cc5b69ddcbd8d35,得字补语候选,补语结构,complement_marker,补语标记,已标出,1,多数裁决,C-标注者2裁决
ASGD-2027-0364,5cc5b69ddcbd8d35,得字补语候选,补语结构,object_or_measure,宾语/数量时量,不适用,0,多数裁决,C-标注者2裁决
ASGD-2027-0364,5cc5b69ddcbd8d35,得字补语候选,补语结构,predicate,谓词核心,已标出,1,多数裁决,C-标注者2裁决
ASGD-2027-0370,c70c3f4e70595196,处所状语候选,时间/处所功能结构,function_relation,状语功能范围,不适用,0,三人一致,B-多数裁决
ASGD-2027-0370,c70c3f4e70595196,处所状语候选,时间/处所功能结构,predicate,关联谓词,不适用,0,三人一致,B-多数裁决
ASGD-2027-0370,c70c3f4e70595196,处所状语候选,时间/处所功能结构,time_or_location_expression,时间/处所表达,已标出,3,多数裁决,C-标注者2裁决
ASGD-2027-0371,fd079ca618b55df1,在字介词框架候选,介词/框架结构,function_scope,作用范围,不适用,7,多数裁决,C-标注者2裁决
ASGD-2027-0371,fd079ca618b55df1,在字介词框架候选,介词/框架结构,predicate,关联谓词,已标出,6,多数裁决,C-标注者2裁决
ASGD-2027-0371,fd079ca618b55df1,在字介词框架候选,介词/框架结构,prep_marker,介词/框架标记,已标出,1,三人一致,B-多数裁决
ASGD-2027-0371,fd079ca618b55df1,在字介词框架候选,介词/框架结构,prep_object,介词宾语/框架对象,已标出,3,三人一致,C-标注者2裁决
ASGD-2027-0374,5958bf6cc7a34f14,因为候选,复句关联结构,clause_1,分句1,已标出,5,多数裁决,C-标注者2裁决
ASGD-2027-0374,5958bf6cc7a34f14,因为候选,复句关联结构,clause_2,分句2,不适用,0,三人一致,B-多数裁决
ASGD-2027-0374,5958bf6cc7a34f14,因为候选,复句关联结构,connective_1,关联标记1,已标出,2,三人一致,B-多数裁决
ASGD-2027-0374,5958bf6cc7a34f14,因为候选,复句关联结构,connective_2,关联标记2,不适用,2,多数裁决,C-标注者2裁决
ASGD-2027-0395,b5536ca7d71ee2ab,在字介词框架候选,介词/框架结构,function_scope,作用范围,候选错误,2,无多数-标注者2裁决,C-标注者2裁决
ASGD-2027-0395,b5536ca7d71ee2ab,在字介词框架候选,介词/框架结构,predicate,关联谓词,候选错误,2,无多数-标注者2裁决,C-标注者2裁决
ASGD-2027-0395,b5536ca7d71ee2ab,在字介词框架候选,介词/框架结构,prep_marker,介词/框架标记,已标出,1,多数裁决,C-标注者2裁决
ASGD-2027-0395,b5536ca7d71ee2ab,在字介词框架候选,介词/框架结构,prep_object,介词宾语/框架对象,已标出,4,多数裁决,C-标注者2裁决
ASGD-2027-0403,b975a77598d2fa24,给/为/关于等介词框架候选,介词/框架结构,function_scope,作用范围,不适用,4,多数裁决,C-标注者2裁决
ASGD-2027-0403,b975a77598d2fa24,给/为/关于等介词框架候选,介词/框架结构,predicate,关联谓词,不适用,2,多数裁决,C-标注者2裁决
ASGD-2027-0403,b975a77598d2fa24,给/为/关于等介词框架候选,介词/框架结构,prep_marker,介词/框架标记,已标出,2,三人一致,C-标注者2裁决
ASGD-2027-0403,b975a77598d2fa24,给/为/关于等介词框架候选,介词/框架结构,prep_object,介词宾语/框架对象,已标出,2,三人一致,C-标注者2裁决
ASGD-2027-0418,c0d540e7360cdd42,被字句候选,被动/受事凸显构式,affected_result,受影响结果,不适用,0,多数裁决,C-标注者2裁决
ASGD-2027-0418,c0d540e7360cdd42,被字句候选,被动/受事凸显构式,agent,施事,候选错误,5,无多数-标注者2裁决,C-标注者2裁决
ASGD-2027-0418,c0d540e7360cdd42,被字句候选,被动/受事凸显构式,passive_marker,被动标记,已标出,1,多数裁决,C-标注者2裁决
ASGD-2027-0418,c0d540e7360cdd42,被字句候选,被动/受事凸显构式,patient_subject,受事主语,已标出,1,多数裁决,C-标注者2裁决
ASGD-2027-0418,c0d540e7360cdd42,被字句候选,被动/受事凸显构式,predicate,谓词核心,不适用,0,多数裁决,C-标注者2裁决
ASGD-2027-0422,f22e766a4cd26ff3,把字句候选,处置/受事重组构式,agent,施事,已标出,2,三人一致,B-多数裁决
ASGD-2027-0422,f22e766a4cd26ff3,把字句候选,处置/受事重组构式,marker,处置标记,已标出,1,三人一致,B-多数裁决
ASGD-2027-0422,f22e766a4cd26ff3,把字句候选,处置/受事重组构式,patient,受事,已标出,4,三人一致,B-多数裁决
ASGD-2027-0422,f22e766a4cd26ff3,把字句候选,处置/受事重组构式,predicate,谓词核心,已标出,1,多数裁决,C-标注者2裁决
ASGD-2027-0422,f22e766a4cd26ff3,把字句候选,处置/受事重组构式,result_component,结果/完成性成分,已标出,3,三人一致,C-标注者2裁决
ASGD-2027-0426,65c56d3c5b8afceb,比字比较候选,比较构式,compare_marker,比较标记,已标出,1,三人一致,B-多数裁决
ASGD-2027-0426,65c56d3c5b8afceb,比字比较候选,比较构式,compare_subject,比较主体,已标出,1,三人一致,B-多数裁决
ASGD-2027-0426,65c56d3c5b8afceb,比字比较候选,比较构式,property,比较属性/谓词,已标出,5,三人一致,C-标注者2裁决
ASGD-2027-0426,65c56d3c5b8afceb,比字比较候选,比较构式,standard,比较基准,已标出,1,三人一致,B-多数裁决
ASGD-2027-0427,8d5cba9a43449c43,结果补语候选,补语结构,complement,补语成分,已标出,2,三人一致,B-多数裁决
ASGD-2027-0427,8d5cba9a43449c43,结果补语候选,补语结构,complement_marker,补语标记,不适用,1,多数裁决,C-标注者2裁决
ASGD-2027-0427,8d5cba9a43449c43,结果补语候选,补语结构,object_or_measure,宾语/数量时量,不适用,1,多数裁决,C-标注者2裁决
ASGD-2027-0427,8d5cba9a43449c43,结果补语候选,补语结构,predicate,谓词核心,已标出,1,多数裁决,B-多数裁决
ASGD-2027-0438,75d830c7485ac8c2,因为...所以候选,复句关联结构,clause_1,分句1,已标出,2,多数裁决,C-标注者2裁决
ASGD-2027-0438,75d830c7485ac8c2,因为...所以候选,复句关联结构,clause_2,分句2,不适用,6,多数裁决,C-标注者2裁决
ASGD-2027-0438,75d830c7485ac8c2,因为...所以候选,复句关联结构,connective_1,关联标记1,已标出,2,三人一致,B-多数裁决
ASGD-2027-0438,75d830c7485ac8c2,因为...所以候选,复句关联结构,connective_2,关联标记2,已标出,2,三人一致,B-多数裁决
ASGD-2027-0441,c454b0b1f78baa92,被字句候选,被动/受事凸显构式,affected_result,受影响结果,已标出,3,多数裁决,C-标注者2裁决
ASGD-2027-0441,c454b0b1f78baa92,被字句候选,被动/受事凸显构式,agent,施事,句中省略,2,无多数-标注者2裁决,C-标注者2裁决
ASGD-2027-0441,c454b0b1f78baa92,被字句候选,被动/受事凸显构式,passive_marker,被动标记,已标出,1,多数裁决,C-标注者2裁决
ASGD-2027-0441,c454b0b1f78baa92,被字句候选,被动/受事凸显构式,patient_subject,受事主语,已标出,4,多数裁决,C-标注者2裁决
ASGD-2027-0441,c454b0b1f78baa92,被字句候选,被动/受事凸显构式,predicate,谓词核心,已标出,3,无多数-标注者2裁决,C-标注者2裁决
ASGD-2027-0449,f249dec114699be5,没有比较候选,比较构式,compare_marker,比较标记,候选错误,0,多数裁决,B-多数裁决
ASGD-2027-0449,f249dec114699be5,没有比较候选,比较构式,compare_subject,比较主体,候选错误,0,多数裁决,B-多数裁决
ASGD-2027-0449,f249dec114699be5,没有比较候选,比较构式,property,比较属性/谓词,候选错误,0,多数裁决,B-多数裁决
ASGD-2027-0449,f249dec114699be5,没有比较候选,比较构式,standard,比较基准,候选错误,0,多数裁决,B-多数裁决
ASGD-2027-0456,16c5bb4620609cab,结果补语候选,补语结构,complement,补语成分,已标出,2,三人一致,B-多数裁决
ASGD-2027-0456,16c5bb4620609cab,结果补语候选,补语结构,complement_marker,补语标记,不适用,1,多数裁决,C-标注者2裁决
ASGD-2027-0456,16c5bb4620609cab,结果补语候选,补语结构,object_or_measure,宾语/数量时量,不适用,2,多数裁决,C-标注者2裁决
ASGD-2027-0456,16c5bb4620609cab,结果补语候选,补语结构,predicate,谓词核心,不适用,0,多数裁决,C-标注者2裁决
ASGD-2027-0458,444c80d1b025c90f,给/为/关于等介词框架候选,介词/框架结构,function_scope,作用范围,不适用,6,多数裁决,C-标注者2裁决
ASGD-2027-0458,444c80d1b025c90f,给/为/关于等介词框架候选,介词/框架结构,predicate,关联谓词,不适用,3,多数裁决,C-标注者2裁决
ASGD-2027-0458,444c80d1b025c90f,给/为/关于等介词框架候选,介词/框架结构,prep_marker,介词/框架标记,已标出,2,三人一致,B-多数裁决
ASGD-2027-0458,444c80d1b025c90f,给/为/关于等介词框架候选,介词/框架结构,prep_object,介词宾语/框架对象,已标出,1,三人一致,C-标注者2裁决
ASGD-2027-0477,e9feba15fe55a6c4,连动结构候选,多谓词/论元结构,object_or_recipient,宾语/接受者,已标出,1,多数裁决,C-标注者2裁决
ASGD-2027-0477,e9feba15fe55a6c4,连动结构候选,多谓词/论元结构,predicate_1,第一谓词,已标出,1,三人一致,B-多数裁决
ASGD-2027-0477,e9feba15fe55a6c4,连动结构候选,多谓词/论元结构,predicate_2,第二谓词,已标出,1,三人一致,C-标注者2裁决
ASGD-2027-0477,e9feba15fe55a6c4,连动结构候选,多谓词/论元结构,shared_argument,共享论元/兼语,已标出,2,多数裁决,C-标注者2裁决
ASGD-2027-0481,955364dd87ae38eb,数量/时量补语候选,补语结构,complement,补语成分,候选错误,2,无多数-标注者2裁决,C-标注者2裁决
ASGD-2027-0481,955364dd87ae38eb,数量/时量补语候选,补语结构,complement_marker,补语标记,不适用,0,多数裁决,C-标注者2裁决
ASGD-2027-0481,955364dd87ae38eb,数量/时量补语候选,补语结构,object_or_measure,宾语/数量时量,候选错误,2,无多数-标注者2裁决,C-标注者2裁决
ASGD-2027-0481,955364dd87ae38eb,数量/时量补语候选,补语结构,predicate,谓词核心,候选错误,1,无多数-标注者2裁决,C-标注者2裁决
ASGD-2027-0485,4efd9470fd417647,被字句候选,被动/受事凸显构式,affected_result,受影响结果,候选错误,0,多数裁决,B-多数裁决
ASGD-2027-0485,4efd9470fd417647,被字句候选,被动/受事凸显构式,agent,施事,候选错误,0,多数裁决,B-多数裁决
ASGD-2027-0485,4efd9470fd417647,被字句候选,被动/受事凸显构式,passive_marker,被动标记,候选错误,0,多数裁决,B-多数裁决
ASGD-2027-0485,4efd9470fd417647,被字句候选,被动/受事凸显构式,patient_subject,受事主语,候选错误,0,多数裁决,B-多数裁决
ASGD-2027-0485,4efd9470fd417647,被字句候选,被动/受事凸显构式,predicate,谓词核心,候选错误,0,多数裁决,B-多数裁决
ASGD-2027-0493,047b3ee457ea0219,被字句候选,被动/受事凸显构式,affected_result,受影响结果,已标出,5,多数裁决,C-标注者2裁决
ASGD-2027-0493,047b3ee457ea0219,被字句候选,被动/受事凸显构式,agent,施事,句中省略,1,多数裁决,C-标注者2裁决
ASGD-2027-0493,047b3ee457ea0219,被字句候选,被动/受事凸显构式,passive_marker,被动标记,已标出,1,三人一致,B-多数裁决
ASGD-2027-0493,047b3ee457ea0219,被字句候选,被动/受事凸显构式,patient_subject,受事主语,已标出,1,三人一致,B-多数裁决
ASGD-2027-0493,047b3ee457ea0219,被字句候选,被动/受事凸显构式,predicate,谓词核心,已标出,5,三人一致,C-标注者2裁决
ASGD-2027-0495,1153950a4441e262,没有比较候选,比较构式,compare_marker,比较标记,候选错误,0,多数裁决,B-多数裁决
ASGD-2027-0495,1153950a4441e262,没有比较候选,比较构式,compare_subject,比较主体,候选错误,0,多数裁决,B-多数裁决
ASGD-2027-0495,1153950a4441e262,没有比较候选,比较构式,property,比较属性/谓词,候选错误,0,多数裁决,B-多数裁决
ASGD-2027-0495,1153950a4441e262,没有比较候选,比较构式,standard,比较基准,候选错误,0,多数裁决,B-多数裁决
ASGD-2027-0502,60f568f2bdecc5c6,没有比较候选,比较构式,compare_marker,比较标记,候选错误,0,多数裁决,B-多数裁决
ASGD-2027-0502,60f568f2bdecc5c6,没有比较候选,比较构式,compare_subject,比较主体,候选错误,0,多数裁决,B-多数裁决
ASGD-2027-0502,60f568f2bdecc5c6,没有比较候选,比较构式,property,比较属性/谓词,候选错误,0,多数裁决,B-多数裁决
ASGD-2027-0502,60f568f2bdecc5c6,没有比较候选,比较构式,standard,比较基准,候选错误,0,多数裁决,B-多数裁决
ASGD-2027-0532,f35e185d5260fbf1,给/为/关于等介词框架候选,介词/框架结构,function_scope,作用范围,不适用,6,多数裁决,C-标注者2裁决
ASGD-2027-0532,f35e185d5260fbf1,给/为/关于等介词框架候选,介词/框架结构,predicate,关联谓词,不适用,4,多数裁决,C-标注者2裁决
ASGD-2027-0532,f35e185d5260fbf1,给/为/关于等介词框架候选,介词/框架结构,prep_marker,介词/框架标记,已标出,2,三人一致,C-标注者2裁决
ASGD-2027-0532,f35e185d5260fbf1,给/为/关于等介词框架候选,介词/框架结构,prep_object,介词宾语/框架对象,已标出,2,三人一致,C-标注者2裁决
ASGD-2027-0535,8fb34064b36008ff,双宾/给予结构候选,多谓词/论元结构,object_or_recipient,宾语/接受者,已标出,4,多数裁决,C-标注者2裁决
ASGD-2027-0535,8fb34064b36008ff,双宾/给予结构候选,多谓词/论元结构,predicate_1,第一谓词,不适用,0,多数裁决,C-标注者2裁决
ASGD-2027-0535,8fb34064b36008ff,双宾/给予结构候选,多谓词/论元结构,predicate_2,第二谓词,不适用,0,多数裁决,C-标注者2裁决
ASGD-2027-0535,8fb34064b36008ff,双宾/给予结构候选,多谓词/论元结构,shared_argument,共享论元/兼语,不适用,0,多数裁决,C-标注者2裁决
ASGD-2027-0546,71f407cf6de2b603,把字句候选,处置/受事重组构式,agent,施事,已标出,2,三人一致,B-多数裁决
ASGD-2027-0546,71f407cf6de2b603,把字句候选,处置/受事重组构式,marker,处置标记,已标出,1,三人一致,B-多数裁决
ASGD-2027-0546,71f407cf6de2b603,把字句候选,处置/受事重组构式,patient,受事,已标出,2,三人一致,B-多数裁决
ASGD-2027-0546,71f407cf6de2b603,把字句候选,处置/受事重组构式,predicate,谓词核心,已标出,3,三人一致,C-标注者2裁决
ASGD-2027-0546,71f407cf6de2b603,把字句候选,处置/受事重组构式,result_component,结果/完成性成分,已标出,1,多数裁决,C-标注者2裁决
ASGD-2027-0561,a673e57176851146,被字句候选,被动/受事凸显构式,affected_result,受影响结果,已标出,2,三人一致,C-标注者2裁决
ASGD-2027-0561,a673e57176851146,被字句候选,被动/受事凸显构式,agent,施事,句中省略,2,多数裁决,C-标注者2裁决
ASGD-2027-0561,a673e57176851146,被字句候选,被动/受事凸显构式,passive_marker,被动标记,已标出,1,三人一致,B-多数裁决
ASGD-2027-0561,a673e57176851146,被字句候选,被动/受事凸显构式,patient_subject,受事主语,已标出,3,三人一致,C-标注者2裁决
ASGD-2027-0561,a673e57176851146,被字句候选,被动/受事凸显构式,predicate,谓词核心,已标出,2,三人一致,B-多数裁决
ASGD-2027-0563,003865efc1b5dd9f,被字句候选,被动/受事凸显构式,affected_result,受影响结果,已标出,1,三人一致,B-多数裁决
ASGD-2027-0563,003865efc1b5dd9f,被字句候选,被动/受事凸显构式,agent,施事,已标出,1,三人一致,B-多数裁决
ASGD-2027-0563,003865efc1b5dd9f,被字句候选,被动/受事凸显构式,passive_marker,被动标记,已标出,1,三人一致,B-多数裁决
ASGD-2027-0563,003865efc1b5dd9f,被字句候选,被动/受事凸显构式,patient_subject,受事主语,已标出,5,三人一致,B-多数裁决
ASGD-2027-0563,003865efc1b5dd9f,被字句候选,被动/受事凸显构式,predicate,谓词核心,已标出,1,多数裁决,C-标注者2裁决
ASGD-2027-0572,8446fe153c2f35c5,把字句候选,处置/受事重组构式,agent,施事,已标出,2,三人一致,B-多数裁决
ASGD-2027-0572,8446fe153c2f35c5,把字句候选,处置/受事重组构式,marker,处置标记,已标出,1,三人一致,B-多数裁决
ASGD-2027-0572,8446fe153c2f35c5,把字句候选,处置/受事重组构式,patient,受事,已标出,1,三人一致,B-多数裁决
ASGD-2027-0572,8446fe153c2f35c5,把字句候选,处置/受事重组构式,predicate,谓词核心,已标出,3,多数裁决,C-标注者2裁决
ASGD-2027-0572,8446fe153c2f35c5,把字句候选,处置/受事重组构式,result_component,结果/完成性成分,已标出,2,三人一致,C-标注者2裁决
ASGD-2027-0579,289a04db82614984,比字比较候选,比较构式,compare_marker,比较标记,已标出,1,三人一致,B-多数裁决
ASGD-2027-0579,289a04db82614984,比字比较候选,比较构式,compare_subject,比较主体,已标出,3,三人一致,B-多数裁决
ASGD-2027-0579,289a04db82614984,比字比较候选,比较构式,property,比较属性/谓词,已标出,3,多数裁决,C-标注者2裁决
ASGD-2027-0579,289a04db82614984,比字比较候选,比较构式,standard,比较基准,已标出,2,三人一致,B-多数裁决
ASGD-2027-0617,d316801da288e15a,因为候选,复句关联结构,clause_1,分句1,已标出,3,多数裁决,C-标注者2裁决
ASGD-2027-0617,d316801da288e15a,因为候选,复句关联结构,clause_2,分句2,不适用,0,三人一致,C-标注者2裁决
ASGD-2027-0617,d316801da288e15a,因为候选,复句关联结构,connective_1,关联标记1,已标出,2,三人一致,B-多数裁决
ASGD-2027-0617,d316801da288e15a,因为候选,复句关联结构,connective_2,关联标记2,不适用,0,三人一致,C-标注者2裁决
ASGD-2027-0620,5f1ef06aa04aac10,被字句候选,被动/受事凸显构式,affected_result,受影响结果,候选错误,3,无多数-标注者2裁决,C-标注者2裁决
ASGD-2027-0620,5f1ef06aa04aac10,被字句候选,被动/受事凸显构式,agent,施事,候选错误,2,无多数-标注者2裁决,C-标注者2裁决
ASGD-2027-0620,5f1ef06aa04aac10,被字句候选,被动/受事凸显构式,passive_marker,被动标记,已标出,1,多数裁决,C-标注者2裁决
ASGD-2027-0620,5f1ef06aa04aac10,被字句候选,被动/受事凸显构式,patient_subject,受事主语,已标出,14,多数裁决,C-标注者2裁决
ASGD-2027-0620,5f1ef06aa04aac10,被字句候选,被动/受事凸显构式,predicate,谓词核心,候选错误,2,无多数-标注者2裁决,C-标注者2裁决
ASGD-2027-0627,273a71be81fcc196,如果候选,复句关联结构,clause_1,分句1,已标出,5,多数裁决,C-标注者2裁决
ASGD-2027-0627,273a71be81fcc196,如果候选,复句关联结构,clause_2,分句2,不适用,4,多数裁决,C-标注者2裁决
ASGD-2027-0627,273a71be81fcc196,如果候选,复句关联结构,connective_1,关联标记1,已标出,2,三人一致,B-多数裁决
ASGD-2027-0627,273a71be81fcc196,如果候选,复句关联结构,connective_2,关联标记2,不适用,2,多数裁决,C-标注者2裁决
ASGD-2027-0633,2c8efcd03552838c,既然候选,复句关联结构,clause_1,分句1,已标出,3,多数裁决,B-多数裁决
ASGD-2027-0633,2c8efcd03552838c,既然候选,复句关联结构,clause_2,分句2,已标出,5,多数裁决,B-多数裁决
ASGD-2027-0633,2c8efcd03552838c,既然候选,复句关联结构,connective_1,关联标记1,已标出,2,三人一致,B-多数裁决
ASGD-2027-0633,2c8efcd03552838c,既然候选,复句关联结构,connective_2,关联标记2,已标出,1,三人一致,B-多数裁决
ASGD-2027-0640,7da01937968ebf2e,把字句候选,处置/受事重组构式,agent,施事,已标出,1,三人一致,B-多数裁决
ASGD-2027-0640,7da01937968ebf2e,把字句候选,处置/受事重组构式,marker,处置标记,已标出,1,三人一致,B-多数裁决
ASGD-2027-0640,7da01937968ebf2e,把字句候选,处置/受事重组构式,patient,受事,已标出,2,三人一致,B-多数裁决
ASGD-2027-0640,7da01937968ebf2e,把字句候选,处置/受事重组构式,predicate,谓词核心,已标出,2,多数裁决,C-标注者2裁决
ASGD-2027-0640,7da01937968ebf2e,把字句候选,处置/受事重组构式,result_component,结果/完成性成分,不适用,6,多数裁决,C-标注者2裁决
ASGD-2027-0651,baacacbb73775f37,被字句候选,被动/受事凸显构式,affected_result,受影响结果,已标出,2,多数裁决,C-标注者2裁决
ASGD-2027-0651,baacacbb73775f37,被字句候选,被动/受事凸显构式,agent,施事,句中省略,0,三人一致,B-多数裁决
ASGD-2027-0651,baacacbb73775f37,被字句候选,被动/受事凸显构式,passive_marker,被动标记,已标出,1,三人一致,B-多数裁决
ASGD-2027-0651,baacacbb73775f37,被字句候选,被动/受事凸显构式,patient_subject,受事主语,已标出,3,三人一致,B-多数裁决
ASGD-2027-0651,baacacbb73775f37,被字句候选,被动/受事凸显构式,predicate,谓词核心,已标出,1,三人一致,B-多数裁决
ASGD-2027-0660,6cb4b622fffa6875,被字句候选,被动/受事凸显构式,affected_result,受影响结果,候选错误,1,多数裁决,C-标注者2裁决
ASGD-2027-0660,6cb4b622fffa6875,被字句候选,被动/受事凸显构式,agent,施事,候选错误,10,多数裁决,C-标注者2裁决
ASGD-2027-0660,6cb4b622fffa6875,被字句候选,被动/受事凸显构式,passive_marker,被动标记,候选错误,1,多数裁决,C-标注者2裁决
ASGD-2027-0660,6cb4b622fffa6875,被字句候选,被动/受事凸显构式,patient_subject,受事主语,候选错误,5,多数裁决,C-标注者2裁决
ASGD-2027-0660,6cb4b622fffa6875,被字句候选,被动/受事凸显构式,predicate,谓词核心,候选错误,1,多数裁决,C-标注者2裁决
ASGD-2027-0662,2a12612b461675b0,所以候选,复句关联结构,clause_1,分句1,已标出,2,多数裁决,C-标注者2裁决
ASGD-2027-0662,2a12612b461675b0,所以候选,复句关联结构,clause_2,分句2,不适用,0,三人一致,B-多数裁决
ASGD-2027-0662,2a12612b461675b0,所以候选,复句关联结构,connective_1,关联标记1,已标出,2,三人一致,B-多数裁决
ASGD-2027-0662,2a12612b461675b0,所以候选,复句关联结构,connective_2,关联标记2,已标出,5,多数裁决,C-标注者2裁决
ASGD-2027-0673,6eb40ec2e93daec4,得字补语候选,补语结构,complement,补语成分,已标出,5,三人一致,B-多数裁决
ASGD-2027-0673,6eb40ec2e93daec4,得字补语候选,补语结构,complement_marker,补语标记,已标出,1,三人一致,B-多数裁决
ASGD-2027-0673,6eb40ec2e93daec4,得字补语候选,补语结构,object_or_measure,宾语/数量时量,不适用,0,三人一致,B-多数裁决
ASGD-2027-0673,6eb40ec2e93daec4,得字补语候选,补语结构,predicate,谓词核心,已标出,1,三人一致,B-多数裁决
ASGD-2027-0689,e339b590d6968604,因为候选,复句关联结构,clause_1,分句1,已标出,4,多数裁决,C-标注者2裁决
ASGD-2027-0689,e339b590d6968604,因为候选,复句关联结构,clause_2,分句2,不适用,6,多数裁决,C-标注者2裁决
ASGD-2027-0689,e339b590d6968604,因为候选,复句关联结构,connective_1,关联标记1,已标出,2,三人一致,B-多数裁决
ASGD-2027-0689,e339b590d6968604,因为候选,复句关联结构,connective_2,关联标记2,不适用,0,三人一致,B-多数裁决
ASGD-2027-0692,728d0b74cc770096,兼语结构候选,多谓词/论元结构,object_or_recipient,宾语/接受者,已标出,5,多数裁决,C-标注者2裁决
ASGD-2027-0692,728d0b74cc770096,兼语结构候选,多谓词/论元结构,predicate_1,第一谓词,已标出,1,多数裁决,C-标注者2裁决
ASGD-2027-0692,728d0b74cc770096,兼语结构候选,多谓词/论元结构,predicate_2,第二谓词,已标出,1,多数裁决,C-标注者2裁决
ASGD-2027-0692,728d0b74cc770096,兼语结构候选,多谓词/论元结构,shared_argument,共享论元/兼语,已标出,1,多数裁决,C-标注者2裁决
ASGD-2027-0706,dbccd28628746ab7,所以候选,复句关联结构,clause_1,分句1,已标出,2,多数裁决,C-标注者2裁决
ASGD-2027-0706,dbccd28628746ab7,所以候选,复句关联结构,clause_2,分句2,不适用,0,三人一致,B-多数裁决
ASGD-2027-0706,dbccd28628746ab7,所以候选,复句关联结构,connective_1,关联标记1,已标出,2,多数裁决,B-多数裁决
ASGD-2027-0706,dbccd28628746ab7,所以候选,复句关联结构,connective_2,关联标记2,已标出,3,多数裁决,C-标注者2裁决
ASGD-2027-0710,95779c9045be5085,在字介词框架候选,介词/框架结构,function_scope,作用范围,已标出,3,多数裁决,C-标注者2裁决
ASGD-2027-0710,95779c9045be5085,在字介词框架候选,介词/框架结构,predicate,关联谓词,已标出,1,多数裁决,B-多数裁决
ASGD-2027-0710,95779c9045be5085,在字介词框架候选,介词/框架结构,prep_marker,介词/框架标记,已标出,1,三人一致,B-多数裁决
ASGD-2027-0710,95779c9045be5085,在字介词框架候选,介词/框架结构,prep_object,介词宾语/框架对象,已标出,2,三人一致,B-多数裁决
ASGD-2027-0717,abc9aab740dc8dda,没有比较候选,比较构式,compare_marker,比较标记,候选错误,0,多数裁决,B-多数裁决
ASGD-2027-0717,abc9aab740dc8dda,没有比较候选,比较构式,compare_subject,比较主体,候选错误,0,多数裁决,B-多数裁决
ASGD-2027-0717,abc9aab740dc8dda,没有比较候选,比较构式,property,比较属性/谓词,候选错误,0,多数裁决,B-多数裁决
ASGD-2027-0717,abc9aab740dc8dda,没有比较候选,比较构式,standard,比较基准,候选错误,0,多数裁决,B-多数裁决
ASGD-2027-0722,504a0f68ed130ea5,时间状语候选,时间/处所功能结构,function_relation,状语功能范围,不适用,0,三人一致,B-多数裁决
ASGD-2027-0722,504a0f68ed130ea5,时间状语候选,时间/处所功能结构,predicate,关联谓词,不适用,0,三人一致,B-多数裁决
ASGD-2027-0722,504a0f68ed130ea5,时间状语候选,时间/处所功能结构,time_or_location_expression,时间/处所表达,已标出,5,三人一致,B-多数裁决
ASGD-2027-0723,02ac99b167afd37b,没有比较候选,比较构式,compare_marker,比较标记,候选错误,0,多数裁决,B-多数裁决
ASGD-2027-0723,02ac99b167afd37b,没有比较候选,比较构式,compare_subject,比较主体,候选错误,0,多数裁决,B-多数裁决
ASGD-2027-0723,02ac99b167afd37b,没有比较候选,比较构式,property,比较属性/谓词,候选错误,0,多数裁决,B-多数裁决
ASGD-2027-0723,02ac99b167afd37b,没有比较候选,比较构式,standard,比较基准,候选错误,0,多数裁决,B-多数裁决
ASGD-2027-0751,959f33a2d877a077,没有比较候选,比较构式,compare_marker,比较标记,候选错误,0,多数裁决,B-多数裁决
ASGD-2027-0751,959f33a2d877a077,没有比较候选,比较构式,compare_subject,比较主体,候选错误,0,多数裁决,B-多数裁决
ASGD-2027-0751,959f33a2d877a077,没有比较候选,比较构式,property,比较属性/谓词,候选错误,0,多数裁决,B-多数裁决
ASGD-2027-0751,959f33a2d877a077,没有比较候选,比较构式,standard,比较基准,候选错误,0,多数裁决,B-多数裁决
ASGD-2027-0756,5dce6c1bbb6912a5,时间状语候选,时间/处所功能结构,function_relation,状语功能范围,已标出,5,多数裁决,B-多数裁决
ASGD-2027-0756,5dce6c1bbb6912a5,时间状语候选,时间/处所功能结构,predicate,关联谓词,已标出,4,多数裁决,C-标注者2裁决
ASGD-2027-0756,5dce6c1bbb6912a5,时间状语候选,时间/处所功能结构,time_or_location_expression,时间/处所表达,已标出,2,三人一致,B-多数裁决
ASGD-2027-0760,dcb364756183b96d,给/为/关于等介词框架候选,介词/框架结构,function_scope,作用范围,候选错误,3,无多数-标注者2裁决,C-标注者2裁决
ASGD-2027-0760,dcb364756183b96d,给/为/关于等介词框架候选,介词/框架结构,predicate,关联谓词,不适用,0,多数裁决,C-标注者2裁决
ASGD-2027-0760,dcb364756183b96d,给/为/关于等介词框架候选,介词/框架结构,prep_marker,介词/框架标记,已标出,1,多数裁决,C-标注者2裁决
ASGD-2027-0760,dcb364756183b96d,给/为/关于等介词框架候选,介词/框架结构,prep_object,介词宾语/框架对象,已标出,2,多数裁决,C-标注者2裁决
ASGD-2027-0765,9f9750acfbcace0f,比字比较候选,比较构式,compare_marker,比较标记,已标出,1,三人一致,B-多数裁决
ASGD-2027-0765,9f9750acfbcace0f,比字比较候选,比较构式,compare_subject,比较主体,已标出,4,三人一致,B-多数裁决
ASGD-2027-0765,9f9750acfbcace0f,比字比较候选,比较构式,property,比较属性/谓词,不适用,3,多数裁决,C-标注者2裁决
ASGD-2027-0765,9f9750acfbcace0f,比字比较候选,比较构式,standard,比较基准,已标出,2,三人一致,B-多数裁决
ASGD-2027-0781,196374df421c8fb5,从字介词框架候选,介词/框架结构,function_scope,作用范围,候选错误,1,无多数-标注者2裁决,C-标注者2裁决
ASGD-2027-0781,196374df421c8fb5,从字介词框架候选,介词/框架结构,predicate,关联谓词,候选错误,1,无多数-标注者2裁决,C-标注者2裁决
ASGD-2027-0781,196374df421c8fb5,从字介词框架候选,介词/框架结构,prep_marker,介词/框架标记,已标出,1,多数裁决,C-标注者2裁决
ASGD-2027-0781,196374df421c8fb5,从字介词框架候选,介词/框架结构,prep_object,介词宾语/框架对象,已标出,7,多数裁决,C-标注者2裁决
ASGD-2027-0785,202a1b54ccc9434b,数量/时量补语候选,补语结构,complement,补语成分,不适用,2,多数裁决,C-标注者2裁决
ASGD-2027-0785,202a1b54ccc9434b,数量/时量补语候选,补语结构,complement_marker,补语标记,不适用,2,多数裁决,C-标注者2裁决
ASGD-2027-0785,202a1b54ccc9434b,数量/时量补语候选,补语结构,object_or_measure,宾语/数量时量,不适用,2,多数裁决,C-标注者2裁决
ASGD-2027-0785,202a1b54ccc9434b,数量/时量补语候选,补语结构,predicate,谓词核心,已标出,2,多数裁决,C-标注者2裁决
ASGD-2027-0789,cd9521ae14a144ac,给/为/关于等介词框架候选,介词/框架结构,function_scope,作用范围,候选错误,0,多数裁决,B-多数裁决
ASGD-2027-0789,cd9521ae14a144ac,给/为/关于等介词框架候选,介词/框架结构,predicate,关联谓词,候选错误,0,多数裁决,B-多数裁决
ASGD-2027-0789,cd9521ae14a144ac,给/为/关于等介词框架候选,介词/框架结构,prep_marker,介词/框架标记,候选错误,1,多数裁决,C-标注者2裁决
ASGD-2027-0789,cd9521ae14a144ac,给/为/关于等介词框架候选,介词/框架结构,prep_object,介词宾语/框架对象,候选错误,9,多数裁决,C-标注者2裁决
ASGD-2027-0809,b46744a82dfbf169,没有比较候选,比较构式,compare_marker,比较标记,候选错误,0,多数裁决,B-多数裁决
ASGD-2027-0809,b46744a82dfbf169,没有比较候选,比较构式,compare_subject,比较主体,候选错误,0,多数裁决,B-多数裁决
ASGD-2027-0809,b46744a82dfbf169,没有比较候选,比较构式,property,比较属性/谓词,候选错误,0,多数裁决,B-多数裁决
ASGD-2027-0809,b46744a82dfbf169,没有比较候选,比较构式,standard,比较基准,候选错误,0,多数裁决,B-多数裁决
ASGD-2027-0810,2f88c9abbb280152,给/为/关于等介词框架候选,介词/框架结构,function_scope,作用范围,已标出,2,多数裁决,B-多数裁决
ASGD-2027-0810,2f88c9abbb280152,给/为/关于等介词框架候选,介词/框架结构,predicate,关联谓词,已标出,3,多数裁决,C-标注者2裁决
ASGD-2027-0810,2f88c9abbb280152,给/为/关于等介词框架候选,介词/框架结构,prep_marker,介词/框架标记,已标出,1,多数裁决,C-标注者2裁决
ASGD-2027-0810,2f88c9abbb280152,给/为/关于等介词框架候选,介词/框架结构,prep_object,介词宾语/框架对象,已标出,2,三人一致,C-标注者2裁决
ASGD-2027-0815,a2357ae8709e1b53,时间状语候选,时间/处所功能结构,function_relation,状语功能范围,不适用,0,三人一致,B-多数裁决
ASGD-2027-0815,a2357ae8709e1b53,时间状语候选,时间/处所功能结构,predicate,关联谓词,不适用,5,多数裁决,C-标注者2裁决
ASGD-2027-0815,a2357ae8709e1b53,时间状语候选,时间/处所功能结构,time_or_location_expression,时间/处所表达,已标出,2,三人一致,B-多数裁决
ASGD-2027-0816,c49c6cbd97944c16,可能补语候选,补语结构,complement,补语成分,已标出,3,三人一致,B-多数裁决
ASGD-2027-0816,c49c6cbd97944c16,可能补语候选,补语结构,complement_marker,补语标记,不适用,1,多数裁决,C-标注者2裁决
ASGD-2027-0816,c49c6cbd97944c16,可能补语候选,补语结构,object_or_measure,宾语/数量时量,不适用,1,多数裁决,C-标注者2裁决
ASGD-2027-0816,c49c6cbd97944c16,可能补语候选,补语结构,predicate,谓词核心,已标出,1,多数裁决,B-多数裁决
ASGD-2027-0820,84828bcda0308766,被字句候选,被动/受事凸显构式,affected_result,受影响结果,候选错误,1,多数裁决,C-标注者2裁决
ASGD-2027-0820,84828bcda0308766,被字句候选,被动/受事凸显构式,agent,施事,候选错误,2,多数裁决,C-标注者2裁决
ASGD-2027-0820,84828bcda0308766,被字句候选,被动/受事凸显构式,passive_marker,被动标记,候选错误,1,多数裁决,C-标注者2裁决
ASGD-2027-0820,84828bcda0308766,被字句候选,被动/受事凸显构式,patient_subject,受事主语,候选错误,5,多数裁决,C-标注者2裁决
ASGD-2027-0820,84828bcda0308766,被字句候选,被动/受事凸显构式,predicate,谓词核心,候选错误,0,多数裁决,B-多数裁决
ASGD-2027-0829,67c7e34af92d8fa6,双宾/给予结构候选,多谓词/论元结构,object_or_recipient,宾语/接受者,已标出,4,多数裁决,C-标注者2裁决
ASGD-2027-0829,67c7e34af92d8fa6,双宾/给予结构候选,多谓词/论元结构,predicate_1,第一谓词,不适用,0,多数裁决,C-标注者2裁决
ASGD-2027-0829,67c7e34af92d8fa6,双宾/给予结构候选,多谓词/论元结构,predicate_2,第二谓词,不适用,0,多数裁决,C-标注者2裁决
ASGD-2027-0829,67c7e34af92d8fa6,双宾/给予结构候选,多谓词/论元结构,shared_argument,共享论元/兼语,不适用,0,多数裁决,C-标注者2裁决
ASGD-2027-0833,c4e818406a9b1627,没有比较候选,比较构式,compare_marker,比较标记,候选错误,0,多数裁决,B-多数裁决
ASGD-2027-0833,c4e818406a9b1627,没有比较候选,比较构式,compare_subject,比较主体,候选错误,0,多数裁决,B-多数裁决
ASGD-2027-0833,c4e818406a9b1627,没有比较候选,比较构式,property,比较属性/谓词,候选错误,0,多数裁决,B-多数裁决
ASGD-2027-0833,c4e818406a9b1627,没有比较候选,比较构式,standard,比较基准,候选错误,0,多数裁决,B-多数裁决
ASGD-2027-0840,5ffa68ced402b45a,被字句候选,被动/受事凸显构式,affected_result,受影响结果,候选错误,0,多数裁决,B-多数裁决
ASGD-2027-0840,5ffa68ced402b45a,被字句候选,被动/受事凸显构式,agent,施事,候选错误,3,多数裁决,C-标注者2裁决
ASGD-2027-0840,5ffa68ced402b45a,被字句候选,被动/受事凸显构式,passive_marker,被动标记,候选错误,1,多数裁决,C-标注者2裁决
ASGD-2027-0840,5ffa68ced402b45a,被字句候选,被动/受事凸显构式,patient_subject,受事主语,候选错误,3,多数裁决,C-标注者2裁决
ASGD-2027-0840,5ffa68ced402b45a,被字句候选,被动/受事凸显构式,predicate,谓词核心,候选错误,1,多数裁决,C-标注者2裁决
ASGD-2027-0844,296a31d2dda764a1,时间状语候选,时间/处所功能结构,function_relation,状语功能范围,不适用,0,多数裁决,C-标注者2裁决
ASGD-2027-0844,296a31d2dda764a1,时间状语候选,时间/处所功能结构,predicate,关联谓词,不适用,0,多数裁决,C-标注者2裁决
ASGD-2027-0844,296a31d2dda764a1,时间状语候选,时间/处所功能结构,time_or_location_expression,时间/处所表达,已标出,4,多数裁决,C-标注者2裁决
ASGD-2027-0847,680a028dcab6e65e,时间状语候选,时间/处所功能结构,function_relation,状语功能范围,不适用,0,多数裁决,C-标注者2裁决
ASGD-2027-0847,680a028dcab6e65e,时间状语候选,时间/处所功能结构,predicate,关联谓词,不适用,0,多数裁决,C-标注者2裁决
ASGD-2027-0847,680a028dcab6e65e,时间状语候选,时间/处所功能结构,time_or_location_expression,时间/处所表达,已标出,2,多数裁决,C-标注者2裁决
ASGD-2027-0855,17fcb43689d2f348,处所状语候选,时间/处所功能结构,function_relation,状语功能范围,候选错误,12,无多数-标注者2裁决,C-标注者2裁决
ASGD-2027-0855,17fcb43689d2f348,处所状语候选,时间/处所功能结构,predicate,关联谓词,候选错误,1,无多数-标注者2裁决,C-标注者2裁决
ASGD-2027-0855,17fcb43689d2f348,处所状语候选,时间/处所功能结构,time_or_location_expression,时间/处所表达,候选错误,3,无多数-标注者2裁决,C-标注者2裁决
ASGD-2027-0883,c76bb1be5586c4a2,双宾/给予结构候选,多谓词/论元结构,object_or_recipient,宾语/接受者,已标出,6,三人一致,C-标注者2裁决
ASGD-2027-0883,c76bb1be5586c4a2,双宾/给予结构候选,多谓词/论元结构,predicate_1,第一谓词,已标出,1,三人一致,B-多数裁决
ASGD-2027-0883,c76bb1be5586c4a2,双宾/给予结构候选,多谓词/论元结构,predicate_2,第二谓词,不适用,1,多数裁决,C-标注者2裁决
ASGD-2027-0883,c76bb1be5586c4a2,双宾/给予结构候选,多谓词/论元结构,shared_argument,共享论元/兼语,不适用,2,多数裁决,C-标注者2裁决
ASGD-2027-0886,b7cc95edff44fc35,连动结构候选,多谓词/论元结构,object_or_recipient,宾语/接受者,已标出,1,多数裁决,C-标注者2裁决
ASGD-2027-0886,b7cc95edff44fc35,连动结构候选,多谓词/论元结构,predicate_1,第一谓词,已标出,1,三人一致,B-多数裁决
ASGD-2027-0886,b7cc95edff44fc35,连动结构候选,多谓词/论元结构,predicate_2,第二谓词,已标出,1,三人一致,B-多数裁决
ASGD-2027-0886,b7cc95edff44fc35,连动结构候选,多谓词/论元结构,shared_argument,共享论元/兼语,已标出,2,多数裁决,C-标注者2裁决
ASGD-2027-0887,ca4929288b2aa37a,时间状语候选,时间/处所功能结构,function_relation,状语功能范围,不适用,3,多数裁决,C-标注者2裁决
ASGD-2027-0887,ca4929288b2aa37a,时间状语候选,时间/处所功能结构,predicate,关联谓词,已标出,3,多数裁决,C-标注者2裁决
ASGD-2027-0887,ca4929288b2aa37a,时间状语候选,时间/处所功能结构,time_or_location_expression,时间/处所表达,已标出,2,三人一致,B-多数裁决
ASGD-2027-0903,ba18ea560213c23a,双宾/给予结构候选,多谓词/论元结构,object_or_recipient,宾语/接受者,已标出,3,多数裁决,C-标注者2裁决
ASGD-2027-0903,ba18ea560213c23a,双宾/给予结构候选,多谓词/论元结构,predicate_1,第一谓词,候选错误,1,无多数-标注者2裁决,C-标注者2裁决
ASGD-2027-0903,ba18ea560213c23a,双宾/给予结构候选,多谓词/论元结构,predicate_2,第二谓词,候选错误,2,无多数-标注者2裁决,C-标注者2裁决
ASGD-2027-0903,ba18ea560213c23a,双宾/给予结构候选,多谓词/论元结构,shared_argument,共享论元/兼语,不适用,0,多数裁决,C-标注者2裁决
ASGD-2027-0912,519dbf7f92a70744,双宾/给予结构候选,多谓词/论元结构,object_or_recipient,宾语/接受者,已标出,6,多数裁决,C-标注者2裁决
ASGD-2027-0912,519dbf7f92a70744,双宾/给予结构候选,多谓词/论元结构,predicate_1,第一谓词,不适用,0,多数裁决,C-标注者2裁决
ASGD-2027-0912,519dbf7f92a70744,双宾/给予结构候选,多谓词/论元结构,predicate_2,第二谓词,不适用,0,多数裁决,C-标注者2裁决
ASGD-2027-0912,519dbf7f92a70744,双宾/给予结构候选,多谓词/论元结构,shared_argument,共享论元/兼语,不适用,0,多数裁决,C-标注者2裁决
ASGD-2027-0923,b35ec9d1564dc323,在字介词框架候选,介词/框架结构,function_scope,作用范围,不适用,1,多数裁决,C-标注者2裁决
ASGD-2027-0923,b35ec9d1564dc323,在字介词框架候选,介词/框架结构,predicate,关联谓词,不适用,1,多数裁决,C-标注者2裁决
ASGD-2027-0923,b35ec9d1564dc323,在字介词框架候选,介词/框架结构,prep_marker,介词/框架标记,已标出,1,三人一致,B-多数裁决
ASGD-2027-0923,b35ec9d1564dc323,在字介词框架候选,介词/框架结构,prep_object,介词宾语/框架对象,已标出,7,三人一致,C-标注者2裁决
ASGD-2027-0935,9c102f97f4e87135,双宾/给予结构候选,多谓词/论元结构,object_or_recipient,宾语/接受者,候选错误,3,无多数-标注者2裁决,C-标注者2裁决
ASGD-2027-0935,9c102f97f4e87135,双宾/给予结构候选,多谓词/论元结构,predicate_1,第一谓词,候选错误,1,无多数-标注者2裁决,C-标注者2裁决
ASGD-2027-0935,9c102f97f4e87135,双宾/给予结构候选,多谓词/论元结构,predicate_2,第二谓词,不适用,0,多数裁决,C-标注者2裁决
ASGD-2027-0935,9c102f97f4e87135,双宾/给予结构候选,多谓词/论元结构,shared_argument,共享论元/兼语,不适用,0,多数裁决,C-标注者2裁决
ASGD-2027-0936,5dc865dabb30a8d8,比字比较候选,比较构式,compare_marker,比较标记,已标出,1,三人一致,B-多数裁决
ASGD-2027-0936,5dc865dabb30a8d8,比字比较候选,比较构式,compare_subject,比较主体,已标出,5,三人一致,B-多数裁决
ASGD-2027-0936,5dc865dabb30a8d8,比字比较候选,比较构式,property,比较属性/谓词,已标出,2,三人一致,B-多数裁决
ASGD-2027-0936,5dc865dabb30a8d8,比字比较候选,比较构式,standard,比较基准,已标出,1,三人一致,B-多数裁决
ASGD-2027-0943,5786cdd6706c4068,比字比较候选,比较构式,compare_marker,比较标记,候选错误,0,多数裁决,B-多数裁决
ASGD-2027-0943,5786cdd6706c4068,比字比较候选,比较构式,compare_subject,比较主体,候选错误,0,多数裁决,B-多数裁决
ASGD-2027-0943,5786cdd6706c4068,比字比较候选,比较构式,property,比较属性/谓词,候选错误,0,多数裁决,B-多数裁决
ASGD-2027-0943,5786cdd6706c4068,比字比较候选,比较构式,standard,比较基准,候选错误,0,多数裁决,B-多数裁决
ASGD-2027-0954,244f863f047566aa,得字补语候选,补语结构,complement,补语成分,已标出,3,多数裁决,C-标注者2裁决
ASGD-2027-0954,244f863f047566aa,得字补语候选,补语结构,complement_marker,补语标记,已标出,1,多数裁决,C-标注者2裁决
ASGD-2027-0954,244f863f047566aa,得字补语候选,补语结构,object_or_measure,宾语/数量时量,不适用,0,多数裁决,C-标注者2裁决
ASGD-2027-0954,244f863f047566aa,得字补语候选,补语结构,predicate,谓词核心,已标出,1,多数裁决,C-标注者2裁决
ASGD-2027-0961,ef7e8f571ccf1f20,即使候选,复句关联结构,clause_1,分句1,已标出,3,多数裁决,C-标注者2裁决
ASGD-2027-0961,ef7e8f571ccf1f20,即使候选,复句关联结构,clause_2,分句2,不适用,8,多数裁决,C-标注者2裁决
ASGD-2027-0961,ef7e8f571ccf1f20,即使候选,复句关联结构,connective_1,关联标记1,已标出,2,三人一致,B-多数裁决
ASGD-2027-0961,ef7e8f571ccf1f20,即使候选,复句关联结构,connective_2,关联标记2,已标出,1,多数裁决,C-标注者2裁决
ASGD-2027-0963,5dda5c7a77098649,如果...就候选,复句关联结构,clause_1,分句1,已标出,2,多数裁决,C-标注者2裁决
ASGD-2027-0963,5dda5c7a77098649,如果...就候选,复句关联结构,clause_2,分句2,不适用,3,多数裁决,C-标注者2裁决
ASGD-2027-0963,5dda5c7a77098649,如果...就候选,复句关联结构,connective_1,关联标记1,已标出,2,三人一致,B-多数裁决
ASGD-2027-0963,5dda5c7a77098649,如果...就候选,复句关联结构,connective_2,关联标记2,已标出,1,三人一致,B-多数裁决
ASGD-2027-0964,24f7fdf1512e824a,连动结构候选,多谓词/论元结构,object_or_recipient,宾语/接受者,已标出,1,多数裁决,C-标注者2裁决
ASGD-2027-0964,24f7fdf1512e824a,连动结构候选,多谓词/论元结构,predicate_1,第一谓词,已标出,1,三人一致,B-多数裁决
ASGD-2027-0964,24f7fdf1512e824a,连动结构候选,多谓词/论元结构,predicate_2,第二谓词,已标出,1,多数裁决,B-多数裁决
ASGD-2027-0964,24f7fdf1512e824a,连动结构候选,多谓词/论元结构,shared_argument,共享论元/兼语,不适用,4,多数裁决,C-标注者2裁决
ASGD-2027-0973,e8843da8de537e91,双宾/给予结构候选,多谓词/论元结构,object_or_recipient,宾语/接受者,已标出,6,多数裁决,C-标注者2裁决
ASGD-2027-0973,e8843da8de537e91,双宾/给予结构候选,多谓词/论元结构,predicate_1,第一谓词,候选错误,1,无多数-标注者2裁决,C-标注者2裁决
ASGD-2027-0973,e8843da8de537e91,双宾/给予结构候选,多谓词/论元结构,predicate_2,第二谓词,不适用,0,多数裁决,C-标注者2裁决
ASGD-2027-0973,e8843da8de537e91,双宾/给予结构候选,多谓词/论元结构,shared_argument,共享论元/兼语,不适用,0,多数裁决,C-标注者2裁决
ASGD-2027-0982,06b7780612169cf4,数量/时量补语候选,补语结构,complement,补语成分,不适用,2,多数裁决,C-标注者2裁决
ASGD-2027-0982,06b7780612169cf4,数量/时量补语候选,补语结构,complement_marker,补语标记,不适用,2,多数裁决,C-标注者2裁决
ASGD-2027-0982,06b7780612169cf4,数量/时量补语候选,补语结构,object_or_measure,宾语/数量时量,不适用,2,多数裁决,C-标注者2裁决
ASGD-2027-0982,06b7780612169cf4,数量/时量补语候选,补语结构,predicate,谓词核心,已标出,2,多数裁决,C-标注者2裁决
ASGD-2027-0983,99ed4e58ad9bd5da,双宾/给予结构候选,多谓词/论元结构,object_or_recipient,宾语/接受者,已标出,4,多数裁决,C-标注者2裁决
ASGD-2027-0983,99ed4e58ad9bd5da,双宾/给予结构候选,多谓词/论元结构,predicate_1,第一谓词,不适用,0,多数裁决,C-标注者2裁决
ASGD-2027-0983,99ed4e58ad9bd5da,双宾/给予结构候选,多谓词/论元结构,predicate_2,第二谓词,不适用,0,多数裁决,C-标注者2裁决
ASGD-2027-0983,99ed4e58ad9bd5da,双宾/给予结构候选,多谓词/论元结构,shared_argument,共享论元/兼语,不适用,0,多数裁决,C-标注者2裁决
ASGD-2027-1006,c7ca611228baa80f,没有比较候选,比较构式,compare_marker,比较标记,候选错误,0,多数裁决,B-多数裁决
ASGD-2027-1006,c7ca611228baa80f,没有比较候选,比较构式,compare_subject,比较主体,候选错误,0,多数裁决,B-多数裁决
ASGD-2027-1006,c7ca611228baa80f,没有比较候选,比较构式,property,比较属性/谓词,候选错误,0,多数裁决,B-多数裁决
ASGD-2027-1006,c7ca611228baa80f,没有比较候选,比较构式,standard,比较基准,候选错误,0,多数裁决,B-多数裁决
ASGD-2027-1020,b055ac7c3a3d1e3d,把字句候选,处置/受事重组构式,agent,施事,已标出,1,三人一致,B-多数裁决
ASGD-2027-1020,b055ac7c3a3d1e3d,把字句候选,处置/受事重组构式,marker,处置标记,已标出,1,三人一致,B-多数裁决
ASGD-2027-1020,b055ac7c3a3d1e3d,把字句候选,处置/受事重组构式,patient,受事,已标出,2,三人一致,C-标注者2裁决
ASGD-2027-1020,b055ac7c3a3d1e3d,把字句候选,处置/受事重组构式,predicate,谓词核心,不适用,3,多数裁决,C-标注者2裁决
ASGD-2027-1020,b055ac7c3a3d1e3d,把字句候选,处置/受事重组构式,result_component,结果/完成性成分,不适用,1,多数裁决,C-标注者2裁决
ASGD-2027-1041,c76040253db248ab,处所状语候选,时间/处所功能结构,function_relation,状语功能范围,候选错误,4,无多数-标注者2裁决,C-标注者2裁决
ASGD-2027-1041,c76040253db248ab,处所状语候选,时间/处所功能结构,predicate,关联谓词,候选错误,1,无多数-标注者2裁决,C-标注者2裁决
ASGD-2027-1041,c76040253db248ab,处所状语候选,时间/处所功能结构,time_or_location_expression,时间/处所表达,候选错误,2,无多数-标注者2裁决,C-标注者2裁决
ASGD-2027-1042,b74c4c0030d13404,被字句候选,被动/受事凸显构式,affected_result,受影响结果,已标出,2,多数裁决,B-多数裁决
ASGD-2027-1042,b74c4c0030d13404,被字句候选,被动/受事凸显构式,agent,施事,已标出,4,三人一致,B-多数裁决
ASGD-2027-1042,b74c4c0030d13404,被字句候选,被动/受事凸显构式,passive_marker,被动标记,已标出,1,三人一致,B-多数裁决
ASGD-2027-1042,b74c4c0030d13404,被字句候选,被动/受事凸显构式,patient_subject,受事主语,已标出,11,三人一致,B-多数裁决
ASGD-2027-1042,b74c4c0030d13404,被字句候选,被动/受事凸显构式,predicate,谓词核心,已标出,2,三人一致,B-多数裁决
ASGD-2027-1045,9f1ef2f7c1d93293,被字句候选,被动/受事凸显构式,affected_result,受影响结果,已标出,3,三人一致,C-标注者2裁决
ASGD-2027-1045,9f1ef2f7c1d93293,被字句候选,被动/受事凸显构式,agent,施事,已标出,1,三人一致,B-多数裁决
ASGD-2027-1045,9f1ef2f7c1d93293,被字句候选,被动/受事凸显构式,passive_marker,被动标记,已标出,1,三人一致,B-多数裁决
ASGD-2027-1045,9f1ef2f7c1d93293,被字句候选,被动/受事凸显构式,patient_subject,受事主语,已标出,1,三人一致,B-多数裁决
ASGD-2027-1045,9f1ef2f7c1d93293,被字句候选,被动/受事凸显构式,predicate,谓词核心,已标出,3,多数裁决,C-标注者2裁决
ASGD-2027-1055,17b4e95d8e0ddf1d,数量/时量补语候选,补语结构,complement,补语成分,候选错误,2,无多数-标注者2裁决,C-标注者2裁决
ASGD-2027-1055,17b4e95d8e0ddf1d,数量/时量补语候选,补语结构,complement_marker,补语标记,不适用,0,多数裁决,C-标注者2裁决
ASGD-2027-1055,17b4e95d8e0ddf1d,数量/时量补语候选,补语结构,object_or_measure,宾语/数量时量,候选错误,2,无多数-标注者2裁决,C-标注者2裁决
ASGD-2027-1055,17b4e95d8e0ddf1d,数量/时量补语候选,补语结构,predicate,谓词核心,候选错误,1,无多数-标注者2裁决,C-标注者2裁决
ASGD-2027-1083,1227632ef2d19e10,不但...而且候选,复句关联结构,clause_1,分句1,已标出,4,多数裁决,B-多数裁决
ASGD-2027-1083,1227632ef2d19e10,不但...而且候选,复句关联结构,clause_2,分句2,不适用,0,三人一致,C-标注者2裁决
ASGD-2027-1083,1227632ef2d19e10,不但...而且候选,复句关联结构,connective_1,关联标记1,已标出,2,三人一致,B-多数裁决
ASGD-2027-1083,1227632ef2d19e10,不但...而且候选,复句关联结构,connective_2,关联标记2,已标出,2,三人一致,B-多数裁决
ASGD-2027-1094,492d6e8ae3b3766d,给/为/关于等介词框架候选,介词/框架结构,function_scope,作用范围,候选错误,0,多数裁决,B-多数裁决
ASGD-2027-1094,492d6e8ae3b3766d,给/为/关于等介词框架候选,介词/框架结构,predicate,关联谓词,候选错误,0,多数裁决,B-多数裁决
ASGD-2027-1094,492d6e8ae3b3766d,给/为/关于等介词框架候选,介词/框架结构,prep_marker,介词/框架标记,候选错误,1,多数裁决,C-标注者2裁决
ASGD-2027-1094,492d6e8ae3b3766d,给/为/关于等介词框架候选,介词/框架结构,prep_object,介词宾语/框架对象,候选错误,8,多数裁决,C-标注者2裁决
ASGD-2027-1112,d218953f0cc61635,在字介词框架候选,介词/框架结构,function_scope,作用范围,已标出,2,多数裁决,C-标注者2裁决
ASGD-2027-1112,d218953f0cc61635,在字介词框架候选,介词/框架结构,predicate,关联谓词,已标出,3,多数裁决,C-标注者2裁决
ASGD-2027-1112,d218953f0cc61635,在字介词框架候选,介词/框架结构,prep_marker,介词/框架标记,已标出,1,三人一致,B-多数裁决
ASGD-2027-1112,d218953f0cc61635,在字介词框架候选,介词/框架结构,prep_object,介词宾语/框架对象,已标出,4,三人一致,C-标注者2裁决
ASGD-2027-1123,1783a81fe3052707,如果...就候选,复句关联结构,clause_1,分句1,已标出,3,多数裁决,B-多数裁决
ASGD-2027-1123,1783a81fe3052707,如果...就候选,复句关联结构,clause_2,分句2,不适用,2,多数裁决,C-标注者2裁决
ASGD-2027-1123,1783a81fe3052707,如果...就候选,复句关联结构,connective_1,关联标记1,已标出,2,三人一致,B-多数裁决
ASGD-2027-1123,1783a81fe3052707,如果...就候选,复句关联结构,connective_2,关联标记2,已标出,1,三人一致,B-多数裁决
ASGD-2027-1132,7b5e2d0234b9ca14,被字句候选,被动/受事凸显构式,affected_result,受影响结果,已标出,2,多数裁决,B-多数裁决
ASGD-2027-1132,7b5e2d0234b9ca14,被字句候选,被动/受事凸显构式,agent,施事,已标出,3,三人一致,B-多数裁决
ASGD-2027-1132,7b5e2d0234b9ca14,被字句候选,被动/受事凸显构式,passive_marker,被动标记,已标出,1,三人一致,B-多数裁决
ASGD-2027-1132,7b5e2d0234b9ca14,被字句候选,被动/受事凸显构式,patient_subject,受事主语,已标出,10,三人一致,B-多数裁决
ASGD-2027-1132,7b5e2d0234b9ca14,被字句候选,被动/受事凸显构式,predicate,谓词核心,已标出,2,多数裁决,B-多数裁决
ASGD-2027-1133,83ac3907ca40bf09,被字句候选,被动/受事凸显构式,affected_result,受影响结果,不适用,0,三人一致,C-标注者2裁决
ASGD-2027-1133,83ac3907ca40bf09,被字句候选,被动/受事凸显构式,agent,施事,已标出,1,三人一致,C-标注者2裁决
ASGD-2027-1133,83ac3907ca40bf09,被字句候选,被动/受事凸显构式,passive_marker,被动标记,已标出,1,三人一致,B-多数裁决
ASGD-2027-1133,83ac3907ca40bf09,被字句候选,被动/受事凸显构式,patient_subject,受事主语,已标出,2,三人一致,B-多数裁决
ASGD-2027-1133,83ac3907ca40bf09,被字句候选,被动/受事凸显构式,predicate,谓词核心,已标出,1,多数裁决,C-标注者2裁决
ASGD-2027-1142,4a4c736bb00ac402,数量/时量补语候选,补语结构,complement,补语成分,不适用,3,多数裁决,C-标注者2裁决
ASGD-2027-1142,4a4c736bb00ac402,数量/时量补语候选,补语结构,complement_marker,补语标记,不适用,3,多数裁决,C-标注者2裁决
ASGD-2027-1142,4a4c736bb00ac402,数量/时量补语候选,补语结构,object_or_measure,宾语/数量时量,已标出,2,多数裁决,C-标注者2裁决
ASGD-2027-1142,4a4c736bb00ac402,数量/时量补语候选,补语结构,predicate,谓词核心,已标出,2,多数裁决,C-标注者2裁决
ASGD-2027-1147,afe92229d3411b67,处所状语候选,时间/处所功能结构,function_relation,状语功能范围,不适用,0,多数裁决,C-标注者2裁决
ASGD-2027-1147,afe92229d3411b67,处所状语候选,时间/处所功能结构,predicate,关联谓词,不适用,0,多数裁决,C-标注者2裁决
ASGD-2027-1147,afe92229d3411b67,处所状语候选,时间/处所功能结构,time_or_location_expression,时间/处所表达,候选错误,2,无多数-标注者2裁决,C-标注者2裁决
ASGD-2027-1153,ec119e7e0df55b39,双宾/给予结构候选,多谓词/论元结构,object_or_recipient,宾语/接受者,已标出,3,多数裁决,C-标注者2裁决
ASGD-2027-1153,ec119e7e0df55b39,双宾/给予结构候选,多谓词/论元结构,predicate_1,第一谓词,候选错误,1,无多数-标注者2裁决,C-标注者2裁决
ASGD-2027-1153,ec119e7e0df55b39,双宾/给予结构候选,多谓词/论元结构,predicate_2,第二谓词,不适用,0,多数裁决,C-标注者2裁决
ASGD-2027-1153,ec119e7e0df55b39,双宾/给予结构候选,多谓词/论元结构,shared_argument,共享论元/兼语,不适用,0,多数裁决,C-标注者2裁决
ASGD-2027-1156,d08d2485acd10cb5,双宾/给予结构候选,多谓词/论元结构,object_or_recipient,宾语/接受者,已标出,4,三人一致,C-标注者2裁决
ASGD-2027-1156,d08d2485acd10cb5,双宾/给予结构候选,多谓词/论元结构,predicate_1,第一谓词,已标出,1,三人一致,B-多数裁决
ASGD-2027-1156,d08d2485acd10cb5,双宾/给予结构候选,多谓词/论元结构,predicate_2,第二谓词,不适用,1,多数裁决,C-标注者2裁决
ASGD-2027-1156,d08d2485acd10cb5,双宾/给予结构候选,多谓词/论元结构,shared_argument,共享论元/兼语,不适用,1,多数裁决,C-标注者2裁决
ASGD-2027-1158,ce591da6ca8780b6,连动结构候选,多谓词/论元结构,object_or_recipient,宾语/接受者,已标出,1,多数裁决,C-标注者2裁决
ASGD-2027-1158,ce591da6ca8780b6,连动结构候选,多谓词/论元结构,predicate_1,第一谓词,已标出,1,三人一致,B-多数裁决
ASGD-2027-1158,ce591da6ca8780b6,连动结构候选,多谓词/论元结构,predicate_2,第二谓词,已标出,2,三人一致,C-标注者2裁决
ASGD-2027-1158,ce591da6ca8780b6,连动结构候选,多谓词/论元结构,shared_argument,共享论元/兼语,不适用,2,多数裁决,C-标注者2裁决
ASGD-2027-1159,a81b4014d60f81b7,把字句候选,处置/受事重组构式,agent,施事,句中省略,0,三人一致,B-多数裁决
ASGD-2027-1159,a81b4014d60f81b7,把字句候选,处置/受事重组构式,marker,处置标记,已标出,1,三人一致,B-多数裁决
ASGD-2027-1159,a81b4014d60f81b7,把字句候选,处置/受事重组构式,patient,受事,已标出,1,三人一致,B-多数裁决
ASGD-2027-1159,a81b4014d60f81b7,把字句候选,处置/受事重组构式,predicate,谓词核心,已标出,2,三人一致,B-多数裁决
ASGD-2027-1159,a81b4014d60f81b7,把字句候选,处置/受事重组构式,result_component,结果/完成性成分,已标出,2,三人一致,C-标注者2裁决
ASGD-2027-1168,4ae52a539059bc9e,但是候选,复句关联结构,clause_1,分句1,已标出,6,多数裁决,B-多数裁决
ASGD-2027-1168,4ae52a539059bc9e,但是候选,复句关联结构,clause_2,分句2,不适用,0,三人一致,B-多数裁决
ASGD-2027-1168,4ae52a539059bc9e,但是候选,复句关联结构,connective_1,关联标记1,已标出,2,三人一致,B-多数裁决
ASGD-2027-1168,4ae52a539059bc9e,但是候选,复句关联结构,connective_2,关联标记2,不适用,2,多数裁决,C-标注者2裁决
ASGD-2027-1179,fe867aada12b937e,给/为/关于等介词框架候选,介词/框架结构,function_scope,作用范围,候选错误,4,无多数-标注者2裁决,C-标注者2裁决
ASGD-2027-1179,fe867aada12b937e,给/为/关于等介词框架候选,介词/框架结构,predicate,关联谓词,不适用,0,多数裁决,C-标注者2裁决
ASGD-2027-1179,fe867aada12b937e,给/为/关于等介词框架候选,介词/框架结构,prep_marker,介词/框架标记,已标出,1,多数裁决,C-标注者2裁决
ASGD-2027-1179,fe867aada12b937e,给/为/关于等介词框架候选,介词/框架结构,prep_object,介词宾语/框架对象,已标出,3,多数裁决,C-标注者2裁决
ASGD-2027-1192,29ff8263179205e2,结果补语候选,补语结构,complement,补语成分,已标出,2,三人一致,B-多数裁决
ASGD-2027-1192,29ff8263179205e2,结果补语候选,补语结构,complement_marker,补语标记,不适用,1,多数裁决,C-标注者2裁决
ASGD-2027-1192,29ff8263179205e2,结果补语候选,补语结构,object_or_measure,宾语/数量时量,不适用,1,多数裁决,C-标注者2裁决
ASGD-2027-1192,29ff8263179205e2,结果补语候选,补语结构,predicate,谓词核心,已标出,2,多数裁决,C-标注者2裁决
ASGD-2027-1211,1c64fa03706dcfda,所以候选,复句关联结构,clause_1,分句1,已标出,4,多数裁决,B-多数裁决
ASGD-2027-1211,1c64fa03706dcfda,所以候选,复句关联结构,clause_2,分句2,不适用,0,三人一致,B-多数裁决
ASGD-2027-1211,1c64fa03706dcfda,所以候选,复句关联结构,connective_1,关联标记1,已标出,2,多数裁决,B-多数裁决
ASGD-2027-1211,1c64fa03706dcfda,所以候选,复句关联结构,connective_2,关联标记2,不适用,2,多数裁决,C-标注者2裁决
ASGD-2027-1225,cd4ef7c0ed63a4ec,把字句候选,处置/受事重组构式,agent,施事,已标出,3,三人一致,B-多数裁决
ASGD-2027-1225,cd4ef7c0ed63a4ec,把字句候选,处置/受事重组构式,marker,处置标记,已标出,1,三人一致,B-多数裁决
ASGD-2027-1225,cd4ef7c0ed63a4ec,把字句候选,处置/受事重组构式,patient,受事,已标出,2,三人一致,B-多数裁决
ASGD-2027-1225,cd4ef7c0ed63a4ec,把字句候选,处置/受事重组构式,predicate,谓词核心,已标出,2,三人一致,B-多数裁决
ASGD-2027-1225,cd4ef7c0ed63a4ec,把字句候选,处置/受事重组构式,result_component,结果/完成性成分,已标出,2,三人一致,B-多数裁决
ASGD-2027-1232,defb34d2d59a3b49,把字句候选,处置/受事重组构式,agent,施事,已标出,1,多数裁决,C-标注者2裁决
ASGD-2027-1232,defb34d2d59a3b49,把字句候选,处置/受事重组构式,marker,处置标记,已标出,1,多数裁决,B-多数裁决
ASGD-2027-1232,defb34d2d59a3b49,把字句候选,处置/受事重组构式,patient,受事,已标出,2,多数裁决,C-标注者2裁决
ASGD-2027-1232,defb34d2d59a3b49,把字句候选,处置/受事重组构式,predicate,谓词核心,已标出,2,多数裁决,C-标注者2裁决
ASGD-2027-1232,defb34d2d59a3b49,把字句候选,处置/受事重组构式,result_component,结果/完成性成分,不适用,2,多数裁决,C-标注者2裁决
ASGD-2027-1257,2c1d0d7748d75d0b,把字句候选,处置/受事重组构式,agent,施事,已标出,2,多数裁决,C-标注者2裁决
ASGD-2027-1257,2c1d0d7748d75d0b,把字句候选,处置/受事重组构式,marker,处置标记,已标出,1,多数裁决,B-多数裁决
ASGD-2027-1257,2c1d0d7748d75d0b,把字句候选,处置/受事重组构式,patient,受事,已标出,2,多数裁决,B-多数裁决
ASGD-2027-1257,2c1d0d7748d75d0b,把字句候选,处置/受事重组构式,predicate,谓词核心,不适用,0,三人一致,C-标注者2裁决
ASGD-2027-1257,2c1d0d7748d75d0b,把字句候选,处置/受事重组构式,result_component,结果/完成性成分,不适用,0,三人一致,C-标注者2裁决
ASGD-2027-1263,f6b7ae906201141e,被字句候选,被动/受事凸显构式,affected_result,受影响结果,已标出,2,三人一致,B-多数裁决
ASGD-2027-1263,f6b7ae906201141e,被字句候选,被动/受事凸显构式,agent,施事,已标出,2,三人一致,B-多数裁决
ASGD-2027-1263,f6b7ae906201141e,被字句候选,被动/受事凸显构式,passive_marker,被动标记,已标出,1,三人一致,B-多数裁决
ASGD-2027-1263,f6b7ae906201141e,被字句候选,被动/受事凸显构式,patient_subject,受事主语,已标出,4,三人一致,B-多数裁决
ASGD-2027-1263,f6b7ae906201141e,被字句候选,被动/受事凸显构式,predicate,谓词核心,已标出,2,多数裁决,B-多数裁决
ASGD-2027-1271,5d069c5e1b32be43,把字句候选,处置/受事重组构式,agent,施事,已标出,25,多数裁决,C-标注者2裁决
ASGD-2027-1271,5d069c5e1b32be43,把字句候选,处置/受事重组构式,marker,处置标记,已标出,1,三人一致,B-多数裁决
ASGD-2027-1271,5d069c5e1b32be43,把字句候选,处置/受事重组构式,patient,受事,已标出,2,三人一致,B-多数裁决
ASGD-2027-1271,5d069c5e1b32be43,把字句候选,处置/受事重组构式,predicate,谓词核心,不适用,0,三人一致,C-标注者2裁决
ASGD-2027-1271,5d069c5e1b32be43,把字句候选,处置/受事重组构式,result_component,结果/完成性成分,不适用,0,三人一致,C-标注者2裁决
ASGD-2027-1314,9325d57e1cee58b6,比字比较候选,比较构式,compare_marker,比较标记,候选错误,0,多数裁决,B-多数裁决
ASGD-2027-1314,9325d57e1cee58b6,比字比较候选,比较构式,compare_subject,比较主体,候选错误,0,多数裁决,B-多数裁决
ASGD-2027-1314,9325d57e1cee58b6,比字比较候选,比较构式,property,比较属性/谓词,候选错误,0,多数裁决,B-多数裁决
ASGD-2027-1314,9325d57e1cee58b6,比字比较候选,比较构式,standard,比较基准,候选错误,0,多数裁决,B-多数裁决
ASGD-2027-1318,054bb40cce550532,把字句候选,处置/受事重组构式,agent,施事,已标出,1,三人一致,B-多数裁决
ASGD-2027-1318,054bb40cce550532,把字句候选,处置/受事重组构式,marker,处置标记,已标出,1,三人一致,B-多数裁决
ASGD-2027-1318,054bb40cce550532,把字句候选,处置/受事重组构式,patient,受事,已标出,2,三人一致,C-标注者2裁决
ASGD-2027-1318,054bb40cce550532,把字句候选,处置/受事重组构式,predicate,谓词核心,不适用,5,多数裁决,C-标注者2裁决
ASGD-2027-1318,054bb40cce550532,把字句候选,处置/受事重组构式,result_component,结果/完成性成分,不适用,1,多数裁决,C-标注者2裁决
ASGD-2027-1335,d35ea75fce07d6ea,比字比较候选,比较构式,compare_marker,比较标记,已标出,1,三人一致,B-多数裁决
ASGD-2027-1335,d35ea75fce07d6ea,比字比较候选,比较构式,compare_subject,比较主体,已标出,4,三人一致,C-标注者2裁决
ASGD-2027-1335,d35ea75fce07d6ea,比字比较候选,比较构式,property,比较属性/谓词,已标出,1,三人一致,B-多数裁决
ASGD-2027-1335,d35ea75fce07d6ea,比字比较候选,比较构式,standard,比较基准,已标出,2,三人一致,C-标注者2裁决
ASGD-2027-1340,d138faa5ca66e190,给/为/关于等介词框架候选,介词/框架结构,function_scope,作用范围,候选错误,6,无多数-标注者2裁决,C-标注者2裁决
ASGD-2027-1340,d138faa5ca66e190,给/为/关于等介词框架候选,介词/框架结构,predicate,关联谓词,不适用,0,多数裁决,C-标注者2裁决
ASGD-2027-1340,d138faa5ca66e190,给/为/关于等介词框架候选,介词/框架结构,prep_marker,介词/框架标记,已标出,1,多数裁决,C-标注者2裁决
ASGD-2027-1340,d138faa5ca66e190,给/为/关于等介词框架候选,介词/框架结构,prep_object,介词宾语/框架对象,已标出,5,多数裁决,C-标注者2裁决
ASGD-2027-1366,9f8aab59c665f7c8,对字介词框架候选,介词/框架结构,function_scope,作用范围,已标出,4,多数裁决,C-标注者2裁决
ASGD-2027-1366,9f8aab59c665f7c8,对字介词框架候选,介词/框架结构,predicate,关联谓词,已标出,2,多数裁决,C-标注者2裁决
ASGD-2027-1366,9f8aab59c665f7c8,对字介词框架候选,介词/框架结构,prep_marker,介词/框架标记,已标出,1,三人一致,B-多数裁决
ASGD-2027-1366,9f8aab59c665f7c8,对字介词框架候选,介词/框架结构,prep_object,介词宾语/框架对象,已标出,1,三人一致,C-标注者2裁决
ASGD-2027-1372,4a7cce5c59f1bd4d,把字句候选,处置/受事重组构式,agent,施事,已标出,1,三人一致,B-多数裁决
ASGD-2027-1372,4a7cce5c59f1bd4d,把字句候选,处置/受事重组构式,marker,处置标记,已标出,1,三人一致,B-多数裁决
ASGD-2027-1372,4a7cce5c59f1bd4d,把字句候选,处置/受事重组构式,patient,受事,已标出,1,三人一致,C-标注者2裁决
ASGD-2027-1372,4a7cce5c59f1bd4d,把字句候选,处置/受事重组构式,predicate,谓词核心,已标出,3,多数裁决,C-标注者2裁决
ASGD-2027-1372,4a7cce5c59f1bd4d,把字句候选,处置/受事重组构式,result_component,结果/完成性成分,已标出,1,多数裁决,C-标注者2裁决
ASGD-2027-1375,0420fb58383be98f,被字句候选,被动/受事凸显构式,affected_result,受影响结果,候选错误,1,多数裁决,C-标注者2裁决
ASGD-2027-1375,0420fb58383be98f,被字句候选,被动/受事凸显构式,agent,施事,候选错误,2,多数裁决,C-标注者2裁决
ASGD-2027-1375,0420fb58383be98f,被字句候选,被动/受事凸显构式,passive_marker,被动标记,候选错误,1,多数裁决,C-标注者2裁决
ASGD-2027-1375,0420fb58383be98f,被字句候选,被动/受事凸显构式,patient_subject,受事主语,候选错误,2,多数裁决,C-标注者2裁决
ASGD-2027-1375,0420fb58383be98f,被字句候选,被动/受事凸显构式,predicate,谓词核心,候选错误,1,多数裁决,C-标注者2裁决
ASGD-2027-1383,9c1324fc49386217,双宾/给予结构候选,多谓词/论元结构,object_or_recipient,宾语/接受者,已标出,3,多数裁决,C-标注者2裁决
ASGD-2027-1383,9c1324fc49386217,双宾/给予结构候选,多谓词/论元结构,predicate_1,第一谓词,已标出,1,三人一致,B-多数裁决
ASGD-2027-1383,9c1324fc49386217,双宾/给予结构候选,多谓词/论元结构,predicate_2,第二谓词,不适用,1,多数裁决,C-标注者2裁决
ASGD-2027-1383,9c1324fc49386217,双宾/给予结构候选,多谓词/论元结构,shared_argument,共享论元/兼语,不适用,1,多数裁决,C-标注者2裁决
ASGD-2027-1398,0e8bb7351412e96f,但是候选,复句关联结构,clause_1,分句1,已标出,9,多数裁决,B-多数裁决
ASGD-2027-1398,0e8bb7351412e96f,但是候选,复句关联结构,clause_2,分句2,不适用,0,三人一致,B-多数裁决
ASGD-2027-1398,0e8bb7351412e96f,但是候选,复句关联结构,connective_1,关联标记1,已标出,2,三人一致,B-多数裁决
ASGD-2027-1398,0e8bb7351412e96f,但是候选,复句关联结构,connective_2,关联标记2,不适用,2,多数裁决,C-标注者2裁决
ASGD-2027-1401,61524979bf651525,双宾/给予结构候选,多谓词/论元结构,object_or_recipient,宾语/接受者,已标出,4,多数裁决,C-标注者2裁决
ASGD-2027-1401,61524979bf651525,双宾/给予结构候选,多谓词/论元结构,predicate_1,第一谓词,已标出,3,三人一致,C-标注者2裁决
ASGD-2027-1401,61524979bf651525,双宾/给予结构候选,多谓词/论元结构,predicate_2,第二谓词,不适用,3,多数裁决,C-标注者2裁决
ASGD-2027-1401,61524979bf651525,双宾/给予结构候选,多谓词/论元结构,shared_argument,共享论元/兼语,不适用,1,多数裁决,C-标注者2裁决
ASGD-2027-1419,ef4fe157c2d9bc9a,把字句候选,处置/受事重组构式,agent,施事,已标出,1,三人一致,B-多数裁决
ASGD-2027-1419,ef4fe157c2d9bc9a,把字句候选,处置/受事重组构式,marker,处置标记,已标出,1,三人一致,B-多数裁决
ASGD-2027-1419,ef4fe157c2d9bc9a,把字句候选,处置/受事重组构式,patient,受事,已标出,9,三人一致,C-标注者2裁决
ASGD-2027-1419,ef4fe157c2d9bc9a,把字句候选,处置/受事重组构式,predicate,谓词核心,已标出,2,三人一致,C-标注者2裁决
ASGD-2027-1419,ef4fe157c2d9bc9a,把字句候选,处置/受事重组构式,result_component,结果/完成性成分,已标出,2,多数裁决,C-标注者2裁决
ASGD-2027-1423,e9feba15fe55a6c4,但是候选,复句关联结构,clause_1,分句1,已标出,10,多数裁决,B-多数裁决
ASGD-2027-1423,e9feba15fe55a6c4,但是候选,复句关联结构,clause_2,分句2,不适用,0,三人一致,B-多数裁决
ASGD-2027-1423,e9feba15fe55a6c4,但是候选,复句关联结构,connective_1,关联标记1,已标出,2,三人一致,B-多数裁决
ASGD-2027-1423,e9feba15fe55a6c4,但是候选,复句关联结构,connective_2,关联标记2,不适用,2,多数裁决,C-标注者2裁决
ASGD-2027-1439,2ca59574a6dd906d,被字句候选,被动/受事凸显构式,affected_result,受影响结果,已标出,1,多数裁决,C-标注者2裁决
ASGD-2027-1439,2ca59574a6dd906d,被字句候选,被动/受事凸显构式,agent,施事,候选错误,3,无多数-标注者2裁决,C-标注者2裁决
ASGD-2027-1439,2ca59574a6dd906d,被字句候选,被动/受事凸显构式,passive_marker,被动标记,已标出,1,多数裁决,C-标注者2裁决
ASGD-2027-1439,2ca59574a6dd906d,被字句候选,被动/受事凸显构式,patient_subject,受事主语,候选错误,0,无多数-标注者2裁决,C-标注者2裁决
ASGD-2027-1439,2ca59574a6dd906d,被字句候选,被动/受事凸显构式,predicate,谓词核心,候选错误,1,无多数-标注者2裁决,C-标注者2裁决
ASGD-2027-1454,deebe644ea77170e,向/往/朝介词框架候选,介词/框架结构,function_scope,作用范围,候选错误,7,无多数-标注者2裁决,C-标注者2裁决
ASGD-2027-1454,deebe644ea77170e,向/往/朝介词框架候选,介词/框架结构,predicate,关联谓词,不适用,0,多数裁决,C-标注者2裁决
ASGD-2027-1454,deebe644ea77170e,向/往/朝介词框架候选,介词/框架结构,prep_marker,介词/框架标记,已标出,1,多数裁决,C-标注者2裁决
ASGD-2027-1454,deebe644ea77170e,向/往/朝介词框架候选,介词/框架结构,prep_object,介词宾语/框架对象,已标出,1,多数裁决,C-标注者2裁决
ASGD-2027-1458,5474f6bfcd965573,但是候选,复句关联结构,clause_1,分句1,已标出,3,多数裁决,B-多数裁决
ASGD-2027-1458,5474f6bfcd965573,但是候选,复句关联结构,clause_2,分句2,不适用,0,三人一致,B-多数裁决
ASGD-2027-1458,5474f6bfcd965573,但是候选,复句关联结构,connective_1,关联标记1,已标出,2,三人一致,B-多数裁决
ASGD-2027-1458,5474f6bfcd965573,但是候选,复句关联结构,connective_2,关联标记2,不适用,2,多数裁决,C-标注者2裁决
ASGD-2027-1465,5c4ed122b013493b,比字比较候选,比较构式,compare_marker,比较标记,候选错误,0,多数裁决,B-多数裁决
ASGD-2027-1465,5c4ed122b013493b,比字比较候选,比较构式,compare_subject,比较主体,候选错误,0,多数裁决,B-多数裁决
ASGD-2027-1465,5c4ed122b013493b,比字比较候选,比较构式,property,比较属性/谓词,候选错误,0,多数裁决,B-多数裁决
ASGD-2027-1465,5c4ed122b013493b,比字比较候选,比较构式,standard,比较基准,候选错误,0,多数裁决,B-多数裁决
ASGD-2027-1472,b38810764c3a86ae,得字补语候选,补语结构,complement,补语成分,已标出,9,多数裁决,C-标注者2裁决
ASGD-2027-1472,b38810764c3a86ae,得字补语候选,补语结构,complement_marker,补语标记,已标出,1,多数裁决,C-标注者2裁决
ASGD-2027-1472,b38810764c3a86ae,得字补语候选,补语结构,object_or_measure,宾语/数量时量,不适用,0,多数裁决,C-标注者2裁决
ASGD-2027-1472,b38810764c3a86ae,得字补语候选,补语结构,predicate,谓词核心,已标出,1,多数裁决,C-标注者2裁决
ASGD-2027-1475,448975097f1e4a50,把字句候选,处置/受事重组构式,agent,施事,已标出,2,三人一致,B-多数裁决
ASGD-2027-1475,448975097f1e4a50,把字句候选,处置/受事重组构式,marker,处置标记,已标出,1,三人一致,B-多数裁决
ASGD-2027-1475,448975097f1e4a50,把字句候选,处置/受事重组构式,patient,受事,已标出,2,三人一致,C-标注者2裁决
ASGD-2027-1475,448975097f1e4a50,把字句候选,处置/受事重组构式,predicate,谓词核心,已标出,2,多数裁决,C-标注者2裁决
ASGD-2027-1475,448975097f1e4a50,把字句候选,处置/受事重组构式,result_component,结果/完成性成分,已标出,3,三人一致,C-标注者2裁决
ASGD-2027-1512,b92cac2c13cf493f,向/往/朝介词框架候选,介词/框架结构,function_scope,作用范围,已标出,3,多数裁决,C-标注者2裁决
ASGD-2027-1512,b92cac2c13cf493f,向/往/朝介词框架候选,介词/框架结构,predicate,关联谓词,已标出,2,多数裁决,C-标注者2裁决
ASGD-2027-1512,b92cac2c13cf493f,向/往/朝介词框架候选,介词/框架结构,prep_marker,介词/框架标记,已标出,1,三人一致,B-多数裁决
ASGD-2027-1512,b92cac2c13cf493f,向/往/朝介词框架候选,介词/框架结构,prep_object,介词宾语/框架对象,已标出,1,三人一致,B-多数裁决
ASGD-2027-1516,a5af5ee6c22f96ef,所以候选,复句关联结构,clause_1,分句1,已标出,5,多数裁决,B-多数裁决
ASGD-2027-1516,a5af5ee6c22f96ef,所以候选,复句关联结构,clause_2,分句2,不适用,0,三人一致,B-多数裁决
ASGD-2027-1516,a5af5ee6c22f96ef,所以候选,复句关联结构,connective_1,关联标记1,已标出,2,多数裁决,B-多数裁决
ASGD-2027-1516,a5af5ee6c22f96ef,所以候选,复句关联结构,connective_2,关联标记2,不适用,2,多数裁决,C-标注者2裁决
ASGD-2027-1524,b71b1a880688aca5,时间状语候选,时间/处所功能结构,function_relation,状语功能范围,不适用,0,三人一致,B-多数裁决
ASGD-2027-1524,b71b1a880688aca5,时间状语候选,时间/处所功能结构,predicate,关联谓词,不适用,0,三人一致,B-多数裁决
ASGD-2027-1524,b71b1a880688aca5,时间状语候选,时间/处所功能结构,time_or_location_expression,时间/处所表达,已标出,3,三人一致,B-多数裁决
ASGD-2027-1534,f676bf2d2b83617b,比字比较候选,比较构式,compare_marker,比较标记,已标出,1,三人一致,B-多数裁决
ASGD-2027-1534,f676bf2d2b83617b,比字比较候选,比较构式,compare_subject,比较主体,已标出,9,三人一致,B-多数裁决
ASGD-2027-1534,f676bf2d2b83617b,比字比较候选,比较构式,property,比较属性/谓词,已标出,1,三人一致,B-多数裁决
ASGD-2027-1534,f676bf2d2b83617b,比字比较候选,比较构式,standard,比较基准,已标出,1,三人一致,B-多数裁决
ASGD-2027-1539,1dfc3be76bdbbc04,处所状语候选,时间/处所功能结构,function_relation,状语功能范围,已标出,2,多数裁决,C-标注者2裁决
ASGD-2027-1539,1dfc3be76bdbbc04,处所状语候选,时间/处所功能结构,predicate,关联谓词,已标出,6,多数裁决,C-标注者2裁决
ASGD-2027-1539,1dfc3be76bdbbc04,处所状语候选,时间/处所功能结构,time_or_location_expression,时间/处所表达,已标出,4,三人一致,C-标注者2裁决
ASGD-2027-1559,9992526bade4b66a,处所状语候选,时间/处所功能结构,function_relation,状语功能范围,已标出,1,多数裁决,C-标注者2裁决
ASGD-2027-1559,9992526bade4b66a,处所状语候选,时间/处所功能结构,predicate,关联谓词,已标出,1,多数裁决,B-多数裁决
ASGD-2027-1559,9992526bade4b66a,处所状语候选,时间/处所功能结构,time_or_location_expression,时间/处所表达,已标出,6,三人一致,B-多数裁决
ASGD-2027-1561,c9c07cbb7f38e9ea,处所状语候选,时间/处所功能结构,function_relation,状语功能范围,不适用,36,多数裁决,C-标注者2裁决
ASGD-2027-1561,c9c07cbb7f38e9ea,处所状语候选,时间/处所功能结构,predicate,关联谓词,不适用,1,多数裁决,C-标注者2裁决
ASGD-2027-1561,c9c07cbb7f38e9ea,处所状语候选,时间/处所功能结构,time_or_location_expression,时间/处所表达,已标出,18,多数裁决,C-标注者2裁决
ASGD-2027-1570,0ce22a47da2a1d0f,把字句候选,处置/受事重组构式,agent,施事,已标出,1,三人一致,B-多数裁决
ASGD-2027-1570,0ce22a47da2a1d0f,把字句候选,处置/受事重组构式,marker,处置标记,已标出,1,三人一致,B-多数裁决
ASGD-2027-1570,0ce22a47da2a1d0f,把字句候选,处置/受事重组构式,patient,受事,已标出,2,三人一致,B-多数裁决
ASGD-2027-1570,0ce22a47da2a1d0f,把字句候选,处置/受事重组构式,predicate,谓词核心,已标出,2,三人一致,C-标注者2裁决
ASGD-2027-1570,0ce22a47da2a1d0f,把字句候选,处置/受事重组构式,result_component,结果/完成性成分,已标出,3,三人一致,C-标注者2裁决
ASGD-2027-1582,a35e80da49e8b357,时间状语候选,时间/处所功能结构,function_relation,状语功能范围,候选错误,4,无多数-标注者2裁决,C-标注者2裁决
ASGD-2027-1582,a35e80da49e8b357,时间状语候选,时间/处所功能结构,predicate,关联谓词,候选错误,1,无多数-标注者2裁决,C-标注者2裁决
ASGD-2027-1582,a35e80da49e8b357,时间状语候选,时间/处所功能结构,time_or_location_expression,时间/处所表达,已标出,2,多数裁决,C-标注者2裁决
ASGD-2027-1583,ff64d2d11ab3d681,如果候选,复句关联结构,clause_1,分句1,已标出,6,多数裁决,C-标注者2裁决
ASGD-2027-1583,ff64d2d11ab3d681,如果候选,复句关联结构,clause_2,分句2,不适用,4,多数裁决,C-标注者2裁决
ASGD-2027-1583,ff64d2d11ab3d681,如果候选,复句关联结构,connective_1,关联标记1,已标出,2,三人一致,B-多数裁决
ASGD-2027-1583,ff64d2d11ab3d681,如果候选,复句关联结构,connective_2,关联标记2,不适用,3,多数裁决,C-标注者2裁决
ASGD-2027-1594,3ce570b426ebae7c,如果候选,复句关联结构,clause_1,分句1,已标出,5,多数裁决,B-多数裁决
ASGD-2027-1594,3ce570b426ebae7c,如果候选,复句关联结构,clause_2,分句2,不适用,0,三人一致,B-多数裁决
ASGD-2027-1594,3ce570b426ebae7c,如果候选,复句关联结构,connective_1,关联标记1,已标出,2,三人一致,B-多数裁决
ASGD-2027-1594,3ce570b426ebae7c,如果候选,复句关联结构,connective_2,关联标记2,不适用,0,三人一致,B-多数裁决
ASGD-2027-1596,6540235b31162ec2,把字句候选,处置/受事重组构式,agent,施事,已标出,4,三人一致,B-多数裁决
ASGD-2027-1596,6540235b31162ec2,把字句候选,处置/受事重组构式,marker,处置标记,已标出,1,三人一致,B-多数裁决
ASGD-2027-1596,6540235b31162ec2,把字句候选,处置/受事重组构式,patient,受事,已标出,1,三人一致,B-多数裁决
ASGD-2027-1596,6540235b31162ec2,把字句候选,处置/受事重组构式,predicate,谓词核心,已标出,2,三人一致,B-多数裁决
ASGD-2027-1596,6540235b31162ec2,把字句候选,处置/受事重组构式,result_component,结果/完成性成分,已标出,4,三人一致,C-标注者2裁决
ASGD-2027-1613,f30cf774ebb6f83a,连动结构候选,多谓词/论元结构,object_or_recipient,宾语/接受者,已标出,3,多数裁决,C-标注者2裁决
ASGD-2027-1613,f30cf774ebb6f83a,连动结构候选,多谓词/论元结构,predicate_1,第一谓词,已标出,1,三人一致,B-多数裁决
ASGD-2027-1613,f30cf774ebb6f83a,连动结构候选,多谓词/论元结构,predicate_2,第二谓词,已标出,1,多数裁决,C-标注者2裁决
ASGD-2027-1613,f30cf774ebb6f83a,连动结构候选,多谓词/论元结构,shared_argument,共享论元/兼语,已标出,2,多数裁决,C-标注者2裁决
ASGD-2027-1618,dc73c8f32f7fe61c,把字句候选,处置/受事重组构式,agent,施事,已标出,3,三人一致,B-多数裁决
ASGD-2027-1618,dc73c8f32f7fe61c,把字句候选,处置/受事重组构式,marker,处置标记,已标出,1,三人一致,B-多数裁决
ASGD-2027-1618,dc73c8f32f7fe61c,把字句候选,处置/受事重组构式,patient,受事,已标出,2,三人一致,B-多数裁决
ASGD-2027-1618,dc73c8f32f7fe61c,把字句候选,处置/受事重组构式,predicate,谓词核心,已标出,3,多数裁决,C-标注者2裁决
ASGD-2027-1618,dc73c8f32f7fe61c,把字句候选,处置/受事重组构式,result_component,结果/完成性成分,不适用,1,多数裁决,C-标注者2裁决
ASGD-2027-1620,05ff59806f100173,在字介词框架候选,介词/框架结构,function_scope,作用范围,不适用,4,多数裁决,C-标注者2裁决
ASGD-2027-1620,05ff59806f100173,在字介词框架候选,介词/框架结构,predicate,关联谓词,不适用,0,三人一致,B-多数裁决
ASGD-2027-1620,05ff59806f100173,在字介词框架候选,介词/框架结构,prep_marker,介词/框架标记,已标出,1,三人一致,B-多数裁决
ASGD-2027-1620,05ff59806f100173,在字介词框架候选,介词/框架结构,prep_object,介词宾语/框架对象,已标出,3,三人一致,B-多数裁决
ASGD-2027-1642,3c97e688142dddd3,把字句候选,处置/受事重组构式,agent,施事,已标出,1,多数裁决,B-多数裁决
ASGD-2027-1642,3c97e688142dddd3,把字句候选,处置/受事重组构式,marker,处置标记,已标出,1,多数裁决,B-多数裁决
ASGD-2027-1642,3c97e688142dddd3,把字句候选,处置/受事重组构式,patient,受事,已标出,2,多数裁决,B-多数裁决
ASGD-2027-1642,3c97e688142dddd3,把字句候选,处置/受事重组构式,predicate,谓词核心,不适用,0,三人一致,C-标注者2裁决
ASGD-2027-1642,3c97e688142dddd3,把字句候选,处置/受事重组构式,result_component,结果/完成性成分,不适用,0,三人一致,C-标注者2裁决
ASGD-2027-1643,f06f6e50eeaa09a1,把字句候选,处置/受事重组构式,agent,施事,已标出,1,多数裁决,C-标注者2裁决
ASGD-2027-1643,f06f6e50eeaa09a1,把字句候选,处置/受事重组构式,marker,处置标记,已标出,1,三人一致,B-多数裁决
ASGD-2027-1643,f06f6e50eeaa09a1,把字句候选,处置/受事重组构式,patient,受事,已标出,2,三人一致,C-标注者2裁决
ASGD-2027-1643,f06f6e50eeaa09a1,把字句候选,处置/受事重组构式,predicate,谓词核心,不适用,5,多数裁决,C-标注者2裁决
ASGD-2027-1643,f06f6e50eeaa09a1,把字句候选,处置/受事重组构式,result_component,结果/完成性成分,已标出,2,多数裁决,C-标注者2裁决
ASGD-2027-1654,5a9f2e44f66a514a,时间状语候选,时间/处所功能结构,function_relation,状语功能范围,不适用,0,三人一致,B-多数裁决
ASGD-2027-1654,5a9f2e44f66a514a,时间状语候选,时间/处所功能结构,predicate,关联谓词,不适用,4,多数裁决,C-标注者2裁决
ASGD-2027-1654,5a9f2e44f66a514a,时间状语候选,时间/处所功能结构,time_or_location_expression,时间/处所表达,已标出,4,三人一致,B-多数裁决
ASGD-2027-1660,5a44f71ce4362e0f,被字句候选,被动/受事凸显构式,affected_result,受影响结果,候选错误,12,无多数-标注者2裁决,C-标注者2裁决
ASGD-2027-1660,5a44f71ce4362e0f,被字句候选,被动/受事凸显构式,agent,施事,候选错误,9,无多数-标注者2裁决,C-标注者2裁决
ASGD-2027-1660,5a44f71ce4362e0f,被字句候选,被动/受事凸显构式,passive_marker,被动标记,已标出,1,多数裁决,C-标注者2裁决
ASGD-2027-1660,5a44f71ce4362e0f,被字句候选,被动/受事凸显构式,patient_subject,受事主语,候选错误,0,无多数-标注者2裁决,C-标注者2裁决
ASGD-2027-1660,5a44f71ce4362e0f,被字句候选,被动/受事凸显构式,predicate,谓词核心,已标出,1,多数裁决,C-标注者2裁决
ASGD-2027-1663,a81b4014d60f81b7,趋向补语候选,补语结构,complement,补语成分,已标出,2,三人一致,B-多数裁决
ASGD-2027-1663,a81b4014d60f81b7,趋向补语候选,补语结构,complement_marker,补语标记,不适用,1,多数裁决,C-标注者2裁决
ASGD-2027-1663,a81b4014d60f81b7,趋向补语候选,补语结构,object_or_measure,宾语/数量时量,不适用,2,多数裁决,C-标注者2裁决
ASGD-2027-1663,a81b4014d60f81b7,趋向补语候选,补语结构,predicate,谓词核心,已标出,1,多数裁决,B-多数裁决
ASGD-2027-1677,a49380689a842a1d,处所状语候选,时间/处所功能结构,function_relation,状语功能范围,已标出,1,多数裁决,C-标注者2裁决
ASGD-2027-1677,a49380689a842a1d,处所状语候选,时间/处所功能结构,predicate,关联谓词,已标出,1,多数裁决,B-多数裁决
ASGD-2027-1677,a49380689a842a1d,处所状语候选,时间/处所功能结构,time_or_location_expression,时间/处所表达,已标出,6,三人一致,B-多数裁决
ASGD-2027-1698,5912a4668acf735b,向/往/朝介词框架候选,介词/框架结构,function_scope,作用范围,候选错误,3,无多数-标注者2裁决,C-标注者2裁决
ASGD-2027-1698,5912a4668acf735b,向/往/朝介词框架候选,介词/框架结构,predicate,关联谓词,候选错误,1,无多数-标注者2裁决,C-标注者2裁决
ASGD-2027-1698,5912a4668acf735b,向/往/朝介词框架候选,介词/框架结构,prep_marker,介词/框架标记,已标出,1,多数裁决,C-标注者2裁决
ASGD-2027-1698,5912a4668acf735b,向/往/朝介词框架候选,介词/框架结构,prep_object,介词宾语/框架对象,已标出,4,多数裁决,C-标注者2裁决
ASGD-2027-1701,b45d858814b8b62c,双宾/给予结构候选,多谓词/论元结构,object_or_recipient,宾语/接受者,已标出,6,三人一致,B-多数裁决
ASGD-2027-1701,b45d858814b8b62c,双宾/给予结构候选,多谓词/论元结构,predicate_1,第一谓词,不适用,2,多数裁决,C-标注者2裁决
ASGD-2027-1701,b45d858814b8b62c,双宾/给予结构候选,多谓词/论元结构,predicate_2,第二谓词,不适用,1,多数裁决,C-标注者2裁决
ASGD-2027-1701,b45d858814b8b62c,双宾/给予结构候选,多谓词/论元结构,shared_argument,共享论元/兼语,不适用,1,多数裁决,C-标注者2裁决
ASGD-2027-1703,8fbbce53fbbe6e05,即使候选,复句关联结构,clause_1,分句1,已标出,3,多数裁决,C-标注者2裁决
ASGD-2027-1703,8fbbce53fbbe6e05,即使候选,复句关联结构,clause_2,分句2,不适用,10,多数裁决,C-标注者2裁决
ASGD-2027-1703,8fbbce53fbbe6e05,即使候选,复句关联结构,connective_1,关联标记1,已标出,2,三人一致,B-多数裁决
ASGD-2027-1703,8fbbce53fbbe6e05,即使候选,复句关联结构,connective_2,关联标记2,已标出,1,多数裁决,C-标注者2裁决
ASGD-2027-1710,a6a50ee032848914,因为候选,复句关联结构,clause_1,分句1,已标出,4,多数裁决,C-标注者2裁决
ASGD-2027-1710,a6a50ee032848914,因为候选,复句关联结构,clause_2,分句2,不适用,0,三人一致,C-标注者2裁决
ASGD-2027-1710,a6a50ee032848914,因为候选,复句关联结构,connective_1,关联标记1,已标出,2,三人一致,B-多数裁决
ASGD-2027-1710,a6a50ee032848914,因为候选,复句关联结构,connective_2,关联标记2,不适用,1,多数裁决,C-标注者2裁决
ASGD-2027-1718,5b5cd3f24fca8337,给/为/关于等介词框架候选,介词/框架结构,function_scope,作用范围,已标出,1,多数裁决,C-标注者2裁决
ASGD-2027-1718,5b5cd3f24fca8337,给/为/关于等介词框架候选,介词/框架结构,predicate,关联谓词,不适用,1,多数裁决,C-标注者2裁决
ASGD-2027-1718,5b5cd3f24fca8337,给/为/关于等介词框架候选,介词/框架结构,prep_marker,介词/框架标记,已标出,1,三人一致,B-多数裁决
ASGD-2027-1718,5b5cd3f24fca8337,给/为/关于等介词框架候选,介词/框架结构,prep_object,介词宾语/框架对象,已标出,2,三人一致,B-多数裁决
ASGD-2027-1730,8162ef2bc562d96d,连动结构候选,多谓词/论元结构,object_or_recipient,宾语/接受者,已标出,1,多数裁决,C-标注者2裁决
ASGD-2027-1730,8162ef2bc562d96d,连动结构候选,多谓词/论元结构,predicate_1,第一谓词,已标出,1,三人一致,B-多数裁决
ASGD-2027-1730,8162ef2bc562d96d,连动结构候选,多谓词/论元结构,predicate_2,第二谓词,已标出,1,三人一致,C-标注者2裁决
ASGD-2027-1730,8162ef2bc562d96d,连动结构候选,多谓词/论元结构,shared_argument,共享论元/兼语,已标出,2,多数裁决,C-标注者2裁决
ASGD-2027-1733,6220d6f60f3d8ce9,对字介词框架候选,介词/框架结构,function_scope,作用范围,已标出,5,多数裁决,C-标注者2裁决
ASGD-2027-1733,6220d6f60f3d8ce9,对字介词框架候选,介词/框架结构,predicate,关联谓词,已标出,4,多数裁决,C-标注者2裁决
ASGD-2027-1733,6220d6f60f3d8ce9,对字介词框架候选,介词/框架结构,prep_marker,介词/框架标记,已标出,1,三人一致,B-多数裁决
ASGD-2027-1733,6220d6f60f3d8ce9,对字介词框架候选,介词/框架结构,prep_object,介词宾语/框架对象,已标出,1,三人一致,C-标注者2裁决
ASGD-2027-1739,e0a32eb09541f5f4,数量/时量补语候选,补语结构,complement,补语成分,不适用,2,多数裁决,C-标注者2裁决
ASGD-2027-1739,e0a32eb09541f5f4,数量/时量补语候选,补语结构,complement_marker,补语标记,不适用,2,多数裁决,C-标注者2裁决
ASGD-2027-1739,e0a32eb09541f5f4,数量/时量补语候选,补语结构,object_or_measure,宾语/数量时量,已标出,2,多数裁决,C-标注者2裁决
ASGD-2027-1739,e0a32eb09541f5f4,数量/时量补语候选,补语结构,predicate,谓词核心,已标出,2,多数裁决,C-标注者2裁决
ASGD-2027-1757,0425fe570d4b0eb7,没有比较候选,比较构式,compare_marker,比较标记,候选错误,0,多数裁决,B-多数裁决
ASGD-2027-1757,0425fe570d4b0eb7,没有比较候选,比较构式,compare_subject,比较主体,候选错误,0,多数裁决,B-多数裁决
ASGD-2027-1757,0425fe570d4b0eb7,没有比较候选,比较构式,property,比较属性/谓词,候选错误,0,多数裁决,B-多数裁决
ASGD-2027-1757,0425fe570d4b0eb7,没有比较候选,比较构式,standard,比较基准,候选错误,0,多数裁决,B-多数裁决
ASGD-2027-1764,d4b247773b84e033,在字介词框架候选,介词/框架结构,function_scope,作用范围,候选错误,6,无多数-标注者2裁决,C-标注者2裁决
ASGD-2027-1764,d4b247773b84e033,在字介词框架候选,介词/框架结构,predicate,关联谓词,不适用,0,多数裁决,C-标注者2裁决
ASGD-2027-1764,d4b247773b84e033,在字介词框架候选,介词/框架结构,prep_marker,介词/框架标记,已标出,1,多数裁决,C-标注者2裁决
ASGD-2027-1764,d4b247773b84e033,在字介词框架候选,介词/框架结构,prep_object,介词宾语/框架对象,已标出,5,多数裁决,C-标注者2裁决
ASGD-2027-1800,9ba2c323199c25dd,在字介词框架候选,介词/框架结构,function_scope,作用范围,候选错误,3,无多数-标注者2裁决,C-标注者2裁决
ASGD-2027-1800,9ba2c323199c25dd,在字介词框架候选,介词/框架结构,predicate,关联谓词,候选错误,1,无多数-标注者2裁决,C-标注者2裁决
ASGD-2027-1800,9ba2c323199c25dd,在字介词框架候选,介词/框架结构,prep_marker,介词/框架标记,已标出,1,多数裁决,C-标注者2裁决
ASGD-2027-1800,9ba2c323199c25dd,在字介词框架候选,介词/框架结构,prep_object,介词宾语/框架对象,已标出,4,多数裁决,C-标注者2裁决
ASGD-2027-1808,d04acd6954f619d4,如果候选,复句关联结构,clause_1,分句1,已标出,2,多数裁决,B-多数裁决
ASGD-2027-1808,d04acd6954f619d4,如果候选,复句关联结构,clause_2,分句2,不适用,0,三人一致,C-标注者2裁决
ASGD-2027-1808,d04acd6954f619d4,如果候选,复句关联结构,connective_1,关联标记1,已标出,2,三人一致,B-多数裁决
ASGD-2027-1808,d04acd6954f619d4,如果候选,复句关联结构,connective_2,关联标记2,不适用,0,三人一致,C-标注者2裁决
ASGD-2027-1814,79dfc09a3f68b757,双宾/给予结构候选,多谓词/论元结构,object_or_recipient,宾语/接受者,候选错误,6,无多数-标注者2裁决,C-标注者2裁决
ASGD-2027-1814,79dfc09a3f68b757,双宾/给予结构候选,多谓词/论元结构,predicate_1,第一谓词,候选错误,1,无多数-标注者2裁决,C-标注者2裁决
ASGD-2027-1814,79dfc09a3f68b757,双宾/给予结构候选,多谓词/论元结构,predicate_2,第二谓词,不适用,0,多数裁决,C-标注者2裁决
ASGD-2027-1814,79dfc09a3f68b757,双宾/给予结构候选,多谓词/论元结构,shared_argument,共享论元/兼语,不适用,0,多数裁决,C-标注者2裁决
ASGD-2027-1822,9ca1005c9e587214,被字句候选,被动/受事凸显构式,affected_result,受影响结果,已标出,2,多数裁决,C-标注者2裁决
ASGD-2027-1822,9ca1005c9e587214,被字句候选,被动/受事凸显构式,agent,施事,已标出,2,三人一致,B-多数裁决
ASGD-2027-1822,9ca1005c9e587214,被字句候选,被动/受事凸显构式,passive_marker,被动标记,已标出,1,三人一致,B-多数裁决
ASGD-2027-1822,9ca1005c9e587214,被字句候选,被动/受事凸显构式,patient_subject,受事主语,已标出,4,多数裁决,C-标注者2裁决
ASGD-2027-1822,9ca1005c9e587214,被字句候选,被动/受事凸显构式,predicate,谓词核心,已标出,1,三人一致,B-多数裁决
ASGD-2027-1845,72840cb94403c726,时间状语候选,时间/处所功能结构,function_relation,状语功能范围,不适用,0,多数裁决,C-标注者2裁决
ASGD-2027-1845,72840cb94403c726,时间状语候选,时间/处所功能结构,predicate,关联谓词,不适用,0,多数裁决,C-标注者2裁决
ASGD-2027-1845,72840cb94403c726,时间状语候选,时间/处所功能结构,time_or_location_expression,时间/处所表达,已标出,2,多数裁决,C-标注者2裁决
ASGD-2027-1849,6b32bedb11aa549c,时间状语候选,时间/处所功能结构,function_relation,状语功能范围,候选错误,4,无多数-标注者2裁决,C-标注者2裁决
ASGD-2027-1849,6b32bedb11aa549c,时间状语候选,时间/处所功能结构,predicate,关联谓词,候选错误,1,无多数-标注者2裁决,C-标注者2裁决
ASGD-2027-1849,6b32bedb11aa549c,时间状语候选,时间/处所功能结构,time_or_location_expression,时间/处所表达,已标出,2,多数裁决,C-标注者2裁决
ASGD-2027-1850,aea17c519172e20d,被字句候选,被动/受事凸显构式,affected_result,受影响结果,不适用,4,多数裁决,C-标注者2裁决
ASGD-2027-1850,aea17c519172e20d,被字句候选,被动/受事凸显构式,agent,施事,已标出,3,三人一致,B-多数裁决
ASGD-2027-1850,aea17c519172e20d,被字句候选,被动/受事凸显构式,passive_marker,被动标记,已标出,1,三人一致,B-多数裁决
ASGD-2027-1850,aea17c519172e20d,被字句候选,被动/受事凸显构式,patient_subject,受事主语,已标出,2,三人一致,B-多数裁决
ASGD-2027-1850,aea17c519172e20d,被字句候选,被动/受事凸显构式,predicate,谓词核心,已标出,4,三人一致,C-标注者2裁决
ASGD-2027-1852,768d645893b80d85,被字句候选,被动/受事凸显构式,affected_result,受影响结果,不适用,0,多数裁决,C-标注者2裁决
ASGD-2027-1852,768d645893b80d85,被字句候选,被动/受事凸显构式,agent,施事,候选错误,2,无多数-标注者2裁决,C-标注者2裁决
ASGD-2027-1852,768d645893b80d85,被字句候选,被动/受事凸显构式,passive_marker,被动标记,已标出,1,多数裁决,C-标注者2裁决
ASGD-2027-1852,768d645893b80d85,被字句候选,被动/受事凸显构式,patient_subject,受事主语,已标出,2,多数裁决,C-标注者2裁决
ASGD-2027-1852,768d645893b80d85,被字句候选,被动/受事凸显构式,predicate,谓词核心,不适用,0,多数裁决,C-标注者2裁决
ASGD-2027-1861,c3f82af7fbc7dd95,没有比较候选,比较构式,compare_marker,比较标记,候选错误,0,多数裁决,B-多数裁决
ASGD-2027-1861,c3f82af7fbc7dd95,没有比较候选,比较构式,compare_subject,比较主体,候选错误,0,多数裁决,B-多数裁决
ASGD-2027-1861,c3f82af7fbc7dd95,没有比较候选,比较构式,property,比较属性/谓词,候选错误,0,多数裁决,B-多数裁决
ASGD-2027-1861,c3f82af7fbc7dd95,没有比较候选,比较构式,standard,比较基准,候选错误,0,多数裁决,B-多数裁决
ASGD-2027-1863,7f21cbc3f2ae65b0,把字句候选,处置/受事重组构式,agent,施事,已标出,4,三人一致,B-多数裁决
ASGD-2027-1863,7f21cbc3f2ae65b0,把字句候选,处置/受事重组构式,marker,处置标记,已标出,1,三人一致,B-多数裁决
ASGD-2027-1863,7f21cbc3f2ae65b0,把字句候选,处置/受事重组构式,patient,受事,已标出,3,三人一致,B-多数裁决
ASGD-2027-1863,7f21cbc3f2ae65b0,把字句候选,处置/受事重组构式,predicate,谓词核心,不适用,0,三人一致,C-标注者2裁决
ASGD-2027-1863,7f21cbc3f2ae65b0,把字句候选,处置/受事重组构式,result_component,结果/完成性成分,不适用,0,三人一致,C-标注者2裁决
ASGD-2027-1868,e2aec728bb592b42,双宾/给予结构候选,多谓词/论元结构,object_or_recipient,宾语/接受者,候选错误,2,无多数-标注者2裁决,C-标注者2裁决
ASGD-2027-1868,e2aec728bb592b42,双宾/给予结构候选,多谓词/论元结构,predicate_1,第一谓词,候选错误,1,无多数-标注者2裁决,C-标注者2裁决
ASGD-2027-1868,e2aec728bb592b42,双宾/给予结构候选,多谓词/论元结构,predicate_2,第二谓词,不适用,0,多数裁决,C-标注者2裁决
ASGD-2027-1868,e2aec728bb592b42,双宾/给予结构候选,多谓词/论元结构,shared_argument,共享论元/兼语,不适用,0,多数裁决,C-标注者2裁决
ASGD-2027-1873,ee3f649f31cd6c3b,时间状语候选,时间/处所功能结构,function_relation,状语功能范围,已标出,5,多数裁决,C-标注者2裁决
ASGD-2027-1873,ee3f649f31cd6c3b,时间状语候选,时间/处所功能结构,predicate,关联谓词,已标出,2,多数裁决,C-标注者2裁决
ASGD-2027-1873,ee3f649f31cd6c3b,时间状语候选,时间/处所功能结构,time_or_location_expression,时间/处所表达,已标出,4,三人一致,B-多数裁决
ASGD-2027-1882,8f00082bcfc7af77,在字介词框架候选,介词/框架结构,function_scope,作用范围,候选错误,5,无多数-标注者2裁决,C-标注者2裁决
ASGD-2027-1882,8f00082bcfc7af77,在字介词框架候选,介词/框架结构,predicate,关联谓词,不适用,0,多数裁决,C-标注者2裁决
ASGD-2027-1882,8f00082bcfc7af77,在字介词框架候选,介词/框架结构,prep_marker,介词/框架标记,已标出,1,多数裁决,C-标注者2裁决
ASGD-2027-1882,8f00082bcfc7af77,在字介词框架候选,介词/框架结构,prep_object,介词宾语/框架对象,已标出,4,多数裁决,C-标注者2裁决
ASGD-2027-1886,d57e400b83c7dbb2,得字补语候选,补语结构,complement,补语成分,已标出,2,多数裁决,C-标注者2裁决
ASGD-2027-1886,d57e400b83c7dbb2,得字补语候选,补语结构,complement_marker,补语标记,已标出,1,三人一致,B-多数裁决
ASGD-2027-1886,d57e400b83c7dbb2,得字补语候选,补语结构,object_or_measure,宾语/数量时量,不适用,2,多数裁决,C-标注者2裁决
ASGD-2027-1886,d57e400b83c7dbb2,得字补语候选,补语结构,predicate,谓词核心,已标出,1,三人一致,B-多数裁决
ASGD-2027-1892,7435865f05204bc9,时间状语候选,时间/处所功能结构,function_relation,状语功能范围,不适用,0,多数裁决,C-标注者2裁决
ASGD-2027-1892,7435865f05204bc9,时间状语候选,时间/处所功能结构,predicate,关联谓词,不适用,0,多数裁决,C-标注者2裁决
ASGD-2027-1892,7435865f05204bc9,时间状语候选,时间/处所功能结构,time_or_location_expression,时间/处所表达,已标出,2,多数裁决,C-标注者2裁决
ASGD-2027-1912,73bc4c8c1835b887,时间状语候选,时间/处所功能结构,function_relation,状语功能范围,不适用,0,多数裁决,C-标注者2裁决
ASGD-2027-1912,73bc4c8c1835b887,时间状语候选,时间/处所功能结构,predicate,关联谓词,不适用,0,多数裁决,C-标注者2裁决
ASGD-2027-1912,73bc4c8c1835b887,时间状语候选,时间/处所功能结构,time_or_location_expression,时间/处所表达,已标出,2,多数裁决,C-标注者2裁决
ASGD-2027-1913,d7ed66565510d284,比字比较候选,比较构式,compare_marker,比较标记,已标出,1,多数裁决,C-标注者2裁决
ASGD-2027-1913,d7ed66565510d284,比字比较候选,比较构式,compare_subject,比较主体,已标出,2,多数裁决,C-标注者2裁决
ASGD-2027-1913,d7ed66565510d284,比字比较候选,比较构式,property,比较属性/谓词,候选错误,2,无多数-标注者2裁决,C-标注者2裁决
ASGD-2027-1913,d7ed66565510d284,比字比较候选,比较构式,standard,比较基准,已标出,4,多数裁决,C-标注者2裁决
ASGD-2027-1957,3f033da58d24ac99,时间状语候选,时间/处所功能结构,function_relation,状语功能范围,不适用,0,多数裁决,C-标注者2裁决
ASGD-2027-1957,3f033da58d24ac99,时间状语候选,时间/处所功能结构,predicate,关联谓词,不适用,0,多数裁决,C-标注者2裁决
ASGD-2027-1957,3f033da58d24ac99,时间状语候选,时间/处所功能结构,time_or_location_expression,时间/处所表达,已标出,2,多数裁决,C-标注者2裁决
ASGD-2027-1964,f8efc0b806e9b9cb,得字补语候选,补语结构,complement,补语成分,已标出,2,多数裁决,C-标注者2裁决
ASGD-2027-1964,f8efc0b806e9b9cb,得字补语候选,补语结构,complement_marker,补语标记,已标出,1,三人一致,B-多数裁决
ASGD-2027-1964,f8efc0b806e9b9cb,得字补语候选,补语结构,object_or_measure,宾语/数量时量,不适用,2,多数裁决,C-标注者2裁决
ASGD-2027-1964,f8efc0b806e9b9cb,得字补语候选,补语结构,predicate,谓词核心,已标出,1,三人一致,B-多数裁决
ASGD-2027-1981,4aa516181b9a905b,比字比较候选,比较构式,compare_marker,比较标记,已标出,1,三人一致,B-多数裁决
ASGD-2027-1981,4aa516181b9a905b,比字比较候选,比较构式,compare_subject,比较主体,已标出,1,三人一致,B-多数裁决
ASGD-2027-1981,4aa516181b9a905b,比字比较候选,比较构式,property,比较属性/谓词,已标出,1,三人一致,B-多数裁决
ASGD-2027-1981,4aa516181b9a905b,比字比较候选,比较构式,standard,比较基准,已标出,2,三人一致,C-标注者2裁决
ASGD-2027-1985,dbddf747bd1092d9,兼语结构候选,多谓词/论元结构,object_or_recipient,宾语/接受者,已标出,2,多数裁决,C-标注者2裁决
ASGD-2027-1985,dbddf747bd1092d9,兼语结构候选,多谓词/论元结构,predicate_1,第一谓词,已标出,2,多数裁决,C-标注者2裁决
ASGD-2027-1985,dbddf747bd1092d9,兼语结构候选,多谓词/论元结构,predicate_2,第二谓词,已标出,1,无多数-标注者2裁决,C-标注者2裁决
ASGD-2027-1985,dbddf747bd1092d9,兼语结构候选,多谓词/论元结构,shared_argument,共享论元/兼语,已标出,2,无多数-标注者2裁决,C-标注者2裁决
ASGD-2027-1990,19500608b53f7b4e,从字介词框架候选,介词/框架结构,function_scope,作用范围,候选错误,6,无多数-标注者2裁决,C-标注者2裁决
ASGD-2027-1990,19500608b53f7b4e,从字介词框架候选,介词/框架结构,predicate,关联谓词,不适用,0,多数裁决,C-标注者2裁决
ASGD-2027-1990,19500608b53f7b4e,从字介词框架候选,介词/框架结构,prep_marker,介词/框架标记,已标出,1,多数裁决,C-标注者2裁决
ASGD-2027-1990,19500608b53f7b4e,从字介词框架候选,介词/框架结构,prep_object,介词宾语/框架对象,已标出,1,多数裁决,C-标注者2裁决
ASGD-2027-1995,48aa660716560f3e,不如比较候选,比较构式,compare_marker,比较标记,已标出,2,多数裁决,C-标注者2裁决
ASGD-2027-1995,48aa660716560f3e,不如比较候选,比较构式,compare_subject,比较主体,候选错误,0,无多数-标注者2裁决,C-标注者2裁决
ASGD-2027-1995,48aa660716560f3e,不如比较候选,比较构式,property,比较属性/谓词,不适用,0,多数裁决,C-标注者2裁决
ASGD-2027-1995,48aa660716560f3e,不如比较候选,比较构式,standard,比较基准,已标出,6,多数裁决,C-标注者2裁决
ASGD-2027-2033,ddbd33ca05555a5f,双宾/给予结构候选,多谓词/论元结构,object_or_recipient,宾语/接受者,已标出,3,三人一致,C-标注者2裁决
ASGD-2027-2033,ddbd33ca05555a5f,双宾/给予结构候选,多谓词/论元结构,predicate_1,第一谓词,已标出,1,三人一致,C-标注者2裁决
ASGD-2027-2033,ddbd33ca05555a5f,双宾/给予结构候选,多谓词/论元结构,predicate_2,第二谓词,不适用,1,多数裁决,C-标注者2裁决
ASGD-2027-2033,ddbd33ca05555a5f,双宾/给予结构候选,多谓词/论元结构,shared_argument,共享论元/兼语,不适用,2,多数裁决,C-标注者2裁决
ASGD-2027-2040,89b61f90fb0ba001,处所状语候选,时间/处所功能结构,function_relation,状语功能范围,不适用,2,多数裁决,C-标注者2裁决
ASGD-2027-2040,89b61f90fb0ba001,处所状语候选,时间/处所功能结构,predicate,关联谓词,不适用,1,多数裁决,C-标注者2裁决
ASGD-2027-2040,89b61f90fb0ba001,处所状语候选,时间/处所功能结构,time_or_location_expression,时间/处所表达,已标出,18,多数裁决,C-标注者2裁决
ASGD-2027-2049,67ba18cb83431b04,把字句候选,处置/受事重组构式,agent,施事,候选错误,2,无多数-标注者2裁决,C-标注者2裁决
ASGD-2027-2049,67ba18cb83431b04,把字句候选,处置/受事重组构式,marker,处置标记,候选错误,1,无多数-标注者2裁决,C-标注者2裁决
ASGD-2027-2049,67ba18cb83431b04,把字句候选,处置/受事重组构式,patient,受事,候选错误,1,无多数-标注者2裁决,C-标注者2裁决
ASGD-2027-2049,67ba18cb83431b04,把字句候选,处置/受事重组构式,predicate,谓词核心,不适用,0,多数裁决,C-标注者2裁决
ASGD-2027-2049,67ba18cb83431b04,把字句候选,处置/受事重组构式,result_component,结果/完成性成分,不适用,0,多数裁决,C-标注者2裁决
ASGD-2027-2057,e1c88dc187a70227,被字句候选,被动/受事凸显构式,affected_result,受影响结果,已标出,3,三人一致,C-标注者2裁决
ASGD-2027-2057,e1c88dc187a70227,被字句候选,被动/受事凸显构式,agent,施事,句中省略,1,多数裁决,C-标注者2裁决
ASGD-2027-2057,e1c88dc187a70227,被字句候选,被动/受事凸显构式,passive_marker,被动标记,已标出,1,三人一致,B-多数裁决
ASGD-2027-2057,e1c88dc187a70227,被字句候选,被动/受事凸显构式,patient_subject,受事主语,已标出,4,三人一致,B-多数裁决
ASGD-2027-2057,e1c88dc187a70227,被字句候选,被动/受事凸显构式,predicate,谓词核心,已标出,3,三人一致,C-标注者2裁决
ASGD-2027-2058,ff519639fd34c0c8,把字句候选,处置/受事重组构式,agent,施事,已标出,5,三人一致,B-多数裁决
ASGD-2027-2058,ff519639fd34c0c8,把字句候选,处置/受事重组构式,marker,处置标记,已标出,1,三人一致,B-多数裁决
ASGD-2027-2058,ff519639fd34c0c8,把字句候选,处置/受事重组构式,patient,受事,已标出,6,三人一致,C-标注者2裁决
ASGD-2027-2058,ff519639fd34c0c8,把字句候选,处置/受事重组构式,predicate,谓词核心,已标出,5,三人一致,C-标注者2裁决
ASGD-2027-2058,ff519639fd34c0c8,把字句候选,处置/受事重组构式,result_component,结果/完成性成分,已标出,1,多数裁决,C-标注者2裁决
ASGD-2027-2059,bfc91a89ef8819d0,被字句候选,被动/受事凸显构式,affected_result,受影响结果,已标出,1,三人一致,B-多数裁决
ASGD-2027-2059,bfc91a89ef8819d0,被字句候选,被动/受事凸显构式,agent,施事,已标出,8,三人一致,C-标注者2裁决
ASGD-2027-2059,bfc91a89ef8819d0,被字句候选,被动/受事凸显构式,passive_marker,被动标记,已标出,1,三人一致,B-多数裁决
ASGD-2027-2059,bfc91a89ef8819d0,被字句候选,被动/受事凸显构式,patient_subject,受事主语,已标出,4,三人一致,B-多数裁决
ASGD-2027-2059,bfc91a89ef8819d0,被字句候选,被动/受事凸显构式,predicate,谓词核心,已标出,6,多数裁决,C-标注者2裁决
ASGD-2027-2070,11f73355ac13d7e4,把字句候选,处置/受事重组构式,agent,施事,句中省略,0,多数裁决,B-多数裁决
ASGD-2027-2070,11f73355ac13d7e4,把字句候选,处置/受事重组构式,marker,处置标记,已标出,1,三人一致,B-多数裁决
ASGD-2027-2070,11f73355ac13d7e4,把字句候选,处置/受事重组构式,patient,受事,已标出,5,三人一致,C-标注者2裁决
ASGD-2027-2070,11f73355ac13d7e4,把字句候选,处置/受事重组构式,predicate,谓词核心,已标出,2,三人一致,C-标注者2裁决
ASGD-2027-2070,11f73355ac13d7e4,把字句候选,处置/受事重组构式,result_component,结果/完成性成分,已标出,2,多数裁决,C-标注者2裁决
ASGD-2027-2083,787224090a358464,比字比较候选,比较构式,compare_marker,比较标记,已标出,1,三人一致,B-多数裁决
ASGD-2027-2083,787224090a358464,比字比较候选,比较构式,compare_subject,比较主体,已标出,2,三人一致,B-多数裁决
ASGD-2027-2083,787224090a358464,比字比较候选,比较构式,property,比较属性/谓词,已标出,3,多数裁决,C-标注者2裁决
ASGD-2027-2083,787224090a358464,比字比较候选,比较构式,standard,比较基准,已标出,2,三人一致,C-标注者2裁决
ASGD-2027-2096,45ae562c957e86f9,把字句候选,处置/受事重组构式,agent,施事,已标出,2,多数裁决,C-标注者2裁决
ASGD-2027-2096,45ae562c957e86f9,把字句候选,处置/受事重组构式,marker,处置标记,已标出,1,三人一致,B-多数裁决
ASGD-2027-2096,45ae562c957e86f9,把字句候选,处置/受事重组构式,patient,受事,已标出,4,三人一致,B-多数裁决
ASGD-2027-2096,45ae562c957e86f9,把字句候选,处置/受事重组构式,predicate,谓词核心,不适用,0,三人一致,C-标注者2裁决
ASGD-2027-2096,45ae562c957e86f9,把字句候选,处置/受事重组构式,result_component,结果/完成性成分,不适用,0,三人一致,C-标注者2裁决
ASGD-2027-2099,5f520fb76a6321e3,虽然...但是候选,复句关联结构,clause_1,分句1,已标出,4,多数裁决,B-多数裁决
ASGD-2027-2099,5f520fb76a6321e3,虽然...但是候选,复句关联结构,clause_2,分句2,不适用,5,多数裁决,C-标注者2裁决
ASGD-2027-2099,5f520fb76a6321e3,虽然...但是候选,复句关联结构,connective_1,关联标记1,已标出,2,三人一致,B-多数裁决
ASGD-2027-2099,5f520fb76a6321e3,虽然...但是候选,复句关联结构,connective_2,关联标记2,已标出,2,三人一致,B-多数裁决
ASGD-2027-2125,68f180f3982eb5d0,得字补语候选,补语结构,complement,补语成分,已标出,4,三人一致,B-多数裁决
ASGD-2027-2125,68f180f3982eb5d0,得字补语候选,补语结构,complement_marker,补语标记,已标出,1,三人一致,B-多数裁决
ASGD-2027-2125,68f180f3982eb5d0,得字补语候选,补语结构,object_or_measure,宾语/数量时量,不适用,2,多数裁决,C-标注者2裁决
ASGD-2027-2125,68f180f3982eb5d0,得字补语候选,补语结构,predicate,谓词核心,已标出,1,三人一致,B-多数裁决
ASGD-2027-2126,257bf4c46c499cea,给/为/关于等介词框架候选,介词/框架结构,function_scope,作用范围,候选错误,2,无多数-标注者2裁决,C-标注者2裁决
ASGD-2027-2126,257bf4c46c499cea,给/为/关于等介词框架候选,介词/框架结构,predicate,关联谓词,不适用,0,多数裁决,C-标注者2裁决
ASGD-2027-2126,257bf4c46c499cea,给/为/关于等介词框架候选,介词/框架结构,prep_marker,介词/框架标记,已标出,1,多数裁决,C-标注者2裁决
ASGD-2027-2126,257bf4c46c499cea,给/为/关于等介词框架候选,介词/框架结构,prep_object,介词宾语/框架对象,已标出,1,多数裁决,C-标注者2裁决
ASGD-2027-2131,e9889ee4c284cc1d,得字补语候选,补语结构,complement,补语成分,已标出,2,多数裁决,C-标注者2裁决
ASGD-2027-2131,e9889ee4c284cc1d,得字补语候选,补语结构,complement_marker,补语标记,已标出,1,多数裁决,B-多数裁决
ASGD-2027-2131,e9889ee4c284cc1d,得字补语候选,补语结构,object_or_measure,宾语/数量时量,不适用,2,多数裁决,C-标注者2裁决
ASGD-2027-2131,e9889ee4c284cc1d,得字补语候选,补语结构,predicate,谓词核心,已标出,1,多数裁决,B-多数裁决
ASGD-2027-2142,4f1151ff3ca29d37,被字句候选,被动/受事凸显构式,affected_result,受影响结果,已标出,2,三人一致,B-多数裁决
ASGD-2027-2142,4f1151ff3ca29d37,被字句候选,被动/受事凸显构式,agent,施事,已标出,6,三人一致,B-多数裁决
ASGD-2027-2142,4f1151ff3ca29d37,被字句候选,被动/受事凸显构式,passive_marker,被动标记,已标出,1,三人一致,B-多数裁决
ASGD-2027-2142,4f1151ff3ca29d37,被字句候选,被动/受事凸显构式,patient_subject,受事主语,已标出,1,三人一致,B-多数裁决
ASGD-2027-2142,4f1151ff3ca29d37,被字句候选,被动/受事凸显构式,predicate,谓词核心,已标出,2,多数裁决,B-多数裁决
ASGD-2027-2146,a9b38f86c09cd0a4,把字句候选,处置/受事重组构式,agent,施事,已标出,2,多数裁决,C-标注者2裁决
ASGD-2027-2146,a9b38f86c09cd0a4,把字句候选,处置/受事重组构式,marker,处置标记,已标出,1,三人一致,B-多数裁决
ASGD-2027-2146,a9b38f86c09cd0a4,把字句候选,处置/受事重组构式,patient,受事,已标出,1,三人一致,C-标注者2裁决
ASGD-2027-2146,a9b38f86c09cd0a4,把字句候选,处置/受事重组构式,predicate,谓词核心,不适用,3,多数裁决,C-标注者2裁决
ASGD-2027-2146,a9b38f86c09cd0a4,把字句候选,处置/受事重组构式,result_component,结果/完成性成分,不适用,1,多数裁决,C-标注者2裁决
ASGD-2027-2150,38241a241413df6f,给/为/关于等介词框架候选,介词/框架结构,function_scope,作用范围,已标出,3,多数裁决,C-标注者2裁决
ASGD-2027-2150,38241a241413df6f,给/为/关于等介词框架候选,介词/框架结构,predicate,关联谓词,已标出,2,多数裁决,C-标注者2裁决
ASGD-2027-2150,38241a241413df6f,给/为/关于等介词框架候选,介词/框架结构,prep_marker,介词/框架标记,已标出,1,三人一致,B-多数裁决
ASGD-2027-2150,38241a241413df6f,给/为/关于等介词框架候选,介词/框架结构,prep_object,介词宾语/框架对象,已标出,1,三人一致,C-标注者2裁决
ASGD-2027-2165,0008ca3177ccfd9f,因为...所以候选,复句关联结构,clause_1,分句1,已标出,6,多数裁决,B-多数裁决
ASGD-2027-2165,0008ca3177ccfd9f,因为...所以候选,复句关联结构,clause_2,分句2,不适用,2,多数裁决,C-标注者2裁决
ASGD-2027-2165,0008ca3177ccfd9f,因为...所以候选,复句关联结构,connective_1,关联标记1,已标出,2,三人一致,B-多数裁决
ASGD-2027-2165,0008ca3177ccfd9f,因为...所以候选,复句关联结构,connective_2,关联标记2,已标出,2,三人一致,B-多数裁决
ASGD-2027-2169,479383a060f04276,一样比较候选,比较构式,compare_marker,比较标记,已标出,1,多数裁决,C-标注者2裁决
ASGD-2027-2169,479383a060f04276,一样比较候选,比较构式,compare_subject,比较主体,已标出,1,多数裁决,B-多数裁决
ASGD-2027-2169,479383a060f04276,一样比较候选,比较构式,property,比较属性/谓词,已标出,2,多数裁决,B-多数裁决
ASGD-2027-2169,479383a060f04276,一样比较候选,比较构式,standard,比较基准,已标出,2,多数裁决,C-标注者2裁决
ASGD-2027-2186,ae6267265c467ef3,双宾/给予结构候选,多谓词/论元结构,object_or_recipient,宾语/接受者,已标出,3,三人一致,C-标注者2裁决
ASGD-2027-2186,ae6267265c467ef3,双宾/给予结构候选,多谓词/论元结构,predicate_1,第一谓词,已标出,1,三人一致,B-多数裁决
ASGD-2027-2186,ae6267265c467ef3,双宾/给予结构候选,多谓词/论元结构,predicate_2,第二谓词,不适用,1,多数裁决,C-标注者2裁决
ASGD-2027-2186,ae6267265c467ef3,双宾/给予结构候选,多谓词/论元结构,shared_argument,共享论元/兼语,不适用,1,多数裁决,C-标注者2裁决
ASGD-2027-2188,cf6ca2a6cb951a0b,时间状语候选,时间/处所功能结构,function_relation,状语功能范围,不适用,0,多数裁决,C-标注者2裁决
ASGD-2027-2188,cf6ca2a6cb951a0b,时间状语候选,时间/处所功能结构,predicate,关联谓词,不适用,0,多数裁决,C-标注者2裁决
ASGD-2027-2188,cf6ca2a6cb951a0b,时间状语候选,时间/处所功能结构,time_or_location_expression,时间/处所表达,已标出,2,多数裁决,C-标注者2裁决
ASGD-2027-2190,dd1e82623eabd672,时间状语候选,时间/处所功能结构,function_relation,状语功能范围,不适用,0,多数裁决,C-标注者2裁决
ASGD-2027-2190,dd1e82623eabd672,时间状语候选,时间/处所功能结构,predicate,关联谓词,不适用,0,多数裁决,C-标注者2裁决
ASGD-2027-2190,dd1e82623eabd672,时间状语候选,时间/处所功能结构,time_or_location_expression,时间/处所表达,已标出,2,多数裁决,C-标注者2裁决
ASGD-2027-2194,3423d22d7ea30a1a,如果...就候选,复句关联结构,clause_1,分句1,已标出,3,多数裁决,B-多数裁决
ASGD-2027-2194,3423d22d7ea30a1a,如果...就候选,复句关联结构,clause_2,分句2,不适用,4,多数裁决,C-标注者2裁决
ASGD-2027-2194,3423d22d7ea30a1a,如果...就候选,复句关联结构,connective_1,关联标记1,已标出,2,三人一致,B-多数裁决
ASGD-2027-2194,3423d22d7ea30a1a,如果...就候选,复句关联结构,connective_2,关联标记2,已标出,1,三人一致,B-多数裁决
ASGD-2027-2207,cd35e971edfab7d8,之所以...是因为候选,复句关联结构,clause_1,分句1,不适用,2,多数裁决,C-标注者2裁决
ASGD-2027-2207,cd35e971edfab7d8,之所以...是因为候选,复句关联结构,clause_2,分句2,不适用,3,多数裁决,C-标注者2裁决
ASGD-2027-2207,cd35e971edfab7d8,之所以...是因为候选,复句关联结构,connective_1,关联标记1,已标出,2,三人一致,B-多数裁决
ASGD-2027-2207,cd35e971edfab7d8,之所以...是因为候选,复句关联结构,connective_2,关联标记2,已标出,3,多数裁决,C-标注者2裁决
ASGD-2027-2243,e9b1084fd5098545,数量/时量补语候选,补语结构,complement,补语成分,候选错误,2,无多数-标注者2裁决,C-标注者2裁决
ASGD-2027-2243,e9b1084fd5098545,数量/时量补语候选,补语结构,complement_marker,补语标记,不适用,0,多数裁决,C-标注者2裁决
ASGD-2027-2243,e9b1084fd5098545,数量/时量补语候选,补语结构,object_or_measure,宾语/数量时量,候选错误,2,无多数-标注者2裁决,C-标注者2裁决
ASGD-2027-2243,e9b1084fd5098545,数量/时量补语候选,补语结构,predicate,谓词核心,候选错误,1,无多数-标注者2裁决,C-标注者2裁决
ASGD-2027-2244,5c0b5a46502493aa,被字句候选,被动/受事凸显构式,affected_result,受影响结果,已标出,2,三人一致,C-标注者2裁决
ASGD-2027-2244,5c0b5a46502493aa,被字句候选,被动/受事凸显构式,agent,施事,句中省略,2,多数裁决,C-标注者2裁决
ASGD-2027-2244,5c0b5a46502493aa,被字句候选,被动/受事凸显构式,passive_marker,被动标记,已标出,1,三人一致,B-多数裁决
ASGD-2027-2244,5c0b5a46502493aa,被字句候选,被动/受事凸显构式,patient_subject,受事主语,已标出,3,三人一致,B-多数裁决
ASGD-2027-2244,5c0b5a46502493aa,被字句候选,被动/受事凸显构式,predicate,谓词核心,已标出,2,三人一致,B-多数裁决
ASGD-2027-2265,f72a5b402172fa09,向/往/朝介词框架候选,介词/框架结构,function_scope,作用范围,已标出,2,多数裁决,C-标注者2裁决
ASGD-2027-2265,f72a5b402172fa09,向/往/朝介词框架候选,介词/框架结构,predicate,关联谓词,已标出,1,多数裁决,C-标注者2裁决
ASGD-2027-2265,f72a5b402172fa09,向/往/朝介词框架候选,介词/框架结构,prep_marker,介词/框架标记,已标出,1,三人一致,B-多数裁决
ASGD-2027-2265,f72a5b402172fa09,向/往/朝介词框架候选,介词/框架结构,prep_object,介词宾语/框架对象,已标出,1,三人一致,C-标注者2裁决
ASGD-2027-2266,e3e136ee140323fc,得字补语候选,补语结构,complement,补语成分,已标出,6,多数裁决,C-标注者2裁决
ASGD-2027-2266,e3e136ee140323fc,得字补语候选,补语结构,complement_marker,补语标记,已标出,1,多数裁决,C-标注者2裁决
ASGD-2027-2266,e3e136ee140323fc,得字补语候选,补语结构,object_or_measure,宾语/数量时量,不适用,0,多数裁决,C-标注者2裁决
ASGD-2027-2266,e3e136ee140323fc,得字补语候选,补语结构,predicate,谓词核心,不适用,0,多数裁决,C-标注者2裁决
ASGD-2027-2273,c907323c7645f458,在字介词框架候选,介词/框架结构,function_scope,作用范围,候选错误,4,无多数-标注者2裁决,C-标注者2裁决
ASGD-2027-2273,c907323c7645f458,在字介词框架候选,介词/框架结构,predicate,关联谓词,候选错误,1,无多数-标注者2裁决,C-标注者2裁决
ASGD-2027-2273,c907323c7645f458,在字介词框架候选,介词/框架结构,prep_marker,介词/框架标记,已标出,1,多数裁决,C-标注者2裁决
ASGD-2027-2273,c907323c7645f458,在字介词框架候选,介词/框架结构,prep_object,介词宾语/框架对象,已标出,6,多数裁决,C-标注者2裁决
ASGD-2027-2300,49660a06ccb004e9,不但...而且候选,复句关联结构,clause_1,分句1,已标出,4,多数裁决,B-多数裁决
ASGD-2027-2300,49660a06ccb004e9,不但...而且候选,复句关联结构,clause_2,分句2,不适用,4,多数裁决,C-标注者2裁决
ASGD-2027-2300,49660a06ccb004e9,不但...而且候选,复句关联结构,connective_1,关联标记1,已标出,2,三人一致,B-多数裁决
ASGD-2027-2300,49660a06ccb004e9,不但...而且候选,复句关联结构,connective_2,关联标记2,已标出,2,三人一致,B-多数裁决
ASGD-2027-2305,9898501068ba2b30,得字补语候选,补语结构,complement,补语成分,已标出,2,多数裁决,C-标注者2裁决
ASGD-2027-2305,9898501068ba2b30,得字补语候选,补语结构,complement_marker,补语标记,已标出,1,多数裁决,C-标注者2裁决
ASGD-2027-2305,9898501068ba2b30,得字补语候选,补语结构,object_or_measure,宾语/数量时量,不适用,0,多数裁决,C-标注者2裁决
ASGD-2027-2305,9898501068ba2b30,得字补语候选,补语结构,predicate,谓词核心,已标出,1,多数裁决,C-标注者2裁决
ASGD-2027-2332,cfe45311f72d1ca3,比字比较候选,比较构式,compare_marker,比较标记,已标出,1,三人一致,B-多数裁决
ASGD-2027-2332,cfe45311f72d1ca3,比字比较候选,比较构式,compare_subject,比较主体,已标出,3,三人一致,B-多数裁决
ASGD-2027-2332,cfe45311f72d1ca3,比字比较候选,比较构式,property,比较属性/谓词,已标出,1,三人一致,B-多数裁决
ASGD-2027-2332,cfe45311f72d1ca3,比字比较候选,比较构式,standard,比较基准,已标出,1,三人一致,C-标注者2裁决
ASGD-2027-2341,f797c28a3555b67a,比字比较候选,比较构式,compare_marker,比较标记,候选错误,0,多数裁决,B-多数裁决
ASGD-2027-2341,f797c28a3555b67a,比字比较候选,比较构式,compare_subject,比较主体,候选错误,0,多数裁决,B-多数裁决
ASGD-2027-2341,f797c28a3555b67a,比字比较候选,比较构式,property,比较属性/谓词,候选错误,0,多数裁决,B-多数裁决
ASGD-2027-2341,f797c28a3555b67a,比字比较候选,比较构式,standard,比较基准,候选错误,0,多数裁决,B-多数裁决
ASGD-2027-2344,d0fa818db79071ba,如果候选,复句关联结构,clause_1,分句1,已标出,8,多数裁决,C-标注者2裁决
ASGD-2027-2344,d0fa818db79071ba,如果候选,复句关联结构,clause_2,分句2,不适用,4,多数裁决,C-标注者2裁决
ASGD-2027-2344,d0fa818db79071ba,如果候选,复句关联结构,connective_1,关联标记1,已标出,2,三人一致,B-多数裁决
ASGD-2027-2344,d0fa818db79071ba,如果候选,复句关联结构,connective_2,关联标记2,不适用,1,多数裁决,C-标注者2裁决
ASGD-2027-2345,1b68987a8febcdc9,被字句候选,被动/受事凸显构式,affected_result,受影响结果,不适用,0,多数裁决,C-标注者2裁决
ASGD-2027-2345,1b68987a8febcdc9,被字句候选,被动/受事凸显构式,agent,施事,候选错误,2,无多数-标注者2裁决,C-标注者2裁决
ASGD-2027-2345,1b68987a8febcdc9,被字句候选,被动/受事凸显构式,passive_marker,被动标记,已标出,1,多数裁决,C-标注者2裁决
ASGD-2027-2345,1b68987a8febcdc9,被字句候选,被动/受事凸显构式,patient_subject,受事主语,已标出,13,多数裁决,C-标注者2裁决
ASGD-2027-2345,1b68987a8febcdc9,被字句候选,被动/受事凸显构式,predicate,谓词核心,不适用,0,多数裁决,C-标注者2裁决
ASGD-2027-2353,5082b73898c96175,不如比较候选,比较构式,compare_marker,比较标记,已标出,2,多数裁决,C-标注者2裁决
ASGD-2027-2353,5082b73898c96175,不如比较候选,比较构式,compare_subject,比较主体,候选错误,0,无多数-标注者2裁决,C-标注者2裁决
ASGD-2027-2353,5082b73898c96175,不如比较候选,比较构式,property,比较属性/谓词,不适用,0,多数裁决,C-标注者2裁决
ASGD-2027-2353,5082b73898c96175,不如比较候选,比较构式,standard,比较基准,已标出,4,多数裁决,C-标注者2裁决
ASGD-2027-2355,820bf94fcdcdcf30,处所状语候选,时间/处所功能结构,function_relation,状语功能范围,不适用,0,三人一致,B-多数裁决
ASGD-2027-2355,820bf94fcdcdcf30,处所状语候选,时间/处所功能结构,predicate,关联谓词,不适用,0,三人一致,B-多数裁决
ASGD-2027-2355,820bf94fcdcdcf30,处所状语候选,时间/处所功能结构,time_or_location_expression,时间/处所表达,已标出,5,三人一致,B-多数裁决
ASGD-2027-2359,8daa540336cd6b7d,只要候选,复句关联结构,clause_1,分句1,已标出,3,多数裁决,C-标注者2裁决
ASGD-2027-2359,8daa540336cd6b7d,只要候选,复句关联结构,clause_2,分句2,不适用,2,多数裁决,C-标注者2裁决
ASGD-2027-2359,8daa540336cd6b7d,只要候选,复句关联结构,connective_1,关联标记1,已标出,2,三人一致,B-多数裁决
ASGD-2027-2359,8daa540336cd6b7d,只要候选,复句关联结构,connective_2,关联标记2,已标出,1,多数裁决,C-标注者2裁决
ASGD-2027-2360,705fb7c5975e979a,在字介词框架候选,介词/框架结构,function_scope,作用范围,候选错误,9,无多数-标注者2裁决,C-标注者2裁决
ASGD-2027-2360,705fb7c5975e979a,在字介词框架候选,介词/框架结构,predicate,关联谓词,不适用,0,多数裁决,C-标注者2裁决
ASGD-2027-2360,705fb7c5975e979a,在字介词框架候选,介词/框架结构,prep_marker,介词/框架标记,已标出,1,多数裁决,C-标注者2裁决
ASGD-2027-2360,705fb7c5975e979a,在字介词框架候选,介词/框架结构,prep_object,介词宾语/框架对象,已标出,3,多数裁决,C-标注者2裁决
ASGD-2027-2381,59e56d7586c537a0,把字句候选,处置/受事重组构式,agent,施事,已标出,1,三人一致,B-多数裁决
ASGD-2027-2381,59e56d7586c537a0,把字句候选,处置/受事重组构式,marker,处置标记,已标出,1,三人一致,B-多数裁决
ASGD-2027-2381,59e56d7586c537a0,把字句候选,处置/受事重组构式,patient,受事,已标出,6,三人一致,B-多数裁决
ASGD-2027-2381,59e56d7586c537a0,把字句候选,处置/受事重组构式,predicate,谓词核心,已标出,3,多数裁决,C-标注者2裁决
ASGD-2027-2381,59e56d7586c537a0,把字句候选,处置/受事重组构式,result_component,结果/完成性成分,已标出,1,多数裁决,C-标注者2裁决
ASGD-2027-2384,a8c9e625463b2292,时间状语候选,时间/处所功能结构,function_relation,状语功能范围,已标出,2,多数裁决,C-标注者2裁决
ASGD-2027-2384,a8c9e625463b2292,时间状语候选,时间/处所功能结构,predicate,关联谓词,已标出,2,多数裁决,B-多数裁决
ASGD-2027-2384,a8c9e625463b2292,时间状语候选,时间/处所功能结构,time_or_location_expression,时间/处所表达,已标出,2,三人一致,B-多数裁决
ASGD-2027-2396,0fe4c75160669665,把字句候选,处置/受事重组构式,agent,施事,已标出,1,三人一致,B-多数裁决
ASGD-2027-2396,0fe4c75160669665,把字句候选,处置/受事重组构式,marker,处置标记,已标出,1,三人一致,B-多数裁决
ASGD-2027-2396,0fe4c75160669665,把字句候选,处置/受事重组构式,patient,受事,已标出,5,三人一致,B-多数裁决
ASGD-2027-2396,0fe4c75160669665,把字句候选,处置/受事重组构式,predicate,谓词核心,不适用,3,多数裁决,C-标注者2裁决
ASGD-2027-2396,0fe4c75160669665,把字句候选,处置/受事重组构式,result_component,结果/完成性成分,不适用,0,三人一致,B-多数裁决
ASGD-2027-2402,56718c84776ca7f7,没有比较候选,比较构式,compare_marker,比较标记,候选错误,0,多数裁决,B-多数裁决
ASGD-2027-2402,56718c84776ca7f7,没有比较候选,比较构式,compare_subject,比较主体,候选错误,0,多数裁决,B-多数裁决
ASGD-2027-2402,56718c84776ca7f7,没有比较候选,比较构式,property,比较属性/谓词,候选错误,0,多数裁决,B-多数裁决
ASGD-2027-2402,56718c84776ca7f7,没有比较候选,比较构式,standard,比较基准,候选错误,0,多数裁决,B-多数裁决
ASGD-2027-2412,c7077d706c0d5380,双宾/给予结构候选,多谓词/论元结构,object_or_recipient,宾语/接受者,不适用,0,多数裁决,C-标注者2裁决
ASGD-2027-2412,c7077d706c0d5380,双宾/给予结构候选,多谓词/论元结构,predicate_1,第一谓词,候选错误,1,无多数-标注者2裁决,C-标注者2裁决
ASGD-2027-2412,c7077d706c0d5380,双宾/给予结构候选,多谓词/论元结构,predicate_2,第二谓词,不适用,0,多数裁决,C-标注者2裁决
ASGD-2027-2412,c7077d706c0d5380,双宾/给予结构候选,多谓词/论元结构,shared_argument,共享论元/兼语,不适用,0,多数裁决,C-标注者2裁决
ASGD-2027-2422,a0e8e2669543e749,连动结构候选,多谓词/论元结构,object_or_recipient,宾语/接受者,已标出,1,多数裁决,C-标注者2裁决
ASGD-2027-2422,a0e8e2669543e749,连动结构候选,多谓词/论元结构,predicate_1,第一谓词,已标出,1,三人一致,B-多数裁决
ASGD-2027-2422,a0e8e2669543e749,连动结构候选,多谓词/论元结构,predicate_2,第二谓词,已标出,2,三人一致,B-多数裁决
ASGD-2027-2422,a0e8e2669543e749,连动结构候选,多谓词/论元结构,shared_argument,共享论元/兼语,不适用,6,多数裁决,C-标注者2裁决
ASGD-2027-2431,0e98fd27306311b8,把字句候选,处置/受事重组构式,agent,施事,已标出,2,三人一致,B-多数裁决
ASGD-2027-2431,0e98fd27306311b8,把字句候选,处置/受事重组构式,marker,处置标记,已标出,1,三人一致,B-多数裁决
ASGD-2027-2431,0e98fd27306311b8,把字句候选,处置/受事重组构式,patient,受事,已标出,2,三人一致,C-标注者2裁决
ASGD-2027-2431,0e98fd27306311b8,把字句候选,处置/受事重组构式,predicate,谓词核心,不适用,3,多数裁决,C-标注者2裁决
ASGD-2027-2431,0e98fd27306311b8,把字句候选,处置/受事重组构式,result_component,结果/完成性成分,已标出,2,多数裁决,C-标注者2裁决
ASGD-2027-2437,d24411f82f589fbc,比字比较候选,比较构式,compare_marker,比较标记,已标出,1,三人一致,B-多数裁决
ASGD-2027-2437,d24411f82f589fbc,比字比较候选,比较构式,compare_subject,比较主体,已标出,6,三人一致,B-多数裁决
ASGD-2027-2437,d24411f82f589fbc,比字比较候选,比较构式,property,比较属性/谓词,已标出,2,三人一致,B-多数裁决
ASGD-2027-2437,d24411f82f589fbc,比字比较候选,比较构式,standard,比较基准,已标出,2,三人一致,B-多数裁决
ASGD-2027-2438,917560bd1e4250f4,被字句候选,被动/受事凸显构式,affected_result,受影响结果,已标出,2,多数裁决,C-标注者2裁决
ASGD-2027-2438,917560bd1e4250f4,被字句候选,被动/受事凸显构式,agent,施事,句中省略,2,多数裁决,C-标注者2裁决
ASGD-2027-2438,917560bd1e4250f4,被字句候选,被动/受事凸显构式,passive_marker,被动标记,已标出,1,三人一致,B-多数裁决
ASGD-2027-2438,917560bd1e4250f4,被字句候选,被动/受事凸显构式,patient_subject,受事主语,已标出,6,三人一致,B-多数裁决
ASGD-2027-2438,917560bd1e4250f4,被字句候选,被动/受事凸显构式,predicate,谓词核心,已标出,2,多数裁决,C-标注者2裁决
ASGD-2027-2439,e3a6f722ac41fd50,双宾/给予结构候选,多谓词/论元结构,object_or_recipient,宾语/接受者,已标出,6,多数裁决,C-标注者2裁决
ASGD-2027-2439,e3a6f722ac41fd50,双宾/给予结构候选,多谓词/论元结构,predicate_1,第一谓词,不适用,0,多数裁决,C-标注者2裁决
ASGD-2027-2439,e3a6f722ac41fd50,双宾/给予结构候选,多谓词/论元结构,predicate_2,第二谓词,不适用,0,多数裁决,C-标注者2裁决
ASGD-2027-2439,e3a6f722ac41fd50,双宾/给予结构候选,多谓词/论元结构,shared_argument,共享论元/兼语,不适用,0,多数裁决,C-标注者2裁决
ASGD-2027-2447,1cdb73d5cd2f6674,时间状语候选,时间/处所功能结构,function_relation,状语功能范围,已标出,4,多数裁决,C-标注者2裁决
ASGD-2027-2447,1cdb73d5cd2f6674,时间状语候选,时间/处所功能结构,predicate,关联谓词,已标出,2,多数裁决,C-标注者2裁决
ASGD-2027-2447,1cdb73d5cd2f6674,时间状语候选,时间/处所功能结构,time_or_location_expression,时间/处所表达,已标出,2,三人一致,B-多数裁决
ASGD-2027-2454,cc97f94fe9ab8562,但是候选,复句关联结构,clause_1,分句1,已标出,3,多数裁决,B-多数裁决
ASGD-2027-2454,cc97f94fe9ab8562,但是候选,复句关联结构,clause_2,分句2,不适用,0,三人一致,B-多数裁决
ASGD-2027-2454,cc97f94fe9ab8562,但是候选,复句关联结构,connective_1,关联标记1,已标出,2,三人一致,B-多数裁决
ASGD-2027-2454,cc97f94fe9ab8562,但是候选,复句关联结构,connective_2,关联标记2,不适用,2,多数裁决,C-标注者2裁决
ASGD-2027-2455,91015134dafe012f,给/为/关于等介词框架候选,介词/框架结构,function_scope,作用范围,已标出,1,多数裁决,C-标注者2裁决
ASGD-2027-2455,91015134dafe012f,给/为/关于等介词框架候选,介词/框架结构,predicate,关联谓词,不适用,1,多数裁决,C-标注者2裁决
ASGD-2027-2455,91015134dafe012f,给/为/关于等介词框架候选,介词/框架结构,prep_marker,介词/框架标记,已标出,1,三人一致,B-多数裁决
ASGD-2027-2455,91015134dafe012f,给/为/关于等介词框架候选,介词/框架结构,prep_object,介词宾语/框架对象,已标出,2,三人一致,B-多数裁决
ASGD-2027-2458,8f47eec594067e56,被字句候选,被动/受事凸显构式,affected_result,受影响结果,已标出,2,多数裁决,C-标注者2裁决
ASGD-2027-2458,8f47eec594067e56,被字句候选,被动/受事凸显构式,agent,施事,已标出,2,三人一致,B-多数裁决
ASGD-2027-2458,8f47eec594067e56,被字句候选,被动/受事凸显构式,passive_marker,被动标记,已标出,1,三人一致,B-多数裁决
ASGD-2027-2458,8f47eec594067e56,被字句候选,被动/受事凸显构式,patient_subject,受事主语,已标出,4,多数裁决,C-标注者2裁决
ASGD-2027-2458,8f47eec594067e56,被字句候选,被动/受事凸显构式,predicate,谓词核心,已标出,1,三人一致,B-多数裁决
ASGD-2027-2463,a6111d9cabf0eabf,因为候选,复句关联结构,clause_1,分句1,已标出,7,多数裁决,B-多数裁决
ASGD-2027-2463,a6111d9cabf0eabf,因为候选,复句关联结构,clause_2,分句2,不适用,0,三人一致,B-多数裁决
ASGD-2027-2463,a6111d9cabf0eabf,因为候选,复句关联结构,connective_1,关联标记1,已标出,2,三人一致,B-多数裁决
ASGD-2027-2463,a6111d9cabf0eabf,因为候选,复句关联结构,connective_2,关联标记2,不适用,0,三人一致,B-多数裁决
ASGD-2027-2470,df3df266b0921126,把字句候选,处置/受事重组构式,agent,施事,已标出,3,三人一致,B-多数裁决
ASGD-2027-2470,df3df266b0921126,把字句候选,处置/受事重组构式,marker,处置标记,已标出,1,三人一致,B-多数裁决
ASGD-2027-2470,df3df266b0921126,把字句候选,处置/受事重组构式,patient,受事,已标出,2,三人一致,B-多数裁决
ASGD-2027-2470,df3df266b0921126,把字句候选,处置/受事重组构式,predicate,谓词核心,已标出,1,三人一致,B-多数裁决
ASGD-2027-2470,df3df266b0921126,把字句候选,处置/受事重组构式,result_component,结果/完成性成分,已标出,2,三人一致,C-标注者2裁决
ASGD-2027-2473,adeb009bc4f3196c,处所状语候选,时间/处所功能结构,function_relation,状语功能范围,不适用,10,多数裁决,C-标注者2裁决
ASGD-2027-2473,adeb009bc4f3196c,处所状语候选,时间/处所功能结构,predicate,关联谓词,不适用,1,多数裁决,C-标注者2裁决
ASGD-2027-2473,adeb009bc4f3196c,处所状语候选,时间/处所功能结构,time_or_location_expression,时间/处所表达,已标出,4,三人一致,B-多数裁决
ASGD-2027-2486,e52ff1bbff846ad0,把字句候选,处置/受事重组构式,agent,施事,已标出,1,三人一致,B-多数裁决
ASGD-2027-2486,e52ff1bbff846ad0,把字句候选,处置/受事重组构式,marker,处置标记,已标出,1,三人一致,B-多数裁决
ASGD-2027-2486,e52ff1bbff846ad0,把字句候选,处置/受事重组构式,patient,受事,已标出,5,三人一致,C-标注者2裁决
ASGD-2027-2486,e52ff1bbff846ad0,把字句候选,处置/受事重组构式,predicate,谓词核心,不适用,1,多数裁决,C-标注者2裁决
ASGD-2027-2486,e52ff1bbff846ad0,把字句候选,处置/受事重组构式,result_component,结果/完成性成分,不适用,7,多数裁决,C-标注者2裁决
ASGD-2027-2514,1e93177f41acb9da,处所状语候选,时间/处所功能结构,function_relation,状语功能范围,不适用,0,三人一致,B-多数裁决
ASGD-2027-2514,1e93177f41acb9da,处所状语候选,时间/处所功能结构,predicate,关联谓词,不适用,0,三人一致,B-多数裁决
ASGD-2027-2514,1e93177f41acb9da,处所状语候选,时间/处所功能结构,time_or_location_expression,时间/处所表达,已标出,6,多数裁决,C-标注者2裁决
ASGD-2027-2516,e703d134a1a5fe69,连动结构候选,多谓词/论元结构,object_or_recipient,宾语/接受者,已标出,2,多数裁决,C-标注者2裁决
ASGD-2027-2516,e703d134a1a5fe69,连动结构候选,多谓词/论元结构,predicate_1,第一谓词,已标出,1,三人一致,B-多数裁决
ASGD-2027-2516,e703d134a1a5fe69,连动结构候选,多谓词/论元结构,predicate_2,第二谓词,已标出,1,三人一致,B-多数裁决
ASGD-2027-2516,e703d134a1a5fe69,连动结构候选,多谓词/论元结构,shared_argument,共享论元/兼语,已标出,2,多数裁决,C-标注者2裁决
ASGD-2027-2534,4e98619fecb8d1ac,处所状语候选,时间/处所功能结构,function_relation,状语功能范围,候选错误,2,无多数-标注者2裁决,C-标注者2裁决
ASGD-2027-2534,4e98619fecb8d1ac,处所状语候选,时间/处所功能结构,predicate,关联谓词,候选错误,1,无多数-标注者2裁决,C-标注者2裁决
ASGD-2027-2534,4e98619fecb8d1ac,处所状语候选,时间/处所功能结构,time_or_location_expression,时间/处所表达,已标出,9,多数裁决,C-标注者2裁决
ASGD-2027-2536,e68390849ec27f41,比字比较候选,比较构式,compare_marker,比较标记,候选错误,0,多数裁决,B-多数裁决
ASGD-2027-2536,e68390849ec27f41,比字比较候选,比较构式,compare_subject,比较主体,候选错误,0,多数裁决,B-多数裁决
ASGD-2027-2536,e68390849ec27f41,比字比较候选,比较构式,property,比较属性/谓词,候选错误,0,多数裁决,B-多数裁决
ASGD-2027-2536,e68390849ec27f41,比字比较候选,比较构式,standard,比较基准,候选错误,0,多数裁决,B-多数裁决
ASGD-2027-2548,6f70d44995a5e5f6,即使候选,复句关联结构,clause_1,分句1,已标出,3,多数裁决,C-标注者2裁决
ASGD-2027-2548,6f70d44995a5e5f6,即使候选,复句关联结构,clause_2,分句2,不适用,4,多数裁决,C-标注者2裁决
ASGD-2027-2548,6f70d44995a5e5f6,即使候选,复句关联结构,connective_1,关联标记1,已标出,2,三人一致,B-多数裁决
ASGD-2027-2548,6f70d44995a5e5f6,即使候选,复句关联结构,connective_2,关联标记2,已标出,1,多数裁决,C-标注者2裁决
ASGD-2027-2549,bbbd003bc6edaf71,对字介词框架候选,介词/框架结构,function_scope,作用范围,已标出,8,多数裁决,C-标注者2裁决
ASGD-2027-2549,bbbd003bc6edaf71,对字介词框架候选,介词/框架结构,predicate,关联谓词,已标出,4,多数裁决,C-标注者2裁决
ASGD-2027-2549,bbbd003bc6edaf71,对字介词框架候选,介词/框架结构,prep_marker,介词/框架标记,已标出,1,多数裁决,C-标注者2裁决
ASGD-2027-2549,bbbd003bc6edaf71,对字介词框架候选,介词/框架结构,prep_object,介词宾语/框架对象,已标出,1,三人一致,C-标注者2裁决
ASGD-2027-2579,7106578764524252,越...越候选,比较构式,compare_marker,比较标记,已标出,1,多数裁决,B-多数裁决
ASGD-2027-2579,7106578764524252,越...越候选,比较构式,compare_subject,比较主体,已标出,4,多数裁决,C-标注者2裁决
ASGD-2027-2579,7106578764524252,越...越候选,比较构式,property,比较属性/谓词,已标出,2,多数裁决,C-标注者2裁决
ASGD-2027-2579,7106578764524252,越...越候选,比较构式,standard,比较基准,不适用,1,多数裁决,C-标注者2裁决
ASGD-2027-2580,e02842cc50ee7e84,双宾/给予结构候选,多谓词/论元结构,object_or_recipient,宾语/接受者,候选错误,3,无多数-标注者2裁决,C-标注者2裁决
ASGD-2027-2580,e02842cc50ee7e84,双宾/给予结构候选,多谓词/论元结构,predicate_1,第一谓词,候选错误,1,无多数-标注者2裁决,C-标注者2裁决
ASGD-2027-2580,e02842cc50ee7e84,双宾/给予结构候选,多谓词/论元结构,predicate_2,第二谓词,不适用,0,多数裁决,C-标注者2裁决
ASGD-2027-2580,e02842cc50ee7e84,双宾/给予结构候选,多谓词/论元结构,shared_argument,共享论元/兼语,不适用,0,多数裁决,C-标注者2裁决
ASGD-2027-2598,196374df421c8fb5,没有比较候选,比较构式,compare_marker,比较标记,候选错误,0,多数裁决,B-多数裁决
ASGD-2027-2598,196374df421c8fb5,没有比较候选,比较构式,compare_subject,比较主体,候选错误,0,多数裁决,B-多数裁决
ASGD-2027-2598,196374df421c8fb5,没有比较候选,比较构式,property,比较属性/谓词,候选错误,0,多数裁决,B-多数裁决
ASGD-2027-2598,196374df421c8fb5,没有比较候选,比较构式,standard,比较基准,候选错误,0,多数裁决,B-多数裁决
ASGD-2027-2616,41be5a7e8a0e4da0,所以候选,复句关联结构,clause_1,分句1,已标出,2,多数裁决,B-多数裁决
ASGD-2027-2616,41be5a7e8a0e4da0,所以候选,复句关联结构,clause_2,分句2,不适用,0,三人一致,B-多数裁决
ASGD-2027-2616,41be5a7e8a0e4da0,所以候选,复句关联结构,connective_1,关联标记1,已标出,2,多数裁决,B-多数裁决
ASGD-2027-2616,41be5a7e8a0e4da0,所以候选,复句关联结构,connective_2,关联标记2,不适用,2,多数裁决,C-标注者2裁决
ASGD-2027-2617,a769d44e277b083d,得字补语候选,补语结构,complement,补语成分,已标出,2,多数裁决,C-标注者2裁决
ASGD-2027-2617,a769d44e277b083d,得字补语候选,补语结构,complement_marker,补语标记,已标出,1,三人一致,B-多数裁决
ASGD-2027-2617,a769d44e277b083d,得字补语候选,补语结构,object_or_measure,宾语/数量时量,不适用,2,多数裁决,C-标注者2裁决
ASGD-2027-2617,a769d44e277b083d,得字补语候选,补语结构,predicate,谓词核心,已标出,1,三人一致,B-多数裁决
ASGD-2027-2624,b4f70edcfbbefe23,趋向补语候选,补语结构,complement,补语成分,已标出,2,三人一致,B-多数裁决
ASGD-2027-2624,b4f70edcfbbefe23,趋向补语候选,补语结构,complement_marker,补语标记,不适用,0,三人一致,B-多数裁决
ASGD-2027-2624,b4f70edcfbbefe23,趋向补语候选,补语结构,object_or_measure,宾语/数量时量,不适用,1,多数裁决,C-标注者2裁决
ASGD-2027-2624,b4f70edcfbbefe23,趋向补语候选,补语结构,predicate,谓词核心,已标出,1,多数裁决,B-多数裁决
ASGD-2027-2640,397e40eb51a4b561,趋向补语候选,补语结构,complement,补语成分,已标出,2,三人一致,B-多数裁决
ASGD-2027-2640,397e40eb51a4b561,趋向补语候选,补语结构,complement_marker,补语标记,不适用,0,三人一致,B-多数裁决
ASGD-2027-2640,397e40eb51a4b561,趋向补语候选,补语结构,object_or_measure,宾语/数量时量,不适用,1,多数裁决,C-标注者2裁决
ASGD-2027-2640,397e40eb51a4b561,趋向补语候选,补语结构,predicate,谓词核心,已标出,1,多数裁决,B-多数裁决
ASGD-2027-2643,d13d223801f80a0b,没有比较候选,比较构式,compare_marker,比较标记,候选错误,0,多数裁决,B-多数裁决
ASGD-2027-2643,d13d223801f80a0b,没有比较候选,比较构式,compare_subject,比较主体,候选错误,0,多数裁决,B-多数裁决
ASGD-2027-2643,d13d223801f80a0b,没有比较候选,比较构式,property,比较属性/谓词,候选错误,0,多数裁决,B-多数裁决
ASGD-2027-2643,d13d223801f80a0b,没有比较候选,比较构式,standard,比较基准,候选错误,0,多数裁决,B-多数裁决
ASGD-2027-2666,7c42cf85fdb0725f,趋向补语候选,补语结构,complement,补语成分,已标出,2,三人一致,B-多数裁决
ASGD-2027-2666,7c42cf85fdb0725f,趋向补语候选,补语结构,complement_marker,补语标记,不适用,0,三人一致,B-多数裁决
ASGD-2027-2666,7c42cf85fdb0725f,趋向补语候选,补语结构,object_or_measure,宾语/数量时量,不适用,1,多数裁决,C-标注者2裁决
ASGD-2027-2666,7c42cf85fdb0725f,趋向补语候选,补语结构,predicate,谓词核心,已标出,1,多数裁决,B-多数裁决
ASGD-2027-2675,09b6480bbb7d6daa,没有比较候选,比较构式,compare_marker,比较标记,候选错误,0,多数裁决,B-多数裁决
ASGD-2027-2675,09b6480bbb7d6daa,没有比较候选,比较构式,compare_subject,比较主体,候选错误,0,多数裁决,B-多数裁决
ASGD-2027-2675,09b6480bbb7d6daa,没有比较候选,比较构式,property,比较属性/谓词,候选错误,0,多数裁决,B-多数裁决
ASGD-2027-2675,09b6480bbb7d6daa,没有比较候选,比较构式,standard,比较基准,候选错误,0,多数裁决,B-多数裁决
ASGD-2027-2678,cb00ea45eab4818a,在字介词框架候选,介词/框架结构,function_scope,作用范围,不适用,4,多数裁决,C-标注者2裁决
ASGD-2027-2678,cb00ea45eab4818a,在字介词框架候选,介词/框架结构,predicate,关联谓词,不适用,0,三人一致,B-多数裁决
ASGD-2027-2678,cb00ea45eab4818a,在字介词框架候选,介词/框架结构,prep_marker,介词/框架标记,已标出,1,三人一致,B-多数裁决
ASGD-2027-2678,cb00ea45eab4818a,在字介词框架候选,介词/框架结构,prep_object,介词宾语/框架对象,已标出,3,三人一致,B-多数裁决
ASGD-2027-2689,5ae9138751b93f06,连动结构候选,多谓词/论元结构,object_or_recipient,宾语/接受者,已标出,2,多数裁决,C-标注者2裁决
ASGD-2027-2689,5ae9138751b93f06,连动结构候选,多谓词/论元结构,predicate_1,第一谓词,已标出,1,三人一致,B-多数裁决
ASGD-2027-2689,5ae9138751b93f06,连动结构候选,多谓词/论元结构,predicate_2,第二谓词,已标出,1,三人一致,B-多数裁决
ASGD-2027-2689,5ae9138751b93f06,连动结构候选,多谓词/论元结构,shared_argument,共享论元/兼语,不适用,3,多数裁决,C-标注者2裁决
ASGD-2027-2705,3a1d595c2d45f722,得字补语候选,补语结构,complement,补语成分,已标出,4,多数裁决,C-标注者2裁决
ASGD-2027-2705,3a1d595c2d45f722,得字补语候选,补语结构,complement_marker,补语标记,已标出,1,多数裁决,C-标注者2裁决
ASGD-2027-2705,3a1d595c2d45f722,得字补语候选,补语结构,object_or_measure,宾语/数量时量,不适用,0,多数裁决,C-标注者2裁决
ASGD-2027-2705,3a1d595c2d45f722,得字补语候选,补语结构,predicate,谓词核心,已标出,1,多数裁决,C-标注者2裁决
ASGD-2027-2708,a2bb7dc65ffa2334,数量/时量补语候选,补语结构,complement,补语成分,不适用,2,多数裁决,C-标注者2裁决
ASGD-2027-2708,a2bb7dc65ffa2334,数量/时量补语候选,补语结构,complement_marker,补语标记,不适用,2,多数裁决,C-标注者2裁决
ASGD-2027-2708,a2bb7dc65ffa2334,数量/时量补语候选,补语结构,object_or_measure,宾语/数量时量,不适用,2,多数裁决,C-标注者2裁决
ASGD-2027-2708,a2bb7dc65ffa2334,数量/时量补语候选,补语结构,predicate,谓词核心,已标出,2,多数裁决,C-标注者2裁决
ASGD-2027-2716,7a40a6a9a3598f97,被字句候选,被动/受事凸显构式,affected_result,受影响结果,已标出,4,多数裁决,C-标注者2裁决
ASGD-2027-2716,7a40a6a9a3598f97,被字句候选,被动/受事凸显构式,agent,施事,已标出,2,三人一致,B-多数裁决
ASGD-2027-2716,7a40a6a9a3598f97,被字句候选,被动/受事凸显构式,passive_marker,被动标记,已标出,1,三人一致,B-多数裁决
ASGD-2027-2716,7a40a6a9a3598f97,被字句候选,被动/受事凸显构式,patient_subject,受事主语,已标出,7,三人一致,B-多数裁决
ASGD-2027-2716,7a40a6a9a3598f97,被字句候选,被动/受事凸显构式,predicate,谓词核心,已标出,1,三人一致,B-多数裁决
ASGD-2027-2717,646e1ce96ae26d78,双宾/给予结构候选,多谓词/论元结构,object_or_recipient,宾语/接受者,已标出,5,三人一致,C-标注者2裁决
ASGD-2027-2717,646e1ce96ae26d78,双宾/给予结构候选,多谓词/论元结构,predicate_1,第一谓词,已标出,1,三人一致,B-多数裁决
ASGD-2027-2717,646e1ce96ae26d78,双宾/给予结构候选,多谓词/论元结构,predicate_2,第二谓词,不适用,1,多数裁决,C-标注者2裁决
ASGD-2027-2717,646e1ce96ae26d78,双宾/给予结构候选,多谓词/论元结构,shared_argument,共享论元/兼语,不适用,1,多数裁决,C-标注者2裁决
ASGD-2027-2734,b5b71070d9fbfc73,数量/时量补语候选,补语结构,complement,补语成分,候选错误,2,无多数-标注者2裁决,C-标注者2裁决
ASGD-2027-2734,b5b71070d9fbfc73,数量/时量补语候选,补语结构,complement_marker,补语标记,不适用,0,多数裁决,C-标注者2裁决
ASGD-2027-2734,b5b71070d9fbfc73,数量/时量补语候选,补语结构,object_or_measure,宾语/数量时量,候选错误,2,无多数-标注者2裁决,C-标注者2裁决
ASGD-2027-2734,b5b71070d9fbfc73,数量/时量补语候选,补语结构,predicate,谓词核心,候选错误,1,无多数-标注者2裁决,C-标注者2裁决
ASGD-2027-2777,1883cbf2c1ae02df,在字介词框架候选,介词/框架结构,function_scope,作用范围,不适用,1,多数裁决,C-标注者2裁决
ASGD-2027-2777,1883cbf2c1ae02df,在字介词框架候选,介词/框架结构,predicate,关联谓词,不适用,1,多数裁决,C-标注者2裁决
ASGD-2027-2777,1883cbf2c1ae02df,在字介词框架候选,介词/框架结构,prep_marker,介词/框架标记,已标出,1,三人一致,B-多数裁决
ASGD-2027-2777,1883cbf2c1ae02df,在字介词框架候选,介词/框架结构,prep_object,介词宾语/框架对象,已标出,2,三人一致,C-标注者2裁决
ASGD-2027-2783,a2abb3413118b5db,被字句候选,被动/受事凸显构式,affected_result,受影响结果,候选错误,1,多数裁决,C-标注者2裁决
ASGD-2027-2783,a2abb3413118b5db,被字句候选,被动/受事凸显构式,agent,施事,候选错误,8,多数裁决,C-标注者2裁决
ASGD-2027-2783,a2abb3413118b5db,被字句候选,被动/受事凸显构式,passive_marker,被动标记,候选错误,1,多数裁决,C-标注者2裁决
ASGD-2027-2783,a2abb3413118b5db,被字句候选,被动/受事凸显构式,patient_subject,受事主语,候选错误,0,多数裁决,B-多数裁决
ASGD-2027-2783,a2abb3413118b5db,被字句候选,被动/受事凸显构式,predicate,谓词核心,候选错误,1,多数裁决,C-标注者2裁决
ASGD-2027-2789,309e8a61f1bcd0a9,被字句候选,被动/受事凸显构式,affected_result,受影响结果,不适用,2,多数裁决,C-标注者2裁决
ASGD-2027-2789,309e8a61f1bcd0a9,被字句候选,被动/受事凸显构式,agent,施事,句中省略,2,多数裁决,C-标注者2裁决
ASGD-2027-2789,309e8a61f1bcd0a9,被字句候选,被动/受事凸显构式,passive_marker,被动标记,已标出,1,三人一致,B-多数裁决
ASGD-2027-2789,309e8a61f1bcd0a9,被字句候选,被动/受事凸显构式,patient_subject,受事主语,已标出,10,三人一致,B-多数裁决
ASGD-2027-2789,309e8a61f1bcd0a9,被字句候选,被动/受事凸显构式,predicate,谓词核心,已标出,2,多数裁决,C-标注者2裁决
ASGD-2027-2795,29d25c4c22a957ce,被字句候选,被动/受事凸显构式,affected_result,受影响结果,已标出,2,多数裁决,C-标注者2裁决
ASGD-2027-2795,29d25c4c22a957ce,被字句候选,被动/受事凸显构式,agent,施事,已标出,2,多数裁决,C-标注者2裁决
ASGD-2027-2795,29d25c4c22a957ce,被字句候选,被动/受事凸显构式,passive_marker,被动标记,已标出,1,三人一致,B-多数裁决
ASGD-2027-2795,29d25c4c22a957ce,被字句候选,被动/受事凸显构式,patient_subject,受事主语,已标出,7,三人一致,B-多数裁决
ASGD-2027-2795,29d25c4c22a957ce,被字句候选,被动/受事凸显构式,predicate,谓词核心,不适用,2,多数裁决,C-标注者2裁决
ASGD-2027-2808,242854ae26e3ed19,被字句候选,被动/受事凸显构式,affected_result,受影响结果,已标出,1,三人一致,B-多数裁决
ASGD-2027-2808,242854ae26e3ed19,被字句候选,被动/受事凸显构式,agent,施事,已标出,2,三人一致,B-多数裁决
ASGD-2027-2808,242854ae26e3ed19,被字句候选,被动/受事凸显构式,passive_marker,被动标记,已标出,1,三人一致,B-多数裁决
ASGD-2027-2808,242854ae26e3ed19,被字句候选,被动/受事凸显构式,patient_subject,受事主语,已标出,4,三人一致,B-多数裁决
ASGD-2027-2808,242854ae26e3ed19,被字句候选,被动/受事凸显构式,predicate,谓词核心,已标出,1,三人一致,B-多数裁决
ASGD-2027-2814,92d33b421dd42324,时间状语候选,时间/处所功能结构,function_relation,状语功能范围,已标出,2,无多数-标注者2裁决,C-标注者2裁决
ASGD-2027-2814,92d33b421dd42324,时间状语候选,时间/处所功能结构,predicate,关联谓词,已标出,3,无多数-标注者2裁决,C-标注者2裁决
ASGD-2027-2814,92d33b421dd42324,时间状语候选,时间/处所功能结构,time_or_location_expression,时间/处所表达,已标出,4,多数裁决,C-标注者2裁决
ASGD-2027-2832,9e258fad752fc5d8,时间状语候选,时间/处所功能结构,function_relation,状语功能范围,已标出,2,多数裁决,C-标注者2裁决
ASGD-2027-2832,9e258fad752fc5d8,时间状语候选,时间/处所功能结构,predicate,关联谓词,已标出,1,多数裁决,B-多数裁决
ASGD-2027-2832,9e258fad752fc5d8,时间状语候选,时间/处所功能结构,time_or_location_expression,时间/处所表达,已标出,2,三人一致,B-多数裁决
ASGD-2027-2840,2656664b940e5e62,没有比较候选,比较构式,compare_marker,比较标记,候选错误,0,多数裁决,B-多数裁决
ASGD-2027-2840,2656664b940e5e62,没有比较候选,比较构式,compare_subject,比较主体,候选错误,0,多数裁决,B-多数裁决
ASGD-2027-2840,2656664b940e5e62,没有比较候选,比较构式,property,比较属性/谓词,候选错误,0,多数裁决,B-多数裁决
ASGD-2027-2840,2656664b940e5e62,没有比较候选,比较构式,standard,比较基准,候选错误,0,多数裁决,B-多数裁决
ASGD-2027-2845,380089c2f0feea17,因为候选,复句关联结构,clause_1,分句1,已标出,5,多数裁决,C-标注者2裁决
ASGD-2027-2845,380089c2f0feea17,因为候选,复句关联结构,clause_2,分句2,不适用,10,多数裁决,C-标注者2裁决
ASGD-2027-2845,380089c2f0feea17,因为候选,复句关联结构,connective_1,关联标记1,已标出,2,三人一致,B-多数裁决
ASGD-2027-2845,380089c2f0feea17,因为候选,复句关联结构,connective_2,关联标记2,不适用,0,多数裁决,C-标注者2裁决
ASGD-2027-2853,ff526cdd9e10b67f,被字句候选,被动/受事凸显构式,affected_result,受影响结果,已标出,2,多数裁决,C-标注者2裁决
ASGD-2027-2853,ff526cdd9e10b67f,被字句候选,被动/受事凸显构式,agent,施事,已标出,2,三人一致,B-多数裁决
ASGD-2027-2853,ff526cdd9e10b67f,被字句候选,被动/受事凸显构式,passive_marker,被动标记,已标出,1,三人一致,B-多数裁决
ASGD-2027-2853,ff526cdd9e10b67f,被字句候选,被动/受事凸显构式,patient_subject,受事主语,已标出,10,多数裁决,C-标注者2裁决
ASGD-2027-2853,ff526cdd9e10b67f,被字句候选,被动/受事凸显构式,predicate,谓词核心,已标出,1,三人一致,B-多数裁决
ASGD-2027-2854,cfba7f0d2ec1d4cd,得字补语候选,补语结构,complement,补语成分,候选错误,3,无多数-标注者2裁决,C-标注者2裁决
ASGD-2027-2854,cfba7f0d2ec1d4cd,得字补语候选,补语结构,complement_marker,补语标记,候选错误,1,无多数-标注者2裁决,C-标注者2裁决
ASGD-2027-2854,cfba7f0d2ec1d4cd,得字补语候选,补语结构,object_or_measure,宾语/数量时量,不适用,0,多数裁决,C-标注者2裁决
ASGD-2027-2854,cfba7f0d2ec1d4cd,得字补语候选,补语结构,predicate,谓词核心,候选错误,1,无多数-标注者2裁决,C-标注者2裁决
ASGD-2027-2860,efbe9a63bdabe3a9,即使候选,复句关联结构,clause_1,分句1,已标出,2,多数裁决,C-标注者2裁决
ASGD-2027-2860,efbe9a63bdabe3a9,即使候选,复句关联结构,clause_2,分句2,不适用,5,多数裁决,C-标注者2裁决
ASGD-2027-2860,efbe9a63bdabe3a9,即使候选,复句关联结构,connective_1,关联标记1,已标出,2,三人一致,B-多数裁决
ASGD-2027-2860,efbe9a63bdabe3a9,即使候选,复句关联结构,connective_2,关联标记2,已标出,1,多数裁决,C-标注者2裁决
ASGD-2027-2891,519dbf7f92a70744,被字句候选,被动/受事凸显构式,affected_result,受影响结果,不适用,2,多数裁决,C-标注者2裁决
ASGD-2027-2891,519dbf7f92a70744,被字句候选,被动/受事凸显构式,agent,施事,句中省略,4,多数裁决,C-标注者2裁决
ASGD-2027-2891,519dbf7f92a70744,被字句候选,被动/受事凸显构式,passive_marker,被动标记,已标出,1,三人一致,B-多数裁决
ASGD-2027-2891,519dbf7f92a70744,被字句候选,被动/受事凸显构式,patient_subject,受事主语,已标出,3,三人一致,B-多数裁决
ASGD-2027-2891,519dbf7f92a70744,被字句候选,被动/受事凸显构式,predicate,谓词核心,已标出,2,多数裁决,C-标注者2裁决
ASGD-2027-2903,398bd46a6f624f31,比字比较候选,比较构式,compare_marker,比较标记,已标出,1,三人一致,B-多数裁决
ASGD-2027-2903,398bd46a6f624f31,比字比较候选,比较构式,compare_subject,比较主体,已标出,3,三人一致,B-多数裁决
ASGD-2027-2903,398bd46a6f624f31,比字比较候选,比较构式,property,比较属性/谓词,已标出,4,三人一致,B-多数裁决
ASGD-2027-2903,398bd46a6f624f31,比字比较候选,比较构式,standard,比较基准,已标出,1,三人一致,B-多数裁决
ASGD-2027-2909,aa9500bf3e131fc2,连动结构候选,多谓词/论元结构,object_or_recipient,宾语/接受者,已标出,2,多数裁决,C-标注者2裁决
ASGD-2027-2909,aa9500bf3e131fc2,连动结构候选,多谓词/论元结构,predicate_1,第一谓词,已标出,1,三人一致,B-多数裁决
ASGD-2027-2909,aa9500bf3e131fc2,连动结构候选,多谓词/论元结构,predicate_2,第二谓词,已标出,1,多数裁决,C-标注者2裁决
ASGD-2027-2909,aa9500bf3e131fc2,连动结构候选,多谓词/论元结构,shared_argument,共享论元/兼语,已标出,2,多数裁决,C-标注者2裁决
ASGD-2027-2910,f9ee913947c15eea,趋向补语候选,补语结构,complement,补语成分,已标出,2,三人一致,B-多数裁决
ASGD-2027-2910,f9ee913947c15eea,趋向补语候选,补语结构,complement_marker,补语标记,不适用,0,三人一致,B-多数裁决
ASGD-2027-2910,f9ee913947c15eea,趋向补语候选,补语结构,object_or_measure,宾语/数量时量,不适用,1,多数裁决,C-标注者2裁决
ASGD-2027-2910,f9ee913947c15eea,趋向补语候选,补语结构,predicate,谓词核心,已标出,2,多数裁决,C-标注者2裁决
ASGD-2027-2914,dfa7304f7b7707b5,把字句候选,处置/受事重组构式,agent,施事,句中省略,0,三人一致,B-多数裁决
ASGD-2027-2914,dfa7304f7b7707b5,把字句候选,处置/受事重组构式,marker,处置标记,已标出,1,三人一致,B-多数裁决
ASGD-2027-2914,dfa7304f7b7707b5,把字句候选,处置/受事重组构式,patient,受事,已标出,2,三人一致,B-多数裁决
ASGD-2027-2914,dfa7304f7b7707b5,把字句候选,处置/受事重组构式,predicate,谓词核心,已标出,2,三人一致,B-多数裁决
ASGD-2027-2914,dfa7304f7b7707b5,把字句候选,处置/受事重组构式,result_component,结果/完成性成分,已标出,1,多数裁决,C-标注者2裁决
ASGD-2027-2932,c4dbb27b9e9ccd17,没有比较候选,比较构式,compare_marker,比较标记,候选错误,0,多数裁决,B-多数裁决
ASGD-2027-2932,c4dbb27b9e9ccd17,没有比较候选,比较构式,compare_subject,比较主体,候选错误,0,多数裁决,B-多数裁决
ASGD-2027-2932,c4dbb27b9e9ccd17,没有比较候选,比较构式,property,比较属性/谓词,候选错误,0,多数裁决,B-多数裁决
ASGD-2027-2932,c4dbb27b9e9ccd17,没有比较候选,比较构式,standard,比较基准,候选错误,0,多数裁决,B-多数裁决
ASGD-2027-2936,ed558f71afc3f904,数量/时量补语候选,补语结构,complement,补语成分,候选错误,2,无多数-标注者2裁决,C-标注者2裁决
ASGD-2027-2936,ed558f71afc3f904,数量/时量补语候选,补语结构,complement_marker,补语标记,不适用,0,多数裁决,C-标注者2裁决
ASGD-2027-2936,ed558f71afc3f904,数量/时量补语候选,补语结构,object_or_measure,宾语/数量时量,候选错误,2,无多数-标注者2裁决,C-标注者2裁决
ASGD-2027-2936,ed558f71afc3f904,数量/时量补语候选,补语结构,predicate,谓词核心,候选错误,1,无多数-标注者2裁决,C-标注者2裁决
ASGD-2027-2941,6cd182f5988ae317,把字句候选,处置/受事重组构式,agent,施事,已标出,1,多数裁决,C-标注者2裁决
ASGD-2027-2941,6cd182f5988ae317,把字句候选,处置/受事重组构式,marker,处置标记,已标出,1,三人一致,B-多数裁决
ASGD-2027-2941,6cd182f5988ae317,把字句候选,处置/受事重组构式,patient,受事,已标出,3,三人一致,B-多数裁决
ASGD-2027-2941,6cd182f5988ae317,把字句候选,处置/受事重组构式,predicate,谓词核心,已标出,1,多数裁决,B-多数裁决
ASGD-2027-2941,6cd182f5988ae317,把字句候选,处置/受事重组构式,result_component,结果/完成性成分,已标出,2,三人一致,B-多数裁决
ASGD-2027-2956,680adb1b262e7b7c,在字介词框架候选,介词/框架结构,function_scope,作用范围,候选错误,3,无多数-标注者2裁决,C-标注者2裁决
ASGD-2027-2956,680adb1b262e7b7c,在字介词框架候选,介词/框架结构,predicate,关联谓词,不适用,0,多数裁决,C-标注者2裁决
ASGD-2027-2956,680adb1b262e7b7c,在字介词框架候选,介词/框架结构,prep_marker,介词/框架标记,已标出,1,多数裁决,C-标注者2裁决
ASGD-2027-2956,680adb1b262e7b7c,在字介词框架候选,介词/框架结构,prep_object,介词宾语/框架对象,已标出,2,多数裁决,C-标注者2裁决
ASGD-2027-2964,5cc5b69ddcbd8d35,时间状语候选,时间/处所功能结构,function_relation,状语功能范围,不适用,3,多数裁决,C-标注者2裁决
ASGD-2027-2964,5cc5b69ddcbd8d35,时间状语候选,时间/处所功能结构,predicate,关联谓词,已标出,2,多数裁决,B-多数裁决
ASGD-2027-2964,5cc5b69ddcbd8d35,时间状语候选,时间/处所功能结构,time_or_location_expression,时间/处所表达,已标出,2,三人一致,B-多数裁决
ASGD-2027-2965,d35ea0686560c73f,时间状语候选,时间/处所功能结构,function_relation,状语功能范围,已标出,6,多数裁决,C-标注者2裁决
ASGD-2027-2965,d35ea0686560c73f,时间状语候选,时间/处所功能结构,predicate,关联谓词,已标出,2,多数裁决,C-标注者2裁决
ASGD-2027-2965,d35ea0686560c73f,时间状语候选,时间/处所功能结构,time_or_location_expression,时间/处所表达,已标出,2,三人一致,B-多数裁决
ASGD-2027-2979,d37d6e01b68998f9,但是候选,复句关联结构,clause_1,分句1,已标出,3,多数裁决,B-多数裁决
ASGD-2027-2979,d37d6e01b68998f9,但是候选,复句关联结构,clause_2,分句2,不适用,0,三人一致,B-多数裁决
ASGD-2027-2979,d37d6e01b68998f9,但是候选,复句关联结构,connective_1,关联标记1,已标出,2,三人一致,B-多数裁决
ASGD-2027-2979,d37d6e01b68998f9,但是候选,复句关联结构,connective_2,关联标记2,不适用,2,多数裁决,C-标注者2裁决
ASGD-2027-2989,c4e90a68f68f0b94,得字补语候选,补语结构,complement,补语成分,已标出,3,三人一致,B-多数裁决
ASGD-2027-2989,c4e90a68f68f0b94,得字补语候选,补语结构,complement_marker,补语标记,已标出,1,三人一致,B-多数裁决
ASGD-2027-2989,c4e90a68f68f0b94,得字补语候选,补语结构,object_or_measure,宾语/数量时量,不适用,0,三人一致,B-多数裁决
ASGD-2027-2989,c4e90a68f68f0b94,得字补语候选,补语结构,predicate,谓词核心,已标出,1,三人一致,B-多数裁决
