seed,编号,sentence_group,语法家族,候选语法点,gold,prediction,correct,confidence,kg_strong_reject,kg_rule_trace
13,ASGD-2027-0001,1d843378b32117d3,处置/受事重组构式,把字句候选,是目标语法点,是目标语法点,1,0.998095691204071,0,candidate:把字句候选;family:处置/受事重组构式;rule:KG-RULE-V02-0001;rule:KG-RULE-V02-0002;rule:KG-RULE-V02-0003;source:REF-GF0025-2021;source:REF-GRAMMAR-MANUAL-ELEM;source:REF-GRAMMAR-MANUAL-INTER;source:REF-LIU-PRACTICAL-GRAMMAR;source:REF-LU-TCSL-GRAMMAR
13,ASGD-2027-0011,777de6af508b7505,介词/框架结构,从字介词框架候选,是目标语法点,是目标语法点,1,0.9980677962303162,0,candidate:从字介词框架候选;family:介词/框架结构;rule:KG-RULE-V02-0109;rule:KG-RULE-V02-0110;source:REF-GF0025-2021;source:REF-GRAMMAR-MANUAL-ADV;source:REF-GRAMMAR-MANUAL-ELEM;source:REF-GRAMMAR-MANUAL-INTER;source:REF-HUANG-LIAO-MODERN-CHINESE;source:REF-LU-TCSL-GRAMMAR
13,ASGD-2027-0018,c5085c4dc44faa9a,时间/处所功能结构,时间状语候选,是目标语法点,是目标语法点,1,0.9981479644775391,0,candidate:时间状语候选;family:时间/处所功能结构;rule:KG-RULE-V02-0030;rule:KG-RULE-V02-0031;rule:KG-RULE-V02-0032;source:REF-GF0025-2021;source:REF-GRAMMAR-MANUAL-ADV;source:REF-GRAMMAR-MANUAL-ELEM;source:REF-GRAMMAR-MANUAL-INTER;source:REF-HUANG-LIAO-MODERN-CHINESE
13,ASGD-2027-0019,0bc1ebd14b4daef2,处置/受事重组构式,把字句候选,是目标语法点,是目标语法点,1,0.9981957077980042,0,candidate:把字句候选;family:处置/受事重组构式;rule:KG-RULE-V02-0001;rule:KG-RULE-V02-0002;rule:KG-RULE-V02-0003;source:REF-GF0025-2021;source:REF-GRAMMAR-MANUAL-ELEM;source:REF-GRAMMAR-MANUAL-INTER;source:REF-LIU-PRACTICAL-GRAMMAR;source:REF-LU-TCSL-GRAMMAR
13,ASGD-2027-0022,46214bd0775edb6e,补语结构,结果补语候选,是目标语法点,是目标语法点,1,0.9976271986961365,0,candidate:结果补语候选;family:补语结构
13,ASGD-2027-0029,d8433e15a60a8a02,复句关联结构,一边...一边候选,是目标语法点,是目标语法点,1,0.9980401396751404,0,candidate:一边...一边候选;family:复句关联结构
13,ASGD-2027-0030,57143b13209b06cb,时间/处所功能结构,时间状语候选,是目标语法点,是目标语法点,1,0.9980648159980774,0,candidate:时间状语候选;family:时间/处所功能结构;rule:KG-RULE-V02-0033;source:REF-GF0025-2021;source:REF-GRAMMAR-MANUAL-ADV;source:REF-GRAMMAR-MANUAL-ELEM;source:REF-GRAMMAR-MANUAL-INTER;source:REF-HUANG-LIAO-MODERN-CHINESE
13,ASGD-2027-0031,e4e5130ea96d7b5e,处置/受事重组构式,把字句候选,是目标语法点,是目标语法点,1,0.9981406927108765,0,candidate:把字句候选;family:处置/受事重组构式;rule:KG-RULE-V02-0001;rule:KG-RULE-V02-0002;rule:KG-RULE-V02-0003;source:REF-GF0025-2021;source:REF-GRAMMAR-MANUAL-ELEM;source:REF-GRAMMAR-MANUAL-INTER;source:REF-LIU-PRACTICAL-GRAMMAR;source:REF-LU-TCSL-GRAMMAR
13,ASGD-2027-0036,1691570364646b2a,补语结构,可能补语候选,是目标语法点,是目标语法点,1,0.9979745745658875,0,candidate:可能补语候选;family:补语结构
13,ASGD-2027-0042,db39854b298b007b,补语结构,数量/时量补语候选,是目标语法点,是目标语法点,1,0.9976916313171387,0,candidate:数量/时量补语候选;family:补语结构
13,ASGD-2027-0048,e66d75c39be5e6cb,介词/框架结构,向/往/朝介词框架候选,是目标语法点,是目标语法点,1,0.9979678988456726,0,candidate:向/往/朝介词框架候选;family:介词/框架结构;rule:KG-RULE-V02-0125;rule:KG-RULE-V02-0126;rule:KG-RULE-V02-0127;source:REF-GF0025-2021;source:REF-GRAMMAR-MANUAL-ADV;source:REF-GRAMMAR-MANUAL-ELEM;source:REF-GRAMMAR-MANUAL-INTER;source:REF-HUANG-LIAO-MODERN-CHINESE;source:REF-LU-TCSL-GRAMMAR
13,ASGD-2027-0049,2059983ceac761ad,时间/处所功能结构,时间状语候选,是目标语法点,是目标语法点,1,0.9980633854866028,0,candidate:时间状语候选;family:时间/处所功能结构;rule:KG-RULE-V02-0030;rule:KG-RULE-V02-0031;rule:KG-RULE-V02-0032;source:REF-GF0025-2021;source:REF-GRAMMAR-MANUAL-ADV;source:REF-GRAMMAR-MANUAL-ELEM;source:REF-GRAMMAR-MANUAL-INTER;source:REF-HUANG-LIAO-MODERN-CHINESE
13,ASGD-2027-0065,dcecf9cca363132a,复句关联结构,只要候选,是目标语法点,是目标语法点,1,0.9982025623321533,0,candidate:只要候选;family:复句关联结构
13,ASGD-2027-0067,2288ac5cee71a412,处置/受事重组构式,把字句候选,是目标语法点,是目标语法点,1,0.9981451034545898,0,candidate:把字句候选;family:处置/受事重组构式;rule:KG-RULE-V02-0001;rule:KG-RULE-V02-0002;rule:KG-RULE-V02-0003;source:REF-GF0025-2021;source:REF-GRAMMAR-MANUAL-ELEM;source:REF-GRAMMAR-MANUAL-INTER;source:REF-LIU-PRACTICAL-GRAMMAR;source:REF-LU-TCSL-GRAMMAR
13,ASGD-2027-0075,a0de6b12b30730b1,时间/处所功能结构,时间状语候选,是目标语法点,是目标语法点,1,0.9976872205734253,0,candidate:时间状语候选;family:时间/处所功能结构;rule:KG-RULE-V02-0033;source:REF-GF0025-2021;source:REF-GRAMMAR-MANUAL-ADV;source:REF-GRAMMAR-MANUAL-ELEM;source:REF-GRAMMAR-MANUAL-INTER;source:REF-HUANG-LIAO-MODERN-CHINESE
13,ASGD-2027-0085,7922f4d7405ba6de,介词/框架结构,在字介词框架候选,是目标语法点,是目标语法点,1,0.9981853365898132,0,candidate:在字介词框架候选;family:介词/框架结构;rule:KG-RULE-V02-0099;rule:KG-RULE-V02-0100;rule:KG-RULE-V02-0101;source:REF-GF0025-2021;source:REF-GRAMMAR-MANUAL-ADV;source:REF-GRAMMAR-MANUAL-ELEM;source:REF-GRAMMAR-MANUAL-INTER;source:REF-HUANG-LIAO-MODERN-CHINESE;source:REF-LU-TCSL-GRAMMAR
13,ASGD-2027-0087,0bc1ebd14b4daef2,补语结构,趋向补语候选,是目标语法点,是目标语法点,1,0.9978681802749634,0,candidate:趋向补语候选;family:补语结构
13,ASGD-2027-0094,c846014ae37e9773,多谓词/论元结构,双宾/给予结构候选,是目标语法点,是目标语法点,1,0.9981833100318909,0,candidate:双宾/给予结构候选;family:多谓词/论元结构
13,ASGD-2027-0099,8ae5967d38c8ccdc,时间/处所功能结构,时间状语候选,是目标语法点,是目标语法点,1,0.9980881810188293,0,candidate:时间状语候选;family:时间/处所功能结构;rule:KG-RULE-V02-0030;rule:KG-RULE-V02-0031;rule:KG-RULE-V02-0032;source:REF-GF0025-2021;source:REF-GRAMMAR-MANUAL-ADV;source:REF-GRAMMAR-MANUAL-ELEM;source:REF-GRAMMAR-MANUAL-INTER;source:REF-HUANG-LIAO-MODERN-CHINESE
13,ASGD-2027-0105,eb5f271ec13aaea4,补语结构,数量/时量补语候选,是目标语法点,是目标语法点,1,0.9981057643890381,0,candidate:数量/时量补语候选;family:补语结构
13,ASGD-2027-0107,7bf39bbc6d2b9fc4,处置/受事重组构式,把字句候选,是目标语法点,是目标语法点,1,0.9981300234794617,0,candidate:把字句候选;family:处置/受事重组构式;rule:KG-RULE-V02-0001;rule:KG-RULE-V02-0002;rule:KG-RULE-V02-0003;source:REF-GF0025-2021;source:REF-GRAMMAR-MANUAL-ELEM;source:REF-GRAMMAR-MANUAL-INTER;source:REF-LIU-PRACTICAL-GRAMMAR;source:REF-LU-TCSL-GRAMMAR
13,ASGD-2027-0110,94e001a70ddfc03b,时间/处所功能结构,处所状语候选,是目标语法点,是目标语法点,1,0.9969214797019958,0,candidate:处所状语候选;family:时间/处所功能结构;rule:KG-RULE-V02-0039;rule:KG-RULE-V02-0040;rule:KG-RULE-V02-0041;source:REF-GF0025-2021;source:REF-GRAMMAR-MANUAL-ELEM;source:REF-GRAMMAR-MANUAL-INTER;source:REF-HUANG-LIAO-MODERN-CHINESE
13,ASGD-2027-0111,37b7a37fadc75b72,补语结构,趋向补语候选,是目标语法点,是目标语法点,1,0.9980162382125854,0,candidate:趋向补语候选;family:补语结构
13,ASGD-2027-0116,b109faacf989da1a,时间/处所功能结构,处所状语候选,不是目标语法点,是目标语法点,0,0.5267462134361267,0,candidate:处所状语候选;family:时间/处所功能结构;rule:KG-RULE-V02-0042;source:REF-GF0025-2021;source:REF-GRAMMAR-MANUAL-ELEM;source:REF-GRAMMAR-MANUAL-INTER;source:REF-HUANG-LIAO-MODERN-CHINESE
13,ASGD-2027-0118,3aa44fb5355ea743,处置/受事重组构式,把字句候选,是目标语法点,是目标语法点,1,0.9980764389038086,0,candidate:把字句候选;family:处置/受事重组构式;rule:KG-RULE-V02-0001;rule:KG-RULE-V02-0002;rule:KG-RULE-V02-0003;source:REF-GF0025-2021;source:REF-GRAMMAR-MANUAL-ELEM;source:REF-GRAMMAR-MANUAL-INTER;source:REF-LIU-PRACTICAL-GRAMMAR;source:REF-LU-TCSL-GRAMMAR
13,ASGD-2027-0120,1f20da28d78687a1,复句关联结构,即使候选,是目标语法点,是目标语法点,1,0.9971137046813965,0,candidate:即使候选;family:复句关联结构
13,ASGD-2027-0124,b021a8c0c5196192,补语结构,数量/时量补语候选,是目标语法点,是目标语法点,1,0.9980981945991516,0,candidate:数量/时量补语候选;family:补语结构
13,ASGD-2027-0132,4e98619fecb8d1ac,介词/框架结构,从字介词框架候选,是目标语法点,是目标语法点,1,0.9982536435127258,0,candidate:从字介词框架候选;family:介词/框架结构;rule:KG-RULE-V02-0109;rule:KG-RULE-V02-0110;source:REF-GF0025-2021;source:REF-GRAMMAR-MANUAL-ADV;source:REF-GRAMMAR-MANUAL-ELEM;source:REF-GRAMMAR-MANUAL-INTER;source:REF-HUANG-LIAO-MODERN-CHINESE;source:REF-LU-TCSL-GRAMMAR
13,ASGD-2027-0147,8a18eb4dc2d0b01d,复句关联结构,所以候选,是目标语法点,是目标语法点,1,0.9976611137390137,0,candidate:所以候选;family:复句关联结构
13,ASGD-2027-0151,d693965c1d8d37f4,补语结构,得字补语候选,是目标语法点,是目标语法点,1,0.9971420168876648,0,candidate:得字补语候选;family:补语结构;rule:KG-RULE-V02-0047;rule:KG-RULE-V02-0049;source:REF-GF0025-2021;source:REF-GRAMMAR-MANUAL-ADV;source:REF-GRAMMAR-MANUAL-ELEM;source:REF-GRAMMAR-MANUAL-INTER;source:REF-HUANG-LIAO-MODERN-CHINESE;source:REF-LIU-PRACTICAL-GRAMMAR
13,ASGD-2027-0158,4383b3a4ed3fab20,补语结构,数量/时量补语候选,是目标语法点,是目标语法点,1,0.9978308081626892,0,candidate:数量/时量补语候选;family:补语结构
13,ASGD-2027-0159,b271b171b1d739cd,时间/处所功能结构,处所状语候选,不是目标语法点,是目标语法点,0,0.9943596720695496,0,candidate:处所状语候选;family:时间/处所功能结构;rule:KG-RULE-V02-0042;source:REF-GF0025-2021;source:REF-GRAMMAR-MANUAL-ELEM;source:REF-GRAMMAR-MANUAL-INTER;source:REF-HUANG-LIAO-MODERN-CHINESE
13,ASGD-2027-0167,e50ab2d1e4678daf,补语结构,趋向补语候选,是目标语法点,是目标语法点,1,0.9979842901229858,0,candidate:趋向补语候选;family:补语结构
13,ASGD-2027-0175,9139d85aea4186ce,处置/受事重组构式,把字句候选,是目标语法点,是目标语法点,1,0.9981368780136108,0,candidate:把字句候选;family:处置/受事重组构式;rule:KG-RULE-V02-0001;rule:KG-RULE-V02-0002;rule:KG-RULE-V02-0003;source:REF-GF0025-2021;source:REF-GRAMMAR-MANUAL-ELEM;source:REF-GRAMMAR-MANUAL-INTER;source:REF-LIU-PRACTICAL-GRAMMAR;source:REF-LU-TCSL-GRAMMAR
13,ASGD-2027-0179,e79953f4c4891594,处置/受事重组构式,把字句候选,是目标语法点,是目标语法点,1,0.9981195330619812,0,candidate:把字句候选;family:处置/受事重组构式;rule:KG-RULE-V02-0001;rule:KG-RULE-V02-0002;rule:KG-RULE-V02-0003;source:REF-GF0025-2021;source:REF-GRAMMAR-MANUAL-ELEM;source:REF-GRAMMAR-MANUAL-INTER;source:REF-LIU-PRACTICAL-GRAMMAR;source:REF-LU-TCSL-GRAMMAR
13,ASGD-2027-0180,f0c8d9a468d1d690,补语结构,结果补语候选,是目标语法点,是目标语法点,1,0.9965553283691406,0,candidate:结果补语候选;family:补语结构
13,ASGD-2027-0182,cf1e7651f5f89a86,处置/受事重组构式,把字句候选,是目标语法点,是目标语法点,1,0.9982988238334656,0,candidate:把字句候选;family:处置/受事重组构式;rule:KG-RULE-V02-0001;rule:KG-RULE-V02-0002;rule:KG-RULE-V02-0003;source:REF-GF0025-2021;source:REF-GRAMMAR-MANUAL-ELEM;source:REF-GRAMMAR-MANUAL-INTER;source:REF-LIU-PRACTICAL-GRAMMAR;source:REF-LU-TCSL-GRAMMAR
13,ASGD-2027-0185,3090b96182c5a65a,补语结构,得字补语候选,不是目标语法点,是目标语法点,0,0.9976085424423218,0,candidate:得字补语候选;family:补语结构;rule:KG-RULE-V02-0047;rule:KG-RULE-V02-0049;source:REF-GF0025-2021;source:REF-GRAMMAR-MANUAL-ADV;source:REF-GRAMMAR-MANUAL-ELEM;source:REF-GRAMMAR-MANUAL-INTER;source:REF-HUANG-LIAO-MODERN-CHINESE;source:REF-LIU-PRACTICAL-GRAMMAR
13,ASGD-2027-0186,c801dfc373eb5854,时间/处所功能结构,处所状语候选,是目标语法点,是目标语法点,1,0.995368242263794,0,candidate:处所状语候选;family:时间/处所功能结构;rule:KG-RULE-V02-0039;rule:KG-RULE-V02-0040;rule:KG-RULE-V02-0041;source:REF-GF0025-2021;source:REF-GRAMMAR-MANUAL-ELEM;source:REF-GRAMMAR-MANUAL-INTER;source:REF-HUANG-LIAO-MODERN-CHINESE
13,ASGD-2027-0188,5f3cf438ac5d263d,比较构式,比字比较候选,是目标语法点,是目标语法点,1,0.9976614713668823,0,candidate:比字比较候选;family:比较构式;rule:KG-RULE-V02-0053;rule:KG-RULE-V02-0054;source:REF-GF0025-2021;source:REF-GRAMMAR-MANUAL-ADV;source:REF-GRAMMAR-MANUAL-ELEM;source:REF-GRAMMAR-MANUAL-INTER;source:REF-LIU-PRACTICAL-GRAMMAR
13,ASGD-2027-0189,d6cff608690bf799,处置/受事重组构式,把字句候选,是目标语法点,是目标语法点,1,0.9977438449859619,0,candidate:把字句候选;family:处置/受事重组构式;rule:KG-RULE-V02-0001;rule:KG-RULE-V02-0002;rule:KG-RULE-V02-0003;source:REF-GF0025-2021;source:REF-GRAMMAR-MANUAL-ELEM;source:REF-GRAMMAR-MANUAL-INTER;source:REF-LIU-PRACTICAL-GRAMMAR;source:REF-LU-TCSL-GRAMMAR
13,ASGD-2027-0190,43daea4463b7cc20,被动/受事凸显构式,被字句候选,是目标语法点,是目标语法点,1,0.9980946183204651,0,candidate:被字句候选;family:被动/受事凸显构式;rule:KG-RULE-V02-0022;rule:KG-RULE-V02-0024;source:REF-GF0025-2021;source:REF-GRAMMAR-MANUAL-ADV;source:REF-GRAMMAR-MANUAL-ELEM;source:REF-GRAMMAR-MANUAL-INTER;source:REF-LIU-PRACTICAL-GRAMMAR;source:REF-LU-TCSL-GRAMMAR
13,ASGD-2027-0197,f27b6efe0dbb0eb0,介词/框架结构,在字介词框架候选,不是目标语法点,是目标语法点,0,0.9913817048072815,0,candidate:在字介词框架候选;family:介词/框架结构;rule:KG-RULE-V02-0099;rule:KG-RULE-V02-0100;rule:KG-RULE-V02-0101;source:REF-GF0025-2021;source:REF-GRAMMAR-MANUAL-ADV;source:REF-GRAMMAR-MANUAL-ELEM;source:REF-GRAMMAR-MANUAL-INTER;source:REF-HUANG-LIAO-MODERN-CHINESE;source:REF-LU-TCSL-GRAMMAR
13,ASGD-2027-0199,fbf35e1bb7b512af,比较构式,越...越候选,是目标语法点,是目标语法点,1,0.9979370832443237,0,candidate:越...越候选;family:比较构式;rule:KG-RULE-V02-0069;rule:KG-RULE-V02-0070;rule:KG-RULE-V02-0071;source:REF-GF0025-2021;source:REF-GRAMMAR-MANUAL-ADV;source:REF-GRAMMAR-MANUAL-ELEM;source:REF-GRAMMAR-MANUAL-INTER;source:REF-LIU-PRACTICAL-GRAMMAR
13,ASGD-2027-0201,d9a86333cc3010d0,时间/处所功能结构,处所状语候选,是目标语法点,不是目标语法点,0,0.9410216808319092,0,candidate:处所状语候选;family:时间/处所功能结构;rule:KG-RULE-V02-0039;rule:KG-RULE-V02-0040;rule:KG-RULE-V02-0041;source:REF-GF0025-2021;source:REF-GRAMMAR-MANUAL-ELEM;source:REF-GRAMMAR-MANUAL-INTER;source:REF-HUANG-LIAO-MODERN-CHINESE
13,ASGD-2027-0202,959f33a2d877a077,介词/框架结构,给/为/关于等介词框架候选,不是目标语法点,不是目标语法点,1,0.8525158762931824,0,candidate:给/为/关于等介词框架候选;family:介词/框架结构;rule:KG-RULE-V02-0135;rule:KG-RULE-V02-0136;rule:KG-RULE-V02-0137;source:REF-GF0025-2021;source:REF-GRAMMAR-MANUAL-ADV;source:REF-GRAMMAR-MANUAL-ELEM;source:REF-GRAMMAR-MANUAL-INTER;source:REF-HUANG-LIAO-MODERN-CHINESE;source:REF-LU-TCSL-GRAMMAR
13,ASGD-2027-0204,8c5720f43a41ba39,复句关联结构,不但...而且候选,是目标语法点,是目标语法点,1,0.9981281161308289,0,candidate:不但...而且候选;family:复句关联结构
13,ASGD-2027-0205,a2df9d40c59e94b0,比较构式,比字比较候选,不是目标语法点,不是目标语法点,1,0.9979402422904968,1,candidate:比字比较候选;family:比较构式;rule:KG-RULE-V02-0053;rule:KG-RULE-V02-0054;rule:KG-RULE-V02-0056;source:REF-GF0025-2021;source:REF-GRAMMAR-MANUAL-ADV;source:REF-GRAMMAR-MANUAL-ELEM;source:REF-GRAMMAR-MANUAL-INTER;source:REF-LIU-PRACTICAL-GRAMMAR
13,ASGD-2027-0211,cf2bb1aa19d2643c,时间/处所功能结构,时间状语候选,是目标语法点,是目标语法点,1,0.9978787899017334,0,candidate:时间状语候选;family:时间/处所功能结构;rule:KG-RULE-V02-0030;rule:KG-RULE-V02-0031;rule:KG-RULE-V02-0032;source:REF-GF0025-2021;source:REF-GRAMMAR-MANUAL-ADV;source:REF-GRAMMAR-MANUAL-ELEM;source:REF-GRAMMAR-MANUAL-INTER;source:REF-HUANG-LIAO-MODERN-CHINESE
13,ASGD-2027-0212,6e530091f0fe8fbc,比较构式,比字比较候选,不是目标语法点,不是目标语法点,1,0.9979872703552246,1,candidate:比字比较候选;family:比较构式;rule:KG-RULE-V02-0053;rule:KG-RULE-V02-0054;rule:KG-RULE-V02-0056;source:REF-GF0025-2021;source:REF-GRAMMAR-MANUAL-ADV;source:REF-GRAMMAR-MANUAL-ELEM;source:REF-GRAMMAR-MANUAL-INTER;source:REF-LIU-PRACTICAL-GRAMMAR
13,ASGD-2027-0224,2209999dff3a77ec,时间/处所功能结构,时间状语候选,是目标语法点,是目标语法点,1,0.9980565905570984,0,candidate:时间状语候选;family:时间/处所功能结构;rule:KG-RULE-V02-0030;rule:KG-RULE-V02-0031;rule:KG-RULE-V02-0032;source:REF-GF0025-2021;source:REF-GRAMMAR-MANUAL-ADV;source:REF-GRAMMAR-MANUAL-ELEM;source:REF-GRAMMAR-MANUAL-INTER;source:REF-HUANG-LIAO-MODERN-CHINESE
13,ASGD-2027-0231,133fb4aafe8903ec,多谓词/论元结构,双宾/给予结构候选,不是目标语法点,不是目标语法点,1,0.9949362277984619,0,candidate:双宾/给予结构候选;family:多谓词/论元结构
13,ASGD-2027-0232,0c55590c4aeafc0f,介词/框架结构,从字介词框架候选,是目标语法点,是目标语法点,1,0.9982118606567383,0,candidate:从字介词框架候选;family:介词/框架结构;rule:KG-RULE-V02-0109;rule:KG-RULE-V02-0110;source:REF-GF0025-2021;source:REF-GRAMMAR-MANUAL-ADV;source:REF-GRAMMAR-MANUAL-ELEM;source:REF-GRAMMAR-MANUAL-INTER;source:REF-HUANG-LIAO-MODERN-CHINESE;source:REF-LU-TCSL-GRAMMAR
13,ASGD-2027-0241,4e3130161b2c5d2f,处置/受事重组构式,把字句候选,是目标语法点,是目标语法点,1,0.9980892539024353,0,candidate:把字句候选;family:处置/受事重组构式;rule:KG-RULE-V02-0001;rule:KG-RULE-V02-0002;rule:KG-RULE-V02-0003;source:REF-GF0025-2021;source:REF-GRAMMAR-MANUAL-ELEM;source:REF-GRAMMAR-MANUAL-INTER;source:REF-LIU-PRACTICAL-GRAMMAR;source:REF-LU-TCSL-GRAMMAR
13,ASGD-2027-0243,be804e5f7dedad36,补语结构,数量/时量补语候选,是目标语法点,是目标语法点,1,0.9978050589561462,0,candidate:数量/时量补语候选;family:补语结构
13,ASGD-2027-0245,afd9d327a979b553,处置/受事重组构式,把字句候选,是目标语法点,是目标语法点,1,0.9981639981269836,0,candidate:把字句候选;family:处置/受事重组构式;rule:KG-RULE-V02-0001;rule:KG-RULE-V02-0002;rule:KG-RULE-V02-0003;source:REF-GF0025-2021;source:REF-GRAMMAR-MANUAL-ELEM;source:REF-GRAMMAR-MANUAL-INTER;source:REF-LIU-PRACTICAL-GRAMMAR;source:REF-LU-TCSL-GRAMMAR
13,ASGD-2027-0246,c5903fdeac3c74c3,处置/受事重组构式,把字句候选,是目标语法点,是目标语法点,1,0.9980159997940063,0,candidate:把字句候选;family:处置/受事重组构式;rule:KG-RULE-V02-0001;rule:KG-RULE-V02-0002;rule:KG-RULE-V02-0003;source:REF-GF0025-2021;source:REF-GRAMMAR-MANUAL-ELEM;source:REF-GRAMMAR-MANUAL-INTER;source:REF-LIU-PRACTICAL-GRAMMAR;source:REF-LU-TCSL-GRAMMAR
13,ASGD-2027-0254,20dd1a3f733f7ee9,比较构式,没有比较候选,不是目标语法点,不是目标语法点,1,0.9982659220695496,0,candidate:没有比较候选;family:比较构式;rule:KG-RULE-V02-0059;rule:KG-RULE-V02-0060;rule:KG-RULE-V02-0061;source:REF-GF0025-2021;source:REF-GRAMMAR-MANUAL-ADV;source:REF-GRAMMAR-MANUAL-ELEM;source:REF-GRAMMAR-MANUAL-INTER;source:REF-LIU-PRACTICAL-GRAMMAR
13,ASGD-2027-0256,a3dd5f4b9d9b56ed,时间/处所功能结构,时间状语候选,是目标语法点,是目标语法点,1,0.9973663687705994,0,candidate:时间状语候选;family:时间/处所功能结构;rule:KG-RULE-V02-0030;rule:KG-RULE-V02-0031;rule:KG-RULE-V02-0032;source:REF-GF0025-2021;source:REF-GRAMMAR-MANUAL-ADV;source:REF-GRAMMAR-MANUAL-ELEM;source:REF-GRAMMAR-MANUAL-INTER;source:REF-HUANG-LIAO-MODERN-CHINESE
13,ASGD-2027-0260,c4a6276428aafd72,时间/处所功能结构,处所状语候选,是目标语法点,是目标语法点,1,0.9968538880348206,0,candidate:处所状语候选;family:时间/处所功能结构;rule:KG-RULE-V02-0039;rule:KG-RULE-V02-0040;rule:KG-RULE-V02-0041;source:REF-GF0025-2021;source:REF-GRAMMAR-MANUAL-ELEM;source:REF-GRAMMAR-MANUAL-INTER;source:REF-HUANG-LIAO-MODERN-CHINESE
13,ASGD-2027-0261,bed526c1ebe9112d,复句关联结构,但是候选,是目标语法点,是目标语法点,1,0.998167872428894,0,candidate:但是候选;family:复句关联结构
13,ASGD-2027-0265,7b45a23ed521a2e1,处置/受事重组构式,把字句候选,是目标语法点,是目标语法点,1,0.9980915188789368,0,candidate:把字句候选;family:处置/受事重组构式;rule:KG-RULE-V02-0001;rule:KG-RULE-V02-0002;rule:KG-RULE-V02-0003;source:REF-GF0025-2021;source:REF-GRAMMAR-MANUAL-ELEM;source:REF-GRAMMAR-MANUAL-INTER;source:REF-LIU-PRACTICAL-GRAMMAR;source:REF-LU-TCSL-GRAMMAR
13,ASGD-2027-0268,3f4b7d2f62fae62a,介词/框架结构,给/为/关于等介词框架候选,不是目标语法点,不是目标语法点,1,0.8905184268951416,0,candidate:给/为/关于等介词框架候选;family:介词/框架结构;rule:KG-RULE-V02-0135;rule:KG-RULE-V02-0136;rule:KG-RULE-V02-0137;source:REF-GF0025-2021;source:REF-GRAMMAR-MANUAL-ADV;source:REF-GRAMMAR-MANUAL-ELEM;source:REF-GRAMMAR-MANUAL-INTER;source:REF-HUANG-LIAO-MODERN-CHINESE;source:REF-LU-TCSL-GRAMMAR
13,ASGD-2027-0270,34667dfab91f565c,补语结构,数量/时量补语候选,是目标语法点,是目标语法点,1,0.9979727864265442,0,candidate:数量/时量补语候选;family:补语结构
13,ASGD-2027-0275,94e001a70ddfc03b,时间/处所功能结构,处所状语候选,不是目标语法点,是目标语法点,0,0.9957981705665588,0,candidate:处所状语候选;family:时间/处所功能结构;rule:KG-RULE-V02-0042;source:REF-GF0025-2021;source:REF-GRAMMAR-MANUAL-ELEM;source:REF-GRAMMAR-MANUAL-INTER;source:REF-HUANG-LIAO-MODERN-CHINESE
13,ASGD-2027-0277,946019d6034c6f1b,介词/框架结构,从字介词框架候选,是目标语法点,是目标语法点,1,0.9980884194374084,0,candidate:从字介词框架候选;family:介词/框架结构;rule:KG-RULE-V02-0109;rule:KG-RULE-V02-0110;source:REF-GF0025-2021;source:REF-GRAMMAR-MANUAL-ADV;source:REF-GRAMMAR-MANUAL-ELEM;source:REF-GRAMMAR-MANUAL-INTER;source:REF-HUANG-LIAO-MODERN-CHINESE;source:REF-LU-TCSL-GRAMMAR
13,ASGD-2027-0286,799fa48d692b596b,处置/受事重组构式,把字句候选,是目标语法点,是目标语法点,1,0.9981738328933716,0,candidate:把字句候选;family:处置/受事重组构式;rule:KG-RULE-V02-0001;rule:KG-RULE-V02-0002;rule:KG-RULE-V02-0003;source:REF-GF0025-2021;source:REF-GRAMMAR-MANUAL-ELEM;source:REF-GRAMMAR-MANUAL-INTER;source:REF-LIU-PRACTICAL-GRAMMAR;source:REF-LU-TCSL-GRAMMAR
13,ASGD-2027-0294,380f89ff50507fce,补语结构,得字补语候选,是目标语法点,是目标语法点,1,0.9956420660018921,0,candidate:得字补语候选;family:补语结构;rule:KG-RULE-V02-0047;rule:KG-RULE-V02-0049;source:REF-GF0025-2021;source:REF-GRAMMAR-MANUAL-ADV;source:REF-GRAMMAR-MANUAL-ELEM;source:REF-GRAMMAR-MANUAL-INTER;source:REF-HUANG-LIAO-MODERN-CHINESE;source:REF-LIU-PRACTICAL-GRAMMAR
13,ASGD-2027-0299,596a8d91e237006e,时间/处所功能结构,处所状语候选,是目标语法点,是目标语法点,1,0.9894810914993286,0,candidate:处所状语候选;family:时间/处所功能结构;rule:KG-RULE-V02-0042;source:REF-GF0025-2021;source:REF-GRAMMAR-MANUAL-ELEM;source:REF-GRAMMAR-MANUAL-INTER;source:REF-HUANG-LIAO-MODERN-CHINESE
13,ASGD-2027-0301,bdf3befc1c2655fa,时间/处所功能结构,处所状语候选,不是目标语法点,不是目标语法点,1,0.9916706085205078,0,candidate:处所状语候选;family:时间/处所功能结构;rule:KG-RULE-V02-0042;source:REF-GF0025-2021;source:REF-GRAMMAR-MANUAL-ELEM;source:REF-GRAMMAR-MANUAL-INTER;source:REF-HUANG-LIAO-MODERN-CHINESE
13,ASGD-2027-0303,edd4339a24bbdb55,时间/处所功能结构,时间状语候选,是目标语法点,是目标语法点,1,0.9981791973114014,0,candidate:时间状语候选;family:时间/处所功能结构;rule:KG-RULE-V02-0033;source:REF-GF0025-2021;source:REF-GRAMMAR-MANUAL-ADV;source:REF-GRAMMAR-MANUAL-ELEM;source:REF-GRAMMAR-MANUAL-INTER;source:REF-HUANG-LIAO-MODERN-CHINESE
13,ASGD-2027-0310,4f4861ac1e29e296,补语结构,数量/时量补语候选,是目标语法点,是目标语法点,1,0.997795581817627,0,candidate:数量/时量补语候选;family:补语结构
13,ASGD-2027-0312,b2301288acd591c6,被动/受事凸显构式,被字句候选,是目标语法点,是目标语法点,1,0.998278021812439,0,candidate:被字句候选;family:被动/受事凸显构式;rule:KG-RULE-V02-0022;rule:KG-RULE-V02-0024;source:REF-GF0025-2021;source:REF-GRAMMAR-MANUAL-ADV;source:REF-GRAMMAR-MANUAL-ELEM;source:REF-GRAMMAR-MANUAL-INTER;source:REF-LIU-PRACTICAL-GRAMMAR;source:REF-LU-TCSL-GRAMMAR
13,ASGD-2027-0316,58a55cd1e1334611,时间/处所功能结构,时间状语候选,是目标语法点,是目标语法点,1,0.9977204203605652,0,candidate:时间状语候选;family:时间/处所功能结构;rule:KG-RULE-V02-0030;rule:KG-RULE-V02-0031;rule:KG-RULE-V02-0032;source:REF-GF0025-2021;source:REF-GRAMMAR-MANUAL-ADV;source:REF-GRAMMAR-MANUAL-ELEM;source:REF-GRAMMAR-MANUAL-INTER;source:REF-HUANG-LIAO-MODERN-CHINESE
13,ASGD-2027-0326,b8f1d98f736203f3,多谓词/论元结构,双宾/给予结构候选,是目标语法点,是目标语法点,1,0.9980523586273193,0,candidate:双宾/给予结构候选;family:多谓词/论元结构
13,ASGD-2027-0328,2b5bddcb1b585ec5,补语结构,数量/时量补语候选,是目标语法点,是目标语法点,1,0.9979497790336609,0,candidate:数量/时量补语候选;family:补语结构
13,ASGD-2027-0330,deaaee80fca1eccc,被动/受事凸显构式,被字句候选,是目标语法点,是目标语法点,1,0.9982470273971558,0,candidate:被字句候选;family:被动/受事凸显构式;rule:KG-RULE-V02-0022;rule:KG-RULE-V02-0024;source:REF-GF0025-2021;source:REF-GRAMMAR-MANUAL-ADV;source:REF-GRAMMAR-MANUAL-ELEM;source:REF-GRAMMAR-MANUAL-INTER;source:REF-LIU-PRACTICAL-GRAMMAR;source:REF-LU-TCSL-GRAMMAR
13,ASGD-2027-0334,59e38d2bfb100951,处置/受事重组构式,把字句候选,是目标语法点,是目标语法点,1,0.9982618689537048,0,candidate:把字句候选;family:处置/受事重组构式;rule:KG-RULE-V02-0001;rule:KG-RULE-V02-0002;rule:KG-RULE-V02-0003;source:REF-GF0025-2021;source:REF-GRAMMAR-MANUAL-ELEM;source:REF-GRAMMAR-MANUAL-INTER;source:REF-LIU-PRACTICAL-GRAMMAR;source:REF-LU-TCSL-GRAMMAR
13,ASGD-2027-0335,dc7ff88fe827eaab,介词/框架结构,在字介词框架候选,是目标语法点,是目标语法点,1,0.9981433153152466,0,candidate:在字介词框架候选;family:介词/框架结构;rule:KG-RULE-V02-0099;rule:KG-RULE-V02-0100;rule:KG-RULE-V02-0101;source:REF-GF0025-2021;source:REF-GRAMMAR-MANUAL-ADV;source:REF-GRAMMAR-MANUAL-ELEM;source:REF-GRAMMAR-MANUAL-INTER;source:REF-HUANG-LIAO-MODERN-CHINESE;source:REF-LU-TCSL-GRAMMAR
13,ASGD-2027-0357,f69b27ca6913b921,介词/框架结构,对字介词框架候选,是目标语法点,是目标语法点,1,0.9977957010269165,0,candidate:对字介词框架候选;family:介词/框架结构;rule:KG-RULE-V02-0115;rule:KG-RULE-V02-0116;rule:KG-RULE-V02-0117;source:REF-GF0025-2021;source:REF-GRAMMAR-MANUAL-ADV;source:REF-GRAMMAR-MANUAL-ELEM;source:REF-GRAMMAR-MANUAL-INTER;source:REF-HUANG-LIAO-MODERN-CHINESE;source:REF-LU-TCSL-GRAMMAR
13,ASGD-2027-0370,c70c3f4e70595196,时间/处所功能结构,处所状语候选,是目标语法点,是目标语法点,1,0.9887661337852478,0,candidate:处所状语候选;family:时间/处所功能结构;rule:KG-RULE-V02-0039;rule:KG-RULE-V02-0040;rule:KG-RULE-V02-0041;source:REF-GF0025-2021;source:REF-GRAMMAR-MANUAL-ELEM;source:REF-GRAMMAR-MANUAL-INTER;source:REF-HUANG-LIAO-MODERN-CHINESE
13,ASGD-2027-0378,164f97dab17f2d89,时间/处所功能结构,时间状语候选,是目标语法点,是目标语法点,1,0.9979879856109619,0,candidate:时间状语候选;family:时间/处所功能结构;rule:KG-RULE-V02-0030;rule:KG-RULE-V02-0031;rule:KG-RULE-V02-0032;source:REF-GF0025-2021;source:REF-GRAMMAR-MANUAL-ADV;source:REF-GRAMMAR-MANUAL-ELEM;source:REF-GRAMMAR-MANUAL-INTER;source:REF-HUANG-LIAO-MODERN-CHINESE
13,ASGD-2027-0386,41cfbba7433bd20d,时间/处所功能结构,处所状语候选,是目标语法点,是目标语法点,1,0.9959696531295776,0,candidate:处所状语候选;family:时间/处所功能结构;rule:KG-RULE-V02-0042;source:REF-GF0025-2021;source:REF-GRAMMAR-MANUAL-ELEM;source:REF-GRAMMAR-MANUAL-INTER;source:REF-HUANG-LIAO-MODERN-CHINESE
13,ASGD-2027-0387,504a0f68ed130ea5,介词/框架结构,在字介词框架候选,是目标语法点,是目标语法点,1,0.9981167316436768,0,candidate:在字介词框架候选;family:介词/框架结构;rule:KG-RULE-V02-0099;rule:KG-RULE-V02-0100;rule:KG-RULE-V02-0101;source:REF-GF0025-2021;source:REF-GRAMMAR-MANUAL-ADV;source:REF-GRAMMAR-MANUAL-ELEM;source:REF-GRAMMAR-MANUAL-INTER;source:REF-HUANG-LIAO-MODERN-CHINESE;source:REF-LU-TCSL-GRAMMAR
13,ASGD-2027-0388,53591b154636a94a,处置/受事重组构式,把字句候选,是目标语法点,是目标语法点,1,0.9980594515800476,0,candidate:把字句候选;family:处置/受事重组构式;rule:KG-RULE-V02-0001;rule:KG-RULE-V02-0002;rule:KG-RULE-V02-0003;source:REF-GF0025-2021;source:REF-GRAMMAR-MANUAL-ELEM;source:REF-GRAMMAR-MANUAL-INTER;source:REF-LIU-PRACTICAL-GRAMMAR;source:REF-LU-TCSL-GRAMMAR
13,ASGD-2027-0392,7f134512e6166658,被动/受事凸显构式,被字句候选,是目标语法点,是目标语法点,1,0.9981421232223511,0,candidate:被字句候选;family:被动/受事凸显构式;rule:KG-RULE-V02-0022;rule:KG-RULE-V02-0024;source:REF-GF0025-2021;source:REF-GRAMMAR-MANUAL-ADV;source:REF-GRAMMAR-MANUAL-ELEM;source:REF-GRAMMAR-MANUAL-INTER;source:REF-LIU-PRACTICAL-GRAMMAR;source:REF-LU-TCSL-GRAMMAR
13,ASGD-2027-0393,29410ec47ce3d9a4,时间/处所功能结构,时间状语候选,是目标语法点,是目标语法点,1,0.9978240728378296,0,candidate:时间状语候选;family:时间/处所功能结构;rule:KG-RULE-V02-0030;rule:KG-RULE-V02-0031;rule:KG-RULE-V02-0032;source:REF-GF0025-2021;source:REF-GRAMMAR-MANUAL-ADV;source:REF-GRAMMAR-MANUAL-ELEM;source:REF-GRAMMAR-MANUAL-INTER;source:REF-HUANG-LIAO-MODERN-CHINESE
13,ASGD-2027-0394,ff64d2d11ab3d681,补语结构,结果补语候选,是目标语法点,是目标语法点,1,0.9972319006919861,0,candidate:结果补语候选;family:补语结构
13,ASGD-2027-0397,901c0d9e47b24b43,时间/处所功能结构,处所状语候选,是目标语法点,是目标语法点,1,0.6501341462135315,0,candidate:处所状语候选;family:时间/处所功能结构;rule:KG-RULE-V02-0039;rule:KG-RULE-V02-0040;rule:KG-RULE-V02-0041;source:REF-GF0025-2021;source:REF-GRAMMAR-MANUAL-ELEM;source:REF-GRAMMAR-MANUAL-INTER;source:REF-HUANG-LIAO-MODERN-CHINESE
13,ASGD-2027-0404,a520021eca670dfc,处置/受事重组构式,把字句候选,是目标语法点,是目标语法点,1,0.9975854158401489,0,candidate:把字句候选;family:处置/受事重组构式;rule:KG-RULE-V02-0001;rule:KG-RULE-V02-0002;rule:KG-RULE-V02-0003;source:REF-GF0025-2021;source:REF-GRAMMAR-MANUAL-ELEM;source:REF-GRAMMAR-MANUAL-INTER;source:REF-LIU-PRACTICAL-GRAMMAR;source:REF-LU-TCSL-GRAMMAR
13,ASGD-2027-0407,2378516e36a1d2d6,被动/受事凸显构式,被字句候选,是目标语法点,是目标语法点,1,0.9981032609939575,0,candidate:被字句候选;family:被动/受事凸显构式;rule:KG-RULE-V02-0022;rule:KG-RULE-V02-0024;source:REF-GF0025-2021;source:REF-GRAMMAR-MANUAL-ADV;source:REF-GRAMMAR-MANUAL-ELEM;source:REF-GRAMMAR-MANUAL-INTER;source:REF-LIU-PRACTICAL-GRAMMAR;source:REF-LU-TCSL-GRAMMAR
13,ASGD-2027-0415,de7e26161bafcf90,补语结构,数量/时量补语候选,是目标语法点,是目标语法点,1,0.997978150844574,0,candidate:数量/时量补语候选;family:补语结构
13,ASGD-2027-0424,b75ee4daff5f6d61,处置/受事重组构式,把字句候选,是目标语法点,是目标语法点,1,0.998227059841156,0,candidate:把字句候选;family:处置/受事重组构式;rule:KG-RULE-V02-0001;rule:KG-RULE-V02-0002;rule:KG-RULE-V02-0003;source:REF-GF0025-2021;source:REF-GRAMMAR-MANUAL-ELEM;source:REF-GRAMMAR-MANUAL-INTER;source:REF-LIU-PRACTICAL-GRAMMAR;source:REF-LU-TCSL-GRAMMAR
13,ASGD-2027-0427,8d5cba9a43449c43,补语结构,结果补语候选,是目标语法点,是目标语法点,1,0.997771680355072,0,candidate:结果补语候选;family:补语结构
13,ASGD-2027-0436,47076a67c72b5fc4,比较构式,没有比较候选,不是目标语法点,不是目标语法点,1,0.9984297156333923,0,candidate:没有比较候选;family:比较构式;rule:KG-RULE-V02-0059;rule:KG-RULE-V02-0060;rule:KG-RULE-V02-0061;source:REF-GF0025-2021;source:REF-GRAMMAR-MANUAL-ADV;source:REF-GRAMMAR-MANUAL-ELEM;source:REF-GRAMMAR-MANUAL-INTER;source:REF-LIU-PRACTICAL-GRAMMAR
13,ASGD-2027-0444,3c94d76bff0df0c5,比较构式,不如比较候选,是目标语法点,是目标语法点,1,0.9976304769515991,0,candidate:不如比较候选;family:比较构式;rule:KG-RULE-V02-0079;rule:KG-RULE-V02-0080;rule:KG-RULE-V02-0081;source:REF-GF0025-2021;source:REF-GRAMMAR-MANUAL-ADV;source:REF-GRAMMAR-MANUAL-ELEM;source:REF-GRAMMAR-MANUAL-INTER;source:REF-LIU-PRACTICAL-GRAMMAR
13,ASGD-2027-0446,9f62ee52f7fcd686,复句关联结构,既然候选,是目标语法点,是目标语法点,1,0.9983088970184326,0,candidate:既然候选;family:复句关联结构
13,ASGD-2027-0448,308c1b4adff5bc14,介词/框架结构,在字介词框架候选,是目标语法点,是目标语法点,1,0.9981343150138855,0,candidate:在字介词框架候选;family:介词/框架结构;rule:KG-RULE-V02-0099;rule:KG-RULE-V02-0100;rule:KG-RULE-V02-0101;source:REF-GF0025-2021;source:REF-GRAMMAR-MANUAL-ADV;source:REF-GRAMMAR-MANUAL-ELEM;source:REF-GRAMMAR-MANUAL-INTER;source:REF-HUANG-LIAO-MODERN-CHINESE;source:REF-LU-TCSL-GRAMMAR
13,ASGD-2027-0451,c830a3e51185f4cf,补语结构,得字补语候选,是目标语法点,是目标语法点,1,0.998017430305481,0,candidate:得字补语候选;family:补语结构;rule:KG-RULE-V02-0047;rule:KG-RULE-V02-0049;source:REF-GF0025-2021;source:REF-GRAMMAR-MANUAL-ADV;source:REF-GRAMMAR-MANUAL-ELEM;source:REF-GRAMMAR-MANUAL-INTER;source:REF-HUANG-LIAO-MODERN-CHINESE;source:REF-LIU-PRACTICAL-GRAMMAR
13,ASGD-2027-0464,5523d68e8c9958f9,补语结构,得字补语候选,不是目标语法点,不是目标语法点,1,0.990069568157196,0,candidate:得字补语候选;family:补语结构;rule:KG-RULE-V02-0047;rule:KG-RULE-V02-0049;source:REF-GF0025-2021;source:REF-GRAMMAR-MANUAL-ADV;source:REF-GRAMMAR-MANUAL-ELEM;source:REF-GRAMMAR-MANUAL-INTER;source:REF-HUANG-LIAO-MODERN-CHINESE;source:REF-LIU-PRACTICAL-GRAMMAR
13,ASGD-2027-0471,0d0868ae44420cd5,补语结构,数量/时量补语候选,是目标语法点,是目标语法点,1,0.9978768825531006,0,candidate:数量/时量补语候选;family:补语结构
13,ASGD-2027-0472,58ae9ae993b61523,复句关联结构,虽然...但是候选,是目标语法点,是目标语法点,1,0.9981313347816467,0,candidate:虽然...但是候选;family:复句关联结构
13,ASGD-2027-0479,33b5ddd234c4491d,介词/框架结构,向/往/朝介词框架候选,是目标语法点,是目标语法点,1,0.9980870485305786,0,candidate:向/往/朝介词框架候选;family:介词/框架结构;rule:KG-RULE-V02-0125;rule:KG-RULE-V02-0126;rule:KG-RULE-V02-0127;source:REF-GF0025-2021;source:REF-GRAMMAR-MANUAL-ADV;source:REF-GRAMMAR-MANUAL-ELEM;source:REF-GRAMMAR-MANUAL-INTER;source:REF-HUANG-LIAO-MODERN-CHINESE;source:REF-LU-TCSL-GRAMMAR
13,ASGD-2027-0489,722fe72e23516c1e,比较构式,越...越候选,是目标语法点,是目标语法点,1,0.9903378486633301,0,candidate:越...越候选;family:比较构式;rule:KG-RULE-V02-0069;rule:KG-RULE-V02-0070;rule:KG-RULE-V02-0071;source:REF-GF0025-2021;source:REF-GRAMMAR-MANUAL-ADV;source:REF-GRAMMAR-MANUAL-ELEM;source:REF-GRAMMAR-MANUAL-INTER;source:REF-LIU-PRACTICAL-GRAMMAR
13,ASGD-2027-0496,d6bb53357be542f8,被动/受事凸显构式,被字句候选,是目标语法点,是目标语法点,1,0.993766188621521,0,candidate:被字句候选;family:被动/受事凸显构式;rule:KG-RULE-V02-0022;rule:KG-RULE-V02-0024;source:REF-GF0025-2021;source:REF-GRAMMAR-MANUAL-ADV;source:REF-GRAMMAR-MANUAL-ELEM;source:REF-GRAMMAR-MANUAL-INTER;source:REF-LIU-PRACTICAL-GRAMMAR;source:REF-LU-TCSL-GRAMMAR
13,ASGD-2027-0500,5cba7edfc1e4bc5e,复句关联结构,如果...就候选,是目标语法点,是目标语法点,1,0.9982549548149109,0,candidate:如果...就候选;family:复句关联结构
13,ASGD-2027-0501,bfc116d3500602d8,补语结构,数量/时量补语候选,是目标语法点,是目标语法点,1,0.9979569911956787,0,candidate:数量/时量补语候选;family:补语结构
13,ASGD-2027-0509,621b79df2ecb46bb,比较构式,没有比较候选,不是目标语法点,不是目标语法点,1,0.9983664155006409,0,candidate:没有比较候选;family:比较构式;rule:KG-RULE-V02-0059;rule:KG-RULE-V02-0060;rule:KG-RULE-V02-0061;source:REF-GF0025-2021;source:REF-GRAMMAR-MANUAL-ADV;source:REF-GRAMMAR-MANUAL-ELEM;source:REF-GRAMMAR-MANUAL-INTER;source:REF-LIU-PRACTICAL-GRAMMAR
13,ASGD-2027-0516,22c7493e61e4f61f,介词/框架结构,向/往/朝介词框架候选,是目标语法点,是目标语法点,1,0.9982088804244995,0,candidate:向/往/朝介词框架候选;family:介词/框架结构;rule:KG-RULE-V02-0125;rule:KG-RULE-V02-0126;rule:KG-RULE-V02-0127;source:REF-GF0025-2021;source:REF-GRAMMAR-MANUAL-ADV;source:REF-GRAMMAR-MANUAL-ELEM;source:REF-GRAMMAR-MANUAL-INTER;source:REF-HUANG-LIAO-MODERN-CHINESE;source:REF-LU-TCSL-GRAMMAR
13,ASGD-2027-0520,4e98619fecb8d1ac,时间/处所功能结构,处所状语候选,是目标语法点,不是目标语法点,0,0.5640164613723755,0,candidate:处所状语候选;family:时间/处所功能结构;rule:KG-RULE-V02-0042;source:REF-GF0025-2021;source:REF-GRAMMAR-MANUAL-ELEM;source:REF-GRAMMAR-MANUAL-INTER;source:REF-HUANG-LIAO-MODERN-CHINESE
13,ASGD-2027-0521,44baccedfeb5b2bd,介词/框架结构,在字介词框架候选,是目标语法点,是目标语法点,1,0.9979534149169922,0,candidate:在字介词框架候选;family:介词/框架结构;rule:KG-RULE-V02-0099;rule:KG-RULE-V02-0100;rule:KG-RULE-V02-0101;source:REF-GF0025-2021;source:REF-GRAMMAR-MANUAL-ADV;source:REF-GRAMMAR-MANUAL-ELEM;source:REF-GRAMMAR-MANUAL-INTER;source:REF-HUANG-LIAO-MODERN-CHINESE;source:REF-LU-TCSL-GRAMMAR
13,ASGD-2027-0531,dc73c8f32f7fe61c,时间/处所功能结构,时间状语候选,是目标语法点,是目标语法点,1,0.9982184767723083,0,candidate:时间状语候选;family:时间/处所功能结构;rule:KG-RULE-V02-0030;rule:KG-RULE-V02-0031;rule:KG-RULE-V02-0032;source:REF-GF0025-2021;source:REF-GRAMMAR-MANUAL-ADV;source:REF-GRAMMAR-MANUAL-ELEM;source:REF-GRAMMAR-MANUAL-INTER;source:REF-HUANG-LIAO-MODERN-CHINESE
13,ASGD-2027-0534,57143b13209b06cb,补语结构,结果补语候选,是目标语法点,是目标语法点,1,0.9980125427246094,0,candidate:结果补语候选;family:补语结构
13,ASGD-2027-0536,1699d0f2ffc1708c,时间/处所功能结构,处所状语候选,是目标语法点,是目标语法点,1,0.992935836315155,0,candidate:处所状语候选;family:时间/处所功能结构;rule:KG-RULE-V02-0042;source:REF-GF0025-2021;source:REF-GRAMMAR-MANUAL-ELEM;source:REF-GRAMMAR-MANUAL-INTER;source:REF-HUANG-LIAO-MODERN-CHINESE
13,ASGD-2027-0539,74a8b60592741ba9,介词/框架结构,从字介词框架候选,是目标语法点,是目标语法点,1,0.9981397390365601,0,candidate:从字介词框架候选;family:介词/框架结构;rule:KG-RULE-V02-0109;rule:KG-RULE-V02-0110;source:REF-GF0025-2021;source:REF-GRAMMAR-MANUAL-ADV;source:REF-GRAMMAR-MANUAL-ELEM;source:REF-GRAMMAR-MANUAL-INTER;source:REF-HUANG-LIAO-MODERN-CHINESE;source:REF-LU-TCSL-GRAMMAR
13,ASGD-2027-0541,d7c60095f16ed113,补语结构,数量/时量补语候选,是目标语法点,是目标语法点,1,0.9981058835983276,0,candidate:数量/时量补语候选;family:补语结构
13,ASGD-2027-0545,a8fc11b62b1ff0ea,介词/框架结构,在字介词框架候选,是目标语法点,是目标语法点,1,0.9982765913009644,0,candidate:在字介词框架候选;family:介词/框架结构;rule:KG-RULE-V02-0099;rule:KG-RULE-V02-0100;rule:KG-RULE-V02-0101;source:REF-GF0025-2021;source:REF-GRAMMAR-MANUAL-ADV;source:REF-GRAMMAR-MANUAL-ELEM;source:REF-GRAMMAR-MANUAL-INTER;source:REF-HUANG-LIAO-MODERN-CHINESE;source:REF-LU-TCSL-GRAMMAR
13,ASGD-2027-0552,ac1bf4b14e65b661,介词/框架结构,向/往/朝介词框架候选,是目标语法点,是目标语法点,1,0.9981198906898499,0,candidate:向/往/朝介词框架候选;family:介词/框架结构;rule:KG-RULE-V02-0125;rule:KG-RULE-V02-0126;rule:KG-RULE-V02-0127;source:REF-GF0025-2021;source:REF-GRAMMAR-MANUAL-ADV;source:REF-GRAMMAR-MANUAL-ELEM;source:REF-GRAMMAR-MANUAL-INTER;source:REF-HUANG-LIAO-MODERN-CHINESE;source:REF-LU-TCSL-GRAMMAR
13,ASGD-2027-0563,003865efc1b5dd9f,被动/受事凸显构式,被字句候选,是目标语法点,是目标语法点,1,0.9981181621551514,0,candidate:被字句候选;family:被动/受事凸显构式;rule:KG-RULE-V02-0022;rule:KG-RULE-V02-0024;source:REF-GF0025-2021;source:REF-GRAMMAR-MANUAL-ADV;source:REF-GRAMMAR-MANUAL-ELEM;source:REF-GRAMMAR-MANUAL-INTER;source:REF-LIU-PRACTICAL-GRAMMAR;source:REF-LU-TCSL-GRAMMAR
13,ASGD-2027-0581,7082d73144e9f59f,比较构式,比字比较候选,不是目标语法点,不是目标语法点,1,0.9980362057685852,1,candidate:比字比较候选;family:比较构式;rule:KG-RULE-V02-0053;rule:KG-RULE-V02-0054;rule:KG-RULE-V02-0056;source:REF-GF0025-2021;source:REF-GRAMMAR-MANUAL-ADV;source:REF-GRAMMAR-MANUAL-ELEM;source:REF-GRAMMAR-MANUAL-INTER;source:REF-LIU-PRACTICAL-GRAMMAR
13,ASGD-2027-0582,0e9f203588f8fea2,比较构式,没有比较候选,不是目标语法点,不是目标语法点,1,0.9985296726226807,0,candidate:没有比较候选;family:比较构式;rule:KG-RULE-V02-0059;rule:KG-RULE-V02-0060;rule:KG-RULE-V02-0061;source:REF-GF0025-2021;source:REF-GRAMMAR-MANUAL-ADV;source:REF-GRAMMAR-MANUAL-ELEM;source:REF-GRAMMAR-MANUAL-INTER;source:REF-LIU-PRACTICAL-GRAMMAR
13,ASGD-2027-0594,37b7a37fadc75b72,介词/框架结构,从字介词框架候选,是目标语法点,是目标语法点,1,0.9980533123016357,0,candidate:从字介词框架候选;family:介词/框架结构;rule:KG-RULE-V02-0109;rule:KG-RULE-V02-0110;source:REF-GF0025-2021;source:REF-GRAMMAR-MANUAL-ADV;source:REF-GRAMMAR-MANUAL-ELEM;source:REF-GRAMMAR-MANUAL-INTER;source:REF-HUANG-LIAO-MODERN-CHINESE;source:REF-LU-TCSL-GRAMMAR
13,ASGD-2027-0595,2f8486196e902700,介词/框架结构,从字介词框架候选,是目标语法点,是目标语法点,1,0.9979864358901978,0,candidate:从字介词框架候选;family:介词/框架结构;rule:KG-RULE-V02-0109;rule:KG-RULE-V02-0110;source:REF-GF0025-2021;source:REF-GRAMMAR-MANUAL-ADV;source:REF-GRAMMAR-MANUAL-ELEM;source:REF-GRAMMAR-MANUAL-INTER;source:REF-HUANG-LIAO-MODERN-CHINESE;source:REF-LU-TCSL-GRAMMAR
13,ASGD-2027-0597,94203ac2d1916d17,处置/受事重组构式,把字句候选,是目标语法点,是目标语法点,1,0.9979896545410156,0,candidate:把字句候选;family:处置/受事重组构式;rule:KG-RULE-V02-0001;rule:KG-RULE-V02-0002;rule:KG-RULE-V02-0003;source:REF-GF0025-2021;source:REF-GRAMMAR-MANUAL-ELEM;source:REF-GRAMMAR-MANUAL-INTER;source:REF-LIU-PRACTICAL-GRAMMAR;source:REF-LU-TCSL-GRAMMAR
13,ASGD-2027-0600,f66d0d22446bed3c,复句关联结构,如果...就候选,是目标语法点,是目标语法点,1,0.9983134269714355,0,candidate:如果...就候选;family:复句关联结构
13,ASGD-2027-0606,29410ec47ce3d9a4,处置/受事重组构式,把字句候选,是目标语法点,是目标语法点,1,0.9981630444526672,0,candidate:把字句候选;family:处置/受事重组构式;rule:KG-RULE-V02-0001;rule:KG-RULE-V02-0002;rule:KG-RULE-V02-0003;source:REF-GF0025-2021;source:REF-GRAMMAR-MANUAL-ELEM;source:REF-GRAMMAR-MANUAL-INTER;source:REF-LIU-PRACTICAL-GRAMMAR;source:REF-LU-TCSL-GRAMMAR
13,ASGD-2027-0609,7d766767cdc381c8,补语结构,得字补语候选,是目标语法点,是目标语法点,1,0.9981529116630554,0,candidate:得字补语候选;family:补语结构;rule:KG-RULE-V02-0047;rule:KG-RULE-V02-0049;source:REF-GF0025-2021;source:REF-GRAMMAR-MANUAL-ADV;source:REF-GRAMMAR-MANUAL-ELEM;source:REF-GRAMMAR-MANUAL-INTER;source:REF-HUANG-LIAO-MODERN-CHINESE;source:REF-LIU-PRACTICAL-GRAMMAR
13,ASGD-2027-0612,107a88d54a3cca80,比较构式,没有比较候选,不是目标语法点,不是目标语法点,1,0.9984042048454285,0,candidate:没有比较候选;family:比较构式;rule:KG-RULE-V02-0059;rule:KG-RULE-V02-0060;rule:KG-RULE-V02-0061;source:REF-GF0025-2021;source:REF-GRAMMAR-MANUAL-ADV;source:REF-GRAMMAR-MANUAL-ELEM;source:REF-GRAMMAR-MANUAL-INTER;source:REF-LIU-PRACTICAL-GRAMMAR
13,ASGD-2027-0621,f52dab014375ce20,时间/处所功能结构,时间状语候选,是目标语法点,是目标语法点,1,0.9978616833686829,0,candidate:时间状语候选;family:时间/处所功能结构;rule:KG-RULE-V02-0030;rule:KG-RULE-V02-0031;rule:KG-RULE-V02-0032;source:REF-GF0025-2021;source:REF-GRAMMAR-MANUAL-ADV;source:REF-GRAMMAR-MANUAL-ELEM;source:REF-GRAMMAR-MANUAL-INTER;source:REF-HUANG-LIAO-MODERN-CHINESE
13,ASGD-2027-0624,f3dd545f9cc1c8df,处置/受事重组构式,把字句候选,是目标语法点,是目标语法点,1,0.9979729056358337,0,candidate:把字句候选;family:处置/受事重组构式;rule:KG-RULE-V02-0001;rule:KG-RULE-V02-0002;rule:KG-RULE-V02-0003;source:REF-GF0025-2021;source:REF-GRAMMAR-MANUAL-ELEM;source:REF-GRAMMAR-MANUAL-INTER;source:REF-LIU-PRACTICAL-GRAMMAR;source:REF-LU-TCSL-GRAMMAR
13,ASGD-2027-0631,3b4a1a76e3606b97,介词/框架结构,在字介词框架候选,是目标语法点,是目标语法点,1,0.9981016516685486,0,candidate:在字介词框架候选;family:介词/框架结构;rule:KG-RULE-V02-0099;rule:KG-RULE-V02-0100;rule:KG-RULE-V02-0101;source:REF-GF0025-2021;source:REF-GRAMMAR-MANUAL-ADV;source:REF-GRAMMAR-MANUAL-ELEM;source:REF-GRAMMAR-MANUAL-INTER;source:REF-HUANG-LIAO-MODERN-CHINESE;source:REF-LU-TCSL-GRAMMAR
13,ASGD-2027-0634,2d9f0a27361fa016,时间/处所功能结构,处所状语候选,是目标语法点,是目标语法点,1,0.9952547550201416,0,candidate:处所状语候选;family:时间/处所功能结构;rule:KG-RULE-V02-0039;rule:KG-RULE-V02-0040;rule:KG-RULE-V02-0041;source:REF-GF0025-2021;source:REF-GRAMMAR-MANUAL-ELEM;source:REF-GRAMMAR-MANUAL-INTER;source:REF-HUANG-LIAO-MODERN-CHINESE
13,ASGD-2027-0640,7da01937968ebf2e,处置/受事重组构式,把字句候选,是目标语法点,是目标语法点,1,0.9981259703636169,0,candidate:把字句候选;family:处置/受事重组构式;rule:KG-RULE-V02-0001;rule:KG-RULE-V02-0002;rule:KG-RULE-V02-0003;source:REF-GF0025-2021;source:REF-GRAMMAR-MANUAL-ELEM;source:REF-GRAMMAR-MANUAL-INTER;source:REF-LIU-PRACTICAL-GRAMMAR;source:REF-LU-TCSL-GRAMMAR
13,ASGD-2027-0649,6c1db6049b89f3bd,时间/处所功能结构,时间状语候选,是目标语法点,是目标语法点,1,0.9978787899017334,0,candidate:时间状语候选;family:时间/处所功能结构;rule:KG-RULE-V02-0030;rule:KG-RULE-V02-0031;rule:KG-RULE-V02-0032;source:REF-GF0025-2021;source:REF-GRAMMAR-MANUAL-ADV;source:REF-GRAMMAR-MANUAL-ELEM;source:REF-GRAMMAR-MANUAL-INTER;source:REF-HUANG-LIAO-MODERN-CHINESE
13,ASGD-2027-0650,4e6bfa5dd220f52c,处置/受事重组构式,把字句候选,是目标语法点,是目标语法点,1,0.9983440637588501,0,candidate:把字句候选;family:处置/受事重组构式;rule:KG-RULE-V02-0001;rule:KG-RULE-V02-0002;rule:KG-RULE-V02-0003;source:REF-GF0025-2021;source:REF-GRAMMAR-MANUAL-ELEM;source:REF-GRAMMAR-MANUAL-INTER;source:REF-LIU-PRACTICAL-GRAMMAR;source:REF-LU-TCSL-GRAMMAR
13,ASGD-2027-0653,f64ce09e65f8d6ad,介词/框架结构,向/往/朝介词框架候选,是目标语法点,是目标语法点,1,0.9982619881629944,0,candidate:向/往/朝介词框架候选;family:介词/框架结构;rule:KG-RULE-V02-0125;rule:KG-RULE-V02-0126;rule:KG-RULE-V02-0127;source:REF-GF0025-2021;source:REF-GRAMMAR-MANUAL-ADV;source:REF-GRAMMAR-MANUAL-ELEM;source:REF-GRAMMAR-MANUAL-INTER;source:REF-HUANG-LIAO-MODERN-CHINESE;source:REF-LU-TCSL-GRAMMAR
13,ASGD-2027-0654,62cea3e313790f36,时间/处所功能结构,时间状语候选,是目标语法点,是目标语法点,1,0.9980602860450745,0,candidate:时间状语候选;family:时间/处所功能结构;rule:KG-RULE-V02-0030;rule:KG-RULE-V02-0031;rule:KG-RULE-V02-0032;source:REF-GF0025-2021;source:REF-GRAMMAR-MANUAL-ADV;source:REF-GRAMMAR-MANUAL-ELEM;source:REF-GRAMMAR-MANUAL-INTER;source:REF-HUANG-LIAO-MODERN-CHINESE
13,ASGD-2027-0655,c7ce5b2d7a9009e0,比较构式,比字比较候选,不是目标语法点,不是目标语法点,1,0.9979198575019836,1,candidate:比字比较候选;family:比较构式;rule:KG-RULE-V02-0053;rule:KG-RULE-V02-0054;rule:KG-RULE-V02-0056;source:REF-GF0025-2021;source:REF-GRAMMAR-MANUAL-ADV;source:REF-GRAMMAR-MANUAL-ELEM;source:REF-GRAMMAR-MANUAL-INTER;source:REF-LIU-PRACTICAL-GRAMMAR
13,ASGD-2027-0656,2b9c8c93cbfb0d66,介词/框架结构,给/为/关于等介词框架候选,是目标语法点,是目标语法点,1,0.9982878565788269,0,candidate:给/为/关于等介词框架候选;family:介词/框架结构;rule:KG-RULE-V02-0135;rule:KG-RULE-V02-0136;rule:KG-RULE-V02-0137;source:REF-GF0025-2021;source:REF-GRAMMAR-MANUAL-ADV;source:REF-GRAMMAR-MANUAL-ELEM;source:REF-GRAMMAR-MANUAL-INTER;source:REF-HUANG-LIAO-MODERN-CHINESE;source:REF-LU-TCSL-GRAMMAR
13,ASGD-2027-0663,cb3c1a5b8f1d4b10,比较构式,没有比较候选,是目标语法点,是目标语法点,1,0.9163399338722229,0,candidate:没有比较候选;family:比较构式;rule:KG-RULE-V02-0059;rule:KG-RULE-V02-0060;rule:KG-RULE-V02-0061;source:REF-GF0025-2021;source:REF-GRAMMAR-MANUAL-ADV;source:REF-GRAMMAR-MANUAL-ELEM;source:REF-GRAMMAR-MANUAL-INTER;source:REF-LIU-PRACTICAL-GRAMMAR
13,ASGD-2027-0676,bad53a71f19a9a54,时间/处所功能结构,时间状语候选,是目标语法点,是目标语法点,1,0.9977066516876221,0,candidate:时间状语候选;family:时间/处所功能结构;rule:KG-RULE-V02-0033;source:REF-GF0025-2021;source:REF-GRAMMAR-MANUAL-ADV;source:REF-GRAMMAR-MANUAL-ELEM;source:REF-GRAMMAR-MANUAL-INTER;source:REF-HUANG-LIAO-MODERN-CHINESE
13,ASGD-2027-0685,20e4dc0b65855f6d,处置/受事重组构式,把字句候选,是目标语法点,是目标语法点,1,0.9982775449752808,0,candidate:把字句候选;family:处置/受事重组构式;rule:KG-RULE-V02-0001;rule:KG-RULE-V02-0002;rule:KG-RULE-V02-0003;source:REF-GF0025-2021;source:REF-GRAMMAR-MANUAL-ELEM;source:REF-GRAMMAR-MANUAL-INTER;source:REF-LIU-PRACTICAL-GRAMMAR;source:REF-LU-TCSL-GRAMMAR
13,ASGD-2027-0686,a6f9498f627b1e1d,时间/处所功能结构,时间状语候选,是目标语法点,是目标语法点,1,0.9979826211929321,0,candidate:时间状语候选;family:时间/处所功能结构;rule:KG-RULE-V02-0030;rule:KG-RULE-V02-0031;rule:KG-RULE-V02-0032;source:REF-GF0025-2021;source:REF-GRAMMAR-MANUAL-ADV;source:REF-GRAMMAR-MANUAL-ELEM;source:REF-GRAMMAR-MANUAL-INTER;source:REF-HUANG-LIAO-MODERN-CHINESE
13,ASGD-2027-0694,5f60f1cb75c5f858,介词/框架结构,对字介词框架候选,是目标语法点,是目标语法点,1,0.9982051849365234,0,candidate:对字介词框架候选;family:介词/框架结构;rule:KG-RULE-V02-0115;rule:KG-RULE-V02-0116;rule:KG-RULE-V02-0117;source:REF-GF0025-2021;source:REF-GRAMMAR-MANUAL-ADV;source:REF-GRAMMAR-MANUAL-ELEM;source:REF-GRAMMAR-MANUAL-INTER;source:REF-HUANG-LIAO-MODERN-CHINESE;source:REF-LU-TCSL-GRAMMAR
13,ASGD-2027-0702,3edb3a97cdd8751e,介词/框架结构,对字介词框架候选,是目标语法点,是目标语法点,1,0.9979411959648132,0,candidate:对字介词框架候选;family:介词/框架结构;rule:KG-RULE-V02-0115;rule:KG-RULE-V02-0116;rule:KG-RULE-V02-0117;source:REF-GF0025-2021;source:REF-GRAMMAR-MANUAL-ADV;source:REF-GRAMMAR-MANUAL-ELEM;source:REF-GRAMMAR-MANUAL-INTER;source:REF-HUANG-LIAO-MODERN-CHINESE;source:REF-LU-TCSL-GRAMMAR
13,ASGD-2027-0703,47076a67c72b5fc4,被动/受事凸显构式,被字句候选,是目标语法点,是目标语法点,1,0.9979193806648254,0,candidate:被字句候选;family:被动/受事凸显构式;rule:KG-RULE-V02-0022;rule:KG-RULE-V02-0024;source:REF-GF0025-2021;source:REF-GRAMMAR-MANUAL-ADV;source:REF-GRAMMAR-MANUAL-ELEM;source:REF-GRAMMAR-MANUAL-INTER;source:REF-LIU-PRACTICAL-GRAMMAR;source:REF-LU-TCSL-GRAMMAR
13,ASGD-2027-0704,33c86c8985a5d4a5,时间/处所功能结构,处所状语候选,不是目标语法点,是目标语法点,0,0.9935991764068604,0,candidate:处所状语候选;family:时间/处所功能结构;rule:KG-RULE-V02-0042;source:REF-GF0025-2021;source:REF-GRAMMAR-MANUAL-ELEM;source:REF-GRAMMAR-MANUAL-INTER;source:REF-HUANG-LIAO-MODERN-CHINESE
13,ASGD-2027-0722,504a0f68ed130ea5,时间/处所功能结构,时间状语候选,是目标语法点,是目标语法点,1,0.9977438449859619,0,candidate:时间状语候选;family:时间/处所功能结构;rule:KG-RULE-V02-0030;rule:KG-RULE-V02-0031;rule:KG-RULE-V02-0032;source:REF-GF0025-2021;source:REF-GRAMMAR-MANUAL-ADV;source:REF-GRAMMAR-MANUAL-ELEM;source:REF-GRAMMAR-MANUAL-INTER;source:REF-HUANG-LIAO-MODERN-CHINESE
13,ASGD-2027-0723,02ac99b167afd37b,比较构式,没有比较候选,不是目标语法点,不是目标语法点,1,0.9983320832252502,0,candidate:没有比较候选;family:比较构式;rule:KG-RULE-V02-0059;rule:KG-RULE-V02-0060;rule:KG-RULE-V02-0061;source:REF-GF0025-2021;source:REF-GRAMMAR-MANUAL-ADV;source:REF-GRAMMAR-MANUAL-ELEM;source:REF-GRAMMAR-MANUAL-INTER;source:REF-LIU-PRACTICAL-GRAMMAR
13,ASGD-2027-0725,c68eebf74f1a4ccb,介词/框架结构,在字介词框架候选,是目标语法点,是目标语法点,1,0.9980787038803101,0,candidate:在字介词框架候选;family:介词/框架结构;rule:KG-RULE-V02-0099;rule:KG-RULE-V02-0100;rule:KG-RULE-V02-0101;source:REF-GF0025-2021;source:REF-GRAMMAR-MANUAL-ADV;source:REF-GRAMMAR-MANUAL-ELEM;source:REF-GRAMMAR-MANUAL-INTER;source:REF-HUANG-LIAO-MODERN-CHINESE;source:REF-LU-TCSL-GRAMMAR
13,ASGD-2027-0726,dfab6114d9f2e822,补语结构,得字补语候选,不是目标语法点,是目标语法点,0,0.9968926310539246,0,candidate:得字补语候选;family:补语结构;rule:KG-RULE-V02-0047;rule:KG-RULE-V02-0049;source:REF-GF0025-2021;source:REF-GRAMMAR-MANUAL-ADV;source:REF-GRAMMAR-MANUAL-ELEM;source:REF-GRAMMAR-MANUAL-INTER;source:REF-HUANG-LIAO-MODERN-CHINESE;source:REF-LIU-PRACTICAL-GRAMMAR
13,ASGD-2027-0727,b28f12b6e059a77b,介词/框架结构,向/往/朝介词框架候选,是目标语法点,是目标语法点,1,0.9982717037200928,0,candidate:向/往/朝介词框架候选;family:介词/框架结构;rule:KG-RULE-V02-0125;rule:KG-RULE-V02-0126;rule:KG-RULE-V02-0127;source:REF-GF0025-2021;source:REF-GRAMMAR-MANUAL-ADV;source:REF-GRAMMAR-MANUAL-ELEM;source:REF-GRAMMAR-MANUAL-INTER;source:REF-HUANG-LIAO-MODERN-CHINESE;source:REF-LU-TCSL-GRAMMAR
13,ASGD-2027-0730,edaad9eaec7f51c8,时间/处所功能结构,处所状语候选,不是目标语法点,是目标语法点,0,0.9604464173316956,0,candidate:处所状语候选;family:时间/处所功能结构;rule:KG-RULE-V02-0039;rule:KG-RULE-V02-0040;rule:KG-RULE-V02-0041;source:REF-GF0025-2021;source:REF-GRAMMAR-MANUAL-ELEM;source:REF-GRAMMAR-MANUAL-INTER;source:REF-HUANG-LIAO-MODERN-CHINESE
13,ASGD-2027-0731,907b7a0c71a95891,多谓词/论元结构,双宾/给予结构候选,是目标语法点,是目标语法点,1,0.9981520771980286,0,candidate:双宾/给予结构候选;family:多谓词/论元结构
13,ASGD-2027-0734,52d612f8449e2b5b,比较构式,比字比较候选,是目标语法点,是目标语法点,1,0.9976801872253418,0,candidate:比字比较候选;family:比较构式;rule:KG-RULE-V02-0053;rule:KG-RULE-V02-0054;source:REF-GF0025-2021;source:REF-GRAMMAR-MANUAL-ADV;source:REF-GRAMMAR-MANUAL-ELEM;source:REF-GRAMMAR-MANUAL-INTER;source:REF-LIU-PRACTICAL-GRAMMAR
13,ASGD-2027-0737,e2eb7da0ea106c14,补语结构,得字补语候选,不是目标语法点,不是目标语法点,1,0.9950226545333862,0,candidate:得字补语候选;family:补语结构;rule:KG-RULE-V02-0047;rule:KG-RULE-V02-0049;source:REF-GF0025-2021;source:REF-GRAMMAR-MANUAL-ADV;source:REF-GRAMMAR-MANUAL-ELEM;source:REF-GRAMMAR-MANUAL-INTER;source:REF-HUANG-LIAO-MODERN-CHINESE;source:REF-LIU-PRACTICAL-GRAMMAR
13,ASGD-2027-0738,47fb48e547ce3c8e,补语结构,趋向补语候选,是目标语法点,是目标语法点,1,0.9979785084724426,0,candidate:趋向补语候选;family:补语结构
13,ASGD-2027-0746,524b9cfd7f0d8dc8,多谓词/论元结构,双宾/给予结构候选,不是目标语法点,不是目标语法点,1,0.6359369158744812,0,candidate:双宾/给予结构候选;family:多谓词/论元结构
13,ASGD-2027-0749,44ce4235829fb280,介词/框架结构,在字介词框架候选,是目标语法点,是目标语法点,1,0.997857391834259,0,candidate:在字介词框架候选;family:介词/框架结构;rule:KG-RULE-V02-0099;rule:KG-RULE-V02-0100;rule:KG-RULE-V02-0101;source:REF-GF0025-2021;source:REF-GRAMMAR-MANUAL-ADV;source:REF-GRAMMAR-MANUAL-ELEM;source:REF-GRAMMAR-MANUAL-INTER;source:REF-HUANG-LIAO-MODERN-CHINESE;source:REF-LU-TCSL-GRAMMAR
13,ASGD-2027-0750,b33c8ab00b99ac5b,介词/框架结构,给/为/关于等介词框架候选,是目标语法点,是目标语法点,1,0.9974422454833984,0,candidate:给/为/关于等介词框架候选;family:介词/框架结构;rule:KG-RULE-V02-0135;rule:KG-RULE-V02-0136;rule:KG-RULE-V02-0137;source:REF-GF0025-2021;source:REF-GRAMMAR-MANUAL-ADV;source:REF-GRAMMAR-MANUAL-ELEM;source:REF-GRAMMAR-MANUAL-INTER;source:REF-HUANG-LIAO-MODERN-CHINESE;source:REF-LU-TCSL-GRAMMAR
13,ASGD-2027-0751,959f33a2d877a077,比较构式,没有比较候选,不是目标语法点,不是目标语法点,1,0.9980212450027466,0,candidate:没有比较候选;family:比较构式;rule:KG-RULE-V02-0059;rule:KG-RULE-V02-0060;rule:KG-RULE-V02-0061;source:REF-GF0025-2021;source:REF-GRAMMAR-MANUAL-ADV;source:REF-GRAMMAR-MANUAL-ELEM;source:REF-GRAMMAR-MANUAL-INTER;source:REF-LIU-PRACTICAL-GRAMMAR
13,ASGD-2027-0758,068151d5be35388f,时间/处所功能结构,时间状语候选,是目标语法点,是目标语法点,1,0.9979002475738525,0,candidate:时间状语候选;family:时间/处所功能结构;rule:KG-RULE-V02-0033;source:REF-GF0025-2021;source:REF-GRAMMAR-MANUAL-ADV;source:REF-GRAMMAR-MANUAL-ELEM;source:REF-GRAMMAR-MANUAL-INTER;source:REF-HUANG-LIAO-MODERN-CHINESE
13,ASGD-2027-0761,c40a1f05f5317513,时间/处所功能结构,时间状语候选,是目标语法点,是目标语法点,1,0.9978799819946289,0,candidate:时间状语候选;family:时间/处所功能结构;rule:KG-RULE-V02-0030;rule:KG-RULE-V02-0031;rule:KG-RULE-V02-0032;source:REF-GF0025-2021;source:REF-GRAMMAR-MANUAL-ADV;source:REF-GRAMMAR-MANUAL-ELEM;source:REF-GRAMMAR-MANUAL-INTER;source:REF-HUANG-LIAO-MODERN-CHINESE
13,ASGD-2027-0765,9f9750acfbcace0f,比较构式,比字比较候选,是目标语法点,是目标语法点,1,0.9978475570678711,0,candidate:比字比较候选;family:比较构式;rule:KG-RULE-V02-0053;rule:KG-RULE-V02-0054;source:REF-GF0025-2021;source:REF-GRAMMAR-MANUAL-ADV;source:REF-GRAMMAR-MANUAL-ELEM;source:REF-GRAMMAR-MANUAL-INTER;source:REF-LIU-PRACTICAL-GRAMMAR
13,ASGD-2027-0771,2773fe311aad7eda,处置/受事重组构式,把字句候选,是目标语法点,是目标语法点,1,0.9980510473251343,0,candidate:把字句候选;family:处置/受事重组构式;rule:KG-RULE-V02-0001;rule:KG-RULE-V02-0002;rule:KG-RULE-V02-0003;source:REF-GF0025-2021;source:REF-GRAMMAR-MANUAL-ELEM;source:REF-GRAMMAR-MANUAL-INTER;source:REF-LIU-PRACTICAL-GRAMMAR;source:REF-LU-TCSL-GRAMMAR
13,ASGD-2027-0789,cd9521ae14a144ac,介词/框架结构,给/为/关于等介词框架候选,不是目标语法点,是目标语法点,0,0.9658433198928833,0,candidate:给/为/关于等介词框架候选;family:介词/框架结构;rule:KG-RULE-V02-0135;rule:KG-RULE-V02-0136;rule:KG-RULE-V02-0137;source:REF-GF0025-2021;source:REF-GRAMMAR-MANUAL-ADV;source:REF-GRAMMAR-MANUAL-ELEM;source:REF-GRAMMAR-MANUAL-INTER;source:REF-HUANG-LIAO-MODERN-CHINESE;source:REF-LU-TCSL-GRAMMAR
13,ASGD-2027-0800,bafcef868976e1d9,处置/受事重组构式,把字句候选,是目标语法点,是目标语法点,1,0.9948664903640747,0,candidate:把字句候选;family:处置/受事重组构式;rule:KG-RULE-V02-0001;rule:KG-RULE-V02-0002;rule:KG-RULE-V02-0003;source:REF-GF0025-2021;source:REF-GRAMMAR-MANUAL-ELEM;source:REF-GRAMMAR-MANUAL-INTER;source:REF-LIU-PRACTICAL-GRAMMAR;source:REF-LU-TCSL-GRAMMAR
13,ASGD-2027-0801,64801b844879507c,被动/受事凸显构式,被字句候选,是目标语法点,是目标语法点,1,0.9981021285057068,0,candidate:被字句候选;family:被动/受事凸显构式;rule:KG-RULE-V02-0022;rule:KG-RULE-V02-0024;source:REF-GF0025-2021;source:REF-GRAMMAR-MANUAL-ADV;source:REF-GRAMMAR-MANUAL-ELEM;source:REF-GRAMMAR-MANUAL-INTER;source:REF-LIU-PRACTICAL-GRAMMAR;source:REF-LU-TCSL-GRAMMAR
13,ASGD-2027-0803,22b68fdfcd7b9263,时间/处所功能结构,处所状语候选,是目标语法点,是目标语法点,1,0.9956902861595154,0,candidate:处所状语候选;family:时间/处所功能结构;rule:KG-RULE-V02-0042;source:REF-GF0025-2021;source:REF-GRAMMAR-MANUAL-ELEM;source:REF-GRAMMAR-MANUAL-INTER;source:REF-HUANG-LIAO-MODERN-CHINESE
13,ASGD-2027-0805,a6f9498f627b1e1d,多谓词/论元结构,双宾/给予结构候选,不是目标语法点,不是目标语法点,1,0.9925957322120667,0,candidate:双宾/给予结构候选;family:多谓词/论元结构
13,ASGD-2027-0806,1540c2dcd2f601a3,介词/框架结构,对字介词框架候选,是目标语法点,是目标语法点,1,0.9983103275299072,0,candidate:对字介词框架候选;family:介词/框架结构;rule:KG-RULE-V02-0115;rule:KG-RULE-V02-0116;rule:KG-RULE-V02-0117;source:REF-GF0025-2021;source:REF-GRAMMAR-MANUAL-ADV;source:REF-GRAMMAR-MANUAL-ELEM;source:REF-GRAMMAR-MANUAL-INTER;source:REF-HUANG-LIAO-MODERN-CHINESE;source:REF-LU-TCSL-GRAMMAR
13,ASGD-2027-0812,dc5dd29ed5e14222,时间/处所功能结构,时间状语候选,是目标语法点,是目标语法点,1,0.9981556534767151,0,candidate:时间状语候选;family:时间/处所功能结构;rule:KG-RULE-V02-0030;rule:KG-RULE-V02-0031;rule:KG-RULE-V02-0032;source:REF-GF0025-2021;source:REF-GRAMMAR-MANUAL-ADV;source:REF-GRAMMAR-MANUAL-ELEM;source:REF-GRAMMAR-MANUAL-INTER;source:REF-HUANG-LIAO-MODERN-CHINESE
13,ASGD-2027-0821,ef68cbf702aec413,多谓词/论元结构,双宾/给予结构候选,是目标语法点,是目标语法点,1,0.9980016350746155,0,candidate:双宾/给予结构候选;family:多谓词/论元结构
13,ASGD-2027-0824,7943c35f48dbf26d,比较构式,比字比较候选,是目标语法点,是目标语法点,1,0.9981083869934082,0,candidate:比字比较候选;family:比较构式;rule:KG-RULE-V02-0053;rule:KG-RULE-V02-0054;source:REF-GF0025-2021;source:REF-GRAMMAR-MANUAL-ADV;source:REF-GRAMMAR-MANUAL-ELEM;source:REF-GRAMMAR-MANUAL-INTER;source:REF-LIU-PRACTICAL-GRAMMAR
13,ASGD-2027-0836,57d454ade1861118,时间/处所功能结构,处所状语候选,是目标语法点,是目标语法点,1,0.8938139081001282,0,candidate:处所状语候选;family:时间/处所功能结构;rule:KG-RULE-V02-0039;rule:KG-RULE-V02-0040;rule:KG-RULE-V02-0041;source:REF-GF0025-2021;source:REF-GRAMMAR-MANUAL-ELEM;source:REF-GRAMMAR-MANUAL-INTER;source:REF-HUANG-LIAO-MODERN-CHINESE
13,ASGD-2027-0842,1fe134d488cbd6ce,补语结构,趋向补语候选,是目标语法点,是目标语法点,1,0.9980403780937195,0,candidate:趋向补语候选;family:补语结构
13,ASGD-2027-0844,296a31d2dda764a1,时间/处所功能结构,时间状语候选,是目标语法点,是目标语法点,1,0.9982250332832336,0,candidate:时间状语候选;family:时间/处所功能结构;rule:KG-RULE-V02-0030;rule:KG-RULE-V02-0031;rule:KG-RULE-V02-0032;source:REF-GF0025-2021;source:REF-GRAMMAR-MANUAL-ADV;source:REF-GRAMMAR-MANUAL-ELEM;source:REF-GRAMMAR-MANUAL-INTER;source:REF-HUANG-LIAO-MODERN-CHINESE
13,ASGD-2027-0850,903dd53b24a838d4,处置/受事重组构式,把字句候选,是目标语法点,是目标语法点,1,0.9979873895645142,0,candidate:把字句候选;family:处置/受事重组构式;rule:KG-RULE-V02-0001;rule:KG-RULE-V02-0002;rule:KG-RULE-V02-0003;source:REF-GF0025-2021;source:REF-GRAMMAR-MANUAL-ELEM;source:REF-GRAMMAR-MANUAL-INTER;source:REF-LIU-PRACTICAL-GRAMMAR;source:REF-LU-TCSL-GRAMMAR
13,ASGD-2027-0858,94e001a70ddfc03b,时间/处所功能结构,处所状语候选,是目标语法点,是目标语法点,1,0.9969214797019958,0,candidate:处所状语候选;family:时间/处所功能结构;rule:KG-RULE-V02-0039;rule:KG-RULE-V02-0040;rule:KG-RULE-V02-0041;source:REF-GF0025-2021;source:REF-GRAMMAR-MANUAL-ELEM;source:REF-GRAMMAR-MANUAL-INTER;source:REF-HUANG-LIAO-MODERN-CHINESE
13,ASGD-2027-0859,6ea4513481922f79,被动/受事凸显构式,被字句候选,是目标语法点,是目标语法点,1,0.9974023699760437,0,candidate:被字句候选;family:被动/受事凸显构式;rule:KG-RULE-V02-0022;rule:KG-RULE-V02-0024;source:REF-GF0025-2021;source:REF-GRAMMAR-MANUAL-ADV;source:REF-GRAMMAR-MANUAL-ELEM;source:REF-GRAMMAR-MANUAL-INTER;source:REF-LIU-PRACTICAL-GRAMMAR;source:REF-LU-TCSL-GRAMMAR
13,ASGD-2027-0864,5fe81c84f8f5a274,补语结构,结果补语候选,是目标语法点,是目标语法点,1,0.9980111122131348,0,candidate:结果补语候选;family:补语结构
13,ASGD-2027-0869,36e009558ed2d0df,处置/受事重组构式,把字句候选,是目标语法点,是目标语法点,1,0.9978817105293274,0,candidate:把字句候选;family:处置/受事重组构式;rule:KG-RULE-V02-0001;rule:KG-RULE-V02-0002;rule:KG-RULE-V02-0003;source:REF-GF0025-2021;source:REF-GRAMMAR-MANUAL-ELEM;source:REF-GRAMMAR-MANUAL-INTER;source:REF-LIU-PRACTICAL-GRAMMAR;source:REF-LU-TCSL-GRAMMAR
13,ASGD-2027-0876,c3a8b39594ad34a9,多谓词/论元结构,双宾/给予结构候选,不是目标语法点,不是目标语法点,1,0.9912007451057434,0,candidate:双宾/给予结构候选;family:多谓词/论元结构
13,ASGD-2027-0880,fb74027f9c980d6c,补语结构,趋向补语候选,是目标语法点,是目标语法点,1,0.9978681802749634,0,candidate:趋向补语候选;family:补语结构
13,ASGD-2027-0887,ca4929288b2aa37a,时间/处所功能结构,时间状语候选,是目标语法点,是目标语法点,1,0.997711181640625,0,candidate:时间状语候选;family:时间/处所功能结构;rule:KG-RULE-V02-0033;source:REF-GF0025-2021;source:REF-GRAMMAR-MANUAL-ADV;source:REF-GRAMMAR-MANUAL-ELEM;source:REF-GRAMMAR-MANUAL-INTER;source:REF-HUANG-LIAO-MODERN-CHINESE
13,ASGD-2027-0891,e7f591519572a5c3,多谓词/论元结构,双宾/给予结构候选,不是目标语法点,是目标语法点,0,0.9977315068244934,0,candidate:双宾/给予结构候选;family:多谓词/论元结构
13,ASGD-2027-0896,2f8486196e902700,补语结构,趋向补语候选,是目标语法点,是目标语法点,1,0.9982360601425171,0,candidate:趋向补语候选;family:补语结构
13,ASGD-2027-0900,2d9f0a27361fa016,时间/处所功能结构,处所状语候选,不是目标语法点,是目标语法点,0,0.9815857410430908,0,candidate:处所状语候选;family:时间/处所功能结构;rule:KG-RULE-V02-0042;source:REF-GF0025-2021;source:REF-GRAMMAR-MANUAL-ELEM;source:REF-GRAMMAR-MANUAL-INTER;source:REF-HUANG-LIAO-MODERN-CHINESE
13,ASGD-2027-0904,68860606a7543d48,多谓词/论元结构,双宾/给予结构候选,是目标语法点,是目标语法点,1,0.9958124756813049,0,candidate:双宾/给予结构候选;family:多谓词/论元结构
13,ASGD-2027-0906,da6e98449f853aba,多谓词/论元结构,双宾/给予结构候选,不是目标语法点,不是目标语法点,1,0.9948140382766724,0,candidate:双宾/给予结构候选;family:多谓词/论元结构
13,ASGD-2027-0908,35a475ca3cdc19ed,时间/处所功能结构,时间状语候选,是目标语法点,是目标语法点,1,0.9982438087463379,0,candidate:时间状语候选;family:时间/处所功能结构;rule:KG-RULE-V02-0030;rule:KG-RULE-V02-0031;rule:KG-RULE-V02-0032;source:REF-GF0025-2021;source:REF-GRAMMAR-MANUAL-ADV;source:REF-GRAMMAR-MANUAL-ELEM;source:REF-GRAMMAR-MANUAL-INTER;source:REF-HUANG-LIAO-MODERN-CHINESE
13,ASGD-2027-0910,305dc1aed01bcd1e,介词/框架结构,给/为/关于等介词框架候选,是目标语法点,是目标语法点,1,0.9982129335403442,0,candidate:给/为/关于等介词框架候选;family:介词/框架结构;rule:KG-RULE-V02-0135;rule:KG-RULE-V02-0136;rule:KG-RULE-V02-0137;source:REF-GF0025-2021;source:REF-GRAMMAR-MANUAL-ADV;source:REF-GRAMMAR-MANUAL-ELEM;source:REF-GRAMMAR-MANUAL-INTER;source:REF-HUANG-LIAO-MODERN-CHINESE;source:REF-LU-TCSL-GRAMMAR
13,ASGD-2027-0918,c74709625770f1c6,时间/处所功能结构,时间状语候选,是目标语法点,是目标语法点,1,0.9980807304382324,0,candidate:时间状语候选;family:时间/处所功能结构;rule:KG-RULE-V02-0030;rule:KG-RULE-V02-0031;rule:KG-RULE-V02-0032;source:REF-GF0025-2021;source:REF-GRAMMAR-MANUAL-ADV;source:REF-GRAMMAR-MANUAL-ELEM;source:REF-GRAMMAR-MANUAL-INTER;source:REF-HUANG-LIAO-MODERN-CHINESE
13,ASGD-2027-0929,7baec78853a81997,处置/受事重组构式,把字句候选,是目标语法点,是目标语法点,1,0.9981702566146851,0,candidate:把字句候选;family:处置/受事重组构式;rule:KG-RULE-V02-0001;rule:KG-RULE-V02-0002;rule:KG-RULE-V02-0003;source:REF-GF0025-2021;source:REF-GRAMMAR-MANUAL-ELEM;source:REF-GRAMMAR-MANUAL-INTER;source:REF-LIU-PRACTICAL-GRAMMAR;source:REF-LU-TCSL-GRAMMAR
13,ASGD-2027-0947,78298b4bf0e07f57,比较构式,比字比较候选,是目标语法点,是目标语法点,1,0.9976639747619629,0,candidate:比字比较候选;family:比较构式;rule:KG-RULE-V02-0053;rule:KG-RULE-V02-0054;source:REF-GF0025-2021;source:REF-GRAMMAR-MANUAL-ADV;source:REF-GRAMMAR-MANUAL-ELEM;source:REF-GRAMMAR-MANUAL-INTER;source:REF-LIU-PRACTICAL-GRAMMAR
13,ASGD-2027-0954,244f863f047566aa,补语结构,得字补语候选,是目标语法点,是目标语法点,1,0.9957373142242432,0,candidate:得字补语候选;family:补语结构;rule:KG-RULE-V02-0047;rule:KG-RULE-V02-0049;source:REF-GF0025-2021;source:REF-GRAMMAR-MANUAL-ADV;source:REF-GRAMMAR-MANUAL-ELEM;source:REF-GRAMMAR-MANUAL-INTER;source:REF-HUANG-LIAO-MODERN-CHINESE;source:REF-LIU-PRACTICAL-GRAMMAR
13,ASGD-2027-0955,17c7e245c72f42ef,处置/受事重组构式,把字句候选,是目标语法点,是目标语法点,1,0.9982239603996277,0,candidate:把字句候选;family:处置/受事重组构式;rule:KG-RULE-V02-0001;rule:KG-RULE-V02-0002;rule:KG-RULE-V02-0003;source:REF-GF0025-2021;source:REF-GRAMMAR-MANUAL-ELEM;source:REF-GRAMMAR-MANUAL-INTER;source:REF-LIU-PRACTICAL-GRAMMAR;source:REF-LU-TCSL-GRAMMAR
13,ASGD-2027-0966,45a855f27c33944e,时间/处所功能结构,时间状语候选,是目标语法点,是目标语法点,1,0.9977713823318481,0,candidate:时间状语候选;family:时间/处所功能结构;rule:KG-RULE-V02-0030;rule:KG-RULE-V02-0031;rule:KG-RULE-V02-0032;source:REF-GF0025-2021;source:REF-GRAMMAR-MANUAL-ADV;source:REF-GRAMMAR-MANUAL-ELEM;source:REF-GRAMMAR-MANUAL-INTER;source:REF-HUANG-LIAO-MODERN-CHINESE
13,ASGD-2027-0973,e8843da8de537e91,多谓词/论元结构,双宾/给予结构候选,是目标语法点,是目标语法点,1,0.9980968832969666,0,candidate:双宾/给予结构候选;family:多谓词/论元结构
13,ASGD-2027-0974,d9edf24a0f5a9f70,被动/受事凸显构式,被字句候选,是目标语法点,是目标语法点,1,0.9982175230979919,0,candidate:被字句候选;family:被动/受事凸显构式;rule:KG-RULE-V02-0022;rule:KG-RULE-V02-0024;source:REF-GF0025-2021;source:REF-GRAMMAR-MANUAL-ADV;source:REF-GRAMMAR-MANUAL-ELEM;source:REF-GRAMMAR-MANUAL-INTER;source:REF-LIU-PRACTICAL-GRAMMAR;source:REF-LU-TCSL-GRAMMAR
13,ASGD-2027-0979,7d509eaf96f7fe5a,比较构式,没有比较候选,不是目标语法点,不是目标语法点,1,0.9984444975852966,0,candidate:没有比较候选;family:比较构式;rule:KG-RULE-V02-0059;rule:KG-RULE-V02-0060;rule:KG-RULE-V02-0061;source:REF-GF0025-2021;source:REF-GRAMMAR-MANUAL-ADV;source:REF-GRAMMAR-MANUAL-ELEM;source:REF-GRAMMAR-MANUAL-INTER;source:REF-LIU-PRACTICAL-GRAMMAR
13,ASGD-2027-0981,6688a4b9abf83a33,介词/框架结构,在字介词框架候选,是目标语法点,是目标语法点,1,0.9979262351989746,0,candidate:在字介词框架候选;family:介词/框架结构;rule:KG-RULE-V02-0099;rule:KG-RULE-V02-0100;rule:KG-RULE-V02-0101;source:REF-GF0025-2021;source:REF-GRAMMAR-MANUAL-ADV;source:REF-GRAMMAR-MANUAL-ELEM;source:REF-GRAMMAR-MANUAL-INTER;source:REF-HUANG-LIAO-MODERN-CHINESE;source:REF-LU-TCSL-GRAMMAR
13,ASGD-2027-0986,68860606a7543d48,补语结构,数量/时量补语候选,是目标语法点,是目标语法点,1,0.994117259979248,0,candidate:数量/时量补语候选;family:补语结构
13,ASGD-2027-0987,b10e74353ae2bb46,介词/框架结构,给/为/关于等介词框架候选,是目标语法点,是目标语法点,1,0.9977534413337708,0,candidate:给/为/关于等介词框架候选;family:介词/框架结构;rule:KG-RULE-V02-0135;rule:KG-RULE-V02-0136;rule:KG-RULE-V02-0137;source:REF-GF0025-2021;source:REF-GRAMMAR-MANUAL-ADV;source:REF-GRAMMAR-MANUAL-ELEM;source:REF-GRAMMAR-MANUAL-INTER;source:REF-HUANG-LIAO-MODERN-CHINESE;source:REF-LU-TCSL-GRAMMAR
13,ASGD-2027-1002,731a397eb9dbf25a,补语结构,得字补语候选,不是目标语法点,是目标语法点,0,0.5883511304855347,0,candidate:得字补语候选;family:补语结构;rule:KG-RULE-V02-0047;rule:KG-RULE-V02-0049;source:REF-GF0025-2021;source:REF-GRAMMAR-MANUAL-ADV;source:REF-GRAMMAR-MANUAL-ELEM;source:REF-GRAMMAR-MANUAL-INTER;source:REF-HUANG-LIAO-MODERN-CHINESE;source:REF-LIU-PRACTICAL-GRAMMAR
13,ASGD-2027-1018,40818cef7197a3b5,处置/受事重组构式,把字句候选,是目标语法点,是目标语法点,1,0.9980279803276062,0,candidate:把字句候选;family:处置/受事重组构式;rule:KG-RULE-V02-0001;rule:KG-RULE-V02-0002;rule:KG-RULE-V02-0003;source:REF-GF0025-2021;source:REF-GRAMMAR-MANUAL-ELEM;source:REF-GRAMMAR-MANUAL-INTER;source:REF-LIU-PRACTICAL-GRAMMAR;source:REF-LU-TCSL-GRAMMAR
13,ASGD-2027-1020,b055ac7c3a3d1e3d,处置/受事重组构式,把字句候选,是目标语法点,是目标语法点,1,0.9982243180274963,0,candidate:把字句候选;family:处置/受事重组构式;rule:KG-RULE-V02-0001;rule:KG-RULE-V02-0002;rule:KG-RULE-V02-0003;source:REF-GF0025-2021;source:REF-GRAMMAR-MANUAL-ELEM;source:REF-GRAMMAR-MANUAL-INTER;source:REF-LIU-PRACTICAL-GRAMMAR;source:REF-LU-TCSL-GRAMMAR
13,ASGD-2027-1021,82e038af616ffe41,比较构式,没有比较候选,不是目标语法点,不是目标语法点,1,0.9984732270240784,0,candidate:没有比较候选;family:比较构式;rule:KG-RULE-V02-0059;rule:KG-RULE-V02-0060;rule:KG-RULE-V02-0061;source:REF-GF0025-2021;source:REF-GRAMMAR-MANUAL-ADV;source:REF-GRAMMAR-MANUAL-ELEM;source:REF-GRAMMAR-MANUAL-INTER;source:REF-LIU-PRACTICAL-GRAMMAR
13,ASGD-2027-1024,a444847731cb2448,多谓词/论元结构,双宾/给予结构候选,是目标语法点,是目标语法点,1,0.9973742961883545,0,candidate:双宾/给予结构候选;family:多谓词/论元结构
13,ASGD-2027-1025,a77e1dbd2d0ea075,介词/框架结构,从字介词框架候选,是目标语法点,是目标语法点,1,0.998062789440155,0,candidate:从字介词框架候选;family:介词/框架结构;rule:KG-RULE-V02-0109;rule:KG-RULE-V02-0110;source:REF-GF0025-2021;source:REF-GRAMMAR-MANUAL-ADV;source:REF-GRAMMAR-MANUAL-ELEM;source:REF-GRAMMAR-MANUAL-INTER;source:REF-HUANG-LIAO-MODERN-CHINESE;source:REF-LU-TCSL-GRAMMAR
13,ASGD-2027-1027,d1429bd59c5b8aca,被动/受事凸显构式,被字句候选,是目标语法点,是目标语法点,1,0.9976670742034912,0,candidate:被字句候选;family:被动/受事凸显构式;rule:KG-RULE-V02-0022;rule:KG-RULE-V02-0024;source:REF-GF0025-2021;source:REF-GRAMMAR-MANUAL-ADV;source:REF-GRAMMAR-MANUAL-ELEM;source:REF-GRAMMAR-MANUAL-INTER;source:REF-LIU-PRACTICAL-GRAMMAR;source:REF-LU-TCSL-GRAMMAR
13,ASGD-2027-1032,01154029c59fd885,处置/受事重组构式,把字句候选,是目标语法点,是目标语法点,1,0.9982726573944092,0,candidate:把字句候选;family:处置/受事重组构式;rule:KG-RULE-V02-0001;rule:KG-RULE-V02-0002;rule:KG-RULE-V02-0003;source:REF-GF0025-2021;source:REF-GRAMMAR-MANUAL-ELEM;source:REF-GRAMMAR-MANUAL-INTER;source:REF-LIU-PRACTICAL-GRAMMAR;source:REF-LU-TCSL-GRAMMAR
13,ASGD-2027-1036,610e90ccc21682a7,复句关联结构,如果候选,是目标语法点,是目标语法点,1,0.9982908368110657,0,candidate:如果候选;family:复句关联结构
13,ASGD-2027-1048,b109faacf989da1a,补语结构,趋向补语候选,是目标语法点,是目标语法点,1,0.9977636337280273,0,candidate:趋向补语候选;family:补语结构
13,ASGD-2027-1049,e5081f73ff0888be,补语结构,数量/时量补语候选,是目标语法点,是目标语法点,1,0.9982696771621704,0,candidate:数量/时量补语候选;family:补语结构
13,ASGD-2027-1051,b08b425b2af70cda,处置/受事重组构式,把字句候选,是目标语法点,是目标语法点,1,0.9980898499488831,0,candidate:把字句候选;family:处置/受事重组构式;rule:KG-RULE-V02-0001;rule:KG-RULE-V02-0002;rule:KG-RULE-V02-0003;source:REF-GF0025-2021;source:REF-GRAMMAR-MANUAL-ELEM;source:REF-GRAMMAR-MANUAL-INTER;source:REF-LIU-PRACTICAL-GRAMMAR;source:REF-LU-TCSL-GRAMMAR
13,ASGD-2027-1052,eb7a3545b5a65754,处置/受事重组构式,把字句候选,是目标语法点,是目标语法点,1,0.997671902179718,0,candidate:把字句候选;family:处置/受事重组构式;rule:KG-RULE-V02-0001;rule:KG-RULE-V02-0002;rule:KG-RULE-V02-0003;source:REF-GF0025-2021;source:REF-GRAMMAR-MANUAL-ELEM;source:REF-GRAMMAR-MANUAL-INTER;source:REF-LIU-PRACTICAL-GRAMMAR;source:REF-LU-TCSL-GRAMMAR
13,ASGD-2027-1068,fb555890b650b338,处置/受事重组构式,把字句候选,不是目标语法点,不是目标语法点,1,0.9881951808929443,0,candidate:把字句候选;family:处置/受事重组构式;rule:KG-RULE-V02-0001;rule:KG-RULE-V02-0005;source:REF-GF0025-2021;source:REF-GRAMMAR-MANUAL-ELEM;source:REF-GRAMMAR-MANUAL-INTER;source:REF-LIU-PRACTICAL-GRAMMAR;source:REF-LU-TCSL-GRAMMAR
13,ASGD-2027-1070,0f88f710e2659507,多谓词/论元结构,双宾/给予结构候选,是目标语法点,是目标语法点,1,0.9981130361557007,0,candidate:双宾/给予结构候选;family:多谓词/论元结构
13,ASGD-2027-1073,296a31d2dda764a1,处置/受事重组构式,把字句候选,是目标语法点,是目标语法点,1,0.9982578158378601,0,candidate:把字句候选;family:处置/受事重组构式;rule:KG-RULE-V02-0001;rule:KG-RULE-V02-0002;rule:KG-RULE-V02-0003;source:REF-GF0025-2021;source:REF-GRAMMAR-MANUAL-ELEM;source:REF-GRAMMAR-MANUAL-INTER;source:REF-LIU-PRACTICAL-GRAMMAR;source:REF-LU-TCSL-GRAMMAR
13,ASGD-2027-1078,b5559c5cd608c2aa,多谓词/论元结构,双宾/给予结构候选,是目标语法点,是目标语法点,1,0.9981202483177185,0,candidate:双宾/给予结构候选;family:多谓词/论元结构
13,ASGD-2027-1082,e4c5caca7a5eacaf,时间/处所功能结构,处所状语候选,是目标语法点,是目标语法点,1,0.9331315159797668,0,candidate:处所状语候选;family:时间/处所功能结构;rule:KG-RULE-V02-0039;rule:KG-RULE-V02-0040;rule:KG-RULE-V02-0041;source:REF-GF0025-2021;source:REF-GRAMMAR-MANUAL-ELEM;source:REF-GRAMMAR-MANUAL-INTER;source:REF-HUANG-LIAO-MODERN-CHINESE
13,ASGD-2027-1085,713bf983463689d0,处置/受事重组构式,把字句候选,是目标语法点,是目标语法点,1,0.998233437538147,0,candidate:把字句候选;family:处置/受事重组构式;rule:KG-RULE-V02-0001;rule:KG-RULE-V02-0002;rule:KG-RULE-V02-0003;source:REF-GF0025-2021;source:REF-GRAMMAR-MANUAL-ELEM;source:REF-GRAMMAR-MANUAL-INTER;source:REF-LIU-PRACTICAL-GRAMMAR;source:REF-LU-TCSL-GRAMMAR
13,ASGD-2027-1090,88d4a2e4060b173b,补语结构,得字补语候选,是目标语法点,是目标语法点,1,0.998047947883606,0,candidate:得字补语候选;family:补语结构;rule:KG-RULE-V02-0047;rule:KG-RULE-V02-0049;source:REF-GF0025-2021;source:REF-GRAMMAR-MANUAL-ADV;source:REF-GRAMMAR-MANUAL-ELEM;source:REF-GRAMMAR-MANUAL-INTER;source:REF-HUANG-LIAO-MODERN-CHINESE;source:REF-LIU-PRACTICAL-GRAMMAR
13,ASGD-2027-1092,8cfc21b553116bf9,介词/框架结构,从字介词框架候选,是目标语法点,是目标语法点,1,0.9978899359703064,0,candidate:从字介词框架候选;family:介词/框架结构;rule:KG-RULE-V02-0109;rule:KG-RULE-V02-0110;source:REF-GF0025-2021;source:REF-GRAMMAR-MANUAL-ADV;source:REF-GRAMMAR-MANUAL-ELEM;source:REF-GRAMMAR-MANUAL-INTER;source:REF-HUANG-LIAO-MODERN-CHINESE;source:REF-LU-TCSL-GRAMMAR
13,ASGD-2027-1093,51c64e56a686fa4a,介词/框架结构,在字介词框架候选,是目标语法点,是目标语法点,1,0.99820876121521,0,candidate:在字介词框架候选;family:介词/框架结构;rule:KG-RULE-V02-0099;rule:KG-RULE-V02-0100;rule:KG-RULE-V02-0101;source:REF-GF0025-2021;source:REF-GRAMMAR-MANUAL-ADV;source:REF-GRAMMAR-MANUAL-ELEM;source:REF-GRAMMAR-MANUAL-INTER;source:REF-HUANG-LIAO-MODERN-CHINESE;source:REF-LU-TCSL-GRAMMAR
13,ASGD-2027-1094,492d6e8ae3b3766d,介词/框架结构,给/为/关于等介词框架候选,不是目标语法点,是目标语法点,0,0.6651107668876648,0,candidate:给/为/关于等介词框架候选;family:介词/框架结构;rule:KG-RULE-V02-0135;rule:KG-RULE-V02-0136;rule:KG-RULE-V02-0137;source:REF-GF0025-2021;source:REF-GRAMMAR-MANUAL-ADV;source:REF-GRAMMAR-MANUAL-ELEM;source:REF-GRAMMAR-MANUAL-INTER;source:REF-HUANG-LIAO-MODERN-CHINESE;source:REF-LU-TCSL-GRAMMAR
13,ASGD-2027-1095,40818cef7197a3b5,多谓词/论元结构,双宾/给予结构候选,是目标语法点,是目标语法点,1,0.9976162910461426,0,candidate:双宾/给予结构候选;family:多谓词/论元结构
13,ASGD-2027-1096,dffcfe7a96944fa4,介词/框架结构,在字介词框架候选,是目标语法点,是目标语法点,1,0.9981790781021118,0,candidate:在字介词框架候选;family:介词/框架结构;rule:KG-RULE-V02-0099;rule:KG-RULE-V02-0100;rule:KG-RULE-V02-0101;source:REF-GF0025-2021;source:REF-GRAMMAR-MANUAL-ADV;source:REF-GRAMMAR-MANUAL-ELEM;source:REF-GRAMMAR-MANUAL-INTER;source:REF-HUANG-LIAO-MODERN-CHINESE;source:REF-LU-TCSL-GRAMMAR
13,ASGD-2027-1097,ddd22a1fe79399a6,介词/框架结构,在字介词框架候选,是目标语法点,是目标语法点,1,0.9979934692382812,0,candidate:在字介词框架候选;family:介词/框架结构;rule:KG-RULE-V02-0099;rule:KG-RULE-V02-0100;rule:KG-RULE-V02-0101;source:REF-GF0025-2021;source:REF-GRAMMAR-MANUAL-ADV;source:REF-GRAMMAR-MANUAL-ELEM;source:REF-GRAMMAR-MANUAL-INTER;source:REF-HUANG-LIAO-MODERN-CHINESE;source:REF-LU-TCSL-GRAMMAR
13,ASGD-2027-1108,47076a67c72b5fc4,补语结构,得字补语候选,是目标语法点,是目标语法点,1,0.997776210308075,0,candidate:得字补语候选;family:补语结构;rule:KG-RULE-V02-0047;rule:KG-RULE-V02-0049;source:REF-GF0025-2021;source:REF-GRAMMAR-MANUAL-ADV;source:REF-GRAMMAR-MANUAL-ELEM;source:REF-GRAMMAR-MANUAL-INTER;source:REF-HUANG-LIAO-MODERN-CHINESE;source:REF-LIU-PRACTICAL-GRAMMAR
13,ASGD-2027-1116,12e1d817ac2a5468,时间/处所功能结构,处所状语候选,是目标语法点,是目标语法点,1,0.9939430356025696,0,candidate:处所状语候选;family:时间/处所功能结构;rule:KG-RULE-V02-0042;source:REF-GF0025-2021;source:REF-GRAMMAR-MANUAL-ELEM;source:REF-GRAMMAR-MANUAL-INTER;source:REF-HUANG-LIAO-MODERN-CHINESE
13,ASGD-2027-1117,f01a9c2a11b212d8,介词/框架结构,给/为/关于等介词框架候选,是目标语法点,是目标语法点,1,0.9980781078338623,0,candidate:给/为/关于等介词框架候选;family:介词/框架结构;rule:KG-RULE-V02-0135;rule:KG-RULE-V02-0136;rule:KG-RULE-V02-0137;source:REF-GF0025-2021;source:REF-GRAMMAR-MANUAL-ADV;source:REF-GRAMMAR-MANUAL-ELEM;source:REF-GRAMMAR-MANUAL-INTER;source:REF-HUANG-LIAO-MODERN-CHINESE;source:REF-LU-TCSL-GRAMMAR
13,ASGD-2027-1119,20c685d4b195565c,处置/受事重组构式,把字句候选,是目标语法点,是目标语法点,1,0.9981166124343872,0,candidate:把字句候选;family:处置/受事重组构式;rule:KG-RULE-V02-0001;rule:KG-RULE-V02-0002;rule:KG-RULE-V02-0003;source:REF-GF0025-2021;source:REF-GRAMMAR-MANUAL-ELEM;source:REF-GRAMMAR-MANUAL-INTER;source:REF-LIU-PRACTICAL-GRAMMAR;source:REF-LU-TCSL-GRAMMAR
13,ASGD-2027-1126,64198860d730707d,介词/框架结构,在字介词框架候选,是目标语法点,是目标语法点,1,0.9981603026390076,0,candidate:在字介词框架候选;family:介词/框架结构;rule:KG-RULE-V02-0099;rule:KG-RULE-V02-0100;rule:KG-RULE-V02-0101;source:REF-GF0025-2021;source:REF-GRAMMAR-MANUAL-ADV;source:REF-GRAMMAR-MANUAL-ELEM;source:REF-GRAMMAR-MANUAL-INTER;source:REF-HUANG-LIAO-MODERN-CHINESE;source:REF-LU-TCSL-GRAMMAR
13,ASGD-2027-1129,fabe9c08256c08a1,处置/受事重组构式,把字句候选,是目标语法点,是目标语法点,1,0.9980810880661011,0,candidate:把字句候选;family:处置/受事重组构式;rule:KG-RULE-V02-0001;rule:KG-RULE-V02-0002;rule:KG-RULE-V02-0003;source:REF-GF0025-2021;source:REF-GRAMMAR-MANUAL-ELEM;source:REF-GRAMMAR-MANUAL-INTER;source:REF-LIU-PRACTICAL-GRAMMAR;source:REF-LU-TCSL-GRAMMAR
13,ASGD-2027-1131,9f18fc731f0f771f,介词/框架结构,在字介词框架候选,是目标语法点,是目标语法点,1,0.9982311129570007,0,candidate:在字介词框架候选;family:介词/框架结构;rule:KG-RULE-V02-0099;rule:KG-RULE-V02-0100;rule:KG-RULE-V02-0101;source:REF-GF0025-2021;source:REF-GRAMMAR-MANUAL-ADV;source:REF-GRAMMAR-MANUAL-ELEM;source:REF-GRAMMAR-MANUAL-INTER;source:REF-HUANG-LIAO-MODERN-CHINESE;source:REF-LU-TCSL-GRAMMAR
13,ASGD-2027-1144,ea2618fcb432dd9c,介词/框架结构,给/为/关于等介词框架候选,是目标语法点,是目标语法点,1,0.9982407093048096,0,candidate:给/为/关于等介词框架候选;family:介词/框架结构;rule:KG-RULE-V02-0135;rule:KG-RULE-V02-0136;rule:KG-RULE-V02-0137;source:REF-GF0025-2021;source:REF-GRAMMAR-MANUAL-ADV;source:REF-GRAMMAR-MANUAL-ELEM;source:REF-GRAMMAR-MANUAL-INTER;source:REF-HUANG-LIAO-MODERN-CHINESE;source:REF-LU-TCSL-GRAMMAR
13,ASGD-2027-1146,f7b3bfbe340aa21d,介词/框架结构,给/为/关于等介词框架候选,是目标语法点,是目标语法点,1,0.9982921481132507,0,candidate:给/为/关于等介词框架候选;family:介词/框架结构;rule:KG-RULE-V02-0135;rule:KG-RULE-V02-0136;rule:KG-RULE-V02-0137;source:REF-GF0025-2021;source:REF-GRAMMAR-MANUAL-ADV;source:REF-GRAMMAR-MANUAL-ELEM;source:REF-GRAMMAR-MANUAL-INTER;source:REF-HUANG-LIAO-MODERN-CHINESE;source:REF-LU-TCSL-GRAMMAR
13,ASGD-2027-1152,672e56a27a2a78ce,被动/受事凸显构式,被字句候选,是目标语法点,是目标语法点,1,0.9979426264762878,0,candidate:被字句候选;family:被动/受事凸显构式;rule:KG-RULE-V02-0022;rule:KG-RULE-V02-0024;source:REF-GF0025-2021;source:REF-GRAMMAR-MANUAL-ADV;source:REF-GRAMMAR-MANUAL-ELEM;source:REF-GRAMMAR-MANUAL-INTER;source:REF-LIU-PRACTICAL-GRAMMAR;source:REF-LU-TCSL-GRAMMAR
13,ASGD-2027-1161,bdc1d0a7489cbe93,介词/框架结构,对字介词框架候选,是目标语法点,是目标语法点,1,0.9979428648948669,0,candidate:对字介词框架候选;family:介词/框架结构;rule:KG-RULE-V02-0115;rule:KG-RULE-V02-0116;rule:KG-RULE-V02-0117;source:REF-GF0025-2021;source:REF-GRAMMAR-MANUAL-ADV;source:REF-GRAMMAR-MANUAL-ELEM;source:REF-GRAMMAR-MANUAL-INTER;source:REF-HUANG-LIAO-MODERN-CHINESE;source:REF-LU-TCSL-GRAMMAR
13,ASGD-2027-1164,cc915d05289f9da2,复句关联结构,如果候选,是目标语法点,是目标语法点,1,0.9976842403411865,0,candidate:如果候选;family:复句关联结构
13,ASGD-2027-1169,ddfccdf6ebac0c23,补语结构,结果补语候选,是目标语法点,是目标语法点,1,0.9974542260169983,0,candidate:结果补语候选;family:补语结构
13,ASGD-2027-1176,08473c096fd5a372,补语结构,数量/时量补语候选,是目标语法点,是目标语法点,1,0.9981898665428162,0,candidate:数量/时量补语候选;family:补语结构
13,ASGD-2027-1185,bcd7906adb4378d7,复句关联结构,因为候选,是目标语法点,是目标语法点,1,0.9980435371398926,0,candidate:因为候选;family:复句关联结构
13,ASGD-2027-1191,82bf2ce8b15720c5,时间/处所功能结构,时间状语候选,是目标语法点,是目标语法点,1,0.9979158043861389,0,candidate:时间状语候选;family:时间/处所功能结构;rule:KG-RULE-V02-0030;rule:KG-RULE-V02-0031;rule:KG-RULE-V02-0032;source:REF-GF0025-2021;source:REF-GRAMMAR-MANUAL-ADV;source:REF-GRAMMAR-MANUAL-ELEM;source:REF-GRAMMAR-MANUAL-INTER;source:REF-HUANG-LIAO-MODERN-CHINESE
13,ASGD-2027-1192,29ff8263179205e2,补语结构,结果补语候选,是目标语法点,是目标语法点,1,0.9975057244300842,0,candidate:结果补语候选;family:补语结构
13,ASGD-2027-1195,ddfccdf6ebac0c23,处置/受事重组构式,把字句候选,是目标语法点,是目标语法点,1,0.9981756210327148,0,candidate:把字句候选;family:处置/受事重组构式;rule:KG-RULE-V02-0001;rule:KG-RULE-V02-0002;rule:KG-RULE-V02-0003;source:REF-GF0025-2021;source:REF-GRAMMAR-MANUAL-ELEM;source:REF-GRAMMAR-MANUAL-INTER;source:REF-LIU-PRACTICAL-GRAMMAR;source:REF-LU-TCSL-GRAMMAR
13,ASGD-2027-1199,fc4522c881eead6b,补语结构,趋向补语候选,是目标语法点,是目标语法点,1,0.9979376792907715,0,candidate:趋向补语候选;family:补语结构
13,ASGD-2027-1206,afd9d327a979b553,介词/框架结构,在字介词框架候选,是目标语法点,是目标语法点,1,0.9979987740516663,0,candidate:在字介词框架候选;family:介词/框架结构;rule:KG-RULE-V02-0099;rule:KG-RULE-V02-0100;rule:KG-RULE-V02-0101;source:REF-GF0025-2021;source:REF-GRAMMAR-MANUAL-ADV;source:REF-GRAMMAR-MANUAL-ELEM;source:REF-GRAMMAR-MANUAL-INTER;source:REF-HUANG-LIAO-MODERN-CHINESE;source:REF-LU-TCSL-GRAMMAR
13,ASGD-2027-1207,257bf4c46c499cea,比较构式,没有比较候选,不是目标语法点,不是目标语法点,1,0.9984641075134277,0,candidate:没有比较候选;family:比较构式;rule:KG-RULE-V02-0059;rule:KG-RULE-V02-0060;rule:KG-RULE-V02-0061;source:REF-GF0025-2021;source:REF-GRAMMAR-MANUAL-ADV;source:REF-GRAMMAR-MANUAL-ELEM;source:REF-GRAMMAR-MANUAL-INTER;source:REF-LIU-PRACTICAL-GRAMMAR
13,ASGD-2027-1208,3462fcf8164885e1,复句关联结构,即使候选,是目标语法点,是目标语法点,1,0.9979937076568604,0,candidate:即使候选;family:复句关联结构
13,ASGD-2027-1209,0d219515182809f8,比较构式,没有比较候选,不是目标语法点,不是目标语法点,1,0.9984128475189209,0,candidate:没有比较候选;family:比较构式;rule:KG-RULE-V02-0059;rule:KG-RULE-V02-0060;rule:KG-RULE-V02-0061;source:REF-GF0025-2021;source:REF-GRAMMAR-MANUAL-ADV;source:REF-GRAMMAR-MANUAL-ELEM;source:REF-GRAMMAR-MANUAL-INTER;source:REF-LIU-PRACTICAL-GRAMMAR
13,ASGD-2027-1213,c084bc02ae720f80,时间/处所功能结构,时间状语候选,是目标语法点,是目标语法点,1,0.9979257583618164,0,candidate:时间状语候选;family:时间/处所功能结构;rule:KG-RULE-V02-0033;source:REF-GF0025-2021;source:REF-GRAMMAR-MANUAL-ADV;source:REF-GRAMMAR-MANUAL-ELEM;source:REF-GRAMMAR-MANUAL-INTER;source:REF-HUANG-LIAO-MODERN-CHINESE
13,ASGD-2027-1215,9f42e4c57c5d6a2f,处置/受事重组构式,把字句候选,是目标语法点,是目标语法点,1,0.9981797933578491,0,candidate:把字句候选;family:处置/受事重组构式;rule:KG-RULE-V02-0001;rule:KG-RULE-V02-0002;rule:KG-RULE-V02-0003;source:REF-GF0025-2021;source:REF-GRAMMAR-MANUAL-ELEM;source:REF-GRAMMAR-MANUAL-INTER;source:REF-LIU-PRACTICAL-GRAMMAR;source:REF-LU-TCSL-GRAMMAR
13,ASGD-2027-1216,e01e8c34e8125867,时间/处所功能结构,时间状语候选,是目标语法点,是目标语法点,1,0.9979423880577087,0,candidate:时间状语候选;family:时间/处所功能结构;rule:KG-RULE-V02-0030;rule:KG-RULE-V02-0031;rule:KG-RULE-V02-0032;source:REF-GF0025-2021;source:REF-GRAMMAR-MANUAL-ADV;source:REF-GRAMMAR-MANUAL-ELEM;source:REF-GRAMMAR-MANUAL-INTER;source:REF-HUANG-LIAO-MODERN-CHINESE
13,ASGD-2027-1218,a019ccf4fd12e93b,时间/处所功能结构,时间状语候选,是目标语法点,是目标语法点,1,0.9979065656661987,0,candidate:时间状语候选;family:时间/处所功能结构;rule:KG-RULE-V02-0033;source:REF-GF0025-2021;source:REF-GRAMMAR-MANUAL-ADV;source:REF-GRAMMAR-MANUAL-ELEM;source:REF-GRAMMAR-MANUAL-INTER;source:REF-HUANG-LIAO-MODERN-CHINESE
13,ASGD-2027-1224,6c1db6049b89f3bd,时间/处所功能结构,时间状语候选,是目标语法点,是目标语法点,1,0.9982457160949707,0,candidate:时间状语候选;family:时间/处所功能结构;rule:KG-RULE-V02-0033;source:REF-GF0025-2021;source:REF-GRAMMAR-MANUAL-ADV;source:REF-GRAMMAR-MANUAL-ELEM;source:REF-GRAMMAR-MANUAL-INTER;source:REF-HUANG-LIAO-MODERN-CHINESE
13,ASGD-2027-1229,ac9d65901cd0328b,介词/框架结构,给/为/关于等介词框架候选,是目标语法点,是目标语法点,1,0.9977692365646362,0,candidate:给/为/关于等介词框架候选;family:介词/框架结构;rule:KG-RULE-V02-0135;rule:KG-RULE-V02-0136;rule:KG-RULE-V02-0137;source:REF-GF0025-2021;source:REF-GRAMMAR-MANUAL-ADV;source:REF-GRAMMAR-MANUAL-ELEM;source:REF-GRAMMAR-MANUAL-INTER;source:REF-HUANG-LIAO-MODERN-CHINESE;source:REF-LU-TCSL-GRAMMAR
13,ASGD-2027-1230,99ce334e180ec4ab,多谓词/论元结构,双宾/给予结构候选,是目标语法点,是目标语法点,1,0.9982033967971802,0,candidate:双宾/给予结构候选;family:多谓词/论元结构
13,ASGD-2027-1234,6ff0979c7481d4c8,多谓词/论元结构,兼语结构候选,是目标语法点,是目标语法点,1,0.9981195330619812,0,candidate:兼语结构候选;family:多谓词/论元结构
13,ASGD-2027-1236,9e5bc7c13ccdd090,补语结构,数量/时量补语候选,是目标语法点,是目标语法点,1,0.9978899359703064,0,candidate:数量/时量补语候选;family:补语结构
13,ASGD-2027-1238,00edfd14331b50d1,补语结构,得字补语候选,是目标语法点,是目标语法点,1,0.9978973865509033,0,candidate:得字补语候选;family:补语结构;rule:KG-RULE-V02-0047;rule:KG-RULE-V02-0049;source:REF-GF0025-2021;source:REF-GRAMMAR-MANUAL-ADV;source:REF-GRAMMAR-MANUAL-ELEM;source:REF-GRAMMAR-MANUAL-INTER;source:REF-HUANG-LIAO-MODERN-CHINESE;source:REF-LIU-PRACTICAL-GRAMMAR
13,ASGD-2027-1241,819ece0bff9d8089,复句关联结构,如果候选,是目标语法点,是目标语法点,1,0.9981412887573242,0,candidate:如果候选;family:复句关联结构
13,ASGD-2027-1244,6257801b6f19a93c,介词/框架结构,在字介词框架候选,是目标语法点,是目标语法点,1,0.9978761672973633,0,candidate:在字介词框架候选;family:介词/框架结构;rule:KG-RULE-V02-0099;rule:KG-RULE-V02-0100;rule:KG-RULE-V02-0101;source:REF-GF0025-2021;source:REF-GRAMMAR-MANUAL-ADV;source:REF-GRAMMAR-MANUAL-ELEM;source:REF-GRAMMAR-MANUAL-INTER;source:REF-HUANG-LIAO-MODERN-CHINESE;source:REF-LU-TCSL-GRAMMAR
13,ASGD-2027-1249,0efff4e254ff8c9a,时间/处所功能结构,时间状语候选,是目标语法点,是目标语法点,1,0.9980716109275818,0,candidate:时间状语候选;family:时间/处所功能结构;rule:KG-RULE-V02-0030;rule:KG-RULE-V02-0031;rule:KG-RULE-V02-0032;source:REF-GF0025-2021;source:REF-GRAMMAR-MANUAL-ADV;source:REF-GRAMMAR-MANUAL-ELEM;source:REF-GRAMMAR-MANUAL-INTER;source:REF-HUANG-LIAO-MODERN-CHINESE
13,ASGD-2027-1253,4906f06b03d30e1f,比较构式,比字比较候选,是目标语法点,是目标语法点,1,0.9979173541069031,0,candidate:比字比较候选;family:比较构式;rule:KG-RULE-V02-0053;rule:KG-RULE-V02-0054;source:REF-GF0025-2021;source:REF-GRAMMAR-MANUAL-ADV;source:REF-GRAMMAR-MANUAL-ELEM;source:REF-GRAMMAR-MANUAL-INTER;source:REF-LIU-PRACTICAL-GRAMMAR
13,ASGD-2027-1259,792860d2964d9f34,时间/处所功能结构,处所状语候选,是目标语法点,是目标语法点,1,0.9832013249397278,0,candidate:处所状语候选;family:时间/处所功能结构;rule:KG-RULE-V02-0042;source:REF-GF0025-2021;source:REF-GRAMMAR-MANUAL-ELEM;source:REF-GRAMMAR-MANUAL-INTER;source:REF-HUANG-LIAO-MODERN-CHINESE
13,ASGD-2027-1267,3a4b25ec81692f81,复句关联结构,即使候选,是目标语法点,是目标语法点,1,0.9979919195175171,0,candidate:即使候选;family:复句关联结构
13,ASGD-2027-1270,4daa516dc1682326,时间/处所功能结构,处所状语候选,不是目标语法点,是目标语法点,0,0.9929297566413879,0,candidate:处所状语候选;family:时间/处所功能结构;rule:KG-RULE-V02-0042;source:REF-GF0025-2021;source:REF-GRAMMAR-MANUAL-ELEM;source:REF-GRAMMAR-MANUAL-INTER;source:REF-HUANG-LIAO-MODERN-CHINESE
13,ASGD-2027-1288,1edd56f3a3add061,时间/处所功能结构,处所状语候选,不是目标语法点,是目标语法点,0,0.9936745166778564,0,candidate:处所状语候选;family:时间/处所功能结构;rule:KG-RULE-V02-0042;source:REF-GF0025-2021;source:REF-GRAMMAR-MANUAL-ELEM;source:REF-GRAMMAR-MANUAL-INTER;source:REF-HUANG-LIAO-MODERN-CHINESE
13,ASGD-2027-1292,64ae28f2ec56220c,复句关联结构,所以候选,是目标语法点,是目标语法点,1,0.9977073669433594,0,candidate:所以候选;family:复句关联结构
13,ASGD-2027-1300,bf6e095730ecad30,补语结构,得字补语候选,不是目标语法点,是目标语法点,0,0.9679574966430664,0,candidate:得字补语候选;family:补语结构;rule:KG-RULE-V02-0047;rule:KG-RULE-V02-0049;source:REF-GF0025-2021;source:REF-GRAMMAR-MANUAL-ADV;source:REF-GRAMMAR-MANUAL-ELEM;source:REF-GRAMMAR-MANUAL-INTER;source:REF-HUANG-LIAO-MODERN-CHINESE;source:REF-LIU-PRACTICAL-GRAMMAR
13,ASGD-2027-1303,8ea13a8924b7171c,比较构式,没有比较候选,不是目标语法点,不是目标语法点,1,0.9985699653625488,0,candidate:没有比较候选;family:比较构式;rule:KG-RULE-V02-0059;rule:KG-RULE-V02-0060;rule:KG-RULE-V02-0061;source:REF-GF0025-2021;source:REF-GRAMMAR-MANUAL-ADV;source:REF-GRAMMAR-MANUAL-ELEM;source:REF-GRAMMAR-MANUAL-INTER;source:REF-LIU-PRACTICAL-GRAMMAR
13,ASGD-2027-1306,fded221ebbb0fb97,比较构式,没有比较候选,不是目标语法点,不是目标语法点,1,0.998531699180603,0,candidate:没有比较候选;family:比较构式;rule:KG-RULE-V02-0059;rule:KG-RULE-V02-0060;rule:KG-RULE-V02-0061;source:REF-GF0025-2021;source:REF-GRAMMAR-MANUAL-ADV;source:REF-GRAMMAR-MANUAL-ELEM;source:REF-GRAMMAR-MANUAL-INTER;source:REF-LIU-PRACTICAL-GRAMMAR
13,ASGD-2027-1315,0f2739b42d85f5c1,介词/框架结构,给/为/关于等介词框架候选,是目标语法点,是目标语法点,1,0.9978882670402527,0,candidate:给/为/关于等介词框架候选;family:介词/框架结构;rule:KG-RULE-V02-0135;rule:KG-RULE-V02-0136;rule:KG-RULE-V02-0137;source:REF-GF0025-2021;source:REF-GRAMMAR-MANUAL-ADV;source:REF-GRAMMAR-MANUAL-ELEM;source:REF-GRAMMAR-MANUAL-INTER;source:REF-HUANG-LIAO-MODERN-CHINESE;source:REF-LU-TCSL-GRAMMAR
13,ASGD-2027-1316,073c960ce4cf4be3,复句关联结构,即使候选,是目标语法点,是目标语法点,1,0.9982509016990662,0,candidate:即使候选;family:复句关联结构
13,ASGD-2027-1317,5ae5719b71b0d7d1,介词/框架结构,给/为/关于等介词框架候选,是目标语法点,是目标语法点,1,0.9981460571289062,0,candidate:给/为/关于等介词框架候选;family:介词/框架结构;rule:KG-RULE-V02-0135;rule:KG-RULE-V02-0136;rule:KG-RULE-V02-0137;source:REF-GF0025-2021;source:REF-GRAMMAR-MANUAL-ADV;source:REF-GRAMMAR-MANUAL-ELEM;source:REF-GRAMMAR-MANUAL-INTER;source:REF-HUANG-LIAO-MODERN-CHINESE;source:REF-LU-TCSL-GRAMMAR
13,ASGD-2027-1321,18676eae40cf9b0d,处置/受事重组构式,把字句候选,是目标语法点,是目标语法点,1,0.9982465505599976,0,candidate:把字句候选;family:处置/受事重组构式;rule:KG-RULE-V02-0001;rule:KG-RULE-V02-0002;rule:KG-RULE-V02-0003;source:REF-GF0025-2021;source:REF-GRAMMAR-MANUAL-ELEM;source:REF-GRAMMAR-MANUAL-INTER;source:REF-LIU-PRACTICAL-GRAMMAR;source:REF-LU-TCSL-GRAMMAR
13,ASGD-2027-1322,434cce081310f93a,处置/受事重组构式,把字句候选,是目标语法点,是目标语法点,1,0.9981204867362976,0,candidate:把字句候选;family:处置/受事重组构式;rule:KG-RULE-V02-0001;rule:KG-RULE-V02-0002;rule:KG-RULE-V02-0003;source:REF-GF0025-2021;source:REF-GRAMMAR-MANUAL-ELEM;source:REF-GRAMMAR-MANUAL-INTER;source:REF-LIU-PRACTICAL-GRAMMAR;source:REF-LU-TCSL-GRAMMAR
13,ASGD-2027-1326,01d7dbfe7e1c9e92,介词/框架结构,给/为/关于等介词框架候选,是目标语法点,是目标语法点,1,0.9982293248176575,0,candidate:给/为/关于等介词框架候选;family:介词/框架结构;rule:KG-RULE-V02-0135;rule:KG-RULE-V02-0136;rule:KG-RULE-V02-0137;source:REF-GF0025-2021;source:REF-GRAMMAR-MANUAL-ADV;source:REF-GRAMMAR-MANUAL-ELEM;source:REF-GRAMMAR-MANUAL-INTER;source:REF-HUANG-LIAO-MODERN-CHINESE;source:REF-LU-TCSL-GRAMMAR
13,ASGD-2027-1332,57ebb53e5c663d4a,介词/框架结构,在字介词框架候选,是目标语法点,是目标语法点,1,0.9978602528572083,0,candidate:在字介词框架候选;family:介词/框架结构;rule:KG-RULE-V02-0099;rule:KG-RULE-V02-0100;rule:KG-RULE-V02-0101;source:REF-GF0025-2021;source:REF-GRAMMAR-MANUAL-ADV;source:REF-GRAMMAR-MANUAL-ELEM;source:REF-GRAMMAR-MANUAL-INTER;source:REF-HUANG-LIAO-MODERN-CHINESE;source:REF-LU-TCSL-GRAMMAR
13,ASGD-2027-1333,e491b7f948ead641,介词/框架结构,从字介词框架候选,是目标语法点,是目标语法点,1,0.9971439242362976,0,candidate:从字介词框架候选;family:介词/框架结构;rule:KG-RULE-V02-0109;rule:KG-RULE-V02-0110;source:REF-GF0025-2021;source:REF-GRAMMAR-MANUAL-ADV;source:REF-GRAMMAR-MANUAL-ELEM;source:REF-GRAMMAR-MANUAL-INTER;source:REF-HUANG-LIAO-MODERN-CHINESE;source:REF-LU-TCSL-GRAMMAR
13,ASGD-2027-1334,d10b1dd6e05ee666,处置/受事重组构式,把字句候选,是目标语法点,是目标语法点,1,0.9982530474662781,0,candidate:把字句候选;family:处置/受事重组构式;rule:KG-RULE-V02-0001;rule:KG-RULE-V02-0002;rule:KG-RULE-V02-0003;source:REF-GF0025-2021;source:REF-GRAMMAR-MANUAL-ELEM;source:REF-GRAMMAR-MANUAL-INTER;source:REF-LIU-PRACTICAL-GRAMMAR;source:REF-LU-TCSL-GRAMMAR
13,ASGD-2027-1342,2ca4e4397ab8a7f6,介词/框架结构,在字介词框架候选,是目标语法点,是目标语法点,1,0.9981818199157715,0,candidate:在字介词框架候选;family:介词/框架结构;rule:KG-RULE-V02-0099;rule:KG-RULE-V02-0100;rule:KG-RULE-V02-0101;source:REF-GF0025-2021;source:REF-GRAMMAR-MANUAL-ADV;source:REF-GRAMMAR-MANUAL-ELEM;source:REF-GRAMMAR-MANUAL-INTER;source:REF-HUANG-LIAO-MODERN-CHINESE;source:REF-LU-TCSL-GRAMMAR
13,ASGD-2027-1347,65d3fedbee8c9d6e,比较构式,没有比较候选,不是目标语法点,不是目标语法点,1,0.9982784986495972,0,candidate:没有比较候选;family:比较构式;rule:KG-RULE-V02-0059;rule:KG-RULE-V02-0060;rule:KG-RULE-V02-0061;source:REF-GF0025-2021;source:REF-GRAMMAR-MANUAL-ADV;source:REF-GRAMMAR-MANUAL-ELEM;source:REF-GRAMMAR-MANUAL-INTER;source:REF-LIU-PRACTICAL-GRAMMAR
13,ASGD-2027-1349,f01a9c2a11b212d8,复句关联结构,因为候选,是目标语法点,是目标语法点,1,0.9979731440544128,0,candidate:因为候选;family:复句关联结构
13,ASGD-2027-1353,328b620180c6b921,时间/处所功能结构,时间状语候选,是目标语法点,是目标语法点,1,0.9979766011238098,0,candidate:时间状语候选;family:时间/处所功能结构;rule:KG-RULE-V02-0030;rule:KG-RULE-V02-0031;rule:KG-RULE-V02-0032;source:REF-GF0025-2021;source:REF-GRAMMAR-MANUAL-ADV;source:REF-GRAMMAR-MANUAL-ELEM;source:REF-GRAMMAR-MANUAL-INTER;source:REF-HUANG-LIAO-MODERN-CHINESE
13,ASGD-2027-1354,540839bd1512fc06,比较构式,越...越候选,是目标语法点,是目标语法点,1,0.9981566071510315,0,candidate:越...越候选;family:比较构式;rule:KG-RULE-V02-0069;rule:KG-RULE-V02-0070;rule:KG-RULE-V02-0071;source:REF-GF0025-2021;source:REF-GRAMMAR-MANUAL-ADV;source:REF-GRAMMAR-MANUAL-ELEM;source:REF-GRAMMAR-MANUAL-INTER;source:REF-LIU-PRACTICAL-GRAMMAR
13,ASGD-2027-1362,07e79318c9cae731,多谓词/论元结构,双宾/给予结构候选,不是目标语法点,不是目标语法点,1,0.9952705502510071,0,candidate:双宾/给予结构候选;family:多谓词/论元结构
13,ASGD-2027-1365,a94080adf558d8da,介词/框架结构,给/为/关于等介词框架候选,是目标语法点,是目标语法点,1,0.9978206157684326,0,candidate:给/为/关于等介词框架候选;family:介词/框架结构;rule:KG-RULE-V02-0138;source:REF-GF0025-2021;source:REF-GRAMMAR-MANUAL-ADV;source:REF-GRAMMAR-MANUAL-ELEM;source:REF-GRAMMAR-MANUAL-INTER;source:REF-HUANG-LIAO-MODERN-CHINESE;source:REF-LU-TCSL-GRAMMAR
13,ASGD-2027-1367,7045b304ca421628,补语结构,趋向补语候选,是目标语法点,是目标语法点,1,0.9981251358985901,0,candidate:趋向补语候选;family:补语结构
13,ASGD-2027-1372,4a7cce5c59f1bd4d,处置/受事重组构式,把字句候选,是目标语法点,是目标语法点,1,0.9982107877731323,0,candidate:把字句候选;family:处置/受事重组构式;rule:KG-RULE-V02-0001;rule:KG-RULE-V02-0002;rule:KG-RULE-V02-0003;source:REF-GF0025-2021;source:REF-GRAMMAR-MANUAL-ELEM;source:REF-GRAMMAR-MANUAL-INTER;source:REF-LIU-PRACTICAL-GRAMMAR;source:REF-LU-TCSL-GRAMMAR
13,ASGD-2027-1376,60decf8b67f632db,时间/处所功能结构,时间状语候选,是目标语法点,是目标语法点,1,0.9976904392242432,0,candidate:时间状语候选;family:时间/处所功能结构;rule:KG-RULE-V02-0030;rule:KG-RULE-V02-0031;rule:KG-RULE-V02-0032;source:REF-GF0025-2021;source:REF-GRAMMAR-MANUAL-ADV;source:REF-GRAMMAR-MANUAL-ELEM;source:REF-GRAMMAR-MANUAL-INTER;source:REF-HUANG-LIAO-MODERN-CHINESE
13,ASGD-2027-1378,338fb6fc6943a9c5,处置/受事重组构式,把字句候选,是目标语法点,是目标语法点,1,0.9981333613395691,0,candidate:把字句候选;family:处置/受事重组构式;rule:KG-RULE-V02-0001;rule:KG-RULE-V02-0002;rule:KG-RULE-V02-0003;source:REF-GF0025-2021;source:REF-GRAMMAR-MANUAL-ELEM;source:REF-GRAMMAR-MANUAL-INTER;source:REF-LIU-PRACTICAL-GRAMMAR;source:REF-LU-TCSL-GRAMMAR
13,ASGD-2027-1381,d53bac47647ce88d,介词/框架结构,给/为/关于等介词框架候选,是目标语法点,是目标语法点,1,0.9983019828796387,0,candidate:给/为/关于等介词框架候选;family:介词/框架结构;rule:KG-RULE-V02-0138;source:REF-GF0025-2021;source:REF-GRAMMAR-MANUAL-ADV;source:REF-GRAMMAR-MANUAL-ELEM;source:REF-GRAMMAR-MANUAL-INTER;source:REF-HUANG-LIAO-MODERN-CHINESE;source:REF-LU-TCSL-GRAMMAR
13,ASGD-2027-1382,28ab893bc629a9b3,比较构式,越...越候选,是目标语法点,是目标语法点,1,0.9977721571922302,0,candidate:越...越候选;family:比较构式;rule:KG-RULE-V02-0069;rule:KG-RULE-V02-0070;rule:KG-RULE-V02-0071;source:REF-GF0025-2021;source:REF-GRAMMAR-MANUAL-ADV;source:REF-GRAMMAR-MANUAL-ELEM;source:REF-GRAMMAR-MANUAL-INTER;source:REF-LIU-PRACTICAL-GRAMMAR
13,ASGD-2027-1383,9c1324fc49386217,多谓词/论元结构,双宾/给予结构候选,是目标语法点,是目标语法点,1,0.9978795051574707,0,candidate:双宾/给予结构候选;family:多谓词/论元结构
13,ASGD-2027-1385,98e2b0157f387626,时间/处所功能结构,时间状语候选,是目标语法点,是目标语法点,1,0.9978819489479065,0,candidate:时间状语候选;family:时间/处所功能结构;rule:KG-RULE-V02-0030;rule:KG-RULE-V02-0031;rule:KG-RULE-V02-0032;source:REF-GF0025-2021;source:REF-GRAMMAR-MANUAL-ADV;source:REF-GRAMMAR-MANUAL-ELEM;source:REF-GRAMMAR-MANUAL-INTER;source:REF-HUANG-LIAO-MODERN-CHINESE
13,ASGD-2027-1399,ef664cfcc0b4dbe0,时间/处所功能结构,时间状语候选,是目标语法点,是目标语法点,1,0.9978644251823425,0,candidate:时间状语候选;family:时间/处所功能结构;rule:KG-RULE-V02-0030;rule:KG-RULE-V02-0031;rule:KG-RULE-V02-0032;source:REF-GF0025-2021;source:REF-GRAMMAR-MANUAL-ADV;source:REF-GRAMMAR-MANUAL-ELEM;source:REF-GRAMMAR-MANUAL-INTER;source:REF-HUANG-LIAO-MODERN-CHINESE
13,ASGD-2027-1401,61524979bf651525,多谓词/论元结构,双宾/给予结构候选,是目标语法点,是目标语法点,1,0.9981799125671387,0,candidate:双宾/给予结构候选;family:多谓词/论元结构
13,ASGD-2027-1405,d84d154923add515,多谓词/论元结构,双宾/给予结构候选,是目标语法点,是目标语法点,1,0.99747234582901,0,candidate:双宾/给予结构候选;family:多谓词/论元结构
13,ASGD-2027-1406,8d36c70557a34aaa,补语结构,数量/时量补语候选,是目标语法点,是目标语法点,1,0.9980106949806213,0,candidate:数量/时量补语候选;family:补语结构
13,ASGD-2027-1407,4a62dfcb488b80e5,补语结构,得字补语候选,不是目标语法点,是目标语法点,0,0.9790804982185364,0,candidate:得字补语候选;family:补语结构;rule:KG-RULE-V02-0047;rule:KG-RULE-V02-0049;source:REF-GF0025-2021;source:REF-GRAMMAR-MANUAL-ADV;source:REF-GRAMMAR-MANUAL-ELEM;source:REF-GRAMMAR-MANUAL-INTER;source:REF-HUANG-LIAO-MODERN-CHINESE;source:REF-LIU-PRACTICAL-GRAMMAR
13,ASGD-2027-1409,9e5bc7c13ccdd090,多谓词/论元结构,双宾/给予结构候选,不是目标语法点,是目标语法点,0,0.9942400455474854,0,candidate:双宾/给予结构候选;family:多谓词/论元结构
13,ASGD-2027-1410,8f7eda1c10b04a5f,比较构式,没有比较候选,不是目标语法点,不是目标语法点,1,0.998464822769165,0,candidate:没有比较候选;family:比较构式;rule:KG-RULE-V02-0059;rule:KG-RULE-V02-0060;rule:KG-RULE-V02-0061;source:REF-GF0025-2021;source:REF-GRAMMAR-MANUAL-ADV;source:REF-GRAMMAR-MANUAL-ELEM;source:REF-GRAMMAR-MANUAL-INTER;source:REF-LIU-PRACTICAL-GRAMMAR
13,ASGD-2027-1412,f52dab014375ce20,比较构式,比字比较候选,是目标语法点,是目标语法点,1,0.9980003237724304,0,candidate:比字比较候选;family:比较构式;rule:KG-RULE-V02-0053;rule:KG-RULE-V02-0054;source:REF-GF0025-2021;source:REF-GRAMMAR-MANUAL-ADV;source:REF-GRAMMAR-MANUAL-ELEM;source:REF-GRAMMAR-MANUAL-INTER;source:REF-LIU-PRACTICAL-GRAMMAR
13,ASGD-2027-1414,e2845e500fa9660e,处置/受事重组构式,把字句候选,是目标语法点,是目标语法点,1,0.9906091690063477,0,candidate:把字句候选;family:处置/受事重组构式;rule:KG-RULE-V02-0001;rule:KG-RULE-V02-0005;source:REF-GF0025-2021;source:REF-GRAMMAR-MANUAL-ELEM;source:REF-GRAMMAR-MANUAL-INTER;source:REF-LIU-PRACTICAL-GRAMMAR;source:REF-LU-TCSL-GRAMMAR
13,ASGD-2027-1415,28d4122828c42d56,时间/处所功能结构,时间状语候选,是目标语法点,是目标语法点,1,0.9981176853179932,0,candidate:时间状语候选;family:时间/处所功能结构;rule:KG-RULE-V02-0030;rule:KG-RULE-V02-0031;rule:KG-RULE-V02-0032;source:REF-GF0025-2021;source:REF-GRAMMAR-MANUAL-ADV;source:REF-GRAMMAR-MANUAL-ELEM;source:REF-GRAMMAR-MANUAL-INTER;source:REF-HUANG-LIAO-MODERN-CHINESE
13,ASGD-2027-1419,ef4fe157c2d9bc9a,处置/受事重组构式,把字句候选,是目标语法点,是目标语法点,1,0.9981552958488464,0,candidate:把字句候选;family:处置/受事重组构式;rule:KG-RULE-V02-0001;rule:KG-RULE-V02-0002;rule:KG-RULE-V02-0003;source:REF-GF0025-2021;source:REF-GRAMMAR-MANUAL-ELEM;source:REF-GRAMMAR-MANUAL-INTER;source:REF-LIU-PRACTICAL-GRAMMAR;source:REF-LU-TCSL-GRAMMAR
13,ASGD-2027-1421,a1e9030646d6ec52,处置/受事重组构式,把字句候选,是目标语法点,是目标语法点,1,0.9982492923736572,0,candidate:把字句候选;family:处置/受事重组构式;rule:KG-RULE-V02-0001;rule:KG-RULE-V02-0002;rule:KG-RULE-V02-0003;source:REF-GF0025-2021;source:REF-GRAMMAR-MANUAL-ELEM;source:REF-GRAMMAR-MANUAL-INTER;source:REF-LIU-PRACTICAL-GRAMMAR;source:REF-LU-TCSL-GRAMMAR
13,ASGD-2027-1426,8c9cde67673cd9ff,时间/处所功能结构,处所状语候选,是目标语法点,是目标语法点,1,0.9959851503372192,0,candidate:处所状语候选;family:时间/处所功能结构;rule:KG-RULE-V02-0039;rule:KG-RULE-V02-0040;rule:KG-RULE-V02-0041;source:REF-GF0025-2021;source:REF-GRAMMAR-MANUAL-ELEM;source:REF-GRAMMAR-MANUAL-INTER;source:REF-HUANG-LIAO-MODERN-CHINESE
13,ASGD-2027-1433,444e8ad7b5f3d79d,复句关联结构,即使候选,是目标语法点,是目标语法点,1,0.9976389408111572,0,candidate:即使候选;family:复句关联结构
13,ASGD-2027-1439,2ca59574a6dd906d,被动/受事凸显构式,被字句候选,是目标语法点,是目标语法点,1,0.9972659349441528,0,candidate:被字句候选;family:被动/受事凸显构式;rule:KG-RULE-V02-0022;rule:KG-RULE-V02-0024;source:REF-GF0025-2021;source:REF-GRAMMAR-MANUAL-ADV;source:REF-GRAMMAR-MANUAL-ELEM;source:REF-GRAMMAR-MANUAL-INTER;source:REF-LIU-PRACTICAL-GRAMMAR;source:REF-LU-TCSL-GRAMMAR
13,ASGD-2027-1442,92f2b9db65c4036d,时间/处所功能结构,时间状语候选,是目标语法点,是目标语法点,1,0.9978275895118713,0,candidate:时间状语候选;family:时间/处所功能结构;rule:KG-RULE-V02-0030;rule:KG-RULE-V02-0031;rule:KG-RULE-V02-0032;source:REF-GF0025-2021;source:REF-GRAMMAR-MANUAL-ADV;source:REF-GRAMMAR-MANUAL-ELEM;source:REF-GRAMMAR-MANUAL-INTER;source:REF-HUANG-LIAO-MODERN-CHINESE
13,ASGD-2027-1444,ef68cbf702aec413,比较构式,没有比较候选,不是目标语法点,不是目标语法点,1,0.9985151886940002,0,candidate:没有比较候选;family:比较构式;rule:KG-RULE-V02-0059;rule:KG-RULE-V02-0060;rule:KG-RULE-V02-0061;source:REF-GF0025-2021;source:REF-GRAMMAR-MANUAL-ADV;source:REF-GRAMMAR-MANUAL-ELEM;source:REF-GRAMMAR-MANUAL-INTER;source:REF-LIU-PRACTICAL-GRAMMAR
13,ASGD-2027-1456,b33c8ab00b99ac5b,补语结构,结果补语候选,是目标语法点,是目标语法点,1,0.997833788394928,0,candidate:结果补语候选;family:补语结构
13,ASGD-2027-1458,5474f6bfcd965573,复句关联结构,但是候选,是目标语法点,是目标语法点,1,0.998035728931427,0,candidate:但是候选;family:复句关联结构
13,ASGD-2027-1460,8941e19a532e1829,多谓词/论元结构,兼语结构候选,是目标语法点,是目标语法点,1,0.9982010126113892,0,candidate:兼语结构候选;family:多谓词/论元结构
13,ASGD-2027-1466,a722ce36740c42af,复句关联结构,因为...所以候选,是目标语法点,是目标语法点,1,0.9977983832359314,0,candidate:因为...所以候选;family:复句关联结构
13,ASGD-2027-1469,94e001a70ddfc03b,时间/处所功能结构,处所状语候选,不是目标语法点,是目标语法点,0,0.9957981705665588,0,candidate:处所状语候选;family:时间/处所功能结构;rule:KG-RULE-V02-0042;source:REF-GF0025-2021;source:REF-GRAMMAR-MANUAL-ELEM;source:REF-GRAMMAR-MANUAL-INTER;source:REF-HUANG-LIAO-MODERN-CHINESE
13,ASGD-2027-1476,a1e9030646d6ec52,比较构式,没有比较候选,不是目标语法点,不是目标语法点,1,0.9985036849975586,0,candidate:没有比较候选;family:比较构式;rule:KG-RULE-V02-0059;rule:KG-RULE-V02-0060;rule:KG-RULE-V02-0061;source:REF-GF0025-2021;source:REF-GRAMMAR-MANUAL-ADV;source:REF-GRAMMAR-MANUAL-ELEM;source:REF-GRAMMAR-MANUAL-INTER;source:REF-LIU-PRACTICAL-GRAMMAR
13,ASGD-2027-1477,8add8d13f1bbd2c0,处置/受事重组构式,把字句候选,是目标语法点,是目标语法点,1,0.9982594847679138,0,candidate:把字句候选;family:处置/受事重组构式;rule:KG-RULE-V02-0001;rule:KG-RULE-V02-0002;rule:KG-RULE-V02-0003;source:REF-GF0025-2021;source:REF-GRAMMAR-MANUAL-ELEM;source:REF-GRAMMAR-MANUAL-INTER;source:REF-LIU-PRACTICAL-GRAMMAR;source:REF-LU-TCSL-GRAMMAR
13,ASGD-2027-1479,6d0be85bb947db32,补语结构,结果补语候选,是目标语法点,是目标语法点,1,0.997752845287323,0,candidate:结果补语候选;family:补语结构
13,ASGD-2027-1482,df877738cac4bd3c,介词/框架结构,在字介词框架候选,是目标语法点,是目标语法点,1,0.998111367225647,0,candidate:在字介词框架候选;family:介词/框架结构;rule:KG-RULE-V02-0099;rule:KG-RULE-V02-0100;rule:KG-RULE-V02-0101;source:REF-GF0025-2021;source:REF-GRAMMAR-MANUAL-ADV;source:REF-GRAMMAR-MANUAL-ELEM;source:REF-GRAMMAR-MANUAL-INTER;source:REF-HUANG-LIAO-MODERN-CHINESE;source:REF-LU-TCSL-GRAMMAR
13,ASGD-2027-1485,64ae28f2ec56220c,多谓词/论元结构,连动结构候选,是目标语法点,是目标语法点,1,0.9978548884391785,0,candidate:连动结构候选;family:多谓词/论元结构
13,ASGD-2027-1488,55b210f6d965d896,处置/受事重组构式,把字句候选,是目标语法点,是目标语法点,1,0.9982411861419678,0,candidate:把字句候选;family:处置/受事重组构式;rule:KG-RULE-V02-0001;rule:KG-RULE-V02-0002;rule:KG-RULE-V02-0003;source:REF-GF0025-2021;source:REF-GRAMMAR-MANUAL-ELEM;source:REF-GRAMMAR-MANUAL-INTER;source:REF-LIU-PRACTICAL-GRAMMAR;source:REF-LU-TCSL-GRAMMAR
13,ASGD-2027-1494,3dd0d3745c293830,介词/框架结构,在字介词框架候选,是目标语法点,是目标语法点,1,0.9982459545135498,0,candidate:在字介词框架候选;family:介词/框架结构;rule:KG-RULE-V02-0099;rule:KG-RULE-V02-0100;rule:KG-RULE-V02-0101;source:REF-GF0025-2021;source:REF-GRAMMAR-MANUAL-ADV;source:REF-GRAMMAR-MANUAL-ELEM;source:REF-GRAMMAR-MANUAL-INTER;source:REF-HUANG-LIAO-MODERN-CHINESE;source:REF-LU-TCSL-GRAMMAR
13,ASGD-2027-1503,a0e840293bb7dc40,补语结构,趋向补语候选,是目标语法点,是目标语法点,1,0.9981082677841187,0,candidate:趋向补语候选;family:补语结构
13,ASGD-2027-1504,93b9cd1f1a699976,时间/处所功能结构,处所状语候选,不是目标语法点,不是目标语法点,1,0.9936953186988831,0,candidate:处所状语候选;family:时间/处所功能结构;rule:KG-RULE-V02-0042;source:REF-GF0025-2021;source:REF-GRAMMAR-MANUAL-ELEM;source:REF-GRAMMAR-MANUAL-INTER;source:REF-HUANG-LIAO-MODERN-CHINESE
13,ASGD-2027-1506,899f9992db38c90a,多谓词/论元结构,双宾/给予结构候选,是目标语法点,是目标语法点,1,0.9979164004325867,0,candidate:双宾/给予结构候选;family:多谓词/论元结构
13,ASGD-2027-1518,a77e531f366bf9bf,处置/受事重组构式,把字句候选,是目标语法点,是目标语法点,1,0.9983406066894531,0,candidate:把字句候选;family:处置/受事重组构式;rule:KG-RULE-V02-0001;rule:KG-RULE-V02-0002;rule:KG-RULE-V02-0003;source:REF-GF0025-2021;source:REF-GRAMMAR-MANUAL-ELEM;source:REF-GRAMMAR-MANUAL-INTER;source:REF-LIU-PRACTICAL-GRAMMAR;source:REF-LU-TCSL-GRAMMAR
13,ASGD-2027-1519,b4aa7d5728cc2378,多谓词/论元结构,兼语结构候选,是目标语法点,是目标语法点,1,0.9982693195343018,0,candidate:兼语结构候选;family:多谓词/论元结构
13,ASGD-2027-1521,5de98673f89fb665,被动/受事凸显构式,被字句候选,是目标语法点,是目标语法点,1,0.9980137348175049,0,candidate:被字句候选;family:被动/受事凸显构式;rule:KG-RULE-V02-0022;rule:KG-RULE-V02-0024;source:REF-GF0025-2021;source:REF-GRAMMAR-MANUAL-ADV;source:REF-GRAMMAR-MANUAL-ELEM;source:REF-GRAMMAR-MANUAL-INTER;source:REF-LIU-PRACTICAL-GRAMMAR;source:REF-LU-TCSL-GRAMMAR
13,ASGD-2027-1522,cd35e971edfab7d8,补语结构,得字补语候选,不是目标语法点,是目标语法点,0,0.951219379901886,0,candidate:得字补语候选;family:补语结构;rule:KG-RULE-V02-0047;rule:KG-RULE-V02-0049;source:REF-GF0025-2021;source:REF-GRAMMAR-MANUAL-ADV;source:REF-GRAMMAR-MANUAL-ELEM;source:REF-GRAMMAR-MANUAL-INTER;source:REF-HUANG-LIAO-MODERN-CHINESE;source:REF-LIU-PRACTICAL-GRAMMAR
13,ASGD-2027-1537,b7d1f2ebb6dd78b6,复句关联结构,即使候选,是目标语法点,是目标语法点,1,0.9981769323348999,0,candidate:即使候选;family:复句关联结构
13,ASGD-2027-1540,1691570364646b2a,介词/框架结构,在字介词框架候选,是目标语法点,是目标语法点,1,0.9980567097663879,0,candidate:在字介词框架候选;family:介词/框架结构;rule:KG-RULE-V02-0099;rule:KG-RULE-V02-0100;rule:KG-RULE-V02-0101;source:REF-GF0025-2021;source:REF-GRAMMAR-MANUAL-ADV;source:REF-GRAMMAR-MANUAL-ELEM;source:REF-GRAMMAR-MANUAL-INTER;source:REF-HUANG-LIAO-MODERN-CHINESE;source:REF-LU-TCSL-GRAMMAR
13,ASGD-2027-1541,fb99ad0e9cdc5791,时间/处所功能结构,时间状语候选,是目标语法点,是目标语法点,1,0.9981406927108765,0,candidate:时间状语候选;family:时间/处所功能结构;rule:KG-RULE-V02-0030;rule:KG-RULE-V02-0031;rule:KG-RULE-V02-0032;source:REF-GF0025-2021;source:REF-GRAMMAR-MANUAL-ADV;source:REF-GRAMMAR-MANUAL-ELEM;source:REF-GRAMMAR-MANUAL-INTER;source:REF-HUANG-LIAO-MODERN-CHINESE
13,ASGD-2027-1543,6fe745697ef55710,多谓词/论元结构,双宾/给予结构候选,是目标语法点,是目标语法点,1,0.9973537921905518,0,candidate:双宾/给予结构候选;family:多谓词/论元结构
13,ASGD-2027-1548,483ca0810a4020bc,介词/框架结构,在字介词框架候选,是目标语法点,是目标语法点,1,0.9982441663742065,0,candidate:在字介词框架候选;family:介词/框架结构;rule:KG-RULE-V02-0099;rule:KG-RULE-V02-0100;rule:KG-RULE-V02-0101;source:REF-GF0025-2021;source:REF-GRAMMAR-MANUAL-ADV;source:REF-GRAMMAR-MANUAL-ELEM;source:REF-GRAMMAR-MANUAL-INTER;source:REF-HUANG-LIAO-MODERN-CHINESE;source:REF-LU-TCSL-GRAMMAR
13,ASGD-2027-1550,6d4fca1bf5da27a4,介词/框架结构,给/为/关于等介词框架候选,是目标语法点,是目标语法点,1,0.9975584745407104,0,candidate:给/为/关于等介词框架候选;family:介词/框架结构;rule:KG-RULE-V02-0135;rule:KG-RULE-V02-0136;rule:KG-RULE-V02-0137;source:REF-GF0025-2021;source:REF-GRAMMAR-MANUAL-ADV;source:REF-GRAMMAR-MANUAL-ELEM;source:REF-GRAMMAR-MANUAL-INTER;source:REF-HUANG-LIAO-MODERN-CHINESE;source:REF-LU-TCSL-GRAMMAR
13,ASGD-2027-1556,a58d11beb5254c1f,补语结构,得字补语候选,是目标语法点,是目标语法点,1,0.9979274272918701,0,candidate:得字补语候选;family:补语结构;rule:KG-RULE-V02-0047;rule:KG-RULE-V02-0049;source:REF-GF0025-2021;source:REF-GRAMMAR-MANUAL-ADV;source:REF-GRAMMAR-MANUAL-ELEM;source:REF-GRAMMAR-MANUAL-INTER;source:REF-HUANG-LIAO-MODERN-CHINESE;source:REF-LIU-PRACTICAL-GRAMMAR
13,ASGD-2027-1560,2f5ec67a6e9042b4,处置/受事重组构式,把字句候选,是目标语法点,是目标语法点,1,0.9981499910354614,0,candidate:把字句候选;family:处置/受事重组构式;rule:KG-RULE-V02-0001;rule:KG-RULE-V02-0002;rule:KG-RULE-V02-0003;source:REF-GF0025-2021;source:REF-GRAMMAR-MANUAL-ELEM;source:REF-GRAMMAR-MANUAL-INTER;source:REF-LIU-PRACTICAL-GRAMMAR;source:REF-LU-TCSL-GRAMMAR
13,ASGD-2027-1569,ff75feee5e6e8c9c,复句关联结构,因为候选,是目标语法点,是目标语法点,1,0.9977219700813293,0,candidate:因为候选;family:复句关联结构
13,ASGD-2027-1572,dd00b0adbcf8d4e7,介词/框架结构,在字介词框架候选,是目标语法点,是目标语法点,1,0.9981030225753784,0,candidate:在字介词框架候选;family:介词/框架结构;rule:KG-RULE-V02-0099;rule:KG-RULE-V02-0100;rule:KG-RULE-V02-0101;source:REF-GF0025-2021;source:REF-GRAMMAR-MANUAL-ADV;source:REF-GRAMMAR-MANUAL-ELEM;source:REF-GRAMMAR-MANUAL-INTER;source:REF-HUANG-LIAO-MODERN-CHINESE;source:REF-LU-TCSL-GRAMMAR
13,ASGD-2027-1577,54780077a0c5ebee,多谓词/论元结构,双宾/给予结构候选,不是目标语法点,不是目标语法点,1,0.8001258373260498,0,candidate:双宾/给予结构候选;family:多谓词/论元结构
13,ASGD-2027-1583,ff64d2d11ab3d681,复句关联结构,如果候选,是目标语法点,是目标语法点,1,0.9978321194648743,0,candidate:如果候选;family:复句关联结构
13,ASGD-2027-1614,35e9ae0b6df82a54,比较构式,没有比较候选,不是目标语法点,不是目标语法点,1,0.9984361529350281,0,candidate:没有比较候选;family:比较构式;rule:KG-RULE-V02-0059;rule:KG-RULE-V02-0060;rule:KG-RULE-V02-0061;source:REF-GF0025-2021;source:REF-GRAMMAR-MANUAL-ADV;source:REF-GRAMMAR-MANUAL-ELEM;source:REF-GRAMMAR-MANUAL-INTER;source:REF-LIU-PRACTICAL-GRAMMAR
13,ASGD-2027-1616,e12319d69ba52341,介词/框架结构,在字介词框架候选,不是目标语法点,是目标语法点,0,0.998327910900116,1,candidate:在字介词框架候选;family:介词/框架结构;rule:KG-RULE-V02-0099;rule:KG-RULE-V02-0100;rule:KG-RULE-V02-0101;rule:KG-RULE-V02-0105;source:REF-GF0025-2021;source:REF-GRAMMAR-MANUAL-ADV;source:REF-GRAMMAR-MANUAL-ELEM;source:REF-GRAMMAR-MANUAL-INTER;source:REF-HUANG-LIAO-MODERN-CHINESE;source:REF-LU-TCSL-GRAMMAR
13,ASGD-2027-1618,dc73c8f32f7fe61c,处置/受事重组构式,把字句候选,是目标语法点,是目标语法点,1,0.9982632994651794,0,candidate:把字句候选;family:处置/受事重组构式;rule:KG-RULE-V02-0001;rule:KG-RULE-V02-0002;rule:KG-RULE-V02-0003;source:REF-GF0025-2021;source:REF-GRAMMAR-MANUAL-ELEM;source:REF-GRAMMAR-MANUAL-INTER;source:REF-LIU-PRACTICAL-GRAMMAR;source:REF-LU-TCSL-GRAMMAR
13,ASGD-2027-1625,903dd53b24a838d4,比较构式,没有比较候选,不是目标语法点,不是目标语法点,1,0.9983742237091064,0,candidate:没有比较候选;family:比较构式;rule:KG-RULE-V02-0059;rule:KG-RULE-V02-0060;rule:KG-RULE-V02-0061;source:REF-GF0025-2021;source:REF-GRAMMAR-MANUAL-ADV;source:REF-GRAMMAR-MANUAL-ELEM;source:REF-GRAMMAR-MANUAL-INTER;source:REF-LIU-PRACTICAL-GRAMMAR
13,ASGD-2027-1626,27d0a69749bf957b,比较构式,比字比较候选,是目标语法点,是目标语法点,1,0.9979137778282166,0,candidate:比字比较候选;family:比较构式;rule:KG-RULE-V02-0053;rule:KG-RULE-V02-0054;source:REF-GF0025-2021;source:REF-GRAMMAR-MANUAL-ADV;source:REF-GRAMMAR-MANUAL-ELEM;source:REF-GRAMMAR-MANUAL-INTER;source:REF-LIU-PRACTICAL-GRAMMAR
13,ASGD-2027-1628,dfbc59c26d87cd77,处置/受事重组构式,把字句候选,是目标语法点,是目标语法点,1,0.9982062578201294,0,candidate:把字句候选;family:处置/受事重组构式;rule:KG-RULE-V02-0001;rule:KG-RULE-V02-0002;rule:KG-RULE-V02-0003;source:REF-GF0025-2021;source:REF-GRAMMAR-MANUAL-ELEM;source:REF-GRAMMAR-MANUAL-INTER;source:REF-LIU-PRACTICAL-GRAMMAR;source:REF-LU-TCSL-GRAMMAR
13,ASGD-2027-1633,29410ec47ce3d9a4,补语结构,得字补语候选,是目标语法点,是目标语法点,1,0.9978415966033936,0,candidate:得字补语候选;family:补语结构;rule:KG-RULE-V02-0047;rule:KG-RULE-V02-0049;source:REF-GF0025-2021;source:REF-GRAMMAR-MANUAL-ADV;source:REF-GRAMMAR-MANUAL-ELEM;source:REF-GRAMMAR-MANUAL-INTER;source:REF-HUANG-LIAO-MODERN-CHINESE;source:REF-LIU-PRACTICAL-GRAMMAR
13,ASGD-2027-1638,4c76b4da46a619b0,复句关联结构,既然候选,是目标语法点,是目标语法点,1,0.9983172416687012,0,candidate:既然候选;family:复句关联结构
13,ASGD-2027-1647,a6f9498f627b1e1d,复句关联结构,虽然...但是候选,是目标语法点,是目标语法点,1,0.9982085227966309,0,candidate:虽然...但是候选;family:复句关联结构
13,ASGD-2027-1654,5a9f2e44f66a514a,时间/处所功能结构,时间状语候选,是目标语法点,是目标语法点,1,0.9978471994400024,0,candidate:时间状语候选;family:时间/处所功能结构;rule:KG-RULE-V02-0030;rule:KG-RULE-V02-0031;rule:KG-RULE-V02-0032;source:REF-GF0025-2021;source:REF-GRAMMAR-MANUAL-ADV;source:REF-GRAMMAR-MANUAL-ELEM;source:REF-GRAMMAR-MANUAL-INTER;source:REF-HUANG-LIAO-MODERN-CHINESE
13,ASGD-2027-1658,0a4f69d888ae51c1,介词/框架结构,在字介词框架候选,是目标语法点,是目标语法点,1,0.9981021285057068,0,candidate:在字介词框架候选;family:介词/框架结构;rule:KG-RULE-V02-0099;rule:KG-RULE-V02-0100;rule:KG-RULE-V02-0101;source:REF-GF0025-2021;source:REF-GRAMMAR-MANUAL-ADV;source:REF-GRAMMAR-MANUAL-ELEM;source:REF-GRAMMAR-MANUAL-INTER;source:REF-HUANG-LIAO-MODERN-CHINESE;source:REF-LU-TCSL-GRAMMAR
13,ASGD-2027-1662,feb36ac967f833bf,补语结构,得字补语候选,是目标语法点,是目标语法点,1,0.9963418841362,0,candidate:得字补语候选;family:补语结构;rule:KG-RULE-V02-0047;rule:KG-RULE-V02-0049;source:REF-GF0025-2021;source:REF-GRAMMAR-MANUAL-ADV;source:REF-GRAMMAR-MANUAL-ELEM;source:REF-GRAMMAR-MANUAL-INTER;source:REF-HUANG-LIAO-MODERN-CHINESE;source:REF-LIU-PRACTICAL-GRAMMAR
13,ASGD-2027-1667,79ed8de63159f129,比较构式,比字比较候选,是目标语法点,是目标语法点,1,0.9868987798690796,0,candidate:比字比较候选;family:比较构式;rule:KG-RULE-V02-0053;rule:KG-RULE-V02-0054;source:REF-GF0025-2021;source:REF-GRAMMAR-MANUAL-ADV;source:REF-GRAMMAR-MANUAL-ELEM;source:REF-GRAMMAR-MANUAL-INTER;source:REF-LIU-PRACTICAL-GRAMMAR
13,ASGD-2027-1668,c6740bc263504eba,处置/受事重组构式,把字句候选,是目标语法点,是目标语法点,1,0.9981659054756165,0,candidate:把字句候选;family:处置/受事重组构式;rule:KG-RULE-V02-0001;rule:KG-RULE-V02-0002;rule:KG-RULE-V02-0003;source:REF-GF0025-2021;source:REF-GRAMMAR-MANUAL-ELEM;source:REF-GRAMMAR-MANUAL-INTER;source:REF-LIU-PRACTICAL-GRAMMAR;source:REF-LU-TCSL-GRAMMAR
13,ASGD-2027-1670,14cc9ed1643e4c29,处置/受事重组构式,把字句候选,是目标语法点,是目标语法点,1,0.9982703924179077,0,candidate:把字句候选;family:处置/受事重组构式;rule:KG-RULE-V02-0001;rule:KG-RULE-V02-0002;rule:KG-RULE-V02-0003;source:REF-GF0025-2021;source:REF-GRAMMAR-MANUAL-ELEM;source:REF-GRAMMAR-MANUAL-INTER;source:REF-LIU-PRACTICAL-GRAMMAR;source:REF-LU-TCSL-GRAMMAR
13,ASGD-2027-1676,4b79db68bdee65b4,比较构式,不如比较候选,不是目标语法点,是目标语法点,0,0.9972943663597107,0,candidate:不如比较候选;family:比较构式;rule:KG-RULE-V02-0079;rule:KG-RULE-V02-0080;rule:KG-RULE-V02-0081;source:REF-GF0025-2021;source:REF-GRAMMAR-MANUAL-ADV;source:REF-GRAMMAR-MANUAL-ELEM;source:REF-GRAMMAR-MANUAL-INTER;source:REF-LIU-PRACTICAL-GRAMMAR
13,ASGD-2027-1678,da392771e9819d1b,时间/处所功能结构,时间状语候选,是目标语法点,是目标语法点,1,0.9977992177009583,0,candidate:时间状语候选;family:时间/处所功能结构;rule:KG-RULE-V02-0033;source:REF-GF0025-2021;source:REF-GRAMMAR-MANUAL-ADV;source:REF-GRAMMAR-MANUAL-ELEM;source:REF-GRAMMAR-MANUAL-INTER;source:REF-HUANG-LIAO-MODERN-CHINESE
13,ASGD-2027-1681,c801dfc373eb5854,时间/处所功能结构,处所状语候选,是目标语法点,是目标语法点,1,0.9952049255371094,0,candidate:处所状语候选;family:时间/处所功能结构;rule:KG-RULE-V02-0039;rule:KG-RULE-V02-0040;rule:KG-RULE-V02-0041;source:REF-GF0025-2021;source:REF-GRAMMAR-MANUAL-ELEM;source:REF-GRAMMAR-MANUAL-INTER;source:REF-HUANG-LIAO-MODERN-CHINESE
13,ASGD-2027-1682,20a02fe6d4f2b5b0,处置/受事重组构式,把字句候选,是目标语法点,是目标语法点,1,0.9982612729072571,0,candidate:把字句候选;family:处置/受事重组构式;rule:KG-RULE-V02-0001;rule:KG-RULE-V02-0002;rule:KG-RULE-V02-0003;source:REF-GF0025-2021;source:REF-GRAMMAR-MANUAL-ELEM;source:REF-GRAMMAR-MANUAL-INTER;source:REF-LIU-PRACTICAL-GRAMMAR;source:REF-LU-TCSL-GRAMMAR
13,ASGD-2027-1686,d09b4ce1796f4c60,补语结构,得字补语候选,是目标语法点,是目标语法点,1,0.9980835914611816,0,candidate:得字补语候选;family:补语结构;rule:KG-RULE-V02-0047;rule:KG-RULE-V02-0049;source:REF-GF0025-2021;source:REF-GRAMMAR-MANUAL-ADV;source:REF-GRAMMAR-MANUAL-ELEM;source:REF-GRAMMAR-MANUAL-INTER;source:REF-HUANG-LIAO-MODERN-CHINESE;source:REF-LIU-PRACTICAL-GRAMMAR
13,ASGD-2027-1690,7ee97c21f961dcc0,多谓词/论元结构,双宾/给予结构候选,是目标语法点,是目标语法点,1,0.9979535341262817,0,candidate:双宾/给予结构候选;family:多谓词/论元结构
13,ASGD-2027-1693,cb2f1694c139bda8,多谓词/论元结构,双宾/给予结构候选,是目标语法点,是目标语法点,1,0.9979478716850281,0,candidate:双宾/给予结构候选;family:多谓词/论元结构
13,ASGD-2027-1695,c9fd06ea2202382c,处置/受事重组构式,把字句候选,是目标语法点,是目标语法点,1,0.9981458187103271,0,candidate:把字句候选;family:处置/受事重组构式;rule:KG-RULE-V02-0001;rule:KG-RULE-V02-0002;rule:KG-RULE-V02-0003;source:REF-GF0025-2021;source:REF-GRAMMAR-MANUAL-ELEM;source:REF-GRAMMAR-MANUAL-INTER;source:REF-LIU-PRACTICAL-GRAMMAR;source:REF-LU-TCSL-GRAMMAR
13,ASGD-2027-1701,b45d858814b8b62c,多谓词/论元结构,双宾/给予结构候选,是目标语法点,是目标语法点,1,0.9981456995010376,0,candidate:双宾/给予结构候选;family:多谓词/论元结构
13,ASGD-2027-1712,e58b38010feaa5ce,介词/框架结构,给/为/关于等介词框架候选,是目标语法点,是目标语法点,1,0.9981613755226135,0,candidate:给/为/关于等介词框架候选;family:介词/框架结构;rule:KG-RULE-V02-0135;rule:KG-RULE-V02-0136;rule:KG-RULE-V02-0137;source:REF-GF0025-2021;source:REF-GRAMMAR-MANUAL-ADV;source:REF-GRAMMAR-MANUAL-ELEM;source:REF-GRAMMAR-MANUAL-INTER;source:REF-HUANG-LIAO-MODERN-CHINESE;source:REF-LU-TCSL-GRAMMAR
13,ASGD-2027-1713,8aed6a90f230d02b,多谓词/论元结构,双宾/给予结构候选,是目标语法点,是目标语法点,1,0.9977935552597046,0,candidate:双宾/给予结构候选;family:多谓词/论元结构
13,ASGD-2027-1716,42803ec690180e96,介词/框架结构,从字介词框架候选,是目标语法点,是目标语法点,1,0.997177004814148,0,candidate:从字介词框架候选;family:介词/框架结构;rule:KG-RULE-V02-0109;rule:KG-RULE-V02-0110;source:REF-GF0025-2021;source:REF-GRAMMAR-MANUAL-ADV;source:REF-GRAMMAR-MANUAL-ELEM;source:REF-GRAMMAR-MANUAL-INTER;source:REF-HUANG-LIAO-MODERN-CHINESE;source:REF-LU-TCSL-GRAMMAR
13,ASGD-2027-1717,ac8146f5d73d114d,比较构式,没有比较候选,不是目标语法点,不是目标语法点,1,0.998502254486084,0,candidate:没有比较候选;family:比较构式;rule:KG-RULE-V02-0059;rule:KG-RULE-V02-0060;rule:KG-RULE-V02-0061;source:REF-GF0025-2021;source:REF-GRAMMAR-MANUAL-ADV;source:REF-GRAMMAR-MANUAL-ELEM;source:REF-GRAMMAR-MANUAL-INTER;source:REF-LIU-PRACTICAL-GRAMMAR
13,ASGD-2027-1719,a1b3147a72be510f,处置/受事重组构式,把字句候选,是目标语法点,是目标语法点,1,0.9982648491859436,0,candidate:把字句候选;family:处置/受事重组构式;rule:KG-RULE-V02-0001;rule:KG-RULE-V02-0002;rule:KG-RULE-V02-0003;source:REF-GF0025-2021;source:REF-GRAMMAR-MANUAL-ELEM;source:REF-GRAMMAR-MANUAL-INTER;source:REF-LIU-PRACTICAL-GRAMMAR;source:REF-LU-TCSL-GRAMMAR
13,ASGD-2027-1725,1b3a4e7d845b5b82,补语结构,得字补语候选,是目标语法点,是目标语法点,1,0.9965721368789673,0,candidate:得字补语候选;family:补语结构;rule:KG-RULE-V02-0047;rule:KG-RULE-V02-0049;source:REF-GF0025-2021;source:REF-GRAMMAR-MANUAL-ADV;source:REF-GRAMMAR-MANUAL-ELEM;source:REF-GRAMMAR-MANUAL-INTER;source:REF-HUANG-LIAO-MODERN-CHINESE;source:REF-LIU-PRACTICAL-GRAMMAR
13,ASGD-2027-1733,6220d6f60f3d8ce9,介词/框架结构,对字介词框架候选,是目标语法点,是目标语法点,1,0.9981566071510315,0,candidate:对字介词框架候选;family:介词/框架结构;rule:KG-RULE-V02-0115;rule:KG-RULE-V02-0116;rule:KG-RULE-V02-0117;source:REF-GF0025-2021;source:REF-GRAMMAR-MANUAL-ADV;source:REF-GRAMMAR-MANUAL-ELEM;source:REF-GRAMMAR-MANUAL-INTER;source:REF-HUANG-LIAO-MODERN-CHINESE;source:REF-LU-TCSL-GRAMMAR
13,ASGD-2027-1739,e0a32eb09541f5f4,补语结构,数量/时量补语候选,是目标语法点,是目标语法点,1,0.9980595707893372,0,candidate:数量/时量补语候选;family:补语结构
13,ASGD-2027-1741,41387a27fac3cace,多谓词/论元结构,双宾/给予结构候选,是目标语法点,是目标语法点,1,0.9982045888900757,0,candidate:双宾/给予结构候选;family:多谓词/论元结构
13,ASGD-2027-1747,bc76c958d5936d95,比较构式,没有比较候选,不是目标语法点,不是目标语法点,1,0.9982773065567017,0,candidate:没有比较候选;family:比较构式;rule:KG-RULE-V02-0059;rule:KG-RULE-V02-0060;rule:KG-RULE-V02-0061;source:REF-GF0025-2021;source:REF-GRAMMAR-MANUAL-ADV;source:REF-GRAMMAR-MANUAL-ELEM;source:REF-GRAMMAR-MANUAL-INTER;source:REF-LIU-PRACTICAL-GRAMMAR
13,ASGD-2027-1750,596a8d91e237006e,时间/处所功能结构,处所状语候选,不是目标语法点,是目标语法点,0,0.8806638717651367,0,candidate:处所状语候选;family:时间/处所功能结构;rule:KG-RULE-V02-0039;rule:KG-RULE-V02-0040;rule:KG-RULE-V02-0041;source:REF-GF0025-2021;source:REF-GRAMMAR-MANUAL-ELEM;source:REF-GRAMMAR-MANUAL-INTER;source:REF-HUANG-LIAO-MODERN-CHINESE
13,ASGD-2027-1751,5e0d58ba32b2f5c1,介词/框架结构,给/为/关于等介词框架候选,不是目标语法点,是目标语法点,0,0.9833427667617798,0,candidate:给/为/关于等介词框架候选;family:介词/框架结构;rule:KG-RULE-V02-0135;rule:KG-RULE-V02-0136;rule:KG-RULE-V02-0137;source:REF-GF0025-2021;source:REF-GRAMMAR-MANUAL-ADV;source:REF-GRAMMAR-MANUAL-ELEM;source:REF-GRAMMAR-MANUAL-INTER;source:REF-HUANG-LIAO-MODERN-CHINESE;source:REF-LU-TCSL-GRAMMAR
13,ASGD-2027-1757,0425fe570d4b0eb7,比较构式,没有比较候选,不是目标语法点,不是目标语法点,1,0.9982106685638428,0,candidate:没有比较候选;family:比较构式;rule:KG-RULE-V02-0059;rule:KG-RULE-V02-0060;rule:KG-RULE-V02-0061;source:REF-GF0025-2021;source:REF-GRAMMAR-MANUAL-ADV;source:REF-GRAMMAR-MANUAL-ELEM;source:REF-GRAMMAR-MANUAL-INTER;source:REF-LIU-PRACTICAL-GRAMMAR
13,ASGD-2027-1766,95910f4423aebeeb,复句关联结构,虽然...但是候选,是目标语法点,是目标语法点,1,0.9977473616600037,0,candidate:虽然...但是候选;family:复句关联结构
13,ASGD-2027-1779,8716f3610eacd7a6,时间/处所功能结构,时间状语候选,是目标语法点,是目标语法点,1,0.9982715845108032,0,candidate:时间状语候选;family:时间/处所功能结构;rule:KG-RULE-V02-0033;source:REF-GF0025-2021;source:REF-GRAMMAR-MANUAL-ADV;source:REF-GRAMMAR-MANUAL-ELEM;source:REF-GRAMMAR-MANUAL-INTER;source:REF-HUANG-LIAO-MODERN-CHINESE
13,ASGD-2027-1787,2c66f9a770d24774,补语结构,数量/时量补语候选,是目标语法点,是目标语法点,1,0.997913658618927,0,candidate:数量/时量补语候选;family:补语结构
13,ASGD-2027-1799,7cd860d2f7dcb39d,处置/受事重组构式,把字句候选,是目标语法点,是目标语法点,1,0.9979756474494934,0,candidate:把字句候选;family:处置/受事重组构式;rule:KG-RULE-V02-0001;rule:KG-RULE-V02-0002;rule:KG-RULE-V02-0003;source:REF-GF0025-2021;source:REF-GRAMMAR-MANUAL-ELEM;source:REF-GRAMMAR-MANUAL-INTER;source:REF-LIU-PRACTICAL-GRAMMAR;source:REF-LU-TCSL-GRAMMAR
13,ASGD-2027-1804,0a256a095630fede,比较构式,没有比较候选,不是目标语法点,不是目标语法点,1,0.9985247254371643,0,candidate:没有比较候选;family:比较构式;rule:KG-RULE-V02-0059;rule:KG-RULE-V02-0060;rule:KG-RULE-V02-0061;source:REF-GF0025-2021;source:REF-GRAMMAR-MANUAL-ADV;source:REF-GRAMMAR-MANUAL-ELEM;source:REF-GRAMMAR-MANUAL-INTER;source:REF-LIU-PRACTICAL-GRAMMAR
13,ASGD-2027-1805,b15ece8b03f7a4c6,复句关联结构,只要候选,是目标语法点,是目标语法点,1,0.9982556700706482,0,candidate:只要候选;family:复句关联结构
13,ASGD-2027-1807,dfab6114d9f2e822,介词/框架结构,在字介词框架候选,是目标语法点,是目标语法点,1,0.9980971217155457,0,candidate:在字介词框架候选;family:介词/框架结构;rule:KG-RULE-V02-0099;rule:KG-RULE-V02-0100;rule:KG-RULE-V02-0101;source:REF-GF0025-2021;source:REF-GRAMMAR-MANUAL-ADV;source:REF-GRAMMAR-MANUAL-ELEM;source:REF-GRAMMAR-MANUAL-INTER;source:REF-HUANG-LIAO-MODERN-CHINESE;source:REF-LU-TCSL-GRAMMAR
13,ASGD-2027-1810,e46ea496f81cadfd,补语结构,得字补语候选,是目标语法点,是目标语法点,1,0.9980428218841553,0,candidate:得字补语候选;family:补语结构;rule:KG-RULE-V02-0047;rule:KG-RULE-V02-0049;source:REF-GF0025-2021;source:REF-GRAMMAR-MANUAL-ADV;source:REF-GRAMMAR-MANUAL-ELEM;source:REF-GRAMMAR-MANUAL-INTER;source:REF-HUANG-LIAO-MODERN-CHINESE;source:REF-LIU-PRACTICAL-GRAMMAR
13,ASGD-2027-1822,9ca1005c9e587214,被动/受事凸显构式,被字句候选,是目标语法点,是目标语法点,1,0.9980389475822449,0,candidate:被字句候选;family:被动/受事凸显构式;rule:KG-RULE-V02-0022;rule:KG-RULE-V02-0024;source:REF-GF0025-2021;source:REF-GRAMMAR-MANUAL-ADV;source:REF-GRAMMAR-MANUAL-ELEM;source:REF-GRAMMAR-MANUAL-INTER;source:REF-LIU-PRACTICAL-GRAMMAR;source:REF-LU-TCSL-GRAMMAR
13,ASGD-2027-1824,eae3beae5ac4fa6d,比较构式,比字比较候选,是目标语法点,是目标语法点,1,0.9978482723236084,0,candidate:比字比较候选;family:比较构式;rule:KG-RULE-V02-0053;rule:KG-RULE-V02-0054;source:REF-GF0025-2021;source:REF-GRAMMAR-MANUAL-ADV;source:REF-GRAMMAR-MANUAL-ELEM;source:REF-GRAMMAR-MANUAL-INTER;source:REF-LIU-PRACTICAL-GRAMMAR
13,ASGD-2027-1831,42f309ebdd61b743,时间/处所功能结构,处所状语候选,不是目标语法点,是目标语法点,0,0.983728289604187,0,candidate:处所状语候选;family:时间/处所功能结构;rule:KG-RULE-V02-0039;rule:KG-RULE-V02-0040;rule:KG-RULE-V02-0041;source:REF-GF0025-2021;source:REF-GRAMMAR-MANUAL-ELEM;source:REF-GRAMMAR-MANUAL-INTER;source:REF-HUANG-LIAO-MODERN-CHINESE
13,ASGD-2027-1835,c3e23883d3271e96,比较构式,越...越候选,是目标语法点,是目标语法点,1,0.9981194138526917,0,candidate:越...越候选;family:比较构式;rule:KG-RULE-V02-0069;rule:KG-RULE-V02-0070;rule:KG-RULE-V02-0071;source:REF-GF0025-2021;source:REF-GRAMMAR-MANUAL-ADV;source:REF-GRAMMAR-MANUAL-ELEM;source:REF-GRAMMAR-MANUAL-INTER;source:REF-LIU-PRACTICAL-GRAMMAR
13,ASGD-2027-1843,5c620c54e4572d88,多谓词/论元结构,双宾/给予结构候选,是目标语法点,是目标语法点,1,0.9979987740516663,0,candidate:双宾/给予结构候选;family:多谓词/论元结构
13,ASGD-2027-1846,af7972389be80d4b,比较构式,比字比较候选,是目标语法点,是目标语法点,1,0.9980244636535645,0,candidate:比字比较候选;family:比较构式;rule:KG-RULE-V02-0053;rule:KG-RULE-V02-0054;source:REF-GF0025-2021;source:REF-GRAMMAR-MANUAL-ADV;source:REF-GRAMMAR-MANUAL-ELEM;source:REF-GRAMMAR-MANUAL-INTER;source:REF-LIU-PRACTICAL-GRAMMAR
13,ASGD-2027-1850,aea17c519172e20d,被动/受事凸显构式,被字句候选,是目标语法点,是目标语法点,1,0.9981783628463745,0,candidate:被字句候选;family:被动/受事凸显构式;rule:KG-RULE-V02-0022;rule:KG-RULE-V02-0024;source:REF-GF0025-2021;source:REF-GRAMMAR-MANUAL-ADV;source:REF-GRAMMAR-MANUAL-ELEM;source:REF-GRAMMAR-MANUAL-INTER;source:REF-LIU-PRACTICAL-GRAMMAR;source:REF-LU-TCSL-GRAMMAR
13,ASGD-2027-1851,d6db7012c9ff696a,复句关联结构,因为候选,是目标语法点,是目标语法点,1,0.9982001781463623,0,candidate:因为候选;family:复句关联结构
13,ASGD-2027-1854,901c0d9e47b24b43,时间/处所功能结构,处所状语候选,不是目标语法点,不是目标语法点,1,0.9933239817619324,0,candidate:处所状语候选;family:时间/处所功能结构;rule:KG-RULE-V02-0039;rule:KG-RULE-V02-0040;rule:KG-RULE-V02-0041;source:REF-GF0025-2021;source:REF-GRAMMAR-MANUAL-ELEM;source:REF-GRAMMAR-MANUAL-INTER;source:REF-HUANG-LIAO-MODERN-CHINESE
13,ASGD-2027-1856,3f935066c1082f40,多谓词/论元结构,双宾/给予结构候选,是目标语法点,是目标语法点,1,0.998162567615509,0,candidate:双宾/给予结构候选;family:多谓词/论元结构
13,ASGD-2027-1857,107a88d54a3cca80,处置/受事重组构式,把字句候选,是目标语法点,是目标语法点,1,0.9981046915054321,0,candidate:把字句候选;family:处置/受事重组构式;rule:KG-RULE-V02-0001;rule:KG-RULE-V02-0002;rule:KG-RULE-V02-0003;source:REF-GF0025-2021;source:REF-GRAMMAR-MANUAL-ELEM;source:REF-GRAMMAR-MANUAL-INTER;source:REF-LIU-PRACTICAL-GRAMMAR;source:REF-LU-TCSL-GRAMMAR
13,ASGD-2027-1875,1d6ecb3a2e2ce0f1,介词/框架结构,从字介词框架候选,是目标语法点,是目标语法点,1,0.9980887770652771,0,candidate:从字介词框架候选;family:介词/框架结构;rule:KG-RULE-V02-0109;rule:KG-RULE-V02-0110;source:REF-GF0025-2021;source:REF-GRAMMAR-MANUAL-ADV;source:REF-GRAMMAR-MANUAL-ELEM;source:REF-GRAMMAR-MANUAL-INTER;source:REF-HUANG-LIAO-MODERN-CHINESE;source:REF-LU-TCSL-GRAMMAR
13,ASGD-2027-1878,ddbfd01e368c96fa,时间/处所功能结构,时间状语候选,是目标语法点,是目标语法点,1,0.9973461627960205,0,candidate:时间状语候选;family:时间/处所功能结构;rule:KG-RULE-V02-0030;rule:KG-RULE-V02-0031;rule:KG-RULE-V02-0032;source:REF-GF0025-2021;source:REF-GRAMMAR-MANUAL-ADV;source:REF-GRAMMAR-MANUAL-ELEM;source:REF-GRAMMAR-MANUAL-INTER;source:REF-HUANG-LIAO-MODERN-CHINESE
13,ASGD-2027-1892,7435865f05204bc9,时间/处所功能结构,时间状语候选,是目标语法点,是目标语法点,1,0.9979939460754395,0,candidate:时间状语候选;family:时间/处所功能结构;rule:KG-RULE-V02-0030;rule:KG-RULE-V02-0031;rule:KG-RULE-V02-0032;source:REF-GF0025-2021;source:REF-GRAMMAR-MANUAL-ADV;source:REF-GRAMMAR-MANUAL-ELEM;source:REF-GRAMMAR-MANUAL-INTER;source:REF-HUANG-LIAO-MODERN-CHINESE
13,ASGD-2027-1903,a6bf97452fef0304,时间/处所功能结构,时间状语候选,是目标语法点,是目标语法点,1,0.9979851245880127,0,candidate:时间状语候选;family:时间/处所功能结构;rule:KG-RULE-V02-0033;source:REF-GF0025-2021;source:REF-GRAMMAR-MANUAL-ADV;source:REF-GRAMMAR-MANUAL-ELEM;source:REF-GRAMMAR-MANUAL-INTER;source:REF-HUANG-LIAO-MODERN-CHINESE
13,ASGD-2027-1904,feecf19836771d28,复句关联结构,所以候选,是目标语法点,是目标语法点,1,0.9972022771835327,0,candidate:所以候选;family:复句关联结构
13,ASGD-2027-1907,6b135a963b2ec12e,介词/框架结构,给/为/关于等介词框架候选,不是目标语法点,不是目标语法点,1,0.9902650117874146,0,candidate:给/为/关于等介词框架候选;family:介词/框架结构;rule:KG-RULE-V02-0135;rule:KG-RULE-V02-0136;rule:KG-RULE-V02-0137;source:REF-GF0025-2021;source:REF-GRAMMAR-MANUAL-ADV;source:REF-GRAMMAR-MANUAL-ELEM;source:REF-GRAMMAR-MANUAL-INTER;source:REF-HUANG-LIAO-MODERN-CHINESE;source:REF-LU-TCSL-GRAMMAR
13,ASGD-2027-1910,d062dd6ce43f9fd9,时间/处所功能结构,处所状语候选,是目标语法点,是目标语法点,1,0.9977158308029175,0,candidate:处所状语候选;family:时间/处所功能结构;rule:KG-RULE-V02-0039;rule:KG-RULE-V02-0040;rule:KG-RULE-V02-0041;source:REF-GF0025-2021;source:REF-GRAMMAR-MANUAL-ELEM;source:REF-GRAMMAR-MANUAL-INTER;source:REF-HUANG-LIAO-MODERN-CHINESE
13,ASGD-2027-1916,a2ea0016aa33563a,介词/框架结构,给/为/关于等介词框架候选,是目标语法点,是目标语法点,1,0.9981818199157715,0,candidate:给/为/关于等介词框架候选;family:介词/框架结构;rule:KG-RULE-V02-0135;rule:KG-RULE-V02-0136;rule:KG-RULE-V02-0137;source:REF-GF0025-2021;source:REF-GRAMMAR-MANUAL-ADV;source:REF-GRAMMAR-MANUAL-ELEM;source:REF-GRAMMAR-MANUAL-INTER;source:REF-HUANG-LIAO-MODERN-CHINESE;source:REF-LU-TCSL-GRAMMAR
13,ASGD-2027-1919,223fe65016b295f2,处置/受事重组构式,把字句候选,是目标语法点,是目标语法点,1,0.9982116222381592,0,candidate:把字句候选;family:处置/受事重组构式;rule:KG-RULE-V02-0001;rule:KG-RULE-V02-0002;rule:KG-RULE-V02-0003;source:REF-GF0025-2021;source:REF-GRAMMAR-MANUAL-ELEM;source:REF-GRAMMAR-MANUAL-INTER;source:REF-LIU-PRACTICAL-GRAMMAR;source:REF-LU-TCSL-GRAMMAR
13,ASGD-2027-1921,7d1de52055710424,多谓词/论元结构,双宾/给予结构候选,不是目标语法点,不是目标语法点,1,0.9926342368125916,0,candidate:双宾/给予结构候选;family:多谓词/论元结构
13,ASGD-2027-1933,2fc2224efc642b09,时间/处所功能结构,处所状语候选,不是目标语法点,不是目标语法点,1,0.9906931519508362,0,candidate:处所状语候选;family:时间/处所功能结构;rule:KG-RULE-V02-0042;source:REF-GF0025-2021;source:REF-GRAMMAR-MANUAL-ELEM;source:REF-GRAMMAR-MANUAL-INTER;source:REF-HUANG-LIAO-MODERN-CHINESE
13,ASGD-2027-1935,052dfa5349c9540e,复句关联结构,如果...就候选,是目标语法点,是目标语法点,1,0.9979290962219238,0,candidate:如果...就候选;family:复句关联结构
13,ASGD-2027-1937,6f6ebace2e81d3ff,处置/受事重组构式,把字句候选,是目标语法点,是目标语法点,1,0.9981654286384583,0,candidate:把字句候选;family:处置/受事重组构式;rule:KG-RULE-V02-0001;rule:KG-RULE-V02-0002;rule:KG-RULE-V02-0003;source:REF-GF0025-2021;source:REF-GRAMMAR-MANUAL-ELEM;source:REF-GRAMMAR-MANUAL-INTER;source:REF-LIU-PRACTICAL-GRAMMAR;source:REF-LU-TCSL-GRAMMAR
13,ASGD-2027-1940,67d4d4ab824e7e7d,处置/受事重组构式,把字句候选,是目标语法点,是目标语法点,1,0.9942027926445007,0,candidate:把字句候选;family:处置/受事重组构式;rule:KG-RULE-V02-0001;rule:KG-RULE-V02-0002;rule:KG-RULE-V02-0003;source:REF-GF0025-2021;source:REF-GRAMMAR-MANUAL-ELEM;source:REF-GRAMMAR-MANUAL-INTER;source:REF-LIU-PRACTICAL-GRAMMAR;source:REF-LU-TCSL-GRAMMAR
13,ASGD-2027-1951,6c549b3a56571b8c,介词/框架结构,从字介词框架候选,是目标语法点,是目标语法点,1,0.9977574944496155,0,candidate:从字介词框架候选;family:介词/框架结构;rule:KG-RULE-V02-0109;rule:KG-RULE-V02-0110;source:REF-GF0025-2021;source:REF-GRAMMAR-MANUAL-ADV;source:REF-GRAMMAR-MANUAL-ELEM;source:REF-GRAMMAR-MANUAL-INTER;source:REF-HUANG-LIAO-MODERN-CHINESE;source:REF-LU-TCSL-GRAMMAR
13,ASGD-2027-1957,3f033da58d24ac99,时间/处所功能结构,时间状语候选,是目标语法点,是目标语法点,1,0.9981922507286072,0,candidate:时间状语候选;family:时间/处所功能结构;rule:KG-RULE-V02-0030;rule:KG-RULE-V02-0031;rule:KG-RULE-V02-0032;source:REF-GF0025-2021;source:REF-GRAMMAR-MANUAL-ADV;source:REF-GRAMMAR-MANUAL-ELEM;source:REF-GRAMMAR-MANUAL-INTER;source:REF-HUANG-LIAO-MODERN-CHINESE
13,ASGD-2027-1961,999678a524aa2c4e,复句关联结构,因为...所以候选,是目标语法点,是目标语法点,1,0.998024582862854,0,candidate:因为...所以候选;family:复句关联结构
13,ASGD-2027-1964,f8efc0b806e9b9cb,补语结构,得字补语候选,是目标语法点,是目标语法点,1,0.9971733093261719,0,candidate:得字补语候选;family:补语结构;rule:KG-RULE-V02-0047;rule:KG-RULE-V02-0049;source:REF-GF0025-2021;source:REF-GRAMMAR-MANUAL-ADV;source:REF-GRAMMAR-MANUAL-ELEM;source:REF-GRAMMAR-MANUAL-INTER;source:REF-HUANG-LIAO-MODERN-CHINESE;source:REF-LIU-PRACTICAL-GRAMMAR
13,ASGD-2027-1966,b271b171b1d739cd,时间/处所功能结构,处所状语候选,是目标语法点,是目标语法点,1,0.9690458178520203,0,candidate:处所状语候选;family:时间/处所功能结构;rule:KG-RULE-V02-0039;rule:KG-RULE-V02-0040;rule:KG-RULE-V02-0041;source:REF-GF0025-2021;source:REF-GRAMMAR-MANUAL-ELEM;source:REF-GRAMMAR-MANUAL-INTER;source:REF-HUANG-LIAO-MODERN-CHINESE
13,ASGD-2027-1975,6db5b62b4d43d3f2,补语结构,趋向补语候选,是目标语法点,是目标语法点,1,0.9979872703552246,0,candidate:趋向补语候选;family:补语结构
13,ASGD-2027-1981,4aa516181b9a905b,比较构式,比字比较候选,是目标语法点,是目标语法点,1,0.9979920387268066,0,candidate:比字比较候选;family:比较构式;rule:KG-RULE-V02-0053;rule:KG-RULE-V02-0054;source:REF-GF0025-2021;source:REF-GRAMMAR-MANUAL-ADV;source:REF-GRAMMAR-MANUAL-ELEM;source:REF-GRAMMAR-MANUAL-INTER;source:REF-LIU-PRACTICAL-GRAMMAR
13,ASGD-2027-1982,672070dde30213dc,多谓词/论元结构,双宾/给予结构候选,是目标语法点,是目标语法点,1,0.9977988600730896,0,candidate:双宾/给予结构候选;family:多谓词/论元结构
13,ASGD-2027-2006,4eb2d6649d77c27b,补语结构,得字补语候选,是目标语法点,是目标语法点,1,0.9977942705154419,0,candidate:得字补语候选;family:补语结构;rule:KG-RULE-V02-0047;rule:KG-RULE-V02-0049;source:REF-GF0025-2021;source:REF-GRAMMAR-MANUAL-ADV;source:REF-GRAMMAR-MANUAL-ELEM;source:REF-GRAMMAR-MANUAL-INTER;source:REF-HUANG-LIAO-MODERN-CHINESE;source:REF-LIU-PRACTICAL-GRAMMAR
13,ASGD-2027-2010,7150ef7e0c42f095,时间/处所功能结构,时间状语候选,是目标语法点,是目标语法点,1,0.9980517625808716,0,candidate:时间状语候选;family:时间/处所功能结构;rule:KG-RULE-V02-0030;rule:KG-RULE-V02-0031;rule:KG-RULE-V02-0032;source:REF-GF0025-2021;source:REF-GRAMMAR-MANUAL-ADV;source:REF-GRAMMAR-MANUAL-ELEM;source:REF-GRAMMAR-MANUAL-INTER;source:REF-HUANG-LIAO-MODERN-CHINESE
13,ASGD-2027-2013,c137844354948e09,比较构式,比字比较候选,是目标语法点,是目标语法点,1,0.9975461363792419,0,candidate:比字比较候选;family:比较构式;rule:KG-RULE-V02-0053;rule:KG-RULE-V02-0054;source:REF-GF0025-2021;source:REF-GRAMMAR-MANUAL-ADV;source:REF-GRAMMAR-MANUAL-ELEM;source:REF-GRAMMAR-MANUAL-INTER;source:REF-LIU-PRACTICAL-GRAMMAR
13,ASGD-2027-2015,3db05518ca3afc91,补语结构,得字补语候选,是目标语法点,是目标语法点,1,0.997663140296936,0,candidate:得字补语候选;family:补语结构;rule:KG-RULE-V02-0047;rule:KG-RULE-V02-0049;source:REF-GF0025-2021;source:REF-GRAMMAR-MANUAL-ADV;source:REF-GRAMMAR-MANUAL-ELEM;source:REF-GRAMMAR-MANUAL-INTER;source:REF-HUANG-LIAO-MODERN-CHINESE;source:REF-LIU-PRACTICAL-GRAMMAR
13,ASGD-2027-2016,42353504460a2821,介词/框架结构,对字介词框架候选,是目标语法点,是目标语法点,1,0.9980371594429016,0,candidate:对字介词框架候选;family:介词/框架结构;rule:KG-RULE-V02-0115;rule:KG-RULE-V02-0116;rule:KG-RULE-V02-0117;source:REF-GF0025-2021;source:REF-GRAMMAR-MANUAL-ADV;source:REF-GRAMMAR-MANUAL-ELEM;source:REF-GRAMMAR-MANUAL-INTER;source:REF-HUANG-LIAO-MODERN-CHINESE;source:REF-LU-TCSL-GRAMMAR
13,ASGD-2027-2031,86f641f01c9a9e9e,比较构式,比字比较候选,不是目标语法点,不是目标语法点,1,0.9979763627052307,1,candidate:比字比较候选;family:比较构式;rule:KG-RULE-V02-0053;rule:KG-RULE-V02-0054;rule:KG-RULE-V02-0056;source:REF-GF0025-2021;source:REF-GRAMMAR-MANUAL-ADV;source:REF-GRAMMAR-MANUAL-ELEM;source:REF-GRAMMAR-MANUAL-INTER;source:REF-LIU-PRACTICAL-GRAMMAR
13,ASGD-2027-2054,537bcc07dffac4c9,处置/受事重组构式,把字句候选,是目标语法点,是目标语法点,1,0.9980543851852417,0,candidate:把字句候选;family:处置/受事重组构式;rule:KG-RULE-V02-0001;rule:KG-RULE-V02-0002;rule:KG-RULE-V02-0003;source:REF-GF0025-2021;source:REF-GRAMMAR-MANUAL-ELEM;source:REF-GRAMMAR-MANUAL-INTER;source:REF-LIU-PRACTICAL-GRAMMAR;source:REF-LU-TCSL-GRAMMAR
13,ASGD-2027-2056,cb1d3011f7dede1f,被动/受事凸显构式,被字句候选,不是目标语法点,不是目标语法点,1,0.9950140118598938,1,candidate:被字句候选;family:被动/受事凸显构式;rule:KG-RULE-V02-0022;rule:KG-RULE-V02-0024;rule:KG-RULE-V02-0026;source:REF-GF0025-2021;source:REF-GRAMMAR-MANUAL-ADV;source:REF-GRAMMAR-MANUAL-ELEM;source:REF-GRAMMAR-MANUAL-INTER;source:REF-LIU-PRACTICAL-GRAMMAR;source:REF-LU-TCSL-GRAMMAR
13,ASGD-2027-2057,e1c88dc187a70227,被动/受事凸显构式,被字句候选,是目标语法点,是目标语法点,1,0.9981581568717957,0,candidate:被字句候选;family:被动/受事凸显构式;rule:KG-RULE-V02-0022;rule:KG-RULE-V02-0024;source:REF-GF0025-2021;source:REF-GRAMMAR-MANUAL-ADV;source:REF-GRAMMAR-MANUAL-ELEM;source:REF-GRAMMAR-MANUAL-INTER;source:REF-LIU-PRACTICAL-GRAMMAR;source:REF-LU-TCSL-GRAMMAR
13,ASGD-2027-2059,bfc91a89ef8819d0,被动/受事凸显构式,被字句候选,是目标语法点,是目标语法点,1,0.9981656670570374,0,candidate:被字句候选;family:被动/受事凸显构式;rule:KG-RULE-V02-0022;rule:KG-RULE-V02-0024;source:REF-GF0025-2021;source:REF-GRAMMAR-MANUAL-ADV;source:REF-GRAMMAR-MANUAL-ELEM;source:REF-GRAMMAR-MANUAL-INTER;source:REF-LIU-PRACTICAL-GRAMMAR;source:REF-LU-TCSL-GRAMMAR
13,ASGD-2027-2060,1091844fb6997c3e,比较构式,比字比较候选,是目标语法点,是目标语法点,1,0.9979948997497559,0,candidate:比字比较候选;family:比较构式;rule:KG-RULE-V02-0053;rule:KG-RULE-V02-0054;source:REF-GF0025-2021;source:REF-GRAMMAR-MANUAL-ADV;source:REF-GRAMMAR-MANUAL-ELEM;source:REF-GRAMMAR-MANUAL-INTER;source:REF-LIU-PRACTICAL-GRAMMAR
13,ASGD-2027-2068,677b7e31106a500b,补语结构,得字补语候选,是目标语法点,是目标语法点,1,0.9979423880577087,0,candidate:得字补语候选;family:补语结构;rule:KG-RULE-V02-0047;rule:KG-RULE-V02-0049;source:REF-GF0025-2021;source:REF-GRAMMAR-MANUAL-ADV;source:REF-GRAMMAR-MANUAL-ELEM;source:REF-GRAMMAR-MANUAL-INTER;source:REF-HUANG-LIAO-MODERN-CHINESE;source:REF-LIU-PRACTICAL-GRAMMAR
13,ASGD-2027-2070,11f73355ac13d7e4,处置/受事重组构式,把字句候选,是目标语法点,是目标语法点,1,0.9979604482650757,0,candidate:把字句候选;family:处置/受事重组构式;rule:KG-RULE-V02-0001;rule:KG-RULE-V02-0002;rule:KG-RULE-V02-0003;source:REF-GF0025-2021;source:REF-GRAMMAR-MANUAL-ELEM;source:REF-GRAMMAR-MANUAL-INTER;source:REF-LIU-PRACTICAL-GRAMMAR;source:REF-LU-TCSL-GRAMMAR
13,ASGD-2027-2073,3edb3a97cdd8751e,多谓词/论元结构,双宾/给予结构候选,是目标语法点,是目标语法点,1,0.9980738162994385,0,candidate:双宾/给予结构候选;family:多谓词/论元结构
13,ASGD-2027-2081,08473c096fd5a372,时间/处所功能结构,时间状语候选,是目标语法点,是目标语法点,1,0.998213529586792,0,candidate:时间状语候选;family:时间/处所功能结构;rule:KG-RULE-V02-0030;rule:KG-RULE-V02-0031;rule:KG-RULE-V02-0032;source:REF-GF0025-2021;source:REF-GRAMMAR-MANUAL-ADV;source:REF-GRAMMAR-MANUAL-ELEM;source:REF-GRAMMAR-MANUAL-INTER;source:REF-HUANG-LIAO-MODERN-CHINESE
13,ASGD-2027-2092,92a5e70bfb0876d1,复句关联结构,只要候选,是目标语法点,是目标语法点,1,0.9980570673942566,0,candidate:只要候选;family:复句关联结构
13,ASGD-2027-2098,56977532178ee4aa,多谓词/论元结构,连动结构候选,是目标语法点,是目标语法点,1,0.9978899359703064,0,candidate:连动结构候选;family:多谓词/论元结构
13,ASGD-2027-2126,257bf4c46c499cea,介词/框架结构,给/为/关于等介词框架候选,是目标语法点,是目标语法点,1,0.9978139400482178,0,candidate:给/为/关于等介词框架候选;family:介词/框架结构;rule:KG-RULE-V02-0135;rule:KG-RULE-V02-0136;rule:KG-RULE-V02-0137;source:REF-GF0025-2021;source:REF-GRAMMAR-MANUAL-ADV;source:REF-GRAMMAR-MANUAL-ELEM;source:REF-GRAMMAR-MANUAL-INTER;source:REF-HUANG-LIAO-MODERN-CHINESE;source:REF-LU-TCSL-GRAMMAR
13,ASGD-2027-2131,e9889ee4c284cc1d,补语结构,得字补语候选,是目标语法点,是目标语法点,1,0.9981032609939575,0,candidate:得字补语候选;family:补语结构;rule:KG-RULE-V02-0047;rule:KG-RULE-V02-0049;source:REF-GF0025-2021;source:REF-GRAMMAR-MANUAL-ADV;source:REF-GRAMMAR-MANUAL-ELEM;source:REF-GRAMMAR-MANUAL-INTER;source:REF-HUANG-LIAO-MODERN-CHINESE;source:REF-LIU-PRACTICAL-GRAMMAR
13,ASGD-2027-2141,3754bd1b7d6c7062,被动/受事凸显构式,被字句候选,是目标语法点,是目标语法点,1,0.9979071617126465,0,candidate:被字句候选;family:被动/受事凸显构式;rule:KG-RULE-V02-0022;rule:KG-RULE-V02-0024;source:REF-GF0025-2021;source:REF-GRAMMAR-MANUAL-ADV;source:REF-GRAMMAR-MANUAL-ELEM;source:REF-GRAMMAR-MANUAL-INTER;source:REF-LIU-PRACTICAL-GRAMMAR;source:REF-LU-TCSL-GRAMMAR
13,ASGD-2027-2145,1cc1ca1f570a1965,介词/框架结构,给/为/关于等介词框架候选,是目标语法点,是目标语法点,1,0.9976709485054016,0,candidate:给/为/关于等介词框架候选;family:介词/框架结构;rule:KG-RULE-V02-0135;rule:KG-RULE-V02-0136;rule:KG-RULE-V02-0137;source:REF-GF0025-2021;source:REF-GRAMMAR-MANUAL-ADV;source:REF-GRAMMAR-MANUAL-ELEM;source:REF-GRAMMAR-MANUAL-INTER;source:REF-HUANG-LIAO-MODERN-CHINESE;source:REF-LU-TCSL-GRAMMAR
13,ASGD-2027-2147,45c0ecb2b58089c2,时间/处所功能结构,时间状语候选,是目标语法点,是目标语法点,1,0.9981168508529663,0,candidate:时间状语候选;family:时间/处所功能结构;rule:KG-RULE-V02-0033;source:REF-GF0025-2021;source:REF-GRAMMAR-MANUAL-ADV;source:REF-GRAMMAR-MANUAL-ELEM;source:REF-GRAMMAR-MANUAL-INTER;source:REF-HUANG-LIAO-MODERN-CHINESE
13,ASGD-2027-2156,56977532178ee4aa,介词/框架结构,给/为/关于等介词框架候选,不是目标语法点,不是目标语法点,1,0.882628321647644,0,candidate:给/为/关于等介词框架候选;family:介词/框架结构;rule:KG-RULE-V02-0135;rule:KG-RULE-V02-0136;rule:KG-RULE-V02-0137;source:REF-GF0025-2021;source:REF-GRAMMAR-MANUAL-ADV;source:REF-GRAMMAR-MANUAL-ELEM;source:REF-GRAMMAR-MANUAL-INTER;source:REF-HUANG-LIAO-MODERN-CHINESE;source:REF-LU-TCSL-GRAMMAR
13,ASGD-2027-2160,65e16f9bb3752941,处置/受事重组构式,把字句候选,是目标语法点,是目标语法点,1,0.9982329607009888,0,candidate:把字句候选;family:处置/受事重组构式;rule:KG-RULE-V02-0001;rule:KG-RULE-V02-0002;rule:KG-RULE-V02-0003;source:REF-GF0025-2021;source:REF-GRAMMAR-MANUAL-ELEM;source:REF-GRAMMAR-MANUAL-INTER;source:REF-LIU-PRACTICAL-GRAMMAR;source:REF-LU-TCSL-GRAMMAR
13,ASGD-2027-2164,1449b277c79278c7,时间/处所功能结构,时间状语候选,是目标语法点,是目标语法点,1,0.9976369142532349,0,candidate:时间状语候选;family:时间/处所功能结构;rule:KG-RULE-V02-0030;rule:KG-RULE-V02-0031;rule:KG-RULE-V02-0032;source:REF-GF0025-2021;source:REF-GRAMMAR-MANUAL-ADV;source:REF-GRAMMAR-MANUAL-ELEM;source:REF-GRAMMAR-MANUAL-INTER;source:REF-HUANG-LIAO-MODERN-CHINESE
13,ASGD-2027-2166,1a2d48b56d389885,处置/受事重组构式,把字句候选,是目标语法点,是目标语法点,1,0.9982460737228394,0,candidate:把字句候选;family:处置/受事重组构式;rule:KG-RULE-V02-0001;rule:KG-RULE-V02-0002;rule:KG-RULE-V02-0003;source:REF-GF0025-2021;source:REF-GRAMMAR-MANUAL-ELEM;source:REF-GRAMMAR-MANUAL-INTER;source:REF-LIU-PRACTICAL-GRAMMAR;source:REF-LU-TCSL-GRAMMAR
13,ASGD-2027-2167,eebb974eaf766e38,比较构式,没有比较候选,不是目标语法点,不是目标语法点,1,0.9983710646629333,0,candidate:没有比较候选;family:比较构式;rule:KG-RULE-V02-0059;rule:KG-RULE-V02-0060;rule:KG-RULE-V02-0061;source:REF-GF0025-2021;source:REF-GRAMMAR-MANUAL-ADV;source:REF-GRAMMAR-MANUAL-ELEM;source:REF-GRAMMAR-MANUAL-INTER;source:REF-LIU-PRACTICAL-GRAMMAR
13,ASGD-2027-2177,e4c5caca7a5eacaf,时间/处所功能结构,处所状语候选,是目标语法点,是目标语法点,1,0.9404793977737427,0,candidate:处所状语候选;family:时间/处所功能结构;rule:KG-RULE-V02-0039;rule:KG-RULE-V02-0040;rule:KG-RULE-V02-0041;source:REF-GF0025-2021;source:REF-GRAMMAR-MANUAL-ELEM;source:REF-GRAMMAR-MANUAL-INTER;source:REF-HUANG-LIAO-MODERN-CHINESE
13,ASGD-2027-2180,2bc4be19b44ccaa3,时间/处所功能结构,时间状语候选,是目标语法点,是目标语法点,1,0.9979179501533508,0,candidate:时间状语候选;family:时间/处所功能结构;rule:KG-RULE-V02-0030;rule:KG-RULE-V02-0031;rule:KG-RULE-V02-0032;source:REF-GF0025-2021;source:REF-GRAMMAR-MANUAL-ADV;source:REF-GRAMMAR-MANUAL-ELEM;source:REF-GRAMMAR-MANUAL-INTER;source:REF-HUANG-LIAO-MODERN-CHINESE
13,ASGD-2027-2181,4047fb361f148a75,复句关联结构,因为候选,是目标语法点,是目标语法点,1,0.997357189655304,0,candidate:因为候选;family:复句关联结构
13,ASGD-2027-2187,a0de6b12b30730b1,时间/处所功能结构,时间状语候选,是目标语法点,是目标语法点,1,0.9980453252792358,0,candidate:时间状语候选;family:时间/处所功能结构;rule:KG-RULE-V02-0030;rule:KG-RULE-V02-0031;rule:KG-RULE-V02-0032;source:REF-GF0025-2021;source:REF-GRAMMAR-MANUAL-ADV;source:REF-GRAMMAR-MANUAL-ELEM;source:REF-GRAMMAR-MANUAL-INTER;source:REF-HUANG-LIAO-MODERN-CHINESE
13,ASGD-2027-2192,731433f3eaf14283,介词/框架结构,对字介词框架候选,是目标语法点,是目标语法点,1,0.9980027079582214,0,candidate:对字介词框架候选;family:介词/框架结构;rule:KG-RULE-V02-0115;rule:KG-RULE-V02-0116;rule:KG-RULE-V02-0117;source:REF-GF0025-2021;source:REF-GRAMMAR-MANUAL-ADV;source:REF-GRAMMAR-MANUAL-ELEM;source:REF-GRAMMAR-MANUAL-INTER;source:REF-HUANG-LIAO-MODERN-CHINESE;source:REF-LU-TCSL-GRAMMAR
13,ASGD-2027-2194,3423d22d7ea30a1a,复句关联结构,如果...就候选,是目标语法点,是目标语法点,1,0.998009979724884,0,candidate:如果...就候选;family:复句关联结构
13,ASGD-2027-2198,64801b844879507c,时间/处所功能结构,时间状语候选,是目标语法点,是目标语法点,1,0.9979662895202637,0,candidate:时间状语候选;family:时间/处所功能结构;rule:KG-RULE-V02-0030;rule:KG-RULE-V02-0031;rule:KG-RULE-V02-0032;source:REF-GF0025-2021;source:REF-GRAMMAR-MANUAL-ADV;source:REF-GRAMMAR-MANUAL-ELEM;source:REF-GRAMMAR-MANUAL-INTER;source:REF-HUANG-LIAO-MODERN-CHINESE
13,ASGD-2027-2207,cd35e971edfab7d8,复句关联结构,之所以...是因为候选,是目标语法点,是目标语法点,1,0.998012900352478,0,candidate:之所以...是因为候选;family:复句关联结构
13,ASGD-2027-2208,66799893f6dfa022,复句关联结构,只要候选,是目标语法点,是目标语法点,1,0.9972238540649414,1,candidate:只要候选;family:复句关联结构;rule:GLOBAL-META-MENTION
13,ASGD-2027-2209,47076a67c72b5fc4,时间/处所功能结构,时间状语候选,是目标语法点,是目标语法点,1,0.9978741407394409,0,candidate:时间状语候选;family:时间/处所功能结构;rule:KG-RULE-V02-0030;rule:KG-RULE-V02-0031;rule:KG-RULE-V02-0032;source:REF-GF0025-2021;source:REF-GRAMMAR-MANUAL-ADV;source:REF-GRAMMAR-MANUAL-ELEM;source:REF-GRAMMAR-MANUAL-INTER;source:REF-HUANG-LIAO-MODERN-CHINESE
13,ASGD-2027-2214,b756d5a384f55046,处置/受事重组构式,把字句候选,是目标语法点,是目标语法点,1,0.9982486963272095,0,candidate:把字句候选;family:处置/受事重组构式;rule:KG-RULE-V02-0001;rule:KG-RULE-V02-0002;rule:KG-RULE-V02-0003;source:REF-GF0025-2021;source:REF-GRAMMAR-MANUAL-ELEM;source:REF-GRAMMAR-MANUAL-INTER;source:REF-LIU-PRACTICAL-GRAMMAR;source:REF-LU-TCSL-GRAMMAR
13,ASGD-2027-2217,a2061dbdc4652519,多谓词/论元结构,双宾/给予结构候选,是目标语法点,是目标语法点,1,0.9979070425033569,0,candidate:双宾/给予结构候选;family:多谓词/论元结构
13,ASGD-2027-2227,c846014ae37e9773,介词/框架结构,给/为/关于等介词框架候选,是目标语法点,是目标语法点,1,0.9982615113258362,0,candidate:给/为/关于等介词框架候选;family:介词/框架结构;rule:KG-RULE-V02-0135;rule:KG-RULE-V02-0136;rule:KG-RULE-V02-0137;source:REF-GF0025-2021;source:REF-GRAMMAR-MANUAL-ADV;source:REF-GRAMMAR-MANUAL-ELEM;source:REF-GRAMMAR-MANUAL-INTER;source:REF-HUANG-LIAO-MODERN-CHINESE;source:REF-LU-TCSL-GRAMMAR
13,ASGD-2027-2228,f1226f203f11c2b8,比较构式,越...越候选,是目标语法点,是目标语法点,1,0.9981356859207153,0,candidate:越...越候选;family:比较构式;rule:KG-RULE-V02-0069;rule:KG-RULE-V02-0070;rule:KG-RULE-V02-0071;source:REF-GF0025-2021;source:REF-GRAMMAR-MANUAL-ADV;source:REF-GRAMMAR-MANUAL-ELEM;source:REF-GRAMMAR-MANUAL-INTER;source:REF-LIU-PRACTICAL-GRAMMAR
13,ASGD-2027-2230,0521be6601bbc8a1,处置/受事重组构式,把字句候选,是目标语法点,是目标语法点,1,0.9982187151908875,0,candidate:把字句候选;family:处置/受事重组构式;rule:KG-RULE-V02-0001;rule:KG-RULE-V02-0002;rule:KG-RULE-V02-0003;source:REF-GF0025-2021;source:REF-GRAMMAR-MANUAL-ELEM;source:REF-GRAMMAR-MANUAL-INTER;source:REF-LIU-PRACTICAL-GRAMMAR;source:REF-LU-TCSL-GRAMMAR
13,ASGD-2027-2232,dd00b0adbcf8d4e7,时间/处所功能结构,时间状语候选,是目标语法点,是目标语法点,1,0.9976117610931396,0,candidate:时间状语候选;family:时间/处所功能结构;rule:KG-RULE-V02-0030;rule:KG-RULE-V02-0031;rule:KG-RULE-V02-0032;source:REF-GF0025-2021;source:REF-GRAMMAR-MANUAL-ADV;source:REF-GRAMMAR-MANUAL-ELEM;source:REF-GRAMMAR-MANUAL-INTER;source:REF-HUANG-LIAO-MODERN-CHINESE
13,ASGD-2027-2233,e3e136ee140323fc,多谓词/论元结构,双宾/给予结构候选,是目标语法点,是目标语法点,1,0.9981420040130615,0,candidate:双宾/给予结构候选;family:多谓词/论元结构
13,ASGD-2027-2257,326b5fdf26c9f2cf,时间/处所功能结构,时间状语候选,是目标语法点,是目标语法点,1,0.9980617165565491,0,candidate:时间状语候选;family:时间/处所功能结构;rule:KG-RULE-V02-0030;rule:KG-RULE-V02-0031;rule:KG-RULE-V02-0032;source:REF-GF0025-2021;source:REF-GRAMMAR-MANUAL-ADV;source:REF-GRAMMAR-MANUAL-ELEM;source:REF-GRAMMAR-MANUAL-INTER;source:REF-HUANG-LIAO-MODERN-CHINESE
13,ASGD-2027-2263,7383a4763f30e9d9,补语结构,得字补语候选,不是目标语法点,是目标语法点,0,0.9950894713401794,0,candidate:得字补语候选;family:补语结构;rule:KG-RULE-V02-0047;rule:KG-RULE-V02-0049;source:REF-GF0025-2021;source:REF-GRAMMAR-MANUAL-ADV;source:REF-GRAMMAR-MANUAL-ELEM;source:REF-GRAMMAR-MANUAL-INTER;source:REF-HUANG-LIAO-MODERN-CHINESE;source:REF-LIU-PRACTICAL-GRAMMAR
13,ASGD-2027-2266,e3e136ee140323fc,补语结构,得字补语候选,是目标语法点,是目标语法点,1,0.8528056144714355,0,candidate:得字补语候选;family:补语结构;rule:KG-RULE-V02-0047;rule:KG-RULE-V02-0049;source:REF-GF0025-2021;source:REF-GRAMMAR-MANUAL-ADV;source:REF-GRAMMAR-MANUAL-ELEM;source:REF-GRAMMAR-MANUAL-INTER;source:REF-HUANG-LIAO-MODERN-CHINESE;source:REF-LIU-PRACTICAL-GRAMMAR
13,ASGD-2027-2270,164fa3dd6a927a3a,介词/框架结构,在字介词框架候选,是目标语法点,是目标语法点,1,0.9980018734931946,0,candidate:在字介词框架候选;family:介词/框架结构;rule:KG-RULE-V02-0099;rule:KG-RULE-V02-0100;rule:KG-RULE-V02-0101;source:REF-GF0025-2021;source:REF-GRAMMAR-MANUAL-ADV;source:REF-GRAMMAR-MANUAL-ELEM;source:REF-GRAMMAR-MANUAL-INTER;source:REF-HUANG-LIAO-MODERN-CHINESE;source:REF-LU-TCSL-GRAMMAR
13,ASGD-2027-2272,80e6684b1ae96fb9,介词/框架结构,给/为/关于等介词框架候选,是目标语法点,是目标语法点,1,0.9982093572616577,0,candidate:给/为/关于等介词框架候选;family:介词/框架结构;rule:KG-RULE-V02-0135;rule:KG-RULE-V02-0136;rule:KG-RULE-V02-0137;source:REF-GF0025-2021;source:REF-GRAMMAR-MANUAL-ADV;source:REF-GRAMMAR-MANUAL-ELEM;source:REF-GRAMMAR-MANUAL-INTER;source:REF-HUANG-LIAO-MODERN-CHINESE;source:REF-LU-TCSL-GRAMMAR
13,ASGD-2027-2274,b32fdeb194a1cd2e,补语结构,趋向补语候选,是目标语法点,是目标语法点,1,0.9981169700622559,0,candidate:趋向补语候选;family:补语结构
13,ASGD-2027-2281,94f009da3d8ebac4,介词/框架结构,从字介词框架候选,不是目标语法点,是目标语法点,0,0.9977619647979736,0,candidate:从字介词框架候选;family:介词/框架结构;rule:KG-RULE-V02-0109;rule:KG-RULE-V02-0110;source:REF-GF0025-2021;source:REF-GRAMMAR-MANUAL-ADV;source:REF-GRAMMAR-MANUAL-ELEM;source:REF-GRAMMAR-MANUAL-INTER;source:REF-HUANG-LIAO-MODERN-CHINESE;source:REF-LU-TCSL-GRAMMAR
13,ASGD-2027-2283,34c61f12c803567e,时间/处所功能结构,时间状语候选,是目标语法点,是目标语法点,1,0.9981634020805359,0,candidate:时间状语候选;family:时间/处所功能结构;rule:KG-RULE-V02-0030;rule:KG-RULE-V02-0031;rule:KG-RULE-V02-0032;source:REF-GF0025-2021;source:REF-GRAMMAR-MANUAL-ADV;source:REF-GRAMMAR-MANUAL-ELEM;source:REF-GRAMMAR-MANUAL-INTER;source:REF-HUANG-LIAO-MODERN-CHINESE
13,ASGD-2027-2287,9a922965aa98fcb7,补语结构,得字补语候选,是目标语法点,是目标语法点,1,0.9979416728019714,0,candidate:得字补语候选;family:补语结构;rule:KG-RULE-V02-0047;rule:KG-RULE-V02-0049;source:REF-GF0025-2021;source:REF-GRAMMAR-MANUAL-ADV;source:REF-GRAMMAR-MANUAL-ELEM;source:REF-GRAMMAR-MANUAL-INTER;source:REF-HUANG-LIAO-MODERN-CHINESE;source:REF-LIU-PRACTICAL-GRAMMAR
13,ASGD-2027-2300,49660a06ccb004e9,复句关联结构,不但...而且候选,是目标语法点,是目标语法点,1,0.9979175925254822,0,candidate:不但...而且候选;family:复句关联结构
13,ASGD-2027-2305,9898501068ba2b30,补语结构,得字补语候选,是目标语法点,是目标语法点,1,0.9788767695426941,0,candidate:得字补语候选;family:补语结构;rule:KG-RULE-V02-0047;rule:KG-RULE-V02-0049;source:REF-GF0025-2021;source:REF-GRAMMAR-MANUAL-ADV;source:REF-GRAMMAR-MANUAL-ELEM;source:REF-GRAMMAR-MANUAL-INTER;source:REF-HUANG-LIAO-MODERN-CHINESE;source:REF-LIU-PRACTICAL-GRAMMAR
13,ASGD-2027-2320,0f88f710e2659507,时间/处所功能结构,时间状语候选,是目标语法点,是目标语法点,1,0.9981951117515564,0,candidate:时间状语候选;family:时间/处所功能结构;rule:KG-RULE-V02-0033;source:REF-GF0025-2021;source:REF-GRAMMAR-MANUAL-ADV;source:REF-GRAMMAR-MANUAL-ELEM;source:REF-GRAMMAR-MANUAL-INTER;source:REF-HUANG-LIAO-MODERN-CHINESE
13,ASGD-2027-2328,57ebb53e5c663d4a,被动/受事凸显构式,被字句候选,是目标语法点,是目标语法点,1,0.9979744553565979,0,candidate:被字句候选;family:被动/受事凸显构式;rule:KG-RULE-V02-0022;rule:KG-RULE-V02-0024;source:REF-GF0025-2021;source:REF-GRAMMAR-MANUAL-ADV;source:REF-GRAMMAR-MANUAL-ELEM;source:REF-GRAMMAR-MANUAL-INTER;source:REF-LIU-PRACTICAL-GRAMMAR;source:REF-LU-TCSL-GRAMMAR
13,ASGD-2027-2348,feecf19836771d28,介词/框架结构,给/为/关于等介词框架候选,是目标语法点,是目标语法点,1,0.9949566721916199,0,candidate:给/为/关于等介词框架候选;family:介词/框架结构;rule:KG-RULE-V02-0135;rule:KG-RULE-V02-0136;rule:KG-RULE-V02-0137;source:REF-GF0025-2021;source:REF-GRAMMAR-MANUAL-ADV;source:REF-GRAMMAR-MANUAL-ELEM;source:REF-GRAMMAR-MANUAL-INTER;source:REF-HUANG-LIAO-MODERN-CHINESE;source:REF-LU-TCSL-GRAMMAR
13,ASGD-2027-2363,a1e9030646d6ec52,介词/框架结构,向/往/朝介词框架候选,是目标语法点,是目标语法点,1,0.9979093670845032,0,candidate:向/往/朝介词框架候选;family:介词/框架结构;rule:KG-RULE-V02-0125;rule:KG-RULE-V02-0126;rule:KG-RULE-V02-0127;source:REF-GF0025-2021;source:REF-GRAMMAR-MANUAL-ADV;source:REF-GRAMMAR-MANUAL-ELEM;source:REF-GRAMMAR-MANUAL-INTER;source:REF-HUANG-LIAO-MODERN-CHINESE;source:REF-LU-TCSL-GRAMMAR
13,ASGD-2027-2390,96b3c0369b45d995,多谓词/论元结构,兼语结构候选,是目标语法点,是目标语法点,1,0.9982455968856812,0,candidate:兼语结构候选;family:多谓词/论元结构
13,ASGD-2027-2392,e0a32eb09541f5f4,时间/处所功能结构,时间状语候选,是目标语法点,是目标语法点,1,0.998214840888977,0,candidate:时间状语候选;family:时间/处所功能结构;rule:KG-RULE-V02-0033;source:REF-GF0025-2021;source:REF-GRAMMAR-MANUAL-ADV;source:REF-GRAMMAR-MANUAL-ELEM;source:REF-GRAMMAR-MANUAL-INTER;source:REF-HUANG-LIAO-MODERN-CHINESE
13,ASGD-2027-2409,1b97a0700d55aa26,被动/受事凸显构式,被字句候选,是目标语法点,是目标语法点,1,0.9980058073997498,0,candidate:被字句候选;family:被动/受事凸显构式;rule:KG-RULE-V02-0022;rule:KG-RULE-V02-0024;source:REF-GF0025-2021;source:REF-GRAMMAR-MANUAL-ADV;source:REF-GRAMMAR-MANUAL-ELEM;source:REF-GRAMMAR-MANUAL-INTER;source:REF-LIU-PRACTICAL-GRAMMAR;source:REF-LU-TCSL-GRAMMAR
13,ASGD-2027-2421,bed526c1ebe9112d,比较构式,比字比较候选,是目标语法点,是目标语法点,1,0.9977627992630005,0,candidate:比字比较候选;family:比较构式;rule:KG-RULE-V02-0053;rule:KG-RULE-V02-0054;source:REF-GF0025-2021;source:REF-GRAMMAR-MANUAL-ADV;source:REF-GRAMMAR-MANUAL-ELEM;source:REF-GRAMMAR-MANUAL-INTER;source:REF-LIU-PRACTICAL-GRAMMAR
13,ASGD-2027-2423,522093be8d467052,多谓词/论元结构,双宾/给予结构候选,是目标语法点,是目标语法点,1,0.9979966282844543,0,candidate:双宾/给予结构候选;family:多谓词/论元结构
13,ASGD-2027-2431,0e98fd27306311b8,处置/受事重组构式,把字句候选,是目标语法点,是目标语法点,1,0.9981010556221008,0,candidate:把字句候选;family:处置/受事重组构式;rule:KG-RULE-V02-0001;rule:KG-RULE-V02-0002;rule:KG-RULE-V02-0003;source:REF-GF0025-2021;source:REF-GRAMMAR-MANUAL-ELEM;source:REF-GRAMMAR-MANUAL-INTER;source:REF-LIU-PRACTICAL-GRAMMAR;source:REF-LU-TCSL-GRAMMAR
13,ASGD-2027-2433,dd54618be8508d24,时间/处所功能结构,时间状语候选,是目标语法点,是目标语法点,1,0.9974086880683899,0,candidate:时间状语候选;family:时间/处所功能结构;rule:KG-RULE-V02-0033;source:REF-GF0025-2021;source:REF-GRAMMAR-MANUAL-ADV;source:REF-GRAMMAR-MANUAL-ELEM;source:REF-GRAMMAR-MANUAL-INTER;source:REF-HUANG-LIAO-MODERN-CHINESE
13,ASGD-2027-2436,f34381f045bc9d20,时间/处所功能结构,处所状语候选,不是目标语法点,不是目标语法点,1,0.9938943982124329,0,candidate:处所状语候选;family:时间/处所功能结构;rule:KG-RULE-V02-0042;source:REF-GF0025-2021;source:REF-GRAMMAR-MANUAL-ELEM;source:REF-GRAMMAR-MANUAL-INTER;source:REF-HUANG-LIAO-MODERN-CHINESE
13,ASGD-2027-2443,b8c1e26faafa74bf,复句关联结构,即使候选,是目标语法点,是目标语法点,1,0.9982404708862305,0,candidate:即使候选;family:复句关联结构
13,ASGD-2027-2445,5a47c8032263ec99,被动/受事凸显构式,被字句候选,是目标语法点,是目标语法点,1,0.9980775117874146,0,candidate:被字句候选;family:被动/受事凸显构式;rule:KG-RULE-V02-0022;rule:KG-RULE-V02-0024;source:REF-GF0025-2021;source:REF-GRAMMAR-MANUAL-ADV;source:REF-GRAMMAR-MANUAL-ELEM;source:REF-GRAMMAR-MANUAL-INTER;source:REF-LIU-PRACTICAL-GRAMMAR;source:REF-LU-TCSL-GRAMMAR
13,ASGD-2027-2450,b46bfc9e83b98a42,多谓词/论元结构,连动结构候选,是目标语法点,是目标语法点,1,0.9971469044685364,0,candidate:连动结构候选;family:多谓词/论元结构
13,ASGD-2027-2474,8c9cde67673cd9ff,时间/处所功能结构,处所状语候选,是目标语法点,不是目标语法点,0,0.5465937852859497,0,candidate:处所状语候选;family:时间/处所功能结构;rule:KG-RULE-V02-0039;rule:KG-RULE-V02-0040;rule:KG-RULE-V02-0041;source:REF-GF0025-2021;source:REF-GRAMMAR-MANUAL-ELEM;source:REF-GRAMMAR-MANUAL-INTER;source:REF-HUANG-LIAO-MODERN-CHINESE
13,ASGD-2027-2479,9651d00d3545ac3c,多谓词/论元结构,双宾/给予结构候选,是目标语法点,是目标语法点,1,0.9978627562522888,0,candidate:双宾/给予结构候选;family:多谓词/论元结构
13,ASGD-2027-2484,31c15f5aa3aa0f40,时间/处所功能结构,时间状语候选,是目标语法点,是目标语法点,1,0.998100221157074,0,candidate:时间状语候选;family:时间/处所功能结构;rule:KG-RULE-V02-0030;rule:KG-RULE-V02-0031;rule:KG-RULE-V02-0032;source:REF-GF0025-2021;source:REF-GRAMMAR-MANUAL-ADV;source:REF-GRAMMAR-MANUAL-ELEM;source:REF-GRAMMAR-MANUAL-INTER;source:REF-HUANG-LIAO-MODERN-CHINESE
13,ASGD-2027-2485,2bc4be19b44ccaa3,介词/框架结构,在字介词框架候选,是目标语法点,是目标语法点,1,0.998156726360321,0,candidate:在字介词框架候选;family:介词/框架结构;rule:KG-RULE-V02-0099;rule:KG-RULE-V02-0100;rule:KG-RULE-V02-0101;source:REF-GF0025-2021;source:REF-GRAMMAR-MANUAL-ADV;source:REF-GRAMMAR-MANUAL-ELEM;source:REF-GRAMMAR-MANUAL-INTER;source:REF-HUANG-LIAO-MODERN-CHINESE;source:REF-LU-TCSL-GRAMMAR
13,ASGD-2027-2486,e52ff1bbff846ad0,处置/受事重组构式,把字句候选,是目标语法点,是目标语法点,1,0.9982345104217529,1,candidate:把字句候选;family:处置/受事重组构式;rule:KG-RULE-V02-0001;rule:KG-RULE-V02-0002;rule:KG-RULE-V02-0003;rule:KG-RULE-V02-0007;source:REF-GF0025-2021;source:REF-GRAMMAR-MANUAL-ELEM;source:REF-GRAMMAR-MANUAL-INTER;source:REF-LIU-PRACTICAL-GRAMMAR;source:REF-LU-TCSL-GRAMMAR
13,ASGD-2027-2496,aeb13a0f0e3613f9,时间/处所功能结构,时间状语候选,是目标语法点,是目标语法点,1,0.9980418682098389,0,candidate:时间状语候选;family:时间/处所功能结构;rule:KG-RULE-V02-0030;rule:KG-RULE-V02-0031;rule:KG-RULE-V02-0032;source:REF-GF0025-2021;source:REF-GRAMMAR-MANUAL-ADV;source:REF-GRAMMAR-MANUAL-ELEM;source:REF-GRAMMAR-MANUAL-INTER;source:REF-HUANG-LIAO-MODERN-CHINESE
13,ASGD-2027-2498,b5203c9cd0d6e1c8,比较构式,不如比较候选,是目标语法点,是目标语法点,1,0.9976010918617249,0,candidate:不如比较候选;family:比较构式;rule:KG-RULE-V02-0079;rule:KG-RULE-V02-0080;rule:KG-RULE-V02-0081;source:REF-GF0025-2021;source:REF-GRAMMAR-MANUAL-ADV;source:REF-GRAMMAR-MANUAL-ELEM;source:REF-GRAMMAR-MANUAL-INTER;source:REF-LIU-PRACTICAL-GRAMMAR
13,ASGD-2027-2501,f92d14d44422db8b,介词/框架结构,对字介词框架候选,不是目标语法点,不是目标语法点,1,0.9897164702415466,0,candidate:对字介词框架候选;family:介词/框架结构;rule:KG-RULE-V02-0115;rule:KG-RULE-V02-0116;rule:KG-RULE-V02-0117;source:REF-GF0025-2021;source:REF-GRAMMAR-MANUAL-ADV;source:REF-GRAMMAR-MANUAL-ELEM;source:REF-GRAMMAR-MANUAL-INTER;source:REF-HUANG-LIAO-MODERN-CHINESE;source:REF-LU-TCSL-GRAMMAR
13,ASGD-2027-2505,84ba516eb93904b0,时间/处所功能结构,时间状语候选,是目标语法点,是目标语法点,1,0.9977169036865234,0,candidate:时间状语候选;family:时间/处所功能结构;rule:KG-RULE-V02-0030;rule:KG-RULE-V02-0031;rule:KG-RULE-V02-0032;source:REF-GF0025-2021;source:REF-GRAMMAR-MANUAL-ADV;source:REF-GRAMMAR-MANUAL-ELEM;source:REF-GRAMMAR-MANUAL-INTER;source:REF-HUANG-LIAO-MODERN-CHINESE
13,ASGD-2027-2510,3a29073b2cdcdc0b,介词/框架结构,给/为/关于等介词框架候选,是目标语法点,是目标语法点,1,0.9982039928436279,0,candidate:给/为/关于等介词框架候选;family:介词/框架结构;rule:KG-RULE-V02-0135;rule:KG-RULE-V02-0136;rule:KG-RULE-V02-0137;source:REF-GF0025-2021;source:REF-GRAMMAR-MANUAL-ADV;source:REF-GRAMMAR-MANUAL-ELEM;source:REF-GRAMMAR-MANUAL-INTER;source:REF-HUANG-LIAO-MODERN-CHINESE;source:REF-LU-TCSL-GRAMMAR
13,ASGD-2027-2512,ec7c5542d17f2303,复句关联结构,因为候选,是目标语法点,是目标语法点,1,0.9980201721191406,0,candidate:因为候选;family:复句关联结构
13,ASGD-2027-2522,5726f2b92deb7455,介词/框架结构,从字介词框架候选,是目标语法点,是目标语法点,1,0.9982424974441528,0,candidate:从字介词框架候选;family:介词/框架结构;rule:KG-RULE-V02-0109;rule:KG-RULE-V02-0110;source:REF-GF0025-2021;source:REF-GRAMMAR-MANUAL-ADV;source:REF-GRAMMAR-MANUAL-ELEM;source:REF-GRAMMAR-MANUAL-INTER;source:REF-HUANG-LIAO-MODERN-CHINESE;source:REF-LU-TCSL-GRAMMAR
13,ASGD-2027-2523,a2df9d40c59e94b0,补语结构,得字补语候选,不是目标语法点,不是目标语法点,1,0.9963186979293823,0,candidate:得字补语候选;family:补语结构;rule:KG-RULE-V02-0047;rule:KG-RULE-V02-0049;source:REF-GF0025-2021;source:REF-GRAMMAR-MANUAL-ADV;source:REF-GRAMMAR-MANUAL-ELEM;source:REF-GRAMMAR-MANUAL-INTER;source:REF-HUANG-LIAO-MODERN-CHINESE;source:REF-LIU-PRACTICAL-GRAMMAR
13,ASGD-2027-2534,4e98619fecb8d1ac,时间/处所功能结构,处所状语候选,是目标语法点,是目标语法点,1,0.996100902557373,1,candidate:处所状语候选;family:时间/处所功能结构;rule:KG-RULE-V02-0039;rule:KG-RULE-V02-0040;rule:KG-RULE-V02-0041;rule:KG-RULE-V02-0044;source:REF-GF0025-2021;source:REF-GRAMMAR-MANUAL-ELEM;source:REF-GRAMMAR-MANUAL-INTER;source:REF-HUANG-LIAO-MODERN-CHINESE
13,ASGD-2027-2537,bff76a2456dc14e5,复句关联结构,一边...一边候选,是目标语法点,是目标语法点,1,0.9979966282844543,0,candidate:一边...一边候选;family:复句关联结构
13,ASGD-2027-2541,90e7fb60464d7ace,时间/处所功能结构,时间状语候选,是目标语法点,是目标语法点,1,0.9979200959205627,0,candidate:时间状语候选;family:时间/处所功能结构;rule:KG-RULE-V02-0030;rule:KG-RULE-V02-0031;rule:KG-RULE-V02-0032;source:REF-GF0025-2021;source:REF-GRAMMAR-MANUAL-ADV;source:REF-GRAMMAR-MANUAL-ELEM;source:REF-GRAMMAR-MANUAL-INTER;source:REF-HUANG-LIAO-MODERN-CHINESE
13,ASGD-2027-2552,c70c3f4e70595196,时间/处所功能结构,处所状语候选,是目标语法点,是目标语法点,1,0.9973769187927246,0,candidate:处所状语候选;family:时间/处所功能结构;rule:KG-RULE-V02-0039;rule:KG-RULE-V02-0040;rule:KG-RULE-V02-0041;source:REF-GF0025-2021;source:REF-GRAMMAR-MANUAL-ELEM;source:REF-GRAMMAR-MANUAL-INTER;source:REF-HUANG-LIAO-MODERN-CHINESE
13,ASGD-2027-2571,be71b05fe63eaa91,复句关联结构,所以候选,是目标语法点,是目标语法点,1,0.9980997443199158,0,candidate:所以候选;family:复句关联结构
13,ASGD-2027-2575,472bb4e5244be08c,介词/框架结构,向/往/朝介词框架候选,是目标语法点,是目标语法点,1,0.9981564879417419,0,candidate:向/往/朝介词框架候选;family:介词/框架结构;rule:KG-RULE-V02-0125;rule:KG-RULE-V02-0126;rule:KG-RULE-V02-0127;source:REF-GF0025-2021;source:REF-GRAMMAR-MANUAL-ADV;source:REF-GRAMMAR-MANUAL-ELEM;source:REF-GRAMMAR-MANUAL-INTER;source:REF-HUANG-LIAO-MODERN-CHINESE;source:REF-LU-TCSL-GRAMMAR
13,ASGD-2027-2582,7cfbe09c9a0c6c79,时间/处所功能结构,时间状语候选,是目标语法点,是目标语法点,1,0.9982313513755798,0,candidate:时间状语候选;family:时间/处所功能结构;rule:KG-RULE-V02-0030;rule:KG-RULE-V02-0031;rule:KG-RULE-V02-0032;source:REF-GF0025-2021;source:REF-GRAMMAR-MANUAL-ADV;source:REF-GRAMMAR-MANUAL-ELEM;source:REF-GRAMMAR-MANUAL-INTER;source:REF-HUANG-LIAO-MODERN-CHINESE
13,ASGD-2027-2585,fb0337f2b091b690,比较构式,没有比较候选,是目标语法点,不是目标语法点,0,0.9979537725448608,0,candidate:没有比较候选;family:比较构式;rule:KG-RULE-V02-0059;rule:KG-RULE-V02-0060;rule:KG-RULE-V02-0061;source:REF-GF0025-2021;source:REF-GRAMMAR-MANUAL-ADV;source:REF-GRAMMAR-MANUAL-ELEM;source:REF-GRAMMAR-MANUAL-INTER;source:REF-LIU-PRACTICAL-GRAMMAR
13,ASGD-2027-2595,90b22d22fd7ba401,时间/处所功能结构,时间状语候选,是目标语法点,是目标语法点,1,0.9978170394897461,0,candidate:时间状语候选;family:时间/处所功能结构;rule:KG-RULE-V02-0030;rule:KG-RULE-V02-0031;rule:KG-RULE-V02-0032;source:REF-GF0025-2021;source:REF-GRAMMAR-MANUAL-ADV;source:REF-GRAMMAR-MANUAL-ELEM;source:REF-GRAMMAR-MANUAL-INTER;source:REF-HUANG-LIAO-MODERN-CHINESE
13,ASGD-2027-2596,b53791e29c68daf6,补语结构,得字补语候选,是目标语法点,是目标语法点,1,0.9978625178337097,0,candidate:得字补语候选;family:补语结构;rule:KG-RULE-V02-0047;rule:KG-RULE-V02-0049;source:REF-GF0025-2021;source:REF-GRAMMAR-MANUAL-ADV;source:REF-GRAMMAR-MANUAL-ELEM;source:REF-GRAMMAR-MANUAL-INTER;source:REF-HUANG-LIAO-MODERN-CHINESE;source:REF-LIU-PRACTICAL-GRAMMAR
13,ASGD-2027-2599,ed49852f850ce947,比较构式,没有比较候选,是目标语法点,不是目标语法点,0,0.9983730316162109,0,candidate:没有比较候选;family:比较构式;rule:KG-RULE-V02-0059;rule:KG-RULE-V02-0060;rule:KG-RULE-V02-0061;source:REF-GF0025-2021;source:REF-GRAMMAR-MANUAL-ADV;source:REF-GRAMMAR-MANUAL-ELEM;source:REF-GRAMMAR-MANUAL-INTER;source:REF-LIU-PRACTICAL-GRAMMAR
13,ASGD-2027-2604,7baec78853a81997,多谓词/论元结构,双宾/给予结构候选,是目标语法点,是目标语法点,1,0.9980494976043701,0,candidate:双宾/给予结构候选;family:多谓词/论元结构
13,ASGD-2027-2623,16ce3a0fb26f9eb0,时间/处所功能结构,时间状语候选,是目标语法点,是目标语法点,1,0.9980348944664001,0,candidate:时间状语候选;family:时间/处所功能结构;rule:KG-RULE-V02-0030;rule:KG-RULE-V02-0031;rule:KG-RULE-V02-0032;source:REF-GF0025-2021;source:REF-GRAMMAR-MANUAL-ADV;source:REF-GRAMMAR-MANUAL-ELEM;source:REF-GRAMMAR-MANUAL-INTER;source:REF-HUANG-LIAO-MODERN-CHINESE
13,ASGD-2027-2629,056d5d7e6bac03ea,复句关联结构,但是候选,是目标语法点,是目标语法点,1,0.9976202845573425,0,candidate:但是候选;family:复句关联结构
13,ASGD-2027-2642,d4edb659809073a8,时间/处所功能结构,处所状语候选,是目标语法点,不是目标语法点,0,0.6126418709754944,0,candidate:处所状语候选;family:时间/处所功能结构;rule:KG-RULE-V02-0042;source:REF-GF0025-2021;source:REF-GRAMMAR-MANUAL-ELEM;source:REF-GRAMMAR-MANUAL-INTER;source:REF-HUANG-LIAO-MODERN-CHINESE
13,ASGD-2027-2647,e1b91167ffbe4928,复句关联结构,如果候选,是目标语法点,是目标语法点,1,0.9983003735542297,0,candidate:如果候选;family:复句关联结构
13,ASGD-2027-2651,ba2275eefcaacdaf,介词/框架结构,对字介词框架候选,不是目标语法点,不是目标语法点,1,0.8134267330169678,0,candidate:对字介词框架候选;family:介词/框架结构;rule:KG-RULE-V02-0115;rule:KG-RULE-V02-0116;rule:KG-RULE-V02-0117;source:REF-GF0025-2021;source:REF-GRAMMAR-MANUAL-ADV;source:REF-GRAMMAR-MANUAL-ELEM;source:REF-GRAMMAR-MANUAL-INTER;source:REF-HUANG-LIAO-MODERN-CHINESE;source:REF-LU-TCSL-GRAMMAR
13,ASGD-2027-2655,e30a83dcd8bc8598,补语结构,结果补语候选,是目标语法点,是目标语法点,1,0.9981440305709839,0,candidate:结果补语候选;family:补语结构
13,ASGD-2027-2666,7c42cf85fdb0725f,补语结构,趋向补语候选,是目标语法点,是目标语法点,1,0.998103141784668,0,candidate:趋向补语候选;family:补语结构
13,ASGD-2027-2667,0c597781cc53b70b,时间/处所功能结构,时间状语候选,是目标语法点,是目标语法点,1,0.9981491565704346,0,candidate:时间状语候选;family:时间/处所功能结构;rule:KG-RULE-V02-0030;rule:KG-RULE-V02-0031;rule:KG-RULE-V02-0032;source:REF-GF0025-2021;source:REF-GRAMMAR-MANUAL-ADV;source:REF-GRAMMAR-MANUAL-ELEM;source:REF-GRAMMAR-MANUAL-INTER;source:REF-HUANG-LIAO-MODERN-CHINESE
13,ASGD-2027-2670,e30a83dcd8bc8598,处置/受事重组构式,把字句候选,是目标语法点,是目标语法点,1,0.9983149766921997,0,candidate:把字句候选;family:处置/受事重组构式;rule:KG-RULE-V02-0001;rule:KG-RULE-V02-0002;rule:KG-RULE-V02-0003;source:REF-GF0025-2021;source:REF-GRAMMAR-MANUAL-ELEM;source:REF-GRAMMAR-MANUAL-INTER;source:REF-LIU-PRACTICAL-GRAMMAR;source:REF-LU-TCSL-GRAMMAR
13,ASGD-2027-2673,d636dacbae393757,补语结构,数量/时量补语候选,是目标语法点,是目标语法点,1,0.9977926015853882,0,candidate:数量/时量补语候选;family:补语结构
13,ASGD-2027-2676,a68d7c8be24b32c6,介词/框架结构,对字介词框架候选,不是目标语法点,是目标语法点,0,0.996616780757904,0,candidate:对字介词框架候选;family:介词/框架结构;rule:KG-RULE-V02-0115;rule:KG-RULE-V02-0116;rule:KG-RULE-V02-0117;source:REF-GF0025-2021;source:REF-GRAMMAR-MANUAL-ADV;source:REF-GRAMMAR-MANUAL-ELEM;source:REF-GRAMMAR-MANUAL-INTER;source:REF-HUANG-LIAO-MODERN-CHINESE;source:REF-LU-TCSL-GRAMMAR
13,ASGD-2027-2679,48a68204638b3859,时间/处所功能结构,时间状语候选,是目标语法点,是目标语法点,1,0.9981585144996643,0,candidate:时间状语候选;family:时间/处所功能结构;rule:KG-RULE-V02-0030;rule:KG-RULE-V02-0031;rule:KG-RULE-V02-0032;source:REF-GF0025-2021;source:REF-GRAMMAR-MANUAL-ADV;source:REF-GRAMMAR-MANUAL-ELEM;source:REF-GRAMMAR-MANUAL-INTER;source:REF-HUANG-LIAO-MODERN-CHINESE
13,ASGD-2027-2681,ef664cfcc0b4dbe0,比较构式,没有比较候选,不是目标语法点,不是目标语法点,1,0.9983713030815125,0,candidate:没有比较候选;family:比较构式;rule:KG-RULE-V02-0059;rule:KG-RULE-V02-0060;rule:KG-RULE-V02-0061;source:REF-GF0025-2021;source:REF-GRAMMAR-MANUAL-ADV;source:REF-GRAMMAR-MANUAL-ELEM;source:REF-GRAMMAR-MANUAL-INTER;source:REF-LIU-PRACTICAL-GRAMMAR
13,ASGD-2027-2685,07e9427db34da997,介词/框架结构,在字介词框架候选,是目标语法点,是目标语法点,1,0.9981256127357483,0,candidate:在字介词框架候选;family:介词/框架结构;rule:KG-RULE-V02-0099;rule:KG-RULE-V02-0100;rule:KG-RULE-V02-0101;source:REF-GF0025-2021;source:REF-GRAMMAR-MANUAL-ADV;source:REF-GRAMMAR-MANUAL-ELEM;source:REF-GRAMMAR-MANUAL-INTER;source:REF-HUANG-LIAO-MODERN-CHINESE;source:REF-LU-TCSL-GRAMMAR
13,ASGD-2027-2701,ca0f5b7163724646,比较构式,没有比较候选,不是目标语法点,不是目标语法点,1,0.9983515739440918,0,candidate:没有比较候选;family:比较构式;rule:KG-RULE-V02-0059;rule:KG-RULE-V02-0060;rule:KG-RULE-V02-0061;source:REF-GF0025-2021;source:REF-GRAMMAR-MANUAL-ADV;source:REF-GRAMMAR-MANUAL-ELEM;source:REF-GRAMMAR-MANUAL-INTER;source:REF-LIU-PRACTICAL-GRAMMAR
13,ASGD-2027-2716,7a40a6a9a3598f97,被动/受事凸显构式,被字句候选,是目标语法点,是目标语法点,1,0.9981445074081421,0,candidate:被字句候选;family:被动/受事凸显构式;rule:KG-RULE-V02-0022;rule:KG-RULE-V02-0024;source:REF-GF0025-2021;source:REF-GRAMMAR-MANUAL-ADV;source:REF-GRAMMAR-MANUAL-ELEM;source:REF-GRAMMAR-MANUAL-INTER;source:REF-LIU-PRACTICAL-GRAMMAR;source:REF-LU-TCSL-GRAMMAR
13,ASGD-2027-2719,9e5bc7c13ccdd090,介词/框架结构,给/为/关于等介词框架候选,是目标语法点,是目标语法点,1,0.9953004121780396,0,candidate:给/为/关于等介词框架候选;family:介词/框架结构;rule:KG-RULE-V02-0135;rule:KG-RULE-V02-0136;rule:KG-RULE-V02-0137;source:REF-GF0025-2021;source:REF-GRAMMAR-MANUAL-ADV;source:REF-GRAMMAR-MANUAL-ELEM;source:REF-GRAMMAR-MANUAL-INTER;source:REF-HUANG-LIAO-MODERN-CHINESE;source:REF-LU-TCSL-GRAMMAR
13,ASGD-2027-2722,c9da9246ce15a6cb,处置/受事重组构式,把字句候选,是目标语法点,是目标语法点,1,0.9981164932250977,0,candidate:把字句候选;family:处置/受事重组构式;rule:KG-RULE-V02-0001;rule:KG-RULE-V02-0002;rule:KG-RULE-V02-0003;source:REF-GF0025-2021;source:REF-GRAMMAR-MANUAL-ELEM;source:REF-GRAMMAR-MANUAL-INTER;source:REF-LIU-PRACTICAL-GRAMMAR;source:REF-LU-TCSL-GRAMMAR
13,ASGD-2027-2723,46afad544f7940fb,处置/受事重组构式,把字句候选,是目标语法点,是目标语法点,1,0.9982637763023376,0,candidate:把字句候选;family:处置/受事重组构式;rule:KG-RULE-V02-0001;rule:KG-RULE-V02-0002;rule:KG-RULE-V02-0003;source:REF-GF0025-2021;source:REF-GRAMMAR-MANUAL-ELEM;source:REF-GRAMMAR-MANUAL-INTER;source:REF-LIU-PRACTICAL-GRAMMAR;source:REF-LU-TCSL-GRAMMAR
13,ASGD-2027-2727,57143b13209b06cb,介词/框架结构,在字介词框架候选,是目标语法点,是目标语法点,1,0.9981831908226013,0,candidate:在字介词框架候选;family:介词/框架结构;rule:KG-RULE-V02-0099;rule:KG-RULE-V02-0100;rule:KG-RULE-V02-0101;source:REF-GF0025-2021;source:REF-GRAMMAR-MANUAL-ADV;source:REF-GRAMMAR-MANUAL-ELEM;source:REF-GRAMMAR-MANUAL-INTER;source:REF-HUANG-LIAO-MODERN-CHINESE;source:REF-LU-TCSL-GRAMMAR
13,ASGD-2027-2730,92f2b9db65c4036d,时间/处所功能结构,时间状语候选,是目标语法点,是目标语法点,1,0.9980254173278809,0,candidate:时间状语候选;family:时间/处所功能结构;rule:KG-RULE-V02-0033;source:REF-GF0025-2021;source:REF-GRAMMAR-MANUAL-ADV;source:REF-GRAMMAR-MANUAL-ELEM;source:REF-GRAMMAR-MANUAL-INTER;source:REF-HUANG-LIAO-MODERN-CHINESE
13,ASGD-2027-2733,98dd1c491a02fd76,时间/处所功能结构,时间状语候选,是目标语法点,是目标语法点,1,0.9980411529541016,0,candidate:时间状语候选;family:时间/处所功能结构;rule:KG-RULE-V02-0030;rule:KG-RULE-V02-0031;rule:KG-RULE-V02-0032;source:REF-GF0025-2021;source:REF-GRAMMAR-MANUAL-ADV;source:REF-GRAMMAR-MANUAL-ELEM;source:REF-GRAMMAR-MANUAL-INTER;source:REF-HUANG-LIAO-MODERN-CHINESE
13,ASGD-2027-2735,d9c1b1a915587bcc,复句关联结构,但是候选,是目标语法点,是目标语法点,1,0.9980269074440002,0,candidate:但是候选;family:复句关联结构
13,ASGD-2027-2736,a0de6b12b30730b1,复句关联结构,即使候选,是目标语法点,是目标语法点,1,0.9981721639633179,0,candidate:即使候选;family:复句关联结构
13,ASGD-2027-2737,22868b098586f16f,比较构式,比字比较候选,不是目标语法点,不是目标语法点,1,0.9973717927932739,1,candidate:比字比较候选;family:比较构式;rule:KG-RULE-V02-0053;rule:KG-RULE-V02-0054;rule:KG-RULE-V02-0056;source:REF-GF0025-2021;source:REF-GRAMMAR-MANUAL-ADV;source:REF-GRAMMAR-MANUAL-ELEM;source:REF-GRAMMAR-MANUAL-INTER;source:REF-LIU-PRACTICAL-GRAMMAR
13,ASGD-2027-2739,2d9f0a27361fa016,时间/处所功能结构,处所状语候选,不是目标语法点,是目标语法点,0,0.9443584084510803,1,candidate:处所状语候选;family:时间/处所功能结构;rule:KG-RULE-V02-0039;rule:KG-RULE-V02-0040;rule:KG-RULE-V02-0041;rule:KG-RULE-V02-0044;source:REF-GF0025-2021;source:REF-GRAMMAR-MANUAL-ELEM;source:REF-GRAMMAR-MANUAL-INTER;source:REF-HUANG-LIAO-MODERN-CHINESE
13,ASGD-2027-2740,d63d1d59253bbb09,介词/框架结构,在字介词框架候选,是目标语法点,是目标语法点,1,0.9982224106788635,0,candidate:在字介词框架候选;family:介词/框架结构;rule:KG-RULE-V02-0099;rule:KG-RULE-V02-0100;rule:KG-RULE-V02-0101;source:REF-GF0025-2021;source:REF-GRAMMAR-MANUAL-ADV;source:REF-GRAMMAR-MANUAL-ELEM;source:REF-GRAMMAR-MANUAL-INTER;source:REF-HUANG-LIAO-MODERN-CHINESE;source:REF-LU-TCSL-GRAMMAR
13,ASGD-2027-2745,466d720851db6251,比较构式,比字比较候选,不是目标语法点,不是目标语法点,1,0.9976014494895935,1,candidate:比字比较候选;family:比较构式;rule:KG-RULE-V02-0053;rule:KG-RULE-V02-0054;rule:KG-RULE-V02-0056;source:REF-GF0025-2021;source:REF-GRAMMAR-MANUAL-ADV;source:REF-GRAMMAR-MANUAL-ELEM;source:REF-GRAMMAR-MANUAL-INTER;source:REF-LIU-PRACTICAL-GRAMMAR
13,ASGD-2027-2748,a0de6b12b30730b1,补语结构,得字补语候选,不是目标语法点,是目标语法点,0,0.9939897060394287,0,candidate:得字补语候选;family:补语结构;rule:KG-RULE-V02-0047;rule:KG-RULE-V02-0049;source:REF-GF0025-2021;source:REF-GRAMMAR-MANUAL-ADV;source:REF-GRAMMAR-MANUAL-ELEM;source:REF-GRAMMAR-MANUAL-INTER;source:REF-HUANG-LIAO-MODERN-CHINESE;source:REF-LIU-PRACTICAL-GRAMMAR
13,ASGD-2027-2754,2d36a7015f10015b,补语结构,得字补语候选,是目标语法点,是目标语法点,1,0.9921190738677979,0,candidate:得字补语候选;family:补语结构;rule:KG-RULE-V02-0047;rule:KG-RULE-V02-0049;source:REF-GF0025-2021;source:REF-GRAMMAR-MANUAL-ADV;source:REF-GRAMMAR-MANUAL-ELEM;source:REF-GRAMMAR-MANUAL-INTER;source:REF-HUANG-LIAO-MODERN-CHINESE;source:REF-LIU-PRACTICAL-GRAMMAR
13,ASGD-2027-2763,3542e59abd7b0354,多谓词/论元结构,连动结构候选,是目标语法点,是目标语法点,1,0.9979798197746277,0,candidate:连动结构候选;family:多谓词/论元结构
13,ASGD-2027-2765,c41d2c62578a0e38,介词/框架结构,在字介词框架候选,是目标语法点,是目标语法点,1,0.9981703758239746,0,candidate:在字介词框架候选;family:介词/框架结构;rule:KG-RULE-V02-0099;rule:KG-RULE-V02-0100;rule:KG-RULE-V02-0101;source:REF-GF0025-2021;source:REF-GRAMMAR-MANUAL-ADV;source:REF-GRAMMAR-MANUAL-ELEM;source:REF-GRAMMAR-MANUAL-INTER;source:REF-HUANG-LIAO-MODERN-CHINESE;source:REF-LU-TCSL-GRAMMAR
13,ASGD-2027-2770,24a86fee9829db21,补语结构,数量/时量补语候选,是目标语法点,是目标语法点,1,0.9979878664016724,0,candidate:数量/时量补语候选;family:补语结构
13,ASGD-2027-2782,ec4b1f0c308b61e6,介词/框架结构,给/为/关于等介词框架候选,是目标语法点,是目标语法点,1,0.9982274174690247,0,candidate:给/为/关于等介词框架候选;family:介词/框架结构;rule:KG-RULE-V02-0138;source:REF-GF0025-2021;source:REF-GRAMMAR-MANUAL-ADV;source:REF-GRAMMAR-MANUAL-ELEM;source:REF-GRAMMAR-MANUAL-INTER;source:REF-HUANG-LIAO-MODERN-CHINESE;source:REF-LU-TCSL-GRAMMAR
13,ASGD-2027-2784,4047fb361f148a75,比较构式,没有比较候选,不是目标语法点,不是目标语法点,1,0.9985565543174744,0,candidate:没有比较候选;family:比较构式;rule:KG-RULE-V02-0059;rule:KG-RULE-V02-0060;rule:KG-RULE-V02-0061;source:REF-GF0025-2021;source:REF-GRAMMAR-MANUAL-ADV;source:REF-GRAMMAR-MANUAL-ELEM;source:REF-GRAMMAR-MANUAL-INTER;source:REF-LIU-PRACTICAL-GRAMMAR
13,ASGD-2027-2785,d6db7012c9ff696a,介词/框架结构,给/为/关于等介词框架候选,是目标语法点,是目标语法点,1,0.9980940222740173,0,candidate:给/为/关于等介词框架候选;family:介词/框架结构;rule:KG-RULE-V02-0135;rule:KG-RULE-V02-0136;rule:KG-RULE-V02-0137;source:REF-GF0025-2021;source:REF-GRAMMAR-MANUAL-ADV;source:REF-GRAMMAR-MANUAL-ELEM;source:REF-GRAMMAR-MANUAL-INTER;source:REF-HUANG-LIAO-MODERN-CHINESE;source:REF-LU-TCSL-GRAMMAR
13,ASGD-2027-2786,e41cebb1a960eca7,多谓词/论元结构,双宾/给予结构候选,不是目标语法点,不是目标语法点,1,0.9949809908866882,0,candidate:双宾/给予结构候选;family:多谓词/论元结构
13,ASGD-2027-2791,1ac51e76fd94e297,被动/受事凸显构式,被字句候选,是目标语法点,是目标语法点,1,0.9980781078338623,0,candidate:被字句候选;family:被动/受事凸显构式;rule:KG-RULE-V02-0022;rule:KG-RULE-V02-0024;source:REF-GF0025-2021;source:REF-GRAMMAR-MANUAL-ADV;source:REF-GRAMMAR-MANUAL-ELEM;source:REF-GRAMMAR-MANUAL-INTER;source:REF-LIU-PRACTICAL-GRAMMAR;source:REF-LU-TCSL-GRAMMAR
13,ASGD-2027-2794,0cddbabe4786cf05,时间/处所功能结构,时间状语候选,是目标语法点,是目标语法点,1,0.9979058504104614,0,candidate:时间状语候选;family:时间/处所功能结构;rule:KG-RULE-V02-0033;source:REF-GF0025-2021;source:REF-GRAMMAR-MANUAL-ADV;source:REF-GRAMMAR-MANUAL-ELEM;source:REF-GRAMMAR-MANUAL-INTER;source:REF-HUANG-LIAO-MODERN-CHINESE
13,ASGD-2027-2797,6cdb2c3cad0548df,多谓词/论元结构,双宾/给予结构候选,是目标语法点,是目标语法点,1,0.9983175992965698,0,candidate:双宾/给予结构候选;family:多谓词/论元结构
13,ASGD-2027-2808,242854ae26e3ed19,被动/受事凸显构式,被字句候选,是目标语法点,是目标语法点,1,0.9980975985527039,0,candidate:被字句候选;family:被动/受事凸显构式;rule:KG-RULE-V02-0022;rule:KG-RULE-V02-0024;source:REF-GF0025-2021;source:REF-GRAMMAR-MANUAL-ADV;source:REF-GRAMMAR-MANUAL-ELEM;source:REF-GRAMMAR-MANUAL-INTER;source:REF-LIU-PRACTICAL-GRAMMAR;source:REF-LU-TCSL-GRAMMAR
13,ASGD-2027-2810,f9250b72abb3267a,介词/框架结构,从字介词框架候选,是目标语法点,是目标语法点,1,0.9980109333992004,0,candidate:从字介词框架候选;family:介词/框架结构;rule:KG-RULE-V02-0109;rule:KG-RULE-V02-0110;source:REF-GF0025-2021;source:REF-GRAMMAR-MANUAL-ADV;source:REF-GRAMMAR-MANUAL-ELEM;source:REF-GRAMMAR-MANUAL-INTER;source:REF-HUANG-LIAO-MODERN-CHINESE;source:REF-LU-TCSL-GRAMMAR
13,ASGD-2027-2813,6d4fca1bf5da27a4,比较构式,比字比较候选,不是目标语法点,不是目标语法点,1,0.9980559349060059,1,candidate:比字比较候选;family:比较构式;rule:KG-RULE-V02-0053;rule:KG-RULE-V02-0054;rule:KG-RULE-V02-0056;source:REF-GF0025-2021;source:REF-GRAMMAR-MANUAL-ADV;source:REF-GRAMMAR-MANUAL-ELEM;source:REF-GRAMMAR-MANUAL-INTER;source:REF-LIU-PRACTICAL-GRAMMAR
13,ASGD-2027-2814,92d33b421dd42324,时间/处所功能结构,时间状语候选,是目标语法点,是目标语法点,1,0.9980025887489319,0,candidate:时间状语候选;family:时间/处所功能结构;rule:KG-RULE-V02-0030;rule:KG-RULE-V02-0031;rule:KG-RULE-V02-0032;source:REF-GF0025-2021;source:REF-GRAMMAR-MANUAL-ADV;source:REF-GRAMMAR-MANUAL-ELEM;source:REF-GRAMMAR-MANUAL-INTER;source:REF-HUANG-LIAO-MODERN-CHINESE
13,ASGD-2027-2820,9e27fee57ca8bb8c,时间/处所功能结构,处所状语候选,不是目标语法点,不是目标语法点,1,0.5059695839881897,0,candidate:处所状语候选;family:时间/处所功能结构;rule:KG-RULE-V02-0042;source:REF-GF0025-2021;source:REF-GRAMMAR-MANUAL-ELEM;source:REF-GRAMMAR-MANUAL-INTER;source:REF-HUANG-LIAO-MODERN-CHINESE
13,ASGD-2027-2827,20dd1a3f733f7ee9,复句关联结构,但是候选,是目标语法点,是目标语法点,1,0.9981269240379333,0,candidate:但是候选;family:复句关联结构
13,ASGD-2027-2829,621b79df2ecb46bb,复句关联结构,如果候选,是目标语法点,是目标语法点,1,0.9980847835540771,0,candidate:如果候选;family:复句关联结构
13,ASGD-2027-2843,34ca8d6d7af74581,比较构式,越...越候选,是目标语法点,是目标语法点,1,0.9978823065757751,0,candidate:越...越候选;family:比较构式;rule:KG-RULE-V02-0069;rule:KG-RULE-V02-0070;rule:KG-RULE-V02-0071;source:REF-GF0025-2021;source:REF-GRAMMAR-MANUAL-ADV;source:REF-GRAMMAR-MANUAL-ELEM;source:REF-GRAMMAR-MANUAL-INTER;source:REF-LIU-PRACTICAL-GRAMMAR
13,ASGD-2027-2846,4895ba2a91d9daf8,时间/处所功能结构,时间状语候选,是目标语法点,是目标语法点,1,0.9980646967887878,0,candidate:时间状语候选;family:时间/处所功能结构;rule:KG-RULE-V02-0030;rule:KG-RULE-V02-0031;rule:KG-RULE-V02-0032;source:REF-GF0025-2021;source:REF-GRAMMAR-MANUAL-ADV;source:REF-GRAMMAR-MANUAL-ELEM;source:REF-GRAMMAR-MANUAL-INTER;source:REF-HUANG-LIAO-MODERN-CHINESE
13,ASGD-2027-2847,9e4fcc15a877edeb,介词/框架结构,从字介词框架候选,是目标语法点,是目标语法点,1,0.9980719089508057,0,candidate:从字介词框架候选;family:介词/框架结构;rule:KG-RULE-V02-0109;rule:KG-RULE-V02-0110;source:REF-GF0025-2021;source:REF-GRAMMAR-MANUAL-ADV;source:REF-GRAMMAR-MANUAL-ELEM;source:REF-GRAMMAR-MANUAL-INTER;source:REF-HUANG-LIAO-MODERN-CHINESE;source:REF-LU-TCSL-GRAMMAR
13,ASGD-2027-2848,edaad9eaec7f51c8,时间/处所功能结构,处所状语候选,是目标语法点,是目标语法点,1,0.9919403195381165,0,candidate:处所状语候选;family:时间/处所功能结构;rule:KG-RULE-V02-0039;rule:KG-RULE-V02-0040;rule:KG-RULE-V02-0041;source:REF-GF0025-2021;source:REF-GRAMMAR-MANUAL-ELEM;source:REF-GRAMMAR-MANUAL-INTER;source:REF-HUANG-LIAO-MODERN-CHINESE
13,ASGD-2027-2850,48a68204638b3859,时间/处所功能结构,时间状语候选,是目标语法点,是目标语法点,1,0.9981422424316406,0,candidate:时间状语候选;family:时间/处所功能结构;rule:KG-RULE-V02-0030;rule:KG-RULE-V02-0031;rule:KG-RULE-V02-0032;source:REF-GF0025-2021;source:REF-GRAMMAR-MANUAL-ADV;source:REF-GRAMMAR-MANUAL-ELEM;source:REF-GRAMMAR-MANUAL-INTER;source:REF-HUANG-LIAO-MODERN-CHINESE
13,ASGD-2027-2853,ff526cdd9e10b67f,被动/受事凸显构式,被字句候选,是目标语法点,是目标语法点,1,0.9978260397911072,0,candidate:被字句候选;family:被动/受事凸显构式;rule:KG-RULE-V02-0022;rule:KG-RULE-V02-0024;source:REF-GF0025-2021;source:REF-GRAMMAR-MANUAL-ADV;source:REF-GRAMMAR-MANUAL-ELEM;source:REF-GRAMMAR-MANUAL-INTER;source:REF-LIU-PRACTICAL-GRAMMAR;source:REF-LU-TCSL-GRAMMAR
13,ASGD-2027-2854,cfba7f0d2ec1d4cd,补语结构,得字补语候选,是目标语法点,是目标语法点,1,0.9974589943885803,0,candidate:得字补语候选;family:补语结构;rule:KG-RULE-V02-0047;rule:KG-RULE-V02-0049;source:REF-GF0025-2021;source:REF-GRAMMAR-MANUAL-ADV;source:REF-GRAMMAR-MANUAL-ELEM;source:REF-GRAMMAR-MANUAL-INTER;source:REF-HUANG-LIAO-MODERN-CHINESE;source:REF-LIU-PRACTICAL-GRAMMAR
13,ASGD-2027-2857,baf0e215f3ea7fd0,复句关联结构,但是候选,是目标语法点,是目标语法点,1,0.9978849291801453,0,candidate:但是候选;family:复句关联结构
13,ASGD-2027-2858,4cae524d3560b632,补语结构,趋向补语候选,是目标语法点,是目标语法点,1,0.9980237483978271,0,candidate:趋向补语候选;family:补语结构
13,ASGD-2027-2871,d0117ea91b1ad6f6,介词/框架结构,对字介词框架候选,是目标语法点,是目标语法点,1,0.9978262782096863,0,candidate:对字介词框架候选;family:介词/框架结构;rule:KG-RULE-V02-0115;rule:KG-RULE-V02-0116;rule:KG-RULE-V02-0117;source:REF-GF0025-2021;source:REF-GRAMMAR-MANUAL-ADV;source:REF-GRAMMAR-MANUAL-ELEM;source:REF-GRAMMAR-MANUAL-INTER;source:REF-HUANG-LIAO-MODERN-CHINESE;source:REF-LU-TCSL-GRAMMAR
13,ASGD-2027-2876,bac9fd35391254b2,补语结构,得字补语候选,是目标语法点,是目标语法点,1,0.9977993369102478,0,candidate:得字补语候选;family:补语结构;rule:KG-RULE-V02-0047;rule:KG-RULE-V02-0049;source:REF-GF0025-2021;source:REF-GRAMMAR-MANUAL-ADV;source:REF-GRAMMAR-MANUAL-ELEM;source:REF-GRAMMAR-MANUAL-INTER;source:REF-HUANG-LIAO-MODERN-CHINESE;source:REF-LIU-PRACTICAL-GRAMMAR
13,ASGD-2027-2880,b66d1c70dc40d55a,被动/受事凸显构式,被字句候选,是目标语法点,是目标语法点,1,0.9980341792106628,0,candidate:被字句候选;family:被动/受事凸显构式;rule:KG-RULE-V02-0022;rule:KG-RULE-V02-0024;source:REF-GF0025-2021;source:REF-GRAMMAR-MANUAL-ADV;source:REF-GRAMMAR-MANUAL-ELEM;source:REF-GRAMMAR-MANUAL-INTER;source:REF-LIU-PRACTICAL-GRAMMAR;source:REF-LU-TCSL-GRAMMAR
13,ASGD-2027-2886,5448924cef4b0dd2,介词/框架结构,在字介词框架候选,是目标语法点,是目标语法点,1,0.997820258140564,0,candidate:在字介词框架候选;family:介词/框架结构;rule:KG-RULE-V02-0099;rule:KG-RULE-V02-0100;rule:KG-RULE-V02-0101;source:REF-GF0025-2021;source:REF-GRAMMAR-MANUAL-ADV;source:REF-GRAMMAR-MANUAL-ELEM;source:REF-GRAMMAR-MANUAL-INTER;source:REF-HUANG-LIAO-MODERN-CHINESE;source:REF-LU-TCSL-GRAMMAR
13,ASGD-2027-2887,90b22d22fd7ba401,时间/处所功能结构,时间状语候选,是目标语法点,是目标语法点,1,0.9980108141899109,0,candidate:时间状语候选;family:时间/处所功能结构;rule:KG-RULE-V02-0030;rule:KG-RULE-V02-0031;rule:KG-RULE-V02-0032;source:REF-GF0025-2021;source:REF-GRAMMAR-MANUAL-ADV;source:REF-GRAMMAR-MANUAL-ELEM;source:REF-GRAMMAR-MANUAL-INTER;source:REF-HUANG-LIAO-MODERN-CHINESE
13,ASGD-2027-2905,1f1b9c39868208e8,时间/处所功能结构,时间状语候选,是目标语法点,是目标语法点,1,0.998080849647522,0,candidate:时间状语候选;family:时间/处所功能结构;rule:KG-RULE-V02-0030;rule:KG-RULE-V02-0031;rule:KG-RULE-V02-0032;source:REF-GF0025-2021;source:REF-GRAMMAR-MANUAL-ADV;source:REF-GRAMMAR-MANUAL-ELEM;source:REF-GRAMMAR-MANUAL-INTER;source:REF-HUANG-LIAO-MODERN-CHINESE
13,ASGD-2027-2907,bd291c5f5d675d6b,比较构式,一样比较候选,是目标语法点,是目标语法点,1,0.9973317384719849,0,candidate:一样比较候选;family:比较构式;rule:KG-RULE-V02-0089;rule:KG-RULE-V02-0090;rule:KG-RULE-V02-0091;source:REF-GF0025-2021;source:REF-GRAMMAR-MANUAL-ADV;source:REF-GRAMMAR-MANUAL-ELEM;source:REF-GRAMMAR-MANUAL-INTER;source:REF-LIU-PRACTICAL-GRAMMAR
13,ASGD-2027-2912,901c0d9e47b24b43,时间/处所功能结构,处所状语候选,不是目标语法点,不是目标语法点,1,0.9401963949203491,0,candidate:处所状语候选;family:时间/处所功能结构;rule:KG-RULE-V02-0042;source:REF-GF0025-2021;source:REF-GRAMMAR-MANUAL-ELEM;source:REF-GRAMMAR-MANUAL-INTER;source:REF-HUANG-LIAO-MODERN-CHINESE
13,ASGD-2027-2920,9f0220e98cbd028e,补语结构,数量/时量补语候选,是目标语法点,是目标语法点,1,0.9981441497802734,0,candidate:数量/时量补语候选;family:补语结构
13,ASGD-2027-2923,e4c5caca7a5eacaf,时间/处所功能结构,处所状语候选,不是目标语法点,不是目标语法点,1,0.9917876124382019,0,candidate:处所状语候选;family:时间/处所功能结构;rule:KG-RULE-V02-0039;rule:KG-RULE-V02-0040;rule:KG-RULE-V02-0041;source:REF-GF0025-2021;source:REF-GRAMMAR-MANUAL-ELEM;source:REF-GRAMMAR-MANUAL-INTER;source:REF-HUANG-LIAO-MODERN-CHINESE
13,ASGD-2027-2926,7a366031a7153008,多谓词/论元结构,连动结构候选,是目标语法点,是目标语法点,1,0.9979871511459351,0,candidate:连动结构候选;family:多谓词/论元结构
13,ASGD-2027-2935,df7968bc2599025b,补语结构,得字补语候选,是目标语法点,是目标语法点,1,0.9966335892677307,0,candidate:得字补语候选;family:补语结构;rule:KG-RULE-V02-0047;rule:KG-RULE-V02-0049;source:REF-GF0025-2021;source:REF-GRAMMAR-MANUAL-ADV;source:REF-GRAMMAR-MANUAL-ELEM;source:REF-GRAMMAR-MANUAL-INTER;source:REF-HUANG-LIAO-MODERN-CHINESE;source:REF-LIU-PRACTICAL-GRAMMAR
13,ASGD-2027-2937,07bbe17959188763,处置/受事重组构式,把字句候选,是目标语法点,是目标语法点,1,0.9982642531394958,0,candidate:把字句候选;family:处置/受事重组构式;rule:KG-RULE-V02-0001;rule:KG-RULE-V02-0002;rule:KG-RULE-V02-0003;source:REF-GF0025-2021;source:REF-GRAMMAR-MANUAL-ELEM;source:REF-GRAMMAR-MANUAL-INTER;source:REF-LIU-PRACTICAL-GRAMMAR;source:REF-LU-TCSL-GRAMMAR
13,ASGD-2027-2938,aea17c519172e20d,补语结构,结果补语候选,是目标语法点,是目标语法点,1,0.9982251524925232,0,candidate:结果补语候选;family:补语结构
13,ASGD-2027-2943,fa1550a47e5da406,时间/处所功能结构,时间状语候选,是目标语法点,是目标语法点,1,0.9981471300125122,0,candidate:时间状语候选;family:时间/处所功能结构;rule:KG-RULE-V02-0030;rule:KG-RULE-V02-0031;rule:KG-RULE-V02-0032;source:REF-GF0025-2021;source:REF-GRAMMAR-MANUAL-ADV;source:REF-GRAMMAR-MANUAL-ELEM;source:REF-GRAMMAR-MANUAL-INTER;source:REF-HUANG-LIAO-MODERN-CHINESE
13,ASGD-2027-2944,1c2856c867b6b2eb,补语结构,得字补语候选,是目标语法点,是目标语法点,1,0.9978861212730408,0,candidate:得字补语候选;family:补语结构;rule:KG-RULE-V02-0047;rule:KG-RULE-V02-0049;source:REF-GF0025-2021;source:REF-GRAMMAR-MANUAL-ADV;source:REF-GRAMMAR-MANUAL-ELEM;source:REF-GRAMMAR-MANUAL-INTER;source:REF-HUANG-LIAO-MODERN-CHINESE;source:REF-LIU-PRACTICAL-GRAMMAR
13,ASGD-2027-2946,55d14c9bc6dc07f1,处置/受事重组构式,把字句候选,是目标语法点,是目标语法点,1,0.9982701539993286,0,candidate:把字句候选;family:处置/受事重组构式;rule:KG-RULE-V02-0001;rule:KG-RULE-V02-0002;rule:KG-RULE-V02-0003;source:REF-GF0025-2021;source:REF-GRAMMAR-MANUAL-ELEM;source:REF-GRAMMAR-MANUAL-INTER;source:REF-LIU-PRACTICAL-GRAMMAR;source:REF-LU-TCSL-GRAMMAR
13,ASGD-2027-2952,c41d8a8bbde2de18,多谓词/论元结构,双宾/给予结构候选,是目标语法点,是目标语法点,1,0.9979523420333862,0,candidate:双宾/给予结构候选;family:多谓词/论元结构
13,ASGD-2027-2957,819ece0bff9d8089,时间/处所功能结构,时间状语候选,是目标语法点,是目标语法点,1,0.9944325089454651,0,candidate:时间状语候选;family:时间/处所功能结构;rule:KG-RULE-V02-0030;rule:KG-RULE-V02-0031;rule:KG-RULE-V02-0032;source:REF-GF0025-2021;source:REF-GRAMMAR-MANUAL-ADV;source:REF-GRAMMAR-MANUAL-ELEM;source:REF-GRAMMAR-MANUAL-INTER;source:REF-HUANG-LIAO-MODERN-CHINESE
13,ASGD-2027-2961,14cc9ed1643e4c29,补语结构,结果补语候选,是目标语法点,是目标语法点,1,0.9980403780937195,0,candidate:结果补语候选;family:补语结构
13,ASGD-2027-2967,f34381f045bc9d20,时间/处所功能结构,处所状语候选,不是目标语法点,是目标语法点,0,0.8004330992698669,0,candidate:处所状语候选;family:时间/处所功能结构;rule:KG-RULE-V02-0042;source:REF-GF0025-2021;source:REF-GRAMMAR-MANUAL-ELEM;source:REF-GRAMMAR-MANUAL-INTER;source:REF-HUANG-LIAO-MODERN-CHINESE
13,ASGD-2027-2996,41387a27fac3cace,介词/框架结构,给/为/关于等介词框架候选,是目标语法点,是目标语法点,1,0.9982328414916992,0,candidate:给/为/关于等介词框架候选;family:介词/框架结构;rule:KG-RULE-V02-0135;rule:KG-RULE-V02-0136;rule:KG-RULE-V02-0137;source:REF-GF0025-2021;source:REF-GRAMMAR-MANUAL-ADV;source:REF-GRAMMAR-MANUAL-ELEM;source:REF-GRAMMAR-MANUAL-INTER;source:REF-HUANG-LIAO-MODERN-CHINESE;source:REF-LU-TCSL-GRAMMAR
13,ASGD-2027-2998,c4a6276428aafd72,时间/处所功能结构,处所状语候选,是目标语法点,是目标语法点,1,0.996780276298523,0,candidate:处所状语候选;family:时间/处所功能结构;rule:KG-RULE-V02-0039;rule:KG-RULE-V02-0040;rule:KG-RULE-V02-0041;source:REF-GF0025-2021;source:REF-GRAMMAR-MANUAL-ELEM;source:REF-GRAMMAR-MANUAL-INTER;source:REF-HUANG-LIAO-MODERN-CHINESE
42,ASGD-2027-0003,0bbf66fc4127964f,补语结构,数量/时量补语候选,是目标语法点,是目标语法点,1,0.9986066222190857,0,candidate:数量/时量补语候选;family:补语结构
42,ASGD-2027-0004,b7fd3b5fa4fad2a1,多谓词/论元结构,连动结构候选,不是目标语法点,不是目标语法点,1,0.9804782271385193,0,candidate:连动结构候选;family:多谓词/论元结构
42,ASGD-2027-0018,c5085c4dc44faa9a,时间/处所功能结构,时间状语候选,是目标语法点,是目标语法点,1,0.9987549781799316,0,candidate:时间状语候选;family:时间/处所功能结构;rule:KG-RULE-V02-0030;rule:KG-RULE-V02-0031;rule:KG-RULE-V02-0032;source:REF-GF0025-2021;source:REF-GRAMMAR-MANUAL-ADV;source:REF-GRAMMAR-MANUAL-ELEM;source:REF-GRAMMAR-MANUAL-INTER;source:REF-HUANG-LIAO-MODERN-CHINESE
42,ASGD-2027-0023,43e4981dcb3b6127,被动/受事凸显构式,被字句候选,是目标语法点,是目标语法点,1,0.9984797835350037,0,candidate:被字句候选;family:被动/受事凸显构式;rule:KG-RULE-V02-0022;rule:KG-RULE-V02-0024;source:REF-GF0025-2021;source:REF-GRAMMAR-MANUAL-ADV;source:REF-GRAMMAR-MANUAL-ELEM;source:REF-GRAMMAR-MANUAL-INTER;source:REF-LIU-PRACTICAL-GRAMMAR;source:REF-LU-TCSL-GRAMMAR
42,ASGD-2027-0024,be939518863d3e3a,处置/受事重组构式,把字句候选,是目标语法点,是目标语法点,1,0.9985049962997437,0,candidate:把字句候选;family:处置/受事重组构式;rule:KG-RULE-V02-0001;rule:KG-RULE-V02-0002;rule:KG-RULE-V02-0003;source:REF-GF0025-2021;source:REF-GRAMMAR-MANUAL-ELEM;source:REF-GRAMMAR-MANUAL-INTER;source:REF-LIU-PRACTICAL-GRAMMAR;source:REF-LU-TCSL-GRAMMAR
42,ASGD-2027-0041,4a4ed4f55c066a8c,补语结构,得字补语候选,不是目标语法点,是目标语法点,0,0.9949485063552856,0,candidate:得字补语候选;family:补语结构;rule:KG-RULE-V02-0047;rule:KG-RULE-V02-0049;source:REF-GF0025-2021;source:REF-GRAMMAR-MANUAL-ADV;source:REF-GRAMMAR-MANUAL-ELEM;source:REF-GRAMMAR-MANUAL-INTER;source:REF-HUANG-LIAO-MODERN-CHINESE;source:REF-LIU-PRACTICAL-GRAMMAR
42,ASGD-2027-0044,d505c31459ee3b68,补语结构,得字补语候选,是目标语法点,是目标语法点,1,0.9692051410675049,0,candidate:得字补语候选;family:补语结构;rule:KG-RULE-V02-0047;rule:KG-RULE-V02-0049;source:REF-GF0025-2021;source:REF-GRAMMAR-MANUAL-ADV;source:REF-GRAMMAR-MANUAL-ELEM;source:REF-GRAMMAR-MANUAL-INTER;source:REF-HUANG-LIAO-MODERN-CHINESE;source:REF-LIU-PRACTICAL-GRAMMAR
42,ASGD-2027-0046,90a284f2babaa66f,处置/受事重组构式,把字句候选,是目标语法点,是目标语法点,1,0.998640239238739,0,candidate:把字句候选;family:处置/受事重组构式;rule:KG-RULE-V02-0001;rule:KG-RULE-V02-0002;rule:KG-RULE-V02-0003;source:REF-GF0025-2021;source:REF-GRAMMAR-MANUAL-ELEM;source:REF-GRAMMAR-MANUAL-INTER;source:REF-LIU-PRACTICAL-GRAMMAR;source:REF-LU-TCSL-GRAMMAR
42,ASGD-2027-0047,7ac8bcc89b45642e,介词/框架结构,从字介词框架候选,是目标语法点,是目标语法点,1,0.9985529780387878,0,candidate:从字介词框架候选;family:介词/框架结构;rule:KG-RULE-V02-0109;rule:KG-RULE-V02-0110;source:REF-GF0025-2021;source:REF-GRAMMAR-MANUAL-ADV;source:REF-GRAMMAR-MANUAL-ELEM;source:REF-GRAMMAR-MANUAL-INTER;source:REF-HUANG-LIAO-MODERN-CHINESE;source:REF-LU-TCSL-GRAMMAR
42,ASGD-2027-0051,7891ccb6261b4659,补语结构,得字补语候选,是目标语法点,是目标语法点,1,0.9982611536979675,0,candidate:得字补语候选;family:补语结构;rule:KG-RULE-V02-0047;rule:KG-RULE-V02-0049;source:REF-GF0025-2021;source:REF-GRAMMAR-MANUAL-ADV;source:REF-GRAMMAR-MANUAL-ELEM;source:REF-GRAMMAR-MANUAL-INTER;source:REF-HUANG-LIAO-MODERN-CHINESE;source:REF-LIU-PRACTICAL-GRAMMAR
42,ASGD-2027-0058,d3899123ef9ba5c0,时间/处所功能结构,处所状语候选,是目标语法点,不是目标语法点,0,0.9856995940208435,0,candidate:处所状语候选;family:时间/处所功能结构;rule:KG-RULE-V02-0039;rule:KG-RULE-V02-0040;rule:KG-RULE-V02-0041;source:REF-GF0025-2021;source:REF-GRAMMAR-MANUAL-ELEM;source:REF-GRAMMAR-MANUAL-INTER;source:REF-HUANG-LIAO-MODERN-CHINESE
42,ASGD-2027-0059,b01c2242341504e8,时间/处所功能结构,处所状语候选,是目标语法点,是目标语法点,1,0.9958564639091492,0,candidate:处所状语候选;family:时间/处所功能结构;rule:KG-RULE-V02-0039;rule:KG-RULE-V02-0040;rule:KG-RULE-V02-0041;source:REF-GF0025-2021;source:REF-GRAMMAR-MANUAL-ELEM;source:REF-GRAMMAR-MANUAL-INTER;source:REF-HUANG-LIAO-MODERN-CHINESE
42,ASGD-2027-0060,5413d1093ac95086,处置/受事重组构式,把字句候选,是目标语法点,是目标语法点,1,0.9985975623130798,0,candidate:把字句候选;family:处置/受事重组构式;rule:KG-RULE-V02-0001;rule:KG-RULE-V02-0002;rule:KG-RULE-V02-0003;source:REF-GF0025-2021;source:REF-GRAMMAR-MANUAL-ELEM;source:REF-GRAMMAR-MANUAL-INTER;source:REF-LIU-PRACTICAL-GRAMMAR;source:REF-LU-TCSL-GRAMMAR
42,ASGD-2027-0064,cbbcda833bacf70d,介词/框架结构,向/往/朝介词框架候选,是目标语法点,是目标语法点,1,0.9984470009803772,0,candidate:向/往/朝介词框架候选;family:介词/框架结构;rule:KG-RULE-V02-0125;rule:KG-RULE-V02-0126;rule:KG-RULE-V02-0127;source:REF-GF0025-2021;source:REF-GRAMMAR-MANUAL-ADV;source:REF-GRAMMAR-MANUAL-ELEM;source:REF-GRAMMAR-MANUAL-INTER;source:REF-HUANG-LIAO-MODERN-CHINESE;source:REF-LU-TCSL-GRAMMAR
42,ASGD-2027-0069,1e86f3da7c6b150f,处置/受事重组构式,把字句候选,是目标语法点,是目标语法点,1,0.9987058639526367,0,candidate:把字句候选;family:处置/受事重组构式;rule:KG-RULE-V02-0001;rule:KG-RULE-V02-0002;rule:KG-RULE-V02-0003;source:REF-GF0025-2021;source:REF-GRAMMAR-MANUAL-ELEM;source:REF-GRAMMAR-MANUAL-INTER;source:REF-LIU-PRACTICAL-GRAMMAR;source:REF-LU-TCSL-GRAMMAR
42,ASGD-2027-0075,a0de6b12b30730b1,时间/处所功能结构,时间状语候选,是目标语法点,是目标语法点,1,0.9986569881439209,0,candidate:时间状语候选;family:时间/处所功能结构;rule:KG-RULE-V02-0033;source:REF-GF0025-2021;source:REF-GRAMMAR-MANUAL-ADV;source:REF-GRAMMAR-MANUAL-ELEM;source:REF-GRAMMAR-MANUAL-INTER;source:REF-HUANG-LIAO-MODERN-CHINESE
42,ASGD-2027-0081,e1297467a5c519ef,补语结构,数量/时量补语候选,是目标语法点,是目标语法点,1,0.9985595345497131,0,candidate:数量/时量补语候选;family:补语结构
42,ASGD-2027-0083,497f8ab4accedb94,被动/受事凸显构式,被字句候选,不是目标语法点,不是目标语法点,1,0.9967014193534851,0,candidate:被字句候选;family:被动/受事凸显构式;rule:KG-RULE-V02-0022;rule:KG-RULE-V02-0024;source:REF-GF0025-2021;source:REF-GRAMMAR-MANUAL-ADV;source:REF-GRAMMAR-MANUAL-ELEM;source:REF-GRAMMAR-MANUAL-INTER;source:REF-LIU-PRACTICAL-GRAMMAR;source:REF-LU-TCSL-GRAMMAR
42,ASGD-2027-0085,7922f4d7405ba6de,介词/框架结构,在字介词框架候选,是目标语法点,是目标语法点,1,0.9985275268554688,0,candidate:在字介词框架候选;family:介词/框架结构;rule:KG-RULE-V02-0099;rule:KG-RULE-V02-0100;rule:KG-RULE-V02-0101;source:REF-GF0025-2021;source:REF-GRAMMAR-MANUAL-ADV;source:REF-GRAMMAR-MANUAL-ELEM;source:REF-GRAMMAR-MANUAL-INTER;source:REF-HUANG-LIAO-MODERN-CHINESE;source:REF-LU-TCSL-GRAMMAR
42,ASGD-2027-0095,0ad70e4722537c14,复句关联结构,但是候选,是目标语法点,是目标语法点,1,0.9985350370407104,0,candidate:但是候选;family:复句关联结构
42,ASGD-2027-0110,94e001a70ddfc03b,时间/处所功能结构,处所状语候选,是目标语法点,是目标语法点,1,0.9966314435005188,0,candidate:处所状语候选;family:时间/处所功能结构;rule:KG-RULE-V02-0039;rule:KG-RULE-V02-0040;rule:KG-RULE-V02-0041;source:REF-GF0025-2021;source:REF-GRAMMAR-MANUAL-ELEM;source:REF-GRAMMAR-MANUAL-INTER;source:REF-HUANG-LIAO-MODERN-CHINESE
42,ASGD-2027-0134,f982a6457589c2d2,补语结构,结果补语候选,是目标语法点,是目标语法点,1,0.9969967603683472,0,candidate:结果补语候选;family:补语结构
42,ASGD-2027-0137,badc6bdc7c1849d5,比较构式,比字比较候选,不是目标语法点,不是目标语法点,1,0.9974633455276489,1,candidate:比字比较候选;family:比较构式;rule:KG-RULE-V02-0053;rule:KG-RULE-V02-0054;rule:KG-RULE-V02-0056;source:REF-GF0025-2021;source:REF-GRAMMAR-MANUAL-ADV;source:REF-GRAMMAR-MANUAL-ELEM;source:REF-GRAMMAR-MANUAL-INTER;source:REF-LIU-PRACTICAL-GRAMMAR
42,ASGD-2027-0138,a07bc03cc929525e,被动/受事凸显构式,被字句候选,是目标语法点,是目标语法点,1,0.9985093474388123,0,candidate:被字句候选;family:被动/受事凸显构式;rule:KG-RULE-V02-0022;rule:KG-RULE-V02-0024;source:REF-GF0025-2021;source:REF-GRAMMAR-MANUAL-ADV;source:REF-GRAMMAR-MANUAL-ELEM;source:REF-GRAMMAR-MANUAL-INTER;source:REF-LIU-PRACTICAL-GRAMMAR;source:REF-LU-TCSL-GRAMMAR
42,ASGD-2027-0149,036bebd138d88af5,多谓词/论元结构,双宾/给予结构候选,是目标语法点,是目标语法点,1,0.9984422326087952,0,candidate:双宾/给予结构候选;family:多谓词/论元结构
42,ASGD-2027-0160,56748c1088eb9f42,时间/处所功能结构,时间状语候选,是目标语法点,是目标语法点,1,0.9985969662666321,0,candidate:时间状语候选;family:时间/处所功能结构;rule:KG-RULE-V02-0033;source:REF-GF0025-2021;source:REF-GRAMMAR-MANUAL-ADV;source:REF-GRAMMAR-MANUAL-ELEM;source:REF-GRAMMAR-MANUAL-INTER;source:REF-HUANG-LIAO-MODERN-CHINESE
42,ASGD-2027-0162,e634e1c67b18e3db,多谓词/论元结构,双宾/给予结构候选,是目标语法点,是目标语法点,1,0.9981517195701599,0,candidate:双宾/给予结构候选;family:多谓词/论元结构
42,ASGD-2027-0165,84bf943d92246491,处置/受事重组构式,把字句候选,是目标语法点,是目标语法点,1,0.9986655712127686,0,candidate:把字句候选;family:处置/受事重组构式;rule:KG-RULE-V02-0001;rule:KG-RULE-V02-0002;rule:KG-RULE-V02-0003;source:REF-GF0025-2021;source:REF-GRAMMAR-MANUAL-ELEM;source:REF-GRAMMAR-MANUAL-INTER;source:REF-LIU-PRACTICAL-GRAMMAR;source:REF-LU-TCSL-GRAMMAR
42,ASGD-2027-0168,4fc942826b03bcf7,处置/受事重组构式,把字句候选,是目标语法点,是目标语法点,1,0.9985482096672058,0,candidate:把字句候选;family:处置/受事重组构式;rule:KG-RULE-V02-0001;rule:KG-RULE-V02-0002;rule:KG-RULE-V02-0003;source:REF-GF0025-2021;source:REF-GRAMMAR-MANUAL-ELEM;source:REF-GRAMMAR-MANUAL-INTER;source:REF-LIU-PRACTICAL-GRAMMAR;source:REF-LU-TCSL-GRAMMAR
42,ASGD-2027-0177,bc08828913270e02,介词/框架结构,给/为/关于等介词框架候选,是目标语法点,是目标语法点,1,0.9985600113868713,0,candidate:给/为/关于等介词框架候选;family:介词/框架结构;rule:KG-RULE-V02-0135;rule:KG-RULE-V02-0136;rule:KG-RULE-V02-0137;source:REF-GF0025-2021;source:REF-GRAMMAR-MANUAL-ADV;source:REF-GRAMMAR-MANUAL-ELEM;source:REF-GRAMMAR-MANUAL-INTER;source:REF-HUANG-LIAO-MODERN-CHINESE;source:REF-LU-TCSL-GRAMMAR
42,ASGD-2027-0179,e79953f4c4891594,处置/受事重组构式,把字句候选,是目标语法点,是目标语法点,1,0.9986032843589783,0,candidate:把字句候选;family:处置/受事重组构式;rule:KG-RULE-V02-0001;rule:KG-RULE-V02-0002;rule:KG-RULE-V02-0003;source:REF-GF0025-2021;source:REF-GRAMMAR-MANUAL-ELEM;source:REF-GRAMMAR-MANUAL-INTER;source:REF-LIU-PRACTICAL-GRAMMAR;source:REF-LU-TCSL-GRAMMAR
42,ASGD-2027-0186,c801dfc373eb5854,时间/处所功能结构,处所状语候选,是目标语法点,是目标语法点,1,0.997654139995575,0,candidate:处所状语候选;family:时间/处所功能结构;rule:KG-RULE-V02-0039;rule:KG-RULE-V02-0040;rule:KG-RULE-V02-0041;source:REF-GF0025-2021;source:REF-GRAMMAR-MANUAL-ELEM;source:REF-GRAMMAR-MANUAL-INTER;source:REF-HUANG-LIAO-MODERN-CHINESE
42,ASGD-2027-0195,0ccf91a78b623479,介词/框架结构,在字介词框架候选,是目标语法点,是目标语法点,1,0.9986181259155273,0,candidate:在字介词框架候选;family:介词/框架结构;rule:KG-RULE-V02-0099;rule:KG-RULE-V02-0100;rule:KG-RULE-V02-0101;source:REF-GF0025-2021;source:REF-GRAMMAR-MANUAL-ADV;source:REF-GRAMMAR-MANUAL-ELEM;source:REF-GRAMMAR-MANUAL-INTER;source:REF-HUANG-LIAO-MODERN-CHINESE;source:REF-LU-TCSL-GRAMMAR
42,ASGD-2027-0196,6d88f38b2371ff09,补语结构,得字补语候选,是目标语法点,是目标语法点,1,0.9983522891998291,0,candidate:得字补语候选;family:补语结构;rule:KG-RULE-V02-0047;rule:KG-RULE-V02-0049;source:REF-GF0025-2021;source:REF-GRAMMAR-MANUAL-ADV;source:REF-GRAMMAR-MANUAL-ELEM;source:REF-GRAMMAR-MANUAL-INTER;source:REF-HUANG-LIAO-MODERN-CHINESE;source:REF-LIU-PRACTICAL-GRAMMAR
42,ASGD-2027-0197,f27b6efe0dbb0eb0,介词/框架结构,在字介词框架候选,不是目标语法点,不是目标语法点,1,0.5789696574211121,0,candidate:在字介词框架候选;family:介词/框架结构;rule:KG-RULE-V02-0099;rule:KG-RULE-V02-0100;rule:KG-RULE-V02-0101;source:REF-GF0025-2021;source:REF-GRAMMAR-MANUAL-ADV;source:REF-GRAMMAR-MANUAL-ELEM;source:REF-GRAMMAR-MANUAL-INTER;source:REF-HUANG-LIAO-MODERN-CHINESE;source:REF-LU-TCSL-GRAMMAR
42,ASGD-2027-0202,959f33a2d877a077,介词/框架结构,给/为/关于等介词框架候选,不是目标语法点,不是目标语法点,1,0.9977453351020813,0,candidate:给/为/关于等介词框架候选;family:介词/框架结构;rule:KG-RULE-V02-0135;rule:KG-RULE-V02-0136;rule:KG-RULE-V02-0137;source:REF-GF0025-2021;source:REF-GRAMMAR-MANUAL-ADV;source:REF-GRAMMAR-MANUAL-ELEM;source:REF-GRAMMAR-MANUAL-INTER;source:REF-HUANG-LIAO-MODERN-CHINESE;source:REF-LU-TCSL-GRAMMAR
42,ASGD-2027-0209,a21bdd127e85acf5,多谓词/论元结构,双宾/给予结构候选,是目标语法点,是目标语法点,1,0.9982814788818359,0,candidate:双宾/给予结构候选;family:多谓词/论元结构
42,ASGD-2027-0210,2226b2ad628a9cd8,介词/框架结构,向/往/朝介词框架候选,是目标语法点,是目标语法点,1,0.9982950091362,0,candidate:向/往/朝介词框架候选;family:介词/框架结构;rule:KG-RULE-V02-0125;rule:KG-RULE-V02-0126;rule:KG-RULE-V02-0127;source:REF-GF0025-2021;source:REF-GRAMMAR-MANUAL-ADV;source:REF-GRAMMAR-MANUAL-ELEM;source:REF-GRAMMAR-MANUAL-INTER;source:REF-HUANG-LIAO-MODERN-CHINESE;source:REF-LU-TCSL-GRAMMAR
42,ASGD-2027-0211,cf2bb1aa19d2643c,时间/处所功能结构,时间状语候选,是目标语法点,是目标语法点,1,0.9986422657966614,0,candidate:时间状语候选;family:时间/处所功能结构;rule:KG-RULE-V02-0030;rule:KG-RULE-V02-0031;rule:KG-RULE-V02-0032;source:REF-GF0025-2021;source:REF-GRAMMAR-MANUAL-ADV;source:REF-GRAMMAR-MANUAL-ELEM;source:REF-GRAMMAR-MANUAL-INTER;source:REF-HUANG-LIAO-MODERN-CHINESE
42,ASGD-2027-0212,6e530091f0fe8fbc,比较构式,比字比较候选,不是目标语法点,不是目标语法点,1,0.9977322816848755,1,candidate:比字比较候选;family:比较构式;rule:KG-RULE-V02-0053;rule:KG-RULE-V02-0054;rule:KG-RULE-V02-0056;source:REF-GF0025-2021;source:REF-GRAMMAR-MANUAL-ADV;source:REF-GRAMMAR-MANUAL-ELEM;source:REF-GRAMMAR-MANUAL-INTER;source:REF-LIU-PRACTICAL-GRAMMAR
42,ASGD-2027-0217,59103370620531da,介词/框架结构,在字介词框架候选,是目标语法点,是目标语法点,1,0.9984466433525085,0,candidate:在字介词框架候选;family:介词/框架结构;rule:KG-RULE-V02-0099;rule:KG-RULE-V02-0100;rule:KG-RULE-V02-0101;source:REF-GF0025-2021;source:REF-GRAMMAR-MANUAL-ADV;source:REF-GRAMMAR-MANUAL-ELEM;source:REF-GRAMMAR-MANUAL-INTER;source:REF-HUANG-LIAO-MODERN-CHINESE;source:REF-LU-TCSL-GRAMMAR
42,ASGD-2027-0230,65b498ba7521a0dc,介词/框架结构,给/为/关于等介词框架候选,是目标语法点,是目标语法点,1,0.9986681938171387,0,candidate:给/为/关于等介词框架候选;family:介词/框架结构;rule:KG-RULE-V02-0135;rule:KG-RULE-V02-0136;rule:KG-RULE-V02-0137;source:REF-GF0025-2021;source:REF-GRAMMAR-MANUAL-ADV;source:REF-GRAMMAR-MANUAL-ELEM;source:REF-GRAMMAR-MANUAL-INTER;source:REF-HUANG-LIAO-MODERN-CHINESE;source:REF-LU-TCSL-GRAMMAR
42,ASGD-2027-0234,183c7776a9489481,时间/处所功能结构,时间状语候选,是目标语法点,是目标语法点,1,0.9987221360206604,0,candidate:时间状语候选;family:时间/处所功能结构;rule:KG-RULE-V02-0030;rule:KG-RULE-V02-0031;rule:KG-RULE-V02-0032;source:REF-GF0025-2021;source:REF-GRAMMAR-MANUAL-ADV;source:REF-GRAMMAR-MANUAL-ELEM;source:REF-GRAMMAR-MANUAL-INTER;source:REF-HUANG-LIAO-MODERN-CHINESE
42,ASGD-2027-0235,ff075513b9ba3308,补语结构,数量/时量补语候选,是目标语法点,是目标语法点,1,0.9985635876655579,0,candidate:数量/时量补语候选;family:补语结构
42,ASGD-2027-0237,e339b590d6968604,时间/处所功能结构,时间状语候选,是目标语法点,是目标语法点,1,0.998785674571991,0,candidate:时间状语候选;family:时间/处所功能结构;rule:KG-RULE-V02-0030;rule:KG-RULE-V02-0031;rule:KG-RULE-V02-0032;source:REF-GF0025-2021;source:REF-GRAMMAR-MANUAL-ADV;source:REF-GRAMMAR-MANUAL-ELEM;source:REF-GRAMMAR-MANUAL-INTER;source:REF-HUANG-LIAO-MODERN-CHINESE
42,ASGD-2027-0240,11b2d4c250eb4347,补语结构,数量/时量补语候选,是目标语法点,是目标语法点,1,0.9982786178588867,0,candidate:数量/时量补语候选;family:补语结构
42,ASGD-2027-0244,87617781113d01e0,介词/框架结构,给/为/关于等介词框架候选,是目标语法点,是目标语法点,1,0.9985938668251038,0,candidate:给/为/关于等介词框架候选;family:介词/框架结构;rule:KG-RULE-V02-0135;rule:KG-RULE-V02-0136;rule:KG-RULE-V02-0137;source:REF-GF0025-2021;source:REF-GRAMMAR-MANUAL-ADV;source:REF-GRAMMAR-MANUAL-ELEM;source:REF-GRAMMAR-MANUAL-INTER;source:REF-HUANG-LIAO-MODERN-CHINESE;source:REF-LU-TCSL-GRAMMAR
42,ASGD-2027-0258,fe29086e8af286d6,介词/框架结构,在字介词框架候选,是目标语法点,是目标语法点,1,0.9985436201095581,0,candidate:在字介词框架候选;family:介词/框架结构;rule:KG-RULE-V02-0099;rule:KG-RULE-V02-0100;rule:KG-RULE-V02-0101;source:REF-GF0025-2021;source:REF-GRAMMAR-MANUAL-ADV;source:REF-GRAMMAR-MANUAL-ELEM;source:REF-GRAMMAR-MANUAL-INTER;source:REF-HUANG-LIAO-MODERN-CHINESE;source:REF-LU-TCSL-GRAMMAR
42,ASGD-2027-0262,394b658f0e5108b1,复句关联结构,如果...就候选,是目标语法点,是目标语法点,1,0.9986135959625244,0,candidate:如果...就候选;family:复句关联结构
42,ASGD-2027-0273,473967478fe06715,介词/框架结构,在字介词框架候选,是目标语法点,是目标语法点,1,0.9985699653625488,0,candidate:在字介词框架候选;family:介词/框架结构;rule:KG-RULE-V02-0099;rule:KG-RULE-V02-0100;rule:KG-RULE-V02-0101;source:REF-GF0025-2021;source:REF-GRAMMAR-MANUAL-ADV;source:REF-GRAMMAR-MANUAL-ELEM;source:REF-GRAMMAR-MANUAL-INTER;source:REF-HUANG-LIAO-MODERN-CHINESE;source:REF-LU-TCSL-GRAMMAR
42,ASGD-2027-0275,94e001a70ddfc03b,时间/处所功能结构,处所状语候选,不是目标语法点,是目标语法点,0,0.9841745495796204,0,candidate:处所状语候选;family:时间/处所功能结构;rule:KG-RULE-V02-0042;source:REF-GF0025-2021;source:REF-GRAMMAR-MANUAL-ELEM;source:REF-GRAMMAR-MANUAL-INTER;source:REF-HUANG-LIAO-MODERN-CHINESE
42,ASGD-2027-0276,85ee304f69f02fc0,时间/处所功能结构,时间状语候选,是目标语法点,是目标语法点,1,0.9986144304275513,0,candidate:时间状语候选;family:时间/处所功能结构;rule:KG-RULE-V02-0030;rule:KG-RULE-V02-0031;rule:KG-RULE-V02-0032;source:REF-GF0025-2021;source:REF-GRAMMAR-MANUAL-ADV;source:REF-GRAMMAR-MANUAL-ELEM;source:REF-GRAMMAR-MANUAL-INTER;source:REF-HUANG-LIAO-MODERN-CHINESE
42,ASGD-2027-0281,cd650f154cb7cc32,多谓词/论元结构,连动结构候选,是目标语法点,是目标语法点,1,0.9981797933578491,0,candidate:连动结构候选;family:多谓词/论元结构
42,ASGD-2027-0286,799fa48d692b596b,处置/受事重组构式,把字句候选,是目标语法点,是目标语法点,1,0.9986698627471924,0,candidate:把字句候选;family:处置/受事重组构式;rule:KG-RULE-V02-0001;rule:KG-RULE-V02-0002;rule:KG-RULE-V02-0003;source:REF-GF0025-2021;source:REF-GRAMMAR-MANUAL-ELEM;source:REF-GRAMMAR-MANUAL-INTER;source:REF-LIU-PRACTICAL-GRAMMAR;source:REF-LU-TCSL-GRAMMAR
42,ASGD-2027-0287,a8293b7aa8e61529,时间/处所功能结构,时间状语候选,是目标语法点,是目标语法点,1,0.9987597465515137,0,candidate:时间状语候选;family:时间/处所功能结构;rule:KG-RULE-V02-0030;rule:KG-RULE-V02-0031;rule:KG-RULE-V02-0032;source:REF-GF0025-2021;source:REF-GRAMMAR-MANUAL-ADV;source:REF-GRAMMAR-MANUAL-ELEM;source:REF-GRAMMAR-MANUAL-INTER;source:REF-HUANG-LIAO-MODERN-CHINESE
42,ASGD-2027-0292,5a91a987c1e82ca5,补语结构,数量/时量补语候选,是目标语法点,是目标语法点,1,0.9985488057136536,0,candidate:数量/时量补语候选;family:补语结构
42,ASGD-2027-0293,31b3f0ef26d95010,时间/处所功能结构,处所状语候选,是目标语法点,是目标语法点,1,0.9978547692298889,0,candidate:处所状语候选;family:时间/处所功能结构;rule:KG-RULE-V02-0039;rule:KG-RULE-V02-0040;rule:KG-RULE-V02-0041;source:REF-GF0025-2021;source:REF-GRAMMAR-MANUAL-ELEM;source:REF-GRAMMAR-MANUAL-INTER;source:REF-HUANG-LIAO-MODERN-CHINESE
42,ASGD-2027-0295,6538baa89bef7426,多谓词/论元结构,兼语结构候选,是目标语法点,是目标语法点,1,0.9982717037200928,0,candidate:兼语结构候选;family:多谓词/论元结构
42,ASGD-2027-0313,4a79c974d47f1c81,时间/处所功能结构,时间状语候选,是目标语法点,是目标语法点,1,0.9987760186195374,0,candidate:时间状语候选;family:时间/处所功能结构;rule:KG-RULE-V02-0030;rule:KG-RULE-V02-0031;rule:KG-RULE-V02-0032;source:REF-GF0025-2021;source:REF-GRAMMAR-MANUAL-ADV;source:REF-GRAMMAR-MANUAL-ELEM;source:REF-GRAMMAR-MANUAL-INTER;source:REF-HUANG-LIAO-MODERN-CHINESE
42,ASGD-2027-0316,58a55cd1e1334611,时间/处所功能结构,时间状语候选,是目标语法点,是目标语法点,1,0.998610258102417,0,candidate:时间状语候选;family:时间/处所功能结构;rule:KG-RULE-V02-0030;rule:KG-RULE-V02-0031;rule:KG-RULE-V02-0032;source:REF-GF0025-2021;source:REF-GRAMMAR-MANUAL-ADV;source:REF-GRAMMAR-MANUAL-ELEM;source:REF-GRAMMAR-MANUAL-INTER;source:REF-HUANG-LIAO-MODERN-CHINESE
42,ASGD-2027-0325,431fc2ac7812401e,处置/受事重组构式,把字句候选,是目标语法点,是目标语法点,1,0.9986811280250549,0,candidate:把字句候选;family:处置/受事重组构式;rule:KG-RULE-V02-0001;rule:KG-RULE-V02-0002;rule:KG-RULE-V02-0003;source:REF-GF0025-2021;source:REF-GRAMMAR-MANUAL-ELEM;source:REF-GRAMMAR-MANUAL-INTER;source:REF-LIU-PRACTICAL-GRAMMAR;source:REF-LU-TCSL-GRAMMAR
42,ASGD-2027-0330,deaaee80fca1eccc,被动/受事凸显构式,被字句候选,是目标语法点,是目标语法点,1,0.9985143542289734,0,candidate:被字句候选;family:被动/受事凸显构式;rule:KG-RULE-V02-0022;rule:KG-RULE-V02-0024;source:REF-GF0025-2021;source:REF-GRAMMAR-MANUAL-ADV;source:REF-GRAMMAR-MANUAL-ELEM;source:REF-GRAMMAR-MANUAL-INTER;source:REF-LIU-PRACTICAL-GRAMMAR;source:REF-LU-TCSL-GRAMMAR
42,ASGD-2027-0335,dc7ff88fe827eaab,介词/框架结构,在字介词框架候选,是目标语法点,是目标语法点,1,0.9984993934631348,0,candidate:在字介词框架候选;family:介词/框架结构;rule:KG-RULE-V02-0099;rule:KG-RULE-V02-0100;rule:KG-RULE-V02-0101;source:REF-GF0025-2021;source:REF-GRAMMAR-MANUAL-ADV;source:REF-GRAMMAR-MANUAL-ELEM;source:REF-GRAMMAR-MANUAL-INTER;source:REF-HUANG-LIAO-MODERN-CHINESE;source:REF-LU-TCSL-GRAMMAR
42,ASGD-2027-0336,b5a1630b8c342c14,时间/处所功能结构,时间状语候选,是目标语法点,是目标语法点,1,0.9986410737037659,0,candidate:时间状语候选;family:时间/处所功能结构;rule:KG-RULE-V02-0033;source:REF-GF0025-2021;source:REF-GRAMMAR-MANUAL-ADV;source:REF-GRAMMAR-MANUAL-ELEM;source:REF-GRAMMAR-MANUAL-INTER;source:REF-HUANG-LIAO-MODERN-CHINESE
42,ASGD-2027-0342,3659098e9b2c43b7,介词/框架结构,向/往/朝介词框架候选,是目标语法点,是目标语法点,1,0.9982781410217285,0,candidate:向/往/朝介词框架候选;family:介词/框架结构;rule:KG-RULE-V02-0125;rule:KG-RULE-V02-0126;rule:KG-RULE-V02-0127;source:REF-GF0025-2021;source:REF-GRAMMAR-MANUAL-ADV;source:REF-GRAMMAR-MANUAL-ELEM;source:REF-GRAMMAR-MANUAL-INTER;source:REF-HUANG-LIAO-MODERN-CHINESE;source:REF-LU-TCSL-GRAMMAR
42,ASGD-2027-0343,c5e13f26fc5ba844,复句关联结构,虽然...但是候选,是目标语法点,是目标语法点,1,0.9985703229904175,0,candidate:虽然...但是候选;family:复句关联结构
42,ASGD-2027-0351,1877057f5e2254e8,介词/框架结构,在字介词框架候选,是目标语法点,是目标语法点,1,0.9981603026390076,0,candidate:在字介词框架候选;family:介词/框架结构;rule:KG-RULE-V02-0099;rule:KG-RULE-V02-0100;rule:KG-RULE-V02-0101;source:REF-GF0025-2021;source:REF-GRAMMAR-MANUAL-ADV;source:REF-GRAMMAR-MANUAL-ELEM;source:REF-GRAMMAR-MANUAL-INTER;source:REF-HUANG-LIAO-MODERN-CHINESE;source:REF-LU-TCSL-GRAMMAR
42,ASGD-2027-0389,6dc65c37dba6dcc3,补语结构,趋向补语候选,是目标语法点,是目标语法点,1,0.998178243637085,0,candidate:趋向补语候选;family:补语结构
42,ASGD-2027-0393,29410ec47ce3d9a4,时间/处所功能结构,时间状语候选,是目标语法点,是目标语法点,1,0.9986492991447449,0,candidate:时间状语候选;family:时间/处所功能结构;rule:KG-RULE-V02-0030;rule:KG-RULE-V02-0031;rule:KG-RULE-V02-0032;source:REF-GF0025-2021;source:REF-GRAMMAR-MANUAL-ADV;source:REF-GRAMMAR-MANUAL-ELEM;source:REF-GRAMMAR-MANUAL-INTER;source:REF-HUANG-LIAO-MODERN-CHINESE
42,ASGD-2027-0394,ff64d2d11ab3d681,补语结构,结果补语候选,是目标语法点,是目标语法点,1,0.9983155727386475,0,candidate:结果补语候选;family:补语结构
42,ASGD-2027-0402,8b7668d10b1cd817,时间/处所功能结构,处所状语候选,不是目标语法点,不是目标语法点,1,0.7308782935142517,0,candidate:处所状语候选;family:时间/处所功能结构;rule:KG-RULE-V02-0042;source:REF-GF0025-2021;source:REF-GRAMMAR-MANUAL-ELEM;source:REF-GRAMMAR-MANUAL-INTER;source:REF-HUANG-LIAO-MODERN-CHINESE
42,ASGD-2027-0405,608f3a680938f69b,时间/处所功能结构,处所状语候选,不是目标语法点,不是目标语法点,1,0.6557287573814392,0,candidate:处所状语候选;family:时间/处所功能结构;rule:KG-RULE-V02-0042;source:REF-GF0025-2021;source:REF-GRAMMAR-MANUAL-ELEM;source:REF-GRAMMAR-MANUAL-INTER;source:REF-HUANG-LIAO-MODERN-CHINESE
42,ASGD-2027-0407,2378516e36a1d2d6,被动/受事凸显构式,被字句候选,是目标语法点,是目标语法点,1,0.998504638671875,0,candidate:被字句候选;family:被动/受事凸显构式;rule:KG-RULE-V02-0022;rule:KG-RULE-V02-0024;source:REF-GF0025-2021;source:REF-GRAMMAR-MANUAL-ADV;source:REF-GRAMMAR-MANUAL-ELEM;source:REF-GRAMMAR-MANUAL-INTER;source:REF-LIU-PRACTICAL-GRAMMAR;source:REF-LU-TCSL-GRAMMAR
42,ASGD-2027-0419,f78ff620e36f3d33,比较构式,不如比较候选,是目标语法点,是目标语法点,1,0.9975805282592773,0,candidate:不如比较候选;family:比较构式;rule:KG-RULE-V02-0079;rule:KG-RULE-V02-0080;rule:KG-RULE-V02-0081;source:REF-GF0025-2021;source:REF-GRAMMAR-MANUAL-ADV;source:REF-GRAMMAR-MANUAL-ELEM;source:REF-GRAMMAR-MANUAL-INTER;source:REF-LIU-PRACTICAL-GRAMMAR
42,ASGD-2027-0421,658905cae734b0f1,时间/处所功能结构,处所状语候选,是目标语法点,是目标语法点,1,0.9977534413337708,0,candidate:处所状语候选;family:时间/处所功能结构;rule:KG-RULE-V02-0039;rule:KG-RULE-V02-0040;rule:KG-RULE-V02-0041;source:REF-GF0025-2021;source:REF-GRAMMAR-MANUAL-ELEM;source:REF-GRAMMAR-MANUAL-INTER;source:REF-HUANG-LIAO-MODERN-CHINESE
42,ASGD-2027-0428,98a8ad1d1c7d0596,补语结构,得字补语候选,是目标语法点,不是目标语法点,0,0.7415392398834229,0,candidate:得字补语候选;family:补语结构;rule:KG-RULE-V02-0047;rule:KG-RULE-V02-0049;source:REF-GF0025-2021;source:REF-GRAMMAR-MANUAL-ADV;source:REF-GRAMMAR-MANUAL-ELEM;source:REF-GRAMMAR-MANUAL-INTER;source:REF-HUANG-LIAO-MODERN-CHINESE;source:REF-LIU-PRACTICAL-GRAMMAR
42,ASGD-2027-0431,e13dabcee8622a1c,复句关联结构,既然候选,是目标语法点,是目标语法点,1,0.998613715171814,0,candidate:既然候选;family:复句关联结构
42,ASGD-2027-0436,47076a67c72b5fc4,比较构式,没有比较候选,不是目标语法点,不是目标语法点,1,0.9986929297447205,0,candidate:没有比较候选;family:比较构式;rule:KG-RULE-V02-0059;rule:KG-RULE-V02-0060;rule:KG-RULE-V02-0061;source:REF-GF0025-2021;source:REF-GRAMMAR-MANUAL-ADV;source:REF-GRAMMAR-MANUAL-ELEM;source:REF-GRAMMAR-MANUAL-INTER;source:REF-LIU-PRACTICAL-GRAMMAR
42,ASGD-2027-0442,9fce277d362622c9,比较构式,没有比较候选,不是目标语法点,不是目标语法点,1,0.9987459182739258,0,candidate:没有比较候选;family:比较构式;rule:KG-RULE-V02-0059;rule:KG-RULE-V02-0060;rule:KG-RULE-V02-0061;source:REF-GF0025-2021;source:REF-GRAMMAR-MANUAL-ADV;source:REF-GRAMMAR-MANUAL-ELEM;source:REF-GRAMMAR-MANUAL-INTER;source:REF-LIU-PRACTICAL-GRAMMAR
42,ASGD-2027-0451,c830a3e51185f4cf,补语结构,得字补语候选,是目标语法点,是目标语法点,1,0.9984241724014282,0,candidate:得字补语候选;family:补语结构;rule:KG-RULE-V02-0047;rule:KG-RULE-V02-0049;source:REF-GF0025-2021;source:REF-GRAMMAR-MANUAL-ADV;source:REF-GRAMMAR-MANUAL-ELEM;source:REF-GRAMMAR-MANUAL-INTER;source:REF-HUANG-LIAO-MODERN-CHINESE;source:REF-LIU-PRACTICAL-GRAMMAR
42,ASGD-2027-0452,ff075513b9ba3308,时间/处所功能结构,时间状语候选,是目标语法点,是目标语法点,1,0.9987034797668457,0,candidate:时间状语候选;family:时间/处所功能结构;rule:KG-RULE-V02-0030;rule:KG-RULE-V02-0031;rule:KG-RULE-V02-0032;source:REF-GF0025-2021;source:REF-GRAMMAR-MANUAL-ADV;source:REF-GRAMMAR-MANUAL-ELEM;source:REF-GRAMMAR-MANUAL-INTER;source:REF-HUANG-LIAO-MODERN-CHINESE
42,ASGD-2027-0454,c4180236b14a5937,补语结构,得字补语候选,是目标语法点,是目标语法点,1,0.9970882534980774,0,candidate:得字补语候选;family:补语结构;rule:KG-RULE-V02-0047;rule:KG-RULE-V02-0049;source:REF-GF0025-2021;source:REF-GRAMMAR-MANUAL-ADV;source:REF-GRAMMAR-MANUAL-ELEM;source:REF-GRAMMAR-MANUAL-INTER;source:REF-HUANG-LIAO-MODERN-CHINESE;source:REF-LIU-PRACTICAL-GRAMMAR
42,ASGD-2027-0458,444c80d1b025c90f,介词/框架结构,给/为/关于等介词框架候选,是目标语法点,是目标语法点,1,0.9985508322715759,0,candidate:给/为/关于等介词框架候选;family:介词/框架结构;rule:KG-RULE-V02-0135;rule:KG-RULE-V02-0136;rule:KG-RULE-V02-0137;source:REF-GF0025-2021;source:REF-GRAMMAR-MANUAL-ADV;source:REF-GRAMMAR-MANUAL-ELEM;source:REF-GRAMMAR-MANUAL-INTER;source:REF-HUANG-LIAO-MODERN-CHINESE;source:REF-LU-TCSL-GRAMMAR
42,ASGD-2027-0461,37bde1b159dca3b2,处置/受事重组构式,把字句候选,是目标语法点,是目标语法点,1,0.9985737800598145,0,candidate:把字句候选;family:处置/受事重组构式;rule:KG-RULE-V02-0001;rule:KG-RULE-V02-0002;rule:KG-RULE-V02-0003;source:REF-GF0025-2021;source:REF-GRAMMAR-MANUAL-ELEM;source:REF-GRAMMAR-MANUAL-INTER;source:REF-LIU-PRACTICAL-GRAMMAR;source:REF-LU-TCSL-GRAMMAR
42,ASGD-2027-0464,5523d68e8c9958f9,补语结构,得字补语候选,不是目标语法点,不是目标语法点,1,0.9979817867279053,0,candidate:得字补语候选;family:补语结构;rule:KG-RULE-V02-0047;rule:KG-RULE-V02-0049;source:REF-GF0025-2021;source:REF-GRAMMAR-MANUAL-ADV;source:REF-GRAMMAR-MANUAL-ELEM;source:REF-GRAMMAR-MANUAL-INTER;source:REF-HUANG-LIAO-MODERN-CHINESE;source:REF-LIU-PRACTICAL-GRAMMAR
42,ASGD-2027-0465,13a56799959d7f71,补语结构,趋向补语候选,是目标语法点,是目标语法点,1,0.9983647465705872,0,candidate:趋向补语候选;family:补语结构
42,ASGD-2027-0469,5746ad7dd6901078,复句关联结构,不但...而且候选,是目标语法点,是目标语法点,1,0.9984593391418457,0,candidate:不但...而且候选;family:复句关联结构
42,ASGD-2027-0474,6debd3aa815093ce,时间/处所功能结构,时间状语候选,是目标语法点,是目标语法点,1,0.998640239238739,0,candidate:时间状语候选;family:时间/处所功能结构;rule:KG-RULE-V02-0030;rule:KG-RULE-V02-0031;rule:KG-RULE-V02-0032;source:REF-GF0025-2021;source:REF-GRAMMAR-MANUAL-ADV;source:REF-GRAMMAR-MANUAL-ELEM;source:REF-GRAMMAR-MANUAL-INTER;source:REF-HUANG-LIAO-MODERN-CHINESE
42,ASGD-2027-0475,6290934e105a10cd,比较构式,比字比较候选,不是目标语法点,不是目标语法点,1,0.9970966577529907,1,candidate:比字比较候选;family:比较构式;rule:KG-RULE-V02-0053;rule:KG-RULE-V02-0054;rule:KG-RULE-V02-0056;source:REF-GF0025-2021;source:REF-GRAMMAR-MANUAL-ADV;source:REF-GRAMMAR-MANUAL-ELEM;source:REF-GRAMMAR-MANUAL-INTER;source:REF-LIU-PRACTICAL-GRAMMAR
42,ASGD-2027-0478,48b4e1581af4fa48,时间/处所功能结构,时间状语候选,是目标语法点,是目标语法点,1,0.9987327456474304,0,candidate:时间状语候选;family:时间/处所功能结构;rule:KG-RULE-V02-0030;rule:KG-RULE-V02-0031;rule:KG-RULE-V02-0032;source:REF-GF0025-2021;source:REF-GRAMMAR-MANUAL-ADV;source:REF-GRAMMAR-MANUAL-ELEM;source:REF-GRAMMAR-MANUAL-INTER;source:REF-HUANG-LIAO-MODERN-CHINESE
42,ASGD-2027-0479,33b5ddd234c4491d,介词/框架结构,向/往/朝介词框架候选,是目标语法点,是目标语法点,1,0.9982900023460388,0,candidate:向/往/朝介词框架候选;family:介词/框架结构;rule:KG-RULE-V02-0125;rule:KG-RULE-V02-0126;rule:KG-RULE-V02-0127;source:REF-GF0025-2021;source:REF-GRAMMAR-MANUAL-ADV;source:REF-GRAMMAR-MANUAL-ELEM;source:REF-GRAMMAR-MANUAL-INTER;source:REF-HUANG-LIAO-MODERN-CHINESE;source:REF-LU-TCSL-GRAMMAR
42,ASGD-2027-0500,5cba7edfc1e4bc5e,复句关联结构,如果...就候选,是目标语法点,是目标语法点,1,0.9985881447792053,0,candidate:如果...就候选;family:复句关联结构
42,ASGD-2027-0502,60f568f2bdecc5c6,比较构式,没有比较候选,不是目标语法点,不是目标语法点,1,0.9988698363304138,0,candidate:没有比较候选;family:比较构式;rule:KG-RULE-V02-0059;rule:KG-RULE-V02-0060;rule:KG-RULE-V02-0061;source:REF-GF0025-2021;source:REF-GRAMMAR-MANUAL-ADV;source:REF-GRAMMAR-MANUAL-ELEM;source:REF-GRAMMAR-MANUAL-INTER;source:REF-LIU-PRACTICAL-GRAMMAR
42,ASGD-2027-0504,d9cac5273dd70d22,补语结构,数量/时量补语候选,是目标语法点,是目标语法点,1,0.9986273050308228,0,candidate:数量/时量补语候选;family:补语结构
42,ASGD-2027-0505,d0cf7b06b36e40e9,时间/处所功能结构,时间状语候选,是目标语法点,是目标语法点,1,0.9987567663192749,0,candidate:时间状语候选;family:时间/处所功能结构;rule:KG-RULE-V02-0030;rule:KG-RULE-V02-0031;rule:KG-RULE-V02-0032;source:REF-GF0025-2021;source:REF-GRAMMAR-MANUAL-ADV;source:REF-GRAMMAR-MANUAL-ELEM;source:REF-GRAMMAR-MANUAL-INTER;source:REF-HUANG-LIAO-MODERN-CHINESE
42,ASGD-2027-0507,6671fc591cbe17b2,处置/受事重组构式,把字句候选,是目标语法点,是目标语法点,1,0.9985047578811646,0,candidate:把字句候选;family:处置/受事重组构式;rule:KG-RULE-V02-0001;rule:KG-RULE-V02-0002;rule:KG-RULE-V02-0003;source:REF-GF0025-2021;source:REF-GRAMMAR-MANUAL-ELEM;source:REF-GRAMMAR-MANUAL-INTER;source:REF-LIU-PRACTICAL-GRAMMAR;source:REF-LU-TCSL-GRAMMAR
42,ASGD-2027-0518,87e6222467780fcd,处置/受事重组构式,把字句候选,是目标语法点,是目标语法点,1,0.9985274076461792,0,candidate:把字句候选;family:处置/受事重组构式;rule:KG-RULE-V02-0001;rule:KG-RULE-V02-0002;rule:KG-RULE-V02-0003;source:REF-GF0025-2021;source:REF-GRAMMAR-MANUAL-ELEM;source:REF-GRAMMAR-MANUAL-INTER;source:REF-LIU-PRACTICAL-GRAMMAR;source:REF-LU-TCSL-GRAMMAR
42,ASGD-2027-0522,63372e7faaa018c4,时间/处所功能结构,时间状语候选,是目标语法点,是目标语法点,1,0.9986728429794312,0,candidate:时间状语候选;family:时间/处所功能结构;rule:KG-RULE-V02-0030;rule:KG-RULE-V02-0031;rule:KG-RULE-V02-0032;source:REF-GF0025-2021;source:REF-GRAMMAR-MANUAL-ADV;source:REF-GRAMMAR-MANUAL-ELEM;source:REF-GRAMMAR-MANUAL-INTER;source:REF-HUANG-LIAO-MODERN-CHINESE
42,ASGD-2027-0524,aff52f0fd48dcb63,时间/处所功能结构,时间状语候选,是目标语法点,是目标语法点,1,0.9984351992607117,0,candidate:时间状语候选;family:时间/处所功能结构;rule:KG-RULE-V02-0033;source:REF-GF0025-2021;source:REF-GRAMMAR-MANUAL-ADV;source:REF-GRAMMAR-MANUAL-ELEM;source:REF-GRAMMAR-MANUAL-INTER;source:REF-HUANG-LIAO-MODERN-CHINESE
42,ASGD-2027-0538,4fda91bba85c6c28,比较构式,没有比较候选,不是目标语法点,不是目标语法点,1,0.9987677335739136,0,candidate:没有比较候选;family:比较构式;rule:KG-RULE-V02-0059;rule:KG-RULE-V02-0060;rule:KG-RULE-V02-0061;source:REF-GF0025-2021;source:REF-GRAMMAR-MANUAL-ADV;source:REF-GRAMMAR-MANUAL-ELEM;source:REF-GRAMMAR-MANUAL-INTER;source:REF-LIU-PRACTICAL-GRAMMAR
42,ASGD-2027-0546,71f407cf6de2b603,处置/受事重组构式,把字句候选,是目标语法点,是目标语法点,1,0.9986818432807922,0,candidate:把字句候选;family:处置/受事重组构式;rule:KG-RULE-V02-0001;rule:KG-RULE-V02-0002;rule:KG-RULE-V02-0003;source:REF-GF0025-2021;source:REF-GRAMMAR-MANUAL-ELEM;source:REF-GRAMMAR-MANUAL-INTER;source:REF-LIU-PRACTICAL-GRAMMAR;source:REF-LU-TCSL-GRAMMAR
42,ASGD-2027-0547,8b7668d10b1cd817,时间/处所功能结构,处所状语候选,不是目标语法点,不是目标语法点,1,0.9960224032402039,0,candidate:处所状语候选;family:时间/处所功能结构;rule:KG-RULE-V02-0042;source:REF-GF0025-2021;source:REF-GRAMMAR-MANUAL-ELEM;source:REF-GRAMMAR-MANUAL-INTER;source:REF-HUANG-LIAO-MODERN-CHINESE
42,ASGD-2027-0574,906d0ed4131d065f,介词/框架结构,在字介词框架候选,是目标语法点,是目标语法点,1,0.9984568357467651,0,candidate:在字介词框架候选;family:介词/框架结构;rule:KG-RULE-V02-0099;rule:KG-RULE-V02-0100;rule:KG-RULE-V02-0101;source:REF-GF0025-2021;source:REF-GRAMMAR-MANUAL-ADV;source:REF-GRAMMAR-MANUAL-ELEM;source:REF-GRAMMAR-MANUAL-INTER;source:REF-HUANG-LIAO-MODERN-CHINESE;source:REF-LU-TCSL-GRAMMAR
42,ASGD-2027-0575,14a3900abdf4cc49,处置/受事重组构式,把字句候选,是目标语法点,是目标语法点,1,0.998424768447876,0,candidate:把字句候选;family:处置/受事重组构式;rule:KG-RULE-V02-0001;rule:KG-RULE-V02-0002;rule:KG-RULE-V02-0003;source:REF-GF0025-2021;source:REF-GRAMMAR-MANUAL-ELEM;source:REF-GRAMMAR-MANUAL-INTER;source:REF-LIU-PRACTICAL-GRAMMAR;source:REF-LU-TCSL-GRAMMAR
42,ASGD-2027-0581,7082d73144e9f59f,比较构式,比字比较候选,不是目标语法点,不是目标语法点,1,0.997930645942688,1,candidate:比字比较候选;family:比较构式;rule:KG-RULE-V02-0053;rule:KG-RULE-V02-0054;rule:KG-RULE-V02-0056;source:REF-GF0025-2021;source:REF-GRAMMAR-MANUAL-ADV;source:REF-GRAMMAR-MANUAL-ELEM;source:REF-GRAMMAR-MANUAL-INTER;source:REF-LIU-PRACTICAL-GRAMMAR
42,ASGD-2027-0582,0e9f203588f8fea2,比较构式,没有比较候选,不是目标语法点,不是目标语法点,1,0.9988654851913452,0,candidate:没有比较候选;family:比较构式;rule:KG-RULE-V02-0059;rule:KG-RULE-V02-0060;rule:KG-RULE-V02-0061;source:REF-GF0025-2021;source:REF-GRAMMAR-MANUAL-ADV;source:REF-GRAMMAR-MANUAL-ELEM;source:REF-GRAMMAR-MANUAL-INTER;source:REF-LIU-PRACTICAL-GRAMMAR
42,ASGD-2027-0593,e25f4a47570cc3e8,介词/框架结构,在字介词框架候选,是目标语法点,是目标语法点,1,0.9985780715942383,0,candidate:在字介词框架候选;family:介词/框架结构;rule:KG-RULE-V02-0099;rule:KG-RULE-V02-0100;rule:KG-RULE-V02-0101;source:REF-GF0025-2021;source:REF-GRAMMAR-MANUAL-ADV;source:REF-GRAMMAR-MANUAL-ELEM;source:REF-GRAMMAR-MANUAL-INTER;source:REF-HUANG-LIAO-MODERN-CHINESE;source:REF-LU-TCSL-GRAMMAR
42,ASGD-2027-0596,de9931bdfd6635b1,介词/框架结构,在字介词框架候选,是目标语法点,是目标语法点,1,0.9983192086219788,0,candidate:在字介词框架候选;family:介词/框架结构;rule:KG-RULE-V02-0099;rule:KG-RULE-V02-0100;rule:KG-RULE-V02-0101;source:REF-GF0025-2021;source:REF-GRAMMAR-MANUAL-ADV;source:REF-GRAMMAR-MANUAL-ELEM;source:REF-GRAMMAR-MANUAL-INTER;source:REF-HUANG-LIAO-MODERN-CHINESE;source:REF-LU-TCSL-GRAMMAR
42,ASGD-2027-0599,801b7ea1965c7166,介词/框架结构,从字介词框架候选,是目标语法点,是目标语法点,1,0.9985384941101074,0,candidate:从字介词框架候选;family:介词/框架结构;rule:KG-RULE-V02-0109;rule:KG-RULE-V02-0110;source:REF-GF0025-2021;source:REF-GRAMMAR-MANUAL-ADV;source:REF-GRAMMAR-MANUAL-ELEM;source:REF-GRAMMAR-MANUAL-INTER;source:REF-HUANG-LIAO-MODERN-CHINESE;source:REF-LU-TCSL-GRAMMAR
42,ASGD-2027-0601,fc4b38af1668f476,比较构式,没有比较候选,不是目标语法点,不是目标语法点,1,0.9986332058906555,0,candidate:没有比较候选;family:比较构式;rule:KG-RULE-V02-0059;rule:KG-RULE-V02-0060;rule:KG-RULE-V02-0061;source:REF-GF0025-2021;source:REF-GRAMMAR-MANUAL-ADV;source:REF-GRAMMAR-MANUAL-ELEM;source:REF-GRAMMAR-MANUAL-INTER;source:REF-LIU-PRACTICAL-GRAMMAR
42,ASGD-2027-0603,99151e6a69257275,比较构式,比字比较候选,是目标语法点,是目标语法点,1,0.9979525804519653,0,candidate:比字比较候选;family:比较构式;rule:KG-RULE-V02-0053;rule:KG-RULE-V02-0054;source:REF-GF0025-2021;source:REF-GRAMMAR-MANUAL-ADV;source:REF-GRAMMAR-MANUAL-ELEM;source:REF-GRAMMAR-MANUAL-INTER;source:REF-LIU-PRACTICAL-GRAMMAR
42,ASGD-2027-0606,29410ec47ce3d9a4,处置/受事重组构式,把字句候选,是目标语法点,是目标语法点,1,0.9986063838005066,0,candidate:把字句候选;family:处置/受事重组构式;rule:KG-RULE-V02-0001;rule:KG-RULE-V02-0002;rule:KG-RULE-V02-0003;source:REF-GF0025-2021;source:REF-GRAMMAR-MANUAL-ELEM;source:REF-GRAMMAR-MANUAL-INTER;source:REF-LIU-PRACTICAL-GRAMMAR;source:REF-LU-TCSL-GRAMMAR
42,ASGD-2027-0607,9590a00e0669042c,补语结构,得字补语候选,是目标语法点,是目标语法点,1,0.9983416795730591,0,candidate:得字补语候选;family:补语结构;rule:KG-RULE-V02-0047;rule:KG-RULE-V02-0049;source:REF-GF0025-2021;source:REF-GRAMMAR-MANUAL-ADV;source:REF-GRAMMAR-MANUAL-ELEM;source:REF-GRAMMAR-MANUAL-INTER;source:REF-HUANG-LIAO-MODERN-CHINESE;source:REF-LIU-PRACTICAL-GRAMMAR
42,ASGD-2027-0614,1d2cc7a4fa29a77f,多谓词/论元结构,连动结构候选,是目标语法点,是目标语法点,1,0.9984032511711121,0,candidate:连动结构候选;family:多谓词/论元结构
42,ASGD-2027-0615,e9a3fee94036b523,处置/受事重组构式,把字句候选,是目标语法点,是目标语法点,1,0.9985342025756836,0,candidate:把字句候选;family:处置/受事重组构式;rule:KG-RULE-V02-0001;rule:KG-RULE-V02-0002;rule:KG-RULE-V02-0003;source:REF-GF0025-2021;source:REF-GRAMMAR-MANUAL-ELEM;source:REF-GRAMMAR-MANUAL-INTER;source:REF-LIU-PRACTICAL-GRAMMAR;source:REF-LU-TCSL-GRAMMAR
42,ASGD-2027-0617,d316801da288e15a,复句关联结构,因为候选,是目标语法点,是目标语法点,1,0.9955486059188843,0,candidate:因为候选;family:复句关联结构
42,ASGD-2027-0618,3e18e3ab9e8c9a58,时间/处所功能结构,时间状语候选,是目标语法点,是目标语法点,1,0.9984660148620605,0,candidate:时间状语候选;family:时间/处所功能结构;rule:KG-RULE-V02-0033;source:REF-GF0025-2021;source:REF-GRAMMAR-MANUAL-ADV;source:REF-GRAMMAR-MANUAL-ELEM;source:REF-GRAMMAR-MANUAL-INTER;source:REF-HUANG-LIAO-MODERN-CHINESE
42,ASGD-2027-0621,f52dab014375ce20,时间/处所功能结构,时间状语候选,是目标语法点,是目标语法点,1,0.9986268281936646,0,candidate:时间状语候选;family:时间/处所功能结构;rule:KG-RULE-V02-0030;rule:KG-RULE-V02-0031;rule:KG-RULE-V02-0032;source:REF-GF0025-2021;source:REF-GRAMMAR-MANUAL-ADV;source:REF-GRAMMAR-MANUAL-ELEM;source:REF-GRAMMAR-MANUAL-INTER;source:REF-HUANG-LIAO-MODERN-CHINESE
42,ASGD-2027-0627,273a71be81fcc196,复句关联结构,如果候选,是目标语法点,是目标语法点,1,0.9983951449394226,0,candidate:如果候选;family:复句关联结构
42,ASGD-2027-0630,18e760bf9cda3552,时间/处所功能结构,时间状语候选,是目标语法点,是目标语法点,1,0.9986993074417114,0,candidate:时间状语候选;family:时间/处所功能结构;rule:KG-RULE-V02-0030;rule:KG-RULE-V02-0031;rule:KG-RULE-V02-0032;source:REF-GF0025-2021;source:REF-GRAMMAR-MANUAL-ADV;source:REF-GRAMMAR-MANUAL-ELEM;source:REF-GRAMMAR-MANUAL-INTER;source:REF-HUANG-LIAO-MODERN-CHINESE
42,ASGD-2027-0638,3f372743d4c8bd80,时间/处所功能结构,处所状语候选,是目标语法点,是目标语法点,1,0.9951432943344116,0,candidate:处所状语候选;family:时间/处所功能结构;rule:KG-RULE-V02-0042;source:REF-GF0025-2021;source:REF-GRAMMAR-MANUAL-ELEM;source:REF-GRAMMAR-MANUAL-INTER;source:REF-HUANG-LIAO-MODERN-CHINESE
42,ASGD-2027-0639,e7af83e10a099e5e,比较构式,比字比较候选,是目标语法点,是目标语法点,1,0.9978657364845276,0,candidate:比字比较候选;family:比较构式;rule:KG-RULE-V02-0053;rule:KG-RULE-V02-0054;source:REF-GF0025-2021;source:REF-GRAMMAR-MANUAL-ADV;source:REF-GRAMMAR-MANUAL-ELEM;source:REF-GRAMMAR-MANUAL-INTER;source:REF-LIU-PRACTICAL-GRAMMAR
42,ASGD-2027-0640,7da01937968ebf2e,处置/受事重组构式,把字句候选,是目标语法点,是目标语法点,1,0.9986729621887207,0,candidate:把字句候选;family:处置/受事重组构式;rule:KG-RULE-V02-0001;rule:KG-RULE-V02-0002;rule:KG-RULE-V02-0003;source:REF-GF0025-2021;source:REF-GRAMMAR-MANUAL-ELEM;source:REF-GRAMMAR-MANUAL-INTER;source:REF-LIU-PRACTICAL-GRAMMAR;source:REF-LU-TCSL-GRAMMAR
42,ASGD-2027-0644,accf4b3d5e72d1bd,介词/框架结构,在字介词框架候选,是目标语法点,是目标语法点,1,0.9985758066177368,0,candidate:在字介词框架候选;family:介词/框架结构;rule:KG-RULE-V02-0099;rule:KG-RULE-V02-0100;rule:KG-RULE-V02-0101;source:REF-GF0025-2021;source:REF-GRAMMAR-MANUAL-ADV;source:REF-GRAMMAR-MANUAL-ELEM;source:REF-GRAMMAR-MANUAL-INTER;source:REF-HUANG-LIAO-MODERN-CHINESE;source:REF-LU-TCSL-GRAMMAR
42,ASGD-2027-0649,6c1db6049b89f3bd,时间/处所功能结构,时间状语候选,是目标语法点,是目标语法点,1,0.9986571073532104,0,candidate:时间状语候选;family:时间/处所功能结构;rule:KG-RULE-V02-0030;rule:KG-RULE-V02-0031;rule:KG-RULE-V02-0032;source:REF-GF0025-2021;source:REF-GRAMMAR-MANUAL-ADV;source:REF-GRAMMAR-MANUAL-ELEM;source:REF-GRAMMAR-MANUAL-INTER;source:REF-HUANG-LIAO-MODERN-CHINESE
42,ASGD-2027-0652,c40448af959e80e5,时间/处所功能结构,时间状语候选,是目标语法点,是目标语法点,1,0.9986802935600281,0,candidate:时间状语候选;family:时间/处所功能结构;rule:KG-RULE-V02-0030;rule:KG-RULE-V02-0031;rule:KG-RULE-V02-0032;source:REF-GF0025-2021;source:REF-GRAMMAR-MANUAL-ADV;source:REF-GRAMMAR-MANUAL-ELEM;source:REF-GRAMMAR-MANUAL-INTER;source:REF-HUANG-LIAO-MODERN-CHINESE
42,ASGD-2027-0658,ebd9735806c22eda,比较构式,比字比较候选,是目标语法点,是目标语法点,1,0.998034656047821,0,candidate:比字比较候选;family:比较构式;rule:KG-RULE-V02-0053;rule:KG-RULE-V02-0054;source:REF-GF0025-2021;source:REF-GRAMMAR-MANUAL-ADV;source:REF-GRAMMAR-MANUAL-ELEM;source:REF-GRAMMAR-MANUAL-INTER;source:REF-LIU-PRACTICAL-GRAMMAR
42,ASGD-2027-0661,9a4c49d3f35bd2d8,多谓词/论元结构,双宾/给予结构候选,是目标语法点,是目标语法点,1,0.9979756474494934,0,candidate:双宾/给予结构候选;family:多谓词/论元结构
42,ASGD-2027-0662,2a12612b461675b0,复句关联结构,所以候选,是目标语法点,是目标语法点,1,0.998176097869873,0,candidate:所以候选;family:复句关联结构
42,ASGD-2027-0669,4d195ed597669d12,时间/处所功能结构,处所状语候选,不是目标语法点,不是目标语法点,1,0.9951187372207642,0,candidate:处所状语候选;family:时间/处所功能结构;rule:KG-RULE-V02-0042;source:REF-GF0025-2021;source:REF-GRAMMAR-MANUAL-ELEM;source:REF-GRAMMAR-MANUAL-INTER;source:REF-HUANG-LIAO-MODERN-CHINESE
42,ASGD-2027-0670,8e3a3755776ab7e4,被动/受事凸显构式,被字句候选,是目标语法点,是目标语法点,1,0.984370768070221,0,candidate:被字句候选;family:被动/受事凸显构式;rule:KG-RULE-V02-0022;rule:KG-RULE-V02-0024;source:REF-GF0025-2021;source:REF-GRAMMAR-MANUAL-ADV;source:REF-GRAMMAR-MANUAL-ELEM;source:REF-GRAMMAR-MANUAL-INTER;source:REF-LIU-PRACTICAL-GRAMMAR;source:REF-LU-TCSL-GRAMMAR
42,ASGD-2027-0674,3833a0bf76245957,处置/受事重组构式,把字句候选,是目标语法点,是目标语法点,1,0.998596727848053,0,candidate:把字句候选;family:处置/受事重组构式;rule:KG-RULE-V02-0001;rule:KG-RULE-V02-0002;rule:KG-RULE-V02-0003;source:REF-GF0025-2021;source:REF-GRAMMAR-MANUAL-ELEM;source:REF-GRAMMAR-MANUAL-INTER;source:REF-LIU-PRACTICAL-GRAMMAR;source:REF-LU-TCSL-GRAMMAR
42,ASGD-2027-0676,bad53a71f19a9a54,时间/处所功能结构,时间状语候选,是目标语法点,是目标语法点,1,0.9984044432640076,0,candidate:时间状语候选;family:时间/处所功能结构;rule:KG-RULE-V02-0033;source:REF-GF0025-2021;source:REF-GRAMMAR-MANUAL-ADV;source:REF-GRAMMAR-MANUAL-ELEM;source:REF-GRAMMAR-MANUAL-INTER;source:REF-HUANG-LIAO-MODERN-CHINESE
42,ASGD-2027-0680,ab819d4e505ff3cc,处置/受事重组构式,把字句候选,是目标语法点,是目标语法点,1,0.9984548091888428,0,candidate:把字句候选;family:处置/受事重组构式;rule:KG-RULE-V02-0001;rule:KG-RULE-V02-0002;rule:KG-RULE-V02-0003;source:REF-GF0025-2021;source:REF-GRAMMAR-MANUAL-ELEM;source:REF-GRAMMAR-MANUAL-INTER;source:REF-LIU-PRACTICAL-GRAMMAR;source:REF-LU-TCSL-GRAMMAR
42,ASGD-2027-0689,e339b590d6968604,复句关联结构,因为候选,是目标语法点,是目标语法点,1,0.9985426664352417,0,candidate:因为候选;family:复句关联结构
42,ASGD-2027-0697,33f22bac0c57887c,处置/受事重组构式,把字句候选,是目标语法点,是目标语法点,1,0.9986732006072998,0,candidate:把字句候选;family:处置/受事重组构式;rule:KG-RULE-V02-0001;rule:KG-RULE-V02-0002;rule:KG-RULE-V02-0003;source:REF-GF0025-2021;source:REF-GRAMMAR-MANUAL-ELEM;source:REF-GRAMMAR-MANUAL-INTER;source:REF-LIU-PRACTICAL-GRAMMAR;source:REF-LU-TCSL-GRAMMAR
42,ASGD-2027-0702,3edb3a97cdd8751e,介词/框架结构,对字介词框架候选,是目标语法点,是目标语法点,1,0.9985771179199219,0,candidate:对字介词框架候选;family:介词/框架结构;rule:KG-RULE-V02-0115;rule:KG-RULE-V02-0116;rule:KG-RULE-V02-0117;source:REF-GF0025-2021;source:REF-GRAMMAR-MANUAL-ADV;source:REF-GRAMMAR-MANUAL-ELEM;source:REF-GRAMMAR-MANUAL-INTER;source:REF-HUANG-LIAO-MODERN-CHINESE;source:REF-LU-TCSL-GRAMMAR
42,ASGD-2027-0703,47076a67c72b5fc4,被动/受事凸显构式,被字句候选,是目标语法点,是目标语法点,1,0.9985114932060242,0,candidate:被字句候选;family:被动/受事凸显构式;rule:KG-RULE-V02-0022;rule:KG-RULE-V02-0024;source:REF-GF0025-2021;source:REF-GRAMMAR-MANUAL-ADV;source:REF-GRAMMAR-MANUAL-ELEM;source:REF-GRAMMAR-MANUAL-INTER;source:REF-LIU-PRACTICAL-GRAMMAR;source:REF-LU-TCSL-GRAMMAR
42,ASGD-2027-0717,abc9aab740dc8dda,比较构式,没有比较候选,不是目标语法点,不是目标语法点,1,0.9955488443374634,0,candidate:没有比较候选;family:比较构式;rule:KG-RULE-V02-0059;rule:KG-RULE-V02-0060;rule:KG-RULE-V02-0061;source:REF-GF0025-2021;source:REF-GRAMMAR-MANUAL-ADV;source:REF-GRAMMAR-MANUAL-ELEM;source:REF-GRAMMAR-MANUAL-INTER;source:REF-LIU-PRACTICAL-GRAMMAR
42,ASGD-2027-0720,100e9146efff6ddf,被动/受事凸显构式,被字句候选,是目标语法点,不是目标语法点,0,0.9908774495124817,0,candidate:被字句候选;family:被动/受事凸显构式;rule:KG-RULE-V02-0022;rule:KG-RULE-V02-0024;source:REF-GF0025-2021;source:REF-GRAMMAR-MANUAL-ADV;source:REF-GRAMMAR-MANUAL-ELEM;source:REF-GRAMMAR-MANUAL-INTER;source:REF-LIU-PRACTICAL-GRAMMAR;source:REF-LU-TCSL-GRAMMAR
42,ASGD-2027-0751,959f33a2d877a077,比较构式,没有比较候选,不是目标语法点,不是目标语法点,1,0.9984843134880066,0,candidate:没有比较候选;family:比较构式;rule:KG-RULE-V02-0059;rule:KG-RULE-V02-0060;rule:KG-RULE-V02-0061;source:REF-GF0025-2021;source:REF-GRAMMAR-MANUAL-ADV;source:REF-GRAMMAR-MANUAL-ELEM;source:REF-GRAMMAR-MANUAL-INTER;source:REF-LIU-PRACTICAL-GRAMMAR
42,ASGD-2027-0760,dcb364756183b96d,介词/框架结构,给/为/关于等介词框架候选,是目标语法点,是目标语法点,1,0.9984815716743469,0,candidate:给/为/关于等介词框架候选;family:介词/框架结构;rule:KG-RULE-V02-0135;rule:KG-RULE-V02-0136;rule:KG-RULE-V02-0137;source:REF-GF0025-2021;source:REF-GRAMMAR-MANUAL-ADV;source:REF-GRAMMAR-MANUAL-ELEM;source:REF-GRAMMAR-MANUAL-INTER;source:REF-HUANG-LIAO-MODERN-CHINESE;source:REF-LU-TCSL-GRAMMAR
42,ASGD-2027-0769,d596ffecaaf40a64,补语结构,得字补语候选,是目标语法点,是目标语法点,1,0.9975056052207947,0,candidate:得字补语候选;family:补语结构;rule:KG-RULE-V02-0047;rule:KG-RULE-V02-0049;source:REF-GF0025-2021;source:REF-GRAMMAR-MANUAL-ADV;source:REF-GRAMMAR-MANUAL-ELEM;source:REF-GRAMMAR-MANUAL-INTER;source:REF-HUANG-LIAO-MODERN-CHINESE;source:REF-LIU-PRACTICAL-GRAMMAR
42,ASGD-2027-0780,4d9a2a695fc43314,介词/框架结构,向/往/朝介词框架候选,是目标语法点,是目标语法点,1,0.998257577419281,0,candidate:向/往/朝介词框架候选;family:介词/框架结构;rule:KG-RULE-V02-0125;rule:KG-RULE-V02-0126;rule:KG-RULE-V02-0127;source:REF-GF0025-2021;source:REF-GRAMMAR-MANUAL-ADV;source:REF-GRAMMAR-MANUAL-ELEM;source:REF-GRAMMAR-MANUAL-INTER;source:REF-HUANG-LIAO-MODERN-CHINESE;source:REF-LU-TCSL-GRAMMAR
42,ASGD-2027-0786,f1e57997d87ee005,补语结构,得字补语候选,是目标语法点,是目标语法点,1,0.8405555486679077,0,candidate:得字补语候选;family:补语结构;rule:KG-RULE-V02-0047;rule:KG-RULE-V02-0049;source:REF-GF0025-2021;source:REF-GRAMMAR-MANUAL-ADV;source:REF-GRAMMAR-MANUAL-ELEM;source:REF-GRAMMAR-MANUAL-INTER;source:REF-HUANG-LIAO-MODERN-CHINESE;source:REF-LIU-PRACTICAL-GRAMMAR
42,ASGD-2027-0791,9ddbe73dc6807946,多谓词/论元结构,双宾/给予结构候选,是目标语法点,是目标语法点,1,0.9980813264846802,0,candidate:双宾/给予结构候选;family:多谓词/论元结构
42,ASGD-2027-0792,3c97e688142dddd3,补语结构,得字补语候选,是目标语法点,是目标语法点,1,0.9978787899017334,0,candidate:得字补语候选;family:补语结构;rule:KG-RULE-V02-0047;rule:KG-RULE-V02-0049;source:REF-GF0025-2021;source:REF-GRAMMAR-MANUAL-ADV;source:REF-GRAMMAR-MANUAL-ELEM;source:REF-GRAMMAR-MANUAL-INTER;source:REF-HUANG-LIAO-MODERN-CHINESE;source:REF-LIU-PRACTICAL-GRAMMAR
42,ASGD-2027-0806,1540c2dcd2f601a3,介词/框架结构,对字介词框架候选,是目标语法点,是目标语法点,1,0.9982283711433411,0,candidate:对字介词框架候选;family:介词/框架结构;rule:KG-RULE-V02-0115;rule:KG-RULE-V02-0116;rule:KG-RULE-V02-0117;source:REF-GF0025-2021;source:REF-GRAMMAR-MANUAL-ADV;source:REF-GRAMMAR-MANUAL-ELEM;source:REF-GRAMMAR-MANUAL-INTER;source:REF-HUANG-LIAO-MODERN-CHINESE;source:REF-LU-TCSL-GRAMMAR
42,ASGD-2027-0813,0ccf91a78b623479,处置/受事重组构式,把字句候选,是目标语法点,是目标语法点,1,0.9986581802368164,0,candidate:把字句候选;family:处置/受事重组构式;rule:KG-RULE-V02-0001;rule:KG-RULE-V02-0002;rule:KG-RULE-V02-0003;source:REF-GF0025-2021;source:REF-GRAMMAR-MANUAL-ELEM;source:REF-GRAMMAR-MANUAL-INTER;source:REF-LIU-PRACTICAL-GRAMMAR;source:REF-LU-TCSL-GRAMMAR
42,ASGD-2027-0815,a2357ae8709e1b53,时间/处所功能结构,时间状语候选,是目标语法点,是目标语法点,1,0.9985349178314209,0,candidate:时间状语候选;family:时间/处所功能结构;rule:KG-RULE-V02-0030;rule:KG-RULE-V02-0031;rule:KG-RULE-V02-0032;source:REF-GF0025-2021;source:REF-GRAMMAR-MANUAL-ADV;source:REF-GRAMMAR-MANUAL-ELEM;source:REF-GRAMMAR-MANUAL-INTER;source:REF-HUANG-LIAO-MODERN-CHINESE
42,ASGD-2027-0816,c49c6cbd97944c16,补语结构,可能补语候选,是目标语法点,是目标语法点,1,0.9983391761779785,0,candidate:可能补语候选;family:补语结构
42,ASGD-2027-0817,5f8c404d7824556a,处置/受事重组构式,把字句候选,是目标语法点,是目标语法点,1,0.9986496567726135,0,candidate:把字句候选;family:处置/受事重组构式;rule:KG-RULE-V02-0001;rule:KG-RULE-V02-0002;rule:KG-RULE-V02-0003;source:REF-GF0025-2021;source:REF-GRAMMAR-MANUAL-ELEM;source:REF-GRAMMAR-MANUAL-INTER;source:REF-LIU-PRACTICAL-GRAMMAR;source:REF-LU-TCSL-GRAMMAR
42,ASGD-2027-0821,ef68cbf702aec413,多谓词/论元结构,双宾/给予结构候选,是目标语法点,是目标语法点,1,0.9980623126029968,0,candidate:双宾/给予结构候选;family:多谓词/论元结构
42,ASGD-2027-0823,8b7668d10b1cd817,时间/处所功能结构,处所状语候选,不是目标语法点,不是目标语法点,1,0.9969461560249329,1,candidate:处所状语候选;family:时间/处所功能结构;rule:KG-RULE-V02-0042;rule:KG-RULE-V02-0043;source:REF-GF0025-2021;source:REF-GRAMMAR-MANUAL-ELEM;source:REF-GRAMMAR-MANUAL-INTER;source:REF-HUANG-LIAO-MODERN-CHINESE
42,ASGD-2027-0828,f739a5c3dfa3717d,比较构式,比字比较候选,是目标语法点,是目标语法点,1,0.9982560276985168,0,candidate:比字比较候选;family:比较构式;rule:KG-RULE-V02-0053;rule:KG-RULE-V02-0054;source:REF-GF0025-2021;source:REF-GRAMMAR-MANUAL-ADV;source:REF-GRAMMAR-MANUAL-ELEM;source:REF-GRAMMAR-MANUAL-INTER;source:REF-LIU-PRACTICAL-GRAMMAR
42,ASGD-2027-0833,c4e818406a9b1627,比较构式,没有比较候选,不是目标语法点,不是目标语法点,1,0.9988197684288025,0,candidate:没有比较候选;family:比较构式;rule:KG-RULE-V02-0059;rule:KG-RULE-V02-0060;rule:KG-RULE-V02-0061;source:REF-GF0025-2021;source:REF-GRAMMAR-MANUAL-ADV;source:REF-GRAMMAR-MANUAL-ELEM;source:REF-GRAMMAR-MANUAL-INTER;source:REF-LIU-PRACTICAL-GRAMMAR
42,ASGD-2027-0834,236961af07cd7042,多谓词/论元结构,双宾/给予结构候选,不是目标语法点,不是目标语法点,1,0.9965496063232422,0,candidate:双宾/给予结构候选;family:多谓词/论元结构
42,ASGD-2027-0843,7c6a64cb05a73ea3,补语结构,得字补语候选,不是目标语法点,不是目标语法点,1,0.997549831867218,0,candidate:得字补语候选;family:补语结构;rule:KG-RULE-V02-0047;rule:KG-RULE-V02-0049;source:REF-GF0025-2021;source:REF-GRAMMAR-MANUAL-ADV;source:REF-GRAMMAR-MANUAL-ELEM;source:REF-GRAMMAR-MANUAL-INTER;source:REF-HUANG-LIAO-MODERN-CHINESE;source:REF-LIU-PRACTICAL-GRAMMAR
42,ASGD-2027-0846,b0b599fc7da8cc55,时间/处所功能结构,时间状语候选,是目标语法点,是目标语法点,1,0.9986597299575806,0,candidate:时间状语候选;family:时间/处所功能结构;rule:KG-RULE-V02-0030;rule:KG-RULE-V02-0031;rule:KG-RULE-V02-0032;source:REF-GF0025-2021;source:REF-GRAMMAR-MANUAL-ADV;source:REF-GRAMMAR-MANUAL-ELEM;source:REF-GRAMMAR-MANUAL-INTER;source:REF-HUANG-LIAO-MODERN-CHINESE
42,ASGD-2027-0849,ea04ecbccd54e061,多谓词/论元结构,双宾/给予结构候选,是目标语法点,是目标语法点,1,0.9982470273971558,0,candidate:双宾/给予结构候选;family:多谓词/论元结构
42,ASGD-2027-0858,94e001a70ddfc03b,时间/处所功能结构,处所状语候选,是目标语法点,是目标语法点,1,0.9966314435005188,0,candidate:处所状语候选;family:时间/处所功能结构;rule:KG-RULE-V02-0039;rule:KG-RULE-V02-0040;rule:KG-RULE-V02-0041;source:REF-GF0025-2021;source:REF-GRAMMAR-MANUAL-ELEM;source:REF-GRAMMAR-MANUAL-INTER;source:REF-HUANG-LIAO-MODERN-CHINESE
42,ASGD-2027-0867,32208505a161b250,时间/处所功能结构,处所状语候选,是目标语法点,是目标语法点,1,0.9975866079330444,0,candidate:处所状语候选;family:时间/处所功能结构;rule:KG-RULE-V02-0039;rule:KG-RULE-V02-0040;rule:KG-RULE-V02-0041;source:REF-GF0025-2021;source:REF-GRAMMAR-MANUAL-ELEM;source:REF-GRAMMAR-MANUAL-INTER;source:REF-HUANG-LIAO-MODERN-CHINESE
42,ASGD-2027-0875,37d7608da59f7e70,补语结构,趋向补语候选,是目标语法点,是目标语法点,1,0.9982265830039978,0,candidate:趋向补语候选;family:补语结构
42,ASGD-2027-0878,0144ce5719b1512e,被动/受事凸显构式,被字句候选,是目标语法点,是目标语法点,1,0.9985060691833496,0,candidate:被字句候选;family:被动/受事凸显构式;rule:KG-RULE-V02-0022;rule:KG-RULE-V02-0024;source:REF-GF0025-2021;source:REF-GRAMMAR-MANUAL-ADV;source:REF-GRAMMAR-MANUAL-ELEM;source:REF-GRAMMAR-MANUAL-INTER;source:REF-LIU-PRACTICAL-GRAMMAR;source:REF-LU-TCSL-GRAMMAR
42,ASGD-2027-0881,c72b522721ed974e,比较构式,没有比较候选,是目标语法点,是目标语法点,1,0.9960536956787109,0,candidate:没有比较候选;family:比较构式;rule:KG-RULE-V02-0059;rule:KG-RULE-V02-0060;rule:KG-RULE-V02-0061;source:REF-GF0025-2021;source:REF-GRAMMAR-MANUAL-ADV;source:REF-GRAMMAR-MANUAL-ELEM;source:REF-GRAMMAR-MANUAL-INTER;source:REF-LIU-PRACTICAL-GRAMMAR
42,ASGD-2027-0892,967fc2315a22d055,复句关联结构,既然候选,是目标语法点,是目标语法点,1,0.9986404776573181,0,candidate:既然候选;family:复句关联结构
42,ASGD-2027-0901,473d35ec59c2d4af,介词/框架结构,给/为/关于等介词框架候选,是目标语法点,是目标语法点,1,0.9985914826393127,0,candidate:给/为/关于等介词框架候选;family:介词/框架结构;rule:KG-RULE-V02-0135;rule:KG-RULE-V02-0136;rule:KG-RULE-V02-0137;source:REF-GF0025-2021;source:REF-GRAMMAR-MANUAL-ADV;source:REF-GRAMMAR-MANUAL-ELEM;source:REF-GRAMMAR-MANUAL-INTER;source:REF-HUANG-LIAO-MODERN-CHINESE;source:REF-LU-TCSL-GRAMMAR
42,ASGD-2027-0906,da6e98449f853aba,多谓词/论元结构,双宾/给予结构候选,不是目标语法点,不是目标语法点,1,0.9969671368598938,0,candidate:双宾/给予结构候选;family:多谓词/论元结构
42,ASGD-2027-0907,6818133098e8ed75,比较构式,没有比较候选,不是目标语法点,不是目标语法点,1,0.9988498687744141,0,candidate:没有比较候选;family:比较构式;rule:KG-RULE-V02-0059;rule:KG-RULE-V02-0060;rule:KG-RULE-V02-0061;source:REF-GF0025-2021;source:REF-GRAMMAR-MANUAL-ADV;source:REF-GRAMMAR-MANUAL-ELEM;source:REF-GRAMMAR-MANUAL-INTER;source:REF-LIU-PRACTICAL-GRAMMAR
42,ASGD-2027-0911,e9d7506e2424364e,多谓词/论元结构,双宾/给予结构候选,是目标语法点,是目标语法点,1,0.9984214305877686,0,candidate:双宾/给予结构候选;family:多谓词/论元结构
42,ASGD-2027-0912,519dbf7f92a70744,多谓词/论元结构,双宾/给予结构候选,是目标语法点,是目标语法点,1,0.9983572363853455,0,candidate:双宾/给予结构候选;family:多谓词/论元结构
42,ASGD-2027-0914,260e92f24748d0ec,介词/框架结构,在字介词框架候选,是目标语法点,是目标语法点,1,0.9980898499488831,0,candidate:在字介词框架候选;family:介词/框架结构;rule:KG-RULE-V02-0099;rule:KG-RULE-V02-0100;rule:KG-RULE-V02-0101;source:REF-GF0025-2021;source:REF-GRAMMAR-MANUAL-ADV;source:REF-GRAMMAR-MANUAL-ELEM;source:REF-GRAMMAR-MANUAL-INTER;source:REF-HUANG-LIAO-MODERN-CHINESE;source:REF-LU-TCSL-GRAMMAR
42,ASGD-2027-0923,b35ec9d1564dc323,介词/框架结构,在字介词框架候选,是目标语法点,是目标语法点,1,0.9983766078948975,0,candidate:在字介词框架候选;family:介词/框架结构;rule:KG-RULE-V02-0099;rule:KG-RULE-V02-0100;rule:KG-RULE-V02-0101;source:REF-GF0025-2021;source:REF-GRAMMAR-MANUAL-ADV;source:REF-GRAMMAR-MANUAL-ELEM;source:REF-GRAMMAR-MANUAL-INTER;source:REF-HUANG-LIAO-MODERN-CHINESE;source:REF-LU-TCSL-GRAMMAR
42,ASGD-2027-0929,7baec78853a81997,处置/受事重组构式,把字句候选,是目标语法点,是目标语法点,1,0.9985671043395996,0,candidate:把字句候选;family:处置/受事重组构式;rule:KG-RULE-V02-0001;rule:KG-RULE-V02-0002;rule:KG-RULE-V02-0003;source:REF-GF0025-2021;source:REF-GRAMMAR-MANUAL-ELEM;source:REF-GRAMMAR-MANUAL-INTER;source:REF-LIU-PRACTICAL-GRAMMAR;source:REF-LU-TCSL-GRAMMAR
42,ASGD-2027-0931,15403ec5e4031ccf,比较构式,没有比较候选,不是目标语法点,不是目标语法点,1,0.9987006187438965,0,candidate:没有比较候选;family:比较构式;rule:KG-RULE-V02-0059;rule:KG-RULE-V02-0060;rule:KG-RULE-V02-0061;source:REF-GF0025-2021;source:REF-GRAMMAR-MANUAL-ADV;source:REF-GRAMMAR-MANUAL-ELEM;source:REF-GRAMMAR-MANUAL-INTER;source:REF-LIU-PRACTICAL-GRAMMAR
42,ASGD-2027-0939,2f0c071cbc9de475,时间/处所功能结构,时间状语候选,是目标语法点,是目标语法点,1,0.9983977675437927,0,candidate:时间状语候选;family:时间/处所功能结构;rule:KG-RULE-V02-0033;source:REF-GF0025-2021;source:REF-GRAMMAR-MANUAL-ADV;source:REF-GRAMMAR-MANUAL-ELEM;source:REF-GRAMMAR-MANUAL-INTER;source:REF-HUANG-LIAO-MODERN-CHINESE
42,ASGD-2027-0940,71ad7790c8bbf648,补语结构,得字补语候选,是目标语法点,是目标语法点,1,0.9972811937332153,0,candidate:得字补语候选;family:补语结构;rule:KG-RULE-V02-0047;rule:KG-RULE-V02-0049;source:REF-GF0025-2021;source:REF-GRAMMAR-MANUAL-ADV;source:REF-GRAMMAR-MANUAL-ELEM;source:REF-GRAMMAR-MANUAL-INTER;source:REF-HUANG-LIAO-MODERN-CHINESE;source:REF-LIU-PRACTICAL-GRAMMAR
42,ASGD-2027-0950,9082800d93712a87,处置/受事重组构式,把字句候选,是目标语法点,是目标语法点,1,0.9986538887023926,0,candidate:把字句候选;family:处置/受事重组构式;rule:KG-RULE-V02-0001;rule:KG-RULE-V02-0002;rule:KG-RULE-V02-0003;source:REF-GF0025-2021;source:REF-GRAMMAR-MANUAL-ELEM;source:REF-GRAMMAR-MANUAL-INTER;source:REF-LIU-PRACTICAL-GRAMMAR;source:REF-LU-TCSL-GRAMMAR
42,ASGD-2027-0952,84220696f36d2a2a,被动/受事凸显构式,被字句候选,不是目标语法点,不是目标语法点,1,0.6680377721786499,0,candidate:被字句候选;family:被动/受事凸显构式;rule:KG-RULE-V02-0022;rule:KG-RULE-V02-0024;source:REF-GF0025-2021;source:REF-GRAMMAR-MANUAL-ADV;source:REF-GRAMMAR-MANUAL-ELEM;source:REF-GRAMMAR-MANUAL-INTER;source:REF-LIU-PRACTICAL-GRAMMAR;source:REF-LU-TCSL-GRAMMAR
42,ASGD-2027-0956,b92cac2c13cf493f,多谓词/论元结构,双宾/给予结构候选,是目标语法点,是目标语法点,1,0.9982833862304688,0,candidate:双宾/给予结构候选;family:多谓词/论元结构
42,ASGD-2027-0959,7ba9e07656cc65bc,多谓词/论元结构,双宾/给予结构候选,是目标语法点,是目标语法点,1,0.998324453830719,0,candidate:双宾/给予结构候选;family:多谓词/论元结构
42,ASGD-2027-0967,7c6a64cb05a73ea3,比较构式,不如比较候选,是目标语法点,是目标语法点,1,0.9969120025634766,0,candidate:不如比较候选;family:比较构式;rule:KG-RULE-V02-0079;rule:KG-RULE-V02-0080;rule:KG-RULE-V02-0081;source:REF-GF0025-2021;source:REF-GRAMMAR-MANUAL-ADV;source:REF-GRAMMAR-MANUAL-ELEM;source:REF-GRAMMAR-MANUAL-INTER;source:REF-LIU-PRACTICAL-GRAMMAR
42,ASGD-2027-0968,1298046106b1d156,比较构式,比字比较候选,是目标语法点,是目标语法点,1,0.9979729056358337,0,candidate:比字比较候选;family:比较构式;rule:KG-RULE-V02-0053;rule:KG-RULE-V02-0054;source:REF-GF0025-2021;source:REF-GRAMMAR-MANUAL-ADV;source:REF-GRAMMAR-MANUAL-ELEM;source:REF-GRAMMAR-MANUAL-INTER;source:REF-LIU-PRACTICAL-GRAMMAR
42,ASGD-2027-0970,abb2a845c21f0c2f,比较构式,没有比较候选,不是目标语法点,不是目标语法点,1,0.9988407492637634,0,candidate:没有比较候选;family:比较构式;rule:KG-RULE-V02-0059;rule:KG-RULE-V02-0060;rule:KG-RULE-V02-0061;source:REF-GF0025-2021;source:REF-GRAMMAR-MANUAL-ADV;source:REF-GRAMMAR-MANUAL-ELEM;source:REF-GRAMMAR-MANUAL-INTER;source:REF-LIU-PRACTICAL-GRAMMAR
42,ASGD-2027-0977,f6a61509020854a3,多谓词/论元结构,双宾/给予结构候选,是目标语法点,是目标语法点,1,0.9976041913032532,0,candidate:双宾/给予结构候选;family:多谓词/论元结构
42,ASGD-2027-0981,6688a4b9abf83a33,介词/框架结构,在字介词框架候选,是目标语法点,是目标语法点,1,0.9983339905738831,0,candidate:在字介词框架候选;family:介词/框架结构;rule:KG-RULE-V02-0099;rule:KG-RULE-V02-0100;rule:KG-RULE-V02-0101;source:REF-GF0025-2021;source:REF-GRAMMAR-MANUAL-ADV;source:REF-GRAMMAR-MANUAL-ELEM;source:REF-GRAMMAR-MANUAL-INTER;source:REF-HUANG-LIAO-MODERN-CHINESE;source:REF-LU-TCSL-GRAMMAR
42,ASGD-2027-0984,06784972ce5ff413,时间/处所功能结构,处所状语候选,不是目标语法点,不是目标语法点,1,0.9952738881111145,0,candidate:处所状语候选;family:时间/处所功能结构;rule:KG-RULE-V02-0042;source:REF-GF0025-2021;source:REF-GRAMMAR-MANUAL-ELEM;source:REF-GRAMMAR-MANUAL-INTER;source:REF-HUANG-LIAO-MODERN-CHINESE
42,ASGD-2027-0987,b10e74353ae2bb46,介词/框架结构,给/为/关于等介词框架候选,是目标语法点,是目标语法点,1,0.9961203336715698,0,candidate:给/为/关于等介词框架候选;family:介词/框架结构;rule:KG-RULE-V02-0135;rule:KG-RULE-V02-0136;rule:KG-RULE-V02-0137;source:REF-GF0025-2021;source:REF-GRAMMAR-MANUAL-ADV;source:REF-GRAMMAR-MANUAL-ELEM;source:REF-GRAMMAR-MANUAL-INTER;source:REF-HUANG-LIAO-MODERN-CHINESE;source:REF-LU-TCSL-GRAMMAR
42,ASGD-2027-0988,f19d2a61826c5335,被动/受事凸显构式,被字句候选,是目标语法点,是目标语法点,1,0.998566210269928,0,candidate:被字句候选;family:被动/受事凸显构式;rule:KG-RULE-V02-0022;rule:KG-RULE-V02-0024;source:REF-GF0025-2021;source:REF-GRAMMAR-MANUAL-ADV;source:REF-GRAMMAR-MANUAL-ELEM;source:REF-GRAMMAR-MANUAL-INTER;source:REF-LIU-PRACTICAL-GRAMMAR;source:REF-LU-TCSL-GRAMMAR
42,ASGD-2027-0990,817fc6343af4e54f,时间/处所功能结构,时间状语候选,是目标语法点,是目标语法点,1,0.9986823201179504,0,candidate:时间状语候选;family:时间/处所功能结构;rule:KG-RULE-V02-0030;rule:KG-RULE-V02-0031;rule:KG-RULE-V02-0032;source:REF-GF0025-2021;source:REF-GRAMMAR-MANUAL-ADV;source:REF-GRAMMAR-MANUAL-ELEM;source:REF-GRAMMAR-MANUAL-INTER;source:REF-HUANG-LIAO-MODERN-CHINESE
42,ASGD-2027-0991,036bebd138d88af5,时间/处所功能结构,处所状语候选,是目标语法点,是目标语法点,1,0.9971244931221008,0,candidate:处所状语候选;family:时间/处所功能结构;rule:KG-RULE-V02-0039;rule:KG-RULE-V02-0040;rule:KG-RULE-V02-0041;source:REF-GF0025-2021;source:REF-GRAMMAR-MANUAL-ELEM;source:REF-GRAMMAR-MANUAL-INTER;source:REF-HUANG-LIAO-MODERN-CHINESE
42,ASGD-2027-0992,6ff016fadd6d14df,复句关联结构,因为候选,是目标语法点,是目标语法点,1,0.9983826875686646,0,candidate:因为候选;family:复句关联结构
42,ASGD-2027-0997,922be4529f905c12,比较构式,比字比较候选,是目标语法点,是目标语法点,1,0.9981094598770142,0,candidate:比字比较候选;family:比较构式;rule:KG-RULE-V02-0053;rule:KG-RULE-V02-0054;source:REF-GF0025-2021;source:REF-GRAMMAR-MANUAL-ADV;source:REF-GRAMMAR-MANUAL-ELEM;source:REF-GRAMMAR-MANUAL-INTER;source:REF-LIU-PRACTICAL-GRAMMAR
42,ASGD-2027-1000,ce70fe98758e0cda,补语结构,得字补语候选,是目标语法点,是目标语法点,1,0.998160183429718,0,candidate:得字补语候选;family:补语结构;rule:KG-RULE-V02-0047;rule:KG-RULE-V02-0049;source:REF-GF0025-2021;source:REF-GRAMMAR-MANUAL-ADV;source:REF-GRAMMAR-MANUAL-ELEM;source:REF-GRAMMAR-MANUAL-INTER;source:REF-HUANG-LIAO-MODERN-CHINESE;source:REF-LIU-PRACTICAL-GRAMMAR
42,ASGD-2027-1003,6e3c6aa0cb8c4a30,时间/处所功能结构,时间状语候选,是目标语法点,是目标语法点,1,0.9986886382102966,0,candidate:时间状语候选;family:时间/处所功能结构;rule:KG-RULE-V02-0033;source:REF-GF0025-2021;source:REF-GRAMMAR-MANUAL-ADV;source:REF-GRAMMAR-MANUAL-ELEM;source:REF-GRAMMAR-MANUAL-INTER;source:REF-HUANG-LIAO-MODERN-CHINESE
42,ASGD-2027-1011,e5c169a8f03be9a8,复句关联结构,如果...就候选,是目标语法点,是目标语法点,1,0.9984419941902161,0,candidate:如果...就候选;family:复句关联结构
42,ASGD-2027-1015,bc8b324edd2cf8f0,介词/框架结构,在字介词框架候选,是目标语法点,是目标语法点,1,0.9985604882240295,0,candidate:在字介词框架候选;family:介词/框架结构;rule:KG-RULE-V02-0099;rule:KG-RULE-V02-0100;rule:KG-RULE-V02-0101;source:REF-GF0025-2021;source:REF-GRAMMAR-MANUAL-ADV;source:REF-GRAMMAR-MANUAL-ELEM;source:REF-GRAMMAR-MANUAL-INTER;source:REF-HUANG-LIAO-MODERN-CHINESE;source:REF-LU-TCSL-GRAMMAR
42,ASGD-2027-1017,1883cbf2c1ae02df,处置/受事重组构式,将字处置候选,是目标语法点,是目标语法点,1,0.998256504535675,0,candidate:将字处置候选;family:处置/受事重组构式;rule:KG-RULE-V02-0012;rule:KG-RULE-V02-0013;source:REF-GF0025-2021;source:REF-GRAMMAR-MANUAL-ELEM;source:REF-GRAMMAR-MANUAL-INTER;source:REF-LIU-PRACTICAL-GRAMMAR;source:REF-LU-TCSL-GRAMMAR
42,ASGD-2027-1018,40818cef7197a3b5,处置/受事重组构式,把字句候选,是目标语法点,是目标语法点,1,0.9986162185668945,0,candidate:把字句候选;family:处置/受事重组构式;rule:KG-RULE-V02-0001;rule:KG-RULE-V02-0002;rule:KG-RULE-V02-0003;source:REF-GF0025-2021;source:REF-GRAMMAR-MANUAL-ELEM;source:REF-GRAMMAR-MANUAL-INTER;source:REF-LIU-PRACTICAL-GRAMMAR;source:REF-LU-TCSL-GRAMMAR
42,ASGD-2027-1022,90db31a2576413db,介词/框架结构,在字介词框架候选,是目标语法点,是目标语法点,1,0.9985558390617371,0,candidate:在字介词框架候选;family:介词/框架结构;rule:KG-RULE-V02-0099;rule:KG-RULE-V02-0100;rule:KG-RULE-V02-0101;source:REF-GF0025-2021;source:REF-GRAMMAR-MANUAL-ADV;source:REF-GRAMMAR-MANUAL-ELEM;source:REF-GRAMMAR-MANUAL-INTER;source:REF-HUANG-LIAO-MODERN-CHINESE;source:REF-LU-TCSL-GRAMMAR
42,ASGD-2027-1023,1ba7d389d3c88a17,时间/处所功能结构,时间状语候选,是目标语法点,是目标语法点,1,0.9986066222190857,0,candidate:时间状语候选;family:时间/处所功能结构;rule:KG-RULE-V02-0033;source:REF-GF0025-2021;source:REF-GRAMMAR-MANUAL-ADV;source:REF-GRAMMAR-MANUAL-ELEM;source:REF-GRAMMAR-MANUAL-INTER;source:REF-HUANG-LIAO-MODERN-CHINESE
42,ASGD-2027-1026,3c53bba7b06c4eba,处置/受事重组构式,把字句候选,是目标语法点,是目标语法点,1,0.9985694885253906,0,candidate:把字句候选;family:处置/受事重组构式;rule:KG-RULE-V02-0001;rule:KG-RULE-V02-0002;rule:KG-RULE-V02-0003;source:REF-GF0025-2021;source:REF-GRAMMAR-MANUAL-ELEM;source:REF-GRAMMAR-MANUAL-INTER;source:REF-LIU-PRACTICAL-GRAMMAR;source:REF-LU-TCSL-GRAMMAR
42,ASGD-2027-1028,1ba7d389d3c88a17,介词/框架结构,对字介词框架候选,是目标语法点,是目标语法点,1,0.998097836971283,0,candidate:对字介词框架候选;family:介词/框架结构;rule:KG-RULE-V02-0115;rule:KG-RULE-V02-0116;rule:KG-RULE-V02-0117;source:REF-GF0025-2021;source:REF-GRAMMAR-MANUAL-ADV;source:REF-GRAMMAR-MANUAL-ELEM;source:REF-GRAMMAR-MANUAL-INTER;source:REF-HUANG-LIAO-MODERN-CHINESE;source:REF-LU-TCSL-GRAMMAR
42,ASGD-2027-1052,eb7a3545b5a65754,处置/受事重组构式,把字句候选,是目标语法点,是目标语法点,1,0.9982525706291199,0,candidate:把字句候选;family:处置/受事重组构式;rule:KG-RULE-V02-0001;rule:KG-RULE-V02-0002;rule:KG-RULE-V02-0003;source:REF-GF0025-2021;source:REF-GRAMMAR-MANUAL-ELEM;source:REF-GRAMMAR-MANUAL-INTER;source:REF-LIU-PRACTICAL-GRAMMAR;source:REF-LU-TCSL-GRAMMAR
42,ASGD-2027-1060,7b370d36d1f1a108,补语结构,结果补语候选,是目标语法点,是目标语法点,1,0.9831945300102234,0,candidate:结果补语候选;family:补语结构
42,ASGD-2027-1065,6802cdde0c47f84b,时间/处所功能结构,时间状语候选,是目标语法点,是目标语法点,1,0.9987571239471436,0,candidate:时间状语候选;family:时间/处所功能结构;rule:KG-RULE-V02-0030;rule:KG-RULE-V02-0031;rule:KG-RULE-V02-0032;source:REF-GF0025-2021;source:REF-GRAMMAR-MANUAL-ADV;source:REF-GRAMMAR-MANUAL-ELEM;source:REF-GRAMMAR-MANUAL-INTER;source:REF-HUANG-LIAO-MODERN-CHINESE
42,ASGD-2027-1072,b4f70edcfbbefe23,处置/受事重组构式,把字句候选,是目标语法点,是目标语法点,1,0.9983876943588257,0,candidate:把字句候选;family:处置/受事重组构式;rule:KG-RULE-V02-0001;rule:KG-RULE-V02-0002;rule:KG-RULE-V02-0003;source:REF-GF0025-2021;source:REF-GRAMMAR-MANUAL-ELEM;source:REF-GRAMMAR-MANUAL-INTER;source:REF-LIU-PRACTICAL-GRAMMAR;source:REF-LU-TCSL-GRAMMAR
42,ASGD-2027-1077,e70256173e81c178,处置/受事重组构式,把字句候选,是目标语法点,是目标语法点,1,0.998589813709259,0,candidate:把字句候选;family:处置/受事重组构式;rule:KG-RULE-V02-0001;rule:KG-RULE-V02-0002;rule:KG-RULE-V02-0003;source:REF-GF0025-2021;source:REF-GRAMMAR-MANUAL-ELEM;source:REF-GRAMMAR-MANUAL-INTER;source:REF-LIU-PRACTICAL-GRAMMAR;source:REF-LU-TCSL-GRAMMAR
42,ASGD-2027-1078,b5559c5cd608c2aa,多谓词/论元结构,双宾/给予结构候选,是目标语法点,是目标语法点,1,0.9977163076400757,0,candidate:双宾/给予结构候选;family:多谓词/论元结构
42,ASGD-2027-1085,713bf983463689d0,处置/受事重组构式,把字句候选,是目标语法点,是目标语法点,1,0.9986677169799805,0,candidate:把字句候选;family:处置/受事重组构式;rule:KG-RULE-V02-0001;rule:KG-RULE-V02-0002;rule:KG-RULE-V02-0003;source:REF-GF0025-2021;source:REF-GRAMMAR-MANUAL-ELEM;source:REF-GRAMMAR-MANUAL-INTER;source:REF-LIU-PRACTICAL-GRAMMAR;source:REF-LU-TCSL-GRAMMAR
42,ASGD-2027-1087,036bebd138d88af5,介词/框架结构,给/为/关于等介词框架候选,是目标语法点,是目标语法点,1,0.9986639022827148,0,candidate:给/为/关于等介词框架候选;family:介词/框架结构;rule:KG-RULE-V02-0135;rule:KG-RULE-V02-0136;rule:KG-RULE-V02-0137;source:REF-GF0025-2021;source:REF-GRAMMAR-MANUAL-ADV;source:REF-GRAMMAR-MANUAL-ELEM;source:REF-GRAMMAR-MANUAL-INTER;source:REF-HUANG-LIAO-MODERN-CHINESE;source:REF-LU-TCSL-GRAMMAR
42,ASGD-2027-1095,40818cef7197a3b5,多谓词/论元结构,双宾/给予结构候选,是目标语法点,是目标语法点,1,0.9982709884643555,0,candidate:双宾/给予结构候选;family:多谓词/论元结构
42,ASGD-2027-1097,ddd22a1fe79399a6,介词/框架结构,在字介词框架候选,是目标语法点,是目标语法点,1,0.9984523057937622,0,candidate:在字介词框架候选;family:介词/框架结构;rule:KG-RULE-V02-0099;rule:KG-RULE-V02-0100;rule:KG-RULE-V02-0101;source:REF-GF0025-2021;source:REF-GRAMMAR-MANUAL-ADV;source:REF-GRAMMAR-MANUAL-ELEM;source:REF-GRAMMAR-MANUAL-INTER;source:REF-HUANG-LIAO-MODERN-CHINESE;source:REF-LU-TCSL-GRAMMAR
42,ASGD-2027-1108,47076a67c72b5fc4,补语结构,得字补语候选,是目标语法点,是目标语法点,1,0.9979569911956787,0,candidate:得字补语候选;family:补语结构;rule:KG-RULE-V02-0047;rule:KG-RULE-V02-0049;source:REF-GF0025-2021;source:REF-GRAMMAR-MANUAL-ADV;source:REF-GRAMMAR-MANUAL-ELEM;source:REF-GRAMMAR-MANUAL-INTER;source:REF-HUANG-LIAO-MODERN-CHINESE;source:REF-LIU-PRACTICAL-GRAMMAR
42,ASGD-2027-1109,2d1d45d0b5dd1af9,介词/框架结构,向/往/朝介词框架候选,是目标语法点,不是目标语法点,0,0.740694522857666,0,candidate:向/往/朝介词框架候选;family:介词/框架结构;rule:KG-RULE-V02-0125;rule:KG-RULE-V02-0126;rule:KG-RULE-V02-0127;source:REF-GF0025-2021;source:REF-GRAMMAR-MANUAL-ADV;source:REF-GRAMMAR-MANUAL-ELEM;source:REF-GRAMMAR-MANUAL-INTER;source:REF-HUANG-LIAO-MODERN-CHINESE;source:REF-LU-TCSL-GRAMMAR
42,ASGD-2027-1110,f6a61509020854a3,处置/受事重组构式,把字句候选,是目标语法点,是目标语法点,1,0.9984011054039001,0,candidate:把字句候选;family:处置/受事重组构式;rule:KG-RULE-V02-0001;rule:KG-RULE-V02-0002;rule:KG-RULE-V02-0003;source:REF-GF0025-2021;source:REF-GRAMMAR-MANUAL-ELEM;source:REF-GRAMMAR-MANUAL-INTER;source:REF-LIU-PRACTICAL-GRAMMAR;source:REF-LU-TCSL-GRAMMAR
42,ASGD-2027-1124,9dba99f51345733c,补语结构,得字补语候选,是目标语法点,是目标语法点,1,0.9982813596725464,0,candidate:得字补语候选;family:补语结构;rule:KG-RULE-V02-0047;rule:KG-RULE-V02-0049;source:REF-GF0025-2021;source:REF-GRAMMAR-MANUAL-ADV;source:REF-GRAMMAR-MANUAL-ELEM;source:REF-GRAMMAR-MANUAL-INTER;source:REF-HUANG-LIAO-MODERN-CHINESE;source:REF-LIU-PRACTICAL-GRAMMAR
42,ASGD-2027-1128,e13dabcee8622a1c,时间/处所功能结构,时间状语候选,是目标语法点,是目标语法点,1,0.9987311959266663,0,candidate:时间状语候选;family:时间/处所功能结构;rule:KG-RULE-V02-0030;rule:KG-RULE-V02-0031;rule:KG-RULE-V02-0032;source:REF-GF0025-2021;source:REF-GRAMMAR-MANUAL-ADV;source:REF-GRAMMAR-MANUAL-ELEM;source:REF-GRAMMAR-MANUAL-INTER;source:REF-HUANG-LIAO-MODERN-CHINESE
42,ASGD-2027-1135,244a8ca5a7c838bc,补语结构,得字补语候选,不是目标语法点,是目标语法点,0,0.99751877784729,0,candidate:得字补语候选;family:补语结构;rule:KG-RULE-V02-0047;rule:KG-RULE-V02-0049;source:REF-GF0025-2021;source:REF-GRAMMAR-MANUAL-ADV;source:REF-GRAMMAR-MANUAL-ELEM;source:REF-GRAMMAR-MANUAL-INTER;source:REF-HUANG-LIAO-MODERN-CHINESE;source:REF-LIU-PRACTICAL-GRAMMAR
42,ASGD-2027-1140,7343fce1ec01000c,补语结构,得字补语候选,是目标语法点,是目标语法点,1,0.9970529079437256,0,candidate:得字补语候选;family:补语结构;rule:KG-RULE-V02-0047;rule:KG-RULE-V02-0049;source:REF-GF0025-2021;source:REF-GRAMMAR-MANUAL-ADV;source:REF-GRAMMAR-MANUAL-ELEM;source:REF-GRAMMAR-MANUAL-INTER;source:REF-HUANG-LIAO-MODERN-CHINESE;source:REF-LIU-PRACTICAL-GRAMMAR
42,ASGD-2027-1147,afe92229d3411b67,时间/处所功能结构,处所状语候选,不是目标语法点,不是目标语法点,1,0.9940677881240845,0,candidate:处所状语候选;family:时间/处所功能结构;rule:KG-RULE-V02-0042;source:REF-GF0025-2021;source:REF-GRAMMAR-MANUAL-ELEM;source:REF-GRAMMAR-MANUAL-INTER;source:REF-HUANG-LIAO-MODERN-CHINESE
42,ASGD-2027-1155,858be0bd1e903fc3,介词/框架结构,在字介词框架候选,是目标语法点,是目标语法点,1,0.998120129108429,0,candidate:在字介词框架候选;family:介词/框架结构;rule:KG-RULE-V02-0099;rule:KG-RULE-V02-0100;rule:KG-RULE-V02-0101;source:REF-GF0025-2021;source:REF-GRAMMAR-MANUAL-ADV;source:REF-GRAMMAR-MANUAL-ELEM;source:REF-GRAMMAR-MANUAL-INTER;source:REF-HUANG-LIAO-MODERN-CHINESE;source:REF-LU-TCSL-GRAMMAR
42,ASGD-2027-1157,a237439f25d7cdeb,处置/受事重组构式,把字句候选,是目标语法点,是目标语法点,1,0.9968228340148926,1,candidate:把字句候选;family:处置/受事重组构式;rule:KG-RULE-V02-0001;rule:KG-RULE-V02-0002;rule:KG-RULE-V02-0003;rule:KG-RULE-V02-0007;source:REF-GF0025-2021;source:REF-GRAMMAR-MANUAL-ELEM;source:REF-GRAMMAR-MANUAL-INTER;source:REF-LIU-PRACTICAL-GRAMMAR;source:REF-LU-TCSL-GRAMMAR
42,ASGD-2027-1158,ce591da6ca8780b6,多谓词/论元结构,连动结构候选,是目标语法点,是目标语法点,1,0.9985483288764954,0,candidate:连动结构候选;family:多谓词/论元结构
42,ASGD-2027-1160,5f85868ffaea8d71,多谓词/论元结构,双宾/给予结构候选,是目标语法点,是目标语法点,1,0.9981147050857544,0,candidate:双宾/给予结构候选;family:多谓词/论元结构
42,ASGD-2027-1165,8b50e0d78bb87d51,复句关联结构,既然候选,是目标语法点,是目标语法点,1,0.9984573125839233,0,candidate:既然候选;family:复句关联结构
42,ASGD-2027-1167,e119b395b23d8b9d,处置/受事重组构式,把字句候选,是目标语法点,是目标语法点,1,0.9985646605491638,0,candidate:把字句候选;family:处置/受事重组构式;rule:KG-RULE-V02-0001;rule:KG-RULE-V02-0002;rule:KG-RULE-V02-0003;source:REF-GF0025-2021;source:REF-GRAMMAR-MANUAL-ELEM;source:REF-GRAMMAR-MANUAL-INTER;source:REF-LIU-PRACTICAL-GRAMMAR;source:REF-LU-TCSL-GRAMMAR
42,ASGD-2027-1168,4ae52a539059bc9e,复句关联结构,但是候选,是目标语法点,是目标语法点,1,0.9985089898109436,0,candidate:但是候选;family:复句关联结构
42,ASGD-2027-1169,ddfccdf6ebac0c23,补语结构,结果补语候选,是目标语法点,是目标语法点,1,0.9975766539573669,0,candidate:结果补语候选;family:补语结构
42,ASGD-2027-1172,a68a2cdd75255059,处置/受事重组构式,把字句候选,是目标语法点,是目标语法点,1,0.9986080527305603,0,candidate:把字句候选;family:处置/受事重组构式;rule:KG-RULE-V02-0001;rule:KG-RULE-V02-0002;rule:KG-RULE-V02-0003;source:REF-GF0025-2021;source:REF-GRAMMAR-MANUAL-ELEM;source:REF-GRAMMAR-MANUAL-INTER;source:REF-LIU-PRACTICAL-GRAMMAR;source:REF-LU-TCSL-GRAMMAR
42,ASGD-2027-1186,9b27605300a897db,处置/受事重组构式,把字句候选,是目标语法点,是目标语法点,1,0.9984391331672668,0,candidate:把字句候选;family:处置/受事重组构式;rule:KG-RULE-V02-0001;rule:KG-RULE-V02-0002;rule:KG-RULE-V02-0003;source:REF-GF0025-2021;source:REF-GRAMMAR-MANUAL-ELEM;source:REF-GRAMMAR-MANUAL-INTER;source:REF-LIU-PRACTICAL-GRAMMAR;source:REF-LU-TCSL-GRAMMAR
42,ASGD-2027-1195,ddfccdf6ebac0c23,处置/受事重组构式,把字句候选,是目标语法点,是目标语法点,1,0.9985890984535217,0,candidate:把字句候选;family:处置/受事重组构式;rule:KG-RULE-V02-0001;rule:KG-RULE-V02-0002;rule:KG-RULE-V02-0003;source:REF-GF0025-2021;source:REF-GRAMMAR-MANUAL-ELEM;source:REF-GRAMMAR-MANUAL-INTER;source:REF-LIU-PRACTICAL-GRAMMAR;source:REF-LU-TCSL-GRAMMAR
42,ASGD-2027-1200,31b3f0ef26d95010,时间/处所功能结构,处所状语候选,是目标语法点,是目标语法点,1,0.991503119468689,0,candidate:处所状语候选;family:时间/处所功能结构;rule:KG-RULE-V02-0039;rule:KG-RULE-V02-0040;rule:KG-RULE-V02-0041;source:REF-GF0025-2021;source:REF-GRAMMAR-MANUAL-ELEM;source:REF-GRAMMAR-MANUAL-INTER;source:REF-HUANG-LIAO-MODERN-CHINESE
42,ASGD-2027-1201,0bbfc725d38b68f2,比较构式,没有比较候选,不是目标语法点,不是目标语法点,1,0.9989081621170044,0,candidate:没有比较候选;family:比较构式;rule:KG-RULE-V02-0059;rule:KG-RULE-V02-0060;rule:KG-RULE-V02-0061;source:REF-GF0025-2021;source:REF-GRAMMAR-MANUAL-ADV;source:REF-GRAMMAR-MANUAL-ELEM;source:REF-GRAMMAR-MANUAL-INTER;source:REF-LIU-PRACTICAL-GRAMMAR
42,ASGD-2027-1203,1f3c1841d6c1d28e,比较构式,比字比较候选,是目标语法点,是目标语法点,1,0.9977483153343201,0,candidate:比字比较候选;family:比较构式;rule:KG-RULE-V02-0053;rule:KG-RULE-V02-0054;source:REF-GF0025-2021;source:REF-GRAMMAR-MANUAL-ADV;source:REF-GRAMMAR-MANUAL-ELEM;source:REF-GRAMMAR-MANUAL-INTER;source:REF-LIU-PRACTICAL-GRAMMAR
42,ASGD-2027-1209,0d219515182809f8,比较构式,没有比较候选,不是目标语法点,不是目标语法点,1,0.9985650181770325,0,candidate:没有比较候选;family:比较构式;rule:KG-RULE-V02-0059;rule:KG-RULE-V02-0060;rule:KG-RULE-V02-0061;source:REF-GF0025-2021;source:REF-GRAMMAR-MANUAL-ADV;source:REF-GRAMMAR-MANUAL-ELEM;source:REF-GRAMMAR-MANUAL-INTER;source:REF-LIU-PRACTICAL-GRAMMAR
42,ASGD-2027-1210,7cfcc4e7ab2065b4,介词/框架结构,向/往/朝介词框架候选,是目标语法点,是目标语法点,1,0.9984458088874817,0,candidate:向/往/朝介词框架候选;family:介词/框架结构;rule:KG-RULE-V02-0125;rule:KG-RULE-V02-0126;rule:KG-RULE-V02-0127;source:REF-GF0025-2021;source:REF-GRAMMAR-MANUAL-ADV;source:REF-GRAMMAR-MANUAL-ELEM;source:REF-GRAMMAR-MANUAL-INTER;source:REF-HUANG-LIAO-MODERN-CHINESE;source:REF-LU-TCSL-GRAMMAR
42,ASGD-2027-1211,1c64fa03706dcfda,复句关联结构,所以候选,是目标语法点,是目标语法点,1,0.9985734224319458,0,candidate:所以候选;family:复句关联结构
42,ASGD-2027-1212,4d45e706873fdd14,补语结构,得字补语候选,是目标语法点,不是目标语法点,0,0.9979233741760254,0,candidate:得字补语候选;family:补语结构;rule:KG-RULE-V02-0047;rule:KG-RULE-V02-0049;source:REF-GF0025-2021;source:REF-GRAMMAR-MANUAL-ADV;source:REF-GRAMMAR-MANUAL-ELEM;source:REF-GRAMMAR-MANUAL-INTER;source:REF-HUANG-LIAO-MODERN-CHINESE;source:REF-LIU-PRACTICAL-GRAMMAR
42,ASGD-2027-1223,72237b3b7f75279f,补语结构,趋向补语候选,是目标语法点,是目标语法点,1,0.9978041052818298,0,candidate:趋向补语候选;family:补语结构
42,ASGD-2027-1224,6c1db6049b89f3bd,时间/处所功能结构,时间状语候选,是目标语法点,是目标语法点,1,0.998666524887085,0,candidate:时间状语候选;family:时间/处所功能结构;rule:KG-RULE-V02-0033;source:REF-GF0025-2021;source:REF-GRAMMAR-MANUAL-ADV;source:REF-GRAMMAR-MANUAL-ELEM;source:REF-GRAMMAR-MANUAL-INTER;source:REF-HUANG-LIAO-MODERN-CHINESE
42,ASGD-2027-1234,6ff0979c7481d4c8,多谓词/论元结构,兼语结构候选,是目标语法点,是目标语法点,1,0.998347282409668,0,candidate:兼语结构候选;family:多谓词/论元结构
42,ASGD-2027-1245,756ad189a8c98b11,补语结构,趋向补语候选,是目标语法点,是目标语法点,1,0.9979403614997864,0,candidate:趋向补语候选;family:补语结构
42,ASGD-2027-1247,0d2a68934ac6effc,介词/框架结构,向/往/朝介词框架候选,是目标语法点,是目标语法点,1,0.9981693029403687,0,candidate:向/往/朝介词框架候选;family:介词/框架结构;rule:KG-RULE-V02-0125;rule:KG-RULE-V02-0126;rule:KG-RULE-V02-0127;source:REF-GF0025-2021;source:REF-GRAMMAR-MANUAL-ADV;source:REF-GRAMMAR-MANUAL-ELEM;source:REF-GRAMMAR-MANUAL-INTER;source:REF-HUANG-LIAO-MODERN-CHINESE;source:REF-LU-TCSL-GRAMMAR
42,ASGD-2027-1264,e0247eb17dcd9c1c,多谓词/论元结构,连动结构候选,是目标语法点,是目标语法点,1,0.9983539581298828,0,candidate:连动结构候选;family:多谓词/论元结构
42,ASGD-2027-1268,82118bfed7237200,处置/受事重组构式,把字句候选,是目标语法点,是目标语法点,1,0.9986520409584045,0,candidate:把字句候选;family:处置/受事重组构式;rule:KG-RULE-V02-0001;rule:KG-RULE-V02-0002;rule:KG-RULE-V02-0003;source:REF-GF0025-2021;source:REF-GRAMMAR-MANUAL-ELEM;source:REF-GRAMMAR-MANUAL-INTER;source:REF-LIU-PRACTICAL-GRAMMAR;source:REF-LU-TCSL-GRAMMAR
42,ASGD-2027-1282,a07bc03cc929525e,比较构式,没有比较候选,不是目标语法点,不是目标语法点,1,0.9988163709640503,0,candidate:没有比较候选;family:比较构式;rule:KG-RULE-V02-0059;rule:KG-RULE-V02-0060;rule:KG-RULE-V02-0061;source:REF-GF0025-2021;source:REF-GRAMMAR-MANUAL-ADV;source:REF-GRAMMAR-MANUAL-ELEM;source:REF-GRAMMAR-MANUAL-INTER;source:REF-LIU-PRACTICAL-GRAMMAR
42,ASGD-2027-1285,3464b9142e3c35d0,介词/框架结构,给/为/关于等介词框架候选,是目标语法点,是目标语法点,1,0.9985881447792053,0,candidate:给/为/关于等介词框架候选;family:介词/框架结构;rule:KG-RULE-V02-0135;rule:KG-RULE-V02-0136;rule:KG-RULE-V02-0137;source:REF-GF0025-2021;source:REF-GRAMMAR-MANUAL-ADV;source:REF-GRAMMAR-MANUAL-ELEM;source:REF-GRAMMAR-MANUAL-INTER;source:REF-HUANG-LIAO-MODERN-CHINESE;source:REF-LU-TCSL-GRAMMAR
42,ASGD-2027-1286,5f46d20411d12d1a,处置/受事重组构式,把字句候选,是目标语法点,是目标语法点,1,0.9986454844474792,0,candidate:把字句候选;family:处置/受事重组构式;rule:KG-RULE-V02-0001;rule:KG-RULE-V02-0002;rule:KG-RULE-V02-0003;source:REF-GF0025-2021;source:REF-GRAMMAR-MANUAL-ELEM;source:REF-GRAMMAR-MANUAL-INTER;source:REF-LIU-PRACTICAL-GRAMMAR;source:REF-LU-TCSL-GRAMMAR
42,ASGD-2027-1288,1edd56f3a3add061,时间/处所功能结构,处所状语候选,不是目标语法点,是目标语法点,0,0.9959371089935303,0,candidate:处所状语候选;family:时间/处所功能结构;rule:KG-RULE-V02-0042;source:REF-GF0025-2021;source:REF-GRAMMAR-MANUAL-ELEM;source:REF-GRAMMAR-MANUAL-INTER;source:REF-HUANG-LIAO-MODERN-CHINESE
42,ASGD-2027-1302,721328315c9e6f8c,复句关联结构,但是候选,是目标语法点,是目标语法点,1,0.9983928799629211,0,candidate:但是候选;family:复句关联结构
42,ASGD-2027-1307,be48f70eb1c572a4,多谓词/论元结构,连动结构候选,是目标语法点,是目标语法点,1,0.99830162525177,0,candidate:连动结构候选;family:多谓词/论元结构
42,ASGD-2027-1311,0195766aa735e3f9,处置/受事重组构式,把字句候选,是目标语法点,是目标语法点,1,0.9985950589179993,0,candidate:把字句候选;family:处置/受事重组构式;rule:KG-RULE-V02-0001;rule:KG-RULE-V02-0002;rule:KG-RULE-V02-0003;source:REF-GF0025-2021;source:REF-GRAMMAR-MANUAL-ELEM;source:REF-GRAMMAR-MANUAL-INTER;source:REF-LIU-PRACTICAL-GRAMMAR;source:REF-LU-TCSL-GRAMMAR
42,ASGD-2027-1329,38e287cd66d24af1,补语结构,得字补语候选,是目标语法点,是目标语法点,1,0.9980069994926453,0,candidate:得字补语候选;family:补语结构;rule:KG-RULE-V02-0047;rule:KG-RULE-V02-0049;source:REF-GF0025-2021;source:REF-GRAMMAR-MANUAL-ADV;source:REF-GRAMMAR-MANUAL-ELEM;source:REF-GRAMMAR-MANUAL-INTER;source:REF-HUANG-LIAO-MODERN-CHINESE;source:REF-LIU-PRACTICAL-GRAMMAR
42,ASGD-2027-1330,9bbd89a349975c09,介词/框架结构,从字介词框架候选,是目标语法点,是目标语法点,1,0.9986358284950256,0,candidate:从字介词框架候选;family:介词/框架结构;rule:KG-RULE-V02-0109;rule:KG-RULE-V02-0110;source:REF-GF0025-2021;source:REF-GRAMMAR-MANUAL-ADV;source:REF-GRAMMAR-MANUAL-ELEM;source:REF-GRAMMAR-MANUAL-INTER;source:REF-HUANG-LIAO-MODERN-CHINESE;source:REF-LU-TCSL-GRAMMAR
42,ASGD-2027-1334,d10b1dd6e05ee666,处置/受事重组构式,把字句候选,是目标语法点,是目标语法点,1,0.9985860586166382,0,candidate:把字句候选;family:处置/受事重组构式;rule:KG-RULE-V02-0001;rule:KG-RULE-V02-0002;rule:KG-RULE-V02-0003;source:REF-GF0025-2021;source:REF-GRAMMAR-MANUAL-ELEM;source:REF-GRAMMAR-MANUAL-INTER;source:REF-LIU-PRACTICAL-GRAMMAR;source:REF-LU-TCSL-GRAMMAR
42,ASGD-2027-1341,dc560ca7bd864e9b,介词/框架结构,在字介词框架候选,是目标语法点,是目标语法点,1,0.9985345602035522,0,candidate:在字介词框架候选;family:介词/框架结构;rule:KG-RULE-V02-0099;rule:KG-RULE-V02-0100;rule:KG-RULE-V02-0101;source:REF-GF0025-2021;source:REF-GRAMMAR-MANUAL-ADV;source:REF-GRAMMAR-MANUAL-ELEM;source:REF-GRAMMAR-MANUAL-INTER;source:REF-HUANG-LIAO-MODERN-CHINESE;source:REF-LU-TCSL-GRAMMAR
42,ASGD-2027-1351,85ee304f69f02fc0,补语结构,数量/时量补语候选,是目标语法点,是目标语法点,1,0.9984742999076843,0,candidate:数量/时量补语候选;family:补语结构
42,ASGD-2027-1354,540839bd1512fc06,比较构式,越...越候选,是目标语法点,是目标语法点,1,0.9983882904052734,0,candidate:越...越候选;family:比较构式;rule:KG-RULE-V02-0069;rule:KG-RULE-V02-0070;rule:KG-RULE-V02-0071;source:REF-GF0025-2021;source:REF-GRAMMAR-MANUAL-ADV;source:REF-GRAMMAR-MANUAL-ELEM;source:REF-GRAMMAR-MANUAL-INTER;source:REF-LIU-PRACTICAL-GRAMMAR
42,ASGD-2027-1355,f9082093b31950d5,复句关联结构,只要候选,是目标语法点,是目标语法点,1,0.9986286163330078,0,candidate:只要候选;family:复句关联结构
42,ASGD-2027-1365,a94080adf558d8da,介词/框架结构,给/为/关于等介词框架候选,是目标语法点,是目标语法点,1,0.99832683801651,0,candidate:给/为/关于等介词框架候选;family:介词/框架结构;rule:KG-RULE-V02-0138;source:REF-GF0025-2021;source:REF-GRAMMAR-MANUAL-ADV;source:REF-GRAMMAR-MANUAL-ELEM;source:REF-GRAMMAR-MANUAL-INTER;source:REF-HUANG-LIAO-MODERN-CHINESE;source:REF-LU-TCSL-GRAMMAR
42,ASGD-2027-1371,4a3dc99f2ee1c9ce,介词/框架结构,对字介词框架候选,是目标语法点,是目标语法点,1,0.9955052137374878,0,candidate:对字介词框架候选;family:介词/框架结构;rule:KG-RULE-V02-0115;rule:KG-RULE-V02-0116;rule:KG-RULE-V02-0117;source:REF-GF0025-2021;source:REF-GRAMMAR-MANUAL-ADV;source:REF-GRAMMAR-MANUAL-ELEM;source:REF-GRAMMAR-MANUAL-INTER;source:REF-HUANG-LIAO-MODERN-CHINESE;source:REF-LU-TCSL-GRAMMAR
42,ASGD-2027-1374,63612309104f93fa,时间/处所功能结构,时间状语候选,是目标语法点,是目标语法点,1,0.9986373782157898,0,candidate:时间状语候选;family:时间/处所功能结构;rule:KG-RULE-V02-0030;rule:KG-RULE-V02-0031;rule:KG-RULE-V02-0032;source:REF-GF0025-2021;source:REF-GRAMMAR-MANUAL-ADV;source:REF-GRAMMAR-MANUAL-ELEM;source:REF-GRAMMAR-MANUAL-INTER;source:REF-HUANG-LIAO-MODERN-CHINESE
42,ASGD-2027-1385,98e2b0157f387626,时间/处所功能结构,时间状语候选,是目标语法点,是目标语法点,1,0.9987634420394897,0,candidate:时间状语候选;family:时间/处所功能结构;rule:KG-RULE-V02-0030;rule:KG-RULE-V02-0031;rule:KG-RULE-V02-0032;source:REF-GF0025-2021;source:REF-GRAMMAR-MANUAL-ADV;source:REF-GRAMMAR-MANUAL-ELEM;source:REF-GRAMMAR-MANUAL-INTER;source:REF-HUANG-LIAO-MODERN-CHINESE
42,ASGD-2027-1386,658905cae734b0f1,时间/处所功能结构,处所状语候选,是目标语法点,是目标语法点,1,0.9977741837501526,0,candidate:处所状语候选;family:时间/处所功能结构;rule:KG-RULE-V02-0039;rule:KG-RULE-V02-0040;rule:KG-RULE-V02-0041;source:REF-GF0025-2021;source:REF-GRAMMAR-MANUAL-ELEM;source:REF-GRAMMAR-MANUAL-INTER;source:REF-HUANG-LIAO-MODERN-CHINESE
42,ASGD-2027-1392,74e9a7a4a0bb9f4f,补语结构,趋向补语候选,是目标语法点,是目标语法点,1,0.9982531666755676,0,candidate:趋向补语候选;family:补语结构
42,ASGD-2027-1393,18861a35933e8856,被动/受事凸显构式,被字句候选,是目标语法点,是目标语法点,1,0.9976329803466797,0,candidate:被字句候选;family:被动/受事凸显构式;rule:KG-RULE-V02-0022;rule:KG-RULE-V02-0024;source:REF-GF0025-2021;source:REF-GRAMMAR-MANUAL-ADV;source:REF-GRAMMAR-MANUAL-ELEM;source:REF-GRAMMAR-MANUAL-INTER;source:REF-LIU-PRACTICAL-GRAMMAR;source:REF-LU-TCSL-GRAMMAR
42,ASGD-2027-1397,0cebd5010a21c34e,多谓词/论元结构,连动结构候选,是目标语法点,是目标语法点,1,0.9984679818153381,0,candidate:连动结构候选;family:多谓词/论元结构
42,ASGD-2027-1412,f52dab014375ce20,比较构式,比字比较候选,是目标语法点,是目标语法点,1,0.9981164932250977,0,candidate:比字比较候选;family:比较构式;rule:KG-RULE-V02-0053;rule:KG-RULE-V02-0054;source:REF-GF0025-2021;source:REF-GRAMMAR-MANUAL-ADV;source:REF-GRAMMAR-MANUAL-ELEM;source:REF-GRAMMAR-MANUAL-INTER;source:REF-LIU-PRACTICAL-GRAMMAR
42,ASGD-2027-1413,b6338da4c3c1d023,介词/框架结构,在字介词框架候选,是目标语法点,是目标语法点,1,0.9985779523849487,0,candidate:在字介词框架候选;family:介词/框架结构;rule:KG-RULE-V02-0099;rule:KG-RULE-V02-0100;rule:KG-RULE-V02-0101;source:REF-GF0025-2021;source:REF-GRAMMAR-MANUAL-ADV;source:REF-GRAMMAR-MANUAL-ELEM;source:REF-GRAMMAR-MANUAL-INTER;source:REF-HUANG-LIAO-MODERN-CHINESE;source:REF-LU-TCSL-GRAMMAR
42,ASGD-2027-1416,ff64fcd67bcd07c9,比较构式,比字比较候选,不是目标语法点,不是目标语法点,1,0.9977338314056396,1,candidate:比字比较候选;family:比较构式;rule:KG-RULE-V02-0053;rule:KG-RULE-V02-0054;rule:KG-RULE-V02-0056;source:REF-GF0025-2021;source:REF-GRAMMAR-MANUAL-ADV;source:REF-GRAMMAR-MANUAL-ELEM;source:REF-GRAMMAR-MANUAL-INTER;source:REF-LIU-PRACTICAL-GRAMMAR
42,ASGD-2027-1417,89f698acbbfbf1c5,被动/受事凸显构式,被字句候选,是目标语法点,是目标语法点,1,0.9985576272010803,0,candidate:被字句候选;family:被动/受事凸显构式;rule:KG-RULE-V02-0022;rule:KG-RULE-V02-0024;source:REF-GF0025-2021;source:REF-GRAMMAR-MANUAL-ADV;source:REF-GRAMMAR-MANUAL-ELEM;source:REF-GRAMMAR-MANUAL-INTER;source:REF-LIU-PRACTICAL-GRAMMAR;source:REF-LU-TCSL-GRAMMAR
42,ASGD-2027-1426,8c9cde67673cd9ff,时间/处所功能结构,处所状语候选,是目标语法点,是目标语法点,1,0.9978019595146179,0,candidate:处所状语候选;family:时间/处所功能结构;rule:KG-RULE-V02-0039;rule:KG-RULE-V02-0040;rule:KG-RULE-V02-0041;source:REF-GF0025-2021;source:REF-GRAMMAR-MANUAL-ELEM;source:REF-GRAMMAR-MANUAL-INTER;source:REF-HUANG-LIAO-MODERN-CHINESE
42,ASGD-2027-1430,0fc8a646210752c6,介词/框架结构,在字介词框架候选,是目标语法点,是目标语法点,1,0.9986138343811035,0,candidate:在字介词框架候选;family:介词/框架结构;rule:KG-RULE-V02-0099;rule:KG-RULE-V02-0100;rule:KG-RULE-V02-0101;source:REF-GF0025-2021;source:REF-GRAMMAR-MANUAL-ADV;source:REF-GRAMMAR-MANUAL-ELEM;source:REF-GRAMMAR-MANUAL-INTER;source:REF-HUANG-LIAO-MODERN-CHINESE;source:REF-LU-TCSL-GRAMMAR
42,ASGD-2027-1431,d281bdd4e40fbae5,比较构式,不如比较候选,是目标语法点,是目标语法点,1,0.9978526830673218,0,candidate:不如比较候选;family:比较构式;rule:KG-RULE-V02-0079;rule:KG-RULE-V02-0080;rule:KG-RULE-V02-0081;source:REF-GF0025-2021;source:REF-GRAMMAR-MANUAL-ADV;source:REF-GRAMMAR-MANUAL-ELEM;source:REF-GRAMMAR-MANUAL-INTER;source:REF-LIU-PRACTICAL-GRAMMAR
42,ASGD-2027-1432,4e6ed1d8fd1fe0e5,补语结构,得字补语候选,是目标语法点,是目标语法点,1,0.994661271572113,0,candidate:得字补语候选;family:补语结构;rule:KG-RULE-V02-0047;rule:KG-RULE-V02-0049;source:REF-GF0025-2021;source:REF-GRAMMAR-MANUAL-ADV;source:REF-GRAMMAR-MANUAL-ELEM;source:REF-GRAMMAR-MANUAL-INTER;source:REF-HUANG-LIAO-MODERN-CHINESE;source:REF-LIU-PRACTICAL-GRAMMAR
42,ASGD-2027-1433,444e8ad7b5f3d79d,复句关联结构,即使候选,是目标语法点,是目标语法点,1,0.9985166192054749,0,candidate:即使候选;family:复句关联结构
42,ASGD-2027-1439,2ca59574a6dd906d,被动/受事凸显构式,被字句候选,是目标语法点,是目标语法点,1,0.9985414743423462,0,candidate:被字句候选;family:被动/受事凸显构式;rule:KG-RULE-V02-0022;rule:KG-RULE-V02-0024;source:REF-GF0025-2021;source:REF-GRAMMAR-MANUAL-ADV;source:REF-GRAMMAR-MANUAL-ELEM;source:REF-GRAMMAR-MANUAL-INTER;source:REF-LIU-PRACTICAL-GRAMMAR;source:REF-LU-TCSL-GRAMMAR
42,ASGD-2027-1440,c40448af959e80e5,介词/框架结构,在字介词框架候选,是目标语法点,是目标语法点,1,0.9980571866035461,0,candidate:在字介词框架候选;family:介词/框架结构;rule:KG-RULE-V02-0099;rule:KG-RULE-V02-0100;rule:KG-RULE-V02-0101;source:REF-GF0025-2021;source:REF-GRAMMAR-MANUAL-ADV;source:REF-GRAMMAR-MANUAL-ELEM;source:REF-GRAMMAR-MANUAL-INTER;source:REF-HUANG-LIAO-MODERN-CHINESE;source:REF-LU-TCSL-GRAMMAR
42,ASGD-2027-1444,ef68cbf702aec413,比较构式,没有比较候选,不是目标语法点,不是目标语法点,1,0.9988560676574707,0,candidate:没有比较候选;family:比较构式;rule:KG-RULE-V02-0059;rule:KG-RULE-V02-0060;rule:KG-RULE-V02-0061;source:REF-GF0025-2021;source:REF-GRAMMAR-MANUAL-ADV;source:REF-GRAMMAR-MANUAL-ELEM;source:REF-GRAMMAR-MANUAL-INTER;source:REF-LIU-PRACTICAL-GRAMMAR
42,ASGD-2027-1447,7cafad6e7aeefcc5,比较构式,没有比较候选,不是目标语法点,不是目标语法点,1,0.9986099004745483,0,candidate:没有比较候选;family:比较构式;rule:KG-RULE-V02-0059;rule:KG-RULE-V02-0060;rule:KG-RULE-V02-0061;source:REF-GF0025-2021;source:REF-GRAMMAR-MANUAL-ADV;source:REF-GRAMMAR-MANUAL-ELEM;source:REF-GRAMMAR-MANUAL-INTER;source:REF-LIU-PRACTICAL-GRAMMAR
42,ASGD-2027-1452,478e9ecd83f688ed,补语结构,得字补语候选,是目标语法点,是目标语法点,1,0.9971931576728821,0,candidate:得字补语候选;family:补语结构;rule:KG-RULE-V02-0047;rule:KG-RULE-V02-0049;source:REF-GF0025-2021;source:REF-GRAMMAR-MANUAL-ADV;source:REF-GRAMMAR-MANUAL-ELEM;source:REF-GRAMMAR-MANUAL-INTER;source:REF-HUANG-LIAO-MODERN-CHINESE;source:REF-LIU-PRACTICAL-GRAMMAR
42,ASGD-2027-1453,9fce277d362622c9,被动/受事凸显构式,被字句候选,是目标语法点,是目标语法点,1,0.9984453320503235,0,candidate:被字句候选;family:被动/受事凸显构式;rule:KG-RULE-V02-0022;rule:KG-RULE-V02-0024;source:REF-GF0025-2021;source:REF-GRAMMAR-MANUAL-ADV;source:REF-GRAMMAR-MANUAL-ELEM;source:REF-GRAMMAR-MANUAL-INTER;source:REF-LIU-PRACTICAL-GRAMMAR;source:REF-LU-TCSL-GRAMMAR
42,ASGD-2027-1458,5474f6bfcd965573,复句关联结构,但是候选,是目标语法点,是目标语法点,1,0.9986324906349182,0,candidate:但是候选;family:复句关联结构
42,ASGD-2027-1461,32208505a161b250,时间/处所功能结构,处所状语候选,是目标语法点,是目标语法点,1,0.9977031350135803,0,candidate:处所状语候选;family:时间/处所功能结构;rule:KG-RULE-V02-0039;rule:KG-RULE-V02-0040;rule:KG-RULE-V02-0041;source:REF-GF0025-2021;source:REF-GRAMMAR-MANUAL-ELEM;source:REF-GRAMMAR-MANUAL-INTER;source:REF-HUANG-LIAO-MODERN-CHINESE
42,ASGD-2027-1465,5c4ed122b013493b,比较构式,比字比较候选,不是目标语法点,不是目标语法点,1,0.9979950189590454,1,candidate:比字比较候选;family:比较构式;rule:KG-RULE-V02-0053;rule:KG-RULE-V02-0054;rule:KG-RULE-V02-0056;source:REF-GF0025-2021;source:REF-GRAMMAR-MANUAL-ADV;source:REF-GRAMMAR-MANUAL-ELEM;source:REF-GRAMMAR-MANUAL-INTER;source:REF-LIU-PRACTICAL-GRAMMAR
42,ASGD-2027-1466,a722ce36740c42af,复句关联结构,因为...所以候选,是目标语法点,是目标语法点,1,0.998656153678894,0,candidate:因为...所以候选;family:复句关联结构
42,ASGD-2027-1469,94e001a70ddfc03b,时间/处所功能结构,处所状语候选,不是目标语法点,是目标语法点,0,0.9841745495796204,0,candidate:处所状语候选;family:时间/处所功能结构;rule:KG-RULE-V02-0042;source:REF-GF0025-2021;source:REF-GRAMMAR-MANUAL-ELEM;source:REF-GRAMMAR-MANUAL-INTER;source:REF-HUANG-LIAO-MODERN-CHINESE
42,ASGD-2027-1472,b38810764c3a86ae,补语结构,得字补语候选,是目标语法点,是目标语法点,1,0.9896590113639832,0,candidate:得字补语候选;family:补语结构;rule:KG-RULE-V02-0047;rule:KG-RULE-V02-0049;source:REF-GF0025-2021;source:REF-GRAMMAR-MANUAL-ADV;source:REF-GRAMMAR-MANUAL-ELEM;source:REF-GRAMMAR-MANUAL-INTER;source:REF-HUANG-LIAO-MODERN-CHINESE;source:REF-LIU-PRACTICAL-GRAMMAR
42,ASGD-2027-1480,e19bee077a097747,处置/受事重组构式,把字句候选,是目标语法点,是目标语法点,1,0.9985173344612122,0,candidate:把字句候选;family:处置/受事重组构式;rule:KG-RULE-V02-0001;rule:KG-RULE-V02-0002;rule:KG-RULE-V02-0003;source:REF-GF0025-2021;source:REF-GRAMMAR-MANUAL-ELEM;source:REF-GRAMMAR-MANUAL-INTER;source:REF-LIU-PRACTICAL-GRAMMAR;source:REF-LU-TCSL-GRAMMAR
42,ASGD-2027-1484,1df0644c1ab7b637,处置/受事重组构式,把字句候选,是目标语法点,是目标语法点,1,0.9986099004745483,0,candidate:把字句候选;family:处置/受事重组构式;rule:KG-RULE-V02-0001;rule:KG-RULE-V02-0002;rule:KG-RULE-V02-0003;source:REF-GF0025-2021;source:REF-GRAMMAR-MANUAL-ELEM;source:REF-GRAMMAR-MANUAL-INTER;source:REF-LIU-PRACTICAL-GRAMMAR;source:REF-LU-TCSL-GRAMMAR
42,ASGD-2027-1489,424c19e3bc2e4ac3,多谓词/论元结构,双宾/给予结构候选,是目标语法点,是目标语法点,1,0.9982397556304932,0,candidate:双宾/给予结构候选;family:多谓词/论元结构
42,ASGD-2027-1496,7343fce1ec01000c,时间/处所功能结构,时间状语候选,是目标语法点,是目标语法点,1,0.9986974596977234,0,candidate:时间状语候选;family:时间/处所功能结构;rule:KG-RULE-V02-0030;rule:KG-RULE-V02-0031;rule:KG-RULE-V02-0032;source:REF-GF0025-2021;source:REF-GRAMMAR-MANUAL-ADV;source:REF-GRAMMAR-MANUAL-ELEM;source:REF-GRAMMAR-MANUAL-INTER;source:REF-HUANG-LIAO-MODERN-CHINESE
42,ASGD-2027-1498,dd4dda912b331032,比较构式,越...越候选,是目标语法点,是目标语法点,1,0.998420238494873,0,candidate:越...越候选;family:比较构式;rule:KG-RULE-V02-0069;rule:KG-RULE-V02-0070;rule:KG-RULE-V02-0071;source:REF-GF0025-2021;source:REF-GRAMMAR-MANUAL-ADV;source:REF-GRAMMAR-MANUAL-ELEM;source:REF-GRAMMAR-MANUAL-INTER;source:REF-LIU-PRACTICAL-GRAMMAR
42,ASGD-2027-1503,a0e840293bb7dc40,补语结构,趋向补语候选,是目标语法点,是目标语法点,1,0.9983459711074829,0,candidate:趋向补语候选;family:补语结构
42,ASGD-2027-1507,3448f3d2126c3952,补语结构,得字补语候选,是目标语法点,是目标语法点,1,0.9980241060256958,0,candidate:得字补语候选;family:补语结构;rule:KG-RULE-V02-0047;rule:KG-RULE-V02-0049;source:REF-GF0025-2021;source:REF-GRAMMAR-MANUAL-ADV;source:REF-GRAMMAR-MANUAL-ELEM;source:REF-GRAMMAR-MANUAL-INTER;source:REF-HUANG-LIAO-MODERN-CHINESE;source:REF-LIU-PRACTICAL-GRAMMAR
42,ASGD-2027-1511,5da13d97e2aafacb,处置/受事重组构式,把字句候选,是目标语法点,是目标语法点,1,0.9986957907676697,0,candidate:把字句候选;family:处置/受事重组构式;rule:KG-RULE-V02-0001;rule:KG-RULE-V02-0002;rule:KG-RULE-V02-0003;source:REF-GF0025-2021;source:REF-GRAMMAR-MANUAL-ELEM;source:REF-GRAMMAR-MANUAL-INTER;source:REF-LIU-PRACTICAL-GRAMMAR;source:REF-LU-TCSL-GRAMMAR
42,ASGD-2027-1512,b92cac2c13cf493f,介词/框架结构,向/往/朝介词框架候选,是目标语法点,是目标语法点,1,0.9984708428382874,0,candidate:向/往/朝介词框架候选;family:介词/框架结构;rule:KG-RULE-V02-0125;rule:KG-RULE-V02-0126;rule:KG-RULE-V02-0127;source:REF-GF0025-2021;source:REF-GRAMMAR-MANUAL-ADV;source:REF-GRAMMAR-MANUAL-ELEM;source:REF-GRAMMAR-MANUAL-INTER;source:REF-HUANG-LIAO-MODERN-CHINESE;source:REF-LU-TCSL-GRAMMAR
42,ASGD-2027-1517,3c8a9e0e7e0d8fa9,比较构式,越...越候选,是目标语法点,是目标语法点,1,0.9981441497802734,0,candidate:越...越候选;family:比较构式;rule:KG-RULE-V02-0069;rule:KG-RULE-V02-0070;rule:KG-RULE-V02-0071;source:REF-GF0025-2021;source:REF-GRAMMAR-MANUAL-ADV;source:REF-GRAMMAR-MANUAL-ELEM;source:REF-GRAMMAR-MANUAL-INTER;source:REF-LIU-PRACTICAL-GRAMMAR
42,ASGD-2027-1531,1909355541b6d3d6,时间/处所功能结构,时间状语候选,是目标语法点,是目标语法点,1,0.9985876083374023,0,candidate:时间状语候选;family:时间/处所功能结构;rule:KG-RULE-V02-0030;rule:KG-RULE-V02-0031;rule:KG-RULE-V02-0032;source:REF-GF0025-2021;source:REF-GRAMMAR-MANUAL-ADV;source:REF-GRAMMAR-MANUAL-ELEM;source:REF-GRAMMAR-MANUAL-INTER;source:REF-HUANG-LIAO-MODERN-CHINESE
42,ASGD-2027-1534,f676bf2d2b83617b,比较构式,比字比较候选,是目标语法点,是目标语法点,1,0.9982214570045471,0,candidate:比字比较候选;family:比较构式;rule:KG-RULE-V02-0053;rule:KG-RULE-V02-0054;source:REF-GF0025-2021;source:REF-GRAMMAR-MANUAL-ADV;source:REF-GRAMMAR-MANUAL-ELEM;source:REF-GRAMMAR-MANUAL-INTER;source:REF-LIU-PRACTICAL-GRAMMAR
42,ASGD-2027-1538,fd177d4b7084b298,被动/受事凸显构式,被字句候选,是目标语法点,是目标语法点,1,0.9984443783760071,0,candidate:被字句候选;family:被动/受事凸显构式;rule:KG-RULE-V02-0022;rule:KG-RULE-V02-0024;source:REF-GF0025-2021;source:REF-GRAMMAR-MANUAL-ADV;source:REF-GRAMMAR-MANUAL-ELEM;source:REF-GRAMMAR-MANUAL-INTER;source:REF-LIU-PRACTICAL-GRAMMAR;source:REF-LU-TCSL-GRAMMAR
42,ASGD-2027-1543,6fe745697ef55710,多谓词/论元结构,双宾/给予结构候选,是目标语法点,是目标语法点,1,0.9980424642562866,0,candidate:双宾/给予结构候选;family:多谓词/论元结构
42,ASGD-2027-1545,c84f1e45950ffe8c,介词/框架结构,在字介词框架候选,是目标语法点,是目标语法点,1,0.9986446499824524,0,candidate:在字介词框架候选;family:介词/框架结构;rule:KG-RULE-V02-0099;rule:KG-RULE-V02-0100;rule:KG-RULE-V02-0101;source:REF-GF0025-2021;source:REF-GRAMMAR-MANUAL-ADV;source:REF-GRAMMAR-MANUAL-ELEM;source:REF-GRAMMAR-MANUAL-INTER;source:REF-HUANG-LIAO-MODERN-CHINESE;source:REF-LU-TCSL-GRAMMAR
42,ASGD-2027-1549,58a885beee85430a,被动/受事凸显构式,被字句候选,是目标语法点,是目标语法点,1,0.9985508322715759,0,candidate:被字句候选;family:被动/受事凸显构式;rule:KG-RULE-V02-0022;rule:KG-RULE-V02-0024;source:REF-GF0025-2021;source:REF-GRAMMAR-MANUAL-ADV;source:REF-GRAMMAR-MANUAL-ELEM;source:REF-GRAMMAR-MANUAL-INTER;source:REF-LIU-PRACTICAL-GRAMMAR;source:REF-LU-TCSL-GRAMMAR
42,ASGD-2027-1553,1e532c88c8df682c,复句关联结构,只要候选,是目标语法点,是目标语法点,1,0.9986395239830017,0,candidate:只要候选;family:复句关联结构
42,ASGD-2027-1563,73dbe4359525e751,时间/处所功能结构,时间状语候选,是目标语法点,是目标语法点,1,0.9987273812294006,0,candidate:时间状语候选;family:时间/处所功能结构;rule:KG-RULE-V02-0030;rule:KG-RULE-V02-0031;rule:KG-RULE-V02-0032;source:REF-GF0025-2021;source:REF-GRAMMAR-MANUAL-ADV;source:REF-GRAMMAR-MANUAL-ELEM;source:REF-GRAMMAR-MANUAL-INTER;source:REF-HUANG-LIAO-MODERN-CHINESE
42,ASGD-2027-1564,813bbe75e379954d,介词/框架结构,从字介词框架候选,是目标语法点,是目标语法点,1,0.998323380947113,0,candidate:从字介词框架候选;family:介词/框架结构;rule:KG-RULE-V02-0109;rule:KG-RULE-V02-0110;source:REF-GF0025-2021;source:REF-GRAMMAR-MANUAL-ADV;source:REF-GRAMMAR-MANUAL-ELEM;source:REF-GRAMMAR-MANUAL-INTER;source:REF-HUANG-LIAO-MODERN-CHINESE;source:REF-LU-TCSL-GRAMMAR
42,ASGD-2027-1571,c454b34dcf5ae781,时间/处所功能结构,时间状语候选,是目标语法点,是目标语法点,1,0.998684823513031,0,candidate:时间状语候选;family:时间/处所功能结构;rule:KG-RULE-V02-0030;rule:KG-RULE-V02-0031;rule:KG-RULE-V02-0032;source:REF-GF0025-2021;source:REF-GRAMMAR-MANUAL-ADV;source:REF-GRAMMAR-MANUAL-ELEM;source:REF-GRAMMAR-MANUAL-INTER;source:REF-HUANG-LIAO-MODERN-CHINESE
42,ASGD-2027-1573,0d2a68934ac6effc,时间/处所功能结构,处所状语候选,是目标语法点,是目标语法点,1,0.9942248463630676,0,candidate:处所状语候选;family:时间/处所功能结构;rule:KG-RULE-V02-0039;rule:KG-RULE-V02-0040;rule:KG-RULE-V02-0041;source:REF-GF0025-2021;source:REF-GRAMMAR-MANUAL-ELEM;source:REF-GRAMMAR-MANUAL-INTER;source:REF-HUANG-LIAO-MODERN-CHINESE
42,ASGD-2027-1577,54780077a0c5ebee,多谓词/论元结构,双宾/给予结构候选,不是目标语法点,是目标语法点,0,0.9222249388694763,0,candidate:双宾/给予结构候选;family:多谓词/论元结构
42,ASGD-2027-1583,ff64d2d11ab3d681,复句关联结构,如果候选,是目标语法点,是目标语法点,1,0.9986005425453186,0,candidate:如果候选;family:复句关联结构
42,ASGD-2027-1586,c630b48c19b431ee,复句关联结构,如果...就候选,是目标语法点,是目标语法点,1,0.9986121654510498,0,candidate:如果...就候选;family:复句关联结构
42,ASGD-2027-1591,05558f1243bc822b,补语结构,数量/时量补语候选,是目标语法点,是目标语法点,1,0.9985002279281616,0,candidate:数量/时量补语候选;family:补语结构
42,ASGD-2027-1592,ecf99d73d52ad0a6,比较构式,没有比较候选,不是目标语法点,不是目标语法点,1,0.9987446069717407,0,candidate:没有比较候选;family:比较构式;rule:KG-RULE-V02-0059;rule:KG-RULE-V02-0060;rule:KG-RULE-V02-0061;source:REF-GF0025-2021;source:REF-GRAMMAR-MANUAL-ADV;source:REF-GRAMMAR-MANUAL-ELEM;source:REF-GRAMMAR-MANUAL-INTER;source:REF-LIU-PRACTICAL-GRAMMAR
42,ASGD-2027-1594,3ce570b426ebae7c,复句关联结构,如果候选,是目标语法点,是目标语法点,1,0.9985920786857605,0,candidate:如果候选;family:复句关联结构
42,ASGD-2027-1596,6540235b31162ec2,处置/受事重组构式,把字句候选,是目标语法点,是目标语法点,1,0.9986316561698914,0,candidate:把字句候选;family:处置/受事重组构式;rule:KG-RULE-V02-0001;rule:KG-RULE-V02-0002;rule:KG-RULE-V02-0003;source:REF-GF0025-2021;source:REF-GRAMMAR-MANUAL-ELEM;source:REF-GRAMMAR-MANUAL-INTER;source:REF-LIU-PRACTICAL-GRAMMAR;source:REF-LU-TCSL-GRAMMAR
42,ASGD-2027-1603,40ebccb0edb906a1,时间/处所功能结构,时间状语候选,是目标语法点,是目标语法点,1,0.9986674785614014,0,candidate:时间状语候选;family:时间/处所功能结构;rule:KG-RULE-V02-0030;rule:KG-RULE-V02-0031;rule:KG-RULE-V02-0032;source:REF-GF0025-2021;source:REF-GRAMMAR-MANUAL-ADV;source:REF-GRAMMAR-MANUAL-ELEM;source:REF-GRAMMAR-MANUAL-INTER;source:REF-HUANG-LIAO-MODERN-CHINESE
42,ASGD-2027-1606,00bec1a4d823a005,复句关联结构,但是候选,是目标语法点,是目标语法点,1,0.998408854007721,0,candidate:但是候选;family:复句关联结构
42,ASGD-2027-1609,5ac11eb457ede6d0,时间/处所功能结构,时间状语候选,是目标语法点,是目标语法点,1,0.9986931681632996,0,candidate:时间状语候选;family:时间/处所功能结构;rule:KG-RULE-V02-0030;rule:KG-RULE-V02-0031;rule:KG-RULE-V02-0032;source:REF-GF0025-2021;source:REF-GRAMMAR-MANUAL-ADV;source:REF-GRAMMAR-MANUAL-ELEM;source:REF-GRAMMAR-MANUAL-INTER;source:REF-HUANG-LIAO-MODERN-CHINESE
42,ASGD-2027-1610,1909355541b6d3d6,介词/框架结构,对字介词框架候选,不是目标语法点,不是目标语法点,1,0.9963042736053467,0,candidate:对字介词框架候选;family:介词/框架结构;rule:KG-RULE-V02-0115;rule:KG-RULE-V02-0116;rule:KG-RULE-V02-0117;source:REF-GF0025-2021;source:REF-GRAMMAR-MANUAL-ADV;source:REF-GRAMMAR-MANUAL-ELEM;source:REF-GRAMMAR-MANUAL-INTER;source:REF-HUANG-LIAO-MODERN-CHINESE;source:REF-LU-TCSL-GRAMMAR
42,ASGD-2027-1613,f30cf774ebb6f83a,多谓词/论元结构,连动结构候选,是目标语法点,是目标语法点,1,0.998357355594635,0,candidate:连动结构候选;family:多谓词/论元结构
42,ASGD-2027-1620,05ff59806f100173,介词/框架结构,在字介词框架候选,是目标语法点,是目标语法点,1,0.9985349178314209,0,candidate:在字介词框架候选;family:介词/框架结构;rule:KG-RULE-V02-0099;rule:KG-RULE-V02-0100;rule:KG-RULE-V02-0101;source:REF-GF0025-2021;source:REF-GRAMMAR-MANUAL-ADV;source:REF-GRAMMAR-MANUAL-ELEM;source:REF-GRAMMAR-MANUAL-INTER;source:REF-HUANG-LIAO-MODERN-CHINESE;source:REF-LU-TCSL-GRAMMAR
42,ASGD-2027-1632,a80df35309344edc,补语结构,趋向补语候选,是目标语法点,是目标语法点,1,0.9983479976654053,0,candidate:趋向补语候选;family:补语结构
42,ASGD-2027-1633,29410ec47ce3d9a4,补语结构,得字补语候选,是目标语法点,是目标语法点,1,0.9777031540870667,0,candidate:得字补语候选;family:补语结构;rule:KG-RULE-V02-0047;rule:KG-RULE-V02-0049;source:REF-GF0025-2021;source:REF-GRAMMAR-MANUAL-ADV;source:REF-GRAMMAR-MANUAL-ELEM;source:REF-GRAMMAR-MANUAL-INTER;source:REF-HUANG-LIAO-MODERN-CHINESE;source:REF-LIU-PRACTICAL-GRAMMAR
42,ASGD-2027-1637,4a04493a76164810,介词/框架结构,在字介词框架候选,是目标语法点,是目标语法点,1,0.998455286026001,0,candidate:在字介词框架候选;family:介词/框架结构;rule:KG-RULE-V02-0099;rule:KG-RULE-V02-0100;rule:KG-RULE-V02-0101;source:REF-GF0025-2021;source:REF-GRAMMAR-MANUAL-ADV;source:REF-GRAMMAR-MANUAL-ELEM;source:REF-GRAMMAR-MANUAL-INTER;source:REF-HUANG-LIAO-MODERN-CHINESE;source:REF-LU-TCSL-GRAMMAR
42,ASGD-2027-1639,a241bf75da91b2e8,补语结构,结果补语候选,是目标语法点,是目标语法点,1,0.9983733892440796,0,candidate:结果补语候选;family:补语结构
42,ASGD-2027-1641,19cbc9e7cc047b25,时间/处所功能结构,处所状语候选,是目标语法点,是目标语法点,1,0.9975461363792419,0,candidate:处所状语候选;family:时间/处所功能结构;rule:KG-RULE-V02-0039;rule:KG-RULE-V02-0040;rule:KG-RULE-V02-0041;source:REF-GF0025-2021;source:REF-GRAMMAR-MANUAL-ELEM;source:REF-GRAMMAR-MANUAL-INTER;source:REF-HUANG-LIAO-MODERN-CHINESE
42,ASGD-2027-1642,3c97e688142dddd3,处置/受事重组构式,把字句候选,是目标语法点,是目标语法点,1,0.9985419511795044,0,candidate:把字句候选;family:处置/受事重组构式;rule:KG-RULE-V02-0001;rule:KG-RULE-V02-0002;rule:KG-RULE-V02-0003;source:REF-GF0025-2021;source:REF-GRAMMAR-MANUAL-ELEM;source:REF-GRAMMAR-MANUAL-INTER;source:REF-LIU-PRACTICAL-GRAMMAR;source:REF-LU-TCSL-GRAMMAR
42,ASGD-2027-1652,dc7eab6e8a3ffd7d,介词/框架结构,在字介词框架候选,是目标语法点,是目标语法点,1,0.9984148740768433,0,candidate:在字介词框架候选;family:介词/框架结构;rule:KG-RULE-V02-0099;rule:KG-RULE-V02-0100;rule:KG-RULE-V02-0101;source:REF-GF0025-2021;source:REF-GRAMMAR-MANUAL-ADV;source:REF-GRAMMAR-MANUAL-ELEM;source:REF-GRAMMAR-MANUAL-INTER;source:REF-HUANG-LIAO-MODERN-CHINESE;source:REF-LU-TCSL-GRAMMAR
42,ASGD-2027-1655,1b58478fe11d0ea4,处置/受事重组构式,把字句候选,是目标语法点,是目标语法点,1,0.99863201379776,0,candidate:把字句候选;family:处置/受事重组构式;rule:KG-RULE-V02-0001;rule:KG-RULE-V02-0002;rule:KG-RULE-V02-0003;source:REF-GF0025-2021;source:REF-GRAMMAR-MANUAL-ELEM;source:REF-GRAMMAR-MANUAL-INTER;source:REF-LIU-PRACTICAL-GRAMMAR;source:REF-LU-TCSL-GRAMMAR
42,ASGD-2027-1657,8f3450776dda8c4d,被动/受事凸显构式,被字句候选,是目标语法点,是目标语法点,1,0.9984585046768188,0,candidate:被字句候选;family:被动/受事凸显构式;rule:KG-RULE-V02-0022;rule:KG-RULE-V02-0024;source:REF-GF0025-2021;source:REF-GRAMMAR-MANUAL-ADV;source:REF-GRAMMAR-MANUAL-ELEM;source:REF-GRAMMAR-MANUAL-INTER;source:REF-LIU-PRACTICAL-GRAMMAR;source:REF-LU-TCSL-GRAMMAR
42,ASGD-2027-1659,1b5d54196f7f1548,比较构式,比字比较候选,是目标语法点,是目标语法点,1,0.998117208480835,0,candidate:比字比较候选;family:比较构式;rule:KG-RULE-V02-0053;rule:KG-RULE-V02-0054;source:REF-GF0025-2021;source:REF-GRAMMAR-MANUAL-ADV;source:REF-GRAMMAR-MANUAL-ELEM;source:REF-GRAMMAR-MANUAL-INTER;source:REF-LIU-PRACTICAL-GRAMMAR
42,ASGD-2027-1668,c6740bc263504eba,处置/受事重组构式,把字句候选,是目标语法点,是目标语法点,1,0.9986149072647095,0,candidate:把字句候选;family:处置/受事重组构式;rule:KG-RULE-V02-0001;rule:KG-RULE-V02-0002;rule:KG-RULE-V02-0003;source:REF-GF0025-2021;source:REF-GRAMMAR-MANUAL-ELEM;source:REF-GRAMMAR-MANUAL-INTER;source:REF-LIU-PRACTICAL-GRAMMAR;source:REF-LU-TCSL-GRAMMAR
42,ASGD-2027-1671,c11a6496e6f8438a,时间/处所功能结构,处所状语候选,是目标语法点,是目标语法点,1,0.9980048537254333,0,candidate:处所状语候选;family:时间/处所功能结构;rule:KG-RULE-V02-0039;rule:KG-RULE-V02-0040;rule:KG-RULE-V02-0041;source:REF-GF0025-2021;source:REF-GRAMMAR-MANUAL-ELEM;source:REF-GRAMMAR-MANUAL-INTER;source:REF-HUANG-LIAO-MODERN-CHINESE
42,ASGD-2027-1681,c801dfc373eb5854,时间/处所功能结构,处所状语候选,是目标语法点,是目标语法点,1,0.9976911544799805,0,candidate:处所状语候选;family:时间/处所功能结构;rule:KG-RULE-V02-0039;rule:KG-RULE-V02-0040;rule:KG-RULE-V02-0041;source:REF-GF0025-2021;source:REF-GRAMMAR-MANUAL-ELEM;source:REF-GRAMMAR-MANUAL-INTER;source:REF-HUANG-LIAO-MODERN-CHINESE
42,ASGD-2027-1683,914eeccd9a7f3ea2,复句关联结构,因为候选,是目标语法点,是目标语法点,1,0.9985787868499756,0,candidate:因为候选;family:复句关联结构
42,ASGD-2027-1685,26887a737686d614,复句关联结构,不但...而且候选,是目标语法点,是目标语法点,1,0.9986403584480286,0,candidate:不但...而且候选;family:复句关联结构
42,ASGD-2027-1686,d09b4ce1796f4c60,补语结构,得字补语候选,是目标语法点,是目标语法点,1,0.9973312616348267,0,candidate:得字补语候选;family:补语结构;rule:KG-RULE-V02-0047;rule:KG-RULE-V02-0049;source:REF-GF0025-2021;source:REF-GRAMMAR-MANUAL-ADV;source:REF-GRAMMAR-MANUAL-ELEM;source:REF-GRAMMAR-MANUAL-INTER;source:REF-HUANG-LIAO-MODERN-CHINESE;source:REF-LIU-PRACTICAL-GRAMMAR
42,ASGD-2027-1688,3d1057086e11b0ae,多谓词/论元结构,双宾/给予结构候选,是目标语法点,是目标语法点,1,0.9983269572257996,0,candidate:双宾/给予结构候选;family:多谓词/论元结构
42,ASGD-2027-1696,9fe850b80b014787,补语结构,数量/时量补语候选,是目标语法点,是目标语法点,1,0.9984604120254517,0,candidate:数量/时量补语候选;family:补语结构
42,ASGD-2027-1704,b62764a34d693fec,介词/框架结构,在字介词框架候选,是目标语法点,是目标语法点,1,0.9984228610992432,0,candidate:在字介词框架候选;family:介词/框架结构;rule:KG-RULE-V02-0099;rule:KG-RULE-V02-0100;rule:KG-RULE-V02-0101;source:REF-GF0025-2021;source:REF-GRAMMAR-MANUAL-ADV;source:REF-GRAMMAR-MANUAL-ELEM;source:REF-GRAMMAR-MANUAL-INTER;source:REF-HUANG-LIAO-MODERN-CHINESE;source:REF-LU-TCSL-GRAMMAR
42,ASGD-2027-1718,5b5cd3f24fca8337,介词/框架结构,给/为/关于等介词框架候选,是目标语法点,是目标语法点,1,0.9985983967781067,0,candidate:给/为/关于等介词框架候选;family:介词/框架结构;rule:KG-RULE-V02-0135;rule:KG-RULE-V02-0136;rule:KG-RULE-V02-0137;source:REF-GF0025-2021;source:REF-GRAMMAR-MANUAL-ADV;source:REF-GRAMMAR-MANUAL-ELEM;source:REF-GRAMMAR-MANUAL-INTER;source:REF-HUANG-LIAO-MODERN-CHINESE;source:REF-LU-TCSL-GRAMMAR
42,ASGD-2027-1720,44731d972d83baff,比较构式,越...越候选,是目标语法点,是目标语法点,1,0.9983766078948975,0,candidate:越...越候选;family:比较构式;rule:KG-RULE-V02-0069;rule:KG-RULE-V02-0070;rule:KG-RULE-V02-0071;source:REF-GF0025-2021;source:REF-GRAMMAR-MANUAL-ADV;source:REF-GRAMMAR-MANUAL-ELEM;source:REF-GRAMMAR-MANUAL-INTER;source:REF-LIU-PRACTICAL-GRAMMAR
42,ASGD-2027-1729,e42b59fb356cdcc6,介词/框架结构,在字介词框架候选,是目标语法点,是目标语法点,1,0.9985507130622864,0,candidate:在字介词框架候选;family:介词/框架结构;rule:KG-RULE-V02-0099;rule:KG-RULE-V02-0100;rule:KG-RULE-V02-0101;source:REF-GF0025-2021;source:REF-GRAMMAR-MANUAL-ADV;source:REF-GRAMMAR-MANUAL-ELEM;source:REF-GRAMMAR-MANUAL-INTER;source:REF-HUANG-LIAO-MODERN-CHINESE;source:REF-LU-TCSL-GRAMMAR
42,ASGD-2027-1731,caf9d58747bb91e9,时间/处所功能结构,时间状语候选,是目标语法点,是目标语法点,1,0.9986263513565063,0,candidate:时间状语候选;family:时间/处所功能结构;rule:KG-RULE-V02-0033;source:REF-GF0025-2021;source:REF-GRAMMAR-MANUAL-ADV;source:REF-GRAMMAR-MANUAL-ELEM;source:REF-GRAMMAR-MANUAL-INTER;source:REF-HUANG-LIAO-MODERN-CHINESE
42,ASGD-2027-1735,a241bf75da91b2e8,复句关联结构,只要候选,是目标语法点,是目标语法点,1,0.9986978769302368,0,candidate:只要候选;family:复句关联结构
42,ASGD-2027-1739,e0a32eb09541f5f4,补语结构,数量/时量补语候选,是目标语法点,是目标语法点,1,0.9984866380691528,0,candidate:数量/时量补语候选;family:补语结构
42,ASGD-2027-1744,bf0766531d072570,处置/受事重组构式,把字句候选,是目标语法点,是目标语法点,1,0.9986398816108704,0,candidate:把字句候选;family:处置/受事重组构式;rule:KG-RULE-V02-0001;rule:KG-RULE-V02-0002;rule:KG-RULE-V02-0003;source:REF-GF0025-2021;source:REF-GRAMMAR-MANUAL-ELEM;source:REF-GRAMMAR-MANUAL-INTER;source:REF-LIU-PRACTICAL-GRAMMAR;source:REF-LU-TCSL-GRAMMAR
42,ASGD-2027-1748,9b27605300a897db,补语结构,结果补语候选,是目标语法点,是目标语法点,1,0.9969987869262695,0,candidate:结果补语候选;family:补语结构
42,ASGD-2027-1753,b5f9a30457cac12c,时间/处所功能结构,处所状语候选,不是目标语法点,不是目标语法点,1,0.9830990433692932,0,candidate:处所状语候选;family:时间/处所功能结构;rule:KG-RULE-V02-0042;source:REF-GF0025-2021;source:REF-GRAMMAR-MANUAL-ELEM;source:REF-GRAMMAR-MANUAL-INTER;source:REF-HUANG-LIAO-MODERN-CHINESE
42,ASGD-2027-1759,fddb9e33ef0e6626,介词/框架结构,向/往/朝介词框架候选,是目标语法点,是目标语法点,1,0.9982874989509583,0,candidate:向/往/朝介词框架候选;family:介词/框架结构;rule:KG-RULE-V02-0125;rule:KG-RULE-V02-0126;rule:KG-RULE-V02-0127;source:REF-GF0025-2021;source:REF-GRAMMAR-MANUAL-ADV;source:REF-GRAMMAR-MANUAL-ELEM;source:REF-GRAMMAR-MANUAL-INTER;source:REF-HUANG-LIAO-MODERN-CHINESE;source:REF-LU-TCSL-GRAMMAR
42,ASGD-2027-1768,04506c4ff8063fd6,处置/受事重组构式,把字句候选,是目标语法点,是目标语法点,1,0.997490644454956,1,candidate:把字句候选;family:处置/受事重组构式;rule:KG-RULE-V02-0001;rule:KG-RULE-V02-0002;rule:KG-RULE-V02-0003;rule:KG-RULE-V02-0007;source:REF-GF0025-2021;source:REF-GRAMMAR-MANUAL-ELEM;source:REF-GRAMMAR-MANUAL-INTER;source:REF-LIU-PRACTICAL-GRAMMAR;source:REF-LU-TCSL-GRAMMAR
42,ASGD-2027-1772,5ec0d6206e2bc3ae,多谓词/论元结构,双宾/给予结构候选,是目标语法点,是目标语法点,1,0.9979063272476196,0,candidate:双宾/给予结构候选;family:多谓词/论元结构
42,ASGD-2027-1786,4d45e706873fdd14,介词/框架结构,从字介词框架候选,是目标语法点,是目标语法点,1,0.9067508578300476,0,candidate:从字介词框架候选;family:介词/框架结构;rule:KG-RULE-V02-0109;rule:KG-RULE-V02-0110;source:REF-GF0025-2021;source:REF-GRAMMAR-MANUAL-ADV;source:REF-GRAMMAR-MANUAL-ELEM;source:REF-GRAMMAR-MANUAL-INTER;source:REF-HUANG-LIAO-MODERN-CHINESE;source:REF-LU-TCSL-GRAMMAR
42,ASGD-2027-1794,19cbc9e7cc047b25,时间/处所功能结构,处所状语候选,是目标语法点,是目标语法点,1,0.997282862663269,0,candidate:处所状语候选;family:时间/处所功能结构;rule:KG-RULE-V02-0039;rule:KG-RULE-V02-0040;rule:KG-RULE-V02-0041;source:REF-GF0025-2021;source:REF-GRAMMAR-MANUAL-ELEM;source:REF-GRAMMAR-MANUAL-INTER;source:REF-HUANG-LIAO-MODERN-CHINESE
42,ASGD-2027-1800,9ba2c323199c25dd,介词/框架结构,在字介词框架候选,是目标语法点,是目标语法点,1,0.9982615113258362,0,candidate:在字介词框架候选;family:介词/框架结构;rule:KG-RULE-V02-0099;rule:KG-RULE-V02-0100;rule:KG-RULE-V02-0101;source:REF-GF0025-2021;source:REF-GRAMMAR-MANUAL-ADV;source:REF-GRAMMAR-MANUAL-ELEM;source:REF-GRAMMAR-MANUAL-INTER;source:REF-HUANG-LIAO-MODERN-CHINESE;source:REF-LU-TCSL-GRAMMAR
42,ASGD-2027-1802,4858d7940e44bdfb,处置/受事重组构式,把字句候选,是目标语法点,是目标语法点,1,0.9986487030982971,0,candidate:把字句候选;family:处置/受事重组构式;rule:KG-RULE-V02-0001;rule:KG-RULE-V02-0002;rule:KG-RULE-V02-0003;source:REF-GF0025-2021;source:REF-GRAMMAR-MANUAL-ELEM;source:REF-GRAMMAR-MANUAL-INTER;source:REF-LIU-PRACTICAL-GRAMMAR;source:REF-LU-TCSL-GRAMMAR
42,ASGD-2027-1809,509deec12f0cb4f3,处置/受事重组构式,把字句候选,是目标语法点,是目标语法点,1,0.998562753200531,0,candidate:把字句候选;family:处置/受事重组构式;rule:KG-RULE-V02-0001;rule:KG-RULE-V02-0002;rule:KG-RULE-V02-0003;source:REF-GF0025-2021;source:REF-GRAMMAR-MANUAL-ELEM;source:REF-GRAMMAR-MANUAL-INTER;source:REF-LIU-PRACTICAL-GRAMMAR;source:REF-LU-TCSL-GRAMMAR
42,ASGD-2027-1811,b776b1ae191eab00,复句关联结构,如果...就候选,是目标语法点,是目标语法点,1,0.9984801411628723,0,candidate:如果...就候选;family:复句关联结构
42,ASGD-2027-1814,79dfc09a3f68b757,多谓词/论元结构,双宾/给予结构候选,不是目标语法点,不是目标语法点,1,0.9962091445922852,0,candidate:双宾/给予结构候选;family:多谓词/论元结构
42,ASGD-2027-1819,cbbcda833bacf70d,补语结构,趋向补语候选,是目标语法点,是目标语法点,1,0.9984937906265259,0,candidate:趋向补语候选;family:补语结构
42,ASGD-2027-1827,2783a23769b8d88a,比较构式,比字比较候选,不是目标语法点,不是目标语法点,1,0.9975977540016174,1,candidate:比字比较候选;family:比较构式;rule:KG-RULE-V02-0053;rule:KG-RULE-V02-0054;rule:KG-RULE-V02-0056;source:REF-GF0025-2021;source:REF-GRAMMAR-MANUAL-ADV;source:REF-GRAMMAR-MANUAL-ELEM;source:REF-GRAMMAR-MANUAL-INTER;source:REF-LIU-PRACTICAL-GRAMMAR
42,ASGD-2027-1829,eae11e8d96eff386,补语结构,数量/时量补语候选,是目标语法点,是目标语法点,1,0.9985668063163757,0,candidate:数量/时量补语候选;family:补语结构
42,ASGD-2027-1846,af7972389be80d4b,比较构式,比字比较候选,是目标语法点,是目标语法点,1,0.9980319142341614,0,candidate:比字比较候选;family:比较构式;rule:KG-RULE-V02-0053;rule:KG-RULE-V02-0054;source:REF-GF0025-2021;source:REF-GRAMMAR-MANUAL-ADV;source:REF-GRAMMAR-MANUAL-ELEM;source:REF-GRAMMAR-MANUAL-INTER;source:REF-LIU-PRACTICAL-GRAMMAR
42,ASGD-2027-1863,7f21cbc3f2ae65b0,处置/受事重组构式,把字句候选,是目标语法点,是目标语法点,1,0.9985547661781311,0,candidate:把字句候选;family:处置/受事重组构式;rule:KG-RULE-V02-0001;rule:KG-RULE-V02-0002;rule:KG-RULE-V02-0003;source:REF-GF0025-2021;source:REF-GRAMMAR-MANUAL-ELEM;source:REF-GRAMMAR-MANUAL-INTER;source:REF-LIU-PRACTICAL-GRAMMAR;source:REF-LU-TCSL-GRAMMAR
42,ASGD-2027-1877,ddbd33ca05555a5f,介词/框架结构,给/为/关于等介词框架候选,是目标语法点,是目标语法点,1,0.9986024498939514,0,candidate:给/为/关于等介词框架候选;family:介词/框架结构;rule:KG-RULE-V02-0135;rule:KG-RULE-V02-0136;rule:KG-RULE-V02-0137;source:REF-GF0025-2021;source:REF-GRAMMAR-MANUAL-ADV;source:REF-GRAMMAR-MANUAL-ELEM;source:REF-GRAMMAR-MANUAL-INTER;source:REF-HUANG-LIAO-MODERN-CHINESE;source:REF-LU-TCSL-GRAMMAR
42,ASGD-2027-1888,734afa7b96fe739d,补语结构,得字补语候选,是目标语法点,是目标语法点,1,0.9982563853263855,0,candidate:得字补语候选;family:补语结构;rule:KG-RULE-V02-0047;rule:KG-RULE-V02-0049;source:REF-GF0025-2021;source:REF-GRAMMAR-MANUAL-ADV;source:REF-GRAMMAR-MANUAL-ELEM;source:REF-GRAMMAR-MANUAL-INTER;source:REF-HUANG-LIAO-MODERN-CHINESE;source:REF-LIU-PRACTICAL-GRAMMAR
42,ASGD-2027-1893,84bd269e416d263f,补语结构,得字补语候选,是目标语法点,是目标语法点,1,0.9983459711074829,0,candidate:得字补语候选;family:补语结构;rule:KG-RULE-V02-0047;rule:KG-RULE-V02-0049;source:REF-GF0025-2021;source:REF-GRAMMAR-MANUAL-ADV;source:REF-GRAMMAR-MANUAL-ELEM;source:REF-GRAMMAR-MANUAL-INTER;source:REF-HUANG-LIAO-MODERN-CHINESE;source:REF-LIU-PRACTICAL-GRAMMAR
42,ASGD-2027-1895,914eeccd9a7f3ea2,介词/框架结构,给/为/关于等介词框架候选,是目标语法点,是目标语法点,1,0.9984877109527588,0,candidate:给/为/关于等介词框架候选;family:介词/框架结构;rule:KG-RULE-V02-0135;rule:KG-RULE-V02-0136;rule:KG-RULE-V02-0137;source:REF-GF0025-2021;source:REF-GRAMMAR-MANUAL-ADV;source:REF-GRAMMAR-MANUAL-ELEM;source:REF-GRAMMAR-MANUAL-INTER;source:REF-HUANG-LIAO-MODERN-CHINESE;source:REF-LU-TCSL-GRAMMAR
42,ASGD-2027-1896,27ff80995b124c6f,补语结构,数量/时量补语候选,是目标语法点,是目标语法点,1,0.9983313679695129,0,candidate:数量/时量补语候选;family:补语结构
42,ASGD-2027-1900,22096d9ecc4680a6,时间/处所功能结构,处所状语候选,不是目标语法点,不是目标语法点,1,0.6854737997055054,0,candidate:处所状语候选;family:时间/处所功能结构;rule:KG-RULE-V02-0042;source:REF-GF0025-2021;source:REF-GRAMMAR-MANUAL-ELEM;source:REF-GRAMMAR-MANUAL-INTER;source:REF-HUANG-LIAO-MODERN-CHINESE
42,ASGD-2027-1904,feecf19836771d28,复句关联结构,所以候选,是目标语法点,是目标语法点,1,0.9958392381668091,0,candidate:所以候选;family:复句关联结构
42,ASGD-2027-1905,1ec4a69b3e8c6f58,比较构式,没有比较候选,不是目标语法点,不是目标语法点,1,0.9987136125564575,0,candidate:没有比较候选;family:比较构式;rule:KG-RULE-V02-0059;rule:KG-RULE-V02-0060;rule:KG-RULE-V02-0061;source:REF-GF0025-2021;source:REF-GRAMMAR-MANUAL-ADV;source:REF-GRAMMAR-MANUAL-ELEM;source:REF-GRAMMAR-MANUAL-INTER;source:REF-LIU-PRACTICAL-GRAMMAR
42,ASGD-2027-1908,bd195e0945fceab4,多谓词/论元结构,连动结构候选,是目标语法点,是目标语法点,1,0.9984458088874817,0,candidate:连动结构候选;family:多谓词/论元结构
42,ASGD-2027-1912,73bc4c8c1835b887,时间/处所功能结构,时间状语候选,是目标语法点,是目标语法点,1,0.998727023601532,0,candidate:时间状语候选;family:时间/处所功能结构;rule:KG-RULE-V02-0030;rule:KG-RULE-V02-0031;rule:KG-RULE-V02-0032;source:REF-GF0025-2021;source:REF-GRAMMAR-MANUAL-ADV;source:REF-GRAMMAR-MANUAL-ELEM;source:REF-GRAMMAR-MANUAL-INTER;source:REF-HUANG-LIAO-MODERN-CHINESE
42,ASGD-2027-1921,7d1de52055710424,多谓词/论元结构,双宾/给予结构候选,不是目标语法点,不是目标语法点,1,0.9971250891685486,0,candidate:双宾/给予结构候选;family:多谓词/论元结构
42,ASGD-2027-1926,cd5478ae8393d4c5,时间/处所功能结构,时间状语候选,是目标语法点,是目标语法点,1,0.998746395111084,0,candidate:时间状语候选;family:时间/处所功能结构;rule:KG-RULE-V02-0030;rule:KG-RULE-V02-0031;rule:KG-RULE-V02-0032;source:REF-GF0025-2021;source:REF-GRAMMAR-MANUAL-ADV;source:REF-GRAMMAR-MANUAL-ELEM;source:REF-GRAMMAR-MANUAL-INTER;source:REF-HUANG-LIAO-MODERN-CHINESE
42,ASGD-2027-1937,6f6ebace2e81d3ff,处置/受事重组构式,把字句候选,是目标语法点,是目标语法点,1,0.9986562728881836,0,candidate:把字句候选;family:处置/受事重组构式;rule:KG-RULE-V02-0001;rule:KG-RULE-V02-0002;rule:KG-RULE-V02-0003;source:REF-GF0025-2021;source:REF-GRAMMAR-MANUAL-ELEM;source:REF-GRAMMAR-MANUAL-INTER;source:REF-LIU-PRACTICAL-GRAMMAR;source:REF-LU-TCSL-GRAMMAR
42,ASGD-2027-1957,3f033da58d24ac99,时间/处所功能结构,时间状语候选,是目标语法点,是目标语法点,1,0.9986491799354553,0,candidate:时间状语候选;family:时间/处所功能结构;rule:KG-RULE-V02-0030;rule:KG-RULE-V02-0031;rule:KG-RULE-V02-0032;source:REF-GF0025-2021;source:REF-GRAMMAR-MANUAL-ADV;source:REF-GRAMMAR-MANUAL-ELEM;source:REF-GRAMMAR-MANUAL-INTER;source:REF-HUANG-LIAO-MODERN-CHINESE
42,ASGD-2027-1963,c5e13f26fc5ba844,时间/处所功能结构,时间状语候选,是目标语法点,是目标语法点,1,0.9987275004386902,0,candidate:时间状语候选;family:时间/处所功能结构;rule:KG-RULE-V02-0030;rule:KG-RULE-V02-0031;rule:KG-RULE-V02-0032;source:REF-GF0025-2021;source:REF-GRAMMAR-MANUAL-ADV;source:REF-GRAMMAR-MANUAL-ELEM;source:REF-GRAMMAR-MANUAL-INTER;source:REF-HUANG-LIAO-MODERN-CHINESE
42,ASGD-2027-1964,f8efc0b806e9b9cb,补语结构,得字补语候选,是目标语法点,是目标语法点,1,0.998062789440155,0,candidate:得字补语候选;family:补语结构;rule:KG-RULE-V02-0047;rule:KG-RULE-V02-0049;source:REF-GF0025-2021;source:REF-GRAMMAR-MANUAL-ADV;source:REF-GRAMMAR-MANUAL-ELEM;source:REF-GRAMMAR-MANUAL-INTER;source:REF-HUANG-LIAO-MODERN-CHINESE;source:REF-LIU-PRACTICAL-GRAMMAR
42,ASGD-2027-1970,905c2fae0c036605,多谓词/论元结构,连动结构候选,是目标语法点,是目标语法点,1,0.9983165264129639,0,candidate:连动结构候选;family:多谓词/论元结构
42,ASGD-2027-1974,dfbbfa9c8fb72614,时间/处所功能结构,时间状语候选,是目标语法点,是目标语法点,1,0.9986889958381653,0,candidate:时间状语候选;family:时间/处所功能结构;rule:KG-RULE-V02-0033;source:REF-GF0025-2021;source:REF-GRAMMAR-MANUAL-ADV;source:REF-GRAMMAR-MANUAL-ELEM;source:REF-GRAMMAR-MANUAL-INTER;source:REF-HUANG-LIAO-MODERN-CHINESE
42,ASGD-2027-1977,9b6f74b0ee6c4d1e,处置/受事重组构式,把字句候选,是目标语法点,是目标语法点,1,0.9985631108283997,0,candidate:把字句候选;family:处置/受事重组构式;rule:KG-RULE-V02-0001;rule:KG-RULE-V02-0002;rule:KG-RULE-V02-0003;source:REF-GF0025-2021;source:REF-GRAMMAR-MANUAL-ELEM;source:REF-GRAMMAR-MANUAL-INTER;source:REF-LIU-PRACTICAL-GRAMMAR;source:REF-LU-TCSL-GRAMMAR
42,ASGD-2027-1980,bb8f006930183e3f,补语结构,数量/时量补语候选,是目标语法点,是目标语法点,1,0.9984127283096313,0,candidate:数量/时量补语候选;family:补语结构
42,ASGD-2027-1983,f8678e508c48815b,补语结构,数量/时量补语候选,是目标语法点,是目标语法点,1,0.9985994696617126,0,candidate:数量/时量补语候选;family:补语结构
42,ASGD-2027-1986,e4e09d382214ccf2,复句关联结构,如果候选,是目标语法点,是目标语法点,1,0.9984833598136902,0,candidate:如果候选;family:复句关联结构
42,ASGD-2027-1990,19500608b53f7b4e,介词/框架结构,从字介词框架候选,是目标语法点,是目标语法点,1,0.9981787204742432,0,candidate:从字介词框架候选;family:介词/框架结构;rule:KG-RULE-V02-0109;rule:KG-RULE-V02-0110;source:REF-GF0025-2021;source:REF-GRAMMAR-MANUAL-ADV;source:REF-GRAMMAR-MANUAL-ELEM;source:REF-GRAMMAR-MANUAL-INTER;source:REF-HUANG-LIAO-MODERN-CHINESE;source:REF-LU-TCSL-GRAMMAR
42,ASGD-2027-1996,75952d16b675ddaa,时间/处所功能结构,处所状语候选,不是目标语法点,不是目标语法点,1,0.9977697134017944,0,candidate:处所状语候选;family:时间/处所功能结构;rule:KG-RULE-V02-0039;rule:KG-RULE-V02-0040;rule:KG-RULE-V02-0041;source:REF-GF0025-2021;source:REF-GRAMMAR-MANUAL-ELEM;source:REF-GRAMMAR-MANUAL-INTER;source:REF-HUANG-LIAO-MODERN-CHINESE
42,ASGD-2027-2007,81571c40b14e79bc,处置/受事重组构式,把字句候选,是目标语法点,是目标语法点,1,0.984260618686676,0,candidate:把字句候选;family:处置/受事重组构式;rule:KG-RULE-V02-0001;rule:KG-RULE-V02-0002;rule:KG-RULE-V02-0003;source:REF-GF0025-2021;source:REF-GRAMMAR-MANUAL-ELEM;source:REF-GRAMMAR-MANUAL-INTER;source:REF-LIU-PRACTICAL-GRAMMAR;source:REF-LU-TCSL-GRAMMAR
42,ASGD-2027-2009,7b951cbf9613b6a6,时间/处所功能结构,时间状语候选,是目标语法点,是目标语法点,1,0.9986276626586914,0,candidate:时间状语候选;family:时间/处所功能结构;rule:KG-RULE-V02-0030;rule:KG-RULE-V02-0031;rule:KG-RULE-V02-0032;source:REF-GF0025-2021;source:REF-GRAMMAR-MANUAL-ADV;source:REF-GRAMMAR-MANUAL-ELEM;source:REF-GRAMMAR-MANUAL-INTER;source:REF-HUANG-LIAO-MODERN-CHINESE
42,ASGD-2027-2011,37d7608da59f7e70,处置/受事重组构式,将字处置候选,是目标语法点,是目标语法点,1,0.9985313415527344,0,candidate:将字处置候选;family:处置/受事重组构式;rule:KG-RULE-V02-0012;rule:KG-RULE-V02-0013;source:REF-GF0025-2021;source:REF-GRAMMAR-MANUAL-ELEM;source:REF-GRAMMAR-MANUAL-INTER;source:REF-LIU-PRACTICAL-GRAMMAR;source:REF-LU-TCSL-GRAMMAR
42,ASGD-2027-2029,1381dd07bd6062e4,处置/受事重组构式,把字句候选,是目标语法点,是目标语法点,1,0.9985657334327698,0,candidate:把字句候选;family:处置/受事重组构式;rule:KG-RULE-V02-0001;rule:KG-RULE-V02-0002;rule:KG-RULE-V02-0003;source:REF-GF0025-2021;source:REF-GRAMMAR-MANUAL-ELEM;source:REF-GRAMMAR-MANUAL-INTER;source:REF-LIU-PRACTICAL-GRAMMAR;source:REF-LU-TCSL-GRAMMAR
42,ASGD-2027-2033,ddbd33ca05555a5f,多谓词/论元结构,双宾/给予结构候选,是目标语法点,是目标语法点,1,0.9983949065208435,0,candidate:双宾/给予结构候选;family:多谓词/论元结构
42,ASGD-2027-2040,89b61f90fb0ba001,时间/处所功能结构,处所状语候选,是目标语法点,是目标语法点,1,0.9972013235092163,0,candidate:处所状语候选;family:时间/处所功能结构;rule:KG-RULE-V02-0039;rule:KG-RULE-V02-0040;rule:KG-RULE-V02-0041;source:REF-GF0025-2021;source:REF-GRAMMAR-MANUAL-ELEM;source:REF-GRAMMAR-MANUAL-INTER;source:REF-HUANG-LIAO-MODERN-CHINESE
42,ASGD-2027-2042,3f9b3b7990ebd186,介词/框架结构,对字介词框架候选,是目标语法点,是目标语法点,1,0.9985536932945251,0,candidate:对字介词框架候选;family:介词/框架结构;rule:KG-RULE-V02-0115;rule:KG-RULE-V02-0116;rule:KG-RULE-V02-0117;source:REF-GF0025-2021;source:REF-GRAMMAR-MANUAL-ADV;source:REF-GRAMMAR-MANUAL-ELEM;source:REF-GRAMMAR-MANUAL-INTER;source:REF-HUANG-LIAO-MODERN-CHINESE;source:REF-LU-TCSL-GRAMMAR
42,ASGD-2027-2047,518bbd63cbd5a9cf,介词/框架结构,给/为/关于等介词框架候选,是目标语法点,是目标语法点,1,0.9985207915306091,0,candidate:给/为/关于等介词框架候选;family:介词/框架结构;rule:KG-RULE-V02-0135;rule:KG-RULE-V02-0136;rule:KG-RULE-V02-0137;source:REF-GF0025-2021;source:REF-GRAMMAR-MANUAL-ADV;source:REF-GRAMMAR-MANUAL-ELEM;source:REF-GRAMMAR-MANUAL-INTER;source:REF-HUANG-LIAO-MODERN-CHINESE;source:REF-LU-TCSL-GRAMMAR
42,ASGD-2027-2050,e59ab0df60821677,处置/受事重组构式,把字句候选,是目标语法点,是目标语法点,1,0.9986342787742615,0,candidate:把字句候选;family:处置/受事重组构式;rule:KG-RULE-V02-0001;rule:KG-RULE-V02-0002;rule:KG-RULE-V02-0003;source:REF-GF0025-2021;source:REF-GRAMMAR-MANUAL-ELEM;source:REF-GRAMMAR-MANUAL-INTER;source:REF-LIU-PRACTICAL-GRAMMAR;source:REF-LU-TCSL-GRAMMAR
42,ASGD-2027-2052,29081bb1b44380bc,时间/处所功能结构,处所状语候选,不是目标语法点,是目标语法点,0,0.8274184465408325,0,candidate:处所状语候选;family:时间/处所功能结构;rule:KG-RULE-V02-0042;source:REF-GF0025-2021;source:REF-GRAMMAR-MANUAL-ELEM;source:REF-GRAMMAR-MANUAL-INTER;source:REF-HUANG-LIAO-MODERN-CHINESE
42,ASGD-2027-2066,fa2d862bd5b4cfae,比较构式,比字比较候选,不是目标语法点,不是目标语法点,1,0.9951326251029968,1,candidate:比字比较候选;family:比较构式;rule:KG-RULE-V02-0053;rule:KG-RULE-V02-0054;rule:KG-RULE-V02-0056;source:REF-GF0025-2021;source:REF-GRAMMAR-MANUAL-ADV;source:REF-GRAMMAR-MANUAL-ELEM;source:REF-GRAMMAR-MANUAL-INTER;source:REF-LIU-PRACTICAL-GRAMMAR
42,ASGD-2027-2071,77db01e42d2e6533,介词/框架结构,向/往/朝介词框架候选,是目标语法点,是目标语法点,1,0.9984573125839233,0,candidate:向/往/朝介词框架候选;family:介词/框架结构;rule:KG-RULE-V02-0125;rule:KG-RULE-V02-0126;rule:KG-RULE-V02-0127;source:REF-GF0025-2021;source:REF-GRAMMAR-MANUAL-ADV;source:REF-GRAMMAR-MANUAL-ELEM;source:REF-GRAMMAR-MANUAL-INTER;source:REF-HUANG-LIAO-MODERN-CHINESE;source:REF-LU-TCSL-GRAMMAR
42,ASGD-2027-2073,3edb3a97cdd8751e,多谓词/论元结构,双宾/给予结构候选,是目标语法点,是目标语法点,1,0.9982126951217651,0,candidate:双宾/给予结构候选;family:多谓词/论元结构
42,ASGD-2027-2085,8760870dfca47577,补语结构,结果补语候选,是目标语法点,是目标语法点,1,0.9860463738441467,0,candidate:结果补语候选;family:补语结构
42,ASGD-2027-2089,a999c9df6ca6103a,比较构式,比字比较候选,是目标语法点,是目标语法点,1,0.9982582926750183,0,candidate:比字比较候选;family:比较构式;rule:KG-RULE-V02-0053;rule:KG-RULE-V02-0054;source:REF-GF0025-2021;source:REF-GRAMMAR-MANUAL-ADV;source:REF-GRAMMAR-MANUAL-ELEM;source:REF-GRAMMAR-MANUAL-INTER;source:REF-LIU-PRACTICAL-GRAMMAR
42,ASGD-2027-2092,92a5e70bfb0876d1,复句关联结构,只要候选,是目标语法点,是目标语法点,1,0.9986030459403992,0,candidate:只要候选;family:复句关联结构
42,ASGD-2027-2095,f8969696e369f45a,介词/框架结构,在字介词框架候选,是目标语法点,是目标语法点,1,0.9980560541152954,0,candidate:在字介词框架候选;family:介词/框架结构;rule:KG-RULE-V02-0099;rule:KG-RULE-V02-0100;rule:KG-RULE-V02-0101;source:REF-GF0025-2021;source:REF-GRAMMAR-MANUAL-ADV;source:REF-GRAMMAR-MANUAL-ELEM;source:REF-GRAMMAR-MANUAL-INTER;source:REF-HUANG-LIAO-MODERN-CHINESE;source:REF-LU-TCSL-GRAMMAR
42,ASGD-2027-2096,45ae562c957e86f9,处置/受事重组构式,把字句候选,是目标语法点,是目标语法点,1,0.9984707236289978,0,candidate:把字句候选;family:处置/受事重组构式;rule:KG-RULE-V02-0001;rule:KG-RULE-V02-0002;rule:KG-RULE-V02-0003;source:REF-GF0025-2021;source:REF-GRAMMAR-MANUAL-ELEM;source:REF-GRAMMAR-MANUAL-INTER;source:REF-LIU-PRACTICAL-GRAMMAR;source:REF-LU-TCSL-GRAMMAR
42,ASGD-2027-2097,1e726edd21282e7a,时间/处所功能结构,处所状语候选,是目标语法点,不是目标语法点,0,0.9841947555541992,0,candidate:处所状语候选;family:时间/处所功能结构;rule:KG-RULE-V02-0042;source:REF-GF0025-2021;source:REF-GRAMMAR-MANUAL-ELEM;source:REF-GRAMMAR-MANUAL-INTER;source:REF-HUANG-LIAO-MODERN-CHINESE
42,ASGD-2027-2102,6b799f990679a600,介词/框架结构,在字介词框架候选,是目标语法点,是目标语法点,1,0.9986153841018677,0,candidate:在字介词框架候选;family:介词/框架结构;rule:KG-RULE-V02-0099;rule:KG-RULE-V02-0100;rule:KG-RULE-V02-0101;source:REF-GF0025-2021;source:REF-GRAMMAR-MANUAL-ADV;source:REF-GRAMMAR-MANUAL-ELEM;source:REF-GRAMMAR-MANUAL-INTER;source:REF-HUANG-LIAO-MODERN-CHINESE;source:REF-LU-TCSL-GRAMMAR
42,ASGD-2027-2117,130d59bc917351fa,复句关联结构,一边...一边候选,是目标语法点,是目标语法点,1,0.9985029697418213,0,candidate:一边...一边候选;family:复句关联结构
42,ASGD-2027-2119,9bc9bc4773825bd4,多谓词/论元结构,连动结构候选,是目标语法点,是目标语法点,1,0.9981470108032227,0,candidate:连动结构候选;family:多谓词/论元结构
42,ASGD-2027-2121,086d810fef9c6741,处置/受事重组构式,把字句候选,是目标语法点,是目标语法点,1,0.9986571073532104,0,candidate:把字句候选;family:处置/受事重组构式;rule:KG-RULE-V02-0001;rule:KG-RULE-V02-0002;rule:KG-RULE-V02-0003;source:REF-GF0025-2021;source:REF-GRAMMAR-MANUAL-ELEM;source:REF-GRAMMAR-MANUAL-INTER;source:REF-LIU-PRACTICAL-GRAMMAR;source:REF-LU-TCSL-GRAMMAR
42,ASGD-2027-2122,6fa4e1c979cb9d99,多谓词/论元结构,双宾/给予结构候选,不是目标语法点,不是目标语法点,1,0.5701429843902588,0,candidate:双宾/给予结构候选;family:多谓词/论元结构
42,ASGD-2027-2133,01aefd030c6561b1,时间/处所功能结构,时间状语候选,是目标语法点,是目标语法点,1,0.9986269474029541,0,candidate:时间状语候选;family:时间/处所功能结构;rule:KG-RULE-V02-0030;rule:KG-RULE-V02-0031;rule:KG-RULE-V02-0032;source:REF-GF0025-2021;source:REF-GRAMMAR-MANUAL-ADV;source:REF-GRAMMAR-MANUAL-ELEM;source:REF-GRAMMAR-MANUAL-INTER;source:REF-HUANG-LIAO-MODERN-CHINESE
42,ASGD-2027-2134,6dd8a493564ee5ad,补语结构,数量/时量补语候选,是目标语法点,是目标语法点,1,0.9985358715057373,0,candidate:数量/时量补语候选;family:补语结构
42,ASGD-2027-2135,6cec4e5877115f29,时间/处所功能结构,时间状语候选,是目标语法点,是目标语法点,1,0.9986228942871094,0,candidate:时间状语候选;family:时间/处所功能结构;rule:KG-RULE-V02-0030;rule:KG-RULE-V02-0031;rule:KG-RULE-V02-0032;source:REF-GF0025-2021;source:REF-GRAMMAR-MANUAL-ADV;source:REF-GRAMMAR-MANUAL-ELEM;source:REF-GRAMMAR-MANUAL-INTER;source:REF-HUANG-LIAO-MODERN-CHINESE
42,ASGD-2027-2136,77385dc246bb4190,补语结构,数量/时量补语候选,是目标语法点,是目标语法点,1,0.998582124710083,0,candidate:数量/时量补语候选;family:补语结构
42,ASGD-2027-2142,4f1151ff3ca29d37,被动/受事凸显构式,被字句候选,是目标语法点,是目标语法点,1,0.9984306693077087,0,candidate:被字句候选;family:被动/受事凸显构式;rule:KG-RULE-V02-0022;rule:KG-RULE-V02-0024;source:REF-GF0025-2021;source:REF-GRAMMAR-MANUAL-ADV;source:REF-GRAMMAR-MANUAL-ELEM;source:REF-GRAMMAR-MANUAL-INTER;source:REF-LIU-PRACTICAL-GRAMMAR;source:REF-LU-TCSL-GRAMMAR
42,ASGD-2027-2143,a21bdd127e85acf5,介词/框架结构,给/为/关于等介词框架候选,是目标语法点,是目标语法点,1,0.9984275102615356,0,candidate:给/为/关于等介词框架候选;family:介词/框架结构;rule:KG-RULE-V02-0135;rule:KG-RULE-V02-0136;rule:KG-RULE-V02-0137;source:REF-GF0025-2021;source:REF-GRAMMAR-MANUAL-ADV;source:REF-GRAMMAR-MANUAL-ELEM;source:REF-GRAMMAR-MANUAL-INTER;source:REF-HUANG-LIAO-MODERN-CHINESE;source:REF-LU-TCSL-GRAMMAR
42,ASGD-2027-2147,45c0ecb2b58089c2,时间/处所功能结构,时间状语候选,是目标语法点,是目标语法点,1,0.9987066984176636,0,candidate:时间状语候选;family:时间/处所功能结构;rule:KG-RULE-V02-0033;source:REF-GF0025-2021;source:REF-GRAMMAR-MANUAL-ADV;source:REF-GRAMMAR-MANUAL-ELEM;source:REF-GRAMMAR-MANUAL-INTER;source:REF-HUANG-LIAO-MODERN-CHINESE
42,ASGD-2027-2148,8a05a79dc8404d0e,时间/处所功能结构,时间状语候选,是目标语法点,是目标语法点,1,0.9987409710884094,0,candidate:时间状语候选;family:时间/处所功能结构;rule:KG-RULE-V02-0030;rule:KG-RULE-V02-0031;rule:KG-RULE-V02-0032;source:REF-GF0025-2021;source:REF-GRAMMAR-MANUAL-ADV;source:REF-GRAMMAR-MANUAL-ELEM;source:REF-GRAMMAR-MANUAL-INTER;source:REF-HUANG-LIAO-MODERN-CHINESE
42,ASGD-2027-2150,38241a241413df6f,介词/框架结构,给/为/关于等介词框架候选,是目标语法点,是目标语法点,1,0.9985197186470032,0,candidate:给/为/关于等介词框架候选;family:介词/框架结构;rule:KG-RULE-V02-0135;rule:KG-RULE-V02-0136;rule:KG-RULE-V02-0137;source:REF-GF0025-2021;source:REF-GRAMMAR-MANUAL-ADV;source:REF-GRAMMAR-MANUAL-ELEM;source:REF-GRAMMAR-MANUAL-INTER;source:REF-HUANG-LIAO-MODERN-CHINESE;source:REF-LU-TCSL-GRAMMAR
42,ASGD-2027-2152,315d5ec6ad4199bc,介词/框架结构,向/往/朝介词框架候选,是目标语法点,是目标语法点,1,0.9981606602668762,0,candidate:向/往/朝介词框架候选;family:介词/框架结构;rule:KG-RULE-V02-0125;rule:KG-RULE-V02-0126;rule:KG-RULE-V02-0127;source:REF-GF0025-2021;source:REF-GRAMMAR-MANUAL-ADV;source:REF-GRAMMAR-MANUAL-ELEM;source:REF-GRAMMAR-MANUAL-INTER;source:REF-HUANG-LIAO-MODERN-CHINESE;source:REF-LU-TCSL-GRAMMAR
42,ASGD-2027-2154,444c80d1b025c90f,复句关联结构,所以候选,是目标语法点,是目标语法点,1,0.9985619187355042,0,candidate:所以候选;family:复句关联结构
42,ASGD-2027-2160,65e16f9bb3752941,处置/受事重组构式,把字句候选,是目标语法点,是目标语法点,1,0.9986793398857117,0,candidate:把字句候选;family:处置/受事重组构式;rule:KG-RULE-V02-0001;rule:KG-RULE-V02-0002;rule:KG-RULE-V02-0003;source:REF-GF0025-2021;source:REF-GRAMMAR-MANUAL-ELEM;source:REF-GRAMMAR-MANUAL-INTER;source:REF-LIU-PRACTICAL-GRAMMAR;source:REF-LU-TCSL-GRAMMAR
42,ASGD-2027-2162,83a9b641642d332a,时间/处所功能结构,时间状语候选,是目标语法点,是目标语法点,1,0.9987315535545349,0,candidate:时间状语候选;family:时间/处所功能结构;rule:KG-RULE-V02-0030;rule:KG-RULE-V02-0031;rule:KG-RULE-V02-0032;source:REF-GF0025-2021;source:REF-GRAMMAR-MANUAL-ADV;source:REF-GRAMMAR-MANUAL-ELEM;source:REF-GRAMMAR-MANUAL-INTER;source:REF-HUANG-LIAO-MODERN-CHINESE
42,ASGD-2027-2164,1449b277c79278c7,时间/处所功能结构,时间状语候选,是目标语法点,是目标语法点,1,0.9986629486083984,0,candidate:时间状语候选;family:时间/处所功能结构;rule:KG-RULE-V02-0030;rule:KG-RULE-V02-0031;rule:KG-RULE-V02-0032;source:REF-GF0025-2021;source:REF-GRAMMAR-MANUAL-ADV;source:REF-GRAMMAR-MANUAL-ELEM;source:REF-GRAMMAR-MANUAL-INTER;source:REF-HUANG-LIAO-MODERN-CHINESE
42,ASGD-2027-2180,2bc4be19b44ccaa3,时间/处所功能结构,时间状语候选,是目标语法点,是目标语法点,1,0.9986879229545593,0,candidate:时间状语候选;family:时间/处所功能结构;rule:KG-RULE-V02-0030;rule:KG-RULE-V02-0031;rule:KG-RULE-V02-0032;source:REF-GF0025-2021;source:REF-GRAMMAR-MANUAL-ADV;source:REF-GRAMMAR-MANUAL-ELEM;source:REF-GRAMMAR-MANUAL-INTER;source:REF-HUANG-LIAO-MODERN-CHINESE
42,ASGD-2027-2181,4047fb361f148a75,复句关联结构,因为候选,是目标语法点,是目标语法点,1,0.9984225034713745,0,candidate:因为候选;family:复句关联结构
42,ASGD-2027-2187,a0de6b12b30730b1,时间/处所功能结构,时间状语候选,是目标语法点,是目标语法点,1,0.9986658096313477,0,candidate:时间状语候选;family:时间/处所功能结构;rule:KG-RULE-V02-0030;rule:KG-RULE-V02-0031;rule:KG-RULE-V02-0032;source:REF-GF0025-2021;source:REF-GRAMMAR-MANUAL-ADV;source:REF-GRAMMAR-MANUAL-ELEM;source:REF-GRAMMAR-MANUAL-INTER;source:REF-HUANG-LIAO-MODERN-CHINESE
42,ASGD-2027-2194,3423d22d7ea30a1a,复句关联结构,如果...就候选,是目标语法点,是目标语法点,1,0.9984631538391113,0,candidate:如果...就候选;family:复句关联结构
42,ASGD-2027-2199,b5a1630b8c342c14,补语结构,数量/时量补语候选,是目标语法点,是目标语法点,1,0.998565137386322,0,candidate:数量/时量补语候选;family:补语结构
42,ASGD-2027-2206,40f1322876405b7d,处置/受事重组构式,把字句候选,是目标语法点,是目标语法点,1,0.9986346364021301,0,candidate:把字句候选;family:处置/受事重组构式;rule:KG-RULE-V02-0001;rule:KG-RULE-V02-0002;rule:KG-RULE-V02-0003;source:REF-GF0025-2021;source:REF-GRAMMAR-MANUAL-ELEM;source:REF-GRAMMAR-MANUAL-INTER;source:REF-LIU-PRACTICAL-GRAMMAR;source:REF-LU-TCSL-GRAMMAR
42,ASGD-2027-2209,47076a67c72b5fc4,时间/处所功能结构,时间状语候选,是目标语法点,是目标语法点,1,0.998734176158905,0,candidate:时间状语候选;family:时间/处所功能结构;rule:KG-RULE-V02-0030;rule:KG-RULE-V02-0031;rule:KG-RULE-V02-0032;source:REF-GF0025-2021;source:REF-GRAMMAR-MANUAL-ADV;source:REF-GRAMMAR-MANUAL-ELEM;source:REF-GRAMMAR-MANUAL-INTER;source:REF-HUANG-LIAO-MODERN-CHINESE
42,ASGD-2027-2221,d317705bf94de6ef,补语结构,趋向补语候选,是目标语法点,是目标语法点,1,0.9983737468719482,0,candidate:趋向补语候选;family:补语结构
42,ASGD-2027-2223,e184267b50f00d24,时间/处所功能结构,时间状语候选,是目标语法点,是目标语法点,1,0.9985987544059753,0,candidate:时间状语候选;family:时间/处所功能结构;rule:KG-RULE-V02-0030;rule:KG-RULE-V02-0031;rule:KG-RULE-V02-0032;source:REF-GF0025-2021;source:REF-GRAMMAR-MANUAL-ADV;source:REF-GRAMMAR-MANUAL-ELEM;source:REF-GRAMMAR-MANUAL-INTER;source:REF-HUANG-LIAO-MODERN-CHINESE
42,ASGD-2027-2229,ff1b0b55a85e9ddf,时间/处所功能结构,处所状语候选,不是目标语法点,不是目标语法点,1,0.8182374238967896,0,candidate:处所状语候选;family:时间/处所功能结构;rule:KG-RULE-V02-0039;rule:KG-RULE-V02-0040;rule:KG-RULE-V02-0041;source:REF-GF0025-2021;source:REF-GRAMMAR-MANUAL-ELEM;source:REF-GRAMMAR-MANUAL-INTER;source:REF-HUANG-LIAO-MODERN-CHINESE
42,ASGD-2027-2248,2875904424ecb971,处置/受事重组构式,把字句候选,是目标语法点,是目标语法点,1,0.9985665678977966,0,candidate:把字句候选;family:处置/受事重组构式;rule:KG-RULE-V02-0001;rule:KG-RULE-V02-0002;rule:KG-RULE-V02-0003;source:REF-GF0025-2021;source:REF-GRAMMAR-MANUAL-ELEM;source:REF-GRAMMAR-MANUAL-INTER;source:REF-LIU-PRACTICAL-GRAMMAR;source:REF-LU-TCSL-GRAMMAR
42,ASGD-2027-2256,9b65427e9e9697b8,时间/处所功能结构,时间状语候选,是目标语法点,是目标语法点,1,0.9986552000045776,0,candidate:时间状语候选;family:时间/处所功能结构;rule:KG-RULE-V02-0033;source:REF-GF0025-2021;source:REF-GRAMMAR-MANUAL-ADV;source:REF-GRAMMAR-MANUAL-ELEM;source:REF-GRAMMAR-MANUAL-INTER;source:REF-HUANG-LIAO-MODERN-CHINESE
42,ASGD-2027-2260,3ca9f0588079a806,复句关联结构,只要候选,是目标语法点,是目标语法点,1,0.9985448122024536,0,candidate:只要候选;family:复句关联结构
42,ASGD-2027-2265,f72a5b402172fa09,介词/框架结构,向/往/朝介词框架候选,是目标语法点,是目标语法点,1,0.9982951283454895,0,candidate:向/往/朝介词框架候选;family:介词/框架结构;rule:KG-RULE-V02-0125;rule:KG-RULE-V02-0126;rule:KG-RULE-V02-0127;source:REF-GF0025-2021;source:REF-GRAMMAR-MANUAL-ADV;source:REF-GRAMMAR-MANUAL-ELEM;source:REF-GRAMMAR-MANUAL-INTER;source:REF-HUANG-LIAO-MODERN-CHINESE;source:REF-LU-TCSL-GRAMMAR
42,ASGD-2027-2274,b32fdeb194a1cd2e,补语结构,趋向补语候选,是目标语法点,是目标语法点,1,0.9984360337257385,0,candidate:趋向补语候选;family:补语结构
42,ASGD-2027-2277,88dfd3a0f63e1db1,时间/处所功能结构,处所状语候选,不是目标语法点,不是目标语法点,1,0.9952430129051208,0,candidate:处所状语候选;family:时间/处所功能结构;rule:KG-RULE-V02-0042;source:REF-GF0025-2021;source:REF-GRAMMAR-MANUAL-ELEM;source:REF-GRAMMAR-MANUAL-INTER;source:REF-HUANG-LIAO-MODERN-CHINESE
42,ASGD-2027-2281,94f009da3d8ebac4,介词/框架结构,从字介词框架候选,不是目标语法点,是目标语法点,0,0.9928978681564331,0,candidate:从字介词框架候选;family:介词/框架结构;rule:KG-RULE-V02-0109;rule:KG-RULE-V02-0110;source:REF-GF0025-2021;source:REF-GRAMMAR-MANUAL-ADV;source:REF-GRAMMAR-MANUAL-ELEM;source:REF-GRAMMAR-MANUAL-INTER;source:REF-HUANG-LIAO-MODERN-CHINESE;source:REF-LU-TCSL-GRAMMAR
42,ASGD-2027-2286,3c8a9e0e7e0d8fa9,介词/框架结构,从字介词框架候选,是目标语法点,是目标语法点,1,0.9983545541763306,0,candidate:从字介词框架候选;family:介词/框架结构;rule:KG-RULE-V02-0109;rule:KG-RULE-V02-0110;source:REF-GF0025-2021;source:REF-GRAMMAR-MANUAL-ADV;source:REF-GRAMMAR-MANUAL-ELEM;source:REF-GRAMMAR-MANUAL-INTER;source:REF-HUANG-LIAO-MODERN-CHINESE;source:REF-LU-TCSL-GRAMMAR
42,ASGD-2027-2293,f6a61509020854a3,介词/框架结构,给/为/关于等介词框架候选,是目标语法点,是目标语法点,1,0.9977781176567078,0,candidate:给/为/关于等介词框架候选;family:介词/框架结构;rule:KG-RULE-V02-0135;rule:KG-RULE-V02-0136;rule:KG-RULE-V02-0137;source:REF-GF0025-2021;source:REF-GRAMMAR-MANUAL-ADV;source:REF-GRAMMAR-MANUAL-ELEM;source:REF-GRAMMAR-MANUAL-INTER;source:REF-HUANG-LIAO-MODERN-CHINESE;source:REF-LU-TCSL-GRAMMAR
42,ASGD-2027-2301,c42b562b667b3fb2,处置/受事重组构式,把字句候选,是目标语法点,是目标语法点,1,0.9986222982406616,0,candidate:把字句候选;family:处置/受事重组构式;rule:KG-RULE-V02-0001;rule:KG-RULE-V02-0002;rule:KG-RULE-V02-0003;source:REF-GF0025-2021;source:REF-GRAMMAR-MANUAL-ELEM;source:REF-GRAMMAR-MANUAL-INTER;source:REF-LIU-PRACTICAL-GRAMMAR;source:REF-LU-TCSL-GRAMMAR
42,ASGD-2027-2303,391ba7c6c07b122c,补语结构,趋向补语候选,是目标语法点,是目标语法点,1,0.99835205078125,0,candidate:趋向补语候选;family:补语结构
42,ASGD-2027-2305,9898501068ba2b30,补语结构,得字补语候选,是目标语法点,是目标语法点,1,0.9519673585891724,0,candidate:得字补语候选;family:补语结构;rule:KG-RULE-V02-0047;rule:KG-RULE-V02-0049;source:REF-GF0025-2021;source:REF-GRAMMAR-MANUAL-ADV;source:REF-GRAMMAR-MANUAL-ELEM;source:REF-GRAMMAR-MANUAL-INTER;source:REF-HUANG-LIAO-MODERN-CHINESE;source:REF-LIU-PRACTICAL-GRAMMAR
42,ASGD-2027-2306,b8a9e7ce813c88e1,时间/处所功能结构,处所状语候选,不是目标语法点,不是目标语法点,1,0.9957591891288757,0,candidate:处所状语候选;family:时间/处所功能结构;rule:KG-RULE-V02-0042;source:REF-GF0025-2021;source:REF-GRAMMAR-MANUAL-ELEM;source:REF-GRAMMAR-MANUAL-INTER;source:REF-HUANG-LIAO-MODERN-CHINESE
42,ASGD-2027-2312,f3373e149635dfa4,介词/框架结构,在字介词框架候选,是目标语法点,是目标语法点,1,0.998392641544342,0,candidate:在字介词框架候选;family:介词/框架结构;rule:KG-RULE-V02-0099;rule:KG-RULE-V02-0100;rule:KG-RULE-V02-0101;source:REF-GF0025-2021;source:REF-GRAMMAR-MANUAL-ADV;source:REF-GRAMMAR-MANUAL-ELEM;source:REF-GRAMMAR-MANUAL-INTER;source:REF-HUANG-LIAO-MODERN-CHINESE;source:REF-LU-TCSL-GRAMMAR
42,ASGD-2027-2318,7f57c76fe256d82d,被动/受事凸显构式,被字句候选,是目标语法点,是目标语法点,1,0.9982410669326782,0,candidate:被字句候选;family:被动/受事凸显构式;rule:KG-RULE-V02-0022;rule:KG-RULE-V02-0024;source:REF-GF0025-2021;source:REF-GRAMMAR-MANUAL-ADV;source:REF-GRAMMAR-MANUAL-ELEM;source:REF-GRAMMAR-MANUAL-INTER;source:REF-LIU-PRACTICAL-GRAMMAR;source:REF-LU-TCSL-GRAMMAR
42,ASGD-2027-2319,24e8e7ceb0cd526f,处置/受事重组构式,把字句候选,是目标语法点,是目标语法点,1,0.9985907673835754,0,candidate:把字句候选;family:处置/受事重组构式;rule:KG-RULE-V02-0001;rule:KG-RULE-V02-0002;rule:KG-RULE-V02-0003;source:REF-GF0025-2021;source:REF-GRAMMAR-MANUAL-ELEM;source:REF-GRAMMAR-MANUAL-INTER;source:REF-LIU-PRACTICAL-GRAMMAR;source:REF-LU-TCSL-GRAMMAR
42,ASGD-2027-2323,7f9d5d4299b6e541,补语结构,数量/时量补语候选,是目标语法点,是目标语法点,1,0.998392641544342,0,candidate:数量/时量补语候选;family:补语结构
42,ASGD-2027-2327,ebda72ec248ea97c,介词/框架结构,向/往/朝介词框架候选,是目标语法点,是目标语法点,1,0.9983029365539551,0,candidate:向/往/朝介词框架候选;family:介词/框架结构;rule:KG-RULE-V02-0125;rule:KG-RULE-V02-0126;rule:KG-RULE-V02-0127;source:REF-GF0025-2021;source:REF-GRAMMAR-MANUAL-ADV;source:REF-GRAMMAR-MANUAL-ELEM;source:REF-GRAMMAR-MANUAL-INTER;source:REF-HUANG-LIAO-MODERN-CHINESE;source:REF-LU-TCSL-GRAMMAR
42,ASGD-2027-2329,0a876376dd180a4b,介词/框架结构,给/为/关于等介词框架候选,是目标语法点,是目标语法点,1,0.9984582662582397,0,candidate:给/为/关于等介词框架候选;family:介词/框架结构;rule:KG-RULE-V02-0135;rule:KG-RULE-V02-0136;rule:KG-RULE-V02-0137;source:REF-GF0025-2021;source:REF-GRAMMAR-MANUAL-ADV;source:REF-GRAMMAR-MANUAL-ELEM;source:REF-GRAMMAR-MANUAL-INTER;source:REF-HUANG-LIAO-MODERN-CHINESE;source:REF-LU-TCSL-GRAMMAR
42,ASGD-2027-2336,35967bc759ddf71f,补语结构,得字补语候选,是目标语法点,是目标语法点,1,0.9961696267127991,0,candidate:得字补语候选;family:补语结构;rule:KG-RULE-V02-0047;rule:KG-RULE-V02-0048;source:REF-GF0025-2021;source:REF-GRAMMAR-MANUAL-ADV;source:REF-GRAMMAR-MANUAL-ELEM;source:REF-GRAMMAR-MANUAL-INTER;source:REF-HUANG-LIAO-MODERN-CHINESE;source:REF-LIU-PRACTICAL-GRAMMAR
42,ASGD-2027-2339,1ef188c693290129,处置/受事重组构式,把字句候选,是目标语法点,是目标语法点,1,0.9985458850860596,0,candidate:把字句候选;family:处置/受事重组构式;rule:KG-RULE-V02-0001;rule:KG-RULE-V02-0002;rule:KG-RULE-V02-0003;source:REF-GF0025-2021;source:REF-GRAMMAR-MANUAL-ELEM;source:REF-GRAMMAR-MANUAL-INTER;source:REF-LIU-PRACTICAL-GRAMMAR;source:REF-LU-TCSL-GRAMMAR
42,ASGD-2027-2341,f797c28a3555b67a,比较构式,比字比较候选,不是目标语法点,不是目标语法点,1,0.9979808926582336,1,candidate:比字比较候选;family:比较构式;rule:KG-RULE-V02-0053;rule:KG-RULE-V02-0054;rule:KG-RULE-V02-0056;source:REF-GF0025-2021;source:REF-GRAMMAR-MANUAL-ADV;source:REF-GRAMMAR-MANUAL-ELEM;source:REF-GRAMMAR-MANUAL-INTER;source:REF-LIU-PRACTICAL-GRAMMAR
42,ASGD-2027-2348,feecf19836771d28,介词/框架结构,给/为/关于等介词框架候选,是目标语法点,是目标语法点,1,0.9976316690444946,0,candidate:给/为/关于等介词框架候选;family:介词/框架结构;rule:KG-RULE-V02-0135;rule:KG-RULE-V02-0136;rule:KG-RULE-V02-0137;source:REF-GF0025-2021;source:REF-GRAMMAR-MANUAL-ADV;source:REF-GRAMMAR-MANUAL-ELEM;source:REF-GRAMMAR-MANUAL-INTER;source:REF-HUANG-LIAO-MODERN-CHINESE;source:REF-LU-TCSL-GRAMMAR
42,ASGD-2027-2355,820bf94fcdcdcf30,时间/处所功能结构,处所状语候选,是目标语法点,是目标语法点,1,0.9979593753814697,0,candidate:处所状语候选;family:时间/处所功能结构;rule:KG-RULE-V02-0039;rule:KG-RULE-V02-0040;rule:KG-RULE-V02-0041;source:REF-GF0025-2021;source:REF-GRAMMAR-MANUAL-ELEM;source:REF-GRAMMAR-MANUAL-INTER;source:REF-HUANG-LIAO-MODERN-CHINESE
42,ASGD-2027-2365,f1735e4eb04c2f46,补语结构,得字补语候选,不是目标语法点,是目标语法点,0,0.996523916721344,0,candidate:得字补语候选;family:补语结构;rule:KG-RULE-V02-0047;rule:KG-RULE-V02-0049;source:REF-GF0025-2021;source:REF-GRAMMAR-MANUAL-ADV;source:REF-GRAMMAR-MANUAL-ELEM;source:REF-GRAMMAR-MANUAL-INTER;source:REF-HUANG-LIAO-MODERN-CHINESE;source:REF-LIU-PRACTICAL-GRAMMAR
42,ASGD-2027-2367,c9632241deed644e,介词/框架结构,在字介词框架候选,是目标语法点,是目标语法点,1,0.9985476136207581,0,candidate:在字介词框架候选;family:介词/框架结构;rule:KG-RULE-V02-0099;rule:KG-RULE-V02-0100;rule:KG-RULE-V02-0101;source:REF-GF0025-2021;source:REF-GRAMMAR-MANUAL-ADV;source:REF-GRAMMAR-MANUAL-ELEM;source:REF-GRAMMAR-MANUAL-INTER;source:REF-HUANG-LIAO-MODERN-CHINESE;source:REF-LU-TCSL-GRAMMAR
42,ASGD-2027-2372,81571c40b14e79bc,被动/受事凸显构式,被字句候选,不是目标语法点,是目标语法点,0,0.9867867231369019,0,candidate:被字句候选;family:被动/受事凸显构式;rule:KG-RULE-V02-0022;rule:KG-RULE-V02-0024;source:REF-GF0025-2021;source:REF-GRAMMAR-MANUAL-ADV;source:REF-GRAMMAR-MANUAL-ELEM;source:REF-GRAMMAR-MANUAL-INTER;source:REF-LIU-PRACTICAL-GRAMMAR;source:REF-LU-TCSL-GRAMMAR
42,ASGD-2027-2379,7edb526b8ad0ccd5,介词/框架结构,给/为/关于等介词框架候选,是目标语法点,是目标语法点,1,0.9986340403556824,0,candidate:给/为/关于等介词框架候选;family:介词/框架结构;rule:KG-RULE-V02-0138;source:REF-GF0025-2021;source:REF-GRAMMAR-MANUAL-ADV;source:REF-GRAMMAR-MANUAL-ELEM;source:REF-GRAMMAR-MANUAL-INTER;source:REF-HUANG-LIAO-MODERN-CHINESE;source:REF-LU-TCSL-GRAMMAR
42,ASGD-2027-2390,96b3c0369b45d995,多谓词/论元结构,兼语结构候选,是目标语法点,是目标语法点,1,0.9979097247123718,0,candidate:兼语结构候选;family:多谓词/论元结构
42,ASGD-2027-2392,e0a32eb09541f5f4,时间/处所功能结构,时间状语候选,是目标语法点,是目标语法点,1,0.9985640645027161,0,candidate:时间状语候选;family:时间/处所功能结构;rule:KG-RULE-V02-0033;source:REF-GF0025-2021;source:REF-GRAMMAR-MANUAL-ADV;source:REF-GRAMMAR-MANUAL-ELEM;source:REF-GRAMMAR-MANUAL-INTER;source:REF-HUANG-LIAO-MODERN-CHINESE
42,ASGD-2027-2397,b1571ed3e1f637dd,时间/处所功能结构,处所状语候选,是目标语法点,是目标语法点,1,0.9969622492790222,0,candidate:处所状语候选;family:时间/处所功能结构;rule:KG-RULE-V02-0039;rule:KG-RULE-V02-0040;rule:KG-RULE-V02-0041;source:REF-GF0025-2021;source:REF-GRAMMAR-MANUAL-ELEM;source:REF-GRAMMAR-MANUAL-INTER;source:REF-HUANG-LIAO-MODERN-CHINESE
42,ASGD-2027-2403,8fde6cea40b88d35,比较构式,没有比较候选,不是目标语法点,不是目标语法点,1,0.9986030459403992,0,candidate:没有比较候选;family:比较构式;rule:KG-RULE-V02-0059;rule:KG-RULE-V02-0060;rule:KG-RULE-V02-0061;source:REF-GF0025-2021;source:REF-GRAMMAR-MANUAL-ADV;source:REF-GRAMMAR-MANUAL-ELEM;source:REF-GRAMMAR-MANUAL-INTER;source:REF-LIU-PRACTICAL-GRAMMAR
42,ASGD-2027-2404,c5d1d2b64d573bb8,多谓词/论元结构,双宾/给予结构候选,是目标语法点,是目标语法点,1,0.9908918738365173,0,candidate:双宾/给予结构候选;family:多谓词/论元结构
42,ASGD-2027-2410,4747c359746f1c4f,处置/受事重组构式,把字句候选,是目标语法点,是目标语法点,1,0.9985787868499756,0,candidate:把字句候选;family:处置/受事重组构式;rule:KG-RULE-V02-0001;rule:KG-RULE-V02-0002;rule:KG-RULE-V02-0003;source:REF-GF0025-2021;source:REF-GRAMMAR-MANUAL-ELEM;source:REF-GRAMMAR-MANUAL-INTER;source:REF-LIU-PRACTICAL-GRAMMAR;source:REF-LU-TCSL-GRAMMAR
42,ASGD-2027-2414,e5c169a8f03be9a8,补语结构,得字补语候选,是目标语法点,是目标语法点,1,0.9924911856651306,0,candidate:得字补语候选;family:补语结构;rule:KG-RULE-V02-0047;rule:KG-RULE-V02-0049;source:REF-GF0025-2021;source:REF-GRAMMAR-MANUAL-ADV;source:REF-GRAMMAR-MANUAL-ELEM;source:REF-GRAMMAR-MANUAL-INTER;source:REF-HUANG-LIAO-MODERN-CHINESE;source:REF-LIU-PRACTICAL-GRAMMAR
42,ASGD-2027-2415,0fc8a646210752c6,处置/受事重组构式,把字句候选,是目标语法点,是目标语法点,1,0.9986501336097717,0,candidate:把字句候选;family:处置/受事重组构式;rule:KG-RULE-V02-0001;rule:KG-RULE-V02-0002;rule:KG-RULE-V02-0003;source:REF-GF0025-2021;source:REF-GRAMMAR-MANUAL-ELEM;source:REF-GRAMMAR-MANUAL-INTER;source:REF-LIU-PRACTICAL-GRAMMAR;source:REF-LU-TCSL-GRAMMAR
42,ASGD-2027-2417,149797fcf9ac68f2,比较构式,没有比较候选,不是目标语法点,不是目标语法点,1,0.9987990856170654,0,candidate:没有比较候选;family:比较构式;rule:KG-RULE-V02-0059;rule:KG-RULE-V02-0060;rule:KG-RULE-V02-0061;source:REF-GF0025-2021;source:REF-GRAMMAR-MANUAL-ADV;source:REF-GRAMMAR-MANUAL-ELEM;source:REF-GRAMMAR-MANUAL-INTER;source:REF-LIU-PRACTICAL-GRAMMAR
42,ASGD-2027-2418,22096d9ecc4680a6,时间/处所功能结构,处所状语候选,是目标语法点,是目标语法点,1,0.9933371543884277,0,candidate:处所状语候选;family:时间/处所功能结构;rule:KG-RULE-V02-0042;source:REF-GF0025-2021;source:REF-GRAMMAR-MANUAL-ELEM;source:REF-GRAMMAR-MANUAL-INTER;source:REF-HUANG-LIAO-MODERN-CHINESE
42,ASGD-2027-2425,94274fef833525d5,补语结构,得字补语候选,不是目标语法点,不是目标语法点,1,0.953528642654419,0,candidate:得字补语候选;family:补语结构;rule:KG-RULE-V02-0047;rule:KG-RULE-V02-0049;source:REF-GF0025-2021;source:REF-GRAMMAR-MANUAL-ADV;source:REF-GRAMMAR-MANUAL-ELEM;source:REF-GRAMMAR-MANUAL-INTER;source:REF-HUANG-LIAO-MODERN-CHINESE;source:REF-LIU-PRACTICAL-GRAMMAR
42,ASGD-2027-2434,0d2a68934ac6effc,时间/处所功能结构,处所状语候选,不是目标语法点,不是目标语法点,1,0.9957159161567688,0,candidate:处所状语候选;family:时间/处所功能结构;rule:KG-RULE-V02-0039;rule:KG-RULE-V02-0040;rule:KG-RULE-V02-0041;source:REF-GF0025-2021;source:REF-GRAMMAR-MANUAL-ELEM;source:REF-GRAMMAR-MANUAL-INTER;source:REF-HUANG-LIAO-MODERN-CHINESE
42,ASGD-2027-2442,d2029e0b1e1be89c,介词/框架结构,给/为/关于等介词框架候选,是目标语法点,是目标语法点,1,0.9984014630317688,0,candidate:给/为/关于等介词框架候选;family:介词/框架结构;rule:KG-RULE-V02-0135;rule:KG-RULE-V02-0136;rule:KG-RULE-V02-0137;source:REF-GF0025-2021;source:REF-GRAMMAR-MANUAL-ADV;source:REF-GRAMMAR-MANUAL-ELEM;source:REF-GRAMMAR-MANUAL-INTER;source:REF-HUANG-LIAO-MODERN-CHINESE;source:REF-LU-TCSL-GRAMMAR
42,ASGD-2027-2445,5a47c8032263ec99,被动/受事凸显构式,被字句候选,是目标语法点,是目标语法点,1,0.9983946681022644,0,candidate:被字句候选;family:被动/受事凸显构式;rule:KG-RULE-V02-0022;rule:KG-RULE-V02-0024;source:REF-GF0025-2021;source:REF-GRAMMAR-MANUAL-ADV;source:REF-GRAMMAR-MANUAL-ELEM;source:REF-GRAMMAR-MANUAL-INTER;source:REF-LIU-PRACTICAL-GRAMMAR;source:REF-LU-TCSL-GRAMMAR
42,ASGD-2027-2447,1cdb73d5cd2f6674,时间/处所功能结构,时间状语候选,是目标语法点,是目标语法点,1,0.9986664056777954,0,candidate:时间状语候选;family:时间/处所功能结构;rule:KG-RULE-V02-0033;source:REF-GF0025-2021;source:REF-GRAMMAR-MANUAL-ADV;source:REF-GRAMMAR-MANUAL-ELEM;source:REF-GRAMMAR-MANUAL-INTER;source:REF-HUANG-LIAO-MODERN-CHINESE
42,ASGD-2027-2449,23396c97770e8fa5,介词/框架结构,给/为/关于等介词框架候选,是目标语法点,是目标语法点,1,0.9985131621360779,0,candidate:给/为/关于等介词框架候选;family:介词/框架结构;rule:KG-RULE-V02-0135;rule:KG-RULE-V02-0136;rule:KG-RULE-V02-0137;source:REF-GF0025-2021;source:REF-GRAMMAR-MANUAL-ADV;source:REF-GRAMMAR-MANUAL-ELEM;source:REF-GRAMMAR-MANUAL-INTER;source:REF-HUANG-LIAO-MODERN-CHINESE;source:REF-LU-TCSL-GRAMMAR
42,ASGD-2027-2450,b46bfc9e83b98a42,多谓词/论元结构,连动结构候选,是目标语法点,是目标语法点,1,0.9981655478477478,0,candidate:连动结构候选;family:多谓词/论元结构
42,ASGD-2027-2469,88270efaf1d7d955,时间/处所功能结构,时间状语候选,是目标语法点,是目标语法点,1,0.9986979961395264,0,candidate:时间状语候选;family:时间/处所功能结构;rule:KG-RULE-V02-0030;rule:KG-RULE-V02-0031;rule:KG-RULE-V02-0032;source:REF-GF0025-2021;source:REF-GRAMMAR-MANUAL-ADV;source:REF-GRAMMAR-MANUAL-ELEM;source:REF-GRAMMAR-MANUAL-INTER;source:REF-HUANG-LIAO-MODERN-CHINESE
42,ASGD-2027-2470,df3df266b0921126,处置/受事重组构式,把字句候选,是目标语法点,是目标语法点,1,0.9986127614974976,0,candidate:把字句候选;family:处置/受事重组构式;rule:KG-RULE-V02-0001;rule:KG-RULE-V02-0002;rule:KG-RULE-V02-0003;source:REF-GF0025-2021;source:REF-GRAMMAR-MANUAL-ELEM;source:REF-GRAMMAR-MANUAL-INTER;source:REF-LIU-PRACTICAL-GRAMMAR;source:REF-LU-TCSL-GRAMMAR
42,ASGD-2027-2474,8c9cde67673cd9ff,时间/处所功能结构,处所状语候选,是目标语法点,是目标语法点,1,0.9833779335021973,0,candidate:处所状语候选;family:时间/处所功能结构;rule:KG-RULE-V02-0039;rule:KG-RULE-V02-0040;rule:KG-RULE-V02-0041;source:REF-GF0025-2021;source:REF-GRAMMAR-MANUAL-ELEM;source:REF-GRAMMAR-MANUAL-INTER;source:REF-HUANG-LIAO-MODERN-CHINESE
42,ASGD-2027-2485,2bc4be19b44ccaa3,介词/框架结构,在字介词框架候选,是目标语法点,是目标语法点,1,0.9978312849998474,0,candidate:在字介词框架候选;family:介词/框架结构;rule:KG-RULE-V02-0099;rule:KG-RULE-V02-0100;rule:KG-RULE-V02-0101;source:REF-GF0025-2021;source:REF-GRAMMAR-MANUAL-ADV;source:REF-GRAMMAR-MANUAL-ELEM;source:REF-GRAMMAR-MANUAL-INTER;source:REF-HUANG-LIAO-MODERN-CHINESE;source:REF-LU-TCSL-GRAMMAR
42,ASGD-2027-2491,56748c1088eb9f42,补语结构,得字补语候选,不是目标语法点,是目标语法点,0,0.9264990091323853,0,candidate:得字补语候选;family:补语结构;rule:KG-RULE-V02-0047;rule:KG-RULE-V02-0049;source:REF-GF0025-2021;source:REF-GRAMMAR-MANUAL-ADV;source:REF-GRAMMAR-MANUAL-ELEM;source:REF-GRAMMAR-MANUAL-INTER;source:REF-HUANG-LIAO-MODERN-CHINESE;source:REF-LIU-PRACTICAL-GRAMMAR
42,ASGD-2027-2492,f8cee917380c72f3,介词/框架结构,给/为/关于等介词框架候选,是目标语法点,是目标语法点,1,0.9984461665153503,0,candidate:给/为/关于等介词框架候选;family:介词/框架结构;rule:KG-RULE-V02-0135;rule:KG-RULE-V02-0136;rule:KG-RULE-V02-0137;source:REF-GF0025-2021;source:REF-GRAMMAR-MANUAL-ADV;source:REF-GRAMMAR-MANUAL-ELEM;source:REF-GRAMMAR-MANUAL-INTER;source:REF-HUANG-LIAO-MODERN-CHINESE;source:REF-LU-TCSL-GRAMMAR
42,ASGD-2027-2493,642e8e00875c03c5,复句关联结构,不但...而且候选,是目标语法点,是目标语法点,1,0.9984564781188965,0,candidate:不但...而且候选;family:复句关联结构
42,ASGD-2027-2497,6c86f7ca41e14cdc,时间/处所功能结构,处所状语候选,是目标语法点,不是目标语法点,0,0.9973359704017639,0,candidate:处所状语候选;family:时间/处所功能结构;rule:KG-RULE-V02-0039;rule:KG-RULE-V02-0040;rule:KG-RULE-V02-0041;source:REF-GF0025-2021;source:REF-GRAMMAR-MANUAL-ELEM;source:REF-GRAMMAR-MANUAL-INTER;source:REF-HUANG-LIAO-MODERN-CHINESE
42,ASGD-2027-2514,1e93177f41acb9da,时间/处所功能结构,处所状语候选,不是目标语法点,是目标语法点,0,0.9930549263954163,0,candidate:处所状语候选;family:时间/处所功能结构;rule:KG-RULE-V02-0042;source:REF-GF0025-2021;source:REF-GRAMMAR-MANUAL-ELEM;source:REF-GRAMMAR-MANUAL-INTER;source:REF-HUANG-LIAO-MODERN-CHINESE
42,ASGD-2027-2519,820bf94fcdcdcf30,时间/处所功能结构,处所状语候选,不是目标语法点,是目标语法点,0,0.9427633285522461,0,candidate:处所状语候选;family:时间/处所功能结构;rule:KG-RULE-V02-0039;rule:KG-RULE-V02-0040;rule:KG-RULE-V02-0041;source:REF-GF0025-2021;source:REF-GRAMMAR-MANUAL-ELEM;source:REF-GRAMMAR-MANUAL-INTER;source:REF-HUANG-LIAO-MODERN-CHINESE
42,ASGD-2027-2525,d3c1ddfba370dbe8,处置/受事重组构式,把字句候选,是目标语法点,是目标语法点,1,0.9985931515693665,0,candidate:把字句候选;family:处置/受事重组构式;rule:KG-RULE-V02-0001;rule:KG-RULE-V02-0002;rule:KG-RULE-V02-0003;source:REF-GF0025-2021;source:REF-GRAMMAR-MANUAL-ELEM;source:REF-GRAMMAR-MANUAL-INTER;source:REF-LIU-PRACTICAL-GRAMMAR;source:REF-LU-TCSL-GRAMMAR
42,ASGD-2027-2526,45d2f0ce4f95d03e,时间/处所功能结构,时间状语候选,是目标语法点,是目标语法点,1,0.9987072944641113,0,candidate:时间状语候选;family:时间/处所功能结构;rule:KG-RULE-V02-0030;rule:KG-RULE-V02-0031;rule:KG-RULE-V02-0032;source:REF-GF0025-2021;source:REF-GRAMMAR-MANUAL-ADV;source:REF-GRAMMAR-MANUAL-ELEM;source:REF-GRAMMAR-MANUAL-INTER;source:REF-HUANG-LIAO-MODERN-CHINESE
42,ASGD-2027-2531,e61434f2c3a4c954,时间/处所功能结构,时间状语候选,是目标语法点,是目标语法点,1,0.9987092018127441,0,candidate:时间状语候选;family:时间/处所功能结构;rule:KG-RULE-V02-0033;source:REF-GF0025-2021;source:REF-GRAMMAR-MANUAL-ADV;source:REF-GRAMMAR-MANUAL-ELEM;source:REF-GRAMMAR-MANUAL-INTER;source:REF-HUANG-LIAO-MODERN-CHINESE
42,ASGD-2027-2533,2a2043d59671112b,多谓词/论元结构,连动结构候选,是目标语法点,是目标语法点,1,0.9984978437423706,0,candidate:连动结构候选;family:多谓词/论元结构
42,ASGD-2027-2536,e68390849ec27f41,比较构式,比字比较候选,不是目标语法点,不是目标语法点,1,0.9971278309822083,1,candidate:比字比较候选;family:比较构式;rule:KG-RULE-V02-0053;rule:KG-RULE-V02-0054;rule:KG-RULE-V02-0056;source:REF-GF0025-2021;source:REF-GRAMMAR-MANUAL-ADV;source:REF-GRAMMAR-MANUAL-ELEM;source:REF-GRAMMAR-MANUAL-INTER;source:REF-LIU-PRACTICAL-GRAMMAR
42,ASGD-2027-2537,bff76a2456dc14e5,复句关联结构,一边...一边候选,是目标语法点,是目标语法点,1,0.9985382556915283,0,candidate:一边...一边候选;family:复句关联结构
42,ASGD-2027-2539,c11a6496e6f8438a,时间/处所功能结构,处所状语候选,是目标语法点,是目标语法点,1,0.9881226420402527,0,candidate:处所状语候选;family:时间/处所功能结构;rule:KG-RULE-V02-0042;source:REF-GF0025-2021;source:REF-GRAMMAR-MANUAL-ELEM;source:REF-GRAMMAR-MANUAL-INTER;source:REF-HUANG-LIAO-MODERN-CHINESE
42,ASGD-2027-2540,5c434cd493263f25,介词/框架结构,在字介词框架候选,是目标语法点,是目标语法点,1,0.99819415807724,0,candidate:在字介词框架候选;family:介词/框架结构;rule:KG-RULE-V02-0099;rule:KG-RULE-V02-0100;rule:KG-RULE-V02-0101;source:REF-GF0025-2021;source:REF-GRAMMAR-MANUAL-ADV;source:REF-GRAMMAR-MANUAL-ELEM;source:REF-GRAMMAR-MANUAL-INTER;source:REF-HUANG-LIAO-MODERN-CHINESE;source:REF-LU-TCSL-GRAMMAR
42,ASGD-2027-2543,bb4214dc5c6b6bea,时间/处所功能结构,时间状语候选,是目标语法点,是目标语法点,1,0.9987151622772217,0,candidate:时间状语候选;family:时间/处所功能结构;rule:KG-RULE-V02-0030;rule:KG-RULE-V02-0031;rule:KG-RULE-V02-0032;source:REF-GF0025-2021;source:REF-GRAMMAR-MANUAL-ADV;source:REF-GRAMMAR-MANUAL-ELEM;source:REF-GRAMMAR-MANUAL-INTER;source:REF-HUANG-LIAO-MODERN-CHINESE
42,ASGD-2027-2548,6f70d44995a5e5f6,复句关联结构,即使候选,是目标语法点,是目标语法点,1,0.998607337474823,0,candidate:即使候选;family:复句关联结构
42,ASGD-2027-2550,96d20a51e61f9c00,被动/受事凸显构式,被字句候选,是目标语法点,是目标语法点,1,0.995029866695404,0,candidate:被字句候选;family:被动/受事凸显构式;rule:KG-RULE-V02-0022;rule:KG-RULE-V02-0024;source:REF-GF0025-2021;source:REF-GRAMMAR-MANUAL-ADV;source:REF-GRAMMAR-MANUAL-ELEM;source:REF-GRAMMAR-MANUAL-INTER;source:REF-LIU-PRACTICAL-GRAMMAR;source:REF-LU-TCSL-GRAMMAR
42,ASGD-2027-2551,96a7684f569e72de,复句关联结构,只要候选,是目标语法点,是目标语法点,1,0.9985063672065735,0,candidate:只要候选;family:复句关联结构
42,ASGD-2027-2558,01d66681bfb523cd,时间/处所功能结构,时间状语候选,是目标语法点,是目标语法点,1,0.9986579418182373,0,candidate:时间状语候选;family:时间/处所功能结构;rule:KG-RULE-V02-0030;rule:KG-RULE-V02-0031;rule:KG-RULE-V02-0032;source:REF-GF0025-2021;source:REF-GRAMMAR-MANUAL-ADV;source:REF-GRAMMAR-MANUAL-ELEM;source:REF-GRAMMAR-MANUAL-INTER;source:REF-HUANG-LIAO-MODERN-CHINESE
42,ASGD-2027-2564,d489d435385d2062,处置/受事重组构式,把字句候选,是目标语法点,是目标语法点,1,0.998618483543396,0,candidate:把字句候选;family:处置/受事重组构式;rule:KG-RULE-V02-0001;rule:KG-RULE-V02-0002;rule:KG-RULE-V02-0003;source:REF-GF0025-2021;source:REF-GRAMMAR-MANUAL-ELEM;source:REF-GRAMMAR-MANUAL-INTER;source:REF-LIU-PRACTICAL-GRAMMAR;source:REF-LU-TCSL-GRAMMAR
42,ASGD-2027-2565,30a429fa7d51a9f7,介词/框架结构,在字介词框架候选,是目标语法点,是目标语法点,1,0.9984822869300842,0,candidate:在字介词框架候选;family:介词/框架结构;rule:KG-RULE-V02-0099;rule:KG-RULE-V02-0100;rule:KG-RULE-V02-0101;source:REF-GF0025-2021;source:REF-GRAMMAR-MANUAL-ADV;source:REF-GRAMMAR-MANUAL-ELEM;source:REF-GRAMMAR-MANUAL-INTER;source:REF-HUANG-LIAO-MODERN-CHINESE;source:REF-LU-TCSL-GRAMMAR
42,ASGD-2027-2569,149797fcf9ac68f2,多谓词/论元结构,双宾/给予结构候选,不是目标语法点,不是目标语法点,1,0.8967074155807495,0,candidate:双宾/给予结构候选;family:多谓词/论元结构
42,ASGD-2027-2574,f8cee917380c72f3,复句关联结构,因为候选,是目标语法点,是目标语法点,1,0.9985937476158142,0,candidate:因为候选;family:复句关联结构
42,ASGD-2027-2583,f739a5c3dfa3717d,多谓词/论元结构,双宾/给予结构候选,是目标语法点,是目标语法点,1,0.9983896017074585,0,candidate:双宾/给予结构候选;family:多谓词/论元结构
42,ASGD-2027-2589,5467afa892e07097,补语结构,结果补语候选,是目标语法点,是目标语法点,1,0.9979702830314636,0,candidate:结果补语候选;family:补语结构
42,ASGD-2027-2592,eebd5d770c78f271,时间/处所功能结构,时间状语候选,是目标语法点,是目标语法点,1,0.9987058639526367,0,candidate:时间状语候选;family:时间/处所功能结构;rule:KG-RULE-V02-0030;rule:KG-RULE-V02-0031;rule:KG-RULE-V02-0032;source:REF-GF0025-2021;source:REF-GRAMMAR-MANUAL-ADV;source:REF-GRAMMAR-MANUAL-ELEM;source:REF-GRAMMAR-MANUAL-INTER;source:REF-HUANG-LIAO-MODERN-CHINESE
42,ASGD-2027-2593,18871ea1edd50de3,处置/受事重组构式,把字句候选,是目标语法点,是目标语法点,1,0.9986024498939514,0,candidate:把字句候选;family:处置/受事重组构式;rule:KG-RULE-V02-0001;rule:KG-RULE-V02-0002;rule:KG-RULE-V02-0003;source:REF-GF0025-2021;source:REF-GRAMMAR-MANUAL-ELEM;source:REF-GRAMMAR-MANUAL-INTER;source:REF-LIU-PRACTICAL-GRAMMAR;source:REF-LU-TCSL-GRAMMAR
42,ASGD-2027-2595,90b22d22fd7ba401,时间/处所功能结构,时间状语候选,是目标语法点,是目标语法点,1,0.9983999133110046,0,candidate:时间状语候选;family:时间/处所功能结构;rule:KG-RULE-V02-0030;rule:KG-RULE-V02-0031;rule:KG-RULE-V02-0032;source:REF-GF0025-2021;source:REF-GRAMMAR-MANUAL-ADV;source:REF-GRAMMAR-MANUAL-ELEM;source:REF-GRAMMAR-MANUAL-INTER;source:REF-HUANG-LIAO-MODERN-CHINESE
42,ASGD-2027-2604,7baec78853a81997,多谓词/论元结构,双宾/给予结构候选,是目标语法点,是目标语法点,1,0.9981001019477844,0,candidate:双宾/给予结构候选;family:多谓词/论元结构
42,ASGD-2027-2605,d18fe2ea05207760,补语结构,得字补语候选,是目标语法点,是目标语法点,1,0.9977478384971619,0,candidate:得字补语候选;family:补语结构;rule:KG-RULE-V02-0047;rule:KG-RULE-V02-0049;source:REF-GF0025-2021;source:REF-GRAMMAR-MANUAL-ADV;source:REF-GRAMMAR-MANUAL-ELEM;source:REF-GRAMMAR-MANUAL-INTER;source:REF-HUANG-LIAO-MODERN-CHINESE;source:REF-LIU-PRACTICAL-GRAMMAR
42,ASGD-2027-2618,044ac6208f8b5060,复句关联结构,即使候选,是目标语法点,是目标语法点,1,0.9985760450363159,0,candidate:即使候选;family:复句关联结构
42,ASGD-2027-2624,b4f70edcfbbefe23,补语结构,趋向补语候选,是目标语法点,是目标语法点,1,0.9982849955558777,0,candidate:趋向补语候选;family:补语结构
42,ASGD-2027-2626,d551090d34949170,比较构式,没有比较候选,是目标语法点,是目标语法点,1,0.9960675239562988,0,candidate:没有比较候选;family:比较构式;rule:KG-RULE-V02-0059;rule:KG-RULE-V02-0060;rule:KG-RULE-V02-0061;source:REF-GF0025-2021;source:REF-GRAMMAR-MANUAL-ADV;source:REF-GRAMMAR-MANUAL-ELEM;source:REF-GRAMMAR-MANUAL-INTER;source:REF-LIU-PRACTICAL-GRAMMAR
42,ASGD-2027-2631,cc71e44ea86ef464,复句关联结构,既然候选,是目标语法点,是目标语法点,1,0.9980411529541016,0,candidate:既然候选;family:复句关联结构
42,ASGD-2027-2633,afe92229d3411b67,时间/处所功能结构,处所状语候选,不是目标语法点,不是目标语法点,1,0.9944802522659302,0,candidate:处所状语候选;family:时间/处所功能结构;rule:KG-RULE-V02-0042;source:REF-GF0025-2021;source:REF-GRAMMAR-MANUAL-ELEM;source:REF-GRAMMAR-MANUAL-INTER;source:REF-HUANG-LIAO-MODERN-CHINESE
42,ASGD-2027-2636,88dfd3a0f63e1db1,时间/处所功能结构,处所状语候选,是目标语法点,不是目标语法点,0,0.9940789937973022,0,candidate:处所状语候选;family:时间/处所功能结构;rule:KG-RULE-V02-0039;rule:KG-RULE-V02-0040;rule:KG-RULE-V02-0041;source:REF-GF0025-2021;source:REF-GRAMMAR-MANUAL-ELEM;source:REF-GRAMMAR-MANUAL-INTER;source:REF-HUANG-LIAO-MODERN-CHINESE
42,ASGD-2027-2638,b36162723b789a87,处置/受事重组构式,把字句候选,是目标语法点,是目标语法点,1,0.9985656142234802,0,candidate:把字句候选;family:处置/受事重组构式;rule:KG-RULE-V02-0001;rule:KG-RULE-V02-0002;rule:KG-RULE-V02-0003;source:REF-GF0025-2021;source:REF-GRAMMAR-MANUAL-ELEM;source:REF-GRAMMAR-MANUAL-INTER;source:REF-LIU-PRACTICAL-GRAMMAR;source:REF-LU-TCSL-GRAMMAR
42,ASGD-2027-2648,95f60f810fe536f2,比较构式,比字比较候选,不是目标语法点,不是目标语法点,1,0.9976741671562195,1,candidate:比字比较候选;family:比较构式;rule:KG-RULE-V02-0053;rule:KG-RULE-V02-0054;rule:KG-RULE-V02-0056;source:REF-GF0025-2021;source:REF-GRAMMAR-MANUAL-ADV;source:REF-GRAMMAR-MANUAL-ELEM;source:REF-GRAMMAR-MANUAL-INTER;source:REF-LIU-PRACTICAL-GRAMMAR
42,ASGD-2027-2664,d602bebd45233b3e,比较构式,没有比较候选,不是目标语法点,不是目标语法点,1,0.9989036321640015,0,candidate:没有比较候选;family:比较构式;rule:KG-RULE-V02-0059;rule:KG-RULE-V02-0060;rule:KG-RULE-V02-0061;source:REF-GF0025-2021;source:REF-GRAMMAR-MANUAL-ADV;source:REF-GRAMMAR-MANUAL-ELEM;source:REF-GRAMMAR-MANUAL-INTER;source:REF-LIU-PRACTICAL-GRAMMAR
42,ASGD-2027-2669,d42f330cfed7eead,补语结构,得字补语候选,不是目标语法点,不是目标语法点,1,0.9974640607833862,0,candidate:得字补语候选;family:补语结构;rule:KG-RULE-V02-0047;rule:KG-RULE-V02-0049;source:REF-GF0025-2021;source:REF-GRAMMAR-MANUAL-ADV;source:REF-GRAMMAR-MANUAL-ELEM;source:REF-GRAMMAR-MANUAL-INTER;source:REF-HUANG-LIAO-MODERN-CHINESE;source:REF-LIU-PRACTICAL-GRAMMAR
42,ASGD-2027-2674,d551090d34949170,补语结构,得字补语候选,是目标语法点,是目标语法点,1,0.9982329607009888,0,candidate:得字补语候选;family:补语结构;rule:KG-RULE-V02-0047;rule:KG-RULE-V02-0049;source:REF-GF0025-2021;source:REF-GRAMMAR-MANUAL-ADV;source:REF-GRAMMAR-MANUAL-ELEM;source:REF-GRAMMAR-MANUAL-INTER;source:REF-HUANG-LIAO-MODERN-CHINESE;source:REF-LIU-PRACTICAL-GRAMMAR
42,ASGD-2027-2676,a68d7c8be24b32c6,介词/框架结构,对字介词框架候选,不是目标语法点,是目标语法点,0,0.9978098273277283,0,candidate:对字介词框架候选;family:介词/框架结构;rule:KG-RULE-V02-0115;rule:KG-RULE-V02-0116;rule:KG-RULE-V02-0117;source:REF-GF0025-2021;source:REF-GRAMMAR-MANUAL-ADV;source:REF-GRAMMAR-MANUAL-ELEM;source:REF-GRAMMAR-MANUAL-INTER;source:REF-HUANG-LIAO-MODERN-CHINESE;source:REF-LU-TCSL-GRAMMAR
42,ASGD-2027-2680,955754f031b31bed,时间/处所功能结构,时间状语候选,是目标语法点,是目标语法点,1,0.9987384676933289,0,candidate:时间状语候选;family:时间/处所功能结构;rule:KG-RULE-V02-0033;source:REF-GF0025-2021;source:REF-GRAMMAR-MANUAL-ADV;source:REF-GRAMMAR-MANUAL-ELEM;source:REF-GRAMMAR-MANUAL-INTER;source:REF-HUANG-LIAO-MODERN-CHINESE
42,ASGD-2027-2688,13e243f73d51103c,处置/受事重组构式,把字句候选,是目标语法点,是目标语法点,1,0.9985474944114685,0,candidate:把字句候选;family:处置/受事重组构式;rule:KG-RULE-V02-0001;rule:KG-RULE-V02-0002;rule:KG-RULE-V02-0003;source:REF-GF0025-2021;source:REF-GRAMMAR-MANUAL-ELEM;source:REF-GRAMMAR-MANUAL-INTER;source:REF-LIU-PRACTICAL-GRAMMAR;source:REF-LU-TCSL-GRAMMAR
42,ASGD-2027-2690,919809276c344683,介词/框架结构,在字介词框架候选,是目标语法点,是目标语法点,1,0.9980847835540771,0,candidate:在字介词框架候选;family:介词/框架结构;rule:KG-RULE-V02-0099;rule:KG-RULE-V02-0100;rule:KG-RULE-V02-0101;source:REF-GF0025-2021;source:REF-GRAMMAR-MANUAL-ADV;source:REF-GRAMMAR-MANUAL-ELEM;source:REF-GRAMMAR-MANUAL-INTER;source:REF-HUANG-LIAO-MODERN-CHINESE;source:REF-LU-TCSL-GRAMMAR
42,ASGD-2027-2696,6d2d63d326fafbee,补语结构,得字补语候选,不是目标语法点,不是目标语法点,1,0.9969479441642761,0,candidate:得字补语候选;family:补语结构;rule:KG-RULE-V02-0047;rule:KG-RULE-V02-0049;source:REF-GF0025-2021;source:REF-GRAMMAR-MANUAL-ADV;source:REF-GRAMMAR-MANUAL-ELEM;source:REF-GRAMMAR-MANUAL-INTER;source:REF-HUANG-LIAO-MODERN-CHINESE;source:REF-LIU-PRACTICAL-GRAMMAR
42,ASGD-2027-2697,d29154e2e91ff14b,补语结构,数量/时量补语候选,是目标语法点,是目标语法点,1,0.998699426651001,0,candidate:数量/时量补语候选;family:补语结构
42,ASGD-2027-2706,19cbc9e7cc047b25,时间/处所功能结构,处所状语候选,是目标语法点,是目标语法点,1,0.9973107576370239,0,candidate:处所状语候选;family:时间/处所功能结构;rule:KG-RULE-V02-0039;rule:KG-RULE-V02-0040;rule:KG-RULE-V02-0041;source:REF-GF0025-2021;source:REF-GRAMMAR-MANUAL-ELEM;source:REF-GRAMMAR-MANUAL-INTER;source:REF-HUANG-LIAO-MODERN-CHINESE
42,ASGD-2027-2712,4d45e706873fdd14,比较构式,没有比较候选,不是目标语法点,不是目标语法点,1,0.9988467693328857,0,candidate:没有比较候选;family:比较构式;rule:KG-RULE-V02-0059;rule:KG-RULE-V02-0060;rule:KG-RULE-V02-0061;source:REF-GF0025-2021;source:REF-GRAMMAR-MANUAL-ADV;source:REF-GRAMMAR-MANUAL-ELEM;source:REF-GRAMMAR-MANUAL-INTER;source:REF-LIU-PRACTICAL-GRAMMAR
42,ASGD-2027-2715,ab50a9fb0a50e8e1,处置/受事重组构式,把字句候选,不是目标语法点,是目标语法点,0,0.9979897737503052,0,candidate:把字句候选;family:处置/受事重组构式;rule:KG-RULE-V02-0001;rule:KG-RULE-V02-0005;source:REF-GF0025-2021;source:REF-GRAMMAR-MANUAL-ELEM;source:REF-GRAMMAR-MANUAL-INTER;source:REF-LIU-PRACTICAL-GRAMMAR;source:REF-LU-TCSL-GRAMMAR
42,ASGD-2027-2717,646e1ce96ae26d78,多谓词/论元结构,双宾/给予结构候选,是目标语法点,是目标语法点,1,0.9982916712760925,0,candidate:双宾/给予结构候选;family:多谓词/论元结构
42,ASGD-2027-2733,98dd1c491a02fd76,时间/处所功能结构,时间状语候选,是目标语法点,是目标语法点,1,0.9987373948097229,0,candidate:时间状语候选;family:时间/处所功能结构;rule:KG-RULE-V02-0030;rule:KG-RULE-V02-0031;rule:KG-RULE-V02-0032;source:REF-GF0025-2021;source:REF-GRAMMAR-MANUAL-ADV;source:REF-GRAMMAR-MANUAL-ELEM;source:REF-GRAMMAR-MANUAL-INTER;source:REF-HUANG-LIAO-MODERN-CHINESE
42,ASGD-2027-2736,a0de6b12b30730b1,复句关联结构,即使候选,是目标语法点,是目标语法点,1,0.9985315799713135,0,candidate:即使候选;family:复句关联结构
42,ASGD-2027-2745,466d720851db6251,比较构式,比字比较候选,不是目标语法点,不是目标语法点,1,0.9935181736946106,1,candidate:比字比较候选;family:比较构式;rule:KG-RULE-V02-0053;rule:KG-RULE-V02-0054;rule:KG-RULE-V02-0056;source:REF-GF0025-2021;source:REF-GRAMMAR-MANUAL-ADV;source:REF-GRAMMAR-MANUAL-ELEM;source:REF-GRAMMAR-MANUAL-INTER;source:REF-LIU-PRACTICAL-GRAMMAR
42,ASGD-2027-2746,5040ffbb722bfece,介词/框架结构,给/为/关于等介词框架候选,不是目标语法点,不是目标语法点,1,0.996435284614563,0,candidate:给/为/关于等介词框架候选;family:介词/框架结构;rule:KG-RULE-V02-0135;rule:KG-RULE-V02-0136;rule:KG-RULE-V02-0137;source:REF-GF0025-2021;source:REF-GRAMMAR-MANUAL-ADV;source:REF-GRAMMAR-MANUAL-ELEM;source:REF-GRAMMAR-MANUAL-INTER;source:REF-HUANG-LIAO-MODERN-CHINESE;source:REF-LU-TCSL-GRAMMAR
42,ASGD-2027-2747,e83fd5d0fcd7f07c,介词/框架结构,向/往/朝介词框架候选,是目标语法点,是目标语法点,1,0.9979648590087891,0,candidate:向/往/朝介词框架候选;family:介词/框架结构;rule:KG-RULE-V02-0125;rule:KG-RULE-V02-0126;rule:KG-RULE-V02-0127;source:REF-GF0025-2021;source:REF-GRAMMAR-MANUAL-ADV;source:REF-GRAMMAR-MANUAL-ELEM;source:REF-GRAMMAR-MANUAL-INTER;source:REF-HUANG-LIAO-MODERN-CHINESE;source:REF-LU-TCSL-GRAMMAR
42,ASGD-2027-2748,a0de6b12b30730b1,补语结构,得字补语候选,不是目标语法点,不是目标语法点,1,0.5835400819778442,0,candidate:得字补语候选;family:补语结构;rule:KG-RULE-V02-0047;rule:KG-RULE-V02-0049;source:REF-GF0025-2021;source:REF-GRAMMAR-MANUAL-ADV;source:REF-GRAMMAR-MANUAL-ELEM;source:REF-GRAMMAR-MANUAL-INTER;source:REF-HUANG-LIAO-MODERN-CHINESE;source:REF-LIU-PRACTICAL-GRAMMAR
42,ASGD-2027-2750,cd3a48aac66dbb75,时间/处所功能结构,时间状语候选,是目标语法点,是目标语法点,1,0.9987127780914307,0,candidate:时间状语候选;family:时间/处所功能结构;rule:KG-RULE-V02-0030;rule:KG-RULE-V02-0031;rule:KG-RULE-V02-0032;source:REF-GF0025-2021;source:REF-GRAMMAR-MANUAL-ADV;source:REF-GRAMMAR-MANUAL-ELEM;source:REF-GRAMMAR-MANUAL-INTER;source:REF-HUANG-LIAO-MODERN-CHINESE
42,ASGD-2027-2752,e70f802aea17e93e,比较构式,比字比较候选,是目标语法点,是目标语法点,1,0.9977116584777832,0,candidate:比字比较候选;family:比较构式;rule:KG-RULE-V02-0053;rule:KG-RULE-V02-0054;source:REF-GF0025-2021;source:REF-GRAMMAR-MANUAL-ADV;source:REF-GRAMMAR-MANUAL-ELEM;source:REF-GRAMMAR-MANUAL-INTER;source:REF-LIU-PRACTICAL-GRAMMAR
42,ASGD-2027-2753,315be10e970f0321,多谓词/论元结构,双宾/给予结构候选,是目标语法点,是目标语法点,1,0.9977005124092102,0,candidate:双宾/给予结构候选;family:多谓词/论元结构
42,ASGD-2027-2757,c434e17e417338ff,复句关联结构,虽然...但是候选,是目标语法点,是目标语法点,1,0.9981873631477356,0,candidate:虽然...但是候选;family:复句关联结构
42,ASGD-2027-2761,8efadc0c34e44e6d,比较构式,没有比较候选,不是目标语法点,不是目标语法点,1,0.9987842440605164,0,candidate:没有比较候选;family:比较构式;rule:KG-RULE-V02-0059;rule:KG-RULE-V02-0060;rule:KG-RULE-V02-0061;source:REF-GF0025-2021;source:REF-GRAMMAR-MANUAL-ADV;source:REF-GRAMMAR-MANUAL-ELEM;source:REF-GRAMMAR-MANUAL-INTER;source:REF-LIU-PRACTICAL-GRAMMAR
42,ASGD-2027-2765,c41d2c62578a0e38,介词/框架结构,在字介词框架候选,是目标语法点,是目标语法点,1,0.9985964894294739,0,candidate:在字介词框架候选;family:介词/框架结构;rule:KG-RULE-V02-0099;rule:KG-RULE-V02-0100;rule:KG-RULE-V02-0101;source:REF-GF0025-2021;source:REF-GRAMMAR-MANUAL-ADV;source:REF-GRAMMAR-MANUAL-ELEM;source:REF-GRAMMAR-MANUAL-INTER;source:REF-HUANG-LIAO-MODERN-CHINESE;source:REF-LU-TCSL-GRAMMAR
42,ASGD-2027-2768,4932c86a6916447b,补语结构,结果补语候选,是目标语法点,是目标语法点,1,0.9981814622879028,0,candidate:结果补语候选;family:补语结构
42,ASGD-2027-2777,1883cbf2c1ae02df,介词/框架结构,在字介词框架候选,是目标语法点,是目标语法点,1,0.9982410669326782,0,candidate:在字介词框架候选;family:介词/框架结构;rule:KG-RULE-V02-0099;rule:KG-RULE-V02-0100;rule:KG-RULE-V02-0101;source:REF-GF0025-2021;source:REF-GRAMMAR-MANUAL-ADV;source:REF-GRAMMAR-MANUAL-ELEM;source:REF-GRAMMAR-MANUAL-INTER;source:REF-HUANG-LIAO-MODERN-CHINESE;source:REF-LU-TCSL-GRAMMAR
42,ASGD-2027-2779,d7d830513ed3519b,时间/处所功能结构,时间状语候选,是目标语法点,是目标语法点,1,0.998724639415741,0,candidate:时间状语候选;family:时间/处所功能结构;rule:KG-RULE-V02-0030;rule:KG-RULE-V02-0031;rule:KG-RULE-V02-0032;source:REF-GF0025-2021;source:REF-GRAMMAR-MANUAL-ADV;source:REF-GRAMMAR-MANUAL-ELEM;source:REF-GRAMMAR-MANUAL-INTER;source:REF-HUANG-LIAO-MODERN-CHINESE
42,ASGD-2027-2781,505a3baf0522d677,时间/处所功能结构,处所状语候选,不是目标语法点,不是目标语法点,1,0.9969027638435364,0,candidate:处所状语候选;family:时间/处所功能结构;rule:KG-RULE-V02-0042;source:REF-GF0025-2021;source:REF-GRAMMAR-MANUAL-ELEM;source:REF-GRAMMAR-MANUAL-INTER;source:REF-HUANG-LIAO-MODERN-CHINESE
42,ASGD-2027-2783,a2abb3413118b5db,被动/受事凸显构式,被字句候选,不是目标语法点,不是目标语法点,1,0.9957916736602783,0,candidate:被字句候选;family:被动/受事凸显构式;rule:KG-RULE-V02-0022;rule:KG-RULE-V02-0024;source:REF-GF0025-2021;source:REF-GRAMMAR-MANUAL-ADV;source:REF-GRAMMAR-MANUAL-ELEM;source:REF-GRAMMAR-MANUAL-INTER;source:REF-LIU-PRACTICAL-GRAMMAR;source:REF-LU-TCSL-GRAMMAR
42,ASGD-2027-2784,4047fb361f148a75,比较构式,没有比较候选,不是目标语法点,不是目标语法点,1,0.9987700581550598,0,candidate:没有比较候选;family:比较构式;rule:KG-RULE-V02-0059;rule:KG-RULE-V02-0060;rule:KG-RULE-V02-0061;source:REF-GF0025-2021;source:REF-GRAMMAR-MANUAL-ADV;source:REF-GRAMMAR-MANUAL-ELEM;source:REF-GRAMMAR-MANUAL-INTER;source:REF-LIU-PRACTICAL-GRAMMAR
42,ASGD-2027-2787,cb5fd9350b297559,比较构式,比字比较候选,是目标语法点,是目标语法点,1,0.9981217980384827,0,candidate:比字比较候选;family:比较构式;rule:KG-RULE-V02-0053;rule:KG-RULE-V02-0054;source:REF-GF0025-2021;source:REF-GRAMMAR-MANUAL-ADV;source:REF-GRAMMAR-MANUAL-ELEM;source:REF-GRAMMAR-MANUAL-INTER;source:REF-LIU-PRACTICAL-GRAMMAR
42,ASGD-2027-2800,0feaaba58e9e238b,处置/受事重组构式,把字句候选,是目标语法点,是目标语法点,1,0.9987196922302246,0,candidate:把字句候选;family:处置/受事重组构式;rule:KG-RULE-V02-0001;rule:KG-RULE-V02-0002;rule:KG-RULE-V02-0003;source:REF-GF0025-2021;source:REF-GRAMMAR-MANUAL-ELEM;source:REF-GRAMMAR-MANUAL-INTER;source:REF-LIU-PRACTICAL-GRAMMAR;source:REF-LU-TCSL-GRAMMAR
42,ASGD-2027-2801,94477e828daccb17,处置/受事重组构式,把字句候选,是目标语法点,是目标语法点,1,0.9986640214920044,0,candidate:把字句候选;family:处置/受事重组构式;rule:KG-RULE-V02-0001;rule:KG-RULE-V02-0002;rule:KG-RULE-V02-0003;source:REF-GF0025-2021;source:REF-GRAMMAR-MANUAL-ELEM;source:REF-GRAMMAR-MANUAL-INTER;source:REF-LIU-PRACTICAL-GRAMMAR;source:REF-LU-TCSL-GRAMMAR
42,ASGD-2027-2815,c2d2222dd0e266fd,被动/受事凸显构式,被字句候选,是目标语法点,是目标语法点,1,0.9908820390701294,0,candidate:被字句候选;family:被动/受事凸显构式;rule:KG-RULE-V02-0022;rule:KG-RULE-V02-0024;source:REF-GF0025-2021;source:REF-GRAMMAR-MANUAL-ADV;source:REF-GRAMMAR-MANUAL-ELEM;source:REF-GRAMMAR-MANUAL-INTER;source:REF-LIU-PRACTICAL-GRAMMAR;source:REF-LU-TCSL-GRAMMAR
42,ASGD-2027-2819,3869d858a6f66409,补语结构,数量/时量补语候选,是目标语法点,是目标语法点,1,0.9985547661781311,0,candidate:数量/时量补语候选;family:补语结构
42,ASGD-2027-2826,011f64da92d90222,处置/受事重组构式,把字句候选,是目标语法点,是目标语法点,1,0.9985752105712891,1,candidate:把字句候选;family:处置/受事重组构式;rule:KG-RULE-V02-0001;rule:KG-RULE-V02-0002;rule:KG-RULE-V02-0003;rule:KG-RULE-V02-0007;source:REF-GF0025-2021;source:REF-GRAMMAR-MANUAL-ELEM;source:REF-GRAMMAR-MANUAL-INTER;source:REF-LIU-PRACTICAL-GRAMMAR;source:REF-LU-TCSL-GRAMMAR
42,ASGD-2027-2830,91187a574efd2438,介词/框架结构,在字介词框架候选,是目标语法点,是目标语法点,1,0.9984619617462158,0,candidate:在字介词框架候选;family:介词/框架结构;rule:KG-RULE-V02-0099;rule:KG-RULE-V02-0100;rule:KG-RULE-V02-0101;source:REF-GF0025-2021;source:REF-GRAMMAR-MANUAL-ADV;source:REF-GRAMMAR-MANUAL-ELEM;source:REF-GRAMMAR-MANUAL-INTER;source:REF-HUANG-LIAO-MODERN-CHINESE;source:REF-LU-TCSL-GRAMMAR
42,ASGD-2027-2832,9e258fad752fc5d8,时间/处所功能结构,时间状语候选,是目标语法点,是目标语法点,1,0.9986922144889832,0,candidate:时间状语候选;family:时间/处所功能结构;rule:KG-RULE-V02-0030;rule:KG-RULE-V02-0031;rule:KG-RULE-V02-0032;source:REF-GF0025-2021;source:REF-GRAMMAR-MANUAL-ADV;source:REF-GRAMMAR-MANUAL-ELEM;source:REF-GRAMMAR-MANUAL-INTER;source:REF-HUANG-LIAO-MODERN-CHINESE
42,ASGD-2027-2834,4ce09e041cc6dace,被动/受事凸显构式,被字句候选,是目标语法点,是目标语法点,1,0.9981901049613953,0,candidate:被字句候选;family:被动/受事凸显构式;rule:KG-RULE-V02-0022;rule:KG-RULE-V02-0024;source:REF-GF0025-2021;source:REF-GRAMMAR-MANUAL-ADV;source:REF-GRAMMAR-MANUAL-ELEM;source:REF-GRAMMAR-MANUAL-INTER;source:REF-LIU-PRACTICAL-GRAMMAR;source:REF-LU-TCSL-GRAMMAR
42,ASGD-2027-2839,c2c8b6854425be10,补语结构,趋向补语候选,是目标语法点,是目标语法点,1,0.9981105327606201,0,candidate:趋向补语候选;family:补语结构
42,ASGD-2027-2842,e7df27eb500806cd,多谓词/论元结构,连动结构候选,是目标语法点,是目标语法点,1,0.9982574582099915,0,candidate:连动结构候选;family:多谓词/论元结构
42,ASGD-2027-2844,afe92229d3411b67,时间/处所功能结构,处所状语候选,不是目标语法点,不是目标语法点,1,0.9935245513916016,0,candidate:处所状语候选;family:时间/处所功能结构;rule:KG-RULE-V02-0042;source:REF-GF0025-2021;source:REF-GRAMMAR-MANUAL-ELEM;source:REF-GRAMMAR-MANUAL-INTER;source:REF-HUANG-LIAO-MODERN-CHINESE
42,ASGD-2027-2851,24c63592b1ab7488,时间/处所功能结构,处所状语候选,不是目标语法点,不是目标语法点,1,0.9972488284111023,0,candidate:处所状语候选;family:时间/处所功能结构;rule:KG-RULE-V02-0042;source:REF-GF0025-2021;source:REF-GRAMMAR-MANUAL-ELEM;source:REF-GRAMMAR-MANUAL-INTER;source:REF-HUANG-LIAO-MODERN-CHINESE
42,ASGD-2027-2863,0b0394776e8d1a2d,介词/框架结构,从字介词框架候选,是目标语法点,是目标语法点,1,0.9985027313232422,0,candidate:从字介词框架候选;family:介词/框架结构;rule:KG-RULE-V02-0109;rule:KG-RULE-V02-0110;source:REF-GF0025-2021;source:REF-GRAMMAR-MANUAL-ADV;source:REF-GRAMMAR-MANUAL-ELEM;source:REF-GRAMMAR-MANUAL-INTER;source:REF-HUANG-LIAO-MODERN-CHINESE;source:REF-LU-TCSL-GRAMMAR
42,ASGD-2027-2866,4ad3bad21cd8a8c3,比较构式,比字比较候选,是目标语法点,是目标语法点,1,0.9981386661529541,0,candidate:比字比较候选;family:比较构式;rule:KG-RULE-V02-0053;rule:KG-RULE-V02-0054;source:REF-GF0025-2021;source:REF-GRAMMAR-MANUAL-ADV;source:REF-GRAMMAR-MANUAL-ELEM;source:REF-GRAMMAR-MANUAL-INTER;source:REF-LIU-PRACTICAL-GRAMMAR
42,ASGD-2027-2872,4ae52a539059bc9e,补语结构,得字补语候选,是目标语法点,是目标语法点,1,0.9981696605682373,0,candidate:得字补语候选;family:补语结构;rule:KG-RULE-V02-0047;rule:KG-RULE-V02-0049;source:REF-GF0025-2021;source:REF-GRAMMAR-MANUAL-ADV;source:REF-GRAMMAR-MANUAL-ELEM;source:REF-GRAMMAR-MANUAL-INTER;source:REF-HUANG-LIAO-MODERN-CHINESE;source:REF-LIU-PRACTICAL-GRAMMAR
42,ASGD-2027-2885,6b0bebe466cac03b,介词/框架结构,在字介词框架候选,是目标语法点,是目标语法点,1,0.997752845287323,0,candidate:在字介词框架候选;family:介词/框架结构;rule:KG-RULE-V02-0099;rule:KG-RULE-V02-0100;rule:KG-RULE-V02-0101;source:REF-GF0025-2021;source:REF-GRAMMAR-MANUAL-ADV;source:REF-GRAMMAR-MANUAL-ELEM;source:REF-GRAMMAR-MANUAL-INTER;source:REF-HUANG-LIAO-MODERN-CHINESE;source:REF-LU-TCSL-GRAMMAR
42,ASGD-2027-2887,90b22d22fd7ba401,时间/处所功能结构,时间状语候选,是目标语法点,是目标语法点,1,0.9985092282295227,0,candidate:时间状语候选;family:时间/处所功能结构;rule:KG-RULE-V02-0030;rule:KG-RULE-V02-0031;rule:KG-RULE-V02-0032;source:REF-GF0025-2021;source:REF-GRAMMAR-MANUAL-ADV;source:REF-GRAMMAR-MANUAL-ELEM;source:REF-GRAMMAR-MANUAL-INTER;source:REF-HUANG-LIAO-MODERN-CHINESE
42,ASGD-2027-2891,519dbf7f92a70744,被动/受事凸显构式,被字句候选,是目标语法点,是目标语法点,1,0.9985867738723755,0,candidate:被字句候选;family:被动/受事凸显构式;rule:KG-RULE-V02-0022;rule:KG-RULE-V02-0024;source:REF-GF0025-2021;source:REF-GRAMMAR-MANUAL-ADV;source:REF-GRAMMAR-MANUAL-ELEM;source:REF-GRAMMAR-MANUAL-INTER;source:REF-LIU-PRACTICAL-GRAMMAR;source:REF-LU-TCSL-GRAMMAR
42,ASGD-2027-2893,08b7454b79deef8a,被动/受事凸显构式,被字句候选,不是目标语法点,不是目标语法点,1,0.994746208190918,0,candidate:被字句候选;family:被动/受事凸显构式;rule:KG-RULE-V02-0022;rule:KG-RULE-V02-0024;source:REF-GF0025-2021;source:REF-GRAMMAR-MANUAL-ADV;source:REF-GRAMMAR-MANUAL-ELEM;source:REF-GRAMMAR-MANUAL-INTER;source:REF-LIU-PRACTICAL-GRAMMAR;source:REF-LU-TCSL-GRAMMAR
42,ASGD-2027-2895,165764cfa3c7165b,复句关联结构,如果候选,是目标语法点,是目标语法点,1,0.9983803033828735,0,candidate:如果候选;family:复句关联结构
42,ASGD-2027-2898,9a44d2c936ce71db,介词/框架结构,在字介词框架候选,是目标语法点,是目标语法点,1,0.9983453750610352,0,candidate:在字介词框架候选;family:介词/框架结构;rule:KG-RULE-V02-0099;rule:KG-RULE-V02-0100;rule:KG-RULE-V02-0101;source:REF-GF0025-2021;source:REF-GRAMMAR-MANUAL-ADV;source:REF-GRAMMAR-MANUAL-ELEM;source:REF-GRAMMAR-MANUAL-INTER;source:REF-HUANG-LIAO-MODERN-CHINESE;source:REF-LU-TCSL-GRAMMAR
42,ASGD-2027-2899,c72410c161842f55,比较构式,没有比较候选,不是目标语法点,不是目标语法点,1,0.9986588954925537,0,candidate:没有比较候选;family:比较构式;rule:KG-RULE-V02-0059;rule:KG-RULE-V02-0060;rule:KG-RULE-V02-0061;source:REF-GF0025-2021;source:REF-GRAMMAR-MANUAL-ADV;source:REF-GRAMMAR-MANUAL-ELEM;source:REF-GRAMMAR-MANUAL-INTER;source:REF-LIU-PRACTICAL-GRAMMAR
42,ASGD-2027-2900,4f4fcb10727644f2,介词/框架结构,在字介词框架候选,是目标语法点,是目标语法点,1,0.993965208530426,0,candidate:在字介词框架候选;family:介词/框架结构;rule:KG-RULE-V02-0099;rule:KG-RULE-V02-0100;rule:KG-RULE-V02-0101;source:REF-GF0025-2021;source:REF-GRAMMAR-MANUAL-ADV;source:REF-GRAMMAR-MANUAL-ELEM;source:REF-GRAMMAR-MANUAL-INTER;source:REF-HUANG-LIAO-MODERN-CHINESE;source:REF-LU-TCSL-GRAMMAR
42,ASGD-2027-2901,e339b590d6968604,介词/框架结构,给/为/关于等介词框架候选,是目标语法点,是目标语法点,1,0.9985598921775818,0,candidate:给/为/关于等介词框架候选;family:介词/框架结构;rule:KG-RULE-V02-0135;rule:KG-RULE-V02-0136;rule:KG-RULE-V02-0137;source:REF-GF0025-2021;source:REF-GRAMMAR-MANUAL-ADV;source:REF-GRAMMAR-MANUAL-ELEM;source:REF-GRAMMAR-MANUAL-INTER;source:REF-HUANG-LIAO-MODERN-CHINESE;source:REF-LU-TCSL-GRAMMAR
42,ASGD-2027-2902,6fa4e1c979cb9d99,介词/框架结构,给/为/关于等介词框架候选,是目标语法点,是目标语法点,1,0.9969874024391174,0,candidate:给/为/关于等介词框架候选;family:介词/框架结构;rule:KG-RULE-V02-0135;rule:KG-RULE-V02-0136;rule:KG-RULE-V02-0137;source:REF-GF0025-2021;source:REF-GRAMMAR-MANUAL-ADV;source:REF-GRAMMAR-MANUAL-ELEM;source:REF-GRAMMAR-MANUAL-INTER;source:REF-HUANG-LIAO-MODERN-CHINESE;source:REF-LU-TCSL-GRAMMAR
42,ASGD-2027-2909,aa9500bf3e131fc2,多谓词/论元结构,连动结构候选,是目标语法点,是目标语法点,1,0.9984109401702881,0,candidate:连动结构候选;family:多谓词/论元结构
42,ASGD-2027-2916,9882f937eb59e15c,补语结构,数量/时量补语候选,是目标语法点,是目标语法点,1,0.9985411167144775,0,candidate:数量/时量补语候选;family:补语结构
42,ASGD-2027-2919,68d9b1b97818e567,时间/处所功能结构,处所状语候选,不是目标语法点,不是目标语法点,1,0.9972858428955078,0,candidate:处所状语候选;family:时间/处所功能结构;rule:KG-RULE-V02-0042;source:REF-GF0025-2021;source:REF-GRAMMAR-MANUAL-ELEM;source:REF-GRAMMAR-MANUAL-INTER;source:REF-HUANG-LIAO-MODERN-CHINESE
42,ASGD-2027-2936,ed558f71afc3f904,补语结构,数量/时量补语候选,是目标语法点,是目标语法点,1,0.9979129433631897,0,candidate:数量/时量补语候选;family:补语结构
42,ASGD-2027-2940,d2cf207af02de0a8,处置/受事重组构式,把字句候选,是目标语法点,是目标语法点,1,0.9986794590950012,0,candidate:把字句候选;family:处置/受事重组构式;rule:KG-RULE-V02-0001;rule:KG-RULE-V02-0002;rule:KG-RULE-V02-0003;source:REF-GF0025-2021;source:REF-GRAMMAR-MANUAL-ELEM;source:REF-GRAMMAR-MANUAL-INTER;source:REF-LIU-PRACTICAL-GRAMMAR;source:REF-LU-TCSL-GRAMMAR
42,ASGD-2027-2951,7412e3a3653b3284,介词/框架结构,从字介词框架候选,是目标语法点,是目标语法点,1,0.9985499978065491,0,candidate:从字介词框架候选;family:介词/框架结构;rule:KG-RULE-V02-0109;rule:KG-RULE-V02-0110;source:REF-GF0025-2021;source:REF-GRAMMAR-MANUAL-ADV;source:REF-GRAMMAR-MANUAL-ELEM;source:REF-GRAMMAR-MANUAL-INTER;source:REF-HUANG-LIAO-MODERN-CHINESE;source:REF-LU-TCSL-GRAMMAR
42,ASGD-2027-2952,c41d8a8bbde2de18,多谓词/论元结构,双宾/给予结构候选,是目标语法点,是目标语法点,1,0.9951999187469482,0,candidate:双宾/给予结构候选;family:多谓词/论元结构
42,ASGD-2027-2956,680adb1b262e7b7c,介词/框架结构,在字介词框架候选,是目标语法点,是目标语法点,1,0.9983124732971191,0,candidate:在字介词框架候选;family:介词/框架结构;rule:KG-RULE-V02-0099;rule:KG-RULE-V02-0100;rule:KG-RULE-V02-0101;source:REF-GF0025-2021;source:REF-GRAMMAR-MANUAL-ADV;source:REF-GRAMMAR-MANUAL-ELEM;source:REF-GRAMMAR-MANUAL-INTER;source:REF-HUANG-LIAO-MODERN-CHINESE;source:REF-LU-TCSL-GRAMMAR
42,ASGD-2027-2960,b2517e0889a81a88,复句关联结构,只要候选,是目标语法点,是目标语法点,1,0.9986131191253662,0,candidate:只要候选;family:复句关联结构
42,ASGD-2027-2965,d35ea0686560c73f,时间/处所功能结构,时间状语候选,是目标语法点,是目标语法点,1,0.9987163543701172,0,candidate:时间状语候选;family:时间/处所功能结构;rule:KG-RULE-V02-0033;source:REF-GF0025-2021;source:REF-GRAMMAR-MANUAL-ADV;source:REF-GRAMMAR-MANUAL-ELEM;source:REF-GRAMMAR-MANUAL-INTER;source:REF-HUANG-LIAO-MODERN-CHINESE
42,ASGD-2027-2969,32ac51de8f775b2b,介词/框架结构,对字介词框架候选,是目标语法点,是目标语法点,1,0.9985118508338928,0,candidate:对字介词框架候选;family:介词/框架结构;rule:KG-RULE-V02-0115;rule:KG-RULE-V02-0116;rule:KG-RULE-V02-0117;source:REF-GF0025-2021;source:REF-GRAMMAR-MANUAL-ADV;source:REF-GRAMMAR-MANUAL-ELEM;source:REF-GRAMMAR-MANUAL-INTER;source:REF-HUANG-LIAO-MODERN-CHINESE;source:REF-LU-TCSL-GRAMMAR
42,ASGD-2027-2972,a9459326ecbb04e6,介词/框架结构,从字介词框架候选,是目标语法点,是目标语法点,1,0.9984381794929504,0,candidate:从字介词框架候选;family:介词/框架结构;rule:KG-RULE-V02-0109;rule:KG-RULE-V02-0110;source:REF-GF0025-2021;source:REF-GRAMMAR-MANUAL-ADV;source:REF-GRAMMAR-MANUAL-ELEM;source:REF-GRAMMAR-MANUAL-INTER;source:REF-HUANG-LIAO-MODERN-CHINESE;source:REF-LU-TCSL-GRAMMAR
42,ASGD-2027-2975,1292c5a70c9092ae,补语结构,趋向补语候选,是目标语法点,是目标语法点,1,0.9982490539550781,0,candidate:趋向补语候选;family:补语结构
42,ASGD-2027-2976,badc6bdc7c1849d5,补语结构,得字补语候选,不是目标语法点,不是目标语法点,1,0.9978289008140564,0,candidate:得字补语候选;family:补语结构;rule:KG-RULE-V02-0047;rule:KG-RULE-V02-0049;source:REF-GF0025-2021;source:REF-GRAMMAR-MANUAL-ADV;source:REF-GRAMMAR-MANUAL-ELEM;source:REF-GRAMMAR-MANUAL-INTER;source:REF-HUANG-LIAO-MODERN-CHINESE;source:REF-LIU-PRACTICAL-GRAMMAR
42,ASGD-2027-2979,d37d6e01b68998f9,复句关联结构,但是候选,是目标语法点,是目标语法点,1,0.9985702037811279,0,candidate:但是候选;family:复句关联结构
42,ASGD-2027-2980,89b61f90fb0ba001,时间/处所功能结构,处所状语候选,是目标语法点,是目标语法点,1,0.9974894523620605,0,candidate:处所状语候选;family:时间/处所功能结构;rule:KG-RULE-V02-0039;rule:KG-RULE-V02-0040;rule:KG-RULE-V02-0041;source:REF-GF0025-2021;source:REF-GRAMMAR-MANUAL-ELEM;source:REF-GRAMMAR-MANUAL-INTER;source:REF-HUANG-LIAO-MODERN-CHINESE
42,ASGD-2027-2984,ba3b428125b9a5d6,比较构式,没有比较候选,不是目标语法点,不是目标语法点,1,0.998913049697876,0,candidate:没有比较候选;family:比较构式;rule:KG-RULE-V02-0059;rule:KG-RULE-V02-0060;rule:KG-RULE-V02-0061;source:REF-GF0025-2021;source:REF-GRAMMAR-MANUAL-ADV;source:REF-GRAMMAR-MANUAL-ELEM;source:REF-GRAMMAR-MANUAL-INTER;source:REF-LIU-PRACTICAL-GRAMMAR
42,ASGD-2027-2992,b66c593d95cda5b1,比较构式,一样比较候选,是目标语法点,是目标语法点,1,0.9981827735900879,0,candidate:一样比较候选;family:比较构式;rule:KG-RULE-V02-0089;rule:KG-RULE-V02-0090;rule:KG-RULE-V02-0091;source:REF-GF0025-2021;source:REF-GRAMMAR-MANUAL-ADV;source:REF-GRAMMAR-MANUAL-ELEM;source:REF-GRAMMAR-MANUAL-INTER;source:REF-LIU-PRACTICAL-GRAMMAR
2027,ASGD-2027-0006,49c32800a73b07ad,介词/框架结构,从字介词框架候选,是目标语法点,是目标语法点,1,0.9977647066116333,0,candidate:从字介词框架候选;family:介词/框架结构;rule:KG-RULE-V02-0109;rule:KG-RULE-V02-0110;source:REF-GF0025-2021;source:REF-GRAMMAR-MANUAL-ADV;source:REF-GRAMMAR-MANUAL-ELEM;source:REF-GRAMMAR-MANUAL-INTER;source:REF-HUANG-LIAO-MODERN-CHINESE;source:REF-LU-TCSL-GRAMMAR
2027,ASGD-2027-0007,3db3fe3a4aff9643,时间/处所功能结构,时间状语候选,是目标语法点,是目标语法点,1,0.9973766803741455,0,candidate:时间状语候选;family:时间/处所功能结构;rule:KG-RULE-V02-0030;rule:KG-RULE-V02-0031;rule:KG-RULE-V02-0032;source:REF-GF0025-2021;source:REF-GRAMMAR-MANUAL-ADV;source:REF-GRAMMAR-MANUAL-ELEM;source:REF-GRAMMAR-MANUAL-INTER;source:REF-HUANG-LIAO-MODERN-CHINESE
2027,ASGD-2027-0015,568685d08b627a70,时间/处所功能结构,处所状语候选,是目标语法点,是目标语法点,1,0.9950571060180664,0,candidate:处所状语候选;family:时间/处所功能结构;rule:KG-RULE-V02-0039;rule:KG-RULE-V02-0040;rule:KG-RULE-V02-0041;source:REF-GF0025-2021;source:REF-GRAMMAR-MANUAL-ELEM;source:REF-GRAMMAR-MANUAL-INTER;source:REF-HUANG-LIAO-MODERN-CHINESE
2027,ASGD-2027-0019,0bc1ebd14b4daef2,处置/受事重组构式,把字句候选,是目标语法点,是目标语法点,1,0.9972031116485596,0,candidate:把字句候选;family:处置/受事重组构式;rule:KG-RULE-V02-0001;rule:KG-RULE-V02-0002;rule:KG-RULE-V02-0003;source:REF-GF0025-2021;source:REF-GRAMMAR-MANUAL-ELEM;source:REF-GRAMMAR-MANUAL-INTER;source:REF-LIU-PRACTICAL-GRAMMAR;source:REF-LU-TCSL-GRAMMAR
2027,ASGD-2027-0036,1691570364646b2a,补语结构,可能补语候选,是目标语法点,是目标语法点,1,0.9975589513778687,0,candidate:可能补语候选;family:补语结构
2027,ASGD-2027-0040,56ed644470376501,介词/框架结构,在字介词框架候选,是目标语法点,是目标语法点,1,0.9968478083610535,0,candidate:在字介词框架候选;family:介词/框架结构;rule:KG-RULE-V02-0099;rule:KG-RULE-V02-0100;rule:KG-RULE-V02-0101;source:REF-GF0025-2021;source:REF-GRAMMAR-MANUAL-ADV;source:REF-GRAMMAR-MANUAL-ELEM;source:REF-GRAMMAR-MANUAL-INTER;source:REF-HUANG-LIAO-MODERN-CHINESE;source:REF-LU-TCSL-GRAMMAR
2027,ASGD-2027-0042,db39854b298b007b,补语结构,数量/时量补语候选,是目标语法点,是目标语法点,1,0.9957964420318604,0,candidate:数量/时量补语候选;family:补语结构
2027,ASGD-2027-0046,90a284f2babaa66f,处置/受事重组构式,把字句候选,是目标语法点,是目标语法点,1,0.9977884292602539,0,candidate:把字句候选;family:处置/受事重组构式;rule:KG-RULE-V02-0001;rule:KG-RULE-V02-0002;rule:KG-RULE-V02-0003;source:REF-GF0025-2021;source:REF-GRAMMAR-MANUAL-ELEM;source:REF-GRAMMAR-MANUAL-INTER;source:REF-LIU-PRACTICAL-GRAMMAR;source:REF-LU-TCSL-GRAMMAR
2027,ASGD-2027-0048,e66d75c39be5e6cb,介词/框架结构,向/往/朝介词框架候选,是目标语法点,是目标语法点,1,0.9964227080345154,0,candidate:向/往/朝介词框架候选;family:介词/框架结构;rule:KG-RULE-V02-0125;rule:KG-RULE-V02-0126;rule:KG-RULE-V02-0127;source:REF-GF0025-2021;source:REF-GRAMMAR-MANUAL-ADV;source:REF-GRAMMAR-MANUAL-ELEM;source:REF-GRAMMAR-MANUAL-INTER;source:REF-HUANG-LIAO-MODERN-CHINESE;source:REF-LU-TCSL-GRAMMAR
2027,ASGD-2027-0050,edd7edec48fd3ea1,比较构式,比字比较候选,是目标语法点,是目标语法点,1,0.9969493746757507,0,candidate:比字比较候选;family:比较构式;rule:KG-RULE-V02-0053;rule:KG-RULE-V02-0054;source:REF-GF0025-2021;source:REF-GRAMMAR-MANUAL-ADV;source:REF-GRAMMAR-MANUAL-ELEM;source:REF-GRAMMAR-MANUAL-INTER;source:REF-LIU-PRACTICAL-GRAMMAR
2027,ASGD-2027-0054,99efb71cf9773430,处置/受事重组构式,把字句候选,是目标语法点,是目标语法点,1,0.9975118637084961,0,candidate:把字句候选;family:处置/受事重组构式;rule:KG-RULE-V02-0001;rule:KG-RULE-V02-0002;rule:KG-RULE-V02-0003;source:REF-GF0025-2021;source:REF-GRAMMAR-MANUAL-ELEM;source:REF-GRAMMAR-MANUAL-INTER;source:REF-LIU-PRACTICAL-GRAMMAR;source:REF-LU-TCSL-GRAMMAR
2027,ASGD-2027-0066,e7539f5a77f4d2d8,介词/框架结构,在字介词框架候选,是目标语法点,是目标语法点,1,0.996920108795166,0,candidate:在字介词框架候选;family:介词/框架结构;rule:KG-RULE-V02-0099;rule:KG-RULE-V02-0100;rule:KG-RULE-V02-0101;source:REF-GF0025-2021;source:REF-GRAMMAR-MANUAL-ADV;source:REF-GRAMMAR-MANUAL-ELEM;source:REF-GRAMMAR-MANUAL-INTER;source:REF-HUANG-LIAO-MODERN-CHINESE;source:REF-LU-TCSL-GRAMMAR
2027,ASGD-2027-0070,6a76e6f1d0f00ca2,比较构式,没有比较候选,不是目标语法点,不是目标语法点,1,0.9991626739501953,0,candidate:没有比较候选;family:比较构式;rule:KG-RULE-V02-0059;rule:KG-RULE-V02-0060;rule:KG-RULE-V02-0061;source:REF-GF0025-2021;source:REF-GRAMMAR-MANUAL-ADV;source:REF-GRAMMAR-MANUAL-ELEM;source:REF-GRAMMAR-MANUAL-INTER;source:REF-LIU-PRACTICAL-GRAMMAR
2027,ASGD-2027-0072,69fe3fa6a4fc3ec7,比较构式,没有比较候选,不是目标语法点,不是目标语法点,1,0.9989535808563232,0,candidate:没有比较候选;family:比较构式;rule:KG-RULE-V02-0059;rule:KG-RULE-V02-0060;rule:KG-RULE-V02-0061;source:REF-GF0025-2021;source:REF-GRAMMAR-MANUAL-ADV;source:REF-GRAMMAR-MANUAL-ELEM;source:REF-GRAMMAR-MANUAL-INTER;source:REF-LIU-PRACTICAL-GRAMMAR
2027,ASGD-2027-0081,e1297467a5c519ef,补语结构,数量/时量补语候选,是目标语法点,是目标语法点,1,0.9971753358840942,0,candidate:数量/时量补语候选;family:补语结构
2027,ASGD-2027-0084,0f3cb4e62bb68167,多谓词/论元结构,双宾/给予结构候选,是目标语法点,不是目标语法点,0,0.9954545497894287,0,candidate:双宾/给予结构候选;family:多谓词/论元结构
2027,ASGD-2027-0087,0bc1ebd14b4daef2,补语结构,趋向补语候选,是目标语法点,是目标语法点,1,0.9971917271614075,0,candidate:趋向补语候选;family:补语结构
2027,ASGD-2027-0094,c846014ae37e9773,多谓词/论元结构,双宾/给予结构候选,是目标语法点,是目标语法点,1,0.9959359169006348,0,candidate:双宾/给予结构候选;family:多谓词/论元结构
2027,ASGD-2027-0099,8ae5967d38c8ccdc,时间/处所功能结构,时间状语候选,是目标语法点,是目标语法点,1,0.9977082014083862,0,candidate:时间状语候选;family:时间/处所功能结构;rule:KG-RULE-V02-0030;rule:KG-RULE-V02-0031;rule:KG-RULE-V02-0032;source:REF-GF0025-2021;source:REF-GRAMMAR-MANUAL-ADV;source:REF-GRAMMAR-MANUAL-ELEM;source:REF-GRAMMAR-MANUAL-INTER;source:REF-HUANG-LIAO-MODERN-CHINESE
2027,ASGD-2027-0101,d6964c9a809f4643,复句关联结构,因为候选,是目标语法点,是目标语法点,1,0.9974753260612488,0,candidate:因为候选;family:复句关联结构
2027,ASGD-2027-0103,76cbec04013a8d5a,处置/受事重组构式,把字句候选,是目标语法点,是目标语法点,1,0.9975785613059998,0,candidate:把字句候选;family:处置/受事重组构式;rule:KG-RULE-V02-0001;rule:KG-RULE-V02-0002;rule:KG-RULE-V02-0003;source:REF-GF0025-2021;source:REF-GRAMMAR-MANUAL-ELEM;source:REF-GRAMMAR-MANUAL-INTER;source:REF-LIU-PRACTICAL-GRAMMAR;source:REF-LU-TCSL-GRAMMAR
2027,ASGD-2027-0104,4b11009ef6600b05,处置/受事重组构式,把字句候选,是目标语法点,是目标语法点,1,0.9962713718414307,0,candidate:把字句候选;family:处置/受事重组构式;rule:KG-RULE-V02-0001;rule:KG-RULE-V02-0002;rule:KG-RULE-V02-0003;source:REF-GF0025-2021;source:REF-GRAMMAR-MANUAL-ELEM;source:REF-GRAMMAR-MANUAL-INTER;source:REF-LIU-PRACTICAL-GRAMMAR;source:REF-LU-TCSL-GRAMMAR
2027,ASGD-2027-0105,eb5f271ec13aaea4,补语结构,数量/时量补语候选,是目标语法点,是目标语法点,1,0.9973015189170837,0,candidate:数量/时量补语候选;family:补语结构
2027,ASGD-2027-0106,74a1c33a00bf41a9,被动/受事凸显构式,被字句候选,是目标语法点,是目标语法点,1,0.9968286156654358,0,candidate:被字句候选;family:被动/受事凸显构式;rule:KG-RULE-V02-0022;rule:KG-RULE-V02-0024;source:REF-GF0025-2021;source:REF-GRAMMAR-MANUAL-ADV;source:REF-GRAMMAR-MANUAL-ELEM;source:REF-GRAMMAR-MANUAL-INTER;source:REF-LIU-PRACTICAL-GRAMMAR;source:REF-LU-TCSL-GRAMMAR
2027,ASGD-2027-0110,94e001a70ddfc03b,时间/处所功能结构,处所状语候选,是目标语法点,是目标语法点,1,0.991162896156311,0,candidate:处所状语候选;family:时间/处所功能结构;rule:KG-RULE-V02-0039;rule:KG-RULE-V02-0040;rule:KG-RULE-V02-0041;source:REF-GF0025-2021;source:REF-GRAMMAR-MANUAL-ELEM;source:REF-GRAMMAR-MANUAL-INTER;source:REF-HUANG-LIAO-MODERN-CHINESE
2027,ASGD-2027-0117,202d5242129b8a87,介词/框架结构,向/往/朝介词框架候选,是目标语法点,是目标语法点,1,0.9972129464149475,0,candidate:向/往/朝介词框架候选;family:介词/框架结构;rule:KG-RULE-V02-0125;rule:KG-RULE-V02-0126;rule:KG-RULE-V02-0127;source:REF-GF0025-2021;source:REF-GRAMMAR-MANUAL-ADV;source:REF-GRAMMAR-MANUAL-ELEM;source:REF-GRAMMAR-MANUAL-INTER;source:REF-HUANG-LIAO-MODERN-CHINESE;source:REF-LU-TCSL-GRAMMAR
2027,ASGD-2027-0120,1f20da28d78687a1,复句关联结构,即使候选,是目标语法点,是目标语法点,1,0.9973331689834595,0,candidate:即使候选;family:复句关联结构
2027,ASGD-2027-0124,b021a8c0c5196192,补语结构,数量/时量补语候选,是目标语法点,是目标语法点,1,0.9957286715507507,0,candidate:数量/时量补语候选;family:补语结构
2027,ASGD-2027-0132,4e98619fecb8d1ac,介词/框架结构,从字介词框架候选,是目标语法点,是目标语法点,1,0.9977583885192871,0,candidate:从字介词框架候选;family:介词/框架结构;rule:KG-RULE-V02-0109;rule:KG-RULE-V02-0110;source:REF-GF0025-2021;source:REF-GRAMMAR-MANUAL-ADV;source:REF-GRAMMAR-MANUAL-ELEM;source:REF-GRAMMAR-MANUAL-INTER;source:REF-HUANG-LIAO-MODERN-CHINESE;source:REF-LU-TCSL-GRAMMAR
2027,ASGD-2027-0134,f982a6457589c2d2,补语结构,结果补语候选,是目标语法点,是目标语法点,1,0.9971690773963928,0,candidate:结果补语候选;family:补语结构
2027,ASGD-2027-0142,7671a4de2f8dcae6,介词/框架结构,向/往/朝介词框架候选,是目标语法点,是目标语法点,1,0.9977141618728638,0,candidate:向/往/朝介词框架候选;family:介词/框架结构;rule:KG-RULE-V02-0125;rule:KG-RULE-V02-0126;rule:KG-RULE-V02-0127;source:REF-GF0025-2021;source:REF-GRAMMAR-MANUAL-ADV;source:REF-GRAMMAR-MANUAL-ELEM;source:REF-GRAMMAR-MANUAL-INTER;source:REF-HUANG-LIAO-MODERN-CHINESE;source:REF-LU-TCSL-GRAMMAR
2027,ASGD-2027-0149,036bebd138d88af5,多谓词/论元结构,双宾/给予结构候选,是目标语法点,是目标语法点,1,0.9962376356124878,0,candidate:双宾/给予结构候选;family:多谓词/论元结构
2027,ASGD-2027-0154,9e6841a3b5bddbb8,处置/受事重组构式,把字句候选,是目标语法点,是目标语法点,1,0.9964330196380615,0,candidate:把字句候选;family:处置/受事重组构式;rule:KG-RULE-V02-0001;rule:KG-RULE-V02-0002;rule:KG-RULE-V02-0003;source:REF-GF0025-2021;source:REF-GRAMMAR-MANUAL-ELEM;source:REF-GRAMMAR-MANUAL-INTER;source:REF-LIU-PRACTICAL-GRAMMAR;source:REF-LU-TCSL-GRAMMAR
2027,ASGD-2027-0157,d8edabb1827b00c0,时间/处所功能结构,时间状语候选,是目标语法点,是目标语法点,1,0.9979000091552734,0,candidate:时间状语候选;family:时间/处所功能结构;rule:KG-RULE-V02-0030;rule:KG-RULE-V02-0031;rule:KG-RULE-V02-0032;source:REF-GF0025-2021;source:REF-GRAMMAR-MANUAL-ADV;source:REF-GRAMMAR-MANUAL-ELEM;source:REF-GRAMMAR-MANUAL-INTER;source:REF-HUANG-LIAO-MODERN-CHINESE
2027,ASGD-2027-0162,e634e1c67b18e3db,多谓词/论元结构,双宾/给予结构候选,是目标语法点,是目标语法点,1,0.9966262578964233,0,candidate:双宾/给予结构候选;family:多谓词/论元结构
2027,ASGD-2027-0164,241293fda1fd2958,时间/处所功能结构,时间状语候选,是目标语法点,是目标语法点,1,0.9975905418395996,0,candidate:时间状语候选;family:时间/处所功能结构;rule:KG-RULE-V02-0030;rule:KG-RULE-V02-0031;rule:KG-RULE-V02-0032;source:REF-GF0025-2021;source:REF-GRAMMAR-MANUAL-ADV;source:REF-GRAMMAR-MANUAL-ELEM;source:REF-GRAMMAR-MANUAL-INTER;source:REF-HUANG-LIAO-MODERN-CHINESE
2027,ASGD-2027-0169,b7a39763637a0c42,复句关联结构,所以候选,是目标语法点,是目标语法点,1,0.9975942969322205,0,candidate:所以候选;family:复句关联结构
2027,ASGD-2027-0172,1af293cc37d460e9,处置/受事重组构式,把字句候选,是目标语法点,是目标语法点,1,0.9973257780075073,0,candidate:把字句候选;family:处置/受事重组构式;rule:KG-RULE-V02-0001;rule:KG-RULE-V02-0002;rule:KG-RULE-V02-0003;source:REF-GF0025-2021;source:REF-GRAMMAR-MANUAL-ELEM;source:REF-GRAMMAR-MANUAL-INTER;source:REF-LIU-PRACTICAL-GRAMMAR;source:REF-LU-TCSL-GRAMMAR
2027,ASGD-2027-0173,77884eacef82e477,处置/受事重组构式,把字句候选,是目标语法点,是目标语法点,1,0.9960691928863525,0,candidate:把字句候选;family:处置/受事重组构式;rule:KG-RULE-V02-0001;rule:KG-RULE-V02-0002;rule:KG-RULE-V02-0003;source:REF-GF0025-2021;source:REF-GRAMMAR-MANUAL-ELEM;source:REF-GRAMMAR-MANUAL-INTER;source:REF-LIU-PRACTICAL-GRAMMAR;source:REF-LU-TCSL-GRAMMAR
2027,ASGD-2027-0178,6a02e130daaafa77,比较构式,比字比较候选,是目标语法点,是目标语法点,1,0.9967149496078491,0,candidate:比字比较候选;family:比较构式;rule:KG-RULE-V02-0053;rule:KG-RULE-V02-0054;source:REF-GF0025-2021;source:REF-GRAMMAR-MANUAL-ADV;source:REF-GRAMMAR-MANUAL-ELEM;source:REF-GRAMMAR-MANUAL-INTER;source:REF-LIU-PRACTICAL-GRAMMAR
2027,ASGD-2027-0181,c146808f423bb80f,介词/框架结构,在字介词框架候选,是目标语法点,是目标语法点,1,0.9977085590362549,0,candidate:在字介词框架候选;family:介词/框架结构;rule:KG-RULE-V02-0099;rule:KG-RULE-V02-0100;rule:KG-RULE-V02-0101;source:REF-GF0025-2021;source:REF-GRAMMAR-MANUAL-ADV;source:REF-GRAMMAR-MANUAL-ELEM;source:REF-GRAMMAR-MANUAL-INTER;source:REF-HUANG-LIAO-MODERN-CHINESE;source:REF-LU-TCSL-GRAMMAR
2027,ASGD-2027-0182,cf1e7651f5f89a86,处置/受事重组构式,把字句候选,是目标语法点,是目标语法点,1,0.9974806904792786,0,candidate:把字句候选;family:处置/受事重组构式;rule:KG-RULE-V02-0001;rule:KG-RULE-V02-0002;rule:KG-RULE-V02-0003;source:REF-GF0025-2021;source:REF-GRAMMAR-MANUAL-ELEM;source:REF-GRAMMAR-MANUAL-INTER;source:REF-LIU-PRACTICAL-GRAMMAR;source:REF-LU-TCSL-GRAMMAR
2027,ASGD-2027-0188,5f3cf438ac5d263d,比较构式,比字比较候选,是目标语法点,是目标语法点,1,0.996229350566864,0,candidate:比字比较候选;family:比较构式;rule:KG-RULE-V02-0053;rule:KG-RULE-V02-0054;source:REF-GF0025-2021;source:REF-GRAMMAR-MANUAL-ADV;source:REF-GRAMMAR-MANUAL-ELEM;source:REF-GRAMMAR-MANUAL-INTER;source:REF-LIU-PRACTICAL-GRAMMAR
2027,ASGD-2027-0205,a2df9d40c59e94b0,比较构式,比字比较候选,不是目标语法点,不是目标语法点,1,0.9989823698997498,1,candidate:比字比较候选;family:比较构式;rule:KG-RULE-V02-0053;rule:KG-RULE-V02-0054;rule:KG-RULE-V02-0056;source:REF-GF0025-2021;source:REF-GRAMMAR-MANUAL-ADV;source:REF-GRAMMAR-MANUAL-ELEM;source:REF-GRAMMAR-MANUAL-INTER;source:REF-LIU-PRACTICAL-GRAMMAR
2027,ASGD-2027-0209,a21bdd127e85acf5,多谓词/论元结构,双宾/给予结构候选,是目标语法点,是目标语法点,1,0.9967736601829529,0,candidate:双宾/给予结构候选;family:多谓词/论元结构
2027,ASGD-2027-0210,2226b2ad628a9cd8,介词/框架结构,向/往/朝介词框架候选,是目标语法点,是目标语法点,1,0.9977027773857117,0,candidate:向/往/朝介词框架候选;family:介词/框架结构;rule:KG-RULE-V02-0125;rule:KG-RULE-V02-0126;rule:KG-RULE-V02-0127;source:REF-GF0025-2021;source:REF-GRAMMAR-MANUAL-ADV;source:REF-GRAMMAR-MANUAL-ELEM;source:REF-GRAMMAR-MANUAL-INTER;source:REF-HUANG-LIAO-MODERN-CHINESE;source:REF-LU-TCSL-GRAMMAR
2027,ASGD-2027-0214,17f47947b34c59d8,介词/框架结构,给/为/关于等介词框架候选,是目标语法点,是目标语法点,1,0.9966676831245422,0,candidate:给/为/关于等介词框架候选;family:介词/框架结构;rule:KG-RULE-V02-0135;rule:KG-RULE-V02-0136;rule:KG-RULE-V02-0137;source:REF-GF0025-2021;source:REF-GRAMMAR-MANUAL-ADV;source:REF-GRAMMAR-MANUAL-ELEM;source:REF-GRAMMAR-MANUAL-INTER;source:REF-HUANG-LIAO-MODERN-CHINESE;source:REF-LU-TCSL-GRAMMAR
2027,ASGD-2027-0230,65b498ba7521a0dc,介词/框架结构,给/为/关于等介词框架候选,是目标语法点,是目标语法点,1,0.996935248374939,0,candidate:给/为/关于等介词框架候选;family:介词/框架结构;rule:KG-RULE-V02-0135;rule:KG-RULE-V02-0136;rule:KG-RULE-V02-0137;source:REF-GF0025-2021;source:REF-GRAMMAR-MANUAL-ADV;source:REF-GRAMMAR-MANUAL-ELEM;source:REF-GRAMMAR-MANUAL-INTER;source:REF-HUANG-LIAO-MODERN-CHINESE;source:REF-LU-TCSL-GRAMMAR
2027,ASGD-2027-0241,4e3130161b2c5d2f,处置/受事重组构式,把字句候选,是目标语法点,是目标语法点,1,0.9972711205482483,0,candidate:把字句候选;family:处置/受事重组构式;rule:KG-RULE-V02-0001;rule:KG-RULE-V02-0002;rule:KG-RULE-V02-0003;source:REF-GF0025-2021;source:REF-GRAMMAR-MANUAL-ELEM;source:REF-GRAMMAR-MANUAL-INTER;source:REF-LIU-PRACTICAL-GRAMMAR;source:REF-LU-TCSL-GRAMMAR
2027,ASGD-2027-0242,d9978aeed10626c1,时间/处所功能结构,时间状语候选,是目标语法点,是目标语法点,1,0.9979616403579712,0,candidate:时间状语候选;family:时间/处所功能结构;rule:KG-RULE-V02-0030;rule:KG-RULE-V02-0031;rule:KG-RULE-V02-0032;source:REF-GF0025-2021;source:REF-GRAMMAR-MANUAL-ADV;source:REF-GRAMMAR-MANUAL-ELEM;source:REF-GRAMMAR-MANUAL-INTER;source:REF-HUANG-LIAO-MODERN-CHINESE
2027,ASGD-2027-0252,c4170a0d24ae8b76,时间/处所功能结构,时间状语候选,是目标语法点,是目标语法点,1,0.9981012940406799,0,candidate:时间状语候选;family:时间/处所功能结构;rule:KG-RULE-V02-0030;rule:KG-RULE-V02-0031;rule:KG-RULE-V02-0032;source:REF-GF0025-2021;source:REF-GRAMMAR-MANUAL-ADV;source:REF-GRAMMAR-MANUAL-ELEM;source:REF-GRAMMAR-MANUAL-INTER;source:REF-HUANG-LIAO-MODERN-CHINESE
2027,ASGD-2027-0256,a3dd5f4b9d9b56ed,时间/处所功能结构,时间状语候选,是目标语法点,是目标语法点,1,0.9977980852127075,0,candidate:时间状语候选;family:时间/处所功能结构;rule:KG-RULE-V02-0030;rule:KG-RULE-V02-0031;rule:KG-RULE-V02-0032;source:REF-GF0025-2021;source:REF-GRAMMAR-MANUAL-ADV;source:REF-GRAMMAR-MANUAL-ELEM;source:REF-GRAMMAR-MANUAL-INTER;source:REF-HUANG-LIAO-MODERN-CHINESE
2027,ASGD-2027-0257,46dfafc46a9ffc43,补语结构,得字补语候选,是目标语法点,不是目标语法点,0,0.9962736368179321,0,candidate:得字补语候选;family:补语结构;rule:KG-RULE-V02-0047;rule:KG-RULE-V02-0049;source:REF-GF0025-2021;source:REF-GRAMMAR-MANUAL-ADV;source:REF-GRAMMAR-MANUAL-ELEM;source:REF-GRAMMAR-MANUAL-INTER;source:REF-HUANG-LIAO-MODERN-CHINESE;source:REF-LIU-PRACTICAL-GRAMMAR
2027,ASGD-2027-0266,521c5e6867b711de,补语结构,趋向补语候选,是目标语法点,是目标语法点,1,0.9968693852424622,0,candidate:趋向补语候选;family:补语结构
2027,ASGD-2027-0269,406067b5c2d1fb35,被动/受事凸显构式,被字句候选,是目标语法点,是目标语法点,1,0.997438907623291,0,candidate:被字句候选;family:被动/受事凸显构式;rule:KG-RULE-V02-0022;rule:KG-RULE-V02-0024;source:REF-GF0025-2021;source:REF-GRAMMAR-MANUAL-ADV;source:REF-GRAMMAR-MANUAL-ELEM;source:REF-GRAMMAR-MANUAL-INTER;source:REF-LIU-PRACTICAL-GRAMMAR;source:REF-LU-TCSL-GRAMMAR
2027,ASGD-2027-0275,94e001a70ddfc03b,时间/处所功能结构,处所状语候选,不是目标语法点,是目标语法点,0,0.9371777772903442,0,candidate:处所状语候选;family:时间/处所功能结构;rule:KG-RULE-V02-0042;source:REF-GF0025-2021;source:REF-GRAMMAR-MANUAL-ELEM;source:REF-GRAMMAR-MANUAL-INTER;source:REF-HUANG-LIAO-MODERN-CHINESE
2027,ASGD-2027-0276,85ee304f69f02fc0,时间/处所功能结构,时间状语候选,是目标语法点,是目标语法点,1,0.997627317905426,0,candidate:时间状语候选;family:时间/处所功能结构;rule:KG-RULE-V02-0030;rule:KG-RULE-V02-0031;rule:KG-RULE-V02-0032;source:REF-GF0025-2021;source:REF-GRAMMAR-MANUAL-ADV;source:REF-GRAMMAR-MANUAL-ELEM;source:REF-GRAMMAR-MANUAL-INTER;source:REF-HUANG-LIAO-MODERN-CHINESE
2027,ASGD-2027-0291,67f6ef8cc769e8ef,补语结构,趋向补语候选,是目标语法点,是目标语法点,1,0.992127537727356,0,candidate:趋向补语候选;family:补语结构
2027,ASGD-2027-0293,31b3f0ef26d95010,时间/处所功能结构,处所状语候选,是目标语法点,是目标语法点,1,0.996964156627655,0,candidate:处所状语候选;family:时间/处所功能结构;rule:KG-RULE-V02-0039;rule:KG-RULE-V02-0040;rule:KG-RULE-V02-0041;source:REF-GF0025-2021;source:REF-GRAMMAR-MANUAL-ELEM;source:REF-GRAMMAR-MANUAL-INTER;source:REF-HUANG-LIAO-MODERN-CHINESE
2027,ASGD-2027-0296,32a42dc319d7ec96,比较构式,比字比较候选,不是目标语法点,不是目标语法点,1,0.9988728165626526,1,candidate:比字比较候选;family:比较构式;rule:KG-RULE-V02-0053;rule:KG-RULE-V02-0054;rule:KG-RULE-V02-0056;source:REF-GF0025-2021;source:REF-GRAMMAR-MANUAL-ADV;source:REF-GRAMMAR-MANUAL-ELEM;source:REF-GRAMMAR-MANUAL-INTER;source:REF-LIU-PRACTICAL-GRAMMAR
2027,ASGD-2027-0297,fdb399eba8569a01,处置/受事重组构式,把字句候选,是目标语法点,是目标语法点,1,0.9962500929832458,0,candidate:把字句候选;family:处置/受事重组构式;rule:KG-RULE-V02-0001;rule:KG-RULE-V02-0002;rule:KG-RULE-V02-0003;source:REF-GF0025-2021;source:REF-GRAMMAR-MANUAL-ELEM;source:REF-GRAMMAR-MANUAL-INTER;source:REF-LIU-PRACTICAL-GRAMMAR;source:REF-LU-TCSL-GRAMMAR
2027,ASGD-2027-0299,596a8d91e237006e,时间/处所功能结构,处所状语候选,是目标语法点,是目标语法点,1,0.9921857714653015,0,candidate:处所状语候选;family:时间/处所功能结构;rule:KG-RULE-V02-0042;source:REF-GF0025-2021;source:REF-GRAMMAR-MANUAL-ELEM;source:REF-GRAMMAR-MANUAL-INTER;source:REF-HUANG-LIAO-MODERN-CHINESE
2027,ASGD-2027-0307,938c6d44cfad8329,比较构式,比字比较候选,是目标语法点,是目标语法点,1,0.9969258904457092,0,candidate:比字比较候选;family:比较构式;rule:KG-RULE-V02-0053;rule:KG-RULE-V02-0054;source:REF-GF0025-2021;source:REF-GRAMMAR-MANUAL-ADV;source:REF-GRAMMAR-MANUAL-ELEM;source:REF-GRAMMAR-MANUAL-INTER;source:REF-LIU-PRACTICAL-GRAMMAR
2027,ASGD-2027-0322,8e8206bc25d628fd,复句关联结构,既然候选,是目标语法点,是目标语法点,1,0.9977989792823792,0,candidate:既然候选;family:复句关联结构
2027,ASGD-2027-0330,deaaee80fca1eccc,被动/受事凸显构式,被字句候选,是目标语法点,是目标语法点,1,0.9968904852867126,0,candidate:被字句候选;family:被动/受事凸显构式;rule:KG-RULE-V02-0022;rule:KG-RULE-V02-0024;source:REF-GF0025-2021;source:REF-GRAMMAR-MANUAL-ADV;source:REF-GRAMMAR-MANUAL-ELEM;source:REF-GRAMMAR-MANUAL-INTER;source:REF-LIU-PRACTICAL-GRAMMAR;source:REF-LU-TCSL-GRAMMAR
2027,ASGD-2027-0332,e04433d907b4ae95,复句关联结构,所以候选,是目标语法点,是目标语法点,1,0.9975072741508484,0,candidate:所以候选;family:复句关联结构
2027,ASGD-2027-0335,dc7ff88fe827eaab,介词/框架结构,在字介词框架候选,是目标语法点,是目标语法点,1,0.9976567029953003,0,candidate:在字介词框架候选;family:介词/框架结构;rule:KG-RULE-V02-0099;rule:KG-RULE-V02-0100;rule:KG-RULE-V02-0101;source:REF-GF0025-2021;source:REF-GRAMMAR-MANUAL-ADV;source:REF-GRAMMAR-MANUAL-ELEM;source:REF-GRAMMAR-MANUAL-INTER;source:REF-HUANG-LIAO-MODERN-CHINESE;source:REF-LU-TCSL-GRAMMAR
2027,ASGD-2027-0341,d635616779b406fe,比较构式,不如比较候选,是目标语法点,是目标语法点,1,0.9959031939506531,0,candidate:不如比较候选;family:比较构式;rule:KG-RULE-V02-0079;rule:KG-RULE-V02-0080;rule:KG-RULE-V02-0081;source:REF-GF0025-2021;source:REF-GRAMMAR-MANUAL-ADV;source:REF-GRAMMAR-MANUAL-ELEM;source:REF-GRAMMAR-MANUAL-INTER;source:REF-LIU-PRACTICAL-GRAMMAR
2027,ASGD-2027-0344,306f9ff303b16761,介词/框架结构,给/为/关于等介词框架候选,是目标语法点,是目标语法点,1,0.9970957040786743,0,candidate:给/为/关于等介词框架候选;family:介词/框架结构;rule:KG-RULE-V02-0135;rule:KG-RULE-V02-0136;rule:KG-RULE-V02-0137;source:REF-GF0025-2021;source:REF-GRAMMAR-MANUAL-ADV;source:REF-GRAMMAR-MANUAL-ELEM;source:REF-GRAMMAR-MANUAL-INTER;source:REF-HUANG-LIAO-MODERN-CHINESE;source:REF-LU-TCSL-GRAMMAR
2027,ASGD-2027-0345,3e1351d4f2318393,处置/受事重组构式,把字句候选,是目标语法点,是目标语法点,1,0.9964950680732727,0,candidate:把字句候选;family:处置/受事重组构式;rule:KG-RULE-V02-0001;rule:KG-RULE-V02-0002;rule:KG-RULE-V02-0003;source:REF-GF0025-2021;source:REF-GRAMMAR-MANUAL-ELEM;source:REF-GRAMMAR-MANUAL-INTER;source:REF-LIU-PRACTICAL-GRAMMAR;source:REF-LU-TCSL-GRAMMAR
2027,ASGD-2027-0354,03804f74e24696df,时间/处所功能结构,时间状语候选,是目标语法点,是目标语法点,1,0.9974839687347412,0,candidate:时间状语候选;family:时间/处所功能结构;rule:KG-RULE-V02-0030;rule:KG-RULE-V02-0031;rule:KG-RULE-V02-0032;source:REF-GF0025-2021;source:REF-GRAMMAR-MANUAL-ADV;source:REF-GRAMMAR-MANUAL-ELEM;source:REF-GRAMMAR-MANUAL-INTER;source:REF-HUANG-LIAO-MODERN-CHINESE
2027,ASGD-2027-0360,d99fe87098c5c82b,复句关联结构,如果候选,是目标语法点,是目标语法点,1,0.9979373216629028,0,candidate:如果候选;family:复句关联结构
2027,ASGD-2027-0361,70088a648ea66939,补语结构,数量/时量补语候选,是目标语法点,是目标语法点,1,0.996189534664154,0,candidate:数量/时量补语候选;family:补语结构
2027,ASGD-2027-0362,576ba962706c607f,处置/受事重组构式,把字句候选,是目标语法点,是目标语法点,1,0.9974634647369385,0,candidate:把字句候选;family:处置/受事重组构式;rule:KG-RULE-V02-0001;rule:KG-RULE-V02-0002;rule:KG-RULE-V02-0003;source:REF-GF0025-2021;source:REF-GRAMMAR-MANUAL-ELEM;source:REF-GRAMMAR-MANUAL-INTER;source:REF-LIU-PRACTICAL-GRAMMAR;source:REF-LU-TCSL-GRAMMAR
2027,ASGD-2027-0369,72840cb94403c726,时间/处所功能结构,时间状语候选,是目标语法点,是目标语法点,1,0.9976619482040405,0,candidate:时间状语候选;family:时间/处所功能结构;rule:KG-RULE-V02-0033;source:REF-GF0025-2021;source:REF-GRAMMAR-MANUAL-ADV;source:REF-GRAMMAR-MANUAL-ELEM;source:REF-GRAMMAR-MANUAL-INTER;source:REF-HUANG-LIAO-MODERN-CHINESE
2027,ASGD-2027-0387,504a0f68ed130ea5,介词/框架结构,在字介词框架候选,是目标语法点,是目标语法点,1,0.997678816318512,0,candidate:在字介词框架候选;family:介词/框架结构;rule:KG-RULE-V02-0099;rule:KG-RULE-V02-0100;rule:KG-RULE-V02-0101;source:REF-GF0025-2021;source:REF-GRAMMAR-MANUAL-ADV;source:REF-GRAMMAR-MANUAL-ELEM;source:REF-GRAMMAR-MANUAL-INTER;source:REF-HUANG-LIAO-MODERN-CHINESE;source:REF-LU-TCSL-GRAMMAR
2027,ASGD-2027-0390,ffc1ccdea37d796c,时间/处所功能结构,时间状语候选,是目标语法点,是目标语法点,1,0.9977558255195618,0,candidate:时间状语候选;family:时间/处所功能结构;rule:KG-RULE-V02-0033;source:REF-GF0025-2021;source:REF-GRAMMAR-MANUAL-ADV;source:REF-GRAMMAR-MANUAL-ELEM;source:REF-GRAMMAR-MANUAL-INTER;source:REF-HUANG-LIAO-MODERN-CHINESE
2027,ASGD-2027-0394,ff64d2d11ab3d681,补语结构,结果补语候选,是目标语法点,是目标语法点,1,0.9975125789642334,0,candidate:结果补语候选;family:补语结构
2027,ASGD-2027-0410,3db3fe3a4aff9643,时间/处所功能结构,时间状语候选,是目标语法点,是目标语法点,1,0.9972119927406311,0,candidate:时间状语候选;family:时间/处所功能结构;rule:KG-RULE-V02-0030;rule:KG-RULE-V02-0031;rule:KG-RULE-V02-0032;source:REF-GF0025-2021;source:REF-GRAMMAR-MANUAL-ADV;source:REF-GRAMMAR-MANUAL-ELEM;source:REF-GRAMMAR-MANUAL-INTER;source:REF-HUANG-LIAO-MODERN-CHINESE
2027,ASGD-2027-0411,a797aeb82da00420,补语结构,结果补语候选,是目标语法点,是目标语法点,1,0.9966577291488647,0,candidate:结果补语候选;family:补语结构
2027,ASGD-2027-0427,8d5cba9a43449c43,补语结构,结果补语候选,是目标语法点,是目标语法点,1,0.9973648190498352,0,candidate:结果补语候选;family:补语结构
2027,ASGD-2027-0429,83fc829d95437474,复句关联结构,所以候选,是目标语法点,是目标语法点,1,0.9978207349777222,0,candidate:所以候选;family:复句关联结构
2027,ASGD-2027-0430,e99efaded0cc2a2e,介词/框架结构,在字介词框架候选,是目标语法点,是目标语法点,1,0.9977395534515381,0,candidate:在字介词框架候选;family:介词/框架结构;rule:KG-RULE-V02-0099;rule:KG-RULE-V02-0100;rule:KG-RULE-V02-0101;source:REF-GF0025-2021;source:REF-GRAMMAR-MANUAL-ADV;source:REF-GRAMMAR-MANUAL-ELEM;source:REF-GRAMMAR-MANUAL-INTER;source:REF-HUANG-LIAO-MODERN-CHINESE;source:REF-LU-TCSL-GRAMMAR
2027,ASGD-2027-0431,e13dabcee8622a1c,复句关联结构,既然候选,是目标语法点,是目标语法点,1,0.9977067708969116,0,candidate:既然候选;family:复句关联结构
2027,ASGD-2027-0433,0d4abc28bb3cec6b,时间/处所功能结构,时间状语候选,是目标语法点,是目标语法点,1,0.9978176355361938,0,candidate:时间状语候选;family:时间/处所功能结构;rule:KG-RULE-V02-0030;rule:KG-RULE-V02-0031;rule:KG-RULE-V02-0032;source:REF-GF0025-2021;source:REF-GRAMMAR-MANUAL-ADV;source:REF-GRAMMAR-MANUAL-ELEM;source:REF-GRAMMAR-MANUAL-INTER;source:REF-HUANG-LIAO-MODERN-CHINESE
2027,ASGD-2027-0434,055d91acacb6cf9e,时间/处所功能结构,时间状语候选,是目标语法点,是目标语法点,1,0.9961571097373962,0,candidate:时间状语候选;family:时间/处所功能结构;rule:KG-RULE-V02-0030;rule:KG-RULE-V02-0031;rule:KG-RULE-V02-0032;source:REF-GF0025-2021;source:REF-GRAMMAR-MANUAL-ADV;source:REF-GRAMMAR-MANUAL-ELEM;source:REF-GRAMMAR-MANUAL-INTER;source:REF-HUANG-LIAO-MODERN-CHINESE
2027,ASGD-2027-0436,47076a67c72b5fc4,比较构式,没有比较候选,不是目标语法点,不是目标语法点,1,0.9991276860237122,0,candidate:没有比较候选;family:比较构式;rule:KG-RULE-V02-0059;rule:KG-RULE-V02-0060;rule:KG-RULE-V02-0061;source:REF-GF0025-2021;source:REF-GRAMMAR-MANUAL-ADV;source:REF-GRAMMAR-MANUAL-ELEM;source:REF-GRAMMAR-MANUAL-INTER;source:REF-LIU-PRACTICAL-GRAMMAR
2027,ASGD-2027-0441,c454b0b1f78baa92,被动/受事凸显构式,被字句候选,是目标语法点,不是目标语法点,0,0.9860966801643372,0,candidate:被字句候选;family:被动/受事凸显构式;rule:KG-RULE-V02-0022;rule:KG-RULE-V02-0024;source:REF-GF0025-2021;source:REF-GRAMMAR-MANUAL-ADV;source:REF-GRAMMAR-MANUAL-ELEM;source:REF-GRAMMAR-MANUAL-INTER;source:REF-LIU-PRACTICAL-GRAMMAR;source:REF-LU-TCSL-GRAMMAR
2027,ASGD-2027-0445,28e6fbdd4b35afe8,被动/受事凸显构式,被字句候选,不是目标语法点,不是目标语法点,1,0.9114298224449158,0,candidate:被字句候选;family:被动/受事凸显构式;rule:KG-RULE-V02-0022;rule:KG-RULE-V02-0024;source:REF-GF0025-2021;source:REF-GRAMMAR-MANUAL-ADV;source:REF-GRAMMAR-MANUAL-ELEM;source:REF-GRAMMAR-MANUAL-INTER;source:REF-LIU-PRACTICAL-GRAMMAR;source:REF-LU-TCSL-GRAMMAR
2027,ASGD-2027-0446,9f62ee52f7fcd686,复句关联结构,既然候选,是目标语法点,是目标语法点,1,0.9977454543113708,0,candidate:既然候选;family:复句关联结构
2027,ASGD-2027-0463,968b0178ea343796,补语结构,结果补语候选,是目标语法点,是目标语法点,1,0.9973123073577881,0,candidate:结果补语候选;family:补语结构
2027,ASGD-2027-0480,d9b5e54c2ce99d85,复句关联结构,虽然候选,是目标语法点,是目标语法点,1,0.9975785613059998,0,candidate:虽然候选;family:复句关联结构
2027,ASGD-2027-0484,10011da62d0c386e,处置/受事重组构式,把字句候选,是目标语法点,是目标语法点,1,0.9970929622650146,0,candidate:把字句候选;family:处置/受事重组构式;rule:KG-RULE-V02-0001;rule:KG-RULE-V02-0002;rule:KG-RULE-V02-0003;source:REF-GF0025-2021;source:REF-GRAMMAR-MANUAL-ELEM;source:REF-GRAMMAR-MANUAL-INTER;source:REF-LIU-PRACTICAL-GRAMMAR;source:REF-LU-TCSL-GRAMMAR
2027,ASGD-2027-0488,a635dfa83adad7fc,介词/框架结构,给/为/关于等介词框架候选,是目标语法点,是目标语法点,1,0.9974828362464905,0,candidate:给/为/关于等介词框架候选;family:介词/框架结构;rule:KG-RULE-V02-0135;rule:KG-RULE-V02-0136;rule:KG-RULE-V02-0137;source:REF-GF0025-2021;source:REF-GRAMMAR-MANUAL-ADV;source:REF-GRAMMAR-MANUAL-ELEM;source:REF-GRAMMAR-MANUAL-INTER;source:REF-HUANG-LIAO-MODERN-CHINESE;source:REF-LU-TCSL-GRAMMAR
2027,ASGD-2027-0503,a978c61a3dc509ec,时间/处所功能结构,时间状语候选,是目标语法点,是目标语法点,1,0.9978669285774231,0,candidate:时间状语候选;family:时间/处所功能结构;rule:KG-RULE-V02-0033;source:REF-GF0025-2021;source:REF-GRAMMAR-MANUAL-ADV;source:REF-GRAMMAR-MANUAL-ELEM;source:REF-GRAMMAR-MANUAL-INTER;source:REF-HUANG-LIAO-MODERN-CHINESE
2027,ASGD-2027-0507,6671fc591cbe17b2,处置/受事重组构式,把字句候选,是目标语法点,是目标语法点,1,0.9974096417427063,0,candidate:把字句候选;family:处置/受事重组构式;rule:KG-RULE-V02-0001;rule:KG-RULE-V02-0002;rule:KG-RULE-V02-0003;source:REF-GF0025-2021;source:REF-GRAMMAR-MANUAL-ELEM;source:REF-GRAMMAR-MANUAL-INTER;source:REF-LIU-PRACTICAL-GRAMMAR;source:REF-LU-TCSL-GRAMMAR
2027,ASGD-2027-0510,b9baf1495aee9ff3,处置/受事重组构式,把字句候选,不是目标语法点,是目标语法点,0,0.9901300072669983,0,candidate:把字句候选;family:处置/受事重组构式;rule:KG-RULE-V02-0001;rule:KG-RULE-V02-0005;source:REF-GF0025-2021;source:REF-GRAMMAR-MANUAL-ELEM;source:REF-GRAMMAR-MANUAL-INTER;source:REF-LIU-PRACTICAL-GRAMMAR;source:REF-LU-TCSL-GRAMMAR
2027,ASGD-2027-0513,3ebf0706a27fc142,处置/受事重组构式,把字句候选,是目标语法点,是目标语法点,1,0.9950022101402283,0,candidate:把字句候选;family:处置/受事重组构式;rule:KG-RULE-V02-0001;rule:KG-RULE-V02-0002;rule:KG-RULE-V02-0003;source:REF-GF0025-2021;source:REF-GRAMMAR-MANUAL-ELEM;source:REF-GRAMMAR-MANUAL-INTER;source:REF-LIU-PRACTICAL-GRAMMAR;source:REF-LU-TCSL-GRAMMAR
2027,ASGD-2027-0516,22c7493e61e4f61f,介词/框架结构,向/往/朝介词框架候选,是目标语法点,是目标语法点,1,0.9974017143249512,0,candidate:向/往/朝介词框架候选;family:介词/框架结构;rule:KG-RULE-V02-0125;rule:KG-RULE-V02-0126;rule:KG-RULE-V02-0127;source:REF-GF0025-2021;source:REF-GRAMMAR-MANUAL-ADV;source:REF-GRAMMAR-MANUAL-ELEM;source:REF-GRAMMAR-MANUAL-INTER;source:REF-HUANG-LIAO-MODERN-CHINESE;source:REF-LU-TCSL-GRAMMAR
2027,ASGD-2027-0517,5c7ebd1aff981270,比较构式,比字比较候选,不是目标语法点,不是目标语法点,1,0.9990276098251343,1,candidate:比字比较候选;family:比较构式;rule:KG-RULE-V02-0053;rule:KG-RULE-V02-0054;rule:KG-RULE-V02-0056;source:REF-GF0025-2021;source:REF-GRAMMAR-MANUAL-ADV;source:REF-GRAMMAR-MANUAL-ELEM;source:REF-GRAMMAR-MANUAL-INTER;source:REF-LIU-PRACTICAL-GRAMMAR
2027,ASGD-2027-0520,4e98619fecb8d1ac,时间/处所功能结构,处所状语候选,是目标语法点,不是目标语法点,0,0.9144055247306824,0,candidate:处所状语候选;family:时间/处所功能结构;rule:KG-RULE-V02-0042;source:REF-GF0025-2021;source:REF-GRAMMAR-MANUAL-ELEM;source:REF-GRAMMAR-MANUAL-INTER;source:REF-HUANG-LIAO-MODERN-CHINESE
2027,ASGD-2027-0530,6e731afd0f1ec757,处置/受事重组构式,把字句候选,是目标语法点,是目标语法点,1,0.9977375268936157,0,candidate:把字句候选;family:处置/受事重组构式;rule:KG-RULE-V02-0001;rule:KG-RULE-V02-0002;rule:KG-RULE-V02-0003;source:REF-GF0025-2021;source:REF-GRAMMAR-MANUAL-ELEM;source:REF-GRAMMAR-MANUAL-INTER;source:REF-LIU-PRACTICAL-GRAMMAR;source:REF-LU-TCSL-GRAMMAR
2027,ASGD-2027-0536,1699d0f2ffc1708c,时间/处所功能结构,处所状语候选,是目标语法点,是目标语法点,1,0.989425778388977,0,candidate:处所状语候选;family:时间/处所功能结构;rule:KG-RULE-V02-0042;source:REF-GF0025-2021;source:REF-GRAMMAR-MANUAL-ELEM;source:REF-GRAMMAR-MANUAL-INTER;source:REF-HUANG-LIAO-MODERN-CHINESE
2027,ASGD-2027-0538,4fda91bba85c6c28,比较构式,没有比较候选,不是目标语法点,不是目标语法点,1,0.9990665316581726,0,candidate:没有比较候选;family:比较构式;rule:KG-RULE-V02-0059;rule:KG-RULE-V02-0060;rule:KG-RULE-V02-0061;source:REF-GF0025-2021;source:REF-GRAMMAR-MANUAL-ADV;source:REF-GRAMMAR-MANUAL-ELEM;source:REF-GRAMMAR-MANUAL-INTER;source:REF-LIU-PRACTICAL-GRAMMAR
2027,ASGD-2027-0539,74a8b60592741ba9,介词/框架结构,从字介词框架候选,是目标语法点,是目标语法点,1,0.9976630210876465,0,candidate:从字介词框架候选;family:介词/框架结构;rule:KG-RULE-V02-0109;rule:KG-RULE-V02-0110;source:REF-GF0025-2021;source:REF-GRAMMAR-MANUAL-ADV;source:REF-GRAMMAR-MANUAL-ELEM;source:REF-GRAMMAR-MANUAL-INTER;source:REF-HUANG-LIAO-MODERN-CHINESE;source:REF-LU-TCSL-GRAMMAR
2027,ASGD-2027-0544,1be3702fc5629ab4,比较构式,越...越候选,是目标语法点,是目标语法点,1,0.9970445036888123,0,candidate:越...越候选;family:比较构式;rule:KG-RULE-V02-0069;rule:KG-RULE-V02-0070;rule:KG-RULE-V02-0071;source:REF-GF0025-2021;source:REF-GRAMMAR-MANUAL-ADV;source:REF-GRAMMAR-MANUAL-ELEM;source:REF-GRAMMAR-MANUAL-INTER;source:REF-LIU-PRACTICAL-GRAMMAR
2027,ASGD-2027-0546,71f407cf6de2b603,处置/受事重组构式,把字句候选,是目标语法点,是目标语法点,1,0.9974531531333923,0,candidate:把字句候选;family:处置/受事重组构式;rule:KG-RULE-V02-0001;rule:KG-RULE-V02-0002;rule:KG-RULE-V02-0003;source:REF-GF0025-2021;source:REF-GRAMMAR-MANUAL-ELEM;source:REF-GRAMMAR-MANUAL-INTER;source:REF-LIU-PRACTICAL-GRAMMAR;source:REF-LU-TCSL-GRAMMAR
2027,ASGD-2027-0551,f9c9ebcd886189c9,处置/受事重组构式,把字句候选,是目标语法点,是目标语法点,1,0.9974532723426819,0,candidate:把字句候选;family:处置/受事重组构式;rule:KG-RULE-V02-0001;rule:KG-RULE-V02-0002;rule:KG-RULE-V02-0003;source:REF-GF0025-2021;source:REF-GRAMMAR-MANUAL-ELEM;source:REF-GRAMMAR-MANUAL-INTER;source:REF-LIU-PRACTICAL-GRAMMAR;source:REF-LU-TCSL-GRAMMAR
2027,ASGD-2027-0554,661b3a28c12634c4,比较构式,比字比较候选,是目标语法点,是目标语法点,1,0.9959422945976257,0,candidate:比字比较候选;family:比较构式;rule:KG-RULE-V02-0053;rule:KG-RULE-V02-0054;source:REF-GF0025-2021;source:REF-GRAMMAR-MANUAL-ADV;source:REF-GRAMMAR-MANUAL-ELEM;source:REF-GRAMMAR-MANUAL-INTER;source:REF-LIU-PRACTICAL-GRAMMAR
2027,ASGD-2027-0555,40e845fefe1a2105,复句关联结构,因为候选,是目标语法点,是目标语法点,1,0.9974707365036011,0,candidate:因为候选;family:复句关联结构
2027,ASGD-2027-0558,280e439a6417d7af,介词/框架结构,在字介词框架候选,是目标语法点,是目标语法点,1,0.9283006191253662,0,candidate:在字介词框架候选;family:介词/框架结构;rule:KG-RULE-V02-0099;rule:KG-RULE-V02-0100;rule:KG-RULE-V02-0101;source:REF-GF0025-2021;source:REF-GRAMMAR-MANUAL-ADV;source:REF-GRAMMAR-MANUAL-ELEM;source:REF-GRAMMAR-MANUAL-INTER;source:REF-HUANG-LIAO-MODERN-CHINESE;source:REF-LU-TCSL-GRAMMAR
2027,ASGD-2027-0570,a49380689a842a1d,时间/处所功能结构,处所状语候选,是目标语法点,是目标语法点,1,0.9750497937202454,0,candidate:处所状语候选;family:时间/处所功能结构;rule:KG-RULE-V02-0039;rule:KG-RULE-V02-0040;rule:KG-RULE-V02-0041;source:REF-GF0025-2021;source:REF-GRAMMAR-MANUAL-ELEM;source:REF-GRAMMAR-MANUAL-INTER;source:REF-HUANG-LIAO-MODERN-CHINESE
2027,ASGD-2027-0574,906d0ed4131d065f,介词/框架结构,在字介词框架候选,是目标语法点,是目标语法点,1,0.9976401329040527,0,candidate:在字介词框架候选;family:介词/框架结构;rule:KG-RULE-V02-0099;rule:KG-RULE-V02-0100;rule:KG-RULE-V02-0101;source:REF-GF0025-2021;source:REF-GRAMMAR-MANUAL-ADV;source:REF-GRAMMAR-MANUAL-ELEM;source:REF-GRAMMAR-MANUAL-INTER;source:REF-HUANG-LIAO-MODERN-CHINESE;source:REF-LU-TCSL-GRAMMAR
2027,ASGD-2027-0583,38a7f46335326812,介词/框架结构,给/为/关于等介词框架候选,不是目标语法点,不是目标语法点,1,0.9928841590881348,0,candidate:给/为/关于等介词框架候选;family:介词/框架结构;rule:KG-RULE-V02-0135;rule:KG-RULE-V02-0136;rule:KG-RULE-V02-0137;source:REF-GF0025-2021;source:REF-GRAMMAR-MANUAL-ADV;source:REF-GRAMMAR-MANUAL-ELEM;source:REF-GRAMMAR-MANUAL-INTER;source:REF-HUANG-LIAO-MODERN-CHINESE;source:REF-LU-TCSL-GRAMMAR
2027,ASGD-2027-0586,39223b85a9080b56,复句关联结构,如果候选,是目标语法点,是目标语法点,1,0.9976879358291626,0,candidate:如果候选;family:复句关联结构
2027,ASGD-2027-0598,56095b69d770047e,多谓词/论元结构,双宾/给予结构候选,是目标语法点,是目标语法点,1,0.9963265061378479,0,candidate:双宾/给予结构候选;family:多谓词/论元结构
2027,ASGD-2027-0601,fc4b38af1668f476,比较构式,没有比较候选,不是目标语法点,不是目标语法点,1,0.9987258315086365,0,candidate:没有比较候选;family:比较构式;rule:KG-RULE-V02-0059;rule:KG-RULE-V02-0060;rule:KG-RULE-V02-0061;source:REF-GF0025-2021;source:REF-GRAMMAR-MANUAL-ADV;source:REF-GRAMMAR-MANUAL-ELEM;source:REF-GRAMMAR-MANUAL-INTER;source:REF-LIU-PRACTICAL-GRAMMAR
2027,ASGD-2027-0609,7d766767cdc381c8,补语结构,得字补语候选,是目标语法点,是目标语法点,1,0.9970146417617798,0,candidate:得字补语候选;family:补语结构;rule:KG-RULE-V02-0047;rule:KG-RULE-V02-0049;source:REF-GF0025-2021;source:REF-GRAMMAR-MANUAL-ADV;source:REF-GRAMMAR-MANUAL-ELEM;source:REF-GRAMMAR-MANUAL-INTER;source:REF-HUANG-LIAO-MODERN-CHINESE;source:REF-LIU-PRACTICAL-GRAMMAR
2027,ASGD-2027-0611,e04433d907b4ae95,介词/框架结构,向/往/朝介词框架候选,是目标语法点,是目标语法点,1,0.9977329969406128,0,candidate:向/往/朝介词框架候选;family:介词/框架结构;rule:KG-RULE-V02-0125;rule:KG-RULE-V02-0126;rule:KG-RULE-V02-0127;source:REF-GF0025-2021;source:REF-GRAMMAR-MANUAL-ADV;source:REF-GRAMMAR-MANUAL-ELEM;source:REF-GRAMMAR-MANUAL-INTER;source:REF-HUANG-LIAO-MODERN-CHINESE;source:REF-LU-TCSL-GRAMMAR
2027,ASGD-2027-0621,f52dab014375ce20,时间/处所功能结构,时间状语候选,是目标语法点,是目标语法点,1,0.99775630235672,0,candidate:时间状语候选;family:时间/处所功能结构;rule:KG-RULE-V02-0030;rule:KG-RULE-V02-0031;rule:KG-RULE-V02-0032;source:REF-GF0025-2021;source:REF-GRAMMAR-MANUAL-ADV;source:REF-GRAMMAR-MANUAL-ELEM;source:REF-GRAMMAR-MANUAL-INTER;source:REF-HUANG-LIAO-MODERN-CHINESE
2027,ASGD-2027-0624,f3dd545f9cc1c8df,处置/受事重组构式,把字句候选,是目标语法点,是目标语法点,1,0.9972508549690247,0,candidate:把字句候选;family:处置/受事重组构式;rule:KG-RULE-V02-0001;rule:KG-RULE-V02-0002;rule:KG-RULE-V02-0003;source:REF-GF0025-2021;source:REF-GRAMMAR-MANUAL-ELEM;source:REF-GRAMMAR-MANUAL-INTER;source:REF-LIU-PRACTICAL-GRAMMAR;source:REF-LU-TCSL-GRAMMAR
2027,ASGD-2027-0634,2d9f0a27361fa016,时间/处所功能结构,处所状语候选,是目标语法点,是目标语法点,1,0.9821632504463196,0,candidate:处所状语候选;family:时间/处所功能结构;rule:KG-RULE-V02-0039;rule:KG-RULE-V02-0040;rule:KG-RULE-V02-0041;source:REF-GF0025-2021;source:REF-GRAMMAR-MANUAL-ELEM;source:REF-GRAMMAR-MANUAL-INTER;source:REF-HUANG-LIAO-MODERN-CHINESE
2027,ASGD-2027-0647,14420f7cb058cd49,多谓词/论元结构,双宾/给予结构候选,是目标语法点,是目标语法点,1,0.9961168766021729,0,candidate:双宾/给予结构候选;family:多谓词/论元结构
2027,ASGD-2027-0648,bc67424b2ecb8ab7,介词/框架结构,在字介词框架候选,是目标语法点,是目标语法点,1,0.9969868063926697,0,candidate:在字介词框架候选;family:介词/框架结构;rule:KG-RULE-V02-0099;rule:KG-RULE-V02-0100;rule:KG-RULE-V02-0101;source:REF-GF0025-2021;source:REF-GRAMMAR-MANUAL-ADV;source:REF-GRAMMAR-MANUAL-ELEM;source:REF-GRAMMAR-MANUAL-INTER;source:REF-HUANG-LIAO-MODERN-CHINESE;source:REF-LU-TCSL-GRAMMAR
2027,ASGD-2027-0656,2b9c8c93cbfb0d66,介词/框架结构,给/为/关于等介词框架候选,是目标语法点,是目标语法点,1,0.9976574182510376,0,candidate:给/为/关于等介词框架候选;family:介词/框架结构;rule:KG-RULE-V02-0135;rule:KG-RULE-V02-0136;rule:KG-RULE-V02-0137;source:REF-GF0025-2021;source:REF-GRAMMAR-MANUAL-ADV;source:REF-GRAMMAR-MANUAL-ELEM;source:REF-GRAMMAR-MANUAL-INTER;source:REF-HUANG-LIAO-MODERN-CHINESE;source:REF-LU-TCSL-GRAMMAR
2027,ASGD-2027-0657,3bfef5ea52926cba,介词/框架结构,向/往/朝介词框架候选,是目标语法点,是目标语法点,1,0.997538685798645,0,candidate:向/往/朝介词框架候选;family:介词/框架结构;rule:KG-RULE-V02-0125;rule:KG-RULE-V02-0126;rule:KG-RULE-V02-0127;source:REF-GF0025-2021;source:REF-GRAMMAR-MANUAL-ADV;source:REF-GRAMMAR-MANUAL-ELEM;source:REF-GRAMMAR-MANUAL-INTER;source:REF-HUANG-LIAO-MODERN-CHINESE;source:REF-LU-TCSL-GRAMMAR
2027,ASGD-2027-0666,ae0df90c26d4b653,时间/处所功能结构,处所状语候选,是目标语法点,是目标语法点,1,0.9727732539176941,0,candidate:处所状语候选;family:时间/处所功能结构;rule:KG-RULE-V02-0042;source:REF-GF0025-2021;source:REF-GRAMMAR-MANUAL-ELEM;source:REF-GRAMMAR-MANUAL-INTER;source:REF-HUANG-LIAO-MODERN-CHINESE
2027,ASGD-2027-0672,c8afb3ae40f6ac3d,复句关联结构,因为...所以候选,是目标语法点,是目标语法点,1,0.9975888729095459,0,candidate:因为...所以候选;family:复句关联结构
2027,ASGD-2027-0677,edfc748b921b1407,时间/处所功能结构,时间状语候选,是目标语法点,是目标语法点,1,0.9975380897521973,0,candidate:时间状语候选;family:时间/处所功能结构;rule:KG-RULE-V02-0033;source:REF-GF0025-2021;source:REF-GRAMMAR-MANUAL-ADV;source:REF-GRAMMAR-MANUAL-ELEM;source:REF-GRAMMAR-MANUAL-INTER;source:REF-HUANG-LIAO-MODERN-CHINESE
2027,ASGD-2027-0683,af1d3c24769d0f30,比较构式,没有比较候选,不是目标语法点,不是目标语法点,1,0.9990192651748657,0,candidate:没有比较候选;family:比较构式;rule:KG-RULE-V02-0059;rule:KG-RULE-V02-0060;rule:KG-RULE-V02-0061;source:REF-GF0025-2021;source:REF-GRAMMAR-MANUAL-ADV;source:REF-GRAMMAR-MANUAL-ELEM;source:REF-GRAMMAR-MANUAL-INTER;source:REF-LIU-PRACTICAL-GRAMMAR
2027,ASGD-2027-0701,09f16c0c219e5a58,比较构式,没有比较候选,不是目标语法点,不是目标语法点,1,0.9991306662559509,0,candidate:没有比较候选;family:比较构式;rule:KG-RULE-V02-0059;rule:KG-RULE-V02-0060;rule:KG-RULE-V02-0061;source:REF-GF0025-2021;source:REF-GRAMMAR-MANUAL-ADV;source:REF-GRAMMAR-MANUAL-ELEM;source:REF-GRAMMAR-MANUAL-INTER;source:REF-LIU-PRACTICAL-GRAMMAR
2027,ASGD-2027-0703,47076a67c72b5fc4,被动/受事凸显构式,被字句候选,是目标语法点,是目标语法点,1,0.9969929456710815,0,candidate:被字句候选;family:被动/受事凸显构式;rule:KG-RULE-V02-0022;rule:KG-RULE-V02-0024;source:REF-GF0025-2021;source:REF-GRAMMAR-MANUAL-ADV;source:REF-GRAMMAR-MANUAL-ELEM;source:REF-GRAMMAR-MANUAL-INTER;source:REF-LIU-PRACTICAL-GRAMMAR;source:REF-LU-TCSL-GRAMMAR
2027,ASGD-2027-0704,33c86c8985a5d4a5,时间/处所功能结构,处所状语候选,不是目标语法点,不是目标语法点,1,0.8206802010536194,0,candidate:处所状语候选;family:时间/处所功能结构;rule:KG-RULE-V02-0042;source:REF-GF0025-2021;source:REF-GRAMMAR-MANUAL-ELEM;source:REF-GRAMMAR-MANUAL-INTER;source:REF-HUANG-LIAO-MODERN-CHINESE
2027,ASGD-2027-0711,a513b4157eb037d4,介词/框架结构,对字介词框架候选,是目标语法点,是目标语法点,1,0.9937604069709778,0,candidate:对字介词框架候选;family:介词/框架结构;rule:KG-RULE-V02-0115;rule:KG-RULE-V02-0116;rule:KG-RULE-V02-0117;source:REF-GF0025-2021;source:REF-GRAMMAR-MANUAL-ADV;source:REF-GRAMMAR-MANUAL-ELEM;source:REF-GRAMMAR-MANUAL-INTER;source:REF-HUANG-LIAO-MODERN-CHINESE;source:REF-LU-TCSL-GRAMMAR
2027,ASGD-2027-0714,f4e2644637c94403,多谓词/论元结构,连动结构候选,是目标语法点,是目标语法点,1,0.9958057403564453,0,candidate:连动结构候选;family:多谓词/论元结构
2027,ASGD-2027-0715,eae3c63da0bfe130,处置/受事重组构式,把字句候选,是目标语法点,是目标语法点,1,0.9974613189697266,0,candidate:把字句候选;family:处置/受事重组构式;rule:KG-RULE-V02-0001;rule:KG-RULE-V02-0002;rule:KG-RULE-V02-0003;source:REF-GF0025-2021;source:REF-GRAMMAR-MANUAL-ELEM;source:REF-GRAMMAR-MANUAL-INTER;source:REF-LIU-PRACTICAL-GRAMMAR;source:REF-LU-TCSL-GRAMMAR
2027,ASGD-2027-0722,504a0f68ed130ea5,时间/处所功能结构,时间状语候选,是目标语法点,是目标语法点,1,0.9978419542312622,0,candidate:时间状语候选;family:时间/处所功能结构;rule:KG-RULE-V02-0030;rule:KG-RULE-V02-0031;rule:KG-RULE-V02-0032;source:REF-GF0025-2021;source:REF-GRAMMAR-MANUAL-ADV;source:REF-GRAMMAR-MANUAL-ELEM;source:REF-GRAMMAR-MANUAL-INTER;source:REF-HUANG-LIAO-MODERN-CHINESE
2027,ASGD-2027-0732,a6aa2533d1f16393,时间/处所功能结构,处所状语候选,是目标语法点,是目标语法点,1,0.9874732494354248,0,candidate:处所状语候选;family:时间/处所功能结构;rule:KG-RULE-V02-0042;source:REF-GF0025-2021;source:REF-GRAMMAR-MANUAL-ELEM;source:REF-GRAMMAR-MANUAL-INTER;source:REF-HUANG-LIAO-MODERN-CHINESE
2027,ASGD-2027-0738,47fb48e547ce3c8e,补语结构,趋向补语候选,是目标语法点,是目标语法点,1,0.99744713306427,0,candidate:趋向补语候选;family:补语结构
2027,ASGD-2027-0740,7ed54c6ecf9d3db2,时间/处所功能结构,处所状语候选,不是目标语法点,不是目标语法点,1,0.9962097406387329,0,candidate:处所状语候选;family:时间/处所功能结构;rule:KG-RULE-V02-0042;source:REF-GF0025-2021;source:REF-GRAMMAR-MANUAL-ELEM;source:REF-GRAMMAR-MANUAL-INTER;source:REF-HUANG-LIAO-MODERN-CHINESE
2027,ASGD-2027-0741,82fd632cd063f5e9,介词/框架结构,对字介词框架候选,是目标语法点,是目标语法点,1,0.9971532821655273,0,candidate:对字介词框架候选;family:介词/框架结构;rule:KG-RULE-V02-0115;rule:KG-RULE-V02-0116;rule:KG-RULE-V02-0117;source:REF-GF0025-2021;source:REF-GRAMMAR-MANUAL-ADV;source:REF-GRAMMAR-MANUAL-ELEM;source:REF-GRAMMAR-MANUAL-INTER;source:REF-HUANG-LIAO-MODERN-CHINESE;source:REF-LU-TCSL-GRAMMAR
2027,ASGD-2027-0742,01461ebf1287a0de,复句关联结构,既然候选,是目标语法点,是目标语法点,1,0.9977543950080872,0,candidate:既然候选;family:复句关联结构
2027,ASGD-2027-0747,70696dee64dd0f6d,比较构式,比字比较候选,不是目标语法点,不是目标语法点,1,0.9990091323852539,1,candidate:比字比较候选;family:比较构式;rule:KG-RULE-V02-0053;rule:KG-RULE-V02-0054;rule:KG-RULE-V02-0056;source:REF-GF0025-2021;source:REF-GRAMMAR-MANUAL-ADV;source:REF-GRAMMAR-MANUAL-ELEM;source:REF-GRAMMAR-MANUAL-INTER;source:REF-LIU-PRACTICAL-GRAMMAR
2027,ASGD-2027-0748,c11213ba275f1677,复句关联结构,因为...所以候选,是目标语法点,是目标语法点,1,0.9972355961799622,0,candidate:因为...所以候选;family:复句关联结构
2027,ASGD-2027-0765,9f9750acfbcace0f,比较构式,比字比较候选,是目标语法点,是目标语法点,1,0.9968580007553101,0,candidate:比字比较候选;family:比较构式;rule:KG-RULE-V02-0053;rule:KG-RULE-V02-0054;source:REF-GF0025-2021;source:REF-GRAMMAR-MANUAL-ADV;source:REF-GRAMMAR-MANUAL-ELEM;source:REF-GRAMMAR-MANUAL-INTER;source:REF-LIU-PRACTICAL-GRAMMAR
2027,ASGD-2027-0777,4d011739bc10bd94,介词/框架结构,给/为/关于等介词框架候选,是目标语法点,是目标语法点,1,0.9971200227737427,0,candidate:给/为/关于等介词框架候选;family:介词/框架结构;rule:KG-RULE-V02-0135;rule:KG-RULE-V02-0136;rule:KG-RULE-V02-0137;source:REF-GF0025-2021;source:REF-GRAMMAR-MANUAL-ADV;source:REF-GRAMMAR-MANUAL-ELEM;source:REF-GRAMMAR-MANUAL-INTER;source:REF-HUANG-LIAO-MODERN-CHINESE;source:REF-LU-TCSL-GRAMMAR
2027,ASGD-2027-0782,33573841a7a9663d,介词/框架结构,给/为/关于等介词框架候选,是目标语法点,是目标语法点,1,0.9972357153892517,0,candidate:给/为/关于等介词框架候选;family:介词/框架结构;rule:KG-RULE-V02-0135;rule:KG-RULE-V02-0136;rule:KG-RULE-V02-0137;source:REF-GF0025-2021;source:REF-GRAMMAR-MANUAL-ADV;source:REF-GRAMMAR-MANUAL-ELEM;source:REF-GRAMMAR-MANUAL-INTER;source:REF-HUANG-LIAO-MODERN-CHINESE;source:REF-LU-TCSL-GRAMMAR
2027,ASGD-2027-0783,3db3fe3a4aff9643,处置/受事重组构式,把字句候选,是目标语法点,是目标语法点,1,0.9971027970314026,0,candidate:把字句候选;family:处置/受事重组构式;rule:KG-RULE-V02-0001;rule:KG-RULE-V02-0002;rule:KG-RULE-V02-0003;source:REF-GF0025-2021;source:REF-GRAMMAR-MANUAL-ELEM;source:REF-GRAMMAR-MANUAL-INTER;source:REF-LIU-PRACTICAL-GRAMMAR;source:REF-LU-TCSL-GRAMMAR
2027,ASGD-2027-0787,fccb0bb2bfbbcb54,介词/框架结构,从字介词框架候选,是目标语法点,是目标语法点,1,0.9968255758285522,0,candidate:从字介词框架候选;family:介词/框架结构;rule:KG-RULE-V02-0109;rule:KG-RULE-V02-0110;source:REF-GF0025-2021;source:REF-GRAMMAR-MANUAL-ADV;source:REF-GRAMMAR-MANUAL-ELEM;source:REF-GRAMMAR-MANUAL-INTER;source:REF-HUANG-LIAO-MODERN-CHINESE;source:REF-LU-TCSL-GRAMMAR
2027,ASGD-2027-0796,e13928cecb5cd99d,补语结构,数量/时量补语候选,是目标语法点,是目标语法点,1,0.9975007176399231,0,candidate:数量/时量补语候选;family:补语结构
2027,ASGD-2027-0806,1540c2dcd2f601a3,介词/框架结构,对字介词框架候选,是目标语法点,是目标语法点,1,0.997248113155365,0,candidate:对字介词框架候选;family:介词/框架结构;rule:KG-RULE-V02-0115;rule:KG-RULE-V02-0116;rule:KG-RULE-V02-0117;source:REF-GF0025-2021;source:REF-GRAMMAR-MANUAL-ADV;source:REF-GRAMMAR-MANUAL-ELEM;source:REF-GRAMMAR-MANUAL-INTER;source:REF-HUANG-LIAO-MODERN-CHINESE;source:REF-LU-TCSL-GRAMMAR
2027,ASGD-2027-0815,a2357ae8709e1b53,时间/处所功能结构,时间状语候选,是目标语法点,是目标语法点,1,0.9976648092269897,0,candidate:时间状语候选;family:时间/处所功能结构;rule:KG-RULE-V02-0030;rule:KG-RULE-V02-0031;rule:KG-RULE-V02-0032;source:REF-GF0025-2021;source:REF-GRAMMAR-MANUAL-ADV;source:REF-GRAMMAR-MANUAL-ELEM;source:REF-GRAMMAR-MANUAL-INTER;source:REF-HUANG-LIAO-MODERN-CHINESE
2027,ASGD-2027-0817,5f8c404d7824556a,处置/受事重组构式,把字句候选,是目标语法点,是目标语法点,1,0.9971223473548889,0,candidate:把字句候选;family:处置/受事重组构式;rule:KG-RULE-V02-0001;rule:KG-RULE-V02-0002;rule:KG-RULE-V02-0003;source:REF-GF0025-2021;source:REF-GRAMMAR-MANUAL-ELEM;source:REF-GRAMMAR-MANUAL-INTER;source:REF-LIU-PRACTICAL-GRAMMAR;source:REF-LU-TCSL-GRAMMAR
2027,ASGD-2027-0822,472ed713104440b6,介词/框架结构,给/为/关于等介词框架候选,是目标语法点,是目标语法点,1,0.9975680708885193,0,candidate:给/为/关于等介词框架候选;family:介词/框架结构;rule:KG-RULE-V02-0135;rule:KG-RULE-V02-0136;rule:KG-RULE-V02-0137;source:REF-GF0025-2021;source:REF-GRAMMAR-MANUAL-ADV;source:REF-GRAMMAR-MANUAL-ELEM;source:REF-GRAMMAR-MANUAL-INTER;source:REF-HUANG-LIAO-MODERN-CHINESE;source:REF-LU-TCSL-GRAMMAR
2027,ASGD-2027-0825,7db460dcb8ee0272,多谓词/论元结构,双宾/给予结构候选,是目标语法点,是目标语法点,1,0.9958558678627014,0,candidate:双宾/给予结构候选;family:多谓词/论元结构
2027,ASGD-2027-0835,e4c51aee3bc591ec,处置/受事重组构式,把字句候选,是目标语法点,是目标语法点,1,0.9953733086585999,0,candidate:把字句候选;family:处置/受事重组构式;rule:KG-RULE-V02-0001;rule:KG-RULE-V02-0002;rule:KG-RULE-V02-0003;source:REF-GF0025-2021;source:REF-GRAMMAR-MANUAL-ELEM;source:REF-GRAMMAR-MANUAL-INTER;source:REF-LIU-PRACTICAL-GRAMMAR;source:REF-LU-TCSL-GRAMMAR
2027,ASGD-2027-0840,5ffa68ced402b45a,被动/受事凸显构式,被字句候选,不是目标语法点,不是目标语法点,1,0.9931394457817078,0,candidate:被字句候选;family:被动/受事凸显构式;rule:KG-RULE-V02-0022;rule:KG-RULE-V02-0024;source:REF-GF0025-2021;source:REF-GRAMMAR-MANUAL-ADV;source:REF-GRAMMAR-MANUAL-ELEM;source:REF-GRAMMAR-MANUAL-INTER;source:REF-LIU-PRACTICAL-GRAMMAR;source:REF-LU-TCSL-GRAMMAR
2027,ASGD-2027-0842,1fe134d488cbd6ce,补语结构,趋向补语候选,是目标语法点,是目标语法点,1,0.9974236488342285,0,candidate:趋向补语候选;family:补语结构
2027,ASGD-2027-0850,903dd53b24a838d4,处置/受事重组构式,把字句候选,是目标语法点,是目标语法点,1,0.9976453185081482,0,candidate:把字句候选;family:处置/受事重组构式;rule:KG-RULE-V02-0001;rule:KG-RULE-V02-0002;rule:KG-RULE-V02-0003;source:REF-GF0025-2021;source:REF-GRAMMAR-MANUAL-ELEM;source:REF-GRAMMAR-MANUAL-INTER;source:REF-LIU-PRACTICAL-GRAMMAR;source:REF-LU-TCSL-GRAMMAR
2027,ASGD-2027-0858,94e001a70ddfc03b,时间/处所功能结构,处所状语候选,是目标语法点,是目标语法点,1,0.991162896156311,0,candidate:处所状语候选;family:时间/处所功能结构;rule:KG-RULE-V02-0039;rule:KG-RULE-V02-0040;rule:KG-RULE-V02-0041;source:REF-GF0025-2021;source:REF-GRAMMAR-MANUAL-ELEM;source:REF-GRAMMAR-MANUAL-INTER;source:REF-HUANG-LIAO-MODERN-CHINESE
2027,ASGD-2027-0870,28b0316e1df8ebd1,介词/框架结构,在字介词框架候选,是目标语法点,是目标语法点,1,0.9966189861297607,0,candidate:在字介词框架候选;family:介词/框架结构;rule:KG-RULE-V02-0099;rule:KG-RULE-V02-0100;rule:KG-RULE-V02-0101;source:REF-GF0025-2021;source:REF-GRAMMAR-MANUAL-ADV;source:REF-GRAMMAR-MANUAL-ELEM;source:REF-GRAMMAR-MANUAL-INTER;source:REF-HUANG-LIAO-MODERN-CHINESE;source:REF-LU-TCSL-GRAMMAR
2027,ASGD-2027-0872,8e25809fbfcaad68,介词/框架结构,在字介词框架候选,是目标语法点,是目标语法点,1,0.9961252808570862,0,candidate:在字介词框架候选;family:介词/框架结构;rule:KG-RULE-V02-0099;rule:KG-RULE-V02-0100;rule:KG-RULE-V02-0101;source:REF-GF0025-2021;source:REF-GRAMMAR-MANUAL-ADV;source:REF-GRAMMAR-MANUAL-ELEM;source:REF-GRAMMAR-MANUAL-INTER;source:REF-HUANG-LIAO-MODERN-CHINESE;source:REF-LU-TCSL-GRAMMAR
2027,ASGD-2027-0880,fb74027f9c980d6c,补语结构,趋向补语候选,是目标语法点,是目标语法点,1,0.9967380166053772,0,candidate:趋向补语候选;family:补语结构
2027,ASGD-2027-0883,c76bb1be5586c4a2,多谓词/论元结构,双宾/给予结构候选,是目标语法点,是目标语法点,1,0.9971916079521179,0,candidate:双宾/给予结构候选;family:多谓词/论元结构
2027,ASGD-2027-0885,df63c8eb03b9001a,补语结构,趋向补语候选,是目标语法点,是目标语法点,1,0.9971213936805725,0,candidate:趋向补语候选;family:补语结构
2027,ASGD-2027-0898,d405d5b492da1733,补语结构,数量/时量补语候选,是目标语法点,是目标语法点,1,0.9972752928733826,0,candidate:数量/时量补语候选;family:补语结构
2027,ASGD-2027-0900,2d9f0a27361fa016,时间/处所功能结构,处所状语候选,不是目标语法点,是目标语法点,0,0.9864161014556885,0,candidate:处所状语候选;family:时间/处所功能结构;rule:KG-RULE-V02-0042;source:REF-GF0025-2021;source:REF-GRAMMAR-MANUAL-ELEM;source:REF-GRAMMAR-MANUAL-INTER;source:REF-HUANG-LIAO-MODERN-CHINESE
2027,ASGD-2027-0902,ae89daa768884d68,复句关联结构,因为候选,是目标语法点,是目标语法点,1,0.9976183772087097,0,candidate:因为候选;family:复句关联结构
2027,ASGD-2027-0903,ba18ea560213c23a,多谓词/论元结构,双宾/给予结构候选,是目标语法点,是目标语法点,1,0.9955081939697266,0,candidate:双宾/给予结构候选;family:多谓词/论元结构
2027,ASGD-2027-0905,4f297d416a132b9d,时间/处所功能结构,处所状语候选,不是目标语法点,不是目标语法点,1,0.9951699376106262,0,candidate:处所状语候选;family:时间/处所功能结构;rule:KG-RULE-V02-0039;rule:KG-RULE-V02-0040;rule:KG-RULE-V02-0041;source:REF-GF0025-2021;source:REF-GRAMMAR-MANUAL-ELEM;source:REF-GRAMMAR-MANUAL-INTER;source:REF-HUANG-LIAO-MODERN-CHINESE
2027,ASGD-2027-0912,519dbf7f92a70744,多谓词/论元结构,双宾/给予结构候选,是目标语法点,是目标语法点,1,0.9960940480232239,0,candidate:双宾/给予结构候选;family:多谓词/论元结构
2027,ASGD-2027-0913,b9baf1495aee9ff3,补语结构,得字补语候选,不是目标语法点,是目标语法点,0,0.9961877465248108,0,candidate:得字补语候选;family:补语结构;rule:KG-RULE-V02-0047;rule:KG-RULE-V02-0049;source:REF-GF0025-2021;source:REF-GRAMMAR-MANUAL-ADV;source:REF-GRAMMAR-MANUAL-ELEM;source:REF-GRAMMAR-MANUAL-INTER;source:REF-HUANG-LIAO-MODERN-CHINESE;source:REF-LIU-PRACTICAL-GRAMMAR
2027,ASGD-2027-0919,01461ebf1287a0de,时间/处所功能结构,时间状语候选,是目标语法点,是目标语法点,1,0.997590184211731,0,candidate:时间状语候选;family:时间/处所功能结构;rule:KG-RULE-V02-0033;source:REF-GF0025-2021;source:REF-GRAMMAR-MANUAL-ADV;source:REF-GRAMMAR-MANUAL-ELEM;source:REF-GRAMMAR-MANUAL-INTER;source:REF-HUANG-LIAO-MODERN-CHINESE
2027,ASGD-2027-0927,2edd08a5deac5ab4,比较构式,比字比较候选,是目标语法点,是目标语法点,1,0.9960287809371948,0,candidate:比字比较候选;family:比较构式;rule:KG-RULE-V02-0053;rule:KG-RULE-V02-0054;source:REF-GF0025-2021;source:REF-GRAMMAR-MANUAL-ADV;source:REF-GRAMMAR-MANUAL-ELEM;source:REF-GRAMMAR-MANUAL-INTER;source:REF-LIU-PRACTICAL-GRAMMAR
2027,ASGD-2027-0930,b7a39763637a0c42,处置/受事重组构式,把字句候选,是目标语法点,是目标语法点,1,0.997536301612854,0,candidate:把字句候选;family:处置/受事重组构式;rule:KG-RULE-V02-0001;rule:KG-RULE-V02-0002;rule:KG-RULE-V02-0003;source:REF-GF0025-2021;source:REF-GRAMMAR-MANUAL-ELEM;source:REF-GRAMMAR-MANUAL-INTER;source:REF-LIU-PRACTICAL-GRAMMAR;source:REF-LU-TCSL-GRAMMAR
2027,ASGD-2027-0942,b0c3296a507f66ab,时间/处所功能结构,时间状语候选,是目标语法点,是目标语法点,1,0.9975866079330444,0,candidate:时间状语候选;family:时间/处所功能结构;rule:KG-RULE-V02-0030;rule:KG-RULE-V02-0031;rule:KG-RULE-V02-0032;source:REF-GF0025-2021;source:REF-GRAMMAR-MANUAL-ADV;source:REF-GRAMMAR-MANUAL-ELEM;source:REF-GRAMMAR-MANUAL-INTER;source:REF-HUANG-LIAO-MODERN-CHINESE
2027,ASGD-2027-0953,774cc5248db1c9ac,时间/处所功能结构,处所状语候选,是目标语法点,是目标语法点,1,0.9241293668746948,0,candidate:处所状语候选;family:时间/处所功能结构;rule:KG-RULE-V02-0039;rule:KG-RULE-V02-0040;rule:KG-RULE-V02-0041;source:REF-GF0025-2021;source:REF-GRAMMAR-MANUAL-ELEM;source:REF-GRAMMAR-MANUAL-INTER;source:REF-HUANG-LIAO-MODERN-CHINESE
2027,ASGD-2027-0955,17c7e245c72f42ef,处置/受事重组构式,把字句候选,是目标语法点,是目标语法点,1,0.9970412850379944,0,candidate:把字句候选;family:处置/受事重组构式;rule:KG-RULE-V02-0001;rule:KG-RULE-V02-0002;rule:KG-RULE-V02-0003;source:REF-GF0025-2021;source:REF-GRAMMAR-MANUAL-ELEM;source:REF-GRAMMAR-MANUAL-INTER;source:REF-LIU-PRACTICAL-GRAMMAR;source:REF-LU-TCSL-GRAMMAR
2027,ASGD-2027-0956,b92cac2c13cf493f,多谓词/论元结构,双宾/给予结构候选,是目标语法点,是目标语法点,1,0.9963143467903137,0,candidate:双宾/给予结构候选;family:多谓词/论元结构
2027,ASGD-2027-0959,7ba9e07656cc65bc,多谓词/论元结构,双宾/给予结构候选,是目标语法点,是目标语法点,1,0.9939273595809937,0,candidate:双宾/给予结构候选;family:多谓词/论元结构
2027,ASGD-2027-0961,ef7e8f571ccf1f20,复句关联结构,即使候选,是目标语法点,是目标语法点,1,0.996839165687561,0,candidate:即使候选;family:复句关联结构
2027,ASGD-2027-0963,5dda5c7a77098649,复句关联结构,如果...就候选,是目标语法点,是目标语法点,1,0.9971504807472229,0,candidate:如果...就候选;family:复句关联结构
2027,ASGD-2027-0968,1298046106b1d156,比较构式,比字比较候选,是目标语法点,是目标语法点,1,0.9967246651649475,0,candidate:比字比较候选;family:比较构式;rule:KG-RULE-V02-0053;rule:KG-RULE-V02-0054;source:REF-GF0025-2021;source:REF-GRAMMAR-MANUAL-ADV;source:REF-GRAMMAR-MANUAL-ELEM;source:REF-GRAMMAR-MANUAL-INTER;source:REF-LIU-PRACTICAL-GRAMMAR
2027,ASGD-2027-0983,99ed4e58ad9bd5da,多谓词/论元结构,双宾/给予结构候选,是目标语法点,是目标语法点,1,0.9964613318443298,0,candidate:双宾/给予结构候选;family:多谓词/论元结构
2027,ASGD-2027-0984,06784972ce5ff413,时间/处所功能结构,处所状语候选,不是目标语法点,不是目标语法点,1,0.997189462184906,0,candidate:处所状语候选;family:时间/处所功能结构;rule:KG-RULE-V02-0042;source:REF-GF0025-2021;source:REF-GRAMMAR-MANUAL-ELEM;source:REF-GRAMMAR-MANUAL-INTER;source:REF-HUANG-LIAO-MODERN-CHINESE
2027,ASGD-2027-0991,036bebd138d88af5,时间/处所功能结构,处所状语候选,是目标语法点,是目标语法点,1,0.9830653667449951,0,candidate:处所状语候选;family:时间/处所功能结构;rule:KG-RULE-V02-0039;rule:KG-RULE-V02-0040;rule:KG-RULE-V02-0041;source:REF-GF0025-2021;source:REF-GRAMMAR-MANUAL-ELEM;source:REF-GRAMMAR-MANUAL-INTER;source:REF-HUANG-LIAO-MODERN-CHINESE
2027,ASGD-2027-0994,210de43e2756fe2f,介词/框架结构,向/往/朝介词框架候选,是目标语法点,是目标语法点,1,0.9964078068733215,0,candidate:向/往/朝介词框架候选;family:介词/框架结构;rule:KG-RULE-V02-0125;rule:KG-RULE-V02-0126;rule:KG-RULE-V02-0127;source:REF-GF0025-2021;source:REF-GRAMMAR-MANUAL-ADV;source:REF-GRAMMAR-MANUAL-ELEM;source:REF-GRAMMAR-MANUAL-INTER;source:REF-HUANG-LIAO-MODERN-CHINESE;source:REF-LU-TCSL-GRAMMAR
2027,ASGD-2027-0995,32a42dc319d7ec96,补语结构,得字补语候选,不是目标语法点,不是目标语法点,1,0.9970476031303406,0,candidate:得字补语候选;family:补语结构;rule:KG-RULE-V02-0047;rule:KG-RULE-V02-0049;source:REF-GF0025-2021;source:REF-GRAMMAR-MANUAL-ADV;source:REF-GRAMMAR-MANUAL-ELEM;source:REF-GRAMMAR-MANUAL-INTER;source:REF-HUANG-LIAO-MODERN-CHINESE;source:REF-LIU-PRACTICAL-GRAMMAR
2027,ASGD-2027-0998,3947d4e65c9addf5,介词/框架结构,对字介词框架候选,是目标语法点,是目标语法点,1,0.9976024031639099,0,candidate:对字介词框架候选;family:介词/框架结构;rule:KG-RULE-V02-0115;rule:KG-RULE-V02-0116;rule:KG-RULE-V02-0117;source:REF-GF0025-2021;source:REF-GRAMMAR-MANUAL-ADV;source:REF-GRAMMAR-MANUAL-ELEM;source:REF-GRAMMAR-MANUAL-INTER;source:REF-HUANG-LIAO-MODERN-CHINESE;source:REF-LU-TCSL-GRAMMAR
2027,ASGD-2027-1000,ce70fe98758e0cda,补语结构,得字补语候选,是目标语法点,是目标语法点,1,0.9962730407714844,0,candidate:得字补语候选;family:补语结构;rule:KG-RULE-V02-0047;rule:KG-RULE-V02-0049;source:REF-GF0025-2021;source:REF-GRAMMAR-MANUAL-ADV;source:REF-GRAMMAR-MANUAL-ELEM;source:REF-GRAMMAR-MANUAL-INTER;source:REF-HUANG-LIAO-MODERN-CHINESE;source:REF-LIU-PRACTICAL-GRAMMAR
2027,ASGD-2027-1003,6e3c6aa0cb8c4a30,时间/处所功能结构,时间状语候选,是目标语法点,是目标语法点,1,0.9976832866668701,0,candidate:时间状语候选;family:时间/处所功能结构;rule:KG-RULE-V02-0033;source:REF-GF0025-2021;source:REF-GRAMMAR-MANUAL-ADV;source:REF-GRAMMAR-MANUAL-ELEM;source:REF-GRAMMAR-MANUAL-INTER;source:REF-HUANG-LIAO-MODERN-CHINESE
2027,ASGD-2027-1005,db9ce7d3c0645560,处置/受事重组构式,把字句候选,是目标语法点,是目标语法点,1,0.9975070357322693,0,candidate:把字句候选;family:处置/受事重组构式;rule:KG-RULE-V02-0001;rule:KG-RULE-V02-0002;rule:KG-RULE-V02-0003;source:REF-GF0025-2021;source:REF-GRAMMAR-MANUAL-ELEM;source:REF-GRAMMAR-MANUAL-INTER;source:REF-LIU-PRACTICAL-GRAMMAR;source:REF-LU-TCSL-GRAMMAR
2027,ASGD-2027-1007,eb5dc089abf4ca03,介词/框架结构,从字介词框架候选,是目标语法点,是目标语法点,1,0.9974023103713989,0,candidate:从字介词框架候选;family:介词/框架结构;rule:KG-RULE-V02-0109;rule:KG-RULE-V02-0110;source:REF-GF0025-2021;source:REF-GRAMMAR-MANUAL-ADV;source:REF-GRAMMAR-MANUAL-ELEM;source:REF-GRAMMAR-MANUAL-INTER;source:REF-HUANG-LIAO-MODERN-CHINESE;source:REF-LU-TCSL-GRAMMAR
2027,ASGD-2027-1009,10572c52038fe618,介词/框架结构,在字介词框架候选,是目标语法点,是目标语法点,1,0.9973576664924622,0,candidate:在字介词框架候选;family:介词/框架结构;rule:KG-RULE-V02-0099;rule:KG-RULE-V02-0100;rule:KG-RULE-V02-0101;source:REF-GF0025-2021;source:REF-GRAMMAR-MANUAL-ADV;source:REF-GRAMMAR-MANUAL-ELEM;source:REF-GRAMMAR-MANUAL-INTER;source:REF-HUANG-LIAO-MODERN-CHINESE;source:REF-LU-TCSL-GRAMMAR
2027,ASGD-2027-1014,18ec943fe09428c7,补语结构,结果补语候选,是目标语法点,是目标语法点,1,0.9973922967910767,0,candidate:结果补语候选;family:补语结构
2027,ASGD-2027-1015,bc8b324edd2cf8f0,介词/框架结构,在字介词框架候选,是目标语法点,是目标语法点,1,0.997907280921936,0,candidate:在字介词框架候选;family:介词/框架结构;rule:KG-RULE-V02-0099;rule:KG-RULE-V02-0100;rule:KG-RULE-V02-0101;source:REF-GF0025-2021;source:REF-GRAMMAR-MANUAL-ADV;source:REF-GRAMMAR-MANUAL-ELEM;source:REF-GRAMMAR-MANUAL-INTER;source:REF-HUANG-LIAO-MODERN-CHINESE;source:REF-LU-TCSL-GRAMMAR
2027,ASGD-2027-1016,ea39ca9eb0327eb3,复句关联结构,如果...就候选,是目标语法点,是目标语法点,1,0.9977489113807678,0,candidate:如果...就候选;family:复句关联结构
2027,ASGD-2027-1029,5b164ea6dc28a308,时间/处所功能结构,时间状语候选,是目标语法点,是目标语法点,1,0.9978073239326477,0,candidate:时间状语候选;family:时间/处所功能结构;rule:KG-RULE-V02-0030;rule:KG-RULE-V02-0031;rule:KG-RULE-V02-0032;source:REF-GF0025-2021;source:REF-GRAMMAR-MANUAL-ADV;source:REF-GRAMMAR-MANUAL-ELEM;source:REF-GRAMMAR-MANUAL-INTER;source:REF-HUANG-LIAO-MODERN-CHINESE
2027,ASGD-2027-1046,e5844e4ac8939c27,复句关联结构,因为候选,是目标语法点,是目标语法点,1,0.9976741671562195,0,candidate:因为候选;family:复句关联结构
2027,ASGD-2027-1055,17b4e95d8e0ddf1d,补语结构,数量/时量补语候选,是目标语法点,是目标语法点,1,0.9962877035140991,0,candidate:数量/时量补语候选;family:补语结构
2027,ASGD-2027-1056,fd94db115343c9dc,处置/受事重组构式,把字句候选,是目标语法点,是目标语法点,1,0.9967834949493408,0,candidate:把字句候选;family:处置/受事重组构式;rule:KG-RULE-V02-0001;rule:KG-RULE-V02-0002;rule:KG-RULE-V02-0003;source:REF-GF0025-2021;source:REF-GRAMMAR-MANUAL-ELEM;source:REF-GRAMMAR-MANUAL-INTER;source:REF-LIU-PRACTICAL-GRAMMAR;source:REF-LU-TCSL-GRAMMAR
2027,ASGD-2027-1060,7b370d36d1f1a108,补语结构,结果补语候选,是目标语法点,是目标语法点,1,0.9955718517303467,0,candidate:结果补语候选;family:补语结构
2027,ASGD-2027-1075,da2d88d397befbba,补语结构,得字补语候选,是目标语法点,是目标语法点,1,0.9936267137527466,0,candidate:得字补语候选;family:补语结构;rule:KG-RULE-V02-0047;rule:KG-RULE-V02-0049;source:REF-GF0025-2021;source:REF-GRAMMAR-MANUAL-ADV;source:REF-GRAMMAR-MANUAL-ELEM;source:REF-GRAMMAR-MANUAL-INTER;source:REF-HUANG-LIAO-MODERN-CHINESE;source:REF-LIU-PRACTICAL-GRAMMAR
2027,ASGD-2027-1080,c20063e328fbe30d,时间/处所功能结构,时间状语候选,是目标语法点,是目标语法点,1,0.997428834438324,0,candidate:时间状语候选;family:时间/处所功能结构;rule:KG-RULE-V02-0030;rule:KG-RULE-V02-0031;rule:KG-RULE-V02-0032;source:REF-GF0025-2021;source:REF-GRAMMAR-MANUAL-ADV;source:REF-GRAMMAR-MANUAL-ELEM;source:REF-GRAMMAR-MANUAL-INTER;source:REF-HUANG-LIAO-MODERN-CHINESE
2027,ASGD-2027-1082,e4c5caca7a5eacaf,时间/处所功能结构,处所状语候选,是目标语法点,是目标语法点,1,0.9367823004722595,0,candidate:处所状语候选;family:时间/处所功能结构;rule:KG-RULE-V02-0039;rule:KG-RULE-V02-0040;rule:KG-RULE-V02-0041;source:REF-GF0025-2021;source:REF-GRAMMAR-MANUAL-ELEM;source:REF-GRAMMAR-MANUAL-INTER;source:REF-HUANG-LIAO-MODERN-CHINESE
2027,ASGD-2027-1085,713bf983463689d0,处置/受事重组构式,把字句候选,是目标语法点,是目标语法点,1,0.9972023963928223,0,candidate:把字句候选;family:处置/受事重组构式;rule:KG-RULE-V02-0001;rule:KG-RULE-V02-0002;rule:KG-RULE-V02-0003;source:REF-GF0025-2021;source:REF-GRAMMAR-MANUAL-ELEM;source:REF-GRAMMAR-MANUAL-INTER;source:REF-LIU-PRACTICAL-GRAMMAR;source:REF-LU-TCSL-GRAMMAR
2027,ASGD-2027-1087,036bebd138d88af5,介词/框架结构,给/为/关于等介词框架候选,是目标语法点,是目标语法点,1,0.9976268410682678,0,candidate:给/为/关于等介词框架候选;family:介词/框架结构;rule:KG-RULE-V02-0135;rule:KG-RULE-V02-0136;rule:KG-RULE-V02-0137;source:REF-GF0025-2021;source:REF-GRAMMAR-MANUAL-ADV;source:REF-GRAMMAR-MANUAL-ELEM;source:REF-GRAMMAR-MANUAL-INTER;source:REF-HUANG-LIAO-MODERN-CHINESE;source:REF-LU-TCSL-GRAMMAR
2027,ASGD-2027-1091,a22a1ff341c105d7,补语结构,数量/时量补语候选,是目标语法点,是目标语法点,1,0.9962931275367737,0,candidate:数量/时量补语候选;family:补语结构
2027,ASGD-2027-1093,51c64e56a686fa4a,介词/框架结构,在字介词框架候选,是目标语法点,是目标语法点,1,0.9948074221611023,0,candidate:在字介词框架候选;family:介词/框架结构;rule:KG-RULE-V02-0099;rule:KG-RULE-V02-0100;rule:KG-RULE-V02-0101;source:REF-GF0025-2021;source:REF-GRAMMAR-MANUAL-ADV;source:REF-GRAMMAR-MANUAL-ELEM;source:REF-GRAMMAR-MANUAL-INTER;source:REF-HUANG-LIAO-MODERN-CHINESE;source:REF-LU-TCSL-GRAMMAR
2027,ASGD-2027-1099,d89ed510512486cc,补语结构,得字补语候选,是目标语法点,是目标语法点,1,0.9953587651252747,0,candidate:得字补语候选;family:补语结构;rule:KG-RULE-V02-0047;rule:KG-RULE-V02-0049;source:REF-GF0025-2021;source:REF-GRAMMAR-MANUAL-ADV;source:REF-GRAMMAR-MANUAL-ELEM;source:REF-GRAMMAR-MANUAL-INTER;source:REF-HUANG-LIAO-MODERN-CHINESE;source:REF-LIU-PRACTICAL-GRAMMAR
2027,ASGD-2027-1100,c29450d33f4e0331,时间/处所功能结构,时间状语候选,是目标语法点,是目标语法点,1,0.9977483153343201,0,candidate:时间状语候选;family:时间/处所功能结构;rule:KG-RULE-V02-0030;rule:KG-RULE-V02-0031;rule:KG-RULE-V02-0032;source:REF-GF0025-2021;source:REF-GRAMMAR-MANUAL-ADV;source:REF-GRAMMAR-MANUAL-ELEM;source:REF-GRAMMAR-MANUAL-INTER;source:REF-HUANG-LIAO-MODERN-CHINESE
2027,ASGD-2027-1106,95a39b036ee4c596,处置/受事重组构式,把字句候选,是目标语法点,是目标语法点,1,0.9963774085044861,0,candidate:把字句候选;family:处置/受事重组构式;rule:KG-RULE-V02-0001;rule:KG-RULE-V02-0002;rule:KG-RULE-V02-0003;source:REF-GF0025-2021;source:REF-GRAMMAR-MANUAL-ELEM;source:REF-GRAMMAR-MANUAL-INTER;source:REF-LIU-PRACTICAL-GRAMMAR;source:REF-LU-TCSL-GRAMMAR
2027,ASGD-2027-1108,47076a67c72b5fc4,补语结构,得字补语候选,是目标语法点,是目标语法点,1,0.9971401691436768,0,candidate:得字补语候选;family:补语结构;rule:KG-RULE-V02-0047;rule:KG-RULE-V02-0049;source:REF-GF0025-2021;source:REF-GRAMMAR-MANUAL-ADV;source:REF-GRAMMAR-MANUAL-ELEM;source:REF-GRAMMAR-MANUAL-INTER;source:REF-HUANG-LIAO-MODERN-CHINESE;source:REF-LIU-PRACTICAL-GRAMMAR
2027,ASGD-2027-1109,2d1d45d0b5dd1af9,介词/框架结构,向/往/朝介词框架候选,是目标语法点,是目标语法点,1,0.9937048554420471,0,candidate:向/往/朝介词框架候选;family:介词/框架结构;rule:KG-RULE-V02-0125;rule:KG-RULE-V02-0126;rule:KG-RULE-V02-0127;source:REF-GF0025-2021;source:REF-GRAMMAR-MANUAL-ADV;source:REF-GRAMMAR-MANUAL-ELEM;source:REF-GRAMMAR-MANUAL-INTER;source:REF-HUANG-LIAO-MODERN-CHINESE;source:REF-LU-TCSL-GRAMMAR
2027,ASGD-2027-1115,3a9104aa29252c57,补语结构,得字补语候选,是目标语法点,是目标语法点,1,0.9912757873535156,0,candidate:得字补语候选;family:补语结构;rule:KG-RULE-V02-0047;rule:KG-RULE-V02-0049;source:REF-GF0025-2021;source:REF-GRAMMAR-MANUAL-ADV;source:REF-GRAMMAR-MANUAL-ELEM;source:REF-GRAMMAR-MANUAL-INTER;source:REF-HUANG-LIAO-MODERN-CHINESE;source:REF-LIU-PRACTICAL-GRAMMAR
2027,ASGD-2027-1123,1783a81fe3052707,复句关联结构,如果...就候选,是目标语法点,是目标语法点,1,0.9974036812782288,0,candidate:如果...就候选;family:复句关联结构
2027,ASGD-2027-1124,9dba99f51345733c,补语结构,得字补语候选,是目标语法点,是目标语法点,1,0.9962827563285828,0,candidate:得字补语候选;family:补语结构;rule:KG-RULE-V02-0047;rule:KG-RULE-V02-0049;source:REF-GF0025-2021;source:REF-GRAMMAR-MANUAL-ADV;source:REF-GRAMMAR-MANUAL-ELEM;source:REF-GRAMMAR-MANUAL-INTER;source:REF-HUANG-LIAO-MODERN-CHINESE;source:REF-LIU-PRACTICAL-GRAMMAR
2027,ASGD-2027-1128,e13dabcee8622a1c,时间/处所功能结构,时间状语候选,是目标语法点,是目标语法点,1,0.997830331325531,0,candidate:时间状语候选;family:时间/处所功能结构;rule:KG-RULE-V02-0030;rule:KG-RULE-V02-0031;rule:KG-RULE-V02-0032;source:REF-GF0025-2021;source:REF-GRAMMAR-MANUAL-ADV;source:REF-GRAMMAR-MANUAL-ELEM;source:REF-GRAMMAR-MANUAL-INTER;source:REF-HUANG-LIAO-MODERN-CHINESE
2027,ASGD-2027-1131,9f18fc731f0f771f,介词/框架结构,在字介词框架候选,是目标语法点,是目标语法点,1,0.9975192546844482,0,candidate:在字介词框架候选;family:介词/框架结构;rule:KG-RULE-V02-0099;rule:KG-RULE-V02-0100;rule:KG-RULE-V02-0101;source:REF-GF0025-2021;source:REF-GRAMMAR-MANUAL-ADV;source:REF-GRAMMAR-MANUAL-ELEM;source:REF-GRAMMAR-MANUAL-INTER;source:REF-HUANG-LIAO-MODERN-CHINESE;source:REF-LU-TCSL-GRAMMAR
2027,ASGD-2027-1134,6a76e6f1d0f00ca2,复句关联结构,因为候选,是目标语法点,是目标语法点,1,0.9972585439682007,0,candidate:因为候选;family:复句关联结构
2027,ASGD-2027-1139,774cc5248db1c9ac,时间/处所功能结构,处所状语候选,是目标语法点,是目标语法点,1,0.9935194849967957,0,candidate:处所状语候选;family:时间/处所功能结构;rule:KG-RULE-V02-0039;rule:KG-RULE-V02-0040;rule:KG-RULE-V02-0041;source:REF-GF0025-2021;source:REF-GRAMMAR-MANUAL-ELEM;source:REF-GRAMMAR-MANUAL-INTER;source:REF-HUANG-LIAO-MODERN-CHINESE
2027,ASGD-2027-1143,6a76e6f1d0f00ca2,介词/框架结构,给/为/关于等介词框架候选,是目标语法点,是目标语法点,1,0.9971132278442383,0,candidate:给/为/关于等介词框架候选;family:介词/框架结构;rule:KG-RULE-V02-0135;rule:KG-RULE-V02-0136;rule:KG-RULE-V02-0137;source:REF-GF0025-2021;source:REF-GRAMMAR-MANUAL-ADV;source:REF-GRAMMAR-MANUAL-ELEM;source:REF-GRAMMAR-MANUAL-INTER;source:REF-HUANG-LIAO-MODERN-CHINESE;source:REF-LU-TCSL-GRAMMAR
2027,ASGD-2027-1149,0056295955a06c45,补语结构,数量/时量补语候选,是目标语法点,是目标语法点,1,0.9967284202575684,0,candidate:数量/时量补语候选;family:补语结构
2027,ASGD-2027-1150,2659b4a8bf8fb7a8,时间/处所功能结构,时间状语候选,是目标语法点,是目标语法点,1,0.9969563484191895,0,candidate:时间状语候选;family:时间/处所功能结构;rule:KG-RULE-V02-0030;rule:KG-RULE-V02-0031;rule:KG-RULE-V02-0032;source:REF-GF0025-2021;source:REF-GRAMMAR-MANUAL-ADV;source:REF-GRAMMAR-MANUAL-ELEM;source:REF-GRAMMAR-MANUAL-INTER;source:REF-HUANG-LIAO-MODERN-CHINESE
2027,ASGD-2027-1166,18ec943fe09428c7,多谓词/论元结构,双宾/给予结构候选,是目标语法点,是目标语法点,1,0.995453953742981,0,candidate:双宾/给予结构候选;family:多谓词/论元结构
2027,ASGD-2027-1174,d8a1485b28a08c74,比较构式,比字比较候选,是目标语法点,是目标语法点,1,0.9961548447608948,0,candidate:比字比较候选;family:比较构式;rule:KG-RULE-V02-0053;rule:KG-RULE-V02-0054;source:REF-GF0025-2021;source:REF-GRAMMAR-MANUAL-ADV;source:REF-GRAMMAR-MANUAL-ELEM;source:REF-GRAMMAR-MANUAL-INTER;source:REF-LIU-PRACTICAL-GRAMMAR
2027,ASGD-2027-1196,d0862e141e20a3bb,复句关联结构,既然候选,是目标语法点,是目标语法点,1,0.9979158043861389,0,candidate:既然候选;family:复句关联结构
2027,ASGD-2027-1199,fc4522c881eead6b,补语结构,趋向补语候选,是目标语法点,是目标语法点,1,0.9957286715507507,0,candidate:趋向补语候选;family:补语结构
2027,ASGD-2027-1200,31b3f0ef26d95010,时间/处所功能结构,处所状语候选,是目标语法点,是目标语法点,1,0.9936233162879944,0,candidate:处所状语候选;family:时间/处所功能结构;rule:KG-RULE-V02-0039;rule:KG-RULE-V02-0040;rule:KG-RULE-V02-0041;source:REF-GF0025-2021;source:REF-GRAMMAR-MANUAL-ELEM;source:REF-GRAMMAR-MANUAL-INTER;source:REF-HUANG-LIAO-MODERN-CHINESE
2027,ASGD-2027-1202,96afa97b05c52a3c,比较构式,比字比较候选,不是目标语法点,不是目标语法点,1,0.9980892539024353,1,candidate:比字比较候选;family:比较构式;rule:KG-RULE-V02-0053;rule:KG-RULE-V02-0054;rule:KG-RULE-V02-0056;source:REF-GF0025-2021;source:REF-GRAMMAR-MANUAL-ADV;source:REF-GRAMMAR-MANUAL-ELEM;source:REF-GRAMMAR-MANUAL-INTER;source:REF-LIU-PRACTICAL-GRAMMAR
2027,ASGD-2027-1219,7527038074c63e45,被动/受事凸显构式,被字句候选,是目标语法点,是目标语法点,1,0.9975181818008423,0,candidate:被字句候选;family:被动/受事凸显构式;rule:KG-RULE-V02-0022;rule:KG-RULE-V02-0024;source:REF-GF0025-2021;source:REF-GRAMMAR-MANUAL-ADV;source:REF-GRAMMAR-MANUAL-ELEM;source:REF-GRAMMAR-MANUAL-INTER;source:REF-LIU-PRACTICAL-GRAMMAR;source:REF-LU-TCSL-GRAMMAR
2027,ASGD-2027-1231,55a6b4177d2af0ac,复句关联结构,但是候选,是目标语法点,是目标语法点,1,0.9975958466529846,0,candidate:但是候选;family:复句关联结构
2027,ASGD-2027-1233,08214e20df7cb819,处置/受事重组构式,把字句候选,是目标语法点,是目标语法点,1,0.9974740147590637,0,candidate:把字句候选;family:处置/受事重组构式;rule:KG-RULE-V02-0001;rule:KG-RULE-V02-0002;rule:KG-RULE-V02-0003;source:REF-GF0025-2021;source:REF-GRAMMAR-MANUAL-ELEM;source:REF-GRAMMAR-MANUAL-INTER;source:REF-LIU-PRACTICAL-GRAMMAR;source:REF-LU-TCSL-GRAMMAR
2027,ASGD-2027-1235,d6711b70f99deb2b,时间/处所功能结构,时间状语候选,是目标语法点,是目标语法点,1,0.9978950023651123,0,candidate:时间状语候选;family:时间/处所功能结构;rule:KG-RULE-V02-0030;rule:KG-RULE-V02-0031;rule:KG-RULE-V02-0032;source:REF-GF0025-2021;source:REF-GRAMMAR-MANUAL-ADV;source:REF-GRAMMAR-MANUAL-ELEM;source:REF-GRAMMAR-MANUAL-INTER;source:REF-HUANG-LIAO-MODERN-CHINESE
2027,ASGD-2027-1238,00edfd14331b50d1,补语结构,得字补语候选,是目标语法点,是目标语法点,1,0.9965086579322815,0,candidate:得字补语候选;family:补语结构;rule:KG-RULE-V02-0047;rule:KG-RULE-V02-0049;source:REF-GF0025-2021;source:REF-GRAMMAR-MANUAL-ADV;source:REF-GRAMMAR-MANUAL-ELEM;source:REF-GRAMMAR-MANUAL-INTER;source:REF-HUANG-LIAO-MODERN-CHINESE;source:REF-LIU-PRACTICAL-GRAMMAR
2027,ASGD-2027-1244,6257801b6f19a93c,介词/框架结构,在字介词框架候选,是目标语法点,是目标语法点,1,0.9974784255027771,0,candidate:在字介词框架候选;family:介词/框架结构;rule:KG-RULE-V02-0099;rule:KG-RULE-V02-0100;rule:KG-RULE-V02-0101;source:REF-GF0025-2021;source:REF-GRAMMAR-MANUAL-ADV;source:REF-GRAMMAR-MANUAL-ELEM;source:REF-GRAMMAR-MANUAL-INTER;source:REF-HUANG-LIAO-MODERN-CHINESE;source:REF-LU-TCSL-GRAMMAR
2027,ASGD-2027-1246,7886ffaea01393ca,比较构式,不如比较候选,是目标语法点,是目标语法点,1,0.9963223934173584,0,candidate:不如比较候选;family:比较构式;rule:KG-RULE-V02-0079;rule:KG-RULE-V02-0080;rule:KG-RULE-V02-0081;source:REF-GF0025-2021;source:REF-GRAMMAR-MANUAL-ADV;source:REF-GRAMMAR-MANUAL-ELEM;source:REF-GRAMMAR-MANUAL-INTER;source:REF-LIU-PRACTICAL-GRAMMAR
2027,ASGD-2027-1249,0efff4e254ff8c9a,时间/处所功能结构,时间状语候选,是目标语法点,是目标语法点,1,0.9977388381958008,0,candidate:时间状语候选;family:时间/处所功能结构;rule:KG-RULE-V02-0030;rule:KG-RULE-V02-0031;rule:KG-RULE-V02-0032;source:REF-GF0025-2021;source:REF-GRAMMAR-MANUAL-ADV;source:REF-GRAMMAR-MANUAL-ELEM;source:REF-GRAMMAR-MANUAL-INTER;source:REF-HUANG-LIAO-MODERN-CHINESE
2027,ASGD-2027-1250,5f1b8e68c3739a2c,补语结构,数量/时量补语候选,是目标语法点,是目标语法点,1,0.9970235228538513,0,candidate:数量/时量补语候选;family:补语结构
2027,ASGD-2027-1251,14ddbe6df77ded6e,时间/处所功能结构,时间状语候选,是目标语法点,是目标语法点,1,0.9977880716323853,0,candidate:时间状语候选;family:时间/处所功能结构;rule:KG-RULE-V02-0030;rule:KG-RULE-V02-0031;rule:KG-RULE-V02-0032;source:REF-GF0025-2021;source:REF-GRAMMAR-MANUAL-ADV;source:REF-GRAMMAR-MANUAL-ELEM;source:REF-GRAMMAR-MANUAL-INTER;source:REF-HUANG-LIAO-MODERN-CHINESE
2027,ASGD-2027-1258,0bfe44ed9f10fb15,处置/受事重组构式,把字句候选,是目标语法点,是目标语法点,1,0.9975499510765076,0,candidate:把字句候选;family:处置/受事重组构式;rule:KG-RULE-V02-0001;rule:KG-RULE-V02-0002;rule:KG-RULE-V02-0003;source:REF-GF0025-2021;source:REF-GRAMMAR-MANUAL-ELEM;source:REF-GRAMMAR-MANUAL-INTER;source:REF-LIU-PRACTICAL-GRAMMAR;source:REF-LU-TCSL-GRAMMAR
2027,ASGD-2027-1263,f6b7ae906201141e,被动/受事凸显构式,被字句候选,是目标语法点,是目标语法点,1,0.9974474906921387,0,candidate:被字句候选;family:被动/受事凸显构式;rule:KG-RULE-V02-0022;rule:KG-RULE-V02-0024;source:REF-GF0025-2021;source:REF-GRAMMAR-MANUAL-ADV;source:REF-GRAMMAR-MANUAL-ELEM;source:REF-GRAMMAR-MANUAL-INTER;source:REF-LIU-PRACTICAL-GRAMMAR;source:REF-LU-TCSL-GRAMMAR
2027,ASGD-2027-1264,e0247eb17dcd9c1c,多谓词/论元结构,连动结构候选,是目标语法点,是目标语法点,1,0.9956798553466797,0,candidate:连动结构候选;family:多谓词/论元结构
2027,ASGD-2027-1273,2659b4a8bf8fb7a8,时间/处所功能结构,时间状语候选,是目标语法点,是目标语法点,1,0.9965799450874329,0,candidate:时间状语候选;family:时间/处所功能结构;rule:KG-RULE-V02-0030;rule:KG-RULE-V02-0031;rule:KG-RULE-V02-0032;source:REF-GF0025-2021;source:REF-GRAMMAR-MANUAL-ADV;source:REF-GRAMMAR-MANUAL-ELEM;source:REF-GRAMMAR-MANUAL-INTER;source:REF-HUANG-LIAO-MODERN-CHINESE
2027,ASGD-2027-1276,3a2f0bd9ce828f1d,时间/处所功能结构,处所状语候选,是目标语法点,不是目标语法点,0,0.9948086738586426,0,candidate:处所状语候选;family:时间/处所功能结构;rule:KG-RULE-V02-0039;rule:KG-RULE-V02-0040;rule:KG-RULE-V02-0041;source:REF-GF0025-2021;source:REF-GRAMMAR-MANUAL-ELEM;source:REF-GRAMMAR-MANUAL-INTER;source:REF-HUANG-LIAO-MODERN-CHINESE
2027,ASGD-2027-1291,de35f22346e3d534,介词/框架结构,对字介词框架候选,是目标语法点,是目标语法点,1,0.9971508383750916,0,candidate:对字介词框架候选;family:介词/框架结构;rule:KG-RULE-V02-0115;rule:KG-RULE-V02-0116;rule:KG-RULE-V02-0117;source:REF-GF0025-2021;source:REF-GRAMMAR-MANUAL-ADV;source:REF-GRAMMAR-MANUAL-ELEM;source:REF-GRAMMAR-MANUAL-INTER;source:REF-HUANG-LIAO-MODERN-CHINESE;source:REF-LU-TCSL-GRAMMAR
2027,ASGD-2027-1303,8ea13a8924b7171c,比较构式,没有比较候选,不是目标语法点,不是目标语法点,1,0.9991034865379333,0,candidate:没有比较候选;family:比较构式;rule:KG-RULE-V02-0059;rule:KG-RULE-V02-0060;rule:KG-RULE-V02-0061;source:REF-GF0025-2021;source:REF-GRAMMAR-MANUAL-ADV;source:REF-GRAMMAR-MANUAL-ELEM;source:REF-GRAMMAR-MANUAL-INTER;source:REF-LIU-PRACTICAL-GRAMMAR
2027,ASGD-2027-1305,b98d0d3b670403ad,时间/处所功能结构,处所状语候选,是目标语法点,是目标语法点,1,0.9961982369422913,0,candidate:处所状语候选;family:时间/处所功能结构;rule:KG-RULE-V02-0039;rule:KG-RULE-V02-0040;rule:KG-RULE-V02-0041;source:REF-GF0025-2021;source:REF-GRAMMAR-MANUAL-ELEM;source:REF-GRAMMAR-MANUAL-INTER;source:REF-HUANG-LIAO-MODERN-CHINESE
2027,ASGD-2027-1310,3103f4cd99e88208,多谓词/论元结构,连动结构候选,是目标语法点,是目标语法点,1,0.9960749745368958,0,candidate:连动结构候选;family:多谓词/论元结构
2027,ASGD-2027-1317,5ae5719b71b0d7d1,介词/框架结构,给/为/关于等介词框架候选,是目标语法点,是目标语法点,1,0.9970815777778625,0,candidate:给/为/关于等介词框架候选;family:介词/框架结构;rule:KG-RULE-V02-0135;rule:KG-RULE-V02-0136;rule:KG-RULE-V02-0137;source:REF-GF0025-2021;source:REF-GRAMMAR-MANUAL-ADV;source:REF-GRAMMAR-MANUAL-ELEM;source:REF-GRAMMAR-MANUAL-INTER;source:REF-HUANG-LIAO-MODERN-CHINESE;source:REF-LU-TCSL-GRAMMAR
2027,ASGD-2027-1318,054bb40cce550532,处置/受事重组构式,把字句候选,是目标语法点,是目标语法点,1,0.9977715611457825,0,candidate:把字句候选;family:处置/受事重组构式;rule:KG-RULE-V02-0001;rule:KG-RULE-V02-0002;rule:KG-RULE-V02-0003;source:REF-GF0025-2021;source:REF-GRAMMAR-MANUAL-ELEM;source:REF-GRAMMAR-MANUAL-INTER;source:REF-LIU-PRACTICAL-GRAMMAR;source:REF-LU-TCSL-GRAMMAR
2027,ASGD-2027-1321,18676eae40cf9b0d,处置/受事重组构式,把字句候选,是目标语法点,是目标语法点,1,0.9967888593673706,0,candidate:把字句候选;family:处置/受事重组构式;rule:KG-RULE-V02-0001;rule:KG-RULE-V02-0002;rule:KG-RULE-V02-0003;source:REF-GF0025-2021;source:REF-GRAMMAR-MANUAL-ELEM;source:REF-GRAMMAR-MANUAL-INTER;source:REF-LIU-PRACTICAL-GRAMMAR;source:REF-LU-TCSL-GRAMMAR
2027,ASGD-2027-1322,434cce081310f93a,处置/受事重组构式,把字句候选,是目标语法点,是目标语法点,1,0.997366726398468,0,candidate:把字句候选;family:处置/受事重组构式;rule:KG-RULE-V02-0001;rule:KG-RULE-V02-0002;rule:KG-RULE-V02-0003;source:REF-GF0025-2021;source:REF-GRAMMAR-MANUAL-ELEM;source:REF-GRAMMAR-MANUAL-INTER;source:REF-LIU-PRACTICAL-GRAMMAR;source:REF-LU-TCSL-GRAMMAR
2027,ASGD-2027-1324,8857840eddda190f,处置/受事重组构式,把字句候选,是目标语法点,是目标语法点,1,0.9972702860832214,0,candidate:把字句候选;family:处置/受事重组构式;rule:KG-RULE-V02-0001;rule:KG-RULE-V02-0002;rule:KG-RULE-V02-0003;source:REF-GF0025-2021;source:REF-GRAMMAR-MANUAL-ELEM;source:REF-GRAMMAR-MANUAL-INTER;source:REF-LIU-PRACTICAL-GRAMMAR;source:REF-LU-TCSL-GRAMMAR
2027,ASGD-2027-1325,6f5f208a28ed4680,处置/受事重组构式,把字句候选,是目标语法点,是目标语法点,1,0.9973674416542053,0,candidate:把字句候选;family:处置/受事重组构式;rule:KG-RULE-V02-0001;rule:KG-RULE-V02-0002;rule:KG-RULE-V02-0003;source:REF-GF0025-2021;source:REF-GRAMMAR-MANUAL-ELEM;source:REF-GRAMMAR-MANUAL-INTER;source:REF-LIU-PRACTICAL-GRAMMAR;source:REF-LU-TCSL-GRAMMAR
2027,ASGD-2027-1331,057d2a2227f32e33,多谓词/论元结构,双宾/给予结构候选,是目标语法点,是目标语法点,1,0.9960024952888489,0,candidate:双宾/给予结构候选;family:多谓词/论元结构
2027,ASGD-2027-1334,d10b1dd6e05ee666,处置/受事重组构式,把字句候选,是目标语法点,是目标语法点,1,0.9971248507499695,0,candidate:把字句候选;family:处置/受事重组构式;rule:KG-RULE-V02-0001;rule:KG-RULE-V02-0002;rule:KG-RULE-V02-0003;source:REF-GF0025-2021;source:REF-GRAMMAR-MANUAL-ELEM;source:REF-GRAMMAR-MANUAL-INTER;source:REF-LIU-PRACTICAL-GRAMMAR;source:REF-LU-TCSL-GRAMMAR
2027,ASGD-2027-1339,f883f6bea8ccfd0e,时间/处所功能结构,处所状语候选,是目标语法点,是目标语法点,1,0.9858701229095459,0,candidate:处所状语候选;family:时间/处所功能结构;rule:KG-RULE-V02-0042;source:REF-GF0025-2021;source:REF-GRAMMAR-MANUAL-ELEM;source:REF-GRAMMAR-MANUAL-INTER;source:REF-HUANG-LIAO-MODERN-CHINESE
2027,ASGD-2027-1341,dc560ca7bd864e9b,介词/框架结构,在字介词框架候选,是目标语法点,是目标语法点,1,0.9973862767219543,0,candidate:在字介词框架候选;family:介词/框架结构;rule:KG-RULE-V02-0099;rule:KG-RULE-V02-0100;rule:KG-RULE-V02-0101;source:REF-GF0025-2021;source:REF-GRAMMAR-MANUAL-ADV;source:REF-GRAMMAR-MANUAL-ELEM;source:REF-GRAMMAR-MANUAL-INTER;source:REF-HUANG-LIAO-MODERN-CHINESE;source:REF-LU-TCSL-GRAMMAR
2027,ASGD-2027-1342,2ca4e4397ab8a7f6,介词/框架结构,在字介词框架候选,是目标语法点,是目标语法点,1,0.9975290894508362,0,candidate:在字介词框架候选;family:介词/框架结构;rule:KG-RULE-V02-0099;rule:KG-RULE-V02-0100;rule:KG-RULE-V02-0101;source:REF-GF0025-2021;source:REF-GRAMMAR-MANUAL-ADV;source:REF-GRAMMAR-MANUAL-ELEM;source:REF-GRAMMAR-MANUAL-INTER;source:REF-HUANG-LIAO-MODERN-CHINESE;source:REF-LU-TCSL-GRAMMAR
2027,ASGD-2027-1348,c76bb1be5586c4a2,时间/处所功能结构,时间状语候选,是目标语法点,是目标语法点,1,0.9976534247398376,0,candidate:时间状语候选;family:时间/处所功能结构;rule:KG-RULE-V02-0030;rule:KG-RULE-V02-0031;rule:KG-RULE-V02-0032;source:REF-GF0025-2021;source:REF-GRAMMAR-MANUAL-ADV;source:REF-GRAMMAR-MANUAL-ELEM;source:REF-GRAMMAR-MANUAL-INTER;source:REF-HUANG-LIAO-MODERN-CHINESE
2027,ASGD-2027-1351,85ee304f69f02fc0,补语结构,数量/时量补语候选,是目标语法点,是目标语法点,1,0.9967254400253296,0,candidate:数量/时量补语候选;family:补语结构
2027,ASGD-2027-1352,baa8bc33cd5fcef9,处置/受事重组构式,把字句候选,是目标语法点,是目标语法点,1,0.9975839853286743,0,candidate:把字句候选;family:处置/受事重组构式;rule:KG-RULE-V02-0001;rule:KG-RULE-V02-0002;rule:KG-RULE-V02-0003;source:REF-GF0025-2021;source:REF-GRAMMAR-MANUAL-ELEM;source:REF-GRAMMAR-MANUAL-INTER;source:REF-LIU-PRACTICAL-GRAMMAR;source:REF-LU-TCSL-GRAMMAR
2027,ASGD-2027-1353,328b620180c6b921,时间/处所功能结构,时间状语候选,是目标语法点,是目标语法点,1,0.9978620409965515,0,candidate:时间状语候选;family:时间/处所功能结构;rule:KG-RULE-V02-0030;rule:KG-RULE-V02-0031;rule:KG-RULE-V02-0032;source:REF-GF0025-2021;source:REF-GRAMMAR-MANUAL-ADV;source:REF-GRAMMAR-MANUAL-ELEM;source:REF-GRAMMAR-MANUAL-INTER;source:REF-HUANG-LIAO-MODERN-CHINESE
2027,ASGD-2027-1357,de895966797899ca,被动/受事凸显构式,被字句候选,是目标语法点,是目标语法点,1,0.9969968795776367,0,candidate:被字句候选;family:被动/受事凸显构式;rule:KG-RULE-V02-0022;rule:KG-RULE-V02-0024;source:REF-GF0025-2021;source:REF-GRAMMAR-MANUAL-ADV;source:REF-GRAMMAR-MANUAL-ELEM;source:REF-GRAMMAR-MANUAL-INTER;source:REF-LIU-PRACTICAL-GRAMMAR;source:REF-LU-TCSL-GRAMMAR
2027,ASGD-2027-1360,b750cfcd5cc29596,补语结构,结果补语候选,是目标语法点,是目标语法点,1,0.9977743029594421,0,candidate:结果补语候选;family:补语结构
2027,ASGD-2027-1363,98a6f2f29fb21a6b,被动/受事凸显构式,被字句候选,是目标语法点,是目标语法点,1,0.9969702959060669,0,candidate:被字句候选;family:被动/受事凸显构式;rule:KG-RULE-V02-0022;rule:KG-RULE-V02-0024;source:REF-GF0025-2021;source:REF-GRAMMAR-MANUAL-ADV;source:REF-GRAMMAR-MANUAL-ELEM;source:REF-GRAMMAR-MANUAL-INTER;source:REF-LIU-PRACTICAL-GRAMMAR;source:REF-LU-TCSL-GRAMMAR
2027,ASGD-2027-1364,e49e0ef791b45167,时间/处所功能结构,处所状语候选,不是目标语法点,不是目标语法点,1,0.9976111650466919,0,candidate:处所状语候选;family:时间/处所功能结构;rule:KG-RULE-V02-0042;source:REF-GF0025-2021;source:REF-GRAMMAR-MANUAL-ELEM;source:REF-GRAMMAR-MANUAL-INTER;source:REF-HUANG-LIAO-MODERN-CHINESE
2027,ASGD-2027-1366,9f8aab59c665f7c8,介词/框架结构,对字介词框架候选,是目标语法点,是目标语法点,1,0.9975481629371643,0,candidate:对字介词框架候选;family:介词/框架结构;rule:KG-RULE-V02-0115;rule:KG-RULE-V02-0116;rule:KG-RULE-V02-0117;source:REF-GF0025-2021;source:REF-GRAMMAR-MANUAL-ADV;source:REF-GRAMMAR-MANUAL-ELEM;source:REF-GRAMMAR-MANUAL-INTER;source:REF-HUANG-LIAO-MODERN-CHINESE;source:REF-LU-TCSL-GRAMMAR
2027,ASGD-2027-1369,057d2a2227f32e33,介词/框架结构,给/为/关于等介词框架候选,是目标语法点,是目标语法点,1,0.9968951940536499,0,candidate:给/为/关于等介词框架候选;family:介词/框架结构;rule:KG-RULE-V02-0135;rule:KG-RULE-V02-0136;rule:KG-RULE-V02-0137;source:REF-GF0025-2021;source:REF-GRAMMAR-MANUAL-ADV;source:REF-GRAMMAR-MANUAL-ELEM;source:REF-GRAMMAR-MANUAL-INTER;source:REF-HUANG-LIAO-MODERN-CHINESE;source:REF-LU-TCSL-GRAMMAR
2027,ASGD-2027-1371,4a3dc99f2ee1c9ce,介词/框架结构,对字介词框架候选,是目标语法点,是目标语法点,1,0.6104759573936462,0,candidate:对字介词框架候选;family:介词/框架结构;rule:KG-RULE-V02-0115;rule:KG-RULE-V02-0116;rule:KG-RULE-V02-0117;source:REF-GF0025-2021;source:REF-GRAMMAR-MANUAL-ADV;source:REF-GRAMMAR-MANUAL-ELEM;source:REF-GRAMMAR-MANUAL-INTER;source:REF-HUANG-LIAO-MODERN-CHINESE;source:REF-LU-TCSL-GRAMMAR
2027,ASGD-2027-1376,60decf8b67f632db,时间/处所功能结构,时间状语候选,是目标语法点,是目标语法点,1,0.9973090887069702,0,candidate:时间状语候选;family:时间/处所功能结构;rule:KG-RULE-V02-0030;rule:KG-RULE-V02-0031;rule:KG-RULE-V02-0032;source:REF-GF0025-2021;source:REF-GRAMMAR-MANUAL-ADV;source:REF-GRAMMAR-MANUAL-ELEM;source:REF-GRAMMAR-MANUAL-INTER;source:REF-HUANG-LIAO-MODERN-CHINESE
2027,ASGD-2027-1381,d53bac47647ce88d,介词/框架结构,给/为/关于等介词框架候选,是目标语法点,是目标语法点,1,0.9972967505455017,0,candidate:给/为/关于等介词框架候选;family:介词/框架结构;rule:KG-RULE-V02-0138;source:REF-GF0025-2021;source:REF-GRAMMAR-MANUAL-ADV;source:REF-GRAMMAR-MANUAL-ELEM;source:REF-GRAMMAR-MANUAL-INTER;source:REF-HUANG-LIAO-MODERN-CHINESE;source:REF-LU-TCSL-GRAMMAR
2027,ASGD-2027-1382,28ab893bc629a9b3,比较构式,越...越候选,是目标语法点,是目标语法点,1,0.9970000386238098,0,candidate:越...越候选;family:比较构式;rule:KG-RULE-V02-0069;rule:KG-RULE-V02-0070;rule:KG-RULE-V02-0071;source:REF-GF0025-2021;source:REF-GRAMMAR-MANUAL-ADV;source:REF-GRAMMAR-MANUAL-ELEM;source:REF-GRAMMAR-MANUAL-INTER;source:REF-LIU-PRACTICAL-GRAMMAR
2027,ASGD-2027-1397,0cebd5010a21c34e,多谓词/论元结构,连动结构候选,是目标语法点,是目标语法点,1,0.9959985017776489,0,candidate:连动结构候选;family:多谓词/论元结构
2027,ASGD-2027-1411,b98d0d3b670403ad,时间/处所功能结构,处所状语候选,是目标语法点,是目标语法点,1,0.9953617453575134,0,candidate:处所状语候选;family:时间/处所功能结构;rule:KG-RULE-V02-0039;rule:KG-RULE-V02-0040;rule:KG-RULE-V02-0041;source:REF-GF0025-2021;source:REF-GRAMMAR-MANUAL-ELEM;source:REF-GRAMMAR-MANUAL-INTER;source:REF-HUANG-LIAO-MODERN-CHINESE
2027,ASGD-2027-1412,f52dab014375ce20,比较构式,比字比较候选,是目标语法点,是目标语法点,1,0.996453046798706,0,candidate:比字比较候选;family:比较构式;rule:KG-RULE-V02-0053;rule:KG-RULE-V02-0054;source:REF-GF0025-2021;source:REF-GRAMMAR-MANUAL-ADV;source:REF-GRAMMAR-MANUAL-ELEM;source:REF-GRAMMAR-MANUAL-INTER;source:REF-LIU-PRACTICAL-GRAMMAR
2027,ASGD-2027-1413,b6338da4c3c1d023,介词/框架结构,在字介词框架候选,是目标语法点,是目标语法点,1,0.9972071051597595,0,candidate:在字介词框架候选;family:介词/框架结构;rule:KG-RULE-V02-0099;rule:KG-RULE-V02-0100;rule:KG-RULE-V02-0101;source:REF-GF0025-2021;source:REF-GRAMMAR-MANUAL-ADV;source:REF-GRAMMAR-MANUAL-ELEM;source:REF-GRAMMAR-MANUAL-INTER;source:REF-HUANG-LIAO-MODERN-CHINESE;source:REF-LU-TCSL-GRAMMAR
2027,ASGD-2027-1428,af6389f8b8b635bd,复句关联结构,如果候选,是目标语法点,是目标语法点,1,0.9976196885108948,0,candidate:如果候选;family:复句关联结构
2027,ASGD-2027-1434,c8009f850580c8cc,补语结构,得字补语候选,是目标语法点,是目标语法点,1,0.996536374092102,0,candidate:得字补语候选;family:补语结构;rule:KG-RULE-V02-0047;rule:KG-RULE-V02-0049;source:REF-GF0025-2021;source:REF-GRAMMAR-MANUAL-ADV;source:REF-GRAMMAR-MANUAL-ELEM;source:REF-GRAMMAR-MANUAL-INTER;source:REF-HUANG-LIAO-MODERN-CHINESE;source:REF-LIU-PRACTICAL-GRAMMAR
2027,ASGD-2027-1442,92f2b9db65c4036d,时间/处所功能结构,时间状语候选,是目标语法点,是目标语法点,1,0.9977942705154419,0,candidate:时间状语候选;family:时间/处所功能结构;rule:KG-RULE-V02-0030;rule:KG-RULE-V02-0031;rule:KG-RULE-V02-0032;source:REF-GF0025-2021;source:REF-GRAMMAR-MANUAL-ADV;source:REF-GRAMMAR-MANUAL-ELEM;source:REF-GRAMMAR-MANUAL-INTER;source:REF-HUANG-LIAO-MODERN-CHINESE
2027,ASGD-2027-1445,8e25809fbfcaad68,处置/受事重组构式,把字句候选,是目标语法点,是目标语法点,1,0.9947022795677185,0,candidate:把字句候选;family:处置/受事重组构式;rule:KG-RULE-V02-0001;rule:KG-RULE-V02-0002;rule:KG-RULE-V02-0003;source:REF-GF0025-2021;source:REF-GRAMMAR-MANUAL-ELEM;source:REF-GRAMMAR-MANUAL-INTER;source:REF-LIU-PRACTICAL-GRAMMAR;source:REF-LU-TCSL-GRAMMAR
2027,ASGD-2027-1450,3a9fca0ed76a3369,介词/框架结构,给/为/关于等介词框架候选,是目标语法点,是目标语法点,1,0.9966931343078613,0,candidate:给/为/关于等介词框架候选;family:介词/框架结构;rule:KG-RULE-V02-0135;rule:KG-RULE-V02-0136;rule:KG-RULE-V02-0137;source:REF-GF0025-2021;source:REF-GRAMMAR-MANUAL-ADV;source:REF-GRAMMAR-MANUAL-ELEM;source:REF-GRAMMAR-MANUAL-INTER;source:REF-HUANG-LIAO-MODERN-CHINESE;source:REF-LU-TCSL-GRAMMAR
2027,ASGD-2027-1451,96298c92c362cc2e,时间/处所功能结构,时间状语候选,是目标语法点,是目标语法点,1,0.9977317452430725,0,candidate:时间状语候选;family:时间/处所功能结构;rule:KG-RULE-V02-0030;rule:KG-RULE-V02-0031;rule:KG-RULE-V02-0032;source:REF-GF0025-2021;source:REF-GRAMMAR-MANUAL-ADV;source:REF-GRAMMAR-MANUAL-ELEM;source:REF-GRAMMAR-MANUAL-INTER;source:REF-HUANG-LIAO-MODERN-CHINESE
2027,ASGD-2027-1458,5474f6bfcd965573,复句关联结构,但是候选,是目标语法点,是目标语法点,1,0.9972679615020752,0,candidate:但是候选;family:复句关联结构
2027,ASGD-2027-1459,eb5dc089abf4ca03,时间/处所功能结构,时间状语候选,是目标语法点,是目标语法点,1,0.9977685213088989,0,candidate:时间状语候选;family:时间/处所功能结构;rule:KG-RULE-V02-0030;rule:KG-RULE-V02-0031;rule:KG-RULE-V02-0032;source:REF-GF0025-2021;source:REF-GRAMMAR-MANUAL-ADV;source:REF-GRAMMAR-MANUAL-ELEM;source:REF-GRAMMAR-MANUAL-INTER;source:REF-HUANG-LIAO-MODERN-CHINESE
2027,ASGD-2027-1465,5c4ed122b013493b,比较构式,比字比较候选,不是目标语法点,不是目标语法点,1,0.9982757568359375,1,candidate:比字比较候选;family:比较构式;rule:KG-RULE-V02-0053;rule:KG-RULE-V02-0054;rule:KG-RULE-V02-0056;source:REF-GF0025-2021;source:REF-GRAMMAR-MANUAL-ADV;source:REF-GRAMMAR-MANUAL-ELEM;source:REF-GRAMMAR-MANUAL-INTER;source:REF-LIU-PRACTICAL-GRAMMAR
2027,ASGD-2027-1468,b7c7b5dd7ac0e457,比较构式,没有比较候选,不是目标语法点,不是目标语法点,1,0.9989827275276184,0,candidate:没有比较候选;family:比较构式;rule:KG-RULE-V02-0059;rule:KG-RULE-V02-0060;rule:KG-RULE-V02-0061;source:REF-GF0025-2021;source:REF-GRAMMAR-MANUAL-ADV;source:REF-GRAMMAR-MANUAL-ELEM;source:REF-GRAMMAR-MANUAL-INTER;source:REF-LIU-PRACTICAL-GRAMMAR
2027,ASGD-2027-1469,94e001a70ddfc03b,时间/处所功能结构,处所状语候选,不是目标语法点,是目标语法点,0,0.9371777772903442,0,candidate:处所状语候选;family:时间/处所功能结构;rule:KG-RULE-V02-0042;source:REF-GF0025-2021;source:REF-GRAMMAR-MANUAL-ELEM;source:REF-GRAMMAR-MANUAL-INTER;source:REF-HUANG-LIAO-MODERN-CHINESE
2027,ASGD-2027-1472,b38810764c3a86ae,补语结构,得字补语候选,是目标语法点,是目标语法点,1,0.949239194393158,0,candidate:得字补语候选;family:补语结构;rule:KG-RULE-V02-0047;rule:KG-RULE-V02-0049;source:REF-GF0025-2021;source:REF-GRAMMAR-MANUAL-ADV;source:REF-GRAMMAR-MANUAL-ELEM;source:REF-GRAMMAR-MANUAL-INTER;source:REF-HUANG-LIAO-MODERN-CHINESE;source:REF-LIU-PRACTICAL-GRAMMAR
2027,ASGD-2027-1481,ef8f796fc7da07dd,处置/受事重组构式,把字句候选,是目标语法点,是目标语法点,1,0.9973859190940857,0,candidate:把字句候选;family:处置/受事重组构式;rule:KG-RULE-V02-0001;rule:KG-RULE-V02-0002;rule:KG-RULE-V02-0003;source:REF-GF0025-2021;source:REF-GRAMMAR-MANUAL-ELEM;source:REF-GRAMMAR-MANUAL-INTER;source:REF-LIU-PRACTICAL-GRAMMAR;source:REF-LU-TCSL-GRAMMAR
2027,ASGD-2027-1484,1df0644c1ab7b637,处置/受事重组构式,把字句候选,是目标语法点,是目标语法点,1,0.9971449971199036,0,candidate:把字句候选;family:处置/受事重组构式;rule:KG-RULE-V02-0001;rule:KG-RULE-V02-0002;rule:KG-RULE-V02-0003;source:REF-GF0025-2021;source:REF-GRAMMAR-MANUAL-ELEM;source:REF-GRAMMAR-MANUAL-INTER;source:REF-LIU-PRACTICAL-GRAMMAR;source:REF-LU-TCSL-GRAMMAR
2027,ASGD-2027-1492,fbdb1bc08bbf8fc8,处置/受事重组构式,把字句候选,是目标语法点,是目标语法点,1,0.9969993829727173,0,candidate:把字句候选;family:处置/受事重组构式;rule:KG-RULE-V02-0001;rule:KG-RULE-V02-0002;rule:KG-RULE-V02-0003;source:REF-GF0025-2021;source:REF-GRAMMAR-MANUAL-ELEM;source:REF-GRAMMAR-MANUAL-INTER;source:REF-LIU-PRACTICAL-GRAMMAR;source:REF-LU-TCSL-GRAMMAR
2027,ASGD-2027-1494,3dd0d3745c293830,介词/框架结构,在字介词框架候选,是目标语法点,是目标语法点,1,0.9976075887680054,0,candidate:在字介词框架候选;family:介词/框架结构;rule:KG-RULE-V02-0099;rule:KG-RULE-V02-0100;rule:KG-RULE-V02-0101;source:REF-GF0025-2021;source:REF-GRAMMAR-MANUAL-ADV;source:REF-GRAMMAR-MANUAL-ELEM;source:REF-GRAMMAR-MANUAL-INTER;source:REF-HUANG-LIAO-MODERN-CHINESE;source:REF-LU-TCSL-GRAMMAR
2027,ASGD-2027-1497,085a4e4a51b32047,比较构式,不如比较候选,是目标语法点,是目标语法点,1,0.9965332746505737,0,candidate:不如比较候选;family:比较构式;rule:KG-RULE-V02-0079;rule:KG-RULE-V02-0080;rule:KG-RULE-V02-0081;source:REF-GF0025-2021;source:REF-GRAMMAR-MANUAL-ADV;source:REF-GRAMMAR-MANUAL-ELEM;source:REF-GRAMMAR-MANUAL-INTER;source:REF-LIU-PRACTICAL-GRAMMAR
2027,ASGD-2027-1512,b92cac2c13cf493f,介词/框架结构,向/往/朝介词框架候选,是目标语法点,是目标语法点,1,0.9974617958068848,0,candidate:向/往/朝介词框架候选;family:介词/框架结构;rule:KG-RULE-V02-0125;rule:KG-RULE-V02-0126;rule:KG-RULE-V02-0127;source:REF-GF0025-2021;source:REF-GRAMMAR-MANUAL-ADV;source:REF-GRAMMAR-MANUAL-ELEM;source:REF-GRAMMAR-MANUAL-INTER;source:REF-HUANG-LIAO-MODERN-CHINESE;source:REF-LU-TCSL-GRAMMAR
2027,ASGD-2027-1517,3c8a9e0e7e0d8fa9,比较构式,越...越候选,是目标语法点,是目标语法点,1,0.9957765936851501,0,candidate:越...越候选;family:比较构式;rule:KG-RULE-V02-0069;rule:KG-RULE-V02-0070;rule:KG-RULE-V02-0071;source:REF-GF0025-2021;source:REF-GRAMMAR-MANUAL-ADV;source:REF-GRAMMAR-MANUAL-ELEM;source:REF-GRAMMAR-MANUAL-INTER;source:REF-LIU-PRACTICAL-GRAMMAR
2027,ASGD-2027-1523,74a9ff89c443b355,时间/处所功能结构,时间状语候选,是目标语法点,是目标语法点,1,0.997795820236206,0,candidate:时间状语候选;family:时间/处所功能结构;rule:KG-RULE-V02-0033;source:REF-GF0025-2021;source:REF-GRAMMAR-MANUAL-ADV;source:REF-GRAMMAR-MANUAL-ELEM;source:REF-GRAMMAR-MANUAL-INTER;source:REF-HUANG-LIAO-MODERN-CHINESE
2027,ASGD-2027-1533,765f07d0c49469bd,比较构式,越...越候选,是目标语法点,是目标语法点,1,0.9971960783004761,0,candidate:越...越候选;family:比较构式;rule:KG-RULE-V02-0069;rule:KG-RULE-V02-0070;rule:KG-RULE-V02-0071;source:REF-GF0025-2021;source:REF-GRAMMAR-MANUAL-ADV;source:REF-GRAMMAR-MANUAL-ELEM;source:REF-GRAMMAR-MANUAL-INTER;source:REF-LIU-PRACTICAL-GRAMMAR
2027,ASGD-2027-1540,1691570364646b2a,介词/框架结构,在字介词框架候选,是目标语法点,是目标语法点,1,0.9978289008140564,0,candidate:在字介词框架候选;family:介词/框架结构;rule:KG-RULE-V02-0099;rule:KG-RULE-V02-0100;rule:KG-RULE-V02-0101;source:REF-GF0025-2021;source:REF-GRAMMAR-MANUAL-ADV;source:REF-GRAMMAR-MANUAL-ELEM;source:REF-GRAMMAR-MANUAL-INTER;source:REF-HUANG-LIAO-MODERN-CHINESE;source:REF-LU-TCSL-GRAMMAR
2027,ASGD-2027-1547,3267d18412499ce4,介词/框架结构,在字介词框架候选,是目标语法点,是目标语法点,1,0.9972265362739563,0,candidate:在字介词框架候选;family:介词/框架结构;rule:KG-RULE-V02-0099;rule:KG-RULE-V02-0100;rule:KG-RULE-V02-0101;source:REF-GF0025-2021;source:REF-GRAMMAR-MANUAL-ADV;source:REF-GRAMMAR-MANUAL-ELEM;source:REF-GRAMMAR-MANUAL-INTER;source:REF-HUANG-LIAO-MODERN-CHINESE;source:REF-LU-TCSL-GRAMMAR
2027,ASGD-2027-1565,210de43e2756fe2f,比较构式,比字比较候选,不是目标语法点,不是目标语法点,1,0.9752020239830017,1,candidate:比字比较候选;family:比较构式;rule:KG-RULE-V02-0053;rule:KG-RULE-V02-0054;rule:KG-RULE-V02-0056;source:REF-GF0025-2021;source:REF-GRAMMAR-MANUAL-ADV;source:REF-GRAMMAR-MANUAL-ELEM;source:REF-GRAMMAR-MANUAL-INTER;source:REF-LIU-PRACTICAL-GRAMMAR
2027,ASGD-2027-1566,3039704d00b456c7,被动/受事凸显构式,被字句候选,是目标语法点,是目标语法点,1,0.9976673722267151,0,candidate:被字句候选;family:被动/受事凸显构式;rule:KG-RULE-V02-0022;rule:KG-RULE-V02-0024;source:REF-GF0025-2021;source:REF-GRAMMAR-MANUAL-ADV;source:REF-GRAMMAR-MANUAL-ELEM;source:REF-GRAMMAR-MANUAL-INTER;source:REF-LIU-PRACTICAL-GRAMMAR;source:REF-LU-TCSL-GRAMMAR
2027,ASGD-2027-1574,ef1bbd22d6d356cb,多谓词/论元结构,双宾/给予结构候选,是目标语法点,是目标语法点,1,0.9972913861274719,0,candidate:双宾/给予结构候选;family:多谓词/论元结构
2027,ASGD-2027-1583,ff64d2d11ab3d681,复句关联结构,如果候选,是目标语法点,是目标语法点,1,0.9976123571395874,0,candidate:如果候选;family:复句关联结构
2027,ASGD-2027-1591,05558f1243bc822b,补语结构,数量/时量补语候选,是目标语法点,是目标语法点,1,0.9953925609588623,0,candidate:数量/时量补语候选;family:补语结构
2027,ASGD-2027-1602,95175507c7571535,时间/处所功能结构,时间状语候选,是目标语法点,是目标语法点,1,0.9977355003356934,0,candidate:时间状语候选;family:时间/处所功能结构;rule:KG-RULE-V02-0030;rule:KG-RULE-V02-0031;rule:KG-RULE-V02-0032;source:REF-GF0025-2021;source:REF-GRAMMAR-MANUAL-ADV;source:REF-GRAMMAR-MANUAL-ELEM;source:REF-GRAMMAR-MANUAL-INTER;source:REF-HUANG-LIAO-MODERN-CHINESE
2027,ASGD-2027-1604,f6b7988d8a72f23b,补语结构,数量/时量补语候选,是目标语法点,是目标语法点,1,0.9968827962875366,0,candidate:数量/时量补语候选;family:补语结构
2027,ASGD-2027-1606,00bec1a4d823a005,复句关联结构,但是候选,是目标语法点,是目标语法点,1,0.9974234104156494,0,candidate:但是候选;family:复句关联结构
2027,ASGD-2027-1607,132a0fa211f1187c,处置/受事重组构式,把字句候选,是目标语法点,是目标语法点,1,0.9976636171340942,0,candidate:把字句候选;family:处置/受事重组构式;rule:KG-RULE-V02-0001;rule:KG-RULE-V02-0002;rule:KG-RULE-V02-0003;source:REF-GF0025-2021;source:REF-GRAMMAR-MANUAL-ELEM;source:REF-GRAMMAR-MANUAL-INTER;source:REF-LIU-PRACTICAL-GRAMMAR;source:REF-LU-TCSL-GRAMMAR
2027,ASGD-2027-1608,d11addcaee32d9ca,被动/受事凸显构式,被字句候选,是目标语法点,是目标语法点,1,0.9972586631774902,0,candidate:被字句候选;family:被动/受事凸显构式;rule:KG-RULE-V02-0022;rule:KG-RULE-V02-0024;source:REF-GF0025-2021;source:REF-GRAMMAR-MANUAL-ADV;source:REF-GRAMMAR-MANUAL-ELEM;source:REF-GRAMMAR-MANUAL-INTER;source:REF-LIU-PRACTICAL-GRAMMAR;source:REF-LU-TCSL-GRAMMAR
2027,ASGD-2027-1611,d52dedf30027e97f,介词/框架结构,给/为/关于等介词框架候选,是目标语法点,是目标语法点,1,0.9974541068077087,0,candidate:给/为/关于等介词框架候选;family:介词/框架结构;rule:KG-RULE-V02-0135;rule:KG-RULE-V02-0136;rule:KG-RULE-V02-0137;source:REF-GF0025-2021;source:REF-GRAMMAR-MANUAL-ADV;source:REF-GRAMMAR-MANUAL-ELEM;source:REF-GRAMMAR-MANUAL-INTER;source:REF-HUANG-LIAO-MODERN-CHINESE;source:REF-LU-TCSL-GRAMMAR
2027,ASGD-2027-1613,f30cf774ebb6f83a,多谓词/论元结构,连动结构候选,是目标语法点,是目标语法点,1,0.9957452416419983,0,candidate:连动结构候选;family:多谓词/论元结构
2027,ASGD-2027-1625,903dd53b24a838d4,比较构式,没有比较候选,不是目标语法点,不是目标语法点,1,0.9990532994270325,0,candidate:没有比较候选;family:比较构式;rule:KG-RULE-V02-0059;rule:KG-RULE-V02-0060;rule:KG-RULE-V02-0061;source:REF-GF0025-2021;source:REF-GRAMMAR-MANUAL-ADV;source:REF-GRAMMAR-MANUAL-ELEM;source:REF-GRAMMAR-MANUAL-INTER;source:REF-LIU-PRACTICAL-GRAMMAR
2027,ASGD-2027-1631,bc0ecc46c445d9e7,时间/处所功能结构,处所状语候选,是目标语法点,是目标语法点,1,0.9954073429107666,0,candidate:处所状语候选;family:时间/处所功能结构;rule:KG-RULE-V02-0042;source:REF-GF0025-2021;source:REF-GRAMMAR-MANUAL-ELEM;source:REF-GRAMMAR-MANUAL-INTER;source:REF-HUANG-LIAO-MODERN-CHINESE
2027,ASGD-2027-1638,4c76b4da46a619b0,复句关联结构,既然候选,是目标语法点,是目标语法点,1,0.9978760480880737,0,candidate:既然候选;family:复句关联结构
2027,ASGD-2027-1639,a241bf75da91b2e8,补语结构,结果补语候选,是目标语法点,是目标语法点,1,0.9965090155601501,0,candidate:结果补语候选;family:补语结构
2027,ASGD-2027-1646,8f47eec594067e56,比较构式,没有比较候选,不是目标语法点,不是目标语法点,1,0.9991387128829956,0,candidate:没有比较候选;family:比较构式;rule:KG-RULE-V02-0059;rule:KG-RULE-V02-0060;rule:KG-RULE-V02-0061;source:REF-GF0025-2021;source:REF-GRAMMAR-MANUAL-ADV;source:REF-GRAMMAR-MANUAL-ELEM;source:REF-GRAMMAR-MANUAL-INTER;source:REF-LIU-PRACTICAL-GRAMMAR
2027,ASGD-2027-1657,8f3450776dda8c4d,被动/受事凸显构式,被字句候选,是目标语法点,是目标语法点,1,0.997208297252655,0,candidate:被字句候选;family:被动/受事凸显构式;rule:KG-RULE-V02-0022;rule:KG-RULE-V02-0024;source:REF-GF0025-2021;source:REF-GRAMMAR-MANUAL-ADV;source:REF-GRAMMAR-MANUAL-ELEM;source:REF-GRAMMAR-MANUAL-INTER;source:REF-LIU-PRACTICAL-GRAMMAR;source:REF-LU-TCSL-GRAMMAR
2027,ASGD-2027-1662,feb36ac967f833bf,补语结构,得字补语候选,是目标语法点,是目标语法点,1,0.8324886560440063,0,candidate:得字补语候选;family:补语结构;rule:KG-RULE-V02-0047;rule:KG-RULE-V02-0049;source:REF-GF0025-2021;source:REF-GRAMMAR-MANUAL-ADV;source:REF-GRAMMAR-MANUAL-ELEM;source:REF-GRAMMAR-MANUAL-INTER;source:REF-HUANG-LIAO-MODERN-CHINESE;source:REF-LIU-PRACTICAL-GRAMMAR
2027,ASGD-2027-1666,cf423b7e0a37b60d,比较构式,没有比较候选,不是目标语法点,不是目标语法点,1,0.9990140199661255,0,candidate:没有比较候选;family:比较构式;rule:KG-RULE-V02-0059;rule:KG-RULE-V02-0060;rule:KG-RULE-V02-0061;source:REF-GF0025-2021;source:REF-GRAMMAR-MANUAL-ADV;source:REF-GRAMMAR-MANUAL-ELEM;source:REF-GRAMMAR-MANUAL-INTER;source:REF-LIU-PRACTICAL-GRAMMAR
2027,ASGD-2027-1673,88815e8728a53f4d,复句关联结构,虽然候选,是目标语法点,是目标语法点,1,0.9974019527435303,0,candidate:虽然候选;family:复句关联结构
2027,ASGD-2027-1675,be52081897d1701a,补语结构,数量/时量补语候选,是目标语法点,是目标语法点,1,0.9960784316062927,0,candidate:数量/时量补语候选;family:补语结构
2027,ASGD-2027-1677,a49380689a842a1d,时间/处所功能结构,处所状语候选,是目标语法点,是目标语法点,1,0.9023497700691223,0,candidate:处所状语候选;family:时间/处所功能结构;rule:KG-RULE-V02-0039;rule:KG-RULE-V02-0040;rule:KG-RULE-V02-0041;source:REF-GF0025-2021;source:REF-GRAMMAR-MANUAL-ELEM;source:REF-GRAMMAR-MANUAL-INTER;source:REF-HUANG-LIAO-MODERN-CHINESE
2027,ASGD-2027-1690,7ee97c21f961dcc0,多谓词/论元结构,双宾/给予结构候选,是目标语法点,是目标语法点,1,0.9963506460189819,0,candidate:双宾/给予结构候选;family:多谓词/论元结构
2027,ASGD-2027-1698,5912a4668acf735b,介词/框架结构,向/往/朝介词框架候选,是目标语法点,是目标语法点,1,0.9964978098869324,0,candidate:向/往/朝介词框架候选;family:介词/框架结构;rule:KG-RULE-V02-0125;rule:KG-RULE-V02-0126;rule:KG-RULE-V02-0127;source:REF-GF0025-2021;source:REF-GRAMMAR-MANUAL-ADV;source:REF-GRAMMAR-MANUAL-ELEM;source:REF-GRAMMAR-MANUAL-INTER;source:REF-HUANG-LIAO-MODERN-CHINESE;source:REF-LU-TCSL-GRAMMAR
2027,ASGD-2027-1700,5335a1c321a27cf8,时间/处所功能结构,处所状语候选,是目标语法点,是目标语法点,1,0.9948534369468689,0,candidate:处所状语候选;family:时间/处所功能结构;rule:KG-RULE-V02-0039;rule:KG-RULE-V02-0040;rule:KG-RULE-V02-0041;source:REF-GF0025-2021;source:REF-GRAMMAR-MANUAL-ELEM;source:REF-GRAMMAR-MANUAL-INTER;source:REF-HUANG-LIAO-MODERN-CHINESE
2027,ASGD-2027-1702,f730b304359ee888,补语结构,结果补语候选,是目标语法点,是目标语法点,1,0.9963907599449158,0,candidate:结果补语候选;family:补语结构
2027,ASGD-2027-1705,10572c52038fe618,补语结构,趋向补语候选,是目标语法点,是目标语法点,1,0.9967104196548462,0,candidate:趋向补语候选;family:补语结构
2027,ASGD-2027-1712,e58b38010feaa5ce,介词/框架结构,给/为/关于等介词框架候选,是目标语法点,是目标语法点,1,0.9970972537994385,0,candidate:给/为/关于等介词框架候选;family:介词/框架结构;rule:KG-RULE-V02-0135;rule:KG-RULE-V02-0136;rule:KG-RULE-V02-0137;source:REF-GF0025-2021;source:REF-GRAMMAR-MANUAL-ADV;source:REF-GRAMMAR-MANUAL-ELEM;source:REF-GRAMMAR-MANUAL-INTER;source:REF-HUANG-LIAO-MODERN-CHINESE;source:REF-LU-TCSL-GRAMMAR
2027,ASGD-2027-1722,15fdb780bf3ba958,复句关联结构,只要候选,是目标语法点,是目标语法点,1,0.9975261092185974,0,candidate:只要候选;family:复句关联结构
2027,ASGD-2027-1731,caf9d58747bb91e9,时间/处所功能结构,时间状语候选,是目标语法点,是目标语法点,1,0.9973012804985046,0,candidate:时间状语候选;family:时间/处所功能结构;rule:KG-RULE-V02-0033;source:REF-GF0025-2021;source:REF-GRAMMAR-MANUAL-ADV;source:REF-GRAMMAR-MANUAL-ELEM;source:REF-GRAMMAR-MANUAL-INTER;source:REF-HUANG-LIAO-MODERN-CHINESE
2027,ASGD-2027-1732,40b1bb273812fa03,介词/框架结构,在字介词框架候选,是目标语法点,是目标语法点,1,0.99716717004776,0,candidate:在字介词框架候选;family:介词/框架结构;rule:KG-RULE-V02-0099;rule:KG-RULE-V02-0100;rule:KG-RULE-V02-0101;source:REF-GF0025-2021;source:REF-GRAMMAR-MANUAL-ADV;source:REF-GRAMMAR-MANUAL-ELEM;source:REF-GRAMMAR-MANUAL-INTER;source:REF-HUANG-LIAO-MODERN-CHINESE;source:REF-LU-TCSL-GRAMMAR
2027,ASGD-2027-1733,6220d6f60f3d8ce9,介词/框架结构,对字介词框架候选,是目标语法点,是目标语法点,1,0.9974085688591003,0,candidate:对字介词框架候选;family:介词/框架结构;rule:KG-RULE-V02-0115;rule:KG-RULE-V02-0116;rule:KG-RULE-V02-0117;source:REF-GF0025-2021;source:REF-GRAMMAR-MANUAL-ADV;source:REF-GRAMMAR-MANUAL-ELEM;source:REF-GRAMMAR-MANUAL-INTER;source:REF-HUANG-LIAO-MODERN-CHINESE;source:REF-LU-TCSL-GRAMMAR
2027,ASGD-2027-1734,f05edc452fcad33e,时间/处所功能结构,时间状语候选,是目标语法点,是目标语法点,1,0.9974568486213684,0,candidate:时间状语候选;family:时间/处所功能结构;rule:KG-RULE-V02-0030;rule:KG-RULE-V02-0031;rule:KG-RULE-V02-0032;source:REF-GF0025-2021;source:REF-GRAMMAR-MANUAL-ADV;source:REF-GRAMMAR-MANUAL-ELEM;source:REF-GRAMMAR-MANUAL-INTER;source:REF-HUANG-LIAO-MODERN-CHINESE
2027,ASGD-2027-1735,a241bf75da91b2e8,复句关联结构,只要候选,是目标语法点,是目标语法点,1,0.997619092464447,0,candidate:只要候选;family:复句关联结构
2027,ASGD-2027-1746,af1d3c24769d0f30,复句关联结构,但是候选,是目标语法点,是目标语法点,1,0.9970611929893494,0,candidate:但是候选;family:复句关联结构
2027,ASGD-2027-1750,596a8d91e237006e,时间/处所功能结构,处所状语候选,不是目标语法点,不是目标语法点,1,0.9970627427101135,0,candidate:处所状语候选;family:时间/处所功能结构;rule:KG-RULE-V02-0039;rule:KG-RULE-V02-0040;rule:KG-RULE-V02-0041;source:REF-GF0025-2021;source:REF-GRAMMAR-MANUAL-ELEM;source:REF-GRAMMAR-MANUAL-INTER;source:REF-HUANG-LIAO-MODERN-CHINESE
2027,ASGD-2027-1752,b7a39763637a0c42,多谓词/论元结构,双宾/给予结构候选,是目标语法点,是目标语法点,1,0.9973273277282715,0,candidate:双宾/给予结构候选;family:多谓词/论元结构
2027,ASGD-2027-1755,e0ea9638a5e30a41,多谓词/论元结构,双宾/给予结构候选,是目标语法点,是目标语法点,1,0.9955102205276489,0,candidate:双宾/给予结构候选;family:多谓词/论元结构
2027,ASGD-2027-1758,28e6fbdd4b35afe8,处置/受事重组构式,把字句候选,是目标语法点,是目标语法点,1,0.9970652461051941,0,candidate:把字句候选;family:处置/受事重组构式;rule:KG-RULE-V02-0001;rule:KG-RULE-V02-0002;rule:KG-RULE-V02-0003;source:REF-GF0025-2021;source:REF-GRAMMAR-MANUAL-ELEM;source:REF-GRAMMAR-MANUAL-INTER;source:REF-LIU-PRACTICAL-GRAMMAR;source:REF-LU-TCSL-GRAMMAR
2027,ASGD-2027-1759,fddb9e33ef0e6626,介词/框架结构,向/往/朝介词框架候选,是目标语法点,是目标语法点,1,0.9978237152099609,0,candidate:向/往/朝介词框架候选;family:介词/框架结构;rule:KG-RULE-V02-0125;rule:KG-RULE-V02-0126;rule:KG-RULE-V02-0127;source:REF-GF0025-2021;source:REF-GRAMMAR-MANUAL-ADV;source:REF-GRAMMAR-MANUAL-ELEM;source:REF-GRAMMAR-MANUAL-INTER;source:REF-HUANG-LIAO-MODERN-CHINESE;source:REF-LU-TCSL-GRAMMAR
2027,ASGD-2027-1761,ac01b5cff0c286ee,时间/处所功能结构,处所状语候选,不是目标语法点,是目标语法点,0,0.6785398721694946,0,candidate:处所状语候选;family:时间/处所功能结构;rule:KG-RULE-V02-0042;source:REF-GF0025-2021;source:REF-GRAMMAR-MANUAL-ELEM;source:REF-GRAMMAR-MANUAL-INTER;source:REF-HUANG-LIAO-MODERN-CHINESE
2027,ASGD-2027-1765,a48c0b4f7198ab82,补语结构,得字补语候选,是目标语法点,是目标语法点,1,0.9960036873817444,0,candidate:得字补语候选;family:补语结构;rule:KG-RULE-V02-0047;rule:KG-RULE-V02-0049;source:REF-GF0025-2021;source:REF-GRAMMAR-MANUAL-ADV;source:REF-GRAMMAR-MANUAL-ELEM;source:REF-GRAMMAR-MANUAL-INTER;source:REF-HUANG-LIAO-MODERN-CHINESE;source:REF-LIU-PRACTICAL-GRAMMAR
2027,ASGD-2027-1768,04506c4ff8063fd6,处置/受事重组构式,把字句候选,是目标语法点,是目标语法点,1,0.9963886737823486,1,candidate:把字句候选;family:处置/受事重组构式;rule:KG-RULE-V02-0001;rule:KG-RULE-V02-0002;rule:KG-RULE-V02-0003;rule:KG-RULE-V02-0007;source:REF-GF0025-2021;source:REF-GRAMMAR-MANUAL-ELEM;source:REF-GRAMMAR-MANUAL-INTER;source:REF-LIU-PRACTICAL-GRAMMAR;source:REF-LU-TCSL-GRAMMAR
2027,ASGD-2027-1769,97dd44f1bba188ed,处置/受事重组构式,把字句候选,是目标语法点,是目标语法点,1,0.9973056316375732,0,candidate:把字句候选;family:处置/受事重组构式;rule:KG-RULE-V02-0001;rule:KG-RULE-V02-0002;rule:KG-RULE-V02-0003;source:REF-GF0025-2021;source:REF-GRAMMAR-MANUAL-ELEM;source:REF-GRAMMAR-MANUAL-INTER;source:REF-LIU-PRACTICAL-GRAMMAR;source:REF-LU-TCSL-GRAMMAR
2027,ASGD-2027-1775,21efa5d2b36f01a7,时间/处所功能结构,处所状语候选,是目标语法点,是目标语法点,1,0.9829978942871094,0,candidate:处所状语候选;family:时间/处所功能结构;rule:KG-RULE-V02-0042;source:REF-GF0025-2021;source:REF-GRAMMAR-MANUAL-ELEM;source:REF-GRAMMAR-MANUAL-INTER;source:REF-HUANG-LIAO-MODERN-CHINESE
2027,ASGD-2027-1779,8716f3610eacd7a6,时间/处所功能结构,时间状语候选,是目标语法点,是目标语法点,1,0.9978345036506653,0,candidate:时间状语候选;family:时间/处所功能结构;rule:KG-RULE-V02-0033;source:REF-GF0025-2021;source:REF-GRAMMAR-MANUAL-ADV;source:REF-GRAMMAR-MANUAL-ELEM;source:REF-GRAMMAR-MANUAL-INTER;source:REF-HUANG-LIAO-MODERN-CHINESE
2027,ASGD-2027-1780,ca8c76d52dee4d11,时间/处所功能结构,时间状语候选,是目标语法点,是目标语法点,1,0.9973888993263245,0,candidate:时间状语候选;family:时间/处所功能结构;rule:KG-RULE-V02-0030;rule:KG-RULE-V02-0031;rule:KG-RULE-V02-0032;source:REF-GF0025-2021;source:REF-GRAMMAR-MANUAL-ADV;source:REF-GRAMMAR-MANUAL-ELEM;source:REF-GRAMMAR-MANUAL-INTER;source:REF-HUANG-LIAO-MODERN-CHINESE
2027,ASGD-2027-1791,5c7ebd1aff981270,补语结构,得字补语候选,是目标语法点,不是目标语法点,0,0.9976679682731628,0,candidate:得字补语候选;family:补语结构;rule:KG-RULE-V02-0047;rule:KG-RULE-V02-0049;source:REF-GF0025-2021;source:REF-GRAMMAR-MANUAL-ADV;source:REF-GRAMMAR-MANUAL-ELEM;source:REF-GRAMMAR-MANUAL-INTER;source:REF-HUANG-LIAO-MODERN-CHINESE;source:REF-LIU-PRACTICAL-GRAMMAR
2027,ASGD-2027-1792,3961e88d32d61c48,补语结构,趋向补语候选,是目标语法点,是目标语法点,1,0.9973238706588745,0,candidate:趋向补语候选;family:补语结构
2027,ASGD-2027-1795,a0fb741d3baf4ae6,比较构式,比字比较候选,是目标语法点,是目标语法点,1,0.995354413986206,0,candidate:比字比较候选;family:比较构式;rule:KG-RULE-V02-0053;rule:KG-RULE-V02-0054;source:REF-GF0025-2021;source:REF-GRAMMAR-MANUAL-ADV;source:REF-GRAMMAR-MANUAL-ELEM;source:REF-GRAMMAR-MANUAL-INTER;source:REF-LIU-PRACTICAL-GRAMMAR
2027,ASGD-2027-1796,81488f603dc1f597,处置/受事重组构式,把字句候选,是目标语法点,是目标语法点,1,0.9968035221099854,0,candidate:把字句候选;family:处置/受事重组构式;rule:KG-RULE-V02-0001;rule:KG-RULE-V02-0002;rule:KG-RULE-V02-0003;source:REF-GF0025-2021;source:REF-GRAMMAR-MANUAL-ELEM;source:REF-GRAMMAR-MANUAL-INTER;source:REF-LIU-PRACTICAL-GRAMMAR;source:REF-LU-TCSL-GRAMMAR
2027,ASGD-2027-1797,568685d08b627a70,时间/处所功能结构,处所状语候选,是目标语法点,是目标语法点,1,0.9952297210693359,0,candidate:处所状语候选;family:时间/处所功能结构;rule:KG-RULE-V02-0039;rule:KG-RULE-V02-0040;rule:KG-RULE-V02-0041;source:REF-GF0025-2021;source:REF-GRAMMAR-MANUAL-ELEM;source:REF-GRAMMAR-MANUAL-INTER;source:REF-HUANG-LIAO-MODERN-CHINESE
2027,ASGD-2027-1804,0a256a095630fede,比较构式,没有比较候选,不是目标语法点,不是目标语法点,1,0.9989930987358093,0,candidate:没有比较候选;family:比较构式;rule:KG-RULE-V02-0059;rule:KG-RULE-V02-0060;rule:KG-RULE-V02-0061;source:REF-GF0025-2021;source:REF-GRAMMAR-MANUAL-ADV;source:REF-GRAMMAR-MANUAL-ELEM;source:REF-GRAMMAR-MANUAL-INTER;source:REF-LIU-PRACTICAL-GRAMMAR
2027,ASGD-2027-1826,ccb995521292efe7,处置/受事重组构式,把字句候选,不是目标语法点,是目标语法点,0,0.9959898591041565,0,candidate:把字句候选;family:处置/受事重组构式;rule:KG-RULE-V02-0001;rule:KG-RULE-V02-0002;rule:KG-RULE-V02-0003;source:REF-GF0025-2021;source:REF-GRAMMAR-MANUAL-ELEM;source:REF-GRAMMAR-MANUAL-INTER;source:REF-LIU-PRACTICAL-GRAMMAR;source:REF-LU-TCSL-GRAMMAR
2027,ASGD-2027-1827,2783a23769b8d88a,比较构式,比字比较候选,不是目标语法点,不是目标语法点,1,0.9985368251800537,1,candidate:比字比较候选;family:比较构式;rule:KG-RULE-V02-0053;rule:KG-RULE-V02-0054;rule:KG-RULE-V02-0056;source:REF-GF0025-2021;source:REF-GRAMMAR-MANUAL-ADV;source:REF-GRAMMAR-MANUAL-ELEM;source:REF-GRAMMAR-MANUAL-INTER;source:REF-LIU-PRACTICAL-GRAMMAR
2027,ASGD-2027-1841,e2f211bd328fd37b,介词/框架结构,给/为/关于等介词框架候选,是目标语法点,是目标语法点,1,0.9965607523918152,0,candidate:给/为/关于等介词框架候选;family:介词/框架结构;rule:KG-RULE-V02-0135;rule:KG-RULE-V02-0136;rule:KG-RULE-V02-0137;source:REF-GF0025-2021;source:REF-GRAMMAR-MANUAL-ADV;source:REF-GRAMMAR-MANUAL-ELEM;source:REF-GRAMMAR-MANUAL-INTER;source:REF-HUANG-LIAO-MODERN-CHINESE;source:REF-LU-TCSL-GRAMMAR
2027,ASGD-2027-1844,5b75d45e6fd12bcb,比较构式,没有比较候选,不是目标语法点,不是目标语法点,1,0.9990360736846924,0,candidate:没有比较候选;family:比较构式;rule:KG-RULE-V02-0059;rule:KG-RULE-V02-0060;rule:KG-RULE-V02-0061;source:REF-GF0025-2021;source:REF-GRAMMAR-MANUAL-ADV;source:REF-GRAMMAR-MANUAL-ELEM;source:REF-GRAMMAR-MANUAL-INTER;source:REF-LIU-PRACTICAL-GRAMMAR
2027,ASGD-2027-1845,72840cb94403c726,时间/处所功能结构,时间状语候选,是目标语法点,是目标语法点,1,0.9976803064346313,0,candidate:时间状语候选;family:时间/处所功能结构;rule:KG-RULE-V02-0033;source:REF-GF0025-2021;source:REF-GRAMMAR-MANUAL-ADV;source:REF-GRAMMAR-MANUAL-ELEM;source:REF-GRAMMAR-MANUAL-INTER;source:REF-HUANG-LIAO-MODERN-CHINESE
2027,ASGD-2027-1848,5fad1d586f6d5607,介词/框架结构,对字介词框架候选,是目标语法点,是目标语法点,1,0.9977152347564697,0,candidate:对字介词框架候选;family:介词/框架结构;rule:KG-RULE-V02-0115;rule:KG-RULE-V02-0116;rule:KG-RULE-V02-0117;source:REF-GF0025-2021;source:REF-GRAMMAR-MANUAL-ADV;source:REF-GRAMMAR-MANUAL-ELEM;source:REF-GRAMMAR-MANUAL-INTER;source:REF-HUANG-LIAO-MODERN-CHINESE;source:REF-LU-TCSL-GRAMMAR
2027,ASGD-2027-1852,768d645893b80d85,被动/受事凸显构式,被字句候选,是目标语法点,是目标语法点,1,0.9971393346786499,0,candidate:被字句候选;family:被动/受事凸显构式;rule:KG-RULE-V02-0022;rule:KG-RULE-V02-0024;source:REF-GF0025-2021;source:REF-GRAMMAR-MANUAL-ADV;source:REF-GRAMMAR-MANUAL-ELEM;source:REF-GRAMMAR-MANUAL-INTER;source:REF-LIU-PRACTICAL-GRAMMAR;source:REF-LU-TCSL-GRAMMAR
2027,ASGD-2027-1859,c0e943fbba37e713,时间/处所功能结构,处所状语候选,不是目标语法点,不是目标语法点,1,0.9853552579879761,0,candidate:处所状语候选;family:时间/处所功能结构;rule:KG-RULE-V02-0042;source:REF-GF0025-2021;source:REF-GRAMMAR-MANUAL-ELEM;source:REF-GRAMMAR-MANUAL-INTER;source:REF-HUANG-LIAO-MODERN-CHINESE
2027,ASGD-2027-1863,7f21cbc3f2ae65b0,处置/受事重组构式,把字句候选,是目标语法点,是目标语法点,1,0.9949988126754761,0,candidate:把字句候选;family:处置/受事重组构式;rule:KG-RULE-V02-0001;rule:KG-RULE-V02-0002;rule:KG-RULE-V02-0003;source:REF-GF0025-2021;source:REF-GRAMMAR-MANUAL-ELEM;source:REF-GRAMMAR-MANUAL-INTER;source:REF-LIU-PRACTICAL-GRAMMAR;source:REF-LU-TCSL-GRAMMAR
2027,ASGD-2027-1865,0bcd0310f391646e,处置/受事重组构式,把字句候选,不是目标语法点,是目标语法点,0,0.9910616278648376,0,candidate:把字句候选;family:处置/受事重组构式;rule:KG-RULE-V02-0001;rule:KG-RULE-V02-0005;source:REF-GF0025-2021;source:REF-GRAMMAR-MANUAL-ELEM;source:REF-GRAMMAR-MANUAL-INTER;source:REF-LIU-PRACTICAL-GRAMMAR;source:REF-LU-TCSL-GRAMMAR
2027,ASGD-2027-1872,193a10c5694c059b,补语结构,数量/时量补语候选,是目标语法点,是目标语法点,1,0.9975366592407227,0,candidate:数量/时量补语候选;family:补语结构
2027,ASGD-2027-1880,dff606b69c8f066d,复句关联结构,一边...一边候选,是目标语法点,是目标语法点,1,0.9973766803741455,0,candidate:一边...一边候选;family:复句关联结构
2027,ASGD-2027-1883,587b5df4e2541393,多谓词/论元结构,双宾/给予结构候选,是目标语法点,是目标语法点,1,0.9956680536270142,0,candidate:双宾/给予结构候选;family:多谓词/论元结构
2027,ASGD-2027-1889,63b45d634a5e979e,介词/框架结构,在字介词框架候选,是目标语法点,是目标语法点,1,0.9973238706588745,0,candidate:在字介词框架候选;family:介词/框架结构;rule:KG-RULE-V02-0099;rule:KG-RULE-V02-0100;rule:KG-RULE-V02-0101;source:REF-GF0025-2021;source:REF-GRAMMAR-MANUAL-ADV;source:REF-GRAMMAR-MANUAL-ELEM;source:REF-GRAMMAR-MANUAL-INTER;source:REF-HUANG-LIAO-MODERN-CHINESE;source:REF-LU-TCSL-GRAMMAR
2027,ASGD-2027-1891,0cbb748a3c159316,比较构式,没有比较候选,不是目标语法点,不是目标语法点,1,0.9990835189819336,0,candidate:没有比较候选;family:比较构式;rule:KG-RULE-V02-0059;rule:KG-RULE-V02-0060;rule:KG-RULE-V02-0061;source:REF-GF0025-2021;source:REF-GRAMMAR-MANUAL-ADV;source:REF-GRAMMAR-MANUAL-ELEM;source:REF-GRAMMAR-MANUAL-INTER;source:REF-LIU-PRACTICAL-GRAMMAR
2027,ASGD-2027-1899,4cbad64415f1f3e4,多谓词/论元结构,连动结构候选,是目标语法点,是目标语法点,1,0.9952917098999023,0,candidate:连动结构候选;family:多谓词/论元结构
2027,ASGD-2027-1908,bd195e0945fceab4,多谓词/论元结构,连动结构候选,是目标语法点,是目标语法点,1,0.9959136843681335,0,candidate:连动结构候选;family:多谓词/论元结构
2027,ASGD-2027-1909,594882e635185d6d,被动/受事凸显构式,被字句候选,是目标语法点,是目标语法点,1,0.9973215460777283,0,candidate:被字句候选;family:被动/受事凸显构式;rule:KG-RULE-V02-0022;rule:KG-RULE-V02-0024;source:REF-GF0025-2021;source:REF-GRAMMAR-MANUAL-ADV;source:REF-GRAMMAR-MANUAL-ELEM;source:REF-GRAMMAR-MANUAL-INTER;source:REF-LIU-PRACTICAL-GRAMMAR;source:REF-LU-TCSL-GRAMMAR
2027,ASGD-2027-1910,d062dd6ce43f9fd9,时间/处所功能结构,处所状语候选,是目标语法点,是目标语法点,1,0.9959107637405396,0,candidate:处所状语候选;family:时间/处所功能结构;rule:KG-RULE-V02-0039;rule:KG-RULE-V02-0040;rule:KG-RULE-V02-0041;source:REF-GF0025-2021;source:REF-GRAMMAR-MANUAL-ELEM;source:REF-GRAMMAR-MANUAL-INTER;source:REF-HUANG-LIAO-MODERN-CHINESE
2027,ASGD-2027-1918,3537334844a55d0e,处置/受事重组构式,把字句候选,是目标语法点,是目标语法点,1,0.9959877133369446,0,candidate:把字句候选;family:处置/受事重组构式;rule:KG-RULE-V02-0001;rule:KG-RULE-V02-0002;rule:KG-RULE-V02-0003;source:REF-GF0025-2021;source:REF-GRAMMAR-MANUAL-ELEM;source:REF-GRAMMAR-MANUAL-INTER;source:REF-LIU-PRACTICAL-GRAMMAR;source:REF-LU-TCSL-GRAMMAR
2027,ASGD-2027-1919,223fe65016b295f2,处置/受事重组构式,把字句候选,是目标语法点,是目标语法点,1,0.9965049028396606,0,candidate:把字句候选;family:处置/受事重组构式;rule:KG-RULE-V02-0001;rule:KG-RULE-V02-0002;rule:KG-RULE-V02-0003;source:REF-GF0025-2021;source:REF-GRAMMAR-MANUAL-ELEM;source:REF-GRAMMAR-MANUAL-INTER;source:REF-LIU-PRACTICAL-GRAMMAR;source:REF-LU-TCSL-GRAMMAR
2027,ASGD-2027-1921,7d1de52055710424,多谓词/论元结构,双宾/给予结构候选,不是目标语法点,不是目标语法点,1,0.9975615739822388,0,candidate:双宾/给予结构候选;family:多谓词/论元结构
2027,ASGD-2027-1922,22bb25c9c2f26800,时间/处所功能结构,时间状语候选,是目标语法点,是目标语法点,1,0.9976646900177002,0,candidate:时间状语候选;family:时间/处所功能结构;rule:KG-RULE-V02-0030;rule:KG-RULE-V02-0031;rule:KG-RULE-V02-0032;source:REF-GF0025-2021;source:REF-GRAMMAR-MANUAL-ADV;source:REF-GRAMMAR-MANUAL-ELEM;source:REF-GRAMMAR-MANUAL-INTER;source:REF-HUANG-LIAO-MODERN-CHINESE
2027,ASGD-2027-1929,3737ae659ce3bc59,比较构式,没有比较候选,不是目标语法点,不是目标语法点,1,0.9990191459655762,0,candidate:没有比较候选;family:比较构式;rule:KG-RULE-V02-0059;rule:KG-RULE-V02-0060;rule:KG-RULE-V02-0061;source:REF-GF0025-2021;source:REF-GRAMMAR-MANUAL-ADV;source:REF-GRAMMAR-MANUAL-ELEM;source:REF-GRAMMAR-MANUAL-INTER;source:REF-LIU-PRACTICAL-GRAMMAR
2027,ASGD-2027-1931,28b0316e1df8ebd1,处置/受事重组构式,把字句候选,是目标语法点,是目标语法点,1,0.9953598380088806,0,candidate:把字句候选;family:处置/受事重组构式;rule:KG-RULE-V02-0001;rule:KG-RULE-V02-0002;rule:KG-RULE-V02-0003;source:REF-GF0025-2021;source:REF-GRAMMAR-MANUAL-ELEM;source:REF-GRAMMAR-MANUAL-INTER;source:REF-LIU-PRACTICAL-GRAMMAR;source:REF-LU-TCSL-GRAMMAR
2027,ASGD-2027-1935,052dfa5349c9540e,复句关联结构,如果...就候选,是目标语法点,是目标语法点,1,0.997796893119812,0,candidate:如果...就候选;family:复句关联结构
2027,ASGD-2027-1937,6f6ebace2e81d3ff,处置/受事重组构式,把字句候选,是目标语法点,是目标语法点,1,0.997700035572052,0,candidate:把字句候选;family:处置/受事重组构式;rule:KG-RULE-V02-0001;rule:KG-RULE-V02-0002;rule:KG-RULE-V02-0003;source:REF-GF0025-2021;source:REF-GRAMMAR-MANUAL-ELEM;source:REF-GRAMMAR-MANUAL-INTER;source:REF-LIU-PRACTICAL-GRAMMAR;source:REF-LU-TCSL-GRAMMAR
2027,ASGD-2027-1939,1a45f89696a90202,时间/处所功能结构,时间状语候选,是目标语法点,是目标语法点,1,0.9977377653121948,0,candidate:时间状语候选;family:时间/处所功能结构;rule:KG-RULE-V02-0030;rule:KG-RULE-V02-0031;rule:KG-RULE-V02-0032;source:REF-GF0025-2021;source:REF-GRAMMAR-MANUAL-ADV;source:REF-GRAMMAR-MANUAL-ELEM;source:REF-GRAMMAR-MANUAL-INTER;source:REF-HUANG-LIAO-MODERN-CHINESE
2027,ASGD-2027-1950,07277b9c62fcb0f0,介词/框架结构,给/为/关于等介词框架候选,是目标语法点,是目标语法点,1,0.9971140623092651,0,candidate:给/为/关于等介词框架候选;family:介词/框架结构;rule:KG-RULE-V02-0135;rule:KG-RULE-V02-0136;rule:KG-RULE-V02-0137;source:REF-GF0025-2021;source:REF-GRAMMAR-MANUAL-ADV;source:REF-GRAMMAR-MANUAL-ELEM;source:REF-GRAMMAR-MANUAL-INTER;source:REF-HUANG-LIAO-MODERN-CHINESE;source:REF-LU-TCSL-GRAMMAR
2027,ASGD-2027-1954,7d0054e79160821d,多谓词/论元结构,双宾/给予结构候选,是目标语法点,是目标语法点,1,0.9963861703872681,0,candidate:双宾/给予结构候选;family:多谓词/论元结构
2027,ASGD-2027-1959,96b5db9fa700b120,处置/受事重组构式,把字句候选,是目标语法点,是目标语法点,1,0.99671870470047,0,candidate:把字句候选;family:处置/受事重组构式;rule:KG-RULE-V02-0001;rule:KG-RULE-V02-0002;rule:KG-RULE-V02-0003;source:REF-GF0025-2021;source:REF-GRAMMAR-MANUAL-ELEM;source:REF-GRAMMAR-MANUAL-INTER;source:REF-LIU-PRACTICAL-GRAMMAR;source:REF-LU-TCSL-GRAMMAR
2027,ASGD-2027-1961,999678a524aa2c4e,复句关联结构,因为...所以候选,是目标语法点,是目标语法点,1,0.9967503547668457,0,candidate:因为...所以候选;family:复句关联结构
2027,ASGD-2027-1962,ca8c76d52dee4d11,介词/框架结构,对字介词框架候选,不是目标语法点,不是目标语法点,1,0.9912443161010742,0,candidate:对字介词框架候选;family:介词/框架结构;rule:KG-RULE-V02-0115;rule:KG-RULE-V02-0116;rule:KG-RULE-V02-0117;source:REF-GF0025-2021;source:REF-GRAMMAR-MANUAL-ADV;source:REF-GRAMMAR-MANUAL-ELEM;source:REF-GRAMMAR-MANUAL-INTER;source:REF-HUANG-LIAO-MODERN-CHINESE;source:REF-LU-TCSL-GRAMMAR
2027,ASGD-2027-1971,e98e74a627dd0327,多谓词/论元结构,双宾/给予结构候选,是目标语法点,是目标语法点,1,0.9960587024688721,0,candidate:双宾/给予结构候选;family:多谓词/论元结构
2027,ASGD-2027-1972,31d0a36fd63fd986,补语结构,得字补语候选,是目标语法点,是目标语法点,1,0.9952455163002014,0,candidate:得字补语候选;family:补语结构;rule:KG-RULE-V02-0047;rule:KG-RULE-V02-0049;source:REF-GF0025-2021;source:REF-GRAMMAR-MANUAL-ADV;source:REF-GRAMMAR-MANUAL-ELEM;source:REF-GRAMMAR-MANUAL-INTER;source:REF-HUANG-LIAO-MODERN-CHINESE;source:REF-LIU-PRACTICAL-GRAMMAR
2027,ASGD-2027-1979,c29450d33f4e0331,补语结构,得字补语候选,不是目标语法点,不是目标语法点,1,0.9968551397323608,0,candidate:得字补语候选;family:补语结构;rule:KG-RULE-V02-0047;rule:KG-RULE-V02-0049;source:REF-GF0025-2021;source:REF-GRAMMAR-MANUAL-ADV;source:REF-GRAMMAR-MANUAL-ELEM;source:REF-GRAMMAR-MANUAL-INTER;source:REF-HUANG-LIAO-MODERN-CHINESE;source:REF-LIU-PRACTICAL-GRAMMAR
2027,ASGD-2027-1980,bb8f006930183e3f,补语结构,数量/时量补语候选,是目标语法点,是目标语法点,1,0.9959776997566223,0,candidate:数量/时量补语候选;family:补语结构
2027,ASGD-2027-1987,b5e999a359d0ffcd,时间/处所功能结构,处所状语候选,不是目标语法点,是目标语法点,0,0.9612833857536316,0,candidate:处所状语候选;family:时间/处所功能结构;rule:KG-RULE-V02-0042;source:REF-GF0025-2021;source:REF-GRAMMAR-MANUAL-ELEM;source:REF-GRAMMAR-MANUAL-INTER;source:REF-HUANG-LIAO-MODERN-CHINESE
2027,ASGD-2027-1992,12ab9e101bb9d42d,介词/框架结构,向/往/朝介词框架候选,是目标语法点,是目标语法点,1,0.9974742531776428,0,candidate:向/往/朝介词框架候选;family:介词/框架结构;rule:KG-RULE-V02-0125;rule:KG-RULE-V02-0126;rule:KG-RULE-V02-0127;source:REF-GF0025-2021;source:REF-GRAMMAR-MANUAL-ADV;source:REF-GRAMMAR-MANUAL-ELEM;source:REF-GRAMMAR-MANUAL-INTER;source:REF-HUANG-LIAO-MODERN-CHINESE;source:REF-LU-TCSL-GRAMMAR
2027,ASGD-2027-1994,ca8c76d52dee4d11,补语结构,得字补语候选,是目标语法点,是目标语法点,1,0.993703305721283,0,candidate:得字补语候选;family:补语结构;rule:KG-RULE-V02-0047;rule:KG-RULE-V02-0049;source:REF-GF0025-2021;source:REF-GRAMMAR-MANUAL-ADV;source:REF-GRAMMAR-MANUAL-ELEM;source:REF-GRAMMAR-MANUAL-INTER;source:REF-HUANG-LIAO-MODERN-CHINESE;source:REF-LIU-PRACTICAL-GRAMMAR
2027,ASGD-2027-1997,6e731afd0f1ec757,比较构式,没有比较候选,不是目标语法点,不是目标语法点,1,0.9990429282188416,0,candidate:没有比较候选;family:比较构式;rule:KG-RULE-V02-0059;rule:KG-RULE-V02-0060;rule:KG-RULE-V02-0061;source:REF-GF0025-2021;source:REF-GRAMMAR-MANUAL-ADV;source:REF-GRAMMAR-MANUAL-ELEM;source:REF-GRAMMAR-MANUAL-INTER;source:REF-LIU-PRACTICAL-GRAMMAR
2027,ASGD-2027-2006,4eb2d6649d77c27b,补语结构,得字补语候选,是目标语法点,是目标语法点,1,0.9961095452308655,0,candidate:得字补语候选;family:补语结构;rule:KG-RULE-V02-0047;rule:KG-RULE-V02-0049;source:REF-GF0025-2021;source:REF-GRAMMAR-MANUAL-ADV;source:REF-GRAMMAR-MANUAL-ELEM;source:REF-GRAMMAR-MANUAL-INTER;source:REF-HUANG-LIAO-MODERN-CHINESE;source:REF-LIU-PRACTICAL-GRAMMAR
2027,ASGD-2027-2013,c137844354948e09,比较构式,比字比较候选,是目标语法点,是目标语法点,1,0.9959718585014343,0,candidate:比字比较候选;family:比较构式;rule:KG-RULE-V02-0053;rule:KG-RULE-V02-0054;source:REF-GF0025-2021;source:REF-GRAMMAR-MANUAL-ADV;source:REF-GRAMMAR-MANUAL-ELEM;source:REF-GRAMMAR-MANUAL-INTER;source:REF-LIU-PRACTICAL-GRAMMAR
2027,ASGD-2027-2014,d0b781af6210071f,复句关联结构,如果...就候选,是目标语法点,是目标语法点,1,0.9975746273994446,0,candidate:如果...就候选;family:复句关联结构
2027,ASGD-2027-2015,3db05518ca3afc91,补语结构,得字补语候选,是目标语法点,是目标语法点,1,0.9969965219497681,0,candidate:得字补语候选;family:补语结构;rule:KG-RULE-V02-0047;rule:KG-RULE-V02-0049;source:REF-GF0025-2021;source:REF-GRAMMAR-MANUAL-ADV;source:REF-GRAMMAR-MANUAL-ELEM;source:REF-GRAMMAR-MANUAL-INTER;source:REF-HUANG-LIAO-MODERN-CHINESE;source:REF-LIU-PRACTICAL-GRAMMAR
2027,ASGD-2027-2025,dcf51079523ee683,介词/框架结构,对字介词框架候选,是目标语法点,是目标语法点,1,0.9976325035095215,0,candidate:对字介词框架候选;family:介词/框架结构;rule:KG-RULE-V02-0115;rule:KG-RULE-V02-0116;rule:KG-RULE-V02-0117;source:REF-GF0025-2021;source:REF-GRAMMAR-MANUAL-ADV;source:REF-GRAMMAR-MANUAL-ELEM;source:REF-GRAMMAR-MANUAL-INTER;source:REF-HUANG-LIAO-MODERN-CHINESE;source:REF-LU-TCSL-GRAMMAR
2027,ASGD-2027-2040,89b61f90fb0ba001,时间/处所功能结构,处所状语候选,是目标语法点,是目标语法点,1,0.9953532218933105,0,candidate:处所状语候选;family:时间/处所功能结构;rule:KG-RULE-V02-0039;rule:KG-RULE-V02-0040;rule:KG-RULE-V02-0041;source:REF-GF0025-2021;source:REF-GRAMMAR-MANUAL-ELEM;source:REF-GRAMMAR-MANUAL-INTER;source:REF-HUANG-LIAO-MODERN-CHINESE
2027,ASGD-2027-2043,3db3ade9e36e7b9c,补语结构,得字补语候选,是目标语法点,是目标语法点,1,0.9964882135391235,0,candidate:得字补语候选;family:补语结构;rule:KG-RULE-V02-0047;rule:KG-RULE-V02-0049;source:REF-GF0025-2021;source:REF-GRAMMAR-MANUAL-ADV;source:REF-GRAMMAR-MANUAL-ELEM;source:REF-GRAMMAR-MANUAL-INTER;source:REF-HUANG-LIAO-MODERN-CHINESE;source:REF-LIU-PRACTICAL-GRAMMAR
2027,ASGD-2027-2044,17f47947b34c59d8,多谓词/论元结构,双宾/给予结构候选,是目标语法点,是目标语法点,1,0.9962204098701477,0,candidate:双宾/给予结构候选;family:多谓词/论元结构
2027,ASGD-2027-2045,913a20e2e8979119,多谓词/论元结构,双宾/给予结构候选,是目标语法点,是目标语法点,1,0.9963494539260864,0,candidate:双宾/给予结构候选;family:多谓词/论元结构
2027,ASGD-2027-2051,ee2a8ee2c887d006,复句关联结构,因为候选,是目标语法点,是目标语法点,1,0.9976414442062378,0,candidate:因为候选;family:复句关联结构
2027,ASGD-2027-2055,5807b9ce9442646d,补语结构,数量/时量补语候选,是目标语法点,是目标语法点,1,0.9963791966438293,0,candidate:数量/时量补语候选;family:补语结构
2027,ASGD-2027-2056,cb1d3011f7dede1f,被动/受事凸显构式,被字句候选,不是目标语法点,不是目标语法点,1,0.9884001016616821,1,candidate:被字句候选;family:被动/受事凸显构式;rule:KG-RULE-V02-0022;rule:KG-RULE-V02-0024;rule:KG-RULE-V02-0026;source:REF-GF0025-2021;source:REF-GRAMMAR-MANUAL-ADV;source:REF-GRAMMAR-MANUAL-ELEM;source:REF-GRAMMAR-MANUAL-INTER;source:REF-LIU-PRACTICAL-GRAMMAR;source:REF-LU-TCSL-GRAMMAR
2027,ASGD-2027-2060,1091844fb6997c3e,比较构式,比字比较候选,是目标语法点,是目标语法点,1,0.9960207343101501,0,candidate:比字比较候选;family:比较构式;rule:KG-RULE-V02-0053;rule:KG-RULE-V02-0054;source:REF-GF0025-2021;source:REF-GRAMMAR-MANUAL-ADV;source:REF-GRAMMAR-MANUAL-ELEM;source:REF-GRAMMAR-MANUAL-INTER;source:REF-LIU-PRACTICAL-GRAMMAR
2027,ASGD-2027-2063,2ade30bde421d1c9,补语结构,数量/时量补语候选,是目标语法点,是目标语法点,1,0.9967978596687317,0,candidate:数量/时量补语候选;family:补语结构
2027,ASGD-2027-2071,77db01e42d2e6533,介词/框架结构,向/往/朝介词框架候选,是目标语法点,是目标语法点,1,0.9964590668678284,0,candidate:向/往/朝介词框架候选;family:介词/框架结构;rule:KG-RULE-V02-0125;rule:KG-RULE-V02-0126;rule:KG-RULE-V02-0127;source:REF-GF0025-2021;source:REF-GRAMMAR-MANUAL-ADV;source:REF-GRAMMAR-MANUAL-ELEM;source:REF-GRAMMAR-MANUAL-INTER;source:REF-HUANG-LIAO-MODERN-CHINESE;source:REF-LU-TCSL-GRAMMAR
2027,ASGD-2027-2084,4d057543bb7659e5,复句关联结构,如果...就候选,是目标语法点,是目标语法点,1,0.9976539015769958,0,candidate:如果...就候选;family:复句关联结构
2027,ASGD-2027-2088,cc0d3a1a4727b3a8,复句关联结构,因为候选,是目标语法点,是目标语法点,1,0.9973859190940857,0,candidate:因为候选;family:复句关联结构
2027,ASGD-2027-2097,1e726edd21282e7a,时间/处所功能结构,处所状语候选,是目标语法点,不是目标语法点,0,0.5836452841758728,0,candidate:处所状语候选;family:时间/处所功能结构;rule:KG-RULE-V02-0042;source:REF-GF0025-2021;source:REF-GRAMMAR-MANUAL-ELEM;source:REF-GRAMMAR-MANUAL-INTER;source:REF-HUANG-LIAO-MODERN-CHINESE
2027,ASGD-2027-2108,d699a0ab7e27b8f1,被动/受事凸显构式,被字句候选,是目标语法点,是目标语法点,1,0.9967670440673828,0,candidate:被字句候选;family:被动/受事凸显构式;rule:KG-RULE-V02-0022;rule:KG-RULE-V02-0024;source:REF-GF0025-2021;source:REF-GRAMMAR-MANUAL-ADV;source:REF-GRAMMAR-MANUAL-ELEM;source:REF-GRAMMAR-MANUAL-INTER;source:REF-LIU-PRACTICAL-GRAMMAR;source:REF-LU-TCSL-GRAMMAR
2027,ASGD-2027-2109,568685d08b627a70,时间/处所功能结构,处所状语候选,是目标语法点,是目标语法点,1,0.9947155117988586,0,candidate:处所状语候选;family:时间/处所功能结构;rule:KG-RULE-V02-0039;rule:KG-RULE-V02-0040;rule:KG-RULE-V02-0041;source:REF-GF0025-2021;source:REF-GRAMMAR-MANUAL-ELEM;source:REF-GRAMMAR-MANUAL-INTER;source:REF-HUANG-LIAO-MODERN-CHINESE
2027,ASGD-2027-2114,9b2a59f4bd84323f,多谓词/论元结构,双宾/给予结构候选,不是目标语法点,不是目标语法点,1,0.9886230826377869,0,candidate:双宾/给予结构候选;family:多谓词/论元结构
2027,ASGD-2027-2120,7427b985a3e77e95,比较构式,不如比较候选,是目标语法点,是目标语法点,1,0.9959112405776978,0,candidate:不如比较候选;family:比较构式;rule:KG-RULE-V02-0079;rule:KG-RULE-V02-0080;rule:KG-RULE-V02-0081;source:REF-GF0025-2021;source:REF-GRAMMAR-MANUAL-ADV;source:REF-GRAMMAR-MANUAL-ELEM;source:REF-GRAMMAR-MANUAL-INTER;source:REF-LIU-PRACTICAL-GRAMMAR
2027,ASGD-2027-2124,ee9748f3ea4f8abd,处置/受事重组构式,把字句候选,是目标语法点,是目标语法点,1,0.9976139068603516,0,candidate:把字句候选;family:处置/受事重组构式;rule:KG-RULE-V02-0001;rule:KG-RULE-V02-0002;rule:KG-RULE-V02-0003;source:REF-GF0025-2021;source:REF-GRAMMAR-MANUAL-ELEM;source:REF-GRAMMAR-MANUAL-INTER;source:REF-LIU-PRACTICAL-GRAMMAR;source:REF-LU-TCSL-GRAMMAR
2027,ASGD-2027-2125,68f180f3982eb5d0,补语结构,得字补语候选,是目标语法点,是目标语法点,1,0.9949931502342224,0,candidate:得字补语候选;family:补语结构;rule:KG-RULE-V02-0047;rule:KG-RULE-V02-0049;source:REF-GF0025-2021;source:REF-GRAMMAR-MANUAL-ADV;source:REF-GRAMMAR-MANUAL-ELEM;source:REF-GRAMMAR-MANUAL-INTER;source:REF-HUANG-LIAO-MODERN-CHINESE;source:REF-LIU-PRACTICAL-GRAMMAR
2027,ASGD-2027-2128,fda2b061dc0ce8d7,补语结构,数量/时量补语候选,是目标语法点,是目标语法点,1,0.9972037076950073,0,candidate:数量/时量补语候选;family:补语结构
2027,ASGD-2027-2129,634e3a814ec08f06,比较构式,没有比较候选,不是目标语法点,不是目标语法点,1,0.9991235136985779,0,candidate:没有比较候选;family:比较构式;rule:KG-RULE-V02-0059;rule:KG-RULE-V02-0060;rule:KG-RULE-V02-0061;source:REF-GF0025-2021;source:REF-GRAMMAR-MANUAL-ADV;source:REF-GRAMMAR-MANUAL-ELEM;source:REF-GRAMMAR-MANUAL-INTER;source:REF-LIU-PRACTICAL-GRAMMAR
2027,ASGD-2027-2135,6cec4e5877115f29,时间/处所功能结构,时间状语候选,是目标语法点,是目标语法点,1,0.9976404905319214,0,candidate:时间状语候选;family:时间/处所功能结构;rule:KG-RULE-V02-0030;rule:KG-RULE-V02-0031;rule:KG-RULE-V02-0032;source:REF-GF0025-2021;source:REF-GRAMMAR-MANUAL-ADV;source:REF-GRAMMAR-MANUAL-ELEM;source:REF-GRAMMAR-MANUAL-INTER;source:REF-HUANG-LIAO-MODERN-CHINESE
2027,ASGD-2027-2142,4f1151ff3ca29d37,被动/受事凸显构式,被字句候选,是目标语法点,是目标语法点,1,0.9967635869979858,0,candidate:被字句候选;family:被动/受事凸显构式;rule:KG-RULE-V02-0022;rule:KG-RULE-V02-0024;source:REF-GF0025-2021;source:REF-GRAMMAR-MANUAL-ADV;source:REF-GRAMMAR-MANUAL-ELEM;source:REF-GRAMMAR-MANUAL-INTER;source:REF-LIU-PRACTICAL-GRAMMAR;source:REF-LU-TCSL-GRAMMAR
2027,ASGD-2027-2143,a21bdd127e85acf5,介词/框架结构,给/为/关于等介词框架候选,是目标语法点,是目标语法点,1,0.9974508881568909,0,candidate:给/为/关于等介词框架候选;family:介词/框架结构;rule:KG-RULE-V02-0135;rule:KG-RULE-V02-0136;rule:KG-RULE-V02-0137;source:REF-GF0025-2021;source:REF-GRAMMAR-MANUAL-ADV;source:REF-GRAMMAR-MANUAL-ELEM;source:REF-GRAMMAR-MANUAL-INTER;source:REF-HUANG-LIAO-MODERN-CHINESE;source:REF-LU-TCSL-GRAMMAR
2027,ASGD-2027-2148,8a05a79dc8404d0e,时间/处所功能结构,时间状语候选,是目标语法点,是目标语法点,1,0.9979294538497925,0,candidate:时间状语候选;family:时间/处所功能结构;rule:KG-RULE-V02-0030;rule:KG-RULE-V02-0031;rule:KG-RULE-V02-0032;source:REF-GF0025-2021;source:REF-GRAMMAR-MANUAL-ADV;source:REF-GRAMMAR-MANUAL-ELEM;source:REF-GRAMMAR-MANUAL-INTER;source:REF-HUANG-LIAO-MODERN-CHINESE
2027,ASGD-2027-2160,65e16f9bb3752941,处置/受事重组构式,把字句候选,是目标语法点,是目标语法点,1,0.9973256587982178,0,candidate:把字句候选;family:处置/受事重组构式;rule:KG-RULE-V02-0001;rule:KG-RULE-V02-0002;rule:KG-RULE-V02-0003;source:REF-GF0025-2021;source:REF-GRAMMAR-MANUAL-ELEM;source:REF-GRAMMAR-MANUAL-INTER;source:REF-LIU-PRACTICAL-GRAMMAR;source:REF-LU-TCSL-GRAMMAR
2027,ASGD-2027-2162,83a9b641642d332a,时间/处所功能结构,时间状语候选,是目标语法点,是目标语法点,1,0.9977931976318359,0,candidate:时间状语候选;family:时间/处所功能结构;rule:KG-RULE-V02-0030;rule:KG-RULE-V02-0031;rule:KG-RULE-V02-0032;source:REF-GF0025-2021;source:REF-GRAMMAR-MANUAL-ADV;source:REF-GRAMMAR-MANUAL-ELEM;source:REF-GRAMMAR-MANUAL-INTER;source:REF-HUANG-LIAO-MODERN-CHINESE
2027,ASGD-2027-2163,ba77c30ba73be5e9,介词/框架结构,从字介词框架候选,是目标语法点,是目标语法点,1,0.9974269270896912,0,candidate:从字介词框架候选;family:介词/框架结构;rule:KG-RULE-V02-0109;rule:KG-RULE-V02-0110;source:REF-GF0025-2021;source:REF-GRAMMAR-MANUAL-ADV;source:REF-GRAMMAR-MANUAL-ELEM;source:REF-GRAMMAR-MANUAL-INTER;source:REF-HUANG-LIAO-MODERN-CHINESE;source:REF-LU-TCSL-GRAMMAR
2027,ASGD-2027-2167,eebb974eaf766e38,比较构式,没有比较候选,不是目标语法点,不是目标语法点,1,0.9991115927696228,0,candidate:没有比较候选;family:比较构式;rule:KG-RULE-V02-0059;rule:KG-RULE-V02-0060;rule:KG-RULE-V02-0061;source:REF-GF0025-2021;source:REF-GRAMMAR-MANUAL-ADV;source:REF-GRAMMAR-MANUAL-ELEM;source:REF-GRAMMAR-MANUAL-INTER;source:REF-LIU-PRACTICAL-GRAMMAR
2027,ASGD-2027-2168,ce670e0063de1109,介词/框架结构,在字介词框架候选,是目标语法点,是目标语法点,1,0.9931961297988892,0,candidate:在字介词框架候选;family:介词/框架结构;rule:KG-RULE-V02-0099;rule:KG-RULE-V02-0100;rule:KG-RULE-V02-0101;source:REF-GF0025-2021;source:REF-GRAMMAR-MANUAL-ADV;source:REF-GRAMMAR-MANUAL-ELEM;source:REF-GRAMMAR-MANUAL-INTER;source:REF-HUANG-LIAO-MODERN-CHINESE;source:REF-LU-TCSL-GRAMMAR
2027,ASGD-2027-2170,9042583691be973e,复句关联结构,如果候选,是目标语法点,是目标语法点,1,0.9976746439933777,0,candidate:如果候选;family:复句关联结构
2027,ASGD-2027-2174,296c3c2e63c409c9,补语结构,趋向补语候选,是目标语法点,是目标语法点,1,0.9967116117477417,0,candidate:趋向补语候选;family:补语结构
2027,ASGD-2027-2176,b598f1e3cbd2f6da,介词/框架结构,给/为/关于等介词框架候选,是目标语法点,是目标语法点,1,0.9975685477256775,0,candidate:给/为/关于等介词框架候选;family:介词/框架结构;rule:KG-RULE-V02-0135;rule:KG-RULE-V02-0136;rule:KG-RULE-V02-0137;source:REF-GF0025-2021;source:REF-GRAMMAR-MANUAL-ADV;source:REF-GRAMMAR-MANUAL-ELEM;source:REF-GRAMMAR-MANUAL-INTER;source:REF-HUANG-LIAO-MODERN-CHINESE;source:REF-LU-TCSL-GRAMMAR
2027,ASGD-2027-2177,e4c5caca7a5eacaf,时间/处所功能结构,处所状语候选,是目标语法点,是目标语法点,1,0.9555530548095703,0,candidate:处所状语候选;family:时间/处所功能结构;rule:KG-RULE-V02-0039;rule:KG-RULE-V02-0040;rule:KG-RULE-V02-0041;source:REF-GF0025-2021;source:REF-GRAMMAR-MANUAL-ELEM;source:REF-GRAMMAR-MANUAL-INTER;source:REF-HUANG-LIAO-MODERN-CHINESE
2027,ASGD-2027-2186,ae6267265c467ef3,多谓词/论元结构,双宾/给予结构候选,是目标语法点,是目标语法点,1,0.9961537718772888,0,candidate:双宾/给予结构候选;family:多谓词/论元结构
2027,ASGD-2027-2191,aca23d63f94ce104,处置/受事重组构式,把字句候选,是目标语法点,是目标语法点,1,0.9967516660690308,0,candidate:把字句候选;family:处置/受事重组构式;rule:KG-RULE-V02-0001;rule:KG-RULE-V02-0002;rule:KG-RULE-V02-0003;source:REF-GF0025-2021;source:REF-GRAMMAR-MANUAL-ELEM;source:REF-GRAMMAR-MANUAL-INTER;source:REF-LIU-PRACTICAL-GRAMMAR;source:REF-LU-TCSL-GRAMMAR
2027,ASGD-2027-2194,3423d22d7ea30a1a,复句关联结构,如果...就候选,是目标语法点,是目标语法点,1,0.9976332187652588,0,candidate:如果...就候选;family:复句关联结构
2027,ASGD-2027-2200,d8d32fa5133df9ad,时间/处所功能结构,时间状语候选,是目标语法点,是目标语法点,1,0.9973801970481873,0,candidate:时间状语候选;family:时间/处所功能结构;rule:KG-RULE-V02-0030;rule:KG-RULE-V02-0031;rule:KG-RULE-V02-0032;source:REF-GF0025-2021;source:REF-GRAMMAR-MANUAL-ADV;source:REF-GRAMMAR-MANUAL-ELEM;source:REF-GRAMMAR-MANUAL-INTER;source:REF-HUANG-LIAO-MODERN-CHINESE
2027,ASGD-2027-2206,40f1322876405b7d,处置/受事重组构式,把字句候选,是目标语法点,是目标语法点,1,0.9965404272079468,0,candidate:把字句候选;family:处置/受事重组构式;rule:KG-RULE-V02-0001;rule:KG-RULE-V02-0002;rule:KG-RULE-V02-0003;source:REF-GF0025-2021;source:REF-GRAMMAR-MANUAL-ELEM;source:REF-GRAMMAR-MANUAL-INTER;source:REF-LIU-PRACTICAL-GRAMMAR;source:REF-LU-TCSL-GRAMMAR
2027,ASGD-2027-2209,47076a67c72b5fc4,时间/处所功能结构,时间状语候选,是目标语法点,是目标语法点,1,0.9979895353317261,0,candidate:时间状语候选;family:时间/处所功能结构;rule:KG-RULE-V02-0030;rule:KG-RULE-V02-0031;rule:KG-RULE-V02-0032;source:REF-GF0025-2021;source:REF-GRAMMAR-MANUAL-ADV;source:REF-GRAMMAR-MANUAL-ELEM;source:REF-GRAMMAR-MANUAL-INTER;source:REF-HUANG-LIAO-MODERN-CHINESE
2027,ASGD-2027-2210,b926c1e877557608,补语结构,得字补语候选,是目标语法点,是目标语法点,1,0.9961413741111755,0,candidate:得字补语候选;family:补语结构;rule:KG-RULE-V02-0047;rule:KG-RULE-V02-0049;source:REF-GF0025-2021;source:REF-GRAMMAR-MANUAL-ADV;source:REF-GRAMMAR-MANUAL-ELEM;source:REF-GRAMMAR-MANUAL-INTER;source:REF-HUANG-LIAO-MODERN-CHINESE;source:REF-LIU-PRACTICAL-GRAMMAR
2027,ASGD-2027-2217,a2061dbdc4652519,多谓词/论元结构,双宾/给予结构候选,是目标语法点,是目标语法点,1,0.9969717264175415,0,candidate:双宾/给予结构候选;family:多谓词/论元结构
2027,ASGD-2027-2220,58e5eebf0708e642,时间/处所功能结构,时间状语候选,是目标语法点,是目标语法点,1,0.9976166486740112,0,candidate:时间状语候选;family:时间/处所功能结构;rule:KG-RULE-V02-0030;rule:KG-RULE-V02-0031;rule:KG-RULE-V02-0032;source:REF-GF0025-2021;source:REF-GRAMMAR-MANUAL-ADV;source:REF-GRAMMAR-MANUAL-ELEM;source:REF-GRAMMAR-MANUAL-INTER;source:REF-HUANG-LIAO-MODERN-CHINESE
2027,ASGD-2027-2227,c846014ae37e9773,介词/框架结构,给/为/关于等介词框架候选,是目标语法点,是目标语法点,1,0.9967828989028931,0,candidate:给/为/关于等介词框架候选;family:介词/框架结构;rule:KG-RULE-V02-0135;rule:KG-RULE-V02-0136;rule:KG-RULE-V02-0137;source:REF-GF0025-2021;source:REF-GRAMMAR-MANUAL-ADV;source:REF-GRAMMAR-MANUAL-ELEM;source:REF-GRAMMAR-MANUAL-INTER;source:REF-HUANG-LIAO-MODERN-CHINESE;source:REF-LU-TCSL-GRAMMAR
2027,ASGD-2027-2238,c9a518eee7a69d7c,多谓词/论元结构,双宾/给予结构候选,不是目标语法点,是目标语法点,0,0.9968940019607544,0,candidate:双宾/给予结构候选;family:多谓词/论元结构
2027,ASGD-2027-2239,2cf3604f87b1ac1b,多谓词/论元结构,双宾/给予结构候选,是目标语法点,是目标语法点,1,0.9969193935394287,0,candidate:双宾/给予结构候选;family:多谓词/论元结构
2027,ASGD-2027-2240,fa067f263abccfd4,时间/处所功能结构,处所状语候选,不是目标语法点,不是目标语法点,1,0.9933549165725708,0,candidate:处所状语候选;family:时间/处所功能结构;rule:KG-RULE-V02-0042;source:REF-GF0025-2021;source:REF-GRAMMAR-MANUAL-ELEM;source:REF-GRAMMAR-MANUAL-INTER;source:REF-HUANG-LIAO-MODERN-CHINESE
2027,ASGD-2027-2253,d4bec304df8b81fe,补语结构,得字补语候选,是目标语法点,是目标语法点,1,0.9967586398124695,0,candidate:得字补语候选;family:补语结构;rule:KG-RULE-V02-0047;rule:KG-RULE-V02-0049;source:REF-GF0025-2021;source:REF-GRAMMAR-MANUAL-ADV;source:REF-GRAMMAR-MANUAL-ELEM;source:REF-GRAMMAR-MANUAL-INTER;source:REF-HUANG-LIAO-MODERN-CHINESE;source:REF-LIU-PRACTICAL-GRAMMAR
2027,ASGD-2027-2259,f6314ceb25b11e18,介词/框架结构,在字介词框架候选,是目标语法点,是目标语法点,1,0.9975661039352417,0,candidate:在字介词框架候选;family:介词/框架结构;rule:KG-RULE-V02-0099;rule:KG-RULE-V02-0100;rule:KG-RULE-V02-0101;source:REF-GF0025-2021;source:REF-GRAMMAR-MANUAL-ADV;source:REF-GRAMMAR-MANUAL-ELEM;source:REF-GRAMMAR-MANUAL-INTER;source:REF-HUANG-LIAO-MODERN-CHINESE;source:REF-LU-TCSL-GRAMMAR
2027,ASGD-2027-2271,dc156e465dc916b3,时间/处所功能结构,时间状语候选,是目标语法点,是目标语法点,1,0.9979242086410522,0,candidate:时间状语候选;family:时间/处所功能结构;rule:KG-RULE-V02-0030;rule:KG-RULE-V02-0031;rule:KG-RULE-V02-0032;source:REF-GF0025-2021;source:REF-GRAMMAR-MANUAL-ADV;source:REF-GRAMMAR-MANUAL-ELEM;source:REF-GRAMMAR-MANUAL-INTER;source:REF-HUANG-LIAO-MODERN-CHINESE
2027,ASGD-2027-2277,88dfd3a0f63e1db1,时间/处所功能结构,处所状语候选,不是目标语法点,不是目标语法点,1,0.9963585734367371,0,candidate:处所状语候选;family:时间/处所功能结构;rule:KG-RULE-V02-0042;source:REF-GF0025-2021;source:REF-GRAMMAR-MANUAL-ELEM;source:REF-GRAMMAR-MANUAL-INTER;source:REF-HUANG-LIAO-MODERN-CHINESE
2027,ASGD-2027-2280,58e5eebf0708e642,处置/受事重组构式,把字句候选,是目标语法点,是目标语法点,1,0.9961256384849548,0,candidate:把字句候选;family:处置/受事重组构式;rule:KG-RULE-V02-0001;rule:KG-RULE-V02-0002;rule:KG-RULE-V02-0003;source:REF-GF0025-2021;source:REF-GRAMMAR-MANUAL-ELEM;source:REF-GRAMMAR-MANUAL-INTER;source:REF-LIU-PRACTICAL-GRAMMAR;source:REF-LU-TCSL-GRAMMAR
2027,ASGD-2027-2286,3c8a9e0e7e0d8fa9,介词/框架结构,从字介词框架候选,是目标语法点,是目标语法点,1,0.9976106882095337,0,candidate:从字介词框架候选;family:介词/框架结构;rule:KG-RULE-V02-0109;rule:KG-RULE-V02-0110;source:REF-GF0025-2021;source:REF-GRAMMAR-MANUAL-ADV;source:REF-GRAMMAR-MANUAL-ELEM;source:REF-GRAMMAR-MANUAL-INTER;source:REF-HUANG-LIAO-MODERN-CHINESE;source:REF-LU-TCSL-GRAMMAR
2027,ASGD-2027-2289,c6309acba229e39a,多谓词/论元结构,双宾/给予结构候选,是目标语法点,是目标语法点,1,0.9946704506874084,0,candidate:双宾/给予结构候选;family:多谓词/论元结构
2027,ASGD-2027-2290,38aca4417f0aaead,处置/受事重组构式,把字句候选,是目标语法点,是目标语法点,1,0.9971238970756531,0,candidate:把字句候选;family:处置/受事重组构式;rule:KG-RULE-V02-0001;rule:KG-RULE-V02-0002;rule:KG-RULE-V02-0003;source:REF-GF0025-2021;source:REF-GRAMMAR-MANUAL-ELEM;source:REF-GRAMMAR-MANUAL-INTER;source:REF-LIU-PRACTICAL-GRAMMAR;source:REF-LU-TCSL-GRAMMAR
2027,ASGD-2027-2291,aff427eab61e35e2,复句关联结构,只要候选,是目标语法点,是目标语法点,1,0.9978532195091248,0,candidate:只要候选;family:复句关联结构
2027,ASGD-2027-2299,81a7d6a79e940498,复句关联结构,不但...而且候选,是目标语法点,是目标语法点,1,0.996315062046051,0,candidate:不但...而且候选;family:复句关联结构
2027,ASGD-2027-2303,391ba7c6c07b122c,补语结构,趋向补语候选,是目标语法点,是目标语法点,1,0.9969947338104248,0,candidate:趋向补语候选;family:补语结构
2027,ASGD-2027-2309,d6964c9a809f4643,介词/框架结构,给/为/关于等介词框架候选,是目标语法点,是目标语法点,1,0.9970031380653381,0,candidate:给/为/关于等介词框架候选;family:介词/框架结构;rule:KG-RULE-V02-0135;rule:KG-RULE-V02-0136;rule:KG-RULE-V02-0137;source:REF-GF0025-2021;source:REF-GRAMMAR-MANUAL-ADV;source:REF-GRAMMAR-MANUAL-ELEM;source:REF-GRAMMAR-MANUAL-INTER;source:REF-HUANG-LIAO-MODERN-CHINESE;source:REF-LU-TCSL-GRAMMAR
2027,ASGD-2027-2311,574234c021fb987a,补语结构,得字补语候选,是目标语法点,是目标语法点,1,0.9964907765388489,0,candidate:得字补语候选;family:补语结构;rule:KG-RULE-V02-0047;rule:KG-RULE-V02-0049;source:REF-GF0025-2021;source:REF-GRAMMAR-MANUAL-ADV;source:REF-GRAMMAR-MANUAL-ELEM;source:REF-GRAMMAR-MANUAL-INTER;source:REF-HUANG-LIAO-MODERN-CHINESE;source:REF-LIU-PRACTICAL-GRAMMAR
2027,ASGD-2027-2315,1f5944a869f76fcf,比较构式,比字比较候选,是目标语法点,是目标语法点,1,0.9942609071731567,0,candidate:比字比较候选;family:比较构式;rule:KG-RULE-V02-0053;rule:KG-RULE-V02-0054;source:REF-GF0025-2021;source:REF-GRAMMAR-MANUAL-ADV;source:REF-GRAMMAR-MANUAL-ELEM;source:REF-GRAMMAR-MANUAL-INTER;source:REF-LIU-PRACTICAL-GRAMMAR
2027,ASGD-2027-2322,d9b5e54c2ce99d85,处置/受事重组构式,把字句候选,是目标语法点,是目标语法点,1,0.9972236156463623,0,candidate:把字句候选;family:处置/受事重组构式;rule:KG-RULE-V02-0001;rule:KG-RULE-V02-0002;rule:KG-RULE-V02-0003;source:REF-GF0025-2021;source:REF-GRAMMAR-MANUAL-ELEM;source:REF-GRAMMAR-MANUAL-INTER;source:REF-LIU-PRACTICAL-GRAMMAR;source:REF-LU-TCSL-GRAMMAR
2027,ASGD-2027-2323,7f9d5d4299b6e541,补语结构,数量/时量补语候选,是目标语法点,是目标语法点,1,0.9972937703132629,0,candidate:数量/时量补语候选;family:补语结构
2027,ASGD-2027-2326,2ebcadcee2a62e03,介词/框架结构,给/为/关于等介词框架候选,不是目标语法点,不是目标语法点,1,0.5026866793632507,0,candidate:给/为/关于等介词框架候选;family:介词/框架结构;rule:KG-RULE-V02-0135;rule:KG-RULE-V02-0136;rule:KG-RULE-V02-0137;source:REF-GF0025-2021;source:REF-GRAMMAR-MANUAL-ADV;source:REF-GRAMMAR-MANUAL-ELEM;source:REF-GRAMMAR-MANUAL-INTER;source:REF-HUANG-LIAO-MODERN-CHINESE;source:REF-LU-TCSL-GRAMMAR
2027,ASGD-2027-2339,1ef188c693290129,处置/受事重组构式,把字句候选,是目标语法点,是目标语法点,1,0.9973987340927124,0,candidate:把字句候选;family:处置/受事重组构式;rule:KG-RULE-V02-0001;rule:KG-RULE-V02-0002;rule:KG-RULE-V02-0003;source:REF-GF0025-2021;source:REF-GRAMMAR-MANUAL-ELEM;source:REF-GRAMMAR-MANUAL-INTER;source:REF-LIU-PRACTICAL-GRAMMAR;source:REF-LU-TCSL-GRAMMAR
2027,ASGD-2027-2341,f797c28a3555b67a,比较构式,比字比较候选,不是目标语法点,不是目标语法点,1,0.9989994168281555,1,candidate:比字比较候选;family:比较构式;rule:KG-RULE-V02-0053;rule:KG-RULE-V02-0054;rule:KG-RULE-V02-0056;source:REF-GF0025-2021;source:REF-GRAMMAR-MANUAL-ADV;source:REF-GRAMMAR-MANUAL-ELEM;source:REF-GRAMMAR-MANUAL-INTER;source:REF-LIU-PRACTICAL-GRAMMAR
2027,ASGD-2027-2356,db50433f60057d0e,处置/受事重组构式,把字句候选,是目标语法点,是目标语法点,1,0.9971010088920593,0,candidate:把字句候选;family:处置/受事重组构式;rule:KG-RULE-V02-0001;rule:KG-RULE-V02-0002;rule:KG-RULE-V02-0003;source:REF-GF0025-2021;source:REF-GRAMMAR-MANUAL-ELEM;source:REF-GRAMMAR-MANUAL-INTER;source:REF-LIU-PRACTICAL-GRAMMAR;source:REF-LU-TCSL-GRAMMAR
2027,ASGD-2027-2369,6bee18b947127581,时间/处所功能结构,处所状语候选,不是目标语法点,是目标语法点,0,0.5639575719833374,0,candidate:处所状语候选;family:时间/处所功能结构;rule:KG-RULE-V02-0042;source:REF-GF0025-2021;source:REF-GRAMMAR-MANUAL-ELEM;source:REF-GRAMMAR-MANUAL-INTER;source:REF-HUANG-LIAO-MODERN-CHINESE
2027,ASGD-2027-2373,8ab7d141c09d46f5,补语结构,得字补语候选,是目标语法点,是目标语法点,1,0.9966322779655457,0,candidate:得字补语候选;family:补语结构;rule:KG-RULE-V02-0047;rule:KG-RULE-V02-0049;source:REF-GF0025-2021;source:REF-GRAMMAR-MANUAL-ADV;source:REF-GRAMMAR-MANUAL-ELEM;source:REF-GRAMMAR-MANUAL-INTER;source:REF-HUANG-LIAO-MODERN-CHINESE;source:REF-LIU-PRACTICAL-GRAMMAR
2027,ASGD-2027-2378,9036e4fb592d0d50,比较构式,比字比较候选,是目标语法点,是目标语法点,1,0.9967868328094482,0,candidate:比字比较候选;family:比较构式;rule:KG-RULE-V02-0053;rule:KG-RULE-V02-0054;source:REF-GF0025-2021;source:REF-GRAMMAR-MANUAL-ADV;source:REF-GRAMMAR-MANUAL-ELEM;source:REF-GRAMMAR-MANUAL-INTER;source:REF-LIU-PRACTICAL-GRAMMAR
2027,ASGD-2027-2394,723dfa2791329b15,时间/处所功能结构,处所状语候选,是目标语法点,是目标语法点,1,0.9944543242454529,0,candidate:处所状语候选;family:时间/处所功能结构;rule:KG-RULE-V02-0042;source:REF-GF0025-2021;source:REF-GRAMMAR-MANUAL-ELEM;source:REF-GRAMMAR-MANUAL-INTER;source:REF-HUANG-LIAO-MODERN-CHINESE
2027,ASGD-2027-2400,d6ebd89a51937313,时间/处所功能结构,时间状语候选,是目标语法点,是目标语法点,1,0.9972217082977295,0,candidate:时间状语候选;family:时间/处所功能结构;rule:KG-RULE-V02-0033;source:REF-GF0025-2021;source:REF-GRAMMAR-MANUAL-ADV;source:REF-GRAMMAR-MANUAL-ELEM;source:REF-GRAMMAR-MANUAL-INTER;source:REF-HUANG-LIAO-MODERN-CHINESE
2027,ASGD-2027-2401,8ab177abaa0b1e24,处置/受事重组构式,把字句候选,是目标语法点,是目标语法点,1,0.9970589876174927,0,candidate:把字句候选;family:处置/受事重组构式;rule:KG-RULE-V02-0001;rule:KG-RULE-V02-0002;rule:KG-RULE-V02-0003;source:REF-GF0025-2021;source:REF-GRAMMAR-MANUAL-ELEM;source:REF-GRAMMAR-MANUAL-INTER;source:REF-LIU-PRACTICAL-GRAMMAR;source:REF-LU-TCSL-GRAMMAR
2027,ASGD-2027-2404,c5d1d2b64d573bb8,多谓词/论元结构,双宾/给予结构候选,是目标语法点,是目标语法点,1,0.995281994342804,0,candidate:双宾/给予结构候选;family:多谓词/论元结构
2027,ASGD-2027-2410,4747c359746f1c4f,处置/受事重组构式,把字句候选,是目标语法点,是目标语法点,1,0.9970954656600952,0,candidate:把字句候选;family:处置/受事重组构式;rule:KG-RULE-V02-0001;rule:KG-RULE-V02-0002;rule:KG-RULE-V02-0003;source:REF-GF0025-2021;source:REF-GRAMMAR-MANUAL-ELEM;source:REF-GRAMMAR-MANUAL-INTER;source:REF-LIU-PRACTICAL-GRAMMAR;source:REF-LU-TCSL-GRAMMAR
2027,ASGD-2027-2417,149797fcf9ac68f2,比较构式,没有比较候选,不是目标语法点,不是目标语法点,1,0.9989144802093506,0,candidate:没有比较候选;family:比较构式;rule:KG-RULE-V02-0059;rule:KG-RULE-V02-0060;rule:KG-RULE-V02-0061;source:REF-GF0025-2021;source:REF-GRAMMAR-MANUAL-ADV;source:REF-GRAMMAR-MANUAL-ELEM;source:REF-GRAMMAR-MANUAL-INTER;source:REF-LIU-PRACTICAL-GRAMMAR
2027,ASGD-2027-2419,ee4cce907d9e69bd,介词/框架结构,给/为/关于等介词框架候选,是目标语法点,是目标语法点,1,0.9972422122955322,0,candidate:给/为/关于等介词框架候选;family:介词/框架结构;rule:KG-RULE-V02-0135;rule:KG-RULE-V02-0136;rule:KG-RULE-V02-0137;source:REF-GF0025-2021;source:REF-GRAMMAR-MANUAL-ADV;source:REF-GRAMMAR-MANUAL-ELEM;source:REF-GRAMMAR-MANUAL-INTER;source:REF-HUANG-LIAO-MODERN-CHINESE;source:REF-LU-TCSL-GRAMMAR
2027,ASGD-2027-2420,07277b9c62fcb0f0,补语结构,得字补语候选,是目标语法点,是目标语法点,1,0.9959600567817688,0,candidate:得字补语候选;family:补语结构;rule:KG-RULE-V02-0047;rule:KG-RULE-V02-0049;source:REF-GF0025-2021;source:REF-GRAMMAR-MANUAL-ADV;source:REF-GRAMMAR-MANUAL-ELEM;source:REF-GRAMMAR-MANUAL-INTER;source:REF-HUANG-LIAO-MODERN-CHINESE;source:REF-LIU-PRACTICAL-GRAMMAR
2027,ASGD-2027-2423,522093be8d467052,多谓词/论元结构,双宾/给予结构候选,是目标语法点,是目标语法点,1,0.995746910572052,0,candidate:双宾/给予结构候选;family:多谓词/论元结构
2027,ASGD-2027-2425,94274fef833525d5,补语结构,得字补语候选,不是目标语法点,不是目标语法点,1,0.8391713500022888,0,candidate:得字补语候选;family:补语结构;rule:KG-RULE-V02-0047;rule:KG-RULE-V02-0049;source:REF-GF0025-2021;source:REF-GRAMMAR-MANUAL-ADV;source:REF-GRAMMAR-MANUAL-ELEM;source:REF-GRAMMAR-MANUAL-INTER;source:REF-HUANG-LIAO-MODERN-CHINESE;source:REF-LIU-PRACTICAL-GRAMMAR
2027,ASGD-2027-2457,0db91d857863ed15,时间/处所功能结构,时间状语候选,是目标语法点,是目标语法点,1,0.99744713306427,0,candidate:时间状语候选;family:时间/处所功能结构;rule:KG-RULE-V02-0030;rule:KG-RULE-V02-0031;rule:KG-RULE-V02-0032;source:REF-GF0025-2021;source:REF-GRAMMAR-MANUAL-ADV;source:REF-GRAMMAR-MANUAL-ELEM;source:REF-GRAMMAR-MANUAL-INTER;source:REF-HUANG-LIAO-MODERN-CHINESE
2027,ASGD-2027-2458,8f47eec594067e56,被动/受事凸显构式,被字句候选,是目标语法点,是目标语法点,1,0.9970980882644653,0,candidate:被字句候选;family:被动/受事凸显构式;rule:KG-RULE-V02-0022;rule:KG-RULE-V02-0024;source:REF-GF0025-2021;source:REF-GRAMMAR-MANUAL-ADV;source:REF-GRAMMAR-MANUAL-ELEM;source:REF-GRAMMAR-MANUAL-INTER;source:REF-LIU-PRACTICAL-GRAMMAR;source:REF-LU-TCSL-GRAMMAR
2027,ASGD-2027-2468,e49e0ef791b45167,补语结构,得字补语候选,是目标语法点,是目标语法点,1,0.9494603872299194,0,candidate:得字补语候选;family:补语结构;rule:KG-RULE-V02-0047;rule:KG-RULE-V02-0049;source:REF-GF0025-2021;source:REF-GRAMMAR-MANUAL-ADV;source:REF-GRAMMAR-MANUAL-ELEM;source:REF-GRAMMAR-MANUAL-INTER;source:REF-HUANG-LIAO-MODERN-CHINESE;source:REF-LIU-PRACTICAL-GRAMMAR
2027,ASGD-2027-2478,cc2d58a8aca286fa,介词/框架结构,在字介词框架候选,是目标语法点,是目标语法点,1,0.9974604845046997,0,candidate:在字介词框架候选;family:介词/框架结构;rule:KG-RULE-V02-0099;rule:KG-RULE-V02-0100;rule:KG-RULE-V02-0101;source:REF-GF0025-2021;source:REF-GRAMMAR-MANUAL-ADV;source:REF-GRAMMAR-MANUAL-ELEM;source:REF-GRAMMAR-MANUAL-INTER;source:REF-HUANG-LIAO-MODERN-CHINESE;source:REF-LU-TCSL-GRAMMAR
2027,ASGD-2027-2479,9651d00d3545ac3c,多谓词/论元结构,双宾/给予结构候选,是目标语法点,是目标语法点,1,0.9949603080749512,0,candidate:双宾/给予结构候选;family:多谓词/论元结构
2027,ASGD-2027-2482,f9c9ebcd886189c9,比较构式,没有比较候选,不是目标语法点,不是目标语法点,1,0.9990969896316528,0,candidate:没有比较候选;family:比较构式;rule:KG-RULE-V02-0059;rule:KG-RULE-V02-0060;rule:KG-RULE-V02-0061;source:REF-GF0025-2021;source:REF-GRAMMAR-MANUAL-ADV;source:REF-GRAMMAR-MANUAL-ELEM;source:REF-GRAMMAR-MANUAL-INTER;source:REF-LIU-PRACTICAL-GRAMMAR
2027,ASGD-2027-2484,31c15f5aa3aa0f40,时间/处所功能结构,时间状语候选,是目标语法点,是目标语法点,1,0.997427761554718,0,candidate:时间状语候选;family:时间/处所功能结构;rule:KG-RULE-V02-0030;rule:KG-RULE-V02-0031;rule:KG-RULE-V02-0032;source:REF-GF0025-2021;source:REF-GRAMMAR-MANUAL-ADV;source:REF-GRAMMAR-MANUAL-ELEM;source:REF-GRAMMAR-MANUAL-INTER;source:REF-HUANG-LIAO-MODERN-CHINESE
2027,ASGD-2027-2486,e52ff1bbff846ad0,处置/受事重组构式,把字句候选,是目标语法点,是目标语法点,1,0.9974048733711243,1,candidate:把字句候选;family:处置/受事重组构式;rule:KG-RULE-V02-0001;rule:KG-RULE-V02-0002;rule:KG-RULE-V02-0003;rule:KG-RULE-V02-0007;source:REF-GF0025-2021;source:REF-GRAMMAR-MANUAL-ELEM;source:REF-GRAMMAR-MANUAL-INTER;source:REF-LIU-PRACTICAL-GRAMMAR;source:REF-LU-TCSL-GRAMMAR
2027,ASGD-2027-2490,8e8206bc25d628fd,多谓词/论元结构,双宾/给予结构候选,是目标语法点,是目标语法点,1,0.9968312382698059,0,candidate:双宾/给予结构候选;family:多谓词/论元结构
2027,ASGD-2027-2497,6c86f7ca41e14cdc,时间/处所功能结构,处所状语候选,是目标语法点,不是目标语法点,0,0.9906309247016907,0,candidate:处所状语候选;family:时间/处所功能结构;rule:KG-RULE-V02-0039;rule:KG-RULE-V02-0040;rule:KG-RULE-V02-0041;source:REF-GF0025-2021;source:REF-GRAMMAR-MANUAL-ELEM;source:REF-GRAMMAR-MANUAL-INTER;source:REF-HUANG-LIAO-MODERN-CHINESE
2027,ASGD-2027-2498,b5203c9cd0d6e1c8,比较构式,不如比较候选,是目标语法点,是目标语法点,1,0.9964086413383484,0,candidate:不如比较候选;family:比较构式;rule:KG-RULE-V02-0079;rule:KG-RULE-V02-0080;rule:KG-RULE-V02-0081;source:REF-GF0025-2021;source:REF-GRAMMAR-MANUAL-ADV;source:REF-GRAMMAR-MANUAL-ELEM;source:REF-GRAMMAR-MANUAL-INTER;source:REF-LIU-PRACTICAL-GRAMMAR
2027,ASGD-2027-2503,f4cd2544a923dd64,时间/处所功能结构,时间状语候选,是目标语法点,是目标语法点,1,0.9975407123565674,0,candidate:时间状语候选;family:时间/处所功能结构;rule:KG-RULE-V02-0030;rule:KG-RULE-V02-0031;rule:KG-RULE-V02-0032;source:REF-GF0025-2021;source:REF-GRAMMAR-MANUAL-ADV;source:REF-GRAMMAR-MANUAL-ELEM;source:REF-GRAMMAR-MANUAL-INTER;source:REF-HUANG-LIAO-MODERN-CHINESE
2027,ASGD-2027-2505,84ba516eb93904b0,时间/处所功能结构,时间状语候选,是目标语法点,是目标语法点,1,0.9976580142974854,0,candidate:时间状语候选;family:时间/处所功能结构;rule:KG-RULE-V02-0030;rule:KG-RULE-V02-0031;rule:KG-RULE-V02-0032;source:REF-GF0025-2021;source:REF-GRAMMAR-MANUAL-ADV;source:REF-GRAMMAR-MANUAL-ELEM;source:REF-GRAMMAR-MANUAL-INTER;source:REF-HUANG-LIAO-MODERN-CHINESE
2027,ASGD-2027-2507,df38c8c525537179,处置/受事重组构式,把字句候选,是目标语法点,是目标语法点,1,0.9968735575675964,0,candidate:把字句候选;family:处置/受事重组构式;rule:KG-RULE-V02-0001;rule:KG-RULE-V02-0002;rule:KG-RULE-V02-0003;source:REF-GF0025-2021;source:REF-GRAMMAR-MANUAL-ELEM;source:REF-GRAMMAR-MANUAL-INTER;source:REF-LIU-PRACTICAL-GRAMMAR;source:REF-LU-TCSL-GRAMMAR
2027,ASGD-2027-2511,f1da9b9f2848b607,被动/受事凸显构式,被字句候选,不是目标语法点,不是目标语法点,1,0.9943775534629822,0,candidate:被字句候选;family:被动/受事凸显构式;rule:KG-RULE-V02-0022;rule:KG-RULE-V02-0024;source:REF-GF0025-2021;source:REF-GRAMMAR-MANUAL-ADV;source:REF-GRAMMAR-MANUAL-ELEM;source:REF-GRAMMAR-MANUAL-INTER;source:REF-LIU-PRACTICAL-GRAMMAR;source:REF-LU-TCSL-GRAMMAR
2027,ASGD-2027-2514,1e93177f41acb9da,时间/处所功能结构,处所状语候选,不是目标语法点,不是目标语法点,1,0.9818021655082703,0,candidate:处所状语候选;family:时间/处所功能结构;rule:KG-RULE-V02-0042;source:REF-GF0025-2021;source:REF-GRAMMAR-MANUAL-ELEM;source:REF-GRAMMAR-MANUAL-INTER;source:REF-HUANG-LIAO-MODERN-CHINESE
2027,ASGD-2027-2515,b07fd69a0e4e452b,时间/处所功能结构,时间状语候选,是目标语法点,是目标语法点,1,0.997805655002594,0,candidate:时间状语候选;family:时间/处所功能结构;rule:KG-RULE-V02-0030;rule:KG-RULE-V02-0031;rule:KG-RULE-V02-0032;source:REF-GF0025-2021;source:REF-GRAMMAR-MANUAL-ADV;source:REF-GRAMMAR-MANUAL-ELEM;source:REF-GRAMMAR-MANUAL-INTER;source:REF-HUANG-LIAO-MODERN-CHINESE
2027,ASGD-2027-2516,e703d134a1a5fe69,多谓词/论元结构,连动结构候选,是目标语法点,是目标语法点,1,0.9959461092948914,0,candidate:连动结构候选;family:多谓词/论元结构
2027,ASGD-2027-2517,eb5dc089abf4ca03,补语结构,趋向补语候选,是目标语法点,是目标语法点,1,0.9971966743469238,0,candidate:趋向补语候选;family:补语结构
2027,ASGD-2027-2523,a2df9d40c59e94b0,补语结构,得字补语候选,不是目标语法点,不是目标语法点,1,0.9982095956802368,0,candidate:得字补语候选;family:补语结构;rule:KG-RULE-V02-0047;rule:KG-RULE-V02-0049;source:REF-GF0025-2021;source:REF-GRAMMAR-MANUAL-ADV;source:REF-GRAMMAR-MANUAL-ELEM;source:REF-GRAMMAR-MANUAL-INTER;source:REF-HUANG-LIAO-MODERN-CHINESE;source:REF-LIU-PRACTICAL-GRAMMAR
2027,ASGD-2027-2534,4e98619fecb8d1ac,时间/处所功能结构,处所状语候选,是目标语法点,是目标语法点,1,0.9604433178901672,1,candidate:处所状语候选;family:时间/处所功能结构;rule:KG-RULE-V02-0039;rule:KG-RULE-V02-0040;rule:KG-RULE-V02-0041;rule:KG-RULE-V02-0044;source:REF-GF0025-2021;source:REF-GRAMMAR-MANUAL-ELEM;source:REF-GRAMMAR-MANUAL-INTER;source:REF-HUANG-LIAO-MODERN-CHINESE
2027,ASGD-2027-2537,bff76a2456dc14e5,复句关联结构,一边...一边候选,是目标语法点,是目标语法点,1,0.9970340728759766,0,candidate:一边...一边候选;family:复句关联结构
2027,ASGD-2027-2549,bbbd003bc6edaf71,介词/框架结构,对字介词框架候选,是目标语法点,是目标语法点,1,0.9975148439407349,0,candidate:对字介词框架候选;family:介词/框架结构;rule:KG-RULE-V02-0115;rule:KG-RULE-V02-0116;rule:KG-RULE-V02-0117;source:REF-GF0025-2021;source:REF-GRAMMAR-MANUAL-ADV;source:REF-GRAMMAR-MANUAL-ELEM;source:REF-GRAMMAR-MANUAL-INTER;source:REF-HUANG-LIAO-MODERN-CHINESE;source:REF-LU-TCSL-GRAMMAR
2027,ASGD-2027-2558,01d66681bfb523cd,时间/处所功能结构,时间状语候选,是目标语法点,是目标语法点,1,0.9976773858070374,0,candidate:时间状语候选;family:时间/处所功能结构;rule:KG-RULE-V02-0030;rule:KG-RULE-V02-0031;rule:KG-RULE-V02-0032;source:REF-GF0025-2021;source:REF-GRAMMAR-MANUAL-ADV;source:REF-GRAMMAR-MANUAL-ELEM;source:REF-GRAMMAR-MANUAL-INTER;source:REF-HUANG-LIAO-MODERN-CHINESE
2027,ASGD-2027-2559,0a1c386014d81421,比较构式,没有比较候选,不是目标语法点,不是目标语法点,1,0.9988980293273926,0,candidate:没有比较候选;family:比较构式;rule:KG-RULE-V02-0059;rule:KG-RULE-V02-0060;rule:KG-RULE-V02-0061;source:REF-GF0025-2021;source:REF-GRAMMAR-MANUAL-ADV;source:REF-GRAMMAR-MANUAL-ELEM;source:REF-GRAMMAR-MANUAL-INTER;source:REF-LIU-PRACTICAL-GRAMMAR
2027,ASGD-2027-2560,52970933ebe16b81,被动/受事凸显构式,被字句候选,是目标语法点,是目标语法点,1,0.9972406625747681,0,candidate:被字句候选;family:被动/受事凸显构式;rule:KG-RULE-V02-0022;rule:KG-RULE-V02-0024;source:REF-GF0025-2021;source:REF-GRAMMAR-MANUAL-ADV;source:REF-GRAMMAR-MANUAL-ELEM;source:REF-GRAMMAR-MANUAL-INTER;source:REF-LIU-PRACTICAL-GRAMMAR;source:REF-LU-TCSL-GRAMMAR
2027,ASGD-2027-2562,ee2a8ee2c887d006,介词/框架结构,给/为/关于等介词框架候选,是目标语法点,是目标语法点,1,0.9977110624313354,0,candidate:给/为/关于等介词框架候选;family:介词/框架结构;rule:KG-RULE-V02-0135;rule:KG-RULE-V02-0136;rule:KG-RULE-V02-0137;source:REF-GF0025-2021;source:REF-GRAMMAR-MANUAL-ADV;source:REF-GRAMMAR-MANUAL-ELEM;source:REF-GRAMMAR-MANUAL-INTER;source:REF-HUANG-LIAO-MODERN-CHINESE;source:REF-LU-TCSL-GRAMMAR
2027,ASGD-2027-2567,5b9923cc473afb81,时间/处所功能结构,处所状语候选,不是目标语法点,不是目标语法点,1,0.9976193308830261,0,candidate:处所状语候选;family:时间/处所功能结构;rule:KG-RULE-V02-0042;source:REF-GF0025-2021;source:REF-GRAMMAR-MANUAL-ELEM;source:REF-GRAMMAR-MANUAL-INTER;source:REF-HUANG-LIAO-MODERN-CHINESE
2027,ASGD-2027-2569,149797fcf9ac68f2,多谓词/论元结构,双宾/给予结构候选,不是目标语法点,是目标语法点,0,0.6625983715057373,0,candidate:双宾/给予结构候选;family:多谓词/论元结构
2027,ASGD-2027-2570,3db3fe3a4aff9643,补语结构,数量/时量补语候选,是目标语法点,是目标语法点,1,0.9965006113052368,0,candidate:数量/时量补语候选;family:补语结构
2027,ASGD-2027-2572,c6a9ebc665228947,时间/处所功能结构,时间状语候选,是目标语法点,是目标语法点,1,0.9975576400756836,0,candidate:时间状语候选;family:时间/处所功能结构;rule:KG-RULE-V02-0030;rule:KG-RULE-V02-0031;rule:KG-RULE-V02-0032;source:REF-GF0025-2021;source:REF-GRAMMAR-MANUAL-ADV;source:REF-GRAMMAR-MANUAL-ELEM;source:REF-GRAMMAR-MANUAL-INTER;source:REF-HUANG-LIAO-MODERN-CHINESE
2027,ASGD-2027-2575,472bb4e5244be08c,介词/框架结构,向/往/朝介词框架候选,是目标语法点,是目标语法点,1,0.9974714517593384,0,candidate:向/往/朝介词框架候选;family:介词/框架结构;rule:KG-RULE-V02-0125;rule:KG-RULE-V02-0126;rule:KG-RULE-V02-0127;source:REF-GF0025-2021;source:REF-GRAMMAR-MANUAL-ADV;source:REF-GRAMMAR-MANUAL-ELEM;source:REF-GRAMMAR-MANUAL-INTER;source:REF-HUANG-LIAO-MODERN-CHINESE;source:REF-LU-TCSL-GRAMMAR
2027,ASGD-2027-2577,76eeef3b267d5dd6,时间/处所功能结构,时间状语候选,是目标语法点,是目标语法点,1,0.9977432489395142,0,candidate:时间状语候选;family:时间/处所功能结构;rule:KG-RULE-V02-0033;source:REF-GF0025-2021;source:REF-GRAMMAR-MANUAL-ADV;source:REF-GRAMMAR-MANUAL-ELEM;source:REF-GRAMMAR-MANUAL-INTER;source:REF-HUANG-LIAO-MODERN-CHINESE
2027,ASGD-2027-2585,fb0337f2b091b690,比较构式,没有比较候选,是目标语法点,不是目标语法点,0,0.9977561831474304,0,candidate:没有比较候选;family:比较构式;rule:KG-RULE-V02-0059;rule:KG-RULE-V02-0060;rule:KG-RULE-V02-0061;source:REF-GF0025-2021;source:REF-GRAMMAR-MANUAL-ADV;source:REF-GRAMMAR-MANUAL-ELEM;source:REF-GRAMMAR-MANUAL-INTER;source:REF-LIU-PRACTICAL-GRAMMAR
2027,ASGD-2027-2589,5467afa892e07097,补语结构,结果补语候选,是目标语法点,是目标语法点,1,0.997492790222168,0,candidate:结果补语候选;family:补语结构
2027,ASGD-2027-2591,3cf24691e8bb2234,多谓词/论元结构,双宾/给予结构候选,是目标语法点,是目标语法点,1,0.9960953593254089,0,candidate:双宾/给予结构候选;family:多谓词/论元结构
2027,ASGD-2027-2600,5d7938bde8faaa1a,补语结构,可能补语候选,是目标语法点,是目标语法点,1,0.9976122379302979,0,candidate:可能补语候选;family:补语结构
2027,ASGD-2027-2607,1e8048c738db482e,介词/框架结构,对字介词框架候选,是目标语法点,是目标语法点,1,0.9976223111152649,0,candidate:对字介词框架候选;family:介词/框架结构;rule:KG-RULE-V02-0115;rule:KG-RULE-V02-0116;rule:KG-RULE-V02-0117;source:REF-GF0025-2021;source:REF-GRAMMAR-MANUAL-ADV;source:REF-GRAMMAR-MANUAL-ELEM;source:REF-GRAMMAR-MANUAL-INTER;source:REF-HUANG-LIAO-MODERN-CHINESE;source:REF-LU-TCSL-GRAMMAR
2027,ASGD-2027-2610,c265c6172c169524,处置/受事重组构式,把字句候选,是目标语法点,是目标语法点,1,0.9974601864814758,0,candidate:把字句候选;family:处置/受事重组构式;rule:KG-RULE-V02-0001;rule:KG-RULE-V02-0002;rule:KG-RULE-V02-0003;source:REF-GF0025-2021;source:REF-GRAMMAR-MANUAL-ELEM;source:REF-GRAMMAR-MANUAL-INTER;source:REF-LIU-PRACTICAL-GRAMMAR;source:REF-LU-TCSL-GRAMMAR
2027,ASGD-2027-2628,021218ff60458519,比较构式,比字比较候选,是目标语法点,是目标语法点,1,0.9972310662269592,0,candidate:比字比较候选;family:比较构式;rule:KG-RULE-V02-0053;rule:KG-RULE-V02-0054;source:REF-GF0025-2021;source:REF-GRAMMAR-MANUAL-ADV;source:REF-GRAMMAR-MANUAL-ELEM;source:REF-GRAMMAR-MANUAL-INTER;source:REF-LIU-PRACTICAL-GRAMMAR
2027,ASGD-2027-2629,056d5d7e6bac03ea,复句关联结构,但是候选,是目标语法点,是目标语法点,1,0.9975011944770813,0,candidate:但是候选;family:复句关联结构
2027,ASGD-2027-2636,88dfd3a0f63e1db1,时间/处所功能结构,处所状语候选,是目标语法点,不是目标语法点,0,0.9968986511230469,0,candidate:处所状语候选;family:时间/处所功能结构;rule:KG-RULE-V02-0039;rule:KG-RULE-V02-0040;rule:KG-RULE-V02-0041;source:REF-GF0025-2021;source:REF-GRAMMAR-MANUAL-ELEM;source:REF-GRAMMAR-MANUAL-INTER;source:REF-HUANG-LIAO-MODERN-CHINESE
2027,ASGD-2027-2638,b36162723b789a87,处置/受事重组构式,把字句候选,是目标语法点,是目标语法点,1,0.9972513318061829,0,candidate:把字句候选;family:处置/受事重组构式;rule:KG-RULE-V02-0001;rule:KG-RULE-V02-0002;rule:KG-RULE-V02-0003;source:REF-GF0025-2021;source:REF-GRAMMAR-MANUAL-ELEM;source:REF-GRAMMAR-MANUAL-INTER;source:REF-LIU-PRACTICAL-GRAMMAR;source:REF-LU-TCSL-GRAMMAR
2027,ASGD-2027-2639,c5931d50cfee5b74,介词/框架结构,给/为/关于等介词框架候选,是目标语法点,是目标语法点,1,0.9977052807807922,0,candidate:给/为/关于等介词框架候选;family:介词/框架结构;rule:KG-RULE-V02-0138;source:REF-GF0025-2021;source:REF-GRAMMAR-MANUAL-ADV;source:REF-GRAMMAR-MANUAL-ELEM;source:REF-GRAMMAR-MANUAL-INTER;source:REF-HUANG-LIAO-MODERN-CHINESE;source:REF-LU-TCSL-GRAMMAR
2027,ASGD-2027-2649,5d32ac7e794d6918,介词/框架结构,从字介词框架候选,是目标语法点,是目标语法点,1,0.9976605176925659,0,candidate:从字介词框架候选;family:介词/框架结构;rule:KG-RULE-V02-0109;rule:KG-RULE-V02-0110;source:REF-GF0025-2021;source:REF-GRAMMAR-MANUAL-ADV;source:REF-GRAMMAR-MANUAL-ELEM;source:REF-GRAMMAR-MANUAL-INTER;source:REF-HUANG-LIAO-MODERN-CHINESE;source:REF-LU-TCSL-GRAMMAR
2027,ASGD-2027-2651,ba2275eefcaacdaf,介词/框架结构,对字介词框架候选,不是目标语法点,不是目标语法点,1,0.5571938753128052,0,candidate:对字介词框架候选;family:介词/框架结构;rule:KG-RULE-V02-0115;rule:KG-RULE-V02-0116;rule:KG-RULE-V02-0117;source:REF-GF0025-2021;source:REF-GRAMMAR-MANUAL-ADV;source:REF-GRAMMAR-MANUAL-ELEM;source:REF-GRAMMAR-MANUAL-INTER;source:REF-HUANG-LIAO-MODERN-CHINESE;source:REF-LU-TCSL-GRAMMAR
2027,ASGD-2027-2657,5b164ea6dc28a308,补语结构,数量/时量补语候选,是目标语法点,是目标语法点,1,0.9975512623786926,0,candidate:数量/时量补语候选;family:补语结构
2027,ASGD-2027-2659,55cec2b214bce3c9,时间/处所功能结构,处所状语候选,不是目标语法点,是目标语法点,0,0.9603474140167236,0,candidate:处所状语候选;family:时间/处所功能结构;rule:KG-RULE-V02-0042;source:REF-GF0025-2021;source:REF-GRAMMAR-MANUAL-ELEM;source:REF-GRAMMAR-MANUAL-INTER;source:REF-HUANG-LIAO-MODERN-CHINESE
2027,ASGD-2027-2663,d8d32fa5133df9ad,介词/框架结构,在字介词框架候选,是目标语法点,是目标语法点,1,0.98309326171875,0,candidate:在字介词框架候选;family:介词/框架结构;rule:KG-RULE-V02-0099;rule:KG-RULE-V02-0100;rule:KG-RULE-V02-0101;source:REF-GF0025-2021;source:REF-GRAMMAR-MANUAL-ADV;source:REF-GRAMMAR-MANUAL-ELEM;source:REF-GRAMMAR-MANUAL-INTER;source:REF-HUANG-LIAO-MODERN-CHINESE;source:REF-LU-TCSL-GRAMMAR
2027,ASGD-2027-2671,967ae64f13887ea6,比较构式,没有比较候选,不是目标语法点,不是目标语法点,1,0.9990992546081543,0,candidate:没有比较候选;family:比较构式;rule:KG-RULE-V02-0059;rule:KG-RULE-V02-0060;rule:KG-RULE-V02-0061;source:REF-GF0025-2021;source:REF-GRAMMAR-MANUAL-ADV;source:REF-GRAMMAR-MANUAL-ELEM;source:REF-GRAMMAR-MANUAL-INTER;source:REF-LIU-PRACTICAL-GRAMMAR
2027,ASGD-2027-2679,48a68204638b3859,时间/处所功能结构,时间状语候选,是目标语法点,是目标语法点,1,0.9978679418563843,0,candidate:时间状语候选;family:时间/处所功能结构;rule:KG-RULE-V02-0030;rule:KG-RULE-V02-0031;rule:KG-RULE-V02-0032;source:REF-GF0025-2021;source:REF-GRAMMAR-MANUAL-ADV;source:REF-GRAMMAR-MANUAL-ELEM;source:REF-GRAMMAR-MANUAL-INTER;source:REF-HUANG-LIAO-MODERN-CHINESE
2027,ASGD-2027-2685,07e9427db34da997,介词/框架结构,在字介词框架候选,是目标语法点,是目标语法点,1,0.9975302815437317,0,candidate:在字介词框架候选;family:介词/框架结构;rule:KG-RULE-V02-0099;rule:KG-RULE-V02-0100;rule:KG-RULE-V02-0101;source:REF-GF0025-2021;source:REF-GRAMMAR-MANUAL-ADV;source:REF-GRAMMAR-MANUAL-ELEM;source:REF-GRAMMAR-MANUAL-INTER;source:REF-HUANG-LIAO-MODERN-CHINESE;source:REF-LU-TCSL-GRAMMAR
2027,ASGD-2027-2687,e60164095510407c,时间/处所功能结构,时间状语候选,是目标语法点,是目标语法点,1,0.9977681636810303,0,candidate:时间状语候选;family:时间/处所功能结构;rule:KG-RULE-V02-0030;rule:KG-RULE-V02-0031;rule:KG-RULE-V02-0032;source:REF-GF0025-2021;source:REF-GRAMMAR-MANUAL-ADV;source:REF-GRAMMAR-MANUAL-ELEM;source:REF-GRAMMAR-MANUAL-INTER;source:REF-HUANG-LIAO-MODERN-CHINESE
2027,ASGD-2027-2698,a45eeb1c46cb01e5,时间/处所功能结构,时间状语候选,是目标语法点,是目标语法点,1,0.9976009726524353,0,candidate:时间状语候选;family:时间/处所功能结构;rule:KG-RULE-V02-0030;rule:KG-RULE-V02-0031;rule:KG-RULE-V02-0032;source:REF-GF0025-2021;source:REF-GRAMMAR-MANUAL-ADV;source:REF-GRAMMAR-MANUAL-ELEM;source:REF-GRAMMAR-MANUAL-INTER;source:REF-HUANG-LIAO-MODERN-CHINESE
2027,ASGD-2027-2701,ca0f5b7163724646,比较构式,没有比较候选,不是目标语法点,不是目标语法点,1,0.9987190961837769,0,candidate:没有比较候选;family:比较构式;rule:KG-RULE-V02-0059;rule:KG-RULE-V02-0060;rule:KG-RULE-V02-0061;source:REF-GF0025-2021;source:REF-GRAMMAR-MANUAL-ADV;source:REF-GRAMMAR-MANUAL-ELEM;source:REF-GRAMMAR-MANUAL-INTER;source:REF-LIU-PRACTICAL-GRAMMAR
2027,ASGD-2027-2709,431fab2b5d227f36,补语结构,数量/时量补语候选,是目标语法点,是目标语法点,1,0.9969063401222229,0,candidate:数量/时量补语候选;family:补语结构
2027,ASGD-2027-2721,7d0054e79160821d,补语结构,得字补语候选,是目标语法点,是目标语法点,1,0.9962214231491089,0,candidate:得字补语候选;family:补语结构;rule:KG-RULE-V02-0047;rule:KG-RULE-V02-0048;source:REF-GF0025-2021;source:REF-GRAMMAR-MANUAL-ADV;source:REF-GRAMMAR-MANUAL-ELEM;source:REF-GRAMMAR-MANUAL-INTER;source:REF-HUANG-LIAO-MODERN-CHINESE;source:REF-LIU-PRACTICAL-GRAMMAR
2027,ASGD-2027-2725,1418c942fe505a11,处置/受事重组构式,把字句候选,是目标语法点,是目标语法点,1,0.9958343505859375,0,candidate:把字句候选;family:处置/受事重组构式;rule:KG-RULE-V02-0001;rule:KG-RULE-V02-0002;rule:KG-RULE-V02-0003;source:REF-GF0025-2021;source:REF-GRAMMAR-MANUAL-ELEM;source:REF-GRAMMAR-MANUAL-INTER;source:REF-LIU-PRACTICAL-GRAMMAR;source:REF-LU-TCSL-GRAMMAR
2027,ASGD-2027-2730,92f2b9db65c4036d,时间/处所功能结构,时间状语候选,是目标语法点,是目标语法点,1,0.9979378581047058,0,candidate:时间状语候选;family:时间/处所功能结构;rule:KG-RULE-V02-0033;source:REF-GF0025-2021;source:REF-GRAMMAR-MANUAL-ADV;source:REF-GRAMMAR-MANUAL-ELEM;source:REF-GRAMMAR-MANUAL-INTER;source:REF-HUANG-LIAO-MODERN-CHINESE
2027,ASGD-2027-2735,d9c1b1a915587bcc,复句关联结构,但是候选,是目标语法点,是目标语法点,1,0.9976250529289246,0,candidate:但是候选;family:复句关联结构
2027,ASGD-2027-2739,2d9f0a27361fa016,时间/处所功能结构,处所状语候选,不是目标语法点,是目标语法点,0,0.987386167049408,1,candidate:处所状语候选;family:时间/处所功能结构;rule:KG-RULE-V02-0039;rule:KG-RULE-V02-0040;rule:KG-RULE-V02-0041;rule:KG-RULE-V02-0044;source:REF-GF0025-2021;source:REF-GRAMMAR-MANUAL-ELEM;source:REF-GRAMMAR-MANUAL-INTER;source:REF-HUANG-LIAO-MODERN-CHINESE
2027,ASGD-2027-2746,5040ffbb722bfece,介词/框架结构,给/为/关于等介词框架候选,不是目标语法点,不是目标语法点,1,0.9922395944595337,0,candidate:给/为/关于等介词框架候选;family:介词/框架结构;rule:KG-RULE-V02-0135;rule:KG-RULE-V02-0136;rule:KG-RULE-V02-0137;source:REF-GF0025-2021;source:REF-GRAMMAR-MANUAL-ADV;source:REF-GRAMMAR-MANUAL-ELEM;source:REF-GRAMMAR-MANUAL-INTER;source:REF-HUANG-LIAO-MODERN-CHINESE;source:REF-LU-TCSL-GRAMMAR
2027,ASGD-2027-2747,e83fd5d0fcd7f07c,介词/框架结构,向/往/朝介词框架候选,是目标语法点,是目标语法点,1,0.9967977404594421,0,candidate:向/往/朝介词框架候选;family:介词/框架结构;rule:KG-RULE-V02-0125;rule:KG-RULE-V02-0126;rule:KG-RULE-V02-0127;source:REF-GF0025-2021;source:REF-GRAMMAR-MANUAL-ADV;source:REF-GRAMMAR-MANUAL-ELEM;source:REF-GRAMMAR-MANUAL-INTER;source:REF-HUANG-LIAO-MODERN-CHINESE;source:REF-LU-TCSL-GRAMMAR
2027,ASGD-2027-2749,5f1b8e68c3739a2c,处置/受事重组构式,把字句候选,是目标语法点,是目标语法点,1,0.9972959160804749,0,candidate:把字句候选;family:处置/受事重组构式;rule:KG-RULE-V02-0001;rule:KG-RULE-V02-0002;rule:KG-RULE-V02-0003;source:REF-GF0025-2021;source:REF-GRAMMAR-MANUAL-ELEM;source:REF-GRAMMAR-MANUAL-INTER;source:REF-LIU-PRACTICAL-GRAMMAR;source:REF-LU-TCSL-GRAMMAR
2027,ASGD-2027-2755,0ae2ffb9bc32cde5,比较构式,比字比较候选,是目标语法点,是目标语法点,1,0.99615877866745,0,candidate:比字比较候选;family:比较构式;rule:KG-RULE-V02-0053;rule:KG-RULE-V02-0054;source:REF-GF0025-2021;source:REF-GRAMMAR-MANUAL-ADV;source:REF-GRAMMAR-MANUAL-ELEM;source:REF-GRAMMAR-MANUAL-INTER;source:REF-LIU-PRACTICAL-GRAMMAR
2027,ASGD-2027-2763,3542e59abd7b0354,多谓词/论元结构,连动结构候选,是目标语法点,是目标语法点,1,0.995736837387085,0,candidate:连动结构候选;family:多谓词/论元结构
2027,ASGD-2027-2769,b6d3be21e2fc4c31,被动/受事凸显构式,被字句候选,是目标语法点,是目标语法点,1,0.9976146221160889,0,candidate:被字句候选;family:被动/受事凸显构式;rule:KG-RULE-V02-0022;rule:KG-RULE-V02-0024;source:REF-GF0025-2021;source:REF-GRAMMAR-MANUAL-ADV;source:REF-GRAMMAR-MANUAL-ELEM;source:REF-GRAMMAR-MANUAL-INTER;source:REF-LIU-PRACTICAL-GRAMMAR;source:REF-LU-TCSL-GRAMMAR
2027,ASGD-2027-2782,ec4b1f0c308b61e6,介词/框架结构,给/为/关于等介词框架候选,是目标语法点,是目标语法点,1,0.9976968169212341,0,candidate:给/为/关于等介词框架候选;family:介词/框架结构;rule:KG-RULE-V02-0138;source:REF-GF0025-2021;source:REF-GRAMMAR-MANUAL-ADV;source:REF-GRAMMAR-MANUAL-ELEM;source:REF-GRAMMAR-MANUAL-INTER;source:REF-HUANG-LIAO-MODERN-CHINESE;source:REF-LU-TCSL-GRAMMAR
2027,ASGD-2027-2789,309e8a61f1bcd0a9,被动/受事凸显构式,被字句候选,是目标语法点,是目标语法点,1,0.9964008331298828,0,candidate:被字句候选;family:被动/受事凸显构式;rule:KG-RULE-V02-0022;rule:KG-RULE-V02-0024;source:REF-GF0025-2021;source:REF-GRAMMAR-MANUAL-ADV;source:REF-GRAMMAR-MANUAL-ELEM;source:REF-GRAMMAR-MANUAL-INTER;source:REF-LIU-PRACTICAL-GRAMMAR;source:REF-LU-TCSL-GRAMMAR
2027,ASGD-2027-2797,6cdb2c3cad0548df,多谓词/论元结构,双宾/给予结构候选,是目标语法点,是目标语法点,1,0.9961135387420654,0,candidate:双宾/给予结构候选;family:多谓词/论元结构
2027,ASGD-2027-2799,f88473a47afbdf4a,处置/受事重组构式,把字句候选,是目标语法点,是目标语法点,1,0.9967778325080872,0,candidate:把字句候选;family:处置/受事重组构式;rule:KG-RULE-V02-0001;rule:KG-RULE-V02-0002;rule:KG-RULE-V02-0003;source:REF-GF0025-2021;source:REF-GRAMMAR-MANUAL-ELEM;source:REF-GRAMMAR-MANUAL-INTER;source:REF-LIU-PRACTICAL-GRAMMAR;source:REF-LU-TCSL-GRAMMAR
2027,ASGD-2027-2800,0feaaba58e9e238b,处置/受事重组构式,把字句候选,是目标语法点,是目标语法点,1,0.9970226883888245,0,candidate:把字句候选;family:处置/受事重组构式;rule:KG-RULE-V02-0001;rule:KG-RULE-V02-0002;rule:KG-RULE-V02-0003;source:REF-GF0025-2021;source:REF-GRAMMAR-MANUAL-ELEM;source:REF-GRAMMAR-MANUAL-INTER;source:REF-LIU-PRACTICAL-GRAMMAR;source:REF-LU-TCSL-GRAMMAR
2027,ASGD-2027-2809,bf0c7fe9d62a6c8c,介词/框架结构,在字介词框架候选,是目标语法点,是目标语法点,1,0.9975448250770569,0,candidate:在字介词框架候选;family:介词/框架结构;rule:KG-RULE-V02-0099;rule:KG-RULE-V02-0100;rule:KG-RULE-V02-0101;source:REF-GF0025-2021;source:REF-GRAMMAR-MANUAL-ADV;source:REF-GRAMMAR-MANUAL-ELEM;source:REF-GRAMMAR-MANUAL-INTER;source:REF-HUANG-LIAO-MODERN-CHINESE;source:REF-LU-TCSL-GRAMMAR
2027,ASGD-2027-2810,f9250b72abb3267a,介词/框架结构,从字介词框架候选,是目标语法点,是目标语法点,1,0.9975048899650574,0,candidate:从字介词框架候选;family:介词/框架结构;rule:KG-RULE-V02-0109;rule:KG-RULE-V02-0110;source:REF-GF0025-2021;source:REF-GRAMMAR-MANUAL-ADV;source:REF-GRAMMAR-MANUAL-ELEM;source:REF-GRAMMAR-MANUAL-INTER;source:REF-HUANG-LIAO-MODERN-CHINESE;source:REF-LU-TCSL-GRAMMAR
2027,ASGD-2027-2811,e591a5caeb3d97fb,多谓词/论元结构,双宾/给予结构候选,是目标语法点,是目标语法点,1,0.9961439371109009,0,candidate:双宾/给予结构候选;family:多谓词/论元结构
2027,ASGD-2027-2816,9821c33d801acb43,补语结构,趋向补语候选,是目标语法点,是目标语法点,1,0.9954522252082825,0,candidate:趋向补语候选;family:补语结构
2027,ASGD-2027-2822,c4fe6e0550b8d292,被动/受事凸显构式,被字句候选,是目标语法点,是目标语法点,1,0.9977189898490906,0,candidate:被字句候选;family:被动/受事凸显构式;rule:KG-RULE-V02-0022;rule:KG-RULE-V02-0024;source:REF-GF0025-2021;source:REF-GRAMMAR-MANUAL-ADV;source:REF-GRAMMAR-MANUAL-ELEM;source:REF-GRAMMAR-MANUAL-INTER;source:REF-LIU-PRACTICAL-GRAMMAR;source:REF-LU-TCSL-GRAMMAR
2027,ASGD-2027-2835,f4cd2544a923dd64,补语结构,数量/时量补语候选,是目标语法点,是目标语法点,1,0.9969668984413147,0,candidate:数量/时量补语候选;family:补语结构
2027,ASGD-2027-2839,c2c8b6854425be10,补语结构,趋向补语候选,是目标语法点,是目标语法点,1,0.9959971904754639,0,candidate:趋向补语候选;family:补语结构
2027,ASGD-2027-2845,380089c2f0feea17,复句关联结构,因为候选,是目标语法点,是目标语法点,1,0.9977838397026062,0,candidate:因为候选;family:复句关联结构
2027,ASGD-2027-2850,48a68204638b3859,时间/处所功能结构,时间状语候选,是目标语法点,是目标语法点,1,0.9978784322738647,0,candidate:时间状语候选;family:时间/处所功能结构;rule:KG-RULE-V02-0030;rule:KG-RULE-V02-0031;rule:KG-RULE-V02-0032;source:REF-GF0025-2021;source:REF-GRAMMAR-MANUAL-ADV;source:REF-GRAMMAR-MANUAL-ELEM;source:REF-GRAMMAR-MANUAL-INTER;source:REF-HUANG-LIAO-MODERN-CHINESE
2027,ASGD-2027-2859,e64af760fdd14b6b,介词/框架结构,在字介词框架候选,是目标语法点,是目标语法点,1,0.9971979856491089,0,candidate:在字介词框架候选;family:介词/框架结构;rule:KG-RULE-V02-0099;rule:KG-RULE-V02-0100;rule:KG-RULE-V02-0101;source:REF-GF0025-2021;source:REF-GRAMMAR-MANUAL-ADV;source:REF-GRAMMAR-MANUAL-ELEM;source:REF-GRAMMAR-MANUAL-INTER;source:REF-HUANG-LIAO-MODERN-CHINESE;source:REF-LU-TCSL-GRAMMAR
2027,ASGD-2027-2864,e13928cecb5cd99d,时间/处所功能结构,时间状语候选,是目标语法点,是目标语法点,1,0.9980031847953796,0,candidate:时间状语候选;family:时间/处所功能结构;rule:KG-RULE-V02-0033;source:REF-GF0025-2021;source:REF-GRAMMAR-MANUAL-ADV;source:REF-GRAMMAR-MANUAL-ELEM;source:REF-GRAMMAR-MANUAL-INTER;source:REF-HUANG-LIAO-MODERN-CHINESE
2027,ASGD-2027-2865,39ccb4e58c3dd4a7,比较构式,没有比较候选,不是目标语法点,不是目标语法点,1,0.9989402890205383,0,candidate:没有比较候选;family:比较构式;rule:KG-RULE-V02-0059;rule:KG-RULE-V02-0060;rule:KG-RULE-V02-0061;source:REF-GF0025-2021;source:REF-GRAMMAR-MANUAL-ADV;source:REF-GRAMMAR-MANUAL-ELEM;source:REF-GRAMMAR-MANUAL-INTER;source:REF-LIU-PRACTICAL-GRAMMAR
2027,ASGD-2027-2869,5335a1c321a27cf8,时间/处所功能结构,处所状语候选,是目标语法点,是目标语法点,1,0.9951776266098022,0,candidate:处所状语候选;family:时间/处所功能结构;rule:KG-RULE-V02-0039;rule:KG-RULE-V02-0040;rule:KG-RULE-V02-0041;source:REF-GF0025-2021;source:REF-GRAMMAR-MANUAL-ELEM;source:REF-GRAMMAR-MANUAL-INTER;source:REF-HUANG-LIAO-MODERN-CHINESE
2027,ASGD-2027-2874,e06574d72a964a02,介词/框架结构,在字介词框架候选,是目标语法点,是目标语法点,1,0.9975700974464417,0,candidate:在字介词框架候选;family:介词/框架结构;rule:KG-RULE-V02-0099;rule:KG-RULE-V02-0100;rule:KG-RULE-V02-0101;source:REF-GF0025-2021;source:REF-GRAMMAR-MANUAL-ADV;source:REF-GRAMMAR-MANUAL-ELEM;source:REF-GRAMMAR-MANUAL-INTER;source:REF-HUANG-LIAO-MODERN-CHINESE;source:REF-LU-TCSL-GRAMMAR
2027,ASGD-2027-2875,472ed713104440b6,复句关联结构,因为候选,是目标语法点,是目标语法点,1,0.9977541565895081,0,candidate:因为候选;family:复句关联结构
2027,ASGD-2027-2878,c4bea75030c458de,补语结构,数量/时量补语候选,是目标语法点,是目标语法点,1,0.9974083304405212,0,candidate:数量/时量补语候选;family:补语结构
2027,ASGD-2027-2881,885ba8fcbede835d,处置/受事重组构式,把字句候选,是目标语法点,是目标语法点,1,0.9964730143547058,0,candidate:把字句候选;family:处置/受事重组构式;rule:KG-RULE-V02-0001;rule:KG-RULE-V02-0002;rule:KG-RULE-V02-0003;source:REF-GF0025-2021;source:REF-GRAMMAR-MANUAL-ELEM;source:REF-GRAMMAR-MANUAL-INTER;source:REF-LIU-PRACTICAL-GRAMMAR;source:REF-LU-TCSL-GRAMMAR
2027,ASGD-2027-2886,5448924cef4b0dd2,介词/框架结构,在字介词框架候选,是目标语法点,是目标语法点,1,0.9973809123039246,0,candidate:在字介词框架候选;family:介词/框架结构;rule:KG-RULE-V02-0099;rule:KG-RULE-V02-0100;rule:KG-RULE-V02-0101;source:REF-GF0025-2021;source:REF-GRAMMAR-MANUAL-ADV;source:REF-GRAMMAR-MANUAL-ELEM;source:REF-GRAMMAR-MANUAL-INTER;source:REF-HUANG-LIAO-MODERN-CHINESE;source:REF-LU-TCSL-GRAMMAR
2027,ASGD-2027-2888,c2f35063a9b44b1d,处置/受事重组构式,把字句候选,是目标语法点,是目标语法点,1,0.9973672032356262,0,candidate:把字句候选;family:处置/受事重组构式;rule:KG-RULE-V02-0001;rule:KG-RULE-V02-0002;rule:KG-RULE-V02-0003;source:REF-GF0025-2021;source:REF-GRAMMAR-MANUAL-ELEM;source:REF-GRAMMAR-MANUAL-INTER;source:REF-LIU-PRACTICAL-GRAMMAR;source:REF-LU-TCSL-GRAMMAR
2027,ASGD-2027-2891,519dbf7f92a70744,被动/受事凸显构式,被字句候选,是目标语法点,是目标语法点,1,0.9966440200805664,0,candidate:被字句候选;family:被动/受事凸显构式;rule:KG-RULE-V02-0022;rule:KG-RULE-V02-0024;source:REF-GF0025-2021;source:REF-GRAMMAR-MANUAL-ADV;source:REF-GRAMMAR-MANUAL-ELEM;source:REF-GRAMMAR-MANUAL-INTER;source:REF-LIU-PRACTICAL-GRAMMAR;source:REF-LU-TCSL-GRAMMAR
2027,ASGD-2027-2897,ddd57d7b800314cd,时间/处所功能结构,时间状语候选,是目标语法点,是目标语法点,1,0.996912956237793,0,candidate:时间状语候选;family:时间/处所功能结构;rule:KG-RULE-V02-0033;source:REF-GF0025-2021;source:REF-GRAMMAR-MANUAL-ADV;source:REF-GRAMMAR-MANUAL-ELEM;source:REF-GRAMMAR-MANUAL-INTER;source:REF-HUANG-LIAO-MODERN-CHINESE
2027,ASGD-2027-2903,398bd46a6f624f31,比较构式,比字比较候选,是目标语法点,是目标语法点,1,0.9960874319076538,0,candidate:比字比较候选;family:比较构式;rule:KG-RULE-V02-0053;rule:KG-RULE-V02-0054;source:REF-GF0025-2021;source:REF-GRAMMAR-MANUAL-ADV;source:REF-GRAMMAR-MANUAL-ELEM;source:REF-GRAMMAR-MANUAL-INTER;source:REF-LIU-PRACTICAL-GRAMMAR
2027,ASGD-2027-2907,bd291c5f5d675d6b,比较构式,一样比较候选,是目标语法点,是目标语法点,1,0.9972284436225891,0,candidate:一样比较候选;family:比较构式;rule:KG-RULE-V02-0089;rule:KG-RULE-V02-0090;rule:KG-RULE-V02-0091;source:REF-GF0025-2021;source:REF-GRAMMAR-MANUAL-ADV;source:REF-GRAMMAR-MANUAL-ELEM;source:REF-GRAMMAR-MANUAL-INTER;source:REF-LIU-PRACTICAL-GRAMMAR
2027,ASGD-2027-2910,f9ee913947c15eea,补语结构,趋向补语候选,是目标语法点,是目标语法点,1,0.9954105019569397,0,candidate:趋向补语候选;family:补语结构
2027,ASGD-2027-2915,f60337a5cc228d92,介词/框架结构,对字介词框架候选,不是目标语法点,不是目标语法点,1,0.9946438074111938,0,candidate:对字介词框架候选;family:介词/框架结构;rule:KG-RULE-V02-0115;rule:KG-RULE-V02-0116;rule:KG-RULE-V02-0117;source:REF-GF0025-2021;source:REF-GRAMMAR-MANUAL-ADV;source:REF-GRAMMAR-MANUAL-ELEM;source:REF-GRAMMAR-MANUAL-INTER;source:REF-HUANG-LIAO-MODERN-CHINESE;source:REF-LU-TCSL-GRAMMAR
2027,ASGD-2027-2916,9882f937eb59e15c,补语结构,数量/时量补语候选,是目标语法点,是目标语法点,1,0.9972688555717468,0,candidate:数量/时量补语候选;family:补语结构
2027,ASGD-2027-2922,17df95bf9635e88f,多谓词/论元结构,连动结构候选,是目标语法点,是目标语法点,1,0.9961816072463989,0,candidate:连动结构候选;family:多谓词/论元结构
2027,ASGD-2027-2923,e4c5caca7a5eacaf,时间/处所功能结构,处所状语候选,不是目标语法点,不是目标语法点,1,0.9971528053283691,0,candidate:处所状语候选;family:时间/处所功能结构;rule:KG-RULE-V02-0039;rule:KG-RULE-V02-0040;rule:KG-RULE-V02-0041;source:REF-GF0025-2021;source:REF-GRAMMAR-MANUAL-ELEM;source:REF-GRAMMAR-MANUAL-INTER;source:REF-HUANG-LIAO-MODERN-CHINESE
2027,ASGD-2027-2926,7a366031a7153008,多谓词/论元结构,连动结构候选,是目标语法点,是目标语法点,1,0.9951292276382446,0,candidate:连动结构候选;family:多谓词/论元结构
2027,ASGD-2027-2931,8af4c257226f1d4b,被动/受事凸显构式,被字句候选,是目标语法点,是目标语法点,1,0.9972454309463501,0,candidate:被字句候选;family:被动/受事凸显构式;rule:KG-RULE-V02-0022;rule:KG-RULE-V02-0024;source:REF-GF0025-2021;source:REF-GRAMMAR-MANUAL-ADV;source:REF-GRAMMAR-MANUAL-ELEM;source:REF-GRAMMAR-MANUAL-INTER;source:REF-LIU-PRACTICAL-GRAMMAR;source:REF-LU-TCSL-GRAMMAR
2027,ASGD-2027-2932,c4dbb27b9e9ccd17,比较构式,没有比较候选,不是目标语法点,不是目标语法点,1,0.9989972710609436,0,candidate:没有比较候选;family:比较构式;rule:KG-RULE-V02-0059;rule:KG-RULE-V02-0060;rule:KG-RULE-V02-0061;source:REF-GF0025-2021;source:REF-GRAMMAR-MANUAL-ADV;source:REF-GRAMMAR-MANUAL-ELEM;source:REF-GRAMMAR-MANUAL-INTER;source:REF-LIU-PRACTICAL-GRAMMAR
2027,ASGD-2027-2939,7298f435d567bd8b,时间/处所功能结构,处所状语候选,是目标语法点,是目标语法点,1,0.9952278137207031,0,candidate:处所状语候选;family:时间/处所功能结构;rule:KG-RULE-V02-0042;source:REF-GF0025-2021;source:REF-GRAMMAR-MANUAL-ELEM;source:REF-GRAMMAR-MANUAL-INTER;source:REF-HUANG-LIAO-MODERN-CHINESE
2027,ASGD-2027-2943,fa1550a47e5da406,时间/处所功能结构,时间状语候选,是目标语法点,是目标语法点,1,0.997665524482727,0,candidate:时间状语候选;family:时间/处所功能结构;rule:KG-RULE-V02-0030;rule:KG-RULE-V02-0031;rule:KG-RULE-V02-0032;source:REF-GF0025-2021;source:REF-GRAMMAR-MANUAL-ADV;source:REF-GRAMMAR-MANUAL-ELEM;source:REF-GRAMMAR-MANUAL-INTER;source:REF-HUANG-LIAO-MODERN-CHINESE
2027,ASGD-2027-2944,1c2856c867b6b2eb,补语结构,得字补语候选,是目标语法点,是目标语法点,1,0.9780363440513611,0,candidate:得字补语候选;family:补语结构;rule:KG-RULE-V02-0047;rule:KG-RULE-V02-0049;source:REF-GF0025-2021;source:REF-GRAMMAR-MANUAL-ADV;source:REF-GRAMMAR-MANUAL-ELEM;source:REF-GRAMMAR-MANUAL-INTER;source:REF-HUANG-LIAO-MODERN-CHINESE;source:REF-LIU-PRACTICAL-GRAMMAR
2027,ASGD-2027-2945,c146808f423bb80f,时间/处所功能结构,时间状语候选,是目标语法点,是目标语法点,1,0.9976156949996948,0,candidate:时间状语候选;family:时间/处所功能结构;rule:KG-RULE-V02-0033;source:REF-GF0025-2021;source:REF-GRAMMAR-MANUAL-ADV;source:REF-GRAMMAR-MANUAL-ELEM;source:REF-GRAMMAR-MANUAL-INTER;source:REF-HUANG-LIAO-MODERN-CHINESE
2027,ASGD-2027-2950,19cff314df59fc2b,时间/处所功能结构,处所状语候选,是目标语法点,是目标语法点,1,0.9939208030700684,0,candidate:处所状语候选;family:时间/处所功能结构;rule:KG-RULE-V02-0042;source:REF-GF0025-2021;source:REF-GRAMMAR-MANUAL-ELEM;source:REF-GRAMMAR-MANUAL-INTER;source:REF-HUANG-LIAO-MODERN-CHINESE
2027,ASGD-2027-2953,084c199900b0e512,被动/受事凸显构式,被字句候选,是目标语法点,是目标语法点,1,0.9966740608215332,0,candidate:被字句候选;family:被动/受事凸显构式;rule:KG-RULE-V02-0022;rule:KG-RULE-V02-0024;source:REF-GF0025-2021;source:REF-GRAMMAR-MANUAL-ADV;source:REF-GRAMMAR-MANUAL-ELEM;source:REF-GRAMMAR-MANUAL-INTER;source:REF-LIU-PRACTICAL-GRAMMAR;source:REF-LU-TCSL-GRAMMAR
2027,ASGD-2027-2955,8abb8823c92f2608,介词/框架结构,给/为/关于等介词框架候选,是目标语法点,是目标语法点,1,0.9973588585853577,0,candidate:给/为/关于等介词框架候选;family:介词/框架结构;rule:KG-RULE-V02-0135;rule:KG-RULE-V02-0136;rule:KG-RULE-V02-0137;source:REF-GF0025-2021;source:REF-GRAMMAR-MANUAL-ADV;source:REF-GRAMMAR-MANUAL-ELEM;source:REF-GRAMMAR-MANUAL-INTER;source:REF-HUANG-LIAO-MODERN-CHINESE;source:REF-LU-TCSL-GRAMMAR
2027,ASGD-2027-2956,680adb1b262e7b7c,介词/框架结构,在字介词框架候选,是目标语法点,是目标语法点,1,0.9963613152503967,0,candidate:在字介词框架候选;family:介词/框架结构;rule:KG-RULE-V02-0099;rule:KG-RULE-V02-0100;rule:KG-RULE-V02-0101;source:REF-GF0025-2021;source:REF-GRAMMAR-MANUAL-ADV;source:REF-GRAMMAR-MANUAL-ELEM;source:REF-GRAMMAR-MANUAL-INTER;source:REF-HUANG-LIAO-MODERN-CHINESE;source:REF-LU-TCSL-GRAMMAR
2027,ASGD-2027-2960,b2517e0889a81a88,复句关联结构,只要候选,是目标语法点,是目标语法点,1,0.9976843595504761,0,candidate:只要候选;family:复句关联结构
2027,ASGD-2027-2969,32ac51de8f775b2b,介词/框架结构,对字介词框架候选,是目标语法点,是目标语法点,1,0.9976662397384644,0,candidate:对字介词框架候选;family:介词/框架结构;rule:KG-RULE-V02-0115;rule:KG-RULE-V02-0116;rule:KG-RULE-V02-0117;source:REF-GF0025-2021;source:REF-GRAMMAR-MANUAL-ADV;source:REF-GRAMMAR-MANUAL-ELEM;source:REF-GRAMMAR-MANUAL-INTER;source:REF-HUANG-LIAO-MODERN-CHINESE;source:REF-LU-TCSL-GRAMMAR
2027,ASGD-2027-2970,57b71fa9562abe8b,补语结构,数量/时量补语候选,是目标语法点,是目标语法点,1,0.9966503977775574,0,candidate:数量/时量补语候选;family:补语结构
2027,ASGD-2027-2973,765834fe2adbe963,时间/处所功能结构,时间状语候选,是目标语法点,是目标语法点,1,0.9974933862686157,0,candidate:时间状语候选;family:时间/处所功能结构;rule:KG-RULE-V02-0030;rule:KG-RULE-V02-0031;rule:KG-RULE-V02-0032;source:REF-GF0025-2021;source:REF-GRAMMAR-MANUAL-ADV;source:REF-GRAMMAR-MANUAL-ELEM;source:REF-GRAMMAR-MANUAL-INTER;source:REF-HUANG-LIAO-MODERN-CHINESE
2027,ASGD-2027-2978,b598f1e3cbd2f6da,多谓词/论元结构,双宾/给予结构候选,是目标语法点,是目标语法点,1,0.9967774748802185,0,candidate:双宾/给予结构候选;family:多谓词/论元结构
2027,ASGD-2027-2980,89b61f90fb0ba001,时间/处所功能结构,处所状语候选,是目标语法点,是目标语法点,1,0.9956743121147156,0,candidate:处所状语候选;family:时间/处所功能结构;rule:KG-RULE-V02-0039;rule:KG-RULE-V02-0040;rule:KG-RULE-V02-0041;source:REF-GF0025-2021;source:REF-GRAMMAR-MANUAL-ELEM;source:REF-GRAMMAR-MANUAL-INTER;source:REF-HUANG-LIAO-MODERN-CHINESE
2027,ASGD-2027-2981,f400327b586d8186,处置/受事重组构式,把字句候选,是目标语法点,是目标语法点,1,0.9965502023696899,0,candidate:把字句候选;family:处置/受事重组构式;rule:KG-RULE-V02-0001;rule:KG-RULE-V02-0002;rule:KG-RULE-V02-0003;source:REF-GF0025-2021;source:REF-GRAMMAR-MANUAL-ELEM;source:REF-GRAMMAR-MANUAL-INTER;source:REF-LIU-PRACTICAL-GRAMMAR;source:REF-LU-TCSL-GRAMMAR
2027,ASGD-2027-2983,b1ac56e7d9934d6e,介词/框架结构,在字介词框架候选,是目标语法点,是目标语法点,1,0.9965295195579529,0,candidate:在字介词框架候选;family:介词/框架结构;rule:KG-RULE-V02-0099;rule:KG-RULE-V02-0100;rule:KG-RULE-V02-0101;source:REF-GF0025-2021;source:REF-GRAMMAR-MANUAL-ADV;source:REF-GRAMMAR-MANUAL-ELEM;source:REF-GRAMMAR-MANUAL-INTER;source:REF-HUANG-LIAO-MODERN-CHINESE;source:REF-LU-TCSL-GRAMMAR
